{
  "ADE": 0.0017204729374498129,
  "FDE": 0.0,
  "RMSE": 0.004092211369425058,
  "experiment_id": "span20_random_seed42",
  "masked_ADE": 0.008602363988757133,
  "masked_RMSE": 0.009150464087724686,
  "method_name": "linear_interp",
  "num_samples": 36073,
  "sequence_length": 20
}