metric,real_mean,gen_mean,real_std,gen_std,real_median,gen_median,real_q10,gen_q10,real_q90,gen_q90,mean_ratio_gen_over_real,std_ratio_gen_over_real
step_norm_all,0.267643,0.259559,0.181326,0.167331,0.264414,0.243686,0.018228,0.047438,0.504691,0.496547,0.969796,0.922817
avg_speed,0.267643,0.259559,0.165175,0.131477,0.257959,0.237644,0.047254,0.099722,0.487699,0.447001,0.969797,0.795984
total_length,5.085209,4.931619,3.138323,2.498055,4.901214,4.515229,0.897828,1.894709,9.266287,8.493013,0.969797,0.795984
endpoint_displacement,4.852273,4.133618,3.152350,2.658056,4.599544,3.666559,0.672422,1.098813,9.114501,8.041080,0.851893,0.843198
moving_ratio_global,0.898183,0.979441,0.252238,0.059387,1.000000,1.000000,0.473684,0.947368,1.000000,1.000000,1.090468,0.235442
propulsion_ratio,0.927280,0.796582,0.129429,0.212204,0.975040,0.881924,0.806641,0.476540,0.997064,0.985739,0.859052,1.639537
acc_rms,0.046971,0.067399,0.028177,0.023568,0.043216,0.063905,0.018778,0.040481,0.077469,0.098640,1.434910,0.836410
