metric,real_mean,gen_mean,real_std,gen_std,real_median,gen_median,real_q10,gen_q10,real_q90,gen_q90,mean_ratio_gen_over_real,std_ratio_gen_over_real
step_norm_all,0.328220,0.304681,0.156690,0.154021,0.327603,0.297216,0.122032,0.104511,0.524123,0.513484,0.928284,0.982970
avg_speed,0.328220,0.304681,0.135084,0.115919,0.318897,0.293372,0.155074,0.164341,0.508050,0.464126,0.928284,0.858128
total_length,6.236176,5.788945,2.566587,2.202462,6.059034,5.574072,2.946410,3.122473,9.652952,8.818389,0.928284,0.858128
endpoint_displacement,5.980539,4.838770,2.635707,2.583796,5.753386,4.382043,2.668038,1.687152,9.500957,8.554261,0.809086,0.980305
moving_ratio_global,0.898887,0.869963,0.177121,0.188012,1.000000,1.000000,0.578947,0.631579,1.000000,1.000000,0.967823,1.061494
propulsion_ratio,0.947851,0.802788,0.095055,0.220543,0.979110,0.893345,0.874903,0.467627,0.996812,0.990343,0.846955,2.320170
acc_rms,0.051887,0.071951,0.027227,0.023773,0.047283,0.067919,0.025461,0.045218,0.081313,0.105138,1.386700,0.873135
