metric,real_mean,gen_mean,real_std,gen_std,real_median,gen_median,real_q10,gen_q10,real_q90,gen_q90,mean_ratio_gen_over_real,std_ratio_gen_over_real
step_norm_all,0.297809,0.257391,0.169263,0.147622,0.295434,0.238444,0.060806,0.076128,0.515072,0.467686,0.864282,0.872149
avg_speed,0.297809,0.257391,0.149933,0.111112,0.288647,0.244217,0.103042,0.126954,0.496821,0.423345,0.864282,0.741080
total_length,5.658366,4.890422,2.848725,2.111132,5.484285,4.640126,1.957789,2.412123,9.439590,8.043548,0.864282,0.741080
endpoint_displacement,5.406358,3.993245,2.899876,2.395923,5.178068,3.541207,1.677124,1.170283,9.287703,7.612684,0.738620,0.826216
moving_ratio_global,0.898228,0.926398,0.201262,0.125878,1.000000,1.000000,0.526316,0.736842,1.000000,1.000000,1.031362,0.625442
propulsion_ratio,0.936432,0.774252,0.114091,0.231158,0.976247,0.874866,0.841869,0.390470,0.996548,0.985946,0.826810,2.026092
acc_rms,0.050731,0.069622,0.027135,0.023041,0.045872,0.065727,0.024890,0.043307,0.079625,0.101170,1.372372,0.849146
