metric,real_mean,gen_mean,real_std,gen_std,real_median,gen_median,real_q10,gen_q10,real_q90,gen_q90,mean_ratio_gen_over_real,std_ratio_gen_over_real
step_norm_all,0.297809,0.289011,0.169263,0.157035,0.295434,0.275142,0.060806,0.089642,0.515072,0.509304,0.970459,0.927761
avg_speed,0.297809,0.289011,0.149933,0.118595,0.288647,0.272177,0.103042,0.147164,0.496821,0.462489,0.970459,0.790984
total_length,5.658366,5.491211,2.848725,2.253297,5.484285,5.171370,1.957789,2.796117,9.439590,8.787288,0.970459,0.790984
endpoint_displacement,5.406358,4.557442,2.899876,2.566258,5.178068,4.187465,1.677124,1.394434,9.287703,8.374203,0.842978,0.884954
moving_ratio_global,0.898228,0.945724,0.201262,0.109976,1.000000,1.000000,0.526316,0.789474,1.000000,1.000000,1.052878,0.546432
propulsion_ratio,0.936432,0.791754,0.114091,0.222171,0.976247,0.889801,0.841869,0.433984,0.996548,0.985988,0.845500,1.947317
acc_rms,0.050731,0.073396,0.027135,0.021877,0.045872,0.069338,0.024890,0.047555,0.079625,0.101524,1.446770,0.806246
