metric,real_mean,gen_mean,real_std,gen_std,real_median,gen_median,real_q10,gen_q10,real_q90,gen_q90,mean_ratio_gen_over_real,std_ratio_gen_over_real
step_norm_all,0.297809,0.269658,0.169263,0.152505,0.295434,0.254374,0.060806,0.079081,0.515072,0.482902,0.905473,0.900997
avg_speed,0.297809,0.269658,0.149933,0.116307,0.288647,0.253253,0.103042,0.134514,0.496821,0.432927,0.905473,0.775729
total_length,5.658366,5.123499,2.848725,2.209839,5.484285,4.811804,1.957789,2.555765,9.439590,8.225609,0.905473,0.775729
endpoint_displacement,5.406358,4.196196,2.899876,2.481568,5.178068,3.818008,1.677124,1.275767,9.287703,7.744108,0.776159,0.855750
moving_ratio_global,0.898228,0.933799,0.201262,0.125518,1.000000,1.000000,0.526316,0.789474,1.000000,1.000000,1.039602,0.623651
propulsion_ratio,0.936432,0.779222,0.114091,0.220972,0.976247,0.870691,0.841869,0.441776,0.996548,0.983854,0.832118,1.936808
acc_rms,0.050731,0.072424,0.027135,0.024630,0.045872,0.067642,0.024890,0.043828,0.079625,0.105393,1.427611,0.907683
