metric,real_mean,gen_mean,real_std,gen_std,real_median,gen_median,real_q10,gen_q10,real_q90,gen_q90,mean_ratio_gen_over_real,std_ratio_gen_over_real
step_norm_all,0.328220,0.295277,0.156690,0.155748,0.327603,0.284952,0.122032,0.097473,0.524123,0.511828,0.899632,0.993989
avg_speed,0.328220,0.295277,0.135084,0.116773,0.318897,0.280832,0.155074,0.153985,0.508050,0.459049,0.899632,0.864453
total_length,6.236176,5.610265,2.566587,2.218694,6.059034,5.335816,2.946410,2.925713,9.652952,8.721937,0.899632,0.864453
endpoint_displacement,5.980539,4.605300,2.635707,2.619732,5.753386,4.309325,2.668038,1.371614,9.500957,8.405692,0.770048,0.993939
moving_ratio_global,0.898887,0.853104,0.177121,0.196746,1.000000,0.947368,0.578947,0.578947,1.000000,1.000000,0.949068,1.110801
propulsion_ratio,0.947851,0.781786,0.095055,0.238411,0.979110,0.891215,0.874903,0.408911,0.996812,0.988385,0.824798,2.508146
acc_rms,0.051887,0.072182,0.027227,0.025382,0.047283,0.066591,0.025461,0.044578,0.081313,0.106522,1.391146,0.932213
