metric,real_mean,gen_mean,real_std,gen_std,real_median,gen_median,real_q10,gen_q10,real_q90,gen_q90,mean_ratio_gen_over_real,std_ratio_gen_over_real
step_norm_all,0.328220,0.296924,0.156690,0.151595,0.327603,0.289074,0.122032,0.100029,0.524123,0.505440,0.904651,0.967488
avg_speed,0.328220,0.296924,0.135084,0.112966,0.318897,0.285807,0.155074,0.160963,0.508050,0.461737,0.904651,0.836265
total_length,6.236176,5.641562,2.566587,2.146348,6.059034,5.430336,2.946410,3.058298,9.652952,8.773011,0.904651,0.836265
endpoint_displacement,5.980539,4.647829,2.635707,2.579488,5.753386,4.360460,2.668038,1.367786,9.500957,8.309163,0.777159,0.978670
moving_ratio_global,0.898887,0.859067,0.177121,0.191777,1.000000,0.947368,0.578947,0.578947,1.000000,1.000000,0.955701,1.082748
propulsion_ratio,0.947851,0.784369,0.095055,0.240514,0.979110,0.896998,0.874903,0.377140,0.996812,0.989139,0.827523,2.530275
acc_rms,0.051887,0.070452,0.027227,0.022564,0.047283,0.067034,0.025461,0.043739,0.081313,0.100554,1.357811,0.828747
