metric,real_mean,gen_mean,real_std,gen_std,real_median,gen_median,real_q10,gen_q10,real_q90,gen_q90,mean_ratio_gen_over_real,std_ratio_gen_over_real
step_norm_all,0.241194,0.227380,0.189435,0.166166,0.233449,0.204001,0.006471,0.026194,0.496139,0.466770,0.942728,0.877164
avg_speed,0.241194,0.227380,0.175639,0.129435,0.230006,0.212837,0.008275,0.072502,0.478425,0.423979,0.942728,0.736942
total_length,4.582688,4.320226,3.337133,2.459274,4.370111,4.043910,0.157228,1.377546,9.090078,8.055596,0.942727,0.736942
endpoint_displacement,4.372882,3.619610,3.318358,2.511417,4.101030,3.045703,0.141720,0.770479,8.947489,7.391881,0.827740,0.756825
moving_ratio_global,0.897918,0.992701,0.288615,0.028973,1.000000,1.000000,0.473684,1.000000,1.000000,1.000000,1.105560,0.100386
propulsion_ratio,0.932410,0.795216,0.126672,0.203312,0.978716,0.878514,0.818072,0.472853,0.999063,0.981604,0.852861,1.605028
acc_rms,0.042321,0.067134,0.030154,0.025839,0.040234,0.063884,0.000295,0.036396,0.075341,0.099418,1.586330,0.856877
