metric,real_mean,gen_mean,real_std,gen_std,real_median,gen_median,real_q10,gen_q10,real_q90,gen_q90,mean_ratio_gen_over_real,std_ratio_gen_over_real
step_norm_all,0.267643,0.236175,0.181326,0.161636,0.264414,0.218006,0.018228,0.039692,0.504691,0.468517,0.882428,0.891411
avg_speed,0.267643,0.236175,0.165175,0.125213,0.257959,0.215880,0.047254,0.086697,0.487699,0.417438,0.882428,0.758064
total_length,5.085209,4.487332,3.138323,2.379051,4.901214,4.101712,0.897828,1.647238,9.266287,7.931329,0.882428,0.758064
endpoint_displacement,4.852273,3.751536,3.152350,2.521920,4.599544,3.264650,0.672422,0.823961,9.114501,7.479167,0.773150,0.800013
moving_ratio_global,0.898183,0.971423,0.252238,0.070130,1.000000,1.000000,0.473684,0.894737,1.000000,1.000000,1.081541,0.278033
propulsion_ratio,0.927280,0.790761,0.129429,0.217242,0.975040,0.877408,0.806641,0.443878,0.997064,0.986723,0.852775,1.678460
acc_rms,0.046971,0.065681,0.028177,0.023120,0.043216,0.062505,0.018778,0.038413,0.077469,0.097104,1.398343,0.820522
