metric,real_mean,gen_mean,real_std,gen_std,real_median,gen_median,real_q10,gen_q10,real_q90,gen_q90,mean_ratio_gen_over_real,std_ratio_gen_over_real
step_norm_all,0.328220,0.286771,0.156690,0.148304,0.327603,0.277778,0.122032,0.095748,0.524123,0.494513,0.873717,0.946480
avg_speed,0.328220,0.286771,0.135084,0.110251,0.318897,0.275414,0.155074,0.151979,0.508050,0.442363,0.873717,0.816171
total_length,6.236176,5.448656,2.566587,2.094776,6.059034,5.232867,2.946410,2.887594,9.652952,8.404899,0.873717,0.816172
endpoint_displacement,5.980539,4.464559,2.635707,2.477920,5.753386,4.196590,2.668038,1.400369,9.500957,7.937378,0.746514,0.940135
moving_ratio_global,0.898887,0.848376,0.177121,0.198322,1.000000,0.947368,0.578947,0.578947,1.000000,1.000000,0.943807,1.119700
propulsion_ratio,0.947851,0.781955,0.095055,0.229407,0.979110,0.875483,0.874903,0.421154,0.996812,0.985959,0.824976,2.413417
acc_rms,0.051887,0.073707,0.027227,0.021836,0.047283,0.069742,0.025461,0.047376,0.081313,0.102595,1.420538,0.801979
