metric,real_mean,gen_mean,real_std,gen_std,real_median,gen_median,real_q10,gen_q10,real_q90,gen_q90,mean_ratio_gen_over_real,std_ratio_gen_over_real
step_norm_all,0.241194,0.232994,0.189435,0.167658,0.233449,0.212905,0.006471,0.029351,0.496139,0.473319,0.966001,0.885040
avg_speed,0.241194,0.232994,0.175639,0.130854,0.230006,0.220148,0.008275,0.070577,0.478425,0.420079,0.966001,0.745018
total_length,4.582688,4.426880,3.337133,2.486224,4.370111,4.182817,0.157228,1.340965,9.090078,7.981502,0.966001,0.745018
endpoint_displacement,4.372882,3.680765,3.318358,2.540350,4.101030,3.158246,0.141720,0.821616,8.947489,7.558075,0.841725,0.765544
moving_ratio_global,0.897918,0.993010,0.288615,0.026210,1.000000,1.000000,0.473684,1.000000,1.000000,1.000000,1.105903,0.090811
propulsion_ratio,0.932410,0.789897,0.126672,0.209112,0.978716,0.875041,0.818072,0.449960,0.999063,0.981176,0.847156,1.650818
acc_rms,0.042321,0.069908,0.030154,0.026895,0.040234,0.066646,0.000295,0.037167,0.075341,0.106794,1.651878,0.891896
