degradation,conditional_source,delta0_label,delta0,gamma,method,confidence_bin,N_frames,ADE_mean,ADE_std,ADE_median,ADE_min,ADE_max,ADE_p25,ADE_p75
gaussian_medium,archived_original,default,0.0588282532989978,1,noisy,high,334,0.014083260558071563,0.004760466517190648,0.014847654849290848,0.0016955116298049688,0.020977450534701347,0.010835865279659629,0.01817986322566867
gaussian_medium,archived_original,default,0.0588282532989978,1,noisy,mid,2177,0.046816306528376504,0.013633796246372306,0.04701489582657814,0.020996328443288803,0.07079875469207764,0.03567871078848839,0.05810961127281189
gaussian_medium,archived_original,default,0.0588282532989978,1,noisy,low,1489,0.09646969591814691,0.02066272577507897,0.09200888127088547,0.07085633277893066,0.19743014872074127,0.0800308883190155,0.10734082013368607
gaussian_medium,archived_original,default,0.0588282532989978,1,cond_residual_t20,high,334,0.04417739396644366,0.02721289560911999,0.04004107043147087,0.002704634563997388,0.1522614061832428,0.022586079314351082,0.06040470115840435
gaussian_medium,archived_original,default,0.0588282532989978,1,cond_residual_t20,mid,2177,0.048852670337678844,0.02712653963787851,0.044759027659893036,0.0012107033981010318,0.1879103034734726,0.02906077541410923,0.06403913348913193
gaussian_medium,archived_original,default,0.0588282532989978,1,cond_residual_t20,low,1489,0.06828348056236226,0.03467143366215673,0.06551266461610794,0.004111028276383877,0.23924212157726288,0.04302865266799927,0.08935236185789108
gaussian_medium,archived_original,default,0.0588282532989978,1,gamma_1,high,334,0.015238317256322142,0.008353647372929464,0.01462451322004199,0.001018577953800559,0.042129404842853546,0.008956501493230462,0.020368427503854036
gaussian_medium,archived_original,default,0.0588282532989978,1,gamma_1,mid,2177,0.03897941186936952,0.019784942867534884,0.03669390454888344,0.0008204734767787158,0.14442692697048187,0.02446834184229374,0.05115699768066406
gaussian_medium,archived_original,default,0.0588282532989978,1,gamma_1,low,1489,0.06923709337160497,0.03126234588573226,0.06729498505592346,0.003310434753075242,0.23086407780647278,0.04804984852671623,0.08761590719223022
gaussian_medium,archived_original,default,0.0588282532989978,2,noisy,high,334,0.014083260558071563,0.004760466517190648,0.014847654849290848,0.0016955116298049688,0.020977450534701347,0.010835865279659629,0.01817986322566867
gaussian_medium,archived_original,default,0.0588282532989978,2,noisy,mid,2177,0.046816306528376504,0.013633796246372306,0.04701489582657814,0.020996328443288803,0.07079875469207764,0.03567871078848839,0.05810961127281189
gaussian_medium,archived_original,default,0.0588282532989978,2,noisy,low,1489,0.09646969591814691,0.02066272577507897,0.09200888127088547,0.07085633277893066,0.19743014872074127,0.0800308883190155,0.10734082013368607
gaussian_medium,archived_original,default,0.0588282532989978,2,cond_residual_t20,high,334,0.04417739396644366,0.02721289560911999,0.04004107043147087,0.002704634563997388,0.1522614061832428,0.022586079314351082,0.06040470115840435
gaussian_medium,archived_original,default,0.0588282532989978,2,cond_residual_t20,mid,2177,0.048852670337678844,0.02712653963787851,0.044759027659893036,0.0012107033981010318,0.1879103034734726,0.02906077541410923,0.06403913348913193
gaussian_medium,archived_original,default,0.0588282532989978,2,cond_residual_t20,low,1489,0.06828348056236226,0.03467143366215673,0.06551266461610794,0.004111028276383877,0.23924212157726288,0.04302865266799927,0.08935236185789108
gaussian_medium,archived_original,default,0.0588282532989978,2,gamma_2,high,334,0.013816299992906275,0.004900429220124622,0.014301788061857224,0.0016783777391538024,0.025965340435504913,0.010235479567199945,0.0173209048807621
gaussian_medium,archived_original,default,0.0588282532989978,2,gamma_2,mid,2177,0.040181353944920596,0.01497192889839017,0.038054876029491425,0.004762489814311266,0.11616041511297226,0.028789939358830452,0.04966207221150398
gaussian_medium,archived_original,default,0.0588282532989978,2,gamma_2,low,1489,0.07233597567449453,0.027429923921677375,0.07026161253452301,0.002940567908808589,0.22322151064872742,0.05396055430173874,0.08776786923408508
gaussian_medium,archived_original,default,0.0588282532989978,3,noisy,high,334,0.014083260558071563,0.004760466517190648,0.014847654849290848,0.0016955116298049688,0.020977450534701347,0.010835865279659629,0.01817986322566867
gaussian_medium,archived_original,default,0.0588282532989978,3,noisy,mid,2177,0.046816306528376504,0.013633796246372306,0.04701489582657814,0.020996328443288803,0.07079875469207764,0.03567871078848839,0.05810961127281189
gaussian_medium,archived_original,default,0.0588282532989978,3,noisy,low,1489,0.09646969591814691,0.02066272577507897,0.09200888127088547,0.07085633277893066,0.19743014872074127,0.0800308883190155,0.10734082013368607
gaussian_medium,archived_original,default,0.0588282532989978,3,cond_residual_t20,high,334,0.04417739396644366,0.02721289560911999,0.04004107043147087,0.002704634563997388,0.1522614061832428,0.022586079314351082,0.06040470115840435
gaussian_medium,archived_original,default,0.0588282532989978,3,cond_residual_t20,mid,2177,0.048852670337678844,0.02712653963787851,0.044759027659893036,0.0012107033981010318,0.1879103034734726,0.02906077541410923,0.06403913348913193
gaussian_medium,archived_original,default,0.0588282532989978,3,cond_residual_t20,low,1489,0.06828348056236226,0.03467143366215673,0.06551266461610794,0.004111028276383877,0.23924212157726288,0.04302865266799927,0.08935236185789108
gaussian_medium,archived_original,default,0.0588282532989978,3,gamma_3,high,334,0.013985596332297533,0.004697595123727431,0.014752499293535948,0.0016950445715337992,0.02204352430999279,0.01073798630386591,0.0179274114780128
gaussian_medium,archived_original,default,0.0588282532989978,3,gamma_3,mid,2177,0.04242620268835762,0.012726107140790055,0.0413924865424633,0.018510842695832253,0.09797261655330658,0.03275261074304581,0.050811801105737686
gaussian_medium,archived_original,default,0.0588282532989978,3,gamma_3,low,1489,0.07587425695022955,0.023878323062855297,0.07301133126020432,0.01428566500544548,0.2162497341632843,0.0603327751159668,0.08838056027889252
gaussian_medium,archived_original,default,0.0588282532989978,4,noisy,high,334,0.014083260558071563,0.004760466517190648,0.014847654849290848,0.0016955116298049688,0.020977450534701347,0.010835865279659629,0.01817986322566867
gaussian_medium,archived_original,default,0.0588282532989978,4,noisy,mid,2177,0.046816306528376504,0.013633796246372306,0.04701489582657814,0.020996328443288803,0.07079875469207764,0.03567871078848839,0.05810961127281189
gaussian_medium,archived_original,default,0.0588282532989978,4,noisy,low,1489,0.09646969591814691,0.02066272577507897,0.09200888127088547,0.07085633277893066,0.19743014872074127,0.0800308883190155,0.10734082013368607
gaussian_medium,archived_original,default,0.0588282532989978,4,cond_residual_t20,high,334,0.04417739396644366,0.02721289560911999,0.04004107043147087,0.002704634563997388,0.1522614061832428,0.022586079314351082,0.06040470115840435
gaussian_medium,archived_original,default,0.0588282532989978,4,cond_residual_t20,mid,2177,0.048852670337678844,0.02712653963787851,0.044759027659893036,0.0012107033981010318,0.1879103034734726,0.02906077541410923,0.06403913348913193
gaussian_medium,archived_original,default,0.0588282532989978,4,cond_residual_t20,low,1489,0.06828348056236226,0.03467143366215673,0.06551266461610794,0.004111028276383877,0.23924212157726288,0.04302865266799927,0.08935236185789108
gaussian_medium,archived_original,default,0.0588282532989978,4,gamma_4,high,334,0.014055333682335913,0.004735072909558016,0.014821373391896486,0.0016955116298049688,0.021267594769597054,0.010783096309751272,0.01807215018197894
gaussian_medium,archived_original,default,0.0588282532989978,4,gamma_4,mid,2177,0.04401815439059776,0.012254556310256038,0.04407810419797897,0.020255787298083305,0.0872681736946106,0.034667909145355225,0.05250818654894829
gaussian_medium,archived_original,default,0.0588282532989978,4,gamma_4,low,1489,0.07912300864223308,0.021094927671685935,0.07568547129631042,0.02879379875957966,0.20989000797271729,0.06508634984493256,0.08981842547655106
gaussian_medium,archived_original,fixed_0.02,0.02,1,noisy,high,37,0.005147957438099626,0.0015364130452185996,0.0057406947016716,0.0016955116298049688,0.007079666946083307,0.003779937280341983,0.006517678964883089
gaussian_medium,archived_original,fixed_0.02,0.02,1,noisy,mid,400,0.017097979376558214,0.004585163682649909,0.017698667012155056,0.007150203455239534,0.02406563051044941,0.013358427910134196,0.02102242223918438
gaussian_medium,archived_original,fixed_0.02,0.02,1,noisy,low,3563,0.068267364407791,0.02907196681092877,0.0636676698923111,0.02408016100525856,0.19743014872074127,0.04512957111001015,0.087156742811203
gaussian_medium,archived_original,fixed_0.02,0.02,1,cond_residual_t20,high,37,0.037377989146153666,0.020114269018717393,0.03491566330194473,0.00617403956130147,0.08774104714393616,0.022758372128009796,0.046815335750579834
gaussian_medium,archived_original,fixed_0.02,0.02,1,cond_residual_t20,mid,400,0.04484717663726769,0.02645283388218115,0.04056139849126339,0.0012751675676554441,0.1522614061832428,0.0242421249859035,0.06045431736856699
gaussian_medium,archived_original,fixed_0.02,0.02,1,cond_residual_t20,low,3563,0.057103496832433806,0.032050298749121554,0.05236388370394707,0.0012107033981010318,0.23924212157726288,0.033410634845495224,0.07534497603774071
gaussian_medium,archived_original,fixed_0.02,0.02,1,gamma_1,high,37,0.009418107875987786,0.00534950564594735,0.008611626923084259,0.000757883710321039,0.026959853246808052,0.00617403956130147,0.012554586865007877
gaussian_medium,archived_original,fixed_0.02,0.02,1,gamma_1,mid,400,0.027184826925804373,0.01584290715952184,0.02430757600814104,0.0012035247636958957,0.08436768501996994,0.01603120332583785,0.036493247374892235
gaussian_medium,archived_original,fixed_0.02,0.02,1,gamma_1,low,3563,0.05506403691155866,0.031619407553930765,0.0500202514231205,0.0009373320499435067,0.23916882276535034,0.03162802942097187,0.07295357808470726
gaussian_medium,archived_original,fixed_0.02,0.02,2,noisy,high,37,0.005147957438099626,0.0015364130452185996,0.0057406947016716,0.0016955116298049688,0.007079666946083307,0.003779937280341983,0.006517678964883089
gaussian_medium,archived_original,fixed_0.02,0.02,2,noisy,mid,400,0.017097979376558214,0.004585163682649909,0.017698667012155056,0.007150203455239534,0.02406563051044941,0.013358427910134196,0.02102242223918438
gaussian_medium,archived_original,fixed_0.02,0.02,2,noisy,low,3563,0.068267364407791,0.02907196681092877,0.0636676698923111,0.02408016100525856,0.19743014872074127,0.04512957111001015,0.087156742811203
gaussian_medium,archived_original,fixed_0.02,0.02,2,cond_residual_t20,high,37,0.037377989146153666,0.020114269018717393,0.03491566330194473,0.00617403956130147,0.08774104714393616,0.022758372128009796,0.046815335750579834
gaussian_medium,archived_original,fixed_0.02,0.02,2,cond_residual_t20,mid,400,0.04484717663726769,0.02645283388218115,0.04056139849126339,0.0012751675676554441,0.1522614061832428,0.0242421249859035,0.06045431736856699
gaussian_medium,archived_original,fixed_0.02,0.02,2,cond_residual_t20,low,3563,0.057103496832433806,0.032050298749121554,0.05236388370394707,0.0012107033981010318,0.23924212157726288,0.033410634845495224,0.07534497603774071
gaussian_medium,archived_original,fixed_0.02,0.02,2,gamma_2,high,37,0.00526986805709532,0.0019246665334264337,0.004803929943591356,0.0015559615567326546,0.01102654542773962,0.004131547175347805,0.006187559571117163
gaussian_medium,archived_original,fixed_0.02,0.02,2,gamma_2,mid,400,0.019460214647551766,0.01085953140208898,0.017416195012629032,0.0009144815267063677,0.05709981173276901,0.011322815669700503,0.025867582764476538
gaussian_medium,archived_original,fixed_0.02,0.02,2,gamma_2,low,3563,0.053598272158975245,0.031394437717272856,0.04835278168320656,0.00029388797702267766,0.2390957623720169,0.030396023765206337,0.07155444100499153
gaussian_medium,archived_original,fixed_0.02,0.02,3,noisy,high,37,0.005147957438099626,0.0015364130452185996,0.0057406947016716,0.0016955116298049688,0.007079666946083307,0.003779937280341983,0.006517678964883089
gaussian_medium,archived_original,fixed_0.02,0.02,3,noisy,mid,400,0.017097979376558214,0.004585163682649909,0.017698667012155056,0.007150203455239534,0.02406563051044941,0.013358427910134196,0.02102242223918438
gaussian_medium,archived_original,fixed_0.02,0.02,3,noisy,low,3563,0.068267364407791,0.02907196681092877,0.0636676698923111,0.02408016100525856,0.19743014872074127,0.04512957111001015,0.087156742811203
gaussian_medium,archived_original,fixed_0.02,0.02,3,cond_residual_t20,high,37,0.037377989146153666,0.020114269018717393,0.03491566330194473,0.00617403956130147,0.08774104714393616,0.022758372128009796,0.046815335750579834
gaussian_medium,archived_original,fixed_0.02,0.02,3,cond_residual_t20,mid,400,0.04484717663726769,0.02645283388218115,0.04056139849126339,0.0012751675676554441,0.1522614061832428,0.0242421249859035,0.06045431736856699
gaussian_medium,archived_original,fixed_0.02,0.02,3,cond_residual_t20,low,3563,0.057103496832433806,0.032050298749121554,0.05236388370394707,0.0012107033981010318,0.23924212157726288,0.033410634845495224,0.07534497603774071
gaussian_medium,archived_original,fixed_0.02,0.02,3,gamma_3,high,37,0.005085202846424402,0.0014819725509654913,0.005614771042019129,0.0016840486787259579,0.007475127931684256,0.0038350012619048357,0.00617403956130147
gaussian_medium,archived_original,fixed_0.02,0.02,3,gamma_3,mid,400,0.016808532261056826,0.008051771934940314,0.015634766779839993,0.0009651838336139917,0.04506489261984825,0.01100242929533124,0.02120440173894167
gaussian_medium,archived_original,fixed_0.02,0.02,3,gamma_3,low,3563,0.05260277489174618,0.031177807440498022,0.04696890339255333,0.0005028509185649455,0.23902271687984467,0.029354956932365894,0.070241279900074
gaussian_medium,archived_original,fixed_0.02,0.02,4,noisy,high,37,0.005147957438099626,0.0015364130452185996,0.0057406947016716,0.0016955116298049688,0.007079666946083307,0.003779937280341983,0.006517678964883089
gaussian_medium,archived_original,fixed_0.02,0.02,4,noisy,mid,400,0.017097979376558214,0.004585163682649909,0.017698667012155056,0.007150203455239534,0.02406563051044941,0.013358427910134196,0.02102242223918438
gaussian_medium,archived_original,fixed_0.02,0.02,4,noisy,low,3563,0.068267364407791,0.02907196681092877,0.0636676698923111,0.02408016100525856,0.19743014872074127,0.04512957111001015,0.087156742811203
gaussian_medium,archived_original,fixed_0.02,0.02,4,cond_residual_t20,high,37,0.037377989146153666,0.020114269018717393,0.03491566330194473,0.00617403956130147,0.08774104714393616,0.022758372128009796,0.046815335750579834
gaussian_medium,archived_original,fixed_0.02,0.02,4,cond_residual_t20,mid,400,0.04484717663726769,0.02645283388218115,0.04056139849126339,0.0012751675676554441,0.1522614061832428,0.0242421249859035,0.06045431736856699
gaussian_medium,archived_original,fixed_0.02,0.02,4,cond_residual_t20,low,3563,0.057103496832433806,0.032050298749121554,0.05236388370394707,0.0012107033981010318,0.23924212157726288,0.033410634845495224,0.07534497603774071
gaussian_medium,archived_original,fixed_0.02,0.02,4,gamma_4,high,37,0.005122265171234471,0.0015069330832763693,0.00569130526855588,0.0016945862444117665,0.006981463637202978,0.003789470996707678,0.006464725360274315
gaussian_medium,archived_original,fixed_0.02,0.02,4,gamma_4,mid,400,0.016337351244292222,0.006119269921092835,0.015856865793466568,0.0028980171773582697,0.03833116963505745,0.011563700390979648,0.019539174623787403
gaussian_medium,archived_original,fixed_0.02,0.02,4,gamma_4,low,3563,0.051987917211651434,0.030877682885287874,0.04617099463939667,0.000525413197465241,0.23894967138767242,0.029020117595791817,0.06926872208714485
gaussian_medium,archived_original,fixed_0.05,0.05,1,noisy,high,242,0.012042272157682306,0.00398189077378154,0.012553373351693153,0.0016955116298049688,0.017802473157644272,0.009365448728203773,0.01519227190874517
gaussian_medium,archived_original,fixed_0.05,0.05,1,noisy,mid,1821,0.04085973636919754,0.011713791344575647,0.04218108579516411,0.017884043976664543,0.06017502024769783,0.03137599676847458,0.050669003278017044
gaussian_medium,archived_original,fixed_0.05,0.05,1,noisy,low,1937,0.089285738652723,0.022404140664472043,0.08469399809837341,0.06021313741803169,0.19743014872074127,0.07183132320642471,0.10205511748790741
gaussian_medium,archived_original,fixed_0.05,0.05,1,cond_residual_t20,high,242,0.0438052353695466,0.02680849518912199,0.04024373181164265,0.002704634563997388,0.1522614061832428,0.022975163999944925,0.05774347297847271
gaussian_medium,archived_original,fixed_0.05,0.05,1,cond_residual_t20,mid,1821,0.04796001768273592,0.02688481489632312,0.04390404000878334,0.0012107033981010318,0.1733277291059494,0.028377043083310127,0.06258025765419006
gaussian_medium,archived_original,fixed_0.05,0.05,1,cond_residual_t20,low,1937,0.06445304920370885,0.034002850626030603,0.06124106049537659,0.004111028276383877,0.23924212157726288,0.03920770436525345,0.08461348712444305
gaussian_medium,archived_original,fixed_0.05,0.05,1,gamma_1,high,242,0.0140692442132416,0.00829005282338149,0.012640641070902348,0.0004597637162078172,0.04683470353484154,0.0073469283524900675,0.018626619130373
gaussian_medium,archived_original,fixed_0.05,0.05,1,gamma_1,mid,1821,0.036119570914255855,0.019060195295600497,0.03367622196674347,0.00014642192400060594,0.12295125424861908,0.02216813713312149,0.04717288166284561
gaussian_medium,archived_original,fixed_0.05,0.05,1,gamma_1,low,1937,0.0640368472320058,0.03164008318074406,0.06143636628985405,0.002352084033191204,0.2337975651025772,0.04170163348317146,0.08263789117336273
gaussian_medium,archived_original,fixed_0.05,0.05,2,noisy,high,242,0.012042272157682306,0.00398189077378154,0.012553373351693153,0.0016955116298049688,0.017802473157644272,0.009365448728203773,0.01519227190874517
gaussian_medium,archived_original,fixed_0.05,0.05,2,noisy,mid,1821,0.04085973636919754,0.011713791344575647,0.04218108579516411,0.017884043976664543,0.06017502024769783,0.03137599676847458,0.050669003278017044
gaussian_medium,archived_original,fixed_0.05,0.05,2,noisy,low,1937,0.089285738652723,0.022404140664472043,0.08469399809837341,0.06021313741803169,0.19743014872074127,0.07183132320642471,0.10205511748790741
gaussian_medium,archived_original,fixed_0.05,0.05,2,cond_residual_t20,high,242,0.0438052353695466,0.02680849518912199,0.04024373181164265,0.002704634563997388,0.1522614061832428,0.022975163999944925,0.05774347297847271
gaussian_medium,archived_original,fixed_0.05,0.05,2,cond_residual_t20,mid,1821,0.04796001768273592,0.02688481489632312,0.04390404000878334,0.0012107033981010318,0.1733277291059494,0.028377043083310127,0.06258025765419006
gaussian_medium,archived_original,fixed_0.05,0.05,2,cond_residual_t20,low,1937,0.06445304920370885,0.034002850626030603,0.06124106049537659,0.004111028276383877,0.23924212157726288,0.03920770436525345,0.08461348712444305
gaussian_medium,archived_original,fixed_0.05,0.05,2,gamma_2,high,242,0.011972009823445907,0.004397744160156494,0.01195887429639697,0.0016719064442440867,0.024417944252490997,0.008779433090239763,0.015686093596741557
gaussian_medium,archived_original,fixed_0.05,0.05,2,gamma_2,mid,1821,0.03553389465919134,0.014464781951928221,0.03361450508236885,0.006301492918282747,0.0996529757976532,0.024527020752429962,0.04469069093465805
gaussian_medium,archived_original,fixed_0.05,0.05,2,gamma_2,low,1937,0.06590466982177538,0.028608587625079233,0.06293915212154388,0.0014451340539380908,0.22866344451904297,0.04659666866064072,0.08219213783740997
gaussian_medium,archived_original,fixed_0.05,0.05,3,noisy,high,242,0.012042272157682306,0.00398189077378154,0.012553373351693153,0.0016955116298049688,0.017802473157644272,0.009365448728203773,0.01519227190874517
gaussian_medium,archived_original,fixed_0.05,0.05,3,noisy,mid,1821,0.04085973636919754,0.011713791344575647,0.04218108579516411,0.017884043976664543,0.06017502024769783,0.03137599676847458,0.050669003278017044
gaussian_medium,archived_original,fixed_0.05,0.05,3,noisy,low,1937,0.089285738652723,0.022404140664472043,0.08469399809837341,0.06021313741803169,0.19743014872074127,0.07183132320642471,0.10205511748790741
gaussian_medium,archived_original,fixed_0.05,0.05,3,cond_residual_t20,high,242,0.0438052353695466,0.02680849518912199,0.04024373181164265,0.002704634563997388,0.1522614061832428,0.022975163999944925,0.05774347297847271
gaussian_medium,archived_original,fixed_0.05,0.05,3,cond_residual_t20,mid,1821,0.04796001768273592,0.02688481489632312,0.04390404000878334,0.0012107033981010318,0.1733277291059494,0.028377043083310127,0.06258025765419006
gaussian_medium,archived_original,fixed_0.05,0.05,3,cond_residual_t20,low,1937,0.06445304920370885,0.034002850626030603,0.06124106049537659,0.004111028276383877,0.23924212157726288,0.03920770436525345,0.08461348712444305
gaussian_medium,archived_original,fixed_0.05,0.05,3,gamma_3,high,242,0.011998171936855305,0.003984827523326168,0.012563738971948624,0.0016946966061368585,0.019688066095113754,0.009273575386032462,0.015252669109031558
gaussian_medium,archived_original,fixed_0.05,0.05,3,gamma_3,mid,1821,0.03708797088736757,0.011820418303439035,0.036108143627643585,0.015769045799970627,0.08458533138036728,0.02772081084549427,0.04469956085085869
gaussian_medium,archived_original,fixed_0.05,0.05,3,gamma_3,low,1937,0.06852399259392186,0.025599530195158437,0.06494861096143723,0.0021666185930371284,0.223822221159935,0.05152066424489021,0.0823039636015892
gaussian_medium,archived_original,fixed_0.05,0.05,4,noisy,high,242,0.012042272157682306,0.00398189077378154,0.012553373351693153,0.0016955116298049688,0.017802473157644272,0.009365448728203773,0.01519227190874517
gaussian_medium,archived_original,fixed_0.05,0.05,4,noisy,mid,1821,0.04085973636919754,0.011713791344575647,0.04218108579516411,0.017884043976664543,0.06017502024769783,0.03137599676847458,0.050669003278017044
gaussian_medium,archived_original,fixed_0.05,0.05,4,noisy,low,1937,0.089285738652723,0.022404140664472043,0.08469399809837341,0.06021313741803169,0.19743014872074127,0.07183132320642471,0.10205511748790741
gaussian_medium,archived_original,fixed_0.05,0.05,4,cond_residual_t20,high,242,0.0438052353695466,0.02680849518912199,0.04024373181164265,0.002704634563997388,0.1522614061832428,0.022975163999944925,0.05774347297847271
gaussian_medium,archived_original,fixed_0.05,0.05,4,cond_residual_t20,mid,1821,0.04796001768273592,0.02688481489632312,0.04390404000878334,0.0012107033981010318,0.1733277291059494,0.028377043083310127,0.06258025765419006
gaussian_medium,archived_original,fixed_0.05,0.05,4,cond_residual_t20,low,1937,0.06445304920370885,0.034002850626030603,0.06124106049537659,0.004111028276383877,0.23924212157726288,0.03920770436525345,0.08461348712444305
gaussian_medium,archived_original,fixed_0.05,0.05,4,gamma_4,high,242,0.012029381956681916,0.003973908540733988,0.012514627072960138,0.0016955116298049688,0.018336372449994087,0.009382811840623617,0.015296890866011381
gaussian_medium,archived_original,fixed_0.05,0.05,4,gamma_4,mid,1821,0.038381312875090424,0.010934239429082832,0.0385526567697525,0.017503151670098305,0.07495983690023422,0.03004268929362297,0.04614585265517235
gaussian_medium,archived_original,fixed_0.05,0.05,4,gamma_4,low,1937,0.07114342421679827,0.023064817771921837,0.06702281534671783,0.01368793100118637,0.21925733983516693,0.05562702193856239,0.0830349326133728
gaussian_medium,archived_original,fixed_0.10,0.1,1,noisy,high,876,0.023134774234747624,0.008379068786680871,0.024107422679662704,0.0016955116298049688,0.03566663712263107,0.01691196160390973,0.030135874170809984
gaussian_medium,archived_original,fixed_0.10,0.1,1,noisy,mid,2931,0.0694376357009044,0.021908051671482815,0.06663654744625092,0.035668712109327316,0.12037605792284012,0.05071510374546051,0.08576594293117523
gaussian_medium,archived_original,fixed_0.10,0.1,1,noisy,low,193,0.1371943683513088,0.014578121869369907,0.13366082310676575,0.1205579861998558,0.19743014872074127,0.12569934129714966,0.14456796646118164
gaussian_medium,archived_original,fixed_0.10,0.1,1,cond_residual_t20,high,876,0.04462694554187285,0.026001277136713817,0.04029167257249355,0.0012107033981010318,0.1522614061832428,0.0255167493596673,0.059202324599027634
gaussian_medium,archived_original,fixed_0.10,0.1,1,cond_residual_t20,mid,2931,0.05654870479202285,0.030714096525184784,0.052499737590551376,0.001533884322270751,0.21120330691337585,0.033825693652033806,0.07418690249323845
gaussian_medium,archived_original,fixed_0.10,0.1,1,cond_residual_t20,low,193,0.09297490894910276,0.03853042393822499,0.0904446393251419,0.017632175236940384,0.23924212157726288,0.06893689930438995,0.11706109344959259
gaussian_medium,archived_original,fixed_0.10,0.1,1,gamma_1,high,876,0.0216342273108995,0.010249228177030343,0.020499696023762226,0.0013465330703184009,0.06292860209941864,0.014309667283669114,0.028498448431491852
gaussian_medium,archived_original,fixed_0.10,0.1,1,gamma_1,mid,2931,0.05499021662613653,0.023307938636327612,0.05172711983323097,0.002384047955274582,0.16840173304080963,0.038007210940122604,0.06867379695177078
gaussian_medium,archived_original,fixed_0.10,0.1,1,gamma_1,low,193,0.10153017881196089,0.03094430110942542,0.0989583283662796,0.021654503419995308,0.21636468172073364,0.08442597836256027,0.1195940226316452
gaussian_medium,archived_original,fixed_0.10,0.1,2,noisy,high,876,0.023134774234747624,0.008379068786680871,0.024107422679662704,0.0016955116298049688,0.03566663712263107,0.01691196160390973,0.030135874170809984
gaussian_medium,archived_original,fixed_0.10,0.1,2,noisy,mid,2931,0.0694376357009044,0.021908051671482815,0.06663654744625092,0.035668712109327316,0.12037605792284012,0.05071510374546051,0.08576594293117523
gaussian_medium,archived_original,fixed_0.10,0.1,2,noisy,low,193,0.1371943683513088,0.014578121869369907,0.13366082310676575,0.1205579861998558,0.19743014872074127,0.12569934129714966,0.14456796646118164
gaussian_medium,archived_original,fixed_0.10,0.1,2,cond_residual_t20,high,876,0.04462694554187285,0.026001277136713817,0.04029167257249355,0.0012107033981010318,0.1522614061832428,0.0255167493596673,0.059202324599027634
gaussian_medium,archived_original,fixed_0.10,0.1,2,cond_residual_t20,mid,2931,0.05654870479202285,0.030714096525184784,0.052499737590551376,0.001533884322270751,0.21120330691337585,0.033825693652033806,0.07418690249323845
gaussian_medium,archived_original,fixed_0.10,0.1,2,cond_residual_t20,low,193,0.09297490894910276,0.03853042393822499,0.0904446393251419,0.017632175236940384,0.23924212157726288,0.06893689930438995,0.11706109344959259
gaussian_medium,archived_original,fixed_0.10,0.1,2,gamma_2,high,876,0.022499064192735084,0.008144743830234743,0.023456807248294353,0.0016894855070859194,0.04220322519540787,0.01670243265107274,0.02870660973712802
gaussian_medium,archived_original,fixed_0.10,0.1,2,gamma_2,mid,2931,0.06067136388319074,0.01918882922123964,0.057654667645692825,0.025849293917417526,0.14177162945270538,0.04566417075693607,0.07287410274147987
gaussian_medium,archived_original,fixed_0.10,0.1,2,gamma_2,low,193,0.10954933957114739,0.0243180819692003,0.10732975602149963,0.05086188390851021,0.19897150993347168,0.09536375850439072,0.1221400797367096
gaussian_medium,archived_original,fixed_0.10,0.1,3,noisy,high,876,0.023134774234747624,0.008379068786680871,0.024107422679662704,0.0016955116298049688,0.03566663712263107,0.01691196160390973,0.030135874170809984
gaussian_medium,archived_original,fixed_0.10,0.1,3,noisy,mid,2931,0.0694376357009044,0.021908051671482815,0.06663654744625092,0.035668712109327316,0.12037605792284012,0.05071510374546051,0.08576594293117523
gaussian_medium,archived_original,fixed_0.10,0.1,3,noisy,low,193,0.1371943683513088,0.014578121869369907,0.13366082310676575,0.1205579861998558,0.19743014872074127,0.12569934129714966,0.14456796646118164
gaussian_medium,archived_original,fixed_0.10,0.1,3,cond_residual_t20,high,876,0.04462694554187285,0.026001277136713817,0.04029167257249355,0.0012107033981010318,0.1522614061832428,0.0255167493596673,0.059202324599027634
gaussian_medium,archived_original,fixed_0.10,0.1,3,cond_residual_t20,mid,2931,0.05654870479202285,0.030714096525184784,0.052499737590551376,0.001533884322270751,0.21120330691337585,0.033825693652033806,0.07418690249323845
gaussian_medium,archived_original,fixed_0.10,0.1,3,cond_residual_t20,low,193,0.09297490894910276,0.03853042393822499,0.0904446393251419,0.017632175236940384,0.23924212157726288,0.06893689930438995,0.11706109344959259
gaussian_medium,archived_original,fixed_0.10,0.1,3,gamma_3,high,876,0.022962562987563884,0.008253016688540898,0.02394088264554739,0.0016953926533460617,0.037358738481998444,0.016877933871001005,0.029803466983139515
gaussian_medium,archived_original,fixed_0.10,0.1,3,gamma_3,mid,2931,0.06435401422991276,0.018762570174671794,0.061799466609954834,0.03318273276090622,0.12520594894886017,0.04899114556610584,0.07739760354161263
gaussian_medium,archived_original,fixed_0.10,0.1,3,gamma_3,low,193,0.11602797131464271,0.01951251826077778,0.11419384926557541,0.0722564160823822,0.18574710190296173,0.10473750531673431,0.12422113865613937
gaussian_medium,archived_original,fixed_0.10,0.1,4,noisy,high,876,0.023134774234747624,0.008379068786680871,0.024107422679662704,0.0016955116298049688,0.03566663712263107,0.01691196160390973,0.030135874170809984
gaussian_medium,archived_original,fixed_0.10,0.1,4,noisy,mid,2931,0.0694376357009044,0.021908051671482815,0.06663654744625092,0.035668712109327316,0.12037605792284012,0.05071510374546051,0.08576594293117523
gaussian_medium,archived_original,fixed_0.10,0.1,4,noisy,low,193,0.1371943683513088,0.014578121869369907,0.13366082310676575,0.1205579861998558,0.19743014872074127,0.12569934129714966,0.14456796646118164
gaussian_medium,archived_original,fixed_0.10,0.1,4,cond_residual_t20,high,876,0.04462694554187285,0.026001277136713817,0.04029167257249355,0.0012107033981010318,0.1522614061832428,0.0255167493596673,0.059202324599027634
gaussian_medium,archived_original,fixed_0.10,0.1,4,cond_residual_t20,mid,2931,0.05654870479202285,0.030714096525184784,0.052499737590551376,0.001533884322270751,0.21120330691337585,0.033825693652033806,0.07418690249323845
gaussian_medium,archived_original,fixed_0.10,0.1,4,cond_residual_t20,low,193,0.09297490894910276,0.03853042393822499,0.0904446393251419,0.017632175236940384,0.23924212157726288,0.06893689930438995,0.11706109344959259
gaussian_medium,archived_original,fixed_0.10,0.1,4,gamma_4,high,876,0.02308950386064331,0.00833930611770416,0.02406517881900072,0.0016955116298049688,0.03597024455666542,0.01689404482021928,0.030054297298192978
gaussian_medium,archived_original,fixed_0.10,0.1,4,gamma_4,mid,2931,0.06646510508611762,0.019405758737095685,0.06459516286849976,0.03508742153644562,0.11849145591259003,0.05006282962858677,0.08129194751381874
gaussian_medium,archived_original,fixed_0.10,0.1,4,gamma_4,low,193,0.12106900534790414,0.016248169412943242,0.11862744390964508,0.08774390071630478,0.18476271629333496,0.11113107204437256,0.127455472946167
gaussian_medium,archived_original,fixed_0.20,0.2,1,noisy,high,2533,0.04271083149242377,0.017096234362340017,0.04414176195859909,0.0016955116298049688,0.07132548093795776,0.029606472700834274,0.05684228613972664
gaussian_medium,archived_original,fixed_0.20,0.2,1,noisy,mid,1467,0.09685054491512127,0.020579934450895312,0.09221435338258743,0.07143964618444443,0.19743014872074127,0.0805894322693348,0.107550710439682
gaussian_medium,archived_original,fixed_0.20,0.2,1,noisy,low,0,,,,,,,
gaussian_medium,archived_original,fixed_0.20,0.2,1,cond_residual_t20,high,2533,0.048194330390079476,0.027180106568839044,0.04426978528499603,0.0012107033981010318,0.1879103034734726,0.028334295377135277,0.06371907889842987
gaussian_medium,archived_original,fixed_0.20,0.2,1,cond_residual_t20,mid,1467,0.06864715513919913,0.03465214462065325,0.0658269077539444,0.004253165330737829,0.23924212157726288,0.04333356209099293,0.08965343236923218
gaussian_medium,archived_original,fixed_0.20,0.2,1,cond_residual_t20,low,0,,,,,,,
gaussian_medium,archived_original,fixed_0.20,0.2,1,gamma_1,high,2533,0.03843524851135842,0.016020316402127758,0.038942329585552216,0.0015177333261817694,0.09526505321264267,0.026216136291623116,0.049971748143434525
gaussian_medium,archived_original,fixed_0.20,0.2,1,gamma_1,mid,1467,0.08111055196093392,0.02149135571024481,0.07828579097986221,0.03103775531053543,0.19239915907382965,0.06595363467931747,0.0930560790002346
gaussian_medium,archived_original,fixed_0.20,0.2,1,gamma_1,low,0,,,,,,,
gaussian_medium,archived_original,fixed_0.20,0.2,2,noisy,high,2533,0.04271083149242377,0.017096234362340017,0.04414176195859909,0.0016955116298049688,0.07132548093795776,0.029606472700834274,0.05684228613972664
gaussian_medium,archived_original,fixed_0.20,0.2,2,noisy,mid,1467,0.09685054491512127,0.020579934450895312,0.09221435338258743,0.07143964618444443,0.19743014872074127,0.0805894322693348,0.107550710439682
gaussian_medium,archived_original,fixed_0.20,0.2,2,noisy,low,0,,,,,,,
gaussian_medium,archived_original,fixed_0.20,0.2,2,cond_residual_t20,high,2533,0.048194330390079476,0.027180106568839044,0.04426978528499603,0.0012107033981010318,0.1879103034734726,0.028334295377135277,0.06371907889842987
gaussian_medium,archived_original,fixed_0.20,0.2,2,cond_residual_t20,mid,1467,0.06864715513919913,0.03465214462065325,0.0658269077539444,0.004253165330737829,0.23924212157726288,0.04333356209099293,0.08965343236923218
gaussian_medium,archived_original,fixed_0.20,0.2,2,cond_residual_t20,low,0,,,,,,,
gaussian_medium,archived_original,fixed_0.20,0.2,2,gamma_2,high,2533,0.0416023764444296,0.01631316747163892,0.04318757727742195,0.0016940090572461486,0.07421400398015976,0.029095249250531197,0.05490121245384216
gaussian_medium,archived_original,fixed_0.20,0.2,2,gamma_2,mid,1467,0.09022770545254294,0.01829585805588086,0.0861501544713974,0.06047685444355011,0.18476271629333496,0.07626739889383316,0.09953675046563148
gaussian_medium,archived_original,fixed_0.20,0.2,2,gamma_2,low,0,,,,,,,
gaussian_medium,archived_original,fixed_0.20,0.2,3,noisy,high,2533,0.04271083149242377,0.017096234362340017,0.04414176195859909,0.0016955116298049688,0.07132548093795776,0.029606472700834274,0.05684228613972664
gaussian_medium,archived_original,fixed_0.20,0.2,3,noisy,mid,1467,0.09685054491512127,0.020579934450895312,0.09221435338258743,0.07143964618444443,0.19743014872074127,0.0805894322693348,0.107550710439682
gaussian_medium,archived_original,fixed_0.20,0.2,3,noisy,low,0,,,,,,,
gaussian_medium,archived_original,fixed_0.20,0.2,3,cond_residual_t20,high,2533,0.048194330390079476,0.027180106568839044,0.04426978528499603,0.0012107033981010318,0.1879103034734726,0.028334295377135277,0.06371907889842987
gaussian_medium,archived_original,fixed_0.20,0.2,3,cond_residual_t20,mid,1467,0.06864715513919913,0.03465214462065325,0.0658269077539444,0.004253165330737829,0.23924212157726288,0.04333356209099293,0.08965343236923218
gaussian_medium,archived_original,fixed_0.20,0.2,3,cond_residual_t20,low,0,,,,,,,
gaussian_medium,archived_original,fixed_0.20,0.2,3,gamma_3,high,2533,0.04243563928022213,0.016850769249271275,0.043863918632268906,0.0016955116298049688,0.0716715157032013,0.02959832176566124,0.056474167853593826
gaussian_medium,archived_original,fixed_0.20,0.2,3,gamma_3,mid,1467,0.09408626552028727,0.018827084439124394,0.09034452587366104,0.0685916543006897,0.18476271629333496,0.07917220890522003,0.10395901277661324
gaussian_medium,archived_original,fixed_0.20,0.2,3,gamma_3,low,0,,,,,,,
gaussian_medium,archived_original,fixed_0.20,0.2,4,noisy,high,2533,0.04271083149242377,0.017096234362340017,0.04414176195859909,0.0016955116298049688,0.07132548093795776,0.029606472700834274,0.05684228613972664
gaussian_medium,archived_original,fixed_0.20,0.2,4,noisy,mid,1467,0.09685054491512127,0.020579934450895312,0.09221435338258743,0.07143964618444443,0.19743014872074127,0.0805894322693348,0.107550710439682
gaussian_medium,archived_original,fixed_0.20,0.2,4,noisy,low,0,,,,,,,
gaussian_medium,archived_original,fixed_0.20,0.2,4,cond_residual_t20,high,2533,0.048194330390079476,0.027180106568839044,0.04426978528499603,0.0012107033981010318,0.1879103034734726,0.028334295377135277,0.06371907889842987
gaussian_medium,archived_original,fixed_0.20,0.2,4,cond_residual_t20,mid,1467,0.06864715513919913,0.03465214462065325,0.0658269077539444,0.004253165330737829,0.23924212157726288,0.04333356209099293,0.08965343236923218
gaussian_medium,archived_original,fixed_0.20,0.2,4,cond_residual_t20,low,0,,,,,,,
gaussian_medium,archived_original,fixed_0.20,0.2,4,gamma_4,high,2533,0.042641190226927715,0.01702640730548606,0.04405509680509567,0.0016955116298049688,0.07125552743673325,0.0296033825725317,0.056797537952661514
gaussian_medium,archived_original,fixed_0.20,0.2,4,gamma_4,mid,1467,0.09567595367213862,0.019548995958460713,0.09152691811323166,0.07077597826719284,0.18476271629333496,0.08015008270740509,0.10596286505460739
gaussian_medium,archived_original,fixed_0.20,0.2,4,gamma_4,low,0,,,,,,,
drift_medium,archived_original,default,0.0156782567501068,1,noisy,high,581,0.0024078645594754673,0.0020331835174819137,0.0027626536320894957,0.0,0.005584052763879299,0.0,0.0043183923698961735
drift_medium,archived_original,default,0.0156782567501068,1,noisy,mid,1815,0.012140532533738238,0.0037304230508114883,0.012010060250759125,0.005616143811494112,0.018874481320381165,0.008930315729230642,0.015145177952945232
drift_medium,archived_original,default,0.0156782567501068,1,noisy,low,1604,0.02940028666302636,0.008862306312728564,0.027104380540549755,0.018880711868405342,0.07006075233221054,0.02254828903824091,0.03382834047079086
drift_medium,archived_original,default,0.0156782567501068,1,cond_residual_t20,high,581,0.014949390903851063,0.015574137266407684,0.012716878205537796,0.0,0.08419439941644669,0.0,0.023401999846100807
drift_medium,archived_original,default,0.0156782567501068,1,cond_residual_t20,mid,1815,0.029474742319043623,0.0181393463721993,0.026011589914560318,0.0007593577611260116,0.128067746758461,0.015789618715643883,0.039394594728946686
drift_medium,archived_original,default,0.0156782567501068,1,cond_residual_t20,low,1604,0.040012958021184195,0.022483546496759724,0.036488788202404976,0.0016541415825486183,0.12080714851617813,0.023310313001275063,0.05265734624117613
drift_medium,archived_original,default,0.0156782567501068,1,gamma_1,high,581,0.003634951839811792,0.004025562176554503,0.002766376594081521,0.0,0.019421786069869995,0.0,0.005988985300064087
drift_medium,archived_original,default,0.0156782567501068,1,gamma_1,mid,1815,0.01820106151200749,0.01188676798885357,0.015413007698953152,0.00029370421543717384,0.07831995189189911,0.009653431363403797,0.024091933853924274
drift_medium,archived_original,default,0.0156782567501068,1,gamma_1,low,1604,0.0361232849847098,0.020386386831090075,0.03284551575779915,0.0006339671090245247,0.11599201709032059,0.02077369438484311,0.04741179756820202
drift_medium,archived_original,default,0.0156782567501068,2,noisy,high,581,0.0024078645594754673,0.0020331835174819137,0.0027626536320894957,0.0,0.005584052763879299,0.0,0.0043183923698961735
drift_medium,archived_original,default,0.0156782567501068,2,noisy,mid,1815,0.012140532533738238,0.0037304230508114883,0.012010060250759125,0.005616143811494112,0.018874481320381165,0.008930315729230642,0.015145177952945232
drift_medium,archived_original,default,0.0156782567501068,2,noisy,low,1604,0.02940028666302636,0.008862306312728564,0.027104380540549755,0.018880711868405342,0.07006075233221054,0.02254828903824091,0.03382834047079086
drift_medium,archived_original,default,0.0156782567501068,2,cond_residual_t20,high,581,0.014949390903851063,0.015574137266407684,0.012716878205537796,0.0,0.08419439941644669,0.0,0.023401999846100807
drift_medium,archived_original,default,0.0156782567501068,2,cond_residual_t20,mid,1815,0.029474742319043623,0.0181393463721993,0.026011589914560318,0.0007593577611260116,0.128067746758461,0.015789618715643883,0.039394594728946686
drift_medium,archived_original,default,0.0156782567501068,2,cond_residual_t20,low,1604,0.040012958021184195,0.022483546496759724,0.036488788202404976,0.0016541415825486183,0.12080714851617813,0.023310313001275063,0.05265734624117613
drift_medium,archived_original,default,0.0156782567501068,2,gamma_2,high,581,0.0023779700251325016,0.002166816649349024,0.002435516333207488,0.0,0.009663187898695469,0.0,0.004042001906782389
drift_medium,archived_original,default,0.0156782567501068,2,gamma_2,mid,1815,0.013958864588355876,0.00849358551427817,0.011759315617382526,0.00022704304137732834,0.05696850270032883,0.007819912396371365,0.01821717619895935
drift_medium,archived_original,default,0.0156782567501068,2,gamma_2,low,1604,0.03350485840115866,0.018762537222801925,0.0301964757964015,0.001258393982425332,0.11469973623752594,0.020041795913130045,0.043381751514971256
drift_medium,archived_original,default,0.0156782567501068,3,noisy,high,581,0.0024078645594754673,0.0020331835174819137,0.0027626536320894957,0.0,0.005584052763879299,0.0,0.0043183923698961735
drift_medium,archived_original,default,0.0156782567501068,3,noisy,mid,1815,0.012140532533738238,0.0037304230508114883,0.012010060250759125,0.005616143811494112,0.018874481320381165,0.008930315729230642,0.015145177952945232
drift_medium,archived_original,default,0.0156782567501068,3,noisy,low,1604,0.02940028666302636,0.008862306312728564,0.027104380540549755,0.018880711868405342,0.07006075233221054,0.02254828903824091,0.03382834047079086
drift_medium,archived_original,default,0.0156782567501068,3,cond_residual_t20,high,581,0.014949390903851063,0.015574137266407684,0.012716878205537796,0.0,0.08419439941644669,0.0,0.023401999846100807
drift_medium,archived_original,default,0.0156782567501068,3,cond_residual_t20,mid,1815,0.029474742319043623,0.0181393463721993,0.026011589914560318,0.0007593577611260116,0.128067746758461,0.015789618715643883,0.039394594728946686
drift_medium,archived_original,default,0.0156782567501068,3,cond_residual_t20,low,1604,0.040012958021184195,0.022483546496759724,0.036488788202404976,0.0016541415825486183,0.12080714851617813,0.023310313001275063,0.05265734624117613
drift_medium,archived_original,default,0.0156782567501068,3,gamma_3,high,581,0.0023843267905584373,0.002019288544123285,0.002758412854745984,0.0,0.006774828303605318,0.0,0.004230758175253868
drift_medium,archived_original,default,0.0156782567501068,3,gamma_3,mid,1815,0.01268056151745764,0.006259117799797313,0.010893209837377071,0.001732735545374453,0.04280538856983185,0.008022150956094265,0.01576962973922491
drift_medium,archived_original,default,0.0156782567501068,3,gamma_3,low,1604,0.0318330844263012,0.017328309466775278,0.028035888448357582,0.0006782020209357142,0.11343690752983093,0.01979477470740676,0.04042430501431227
drift_medium,archived_original,default,0.0156782567501068,4,noisy,high,581,0.0024078645594754673,0.0020331835174819137,0.0027626536320894957,0.0,0.005584052763879299,0.0,0.0043183923698961735
drift_medium,archived_original,default,0.0156782567501068,4,noisy,mid,1815,0.012140532533738238,0.0037304230508114883,0.012010060250759125,0.005616143811494112,0.018874481320381165,0.008930315729230642,0.015145177952945232
drift_medium,archived_original,default,0.0156782567501068,4,noisy,low,1604,0.02940028666302636,0.008862306312728564,0.027104380540549755,0.018880711868405342,0.07006075233221054,0.02254828903824091,0.03382834047079086
drift_medium,archived_original,default,0.0156782567501068,4,cond_residual_t20,high,581,0.014949390903851063,0.015574137266407684,0.012716878205537796,0.0,0.08419439941644669,0.0,0.023401999846100807
drift_medium,archived_original,default,0.0156782567501068,4,cond_residual_t20,mid,1815,0.029474742319043623,0.0181393463721993,0.026011589914560318,0.0007593577611260116,0.128067746758461,0.015789618715643883,0.039394594728946686
drift_medium,archived_original,default,0.0156782567501068,4,cond_residual_t20,low,1604,0.040012958021184195,0.022483546496759724,0.036488788202404976,0.0016541415825486183,0.12080714851617813,0.023310313001275063,0.05265734624117613
drift_medium,archived_original,default,0.0156782567501068,4,gamma_4,high,581,0.002400880924040506,0.0020258611730183227,0.002756725065410137,0.0,0.005919930059462786,0.0,0.004325326532125473
drift_medium,archived_original,default,0.0156782567501068,4,gamma_4,mid,1815,0.012306900562708249,0.004959618326602024,0.011112380772829056,0.002285720780491829,0.033576011657714844,0.008512085769325495,0.015055608935654163
drift_medium,archived_original,default,0.0156782567501068,4,gamma_4,low,1604,0.030800134142530685,0.016018012206606147,0.02684334386140108,0.0008446459542028606,0.11220278590917587,0.02014402626082301,0.03797628078609705
drift_medium,archived_original,fixed_0.02,0.02,1,noisy,high,764,0.0033585938440053114,0.0024614045991548945,0.003814051509834826,0.0,0.007130810525268316,0.0,0.005478417733684182
drift_medium,archived_original,fixed_0.02,0.02,1,noisy,mid,2165,0.014888007176596904,0.004754923814205105,0.014590094797313213,0.007153210695832968,0.02407766319811344,0.010737515985965729,0.018834376707673073
drift_medium,archived_original,fixed_0.02,0.02,1,noisy,low,1071,0.03342072309162659,0.008236856819204082,0.031221147626638412,0.024085545912384987,0.07006075233221054,0.027092918753623962,0.0379469096660614
drift_medium,archived_original,fixed_0.02,0.02,1,cond_residual_t20,high,764,0.01721033913043759,0.01631911153506427,0.01519571803510189,0.0,0.128067746758461,1.1920928955078125e-07,0.025617932435125113
drift_medium,archived_original,fixed_0.02,0.02,1,cond_residual_t20,mid,2165,0.03130829784625014,0.018704750207008257,0.02804277092218399,0.0007593577611260116,0.12080714851617813,0.017400186508893967,0.04121676832437515
drift_medium,archived_original,fixed_0.02,0.02,1,cond_residual_t20,low,1071,0.04242005056712905,0.02341268527575927,0.03890996426343918,0.0016541415825486183,0.11930003017187119,0.02404014766216278,0.05705533176660538
drift_medium,archived_original,fixed_0.02,0.02,1,gamma_1,high,764,0.004499658764152104,0.004560758025854099,0.0035498852375894785,0.0,0.03952129930257797,0.0,0.0069976282538846135
drift_medium,archived_original,fixed_0.02,0.02,1,gamma_1,mid,2165,0.01982593616997924,0.012349155350828799,0.01719227433204651,0.00027504246099852026,0.08056990057229996,0.010673402808606625,0.026548536494374275
drift_medium,archived_original,fixed_0.02,0.02,1,gamma_1,low,1071,0.03832283991997249,0.020523741605896574,0.03577715903520584,0.0012901393929496408,0.11432000994682312,0.02277321182191372,0.05103269964456558
drift_medium,archived_original,fixed_0.02,0.02,2,noisy,high,764,0.0033585938440053114,0.0024614045991548945,0.003814051509834826,0.0,0.007130810525268316,0.0,0.005478417733684182
drift_medium,archived_original,fixed_0.02,0.02,2,noisy,mid,2165,0.014888007176596904,0.004754923814205105,0.014590094797313213,0.007153210695832968,0.02407766319811344,0.010737515985965729,0.018834376707673073
drift_medium,archived_original,fixed_0.02,0.02,2,noisy,low,1071,0.03342072309162659,0.008236856819204082,0.031221147626638412,0.024085545912384987,0.07006075233221054,0.027092918753623962,0.0379469096660614
drift_medium,archived_original,fixed_0.02,0.02,2,cond_residual_t20,high,764,0.01721033913043759,0.01631911153506427,0.01519571803510189,0.0,0.128067746758461,1.1920928955078125e-07,0.025617932435125113
drift_medium,archived_original,fixed_0.02,0.02,2,cond_residual_t20,mid,2165,0.03130829784625014,0.018704750207008257,0.02804277092218399,0.0007593577611260116,0.12080714851617813,0.017400186508893967,0.04121676832437515
drift_medium,archived_original,fixed_0.02,0.02,2,cond_residual_t20,low,1071,0.04242005056712905,0.02341268527575927,0.03890996426343918,0.0016541415825486183,0.11930003017187119,0.02404014766216278,0.05705533176660538
drift_medium,archived_original,fixed_0.02,0.02,2,gamma_2,high,764,0.003355976235932434,0.002649893338615789,0.003446658607572317,0.0,0.015387356281280518,0.0,0.005232665105722845
drift_medium,archived_original,fixed_0.02,0.02,2,gamma_2,mid,2165,0.01611738195218034,0.008877977674473576,0.014153150841593742,0.0007594084017910063,0.05891784280538559,0.009468408301472664,0.021007336676120758
drift_medium,archived_original,fixed_0.02,0.02,2,gamma_2,low,1071,0.035821159312851125,0.018118546223870248,0.033138878643512726,0.0007005564402788877,0.11147989332675934,0.02251528389751911,0.04601374641060829
drift_medium,archived_original,fixed_0.02,0.02,3,noisy,high,764,0.0033585938440053114,0.0024614045991548945,0.003814051509834826,0.0,0.007130810525268316,0.0,0.005478417733684182
drift_medium,archived_original,fixed_0.02,0.02,3,noisy,mid,2165,0.014888007176596904,0.004754923814205105,0.014590094797313213,0.007153210695832968,0.02407766319811344,0.010737515985965729,0.018834376707673073
drift_medium,archived_original,fixed_0.02,0.02,3,noisy,low,1071,0.03342072309162659,0.008236856819204082,0.031221147626638412,0.024085545912384987,0.07006075233221054,0.027092918753623962,0.0379469096660614
drift_medium,archived_original,fixed_0.02,0.02,3,cond_residual_t20,high,764,0.01721033913043759,0.01631911153506427,0.01519571803510189,0.0,0.128067746758461,1.1920928955078125e-07,0.025617932435125113
drift_medium,archived_original,fixed_0.02,0.02,3,cond_residual_t20,mid,2165,0.03130829784625014,0.018704750207008257,0.02804277092218399,0.0007593577611260116,0.12080714851617813,0.017400186508893967,0.04121676832437515
drift_medium,archived_original,fixed_0.02,0.02,3,cond_residual_t20,low,1071,0.04242005056712905,0.02341268527575927,0.03890996426343918,0.0016541415825486183,0.11930003017187119,0.02404014766216278,0.05705533176660538
drift_medium,archived_original,fixed_0.02,0.02,3,gamma_3,high,764,0.003347643116990065,0.0024674972689829088,0.0037358846748247743,0.0,0.00882069393992424,0.0,0.00544970016926527
drift_medium,archived_original,fixed_0.02,0.02,3,gamma_3,mid,2165,0.015194421227242771,0.006686766651869066,0.013722334988415241,0.0024356460198760033,0.046777840703725815,0.009837227873504162,0.019011270254850388
drift_medium,archived_original,fixed_0.02,0.02,3,gamma_3,low,1071,0.03438875329964225,0.016005214216824704,0.03153810650110245,0.0023674119729548693,0.10878641903400421,0.023271095007658005,0.04242507368326187
drift_medium,archived_original,fixed_0.02,0.02,4,noisy,high,764,0.0033585938440053114,0.0024614045991548945,0.003814051509834826,0.0,0.007130810525268316,0.0,0.005478417733684182
drift_medium,archived_original,fixed_0.02,0.02,4,noisy,mid,2165,0.014888007176596904,0.004754923814205105,0.014590094797313213,0.007153210695832968,0.02407766319811344,0.010737515985965729,0.018834376707673073
drift_medium,archived_original,fixed_0.02,0.02,4,noisy,low,1071,0.03342072309162659,0.008236856819204082,0.031221147626638412,0.024085545912384987,0.07006075233221054,0.027092918753623962,0.0379469096660614
drift_medium,archived_original,fixed_0.02,0.02,4,cond_residual_t20,high,764,0.01721033913043759,0.01631911153506427,0.01519571803510189,0.0,0.128067746758461,1.1920928955078125e-07,0.025617932435125113
drift_medium,archived_original,fixed_0.02,0.02,4,cond_residual_t20,mid,2165,0.03130829784625014,0.018704750207008257,0.02804277092218399,0.0007593577611260116,0.12080714851617813,0.017400186508893967,0.04121676832437515
drift_medium,archived_original,fixed_0.02,0.02,4,cond_residual_t20,low,1071,0.04242005056712905,0.02341268527575927,0.03890996426343918,0.0016541415825486183,0.11930003017187119,0.02404014766216278,0.05705533176660538
drift_medium,archived_original,fixed_0.02,0.02,4,gamma_4,high,764,0.0033554955388596696,0.0024600711030388074,0.0037809208733960986,0.0,0.007293027825653553,0.0,0.005473312106914818
drift_medium,archived_original,fixed_0.02,0.02,4,gamma_4,mid,2165,0.014953555076385206,0.0055714488380863405,0.013975904323160648,0.006903547327965498,0.03923548758029938,0.01040039211511612,0.018554367125034332
drift_medium,archived_original,fixed_0.02,0.02,4,gamma_4,low,1071,0.03357388445195315,0.01422603875231627,0.030652323737740517,0.0036453644279390574,0.10623203963041306,0.023938174359500408,0.040017927065491676
drift_medium,archived_original,fixed_0.05,0.05,1,noisy,high,2263,0.009277710956797067,0.005107354707259247,0.009552179835736752,0.0,0.017805952578783035,0.005421515554189682,0.013614218682050705
drift_medium,archived_original,fixed_0.05,0.05,1,noisy,mid,1726,0.028328352803116186,0.008584145667130377,0.026226847432553768,0.01783801056444645,0.06008228287100792,0.02169028390198946,0.03274301812052727
drift_medium,archived_original,fixed_0.05,0.05,1,noisy,low,11,0.0638089847158302,0.0027782804043175397,0.06419618427753448,0.060252051800489426,0.07006075233221054,0.06146406568586826,0.06527242064476013
drift_medium,archived_original,fixed_0.05,0.05,1,cond_residual_t20,high,2263,0.025493286847645385,0.01853933067014823,0.02239993028342724,0.0,0.128067746758461,0.012519454583525658,0.03564504534006119
drift_medium,archived_original,fixed_0.05,0.05,1,cond_residual_t20,mid,1726,0.039567021039278956,0.0222738433445433,0.03581025265157223,0.0016541415825486183,0.12080714851617813,0.02307281270623207,0.051945921033620834
drift_medium,archived_original,fixed_0.05,0.05,1,cond_residual_t20,low,11,0.034459240014918825,0.01811556550526035,0.0373632088303566,0.0066462731920182705,0.06659788638353348,0.02223674301058054,0.03929584287106991
drift_medium,archived_original,fixed_0.05,0.05,1,gamma_1,high,2263,0.009868309062455895,0.007084102131548828,0.008734827861189842,0.0,0.03861304745078087,0.004669147077947855,0.01402287045493722
drift_medium,archived_original,fixed_0.05,0.05,1,gamma_1,mid,1726,0.02935653046721286,0.01386535830512256,0.026784073561429977,0.0017982528079301119,0.09957719594240189,0.019828858319669962,0.03612814750522375
drift_medium,archived_original,fixed_0.05,0.05,1,gamma_1,low,11,0.028605643194168806,0.011673475780132813,0.035824328660964966,0.003945255186408758,0.04076877981424332,0.021608928218483925,0.03755786083638668
drift_medium,archived_original,fixed_0.05,0.05,2,noisy,high,2263,0.009277710956797067,0.005107354707259247,0.009552179835736752,0.0,0.017805952578783035,0.005421515554189682,0.013614218682050705
drift_medium,archived_original,fixed_0.05,0.05,2,noisy,mid,1726,0.028328352803116186,0.008584145667130377,0.026226847432553768,0.01783801056444645,0.06008228287100792,0.02169028390198946,0.03274301812052727
drift_medium,archived_original,fixed_0.05,0.05,2,noisy,low,11,0.0638089847158302,0.0027782804043175397,0.06419618427753448,0.060252051800489426,0.07006075233221054,0.06146406568586826,0.06527242064476013
drift_medium,archived_original,fixed_0.05,0.05,2,cond_residual_t20,high,2263,0.025493286847645385,0.01853933067014823,0.02239993028342724,0.0,0.128067746758461,0.012519454583525658,0.03564504534006119
drift_medium,archived_original,fixed_0.05,0.05,2,cond_residual_t20,mid,1726,0.039567021039278956,0.0222738433445433,0.03581025265157223,0.0016541415825486183,0.12080714851617813,0.02307281270623207,0.051945921033620834
drift_medium,archived_original,fixed_0.05,0.05,2,cond_residual_t20,low,11,0.034459240014918825,0.01811556550526035,0.0373632088303566,0.0066462731920182705,0.06659788638353348,0.02223674301058054,0.03929584287106991
drift_medium,archived_original,fixed_0.05,0.05,2,gamma_2,high,2263,0.009282911318103576,0.005267025865524117,0.009402712807059288,0.0,0.023105230182409286,0.00540496245957911,0.013283141423016787
drift_medium,archived_original,fixed_0.05,0.05,2,gamma_2,mid,1726,0.02809870788268529,0.009911000363752892,0.02569354884326458,0.0098072225227952,0.08726402372121811,0.0210865237750113,0.03258692007511854
drift_medium,archived_original,fixed_0.05,0.05,2,gamma_2,low,11,0.03330157002942129,0.007449443001364506,0.030927041545510292,0.018488634377717972,0.045295972377061844,0.02881304919719696,0.03993075713515282
drift_medium,archived_original,fixed_0.05,0.05,3,noisy,high,2263,0.009277710956797067,0.005107354707259247,0.009552179835736752,0.0,0.017805952578783035,0.005421515554189682,0.013614218682050705
drift_medium,archived_original,fixed_0.05,0.05,3,noisy,mid,1726,0.028328352803116186,0.008584145667130377,0.026226847432553768,0.01783801056444645,0.06008228287100792,0.02169028390198946,0.03274301812052727
drift_medium,archived_original,fixed_0.05,0.05,3,noisy,low,11,0.0638089847158302,0.0027782804043175397,0.06419618427753448,0.060252051800489426,0.07006075233221054,0.06146406568586826,0.06527242064476013
drift_medium,archived_original,fixed_0.05,0.05,3,cond_residual_t20,high,2263,0.025493286847645385,0.01853933067014823,0.02239993028342724,0.0,0.128067746758461,0.012519454583525658,0.03564504534006119
drift_medium,archived_original,fixed_0.05,0.05,3,cond_residual_t20,mid,1726,0.039567021039278956,0.0222738433445433,0.03581025265157223,0.0016541415825486183,0.12080714851617813,0.02307281270623207,0.051945921033620834
drift_medium,archived_original,fixed_0.05,0.05,3,cond_residual_t20,low,11,0.034459240014918825,0.01811556550526035,0.0373632088303566,0.0066462731920182705,0.06659788638353348,0.02223674301058054,0.03929584287106991
drift_medium,archived_original,fixed_0.05,0.05,3,gamma_3,high,2263,0.009275173869229264,0.005121081195660273,0.009548904374241829,0.0,0.01909009739756584,0.005418409360572696,0.013483299408107996
drift_medium,archived_original,fixed_0.05,0.05,3,gamma_3,mid,1726,0.02805745237110871,0.008673959913155442,0.025989088229835033,0.016045989468693733,0.07871613651514053,0.021434609778225422,0.03236760012805462
drift_medium,archived_original,fixed_0.05,0.05,3,gamma_3,low,11,0.03995223885232752,0.0060747354251114655,0.03981652855873108,0.031076937913894653,0.049724314361810684,0.03458714112639427,0.04502132348716259
drift_medium,archived_original,fixed_0.05,0.05,4,noisy,high,2263,0.009277710956797067,0.005107354707259247,0.009552179835736752,0.0,0.017805952578783035,0.005421515554189682,0.013614218682050705
drift_medium,archived_original,fixed_0.05,0.05,4,noisy,mid,1726,0.028328352803116186,0.008584145667130377,0.026226847432553768,0.01783801056444645,0.06008228287100792,0.02169028390198946,0.03274301812052727
drift_medium,archived_original,fixed_0.05,0.05,4,noisy,low,11,0.0638089847158302,0.0027782804043175397,0.06419618427753448,0.060252051800489426,0.07006075233221054,0.06146406568586826,0.06527242064476013
drift_medium,archived_original,fixed_0.05,0.05,4,cond_residual_t20,high,2263,0.025493286847645385,0.01853933067014823,0.02239993028342724,0.0,0.128067746758461,0.012519454583525658,0.03564504534006119
drift_medium,archived_original,fixed_0.05,0.05,4,cond_residual_t20,mid,1726,0.039567021039278956,0.0222738433445433,0.03581025265157223,0.0016541415825486183,0.12080714851617813,0.02307281270623207,0.051945921033620834
drift_medium,archived_original,fixed_0.05,0.05,4,cond_residual_t20,low,11,0.034459240014918825,0.01811556550526035,0.0373632088303566,0.0066462731920182705,0.06659788638353348,0.02223674301058054,0.03929584287106991
drift_medium,archived_original,fixed_0.05,0.05,4,gamma_4,high,2263,0.009277288516048364,0.005109323499588686,0.009547855705022812,0.0,0.01812947355210781,0.005421995650976896,0.01358128571882844
drift_medium,archived_original,fixed_0.05,0.05,4,gamma_4,mid,1726,0.02813876023664984,0.008395929616326129,0.026108928956091404,0.017503993585705757,0.07278222590684891,0.02161224139854312,0.03277250938117504
drift_medium,archived_original,fixed_0.05,0.05,4,gamma_4,low,11,0.0459540377963673,0.004833061756499682,0.04619944840669632,0.03943072631955147,0.05338023602962494,0.04141315631568432,0.04950619675219059
drift_medium,archived_original,fixed_0.10,0.1,1,noisy,high,3678,0.01535143160321099,0.009178591413301289,0.01454479107633233,0.0,0.03566671535372734,0.008245127508416772,0.022259263787418604
drift_medium,archived_original,fixed_0.10,0.1,1,noisy,mid,322,0.04388052866047954,0.006671885003607856,0.04212608188390732,0.0356927216053009,0.07006075233221054,0.03888986445963383,0.04692357685416937
drift_medium,archived_original,fixed_0.10,0.1,1,noisy,low,0,,,,,,,
drift_medium,archived_original,fixed_0.10,0.1,1,cond_residual_t20,high,3678,0.03004757381392562,0.02010335863788589,0.0267366049811244,0.0,0.128067746758461,0.015460198279470205,0.0410162266343832
drift_medium,archived_original,fixed_0.10,0.1,1,cond_residual_t20,mid,322,0.049217582616654244,0.027101928501690884,0.04556226171553135,0.004076223820447922,0.11930003017187119,0.026660930830985308,0.06707367673516273
drift_medium,archived_original,fixed_0.10,0.1,1,cond_residual_t20,low,0,,,,,,,
drift_medium,archived_original,fixed_0.10,0.1,1,gamma_1,high,3678,0.015493042513358701,0.010065354273838239,0.01416408596560359,0.0,0.055234767496585846,0.007842188468202949,0.022283732891082764
drift_medium,archived_original,fixed_0.10,0.1,1,gamma_1,mid,322,0.04166151503511699,0.011728371185279344,0.04074839875102043,0.006373616401106119,0.08522839844226837,0.03290420211851597,0.04779289290308952
drift_medium,archived_original,fixed_0.10,0.1,1,gamma_1,low,0,,,,,,,
drift_medium,archived_original,fixed_0.10,0.1,2,noisy,high,3678,0.01535143160321099,0.009178591413301289,0.01454479107633233,0.0,0.03566671535372734,0.008245127508416772,0.022259263787418604
drift_medium,archived_original,fixed_0.10,0.1,2,noisy,mid,322,0.04388052866047954,0.006671885003607856,0.04212608188390732,0.0356927216053009,0.07006075233221054,0.03888986445963383,0.04692357685416937
drift_medium,archived_original,fixed_0.10,0.1,2,noisy,low,0,,,,,,,
drift_medium,archived_original,fixed_0.10,0.1,2,cond_residual_t20,high,3678,0.03004757381392562,0.02010335863788589,0.0267366049811244,0.0,0.128067746758461,0.015460198279470205,0.0410162266343832
drift_medium,archived_original,fixed_0.10,0.1,2,cond_residual_t20,mid,322,0.049217582616654244,0.027101928501690884,0.04556226171553135,0.004076223820447922,0.11930003017187119,0.026660930830985308,0.06707367673516273
drift_medium,archived_original,fixed_0.10,0.1,2,cond_residual_t20,low,0,,,,,,,
drift_medium,archived_original,fixed_0.10,0.1,2,gamma_2,high,3678,0.015323002478887394,0.009194239749793704,0.014458587393164635,0.0,0.0406072735786438,0.008222054922953248,0.022122901864349842
drift_medium,archived_original,fixed_0.10,0.1,2,gamma_2,mid,322,0.042556180445164994,0.006221501327184659,0.0417037159204483,0.027695538476109505,0.07089147716760635,0.038397662341594696,0.04684163071215153
drift_medium,archived_original,fixed_0.10,0.1,2,gamma_2,low,0,,,,,,,
drift_medium,archived_original,fixed_0.10,0.1,3,noisy,high,3678,0.01535143160321099,0.009178591413301289,0.01454479107633233,0.0,0.03566671535372734,0.008245127508416772,0.022259263787418604
drift_medium,archived_original,fixed_0.10,0.1,3,noisy,mid,322,0.04388052866047954,0.006671885003607856,0.04212608188390732,0.0356927216053009,0.07006075233221054,0.03888986445963383,0.04692357685416937
drift_medium,archived_original,fixed_0.10,0.1,3,noisy,low,0,,,,,,,
drift_medium,archived_original,fixed_0.10,0.1,3,cond_residual_t20,high,3678,0.03004757381392562,0.02010335863788589,0.0267366049811244,0.0,0.128067746758461,0.015460198279470205,0.0410162266343832
drift_medium,archived_original,fixed_0.10,0.1,3,cond_residual_t20,mid,322,0.049217582616654244,0.027101928501690884,0.04556226171553135,0.004076223820447922,0.11930003017187119,0.026660930830985308,0.06707367673516273
drift_medium,archived_original,fixed_0.10,0.1,3,cond_residual_t20,low,0,,,,,,,
drift_medium,archived_original,fixed_0.10,0.1,3,gamma_3,high,3678,0.015343100864842434,0.009171362178021768,0.014534523244947195,0.0,0.03683959320187569,0.008237846661359072,0.02220000373199582
drift_medium,archived_original,fixed_0.10,0.1,3,gamma_3,mid,322,0.043276768409132214,0.005837787409741461,0.04206016659736633,0.03429475054144859,0.06448408216238022,0.038604616187512875,0.046994175761938095
drift_medium,archived_original,fixed_0.10,0.1,3,gamma_3,low,0,,,,,,,
drift_medium,archived_original,fixed_0.10,0.1,4,noisy,high,3678,0.01535143160321099,0.009178591413301289,0.01454479107633233,0.0,0.03566671535372734,0.008245127508416772,0.022259263787418604
drift_medium,archived_original,fixed_0.10,0.1,4,noisy,mid,322,0.04388052866047954,0.006671885003607856,0.04212608188390732,0.0356927216053009,0.07006075233221054,0.03888986445963383,0.04692357685416937
drift_medium,archived_original,fixed_0.10,0.1,4,noisy,low,0,,,,,,,
drift_medium,archived_original,fixed_0.10,0.1,4,cond_residual_t20,high,3678,0.03004757381392562,0.02010335863788589,0.0267366049811244,0.0,0.128067746758461,0.015460198279470205,0.0410162266343832
drift_medium,archived_original,fixed_0.10,0.1,4,cond_residual_t20,mid,322,0.049217582616654244,0.027101928501690884,0.04556226171553135,0.004076223820447922,0.11930003017187119,0.026660930830985308,0.06707367673516273
drift_medium,archived_original,fixed_0.10,0.1,4,cond_residual_t20,low,0,,,,,,,
drift_medium,archived_original,fixed_0.10,0.1,4,gamma_4,high,3678,0.015349398904079709,0.009176087949055486,0.014546530321240425,0.0,0.03600660338997841,0.008245470700785518,0.02223834116011858
drift_medium,archived_original,fixed_0.10,0.1,4,gamma_4,mid,322,0.04361691937914917,0.006194943398327042,0.04208442568778992,0.035270918160676956,0.06638415902853012,0.03884905111044645,0.047000616788864136
drift_medium,archived_original,fixed_0.10,0.1,4,gamma_4,low,0,,,,,,,
drift_medium,archived_original,fixed_0.20,0.2,1,noisy,high,4000,0.017648023916321108,0.011886691868198433,0.01567825675010681,0.0,0.07006075233221054,0.008686359971761703,0.02483723359182477
drift_medium,archived_original,fixed_0.20,0.2,1,noisy,mid,0,,,,,,,
drift_medium,archived_original,fixed_0.20,0.2,1,noisy,low,0,,,,,,,
drift_medium,archived_original,fixed_0.20,0.2,1,cond_residual_t20,high,4000,0.031590759522545274,0.021399561555313112,0.027963188476860523,0.0,0.128067746758461,0.01602761819958687,0.042909217067062855
drift_medium,archived_original,fixed_0.20,0.2,1,cond_residual_t20,mid,0,,,,,,,
drift_medium,archived_original,fixed_0.20,0.2,1,cond_residual_t20,low,0,,,,,,,
drift_medium,archived_original,fixed_0.20,0.2,1,gamma_1,high,4000,0.01749506959235441,0.011812076594533922,0.01567063294351101,0.0,0.07416502386331558,0.008564982563257217,0.024535331409424543
drift_medium,archived_original,fixed_0.20,0.2,1,gamma_1,mid,0,,,,,,,
drift_medium,archived_original,fixed_0.20,0.2,1,gamma_1,low,0,,,,,,,
drift_medium,archived_original,fixed_0.20,0.2,2,noisy,high,4000,0.017648023916321108,0.011886691868198433,0.01567825675010681,0.0,0.07006075233221054,0.008686359971761703,0.02483723359182477
drift_medium,archived_original,fixed_0.20,0.2,2,noisy,mid,0,,,,,,,
drift_medium,archived_original,fixed_0.20,0.2,2,noisy,low,0,,,,,,,
drift_medium,archived_original,fixed_0.20,0.2,2,cond_residual_t20,high,4000,0.031590759522545274,0.021399561555313112,0.027963188476860523,0.0,0.128067746758461,0.01602761819958687,0.042909217067062855
drift_medium,archived_original,fixed_0.20,0.2,2,cond_residual_t20,mid,0,,,,,,,
drift_medium,archived_original,fixed_0.20,0.2,2,cond_residual_t20,low,0,,,,,,,
drift_medium,archived_original,fixed_0.20,0.2,2,gamma_2,high,4000,0.01760020651427476,0.011773573251233675,0.015684536658227444,0.0,0.06509191542863846,0.008687513647601008,0.024785138200968504
drift_medium,archived_original,fixed_0.20,0.2,2,gamma_2,mid,0,,,,,,,
drift_medium,archived_original,fixed_0.20,0.2,2,gamma_2,low,0,,,,,,,
drift_medium,archived_original,fixed_0.20,0.2,3,noisy,high,4000,0.017648023916321108,0.011886691868198433,0.01567825675010681,0.0,0.07006075233221054,0.008686359971761703,0.02483723359182477
drift_medium,archived_original,fixed_0.20,0.2,3,noisy,mid,0,,,,,,,
drift_medium,archived_original,fixed_0.20,0.2,3,noisy,low,0,,,,,,,
drift_medium,archived_original,fixed_0.20,0.2,3,cond_residual_t20,high,4000,0.031590759522545274,0.021399561555313112,0.027963188476860523,0.0,0.128067746758461,0.01602761819958687,0.042909217067062855
drift_medium,archived_original,fixed_0.20,0.2,3,cond_residual_t20,mid,0,,,,,,,
drift_medium,archived_original,fixed_0.20,0.2,3,cond_residual_t20,low,0,,,,,,,
drift_medium,archived_original,fixed_0.20,0.2,3,gamma_3,high,4000,0.017637489341577748,0.011856091062436765,0.015671859495341778,0.0,0.06857795268297195,0.00868637952953577,0.024851261638104916
drift_medium,archived_original,fixed_0.20,0.2,3,gamma_3,mid,0,,,,,,,
drift_medium,archived_original,fixed_0.20,0.2,3,gamma_3,low,0,,,,,,,
drift_medium,archived_original,fixed_0.20,0.2,4,noisy,high,4000,0.017648023916321108,0.011886691868198433,0.01567825675010681,0.0,0.07006075233221054,0.008686359971761703,0.02483723359182477
drift_medium,archived_original,fixed_0.20,0.2,4,noisy,mid,0,,,,,,,
drift_medium,archived_original,fixed_0.20,0.2,4,noisy,low,0,,,,,,,
drift_medium,archived_original,fixed_0.20,0.2,4,cond_residual_t20,high,4000,0.031590759522545274,0.021399561555313112,0.027963188476860523,0.0,0.128067746758461,0.01602761819958687,0.042909217067062855
drift_medium,archived_original,fixed_0.20,0.2,4,cond_residual_t20,mid,0,,,,,,,
drift_medium,archived_original,fixed_0.20,0.2,4,cond_residual_t20,low,0,,,,,,,
drift_medium,archived_original,fixed_0.20,0.2,4,gamma_4,high,4000,0.01764558595235576,0.011878927526630438,0.01567879132926464,0.0,0.06962132453918457,0.008686344837769866,0.024833063129335642
drift_medium,archived_original,fixed_0.20,0.2,4,gamma_4,mid,0,,,,,,,
drift_medium,archived_original,fixed_0.20,0.2,4,gamma_4,low,0,,,,,,,
burst_medium,archived_original,default,0.0140544418245553,1,noisy,high,351,0.0033844329565463314,0.0011811905565715065,0.003593557747080922,9.825579036260024e-05,0.005006195046007633,0.002589566516689956,0.004384332103654742
burst_medium,archived_original,default,0.0140544418245553,1,noisy,mid,2073,0.010783036208895314,0.003298685809564554,0.010689876973628998,0.005014616530388594,0.016917986795306206,0.00804123841226101,0.013574161566793919
burst_medium,archived_original,default,0.0140544418245553,1,noisy,low,1576,0.1747973691010233,0.1919517201052237,0.06979499012231827,0.01694335788488388,0.9783440828323364,0.020625434815883636,0.2966974899172783
burst_medium,archived_original,default,0.0140544418245553,1,cond_residual_t20,high,351,0.05163655085625138,0.041083777326575976,0.03987547382712364,0.000637934950646013,0.21375250816345215,0.019893172197043896,0.07610796764492989
burst_medium,archived_original,default,0.0140544418245553,1,cond_residual_t20,mid,2073,0.051580364807467104,0.04334648971834254,0.036415476351976395,0.0006575722363777459,0.2481553554534912,0.018944676965475082,0.07484066486358643
burst_medium,archived_original,default,0.0140544418245553,1,cond_residual_t20,low,1576,0.15386363663342792,0.1430188334112608,0.10637783631682396,0.001759979990310967,0.7122989296913147,0.035390025936067104,0.23567379638552666
burst_medium,archived_original,default,0.0140544418245553,1,gamma_1,high,351,0.011275107864614846,0.009347161932500188,0.008347917348146439,0.00010420870967209339,0.056393977254629135,0.004385560983791947,0.014795625116676092
burst_medium,archived_original,default,0.0140544418245553,1,gamma_1,mid,2073,0.027592510601290737,0.02339599943307977,0.019221821799874306,4.306409755372442e-05,0.1481958031654358,0.011033791117370129,0.03769635036587715
burst_medium,archived_original,default,0.0140544418245553,1,gamma_1,low,1576,0.14881477543645713,0.1456183378063733,0.094722431153059,0.001304620411247015,0.7122989296913147,0.02970362827181816,0.23565973341464996
burst_medium,archived_original,default,0.0140544418245553,2,noisy,high,351,0.0033844329565463314,0.0011811905565715065,0.003593557747080922,9.825579036260024e-05,0.005006195046007633,0.002589566516689956,0.004384332103654742
burst_medium,archived_original,default,0.0140544418245553,2,noisy,mid,2073,0.010783036208895314,0.003298685809564554,0.010689876973628998,0.005014616530388594,0.016917986795306206,0.00804123841226101,0.013574161566793919
burst_medium,archived_original,default,0.0140544418245553,2,noisy,low,1576,0.1747973691010233,0.1919517201052237,0.06979499012231827,0.01694335788488388,0.9783440828323364,0.020625434815883636,0.2966974899172783
burst_medium,archived_original,default,0.0140544418245553,2,cond_residual_t20,high,351,0.05163655085625138,0.041083777326575976,0.03987547382712364,0.000637934950646013,0.21375250816345215,0.019893172197043896,0.07610796764492989
burst_medium,archived_original,default,0.0140544418245553,2,cond_residual_t20,mid,2073,0.051580364807467104,0.04334648971834254,0.036415476351976395,0.0006575722363777459,0.2481553554534912,0.018944676965475082,0.07484066486358643
burst_medium,archived_original,default,0.0140544418245553,2,cond_residual_t20,low,1576,0.15386363663342792,0.1430188334112608,0.10637783631682396,0.001759979990310967,0.7122989296913147,0.035390025936067104,0.23567379638552666
burst_medium,archived_original,default,0.0140544418245553,2,gamma_2,high,351,0.004137892770191901,0.0026855329460362394,0.003596897004172206,8.19674605736509e-05,0.016360005363821983,0.0023333252174779773,0.005153046455234289
burst_medium,archived_original,default,0.0140544418245553,2,gamma_2,mid,2073,0.01687558013282874,0.013893228991237521,0.012624025344848633,0.0003016180999111384,0.09417565166950226,0.007808214519172907,0.02109546586871147
burst_medium,archived_original,default,0.0140544418245553,2,gamma_2,low,1576,0.14523509401591084,0.14767627407370337,0.08160318434238434,0.0008783466182649136,0.7122989296913147,0.02593394834548235,0.23551363125443459
burst_medium,archived_original,default,0.0140544418245553,3,noisy,high,351,0.0033844329565463314,0.0011811905565715065,0.003593557747080922,9.825579036260024e-05,0.005006195046007633,0.002589566516689956,0.004384332103654742
burst_medium,archived_original,default,0.0140544418245553,3,noisy,mid,2073,0.010783036208895314,0.003298685809564554,0.010689876973628998,0.005014616530388594,0.016917986795306206,0.00804123841226101,0.013574161566793919
burst_medium,archived_original,default,0.0140544418245553,3,noisy,low,1576,0.1747973691010233,0.1919517201052237,0.06979499012231827,0.01694335788488388,0.9783440828323364,0.020625434815883636,0.2966974899172783
burst_medium,archived_original,default,0.0140544418245553,3,cond_residual_t20,high,351,0.05163655085625138,0.041083777326575976,0.03987547382712364,0.000637934950646013,0.21375250816345215,0.019893172197043896,0.07610796764492989
burst_medium,archived_original,default,0.0140544418245553,3,cond_residual_t20,mid,2073,0.051580364807467104,0.04334648971834254,0.036415476351976395,0.0006575722363777459,0.2481553554534912,0.018944676965475082,0.07484066486358643
burst_medium,archived_original,default,0.0140544418245553,3,cond_residual_t20,low,1576,0.15386363663342792,0.1430188334112608,0.10637783631682396,0.001759979990310967,0.7122989296913147,0.035390025936067104,0.23567379638552666
burst_medium,archived_original,default,0.0140544418245553,3,gamma_3,high,351,0.0034090304253080613,0.0013489216861964132,0.003445943584665656,9.825579036260024e-05,0.007329731248319149,0.0024775085039436817,0.00432013045065105
burst_medium,archived_original,default,0.0140544418245553,3,gamma_3,mid,2073,0.012562087354153324,0.008746503977030045,0.010026399977505207,0.0003679115034174174,0.06729168444871902,0.006952419877052307,0.015084005892276764
burst_medium,archived_original,default,0.0140544418245553,3,gamma_3,low,1576,0.1427836076119614,0.1491724917887464,0.07303674519062042,0.00026354388683103025,0.7122989296913147,0.02255849028006196,0.23551363125443459
burst_medium,archived_original,default,0.0140544418245553,4,noisy,high,351,0.0033844329565463314,0.0011811905565715065,0.003593557747080922,9.825579036260024e-05,0.005006195046007633,0.002589566516689956,0.004384332103654742
burst_medium,archived_original,default,0.0140544418245553,4,noisy,mid,2073,0.010783036208895314,0.003298685809564554,0.010689876973628998,0.005014616530388594,0.016917986795306206,0.00804123841226101,0.013574161566793919
burst_medium,archived_original,default,0.0140544418245553,4,noisy,low,1576,0.1747973691010233,0.1919517201052237,0.06979499012231827,0.01694335788488388,0.9783440828323364,0.020625434815883636,0.2966974899172783
burst_medium,archived_original,default,0.0140544418245553,4,cond_residual_t20,high,351,0.05163655085625138,0.041083777326575976,0.03987547382712364,0.000637934950646013,0.21375250816345215,0.019893172197043896,0.07610796764492989
burst_medium,archived_original,default,0.0140544418245553,4,cond_residual_t20,mid,2073,0.051580364807467104,0.04334648971834254,0.036415476351976395,0.0006575722363777459,0.2481553554534912,0.018944676965475082,0.07484066486358643
burst_medium,archived_original,default,0.0140544418245553,4,cond_residual_t20,low,1576,0.15386363663342792,0.1430188334112608,0.10637783631682396,0.001759979990310967,0.7122989296913147,0.035390025936067104,0.23567379638552666
burst_medium,archived_original,default,0.0140544418245553,4,gamma_4,high,351,0.003380760874019961,0.001189093905608595,0.0035308676306158304,9.825579036260024e-05,0.00555496197193861,0.002581834443844855,0.004327108152210712
burst_medium,archived_original,default,0.0140544418245553,4,gamma_4,mid,2073,0.011034135666738313,0.005982575130658557,0.009630240499973297,0.00046928488882258534,0.05076691508293152,0.007121398579329252,0.013178869150578976
burst_medium,archived_original,default,0.0140544418245553,4,gamma_4,low,1576,0.14120135103280865,0.15015758920813388,0.06693112477660179,0.001441839151084423,0.7122989296913147,0.020749801769852638,0.23551363125443459
burst_medium,archived_original,fixed_0.02,0.02,1,noisy,high,707,0.0047491753992951104,0.0016423995184521568,0.00503778550773859,9.825579036260024e-05,0.007126110140234232,0.0036105718463659286,0.006117711309343576
burst_medium,archived_original,fixed_0.02,0.02,1,noisy,mid,2316,0.01383983764261818,0.004361643834315016,0.013334725052118301,0.007148391101509333,0.024075424298644066,0.010107531677931547,0.017122617457062006
burst_medium,archived_original,fixed_0.02,0.02,1,noisy,low,977,0.26981688100756923,0.1888867378603274,0.2459912747144699,0.02408229000866413,0.9783440828323364,0.12077414244413376,0.38794809579849243
burst_medium,archived_original,fixed_0.02,0.02,1,cond_residual_t20,high,707,0.05067289237710522,0.04074330343670683,0.038861047476530075,0.000637934950646013,0.22843928635120392,0.019492069259285927,0.07285760343074799
burst_medium,archived_original,fixed_0.02,0.02,1,cond_residual_t20,mid,2316,0.05159325671633778,0.04326176136852178,0.035776179283857346,0.0006575722363777459,0.2481553554534912,0.019431127700954676,0.07432514056563377
burst_medium,archived_original,fixed_0.02,0.02,1,cond_residual_t20,low,977,0.21721995851080272,0.14625040691971253,0.19471228122711182,0.004503353964537382,0.7122989296913147,0.10306448489427567,0.3140767514705658
burst_medium,archived_original,fixed_0.02,0.02,1,gamma_1,high,707,0.011309425329078677,0.009224031207215792,0.00839590560644865,9.33971896301955e-05,0.05523825064301491,0.00492501980625093,0.0152246686629951
burst_medium,archived_original,fixed_0.02,0.02,1,gamma_1,mid,2316,0.026462953965991312,0.021610400683279546,0.01936906762421131,0.0005719315377064049,0.14979568123817444,0.011187159921973944,0.035252620466053486
burst_medium,archived_original,fixed_0.02,0.02,1,gamma_1,low,977,0.2151537475971164,0.1482167698979339,0.19471260905265808,0.003999082371592522,0.7122989296913147,0.09352417290210724,0.3140767514705658
burst_medium,archived_original,fixed_0.02,0.02,2,noisy,high,707,0.0047491753992951104,0.0016423995184521568,0.00503778550773859,9.825579036260024e-05,0.007126110140234232,0.0036105718463659286,0.006117711309343576
burst_medium,archived_original,fixed_0.02,0.02,2,noisy,mid,2316,0.01383983764261818,0.004361643834315016,0.013334725052118301,0.007148391101509333,0.024075424298644066,0.010107531677931547,0.017122617457062006
burst_medium,archived_original,fixed_0.02,0.02,2,noisy,low,977,0.26981688100756923,0.1888867378603274,0.2459912747144699,0.02408229000866413,0.9783440828323364,0.12077414244413376,0.38794809579849243
burst_medium,archived_original,fixed_0.02,0.02,2,cond_residual_t20,high,707,0.05067289237710522,0.04074330343670683,0.038861047476530075,0.000637934950646013,0.22843928635120392,0.019492069259285927,0.07285760343074799
burst_medium,archived_original,fixed_0.02,0.02,2,cond_residual_t20,mid,2316,0.05159325671633778,0.04326176136852178,0.035776179283857346,0.0006575722363777459,0.2481553554534912,0.019431127700954676,0.07432514056563377
burst_medium,archived_original,fixed_0.02,0.02,2,cond_residual_t20,low,977,0.21721995851080272,0.14625040691971253,0.19471228122711182,0.004503353964537382,0.7122989296913147,0.10306448489427567,0.3140767514705658
burst_medium,archived_original,fixed_0.02,0.02,2,gamma_2,high,707,0.005158395515714066,0.002845600664277722,0.004773538559675217,9.815350495046005e-05,0.01995932124555111,0.003129390417598188,0.006631681462749839
burst_medium,archived_original,fixed_0.02,0.02,2,gamma_2,mid,2316,0.016977000476204398,0.012435065799714968,0.013399097137153149,0.00019790326768998057,0.10464857518672943,0.009015185991302133,0.020704425871372223
burst_medium,archived_original,fixed_0.02,0.02,2,gamma_2,low,977,0.2138223078274888,0.149552404450866,0.19471295177936554,0.0022555373143404722,0.7122989296913147,0.0904587134718895,0.31407663226127625
burst_medium,archived_original,fixed_0.02,0.02,3,noisy,high,707,0.0047491753992951104,0.0016423995184521568,0.00503778550773859,9.825579036260024e-05,0.007126110140234232,0.0036105718463659286,0.006117711309343576
burst_medium,archived_original,fixed_0.02,0.02,3,noisy,mid,2316,0.01383983764261818,0.004361643834315016,0.013334725052118301,0.007148391101509333,0.024075424298644066,0.010107531677931547,0.017122617457062006
burst_medium,archived_original,fixed_0.02,0.02,3,noisy,low,977,0.26981688100756923,0.1888867378603274,0.2459912747144699,0.02408229000866413,0.9783440828323364,0.12077414244413376,0.38794809579849243
burst_medium,archived_original,fixed_0.02,0.02,3,cond_residual_t20,high,707,0.05067289237710522,0.04074330343670683,0.038861047476530075,0.000637934950646013,0.22843928635120392,0.019492069259285927,0.07285760343074799
burst_medium,archived_original,fixed_0.02,0.02,3,cond_residual_t20,mid,2316,0.05159325671633778,0.04326176136852178,0.035776179283857346,0.0006575722363777459,0.2481553554534912,0.019431127700954676,0.07432514056563377
burst_medium,archived_original,fixed_0.02,0.02,3,cond_residual_t20,low,977,0.21721995851080272,0.14625040691971253,0.19471228122711182,0.004503353964537382,0.7122989296913147,0.10306448489427567,0.3140767514705658
burst_medium,archived_original,fixed_0.02,0.02,3,gamma_3,high,707,0.004733656678077336,0.00173627061396663,0.0048645129427313805,9.825579036260024e-05,0.010579968802630901,0.0035425358219072223,0.006044736597687006
burst_medium,archived_original,fixed_0.02,0.02,3,gamma_3,mid,2316,0.01410661549467502,0.008075935897734296,0.012042623944580555,0.0004256830143276602,0.07532236725091934,0.008955083787441254,0.01671486208215356
burst_medium,archived_original,fixed_0.02,0.02,3,gamma_3,low,977,0.2130206838438903,0.15036748484248663,0.1947130262851715,0.003499513491988182,0.7122989296913147,0.08883475512266159,0.31407657265663147
burst_medium,archived_original,fixed_0.02,0.02,4,noisy,high,707,0.0047491753992951104,0.0016423995184521568,0.00503778550773859,9.825579036260024e-05,0.007126110140234232,0.0036105718463659286,0.006117711309343576
burst_medium,archived_original,fixed_0.02,0.02,4,noisy,mid,2316,0.01383983764261818,0.004361643834315016,0.013334725052118301,0.007148391101509333,0.024075424298644066,0.010107531677931547,0.017122617457062006
burst_medium,archived_original,fixed_0.02,0.02,4,noisy,low,977,0.26981688100756923,0.1888867378603274,0.2459912747144699,0.02408229000866413,0.9783440828323364,0.12077414244413376,0.38794809579849243
burst_medium,archived_original,fixed_0.02,0.02,4,cond_residual_t20,high,707,0.05067289237710522,0.04074330343670683,0.038861047476530075,0.000637934950646013,0.22843928635120392,0.019492069259285927,0.07285760343074799
burst_medium,archived_original,fixed_0.02,0.02,4,cond_residual_t20,mid,2316,0.05159325671633778,0.04326176136852178,0.035776179283857346,0.0006575722363777459,0.2481553554534912,0.019431127700954676,0.07432514056563377
burst_medium,archived_original,fixed_0.02,0.02,4,cond_residual_t20,low,977,0.21721995851080272,0.14625040691971253,0.19471228122711182,0.004503353964537382,0.7122989296913147,0.10306448489427567,0.3140767514705658
burst_medium,archived_original,fixed_0.02,0.02,4,gamma_4,high,707,0.004738282402729944,0.00164037078489337,0.005013507790863514,9.825579036260024e-05,0.00795960333198309,0.003574610920622945,0.006070597795769572
burst_medium,archived_original,fixed_0.02,0.02,4,gamma_4,mid,2316,0.013536820237224018,0.005853203730080105,0.012184318620711565,0.0030911192297935486,0.05758552625775337,0.009455935098230839,0.01595758693292737
burst_medium,archived_original,fixed_0.02,0.02,4,gamma_4,low,977,0.21255155494141115,0.15084189822865926,0.1944141685962677,0.004277503117918968,0.7122989296913147,0.08703194558620453,0.31407657265663147
burst_medium,archived_original,fixed_0.05,0.05,1,noisy,high,2533,0.010041788865972314,0.0042439535000705405,0.010004040785133839,9.825579036260024e-05,0.017814110964536667,0.006664732936769724,0.013556727208197117
burst_medium,archived_original,fixed_0.05,0.05,1,noisy,mid,672,0.022726822342346645,0.005385862405886456,0.021158918738365173,0.01784094050526619,0.05925117805600166,0.019328727386891842,0.024344374425709248
burst_medium,archived_original,fixed_0.05,0.05,1,noisy,low,795,0.3249227017867115,0.16593656284431674,0.2956434488296509,0.060771118849515915,0.9783440828323364,0.2047451287508011,0.42360202968120575
burst_medium,archived_original,fixed_0.05,0.05,1,cond_residual_t20,high,2533,0.05133928981165398,0.042804547086460476,0.036516159772872925,0.000637934950646013,0.2481553554534912,0.019207460805773735,0.07448640465736389
burst_medium,archived_original,fixed_0.05,0.05,1,cond_residual_t20,mid,672,0.05214648224777886,0.04111080191972471,0.03771696612238884,0.003247238229960203,0.21929775178432465,0.02157503692433238,0.07223069295287132
burst_medium,archived_original,fixed_0.05,0.05,1,cond_residual_t20,low,795,0.2546600751789673,0.1357366430994504,0.23525170981884003,0.011783741414546967,0.7122989296913147,0.15388676524162292,0.3374680429697037
burst_medium,archived_original,fixed_0.05,0.05,1,gamma_1,high,2533,0.012556397207876532,0.009094826882970664,0.0104678338393569,9.102043259190395e-05,0.06408942490816116,0.006337634287774563,0.016029270365834236
burst_medium,archived_original,fixed_0.05,0.05,1,gamma_1,mid,672,0.02555515755825798,0.015567294797463271,0.021432951092720032,0.001745451707392931,0.11300988495349884,0.014783528633415699,0.03243772312998772
burst_medium,archived_original,fixed_0.05,0.05,1,gamma_1,low,795,0.25428998331018027,0.1359680830574465,0.23431925475597382,0.010946834459900856,0.7122989296913147,0.1533307507634163,0.33748388290405273
burst_medium,archived_original,fixed_0.05,0.05,2,noisy,high,2533,0.010041788865972314,0.0042439535000705405,0.010004040785133839,9.825579036260024e-05,0.017814110964536667,0.006664732936769724,0.013556727208197117
burst_medium,archived_original,fixed_0.05,0.05,2,noisy,mid,672,0.022726822342346645,0.005385862405886456,0.021158918738365173,0.01784094050526619,0.05925117805600166,0.019328727386891842,0.024344374425709248
burst_medium,archived_original,fixed_0.05,0.05,2,noisy,low,795,0.3249227017867115,0.16593656284431674,0.2956434488296509,0.060771118849515915,0.9783440828323364,0.2047451287508011,0.42360202968120575
burst_medium,archived_original,fixed_0.05,0.05,2,cond_residual_t20,high,2533,0.05133928981165398,0.042804547086460476,0.036516159772872925,0.000637934950646013,0.2481553554534912,0.019207460805773735,0.07448640465736389
burst_medium,archived_original,fixed_0.05,0.05,2,cond_residual_t20,mid,672,0.05214648224777886,0.04111080191972471,0.03771696612238884,0.003247238229960203,0.21929775178432465,0.02157503692433238,0.07223069295287132
burst_medium,archived_original,fixed_0.05,0.05,2,cond_residual_t20,low,795,0.2546600751789673,0.1357366430994504,0.23525170981884003,0.011783741414546967,0.7122989296913147,0.15388676524162292,0.3374680429697037
burst_medium,archived_original,fixed_0.05,0.05,2,gamma_2,high,2533,0.009841859672698999,0.004533286093732034,0.009547187946736813,9.825906454352662e-05,0.02990056946873665,0.00641538156196475,0.012965122237801552
burst_medium,archived_original,fixed_0.05,0.05,2,gamma_2,mid,672,0.021683564141789076,0.007729914912639504,0.020191860385239124,0.002658528508618474,0.08482654392719269,0.017341251485049725,0.024602252058684826
burst_medium,archived_original,fixed_0.05,0.05,2,gamma_2,low,795,0.254176184699033,0.1359440467162843,0.2344091832637787,0.01102706603705883,0.7122989296913147,0.15199822932481766,0.3374997526407242
burst_medium,archived_original,fixed_0.05,0.05,3,noisy,high,2533,0.010041788865972314,0.0042439535000705405,0.010004040785133839,9.825579036260024e-05,0.017814110964536667,0.006664732936769724,0.013556727208197117
burst_medium,archived_original,fixed_0.05,0.05,3,noisy,mid,672,0.022726822342346645,0.005385862405886456,0.021158918738365173,0.01784094050526619,0.05925117805600166,0.019328727386891842,0.024344374425709248
burst_medium,archived_original,fixed_0.05,0.05,3,noisy,low,795,0.3249227017867115,0.16593656284431674,0.2956434488296509,0.060771118849515915,0.9783440828323364,0.2047451287508011,0.42360202968120575
burst_medium,archived_original,fixed_0.05,0.05,3,cond_residual_t20,high,2533,0.05133928981165398,0.042804547086460476,0.036516159772872925,0.000637934950646013,0.2481553554534912,0.019207460805773735,0.07448640465736389
burst_medium,archived_original,fixed_0.05,0.05,3,cond_residual_t20,mid,672,0.05214648224777886,0.04111080191972471,0.03771696612238884,0.003247238229960203,0.21929775178432465,0.02157503692433238,0.07223069295287132
burst_medium,archived_original,fixed_0.05,0.05,3,cond_residual_t20,low,795,0.2546600751789673,0.1357366430994504,0.23525170981884003,0.011783741414546967,0.7122989296913147,0.15388676524162292,0.3374680429697037
burst_medium,archived_original,fixed_0.05,0.05,3,gamma_3,high,2533,0.009964848430713165,0.0042020954882775255,0.009971888735890388,9.825579036260024e-05,0.021242747083306313,0.006661626510322094,0.013317704200744629
burst_medium,archived_original,fixed_0.05,0.05,3,gamma_3,mid,672,0.02201968572557061,0.005302197621244613,0.020721941255033016,0.012053603306412697,0.06893370300531387,0.018728422932326794,0.02354978583753109
burst_medium,archived_original,fixed_0.05,0.05,3,gamma_3,low,795,0.25421557744508083,0.1357770510825212,0.23449917137622833,0.012355291284620762,0.7122988104820251,0.1518421396613121,0.3375154733657837
burst_medium,archived_original,fixed_0.05,0.05,4,noisy,high,2533,0.010041788865972314,0.0042439535000705405,0.010004040785133839,9.825579036260024e-05,0.017814110964536667,0.006664732936769724,0.013556727208197117
burst_medium,archived_original,fixed_0.05,0.05,4,noisy,mid,672,0.022726822342346645,0.005385862405886456,0.021158918738365173,0.01784094050526619,0.05925117805600166,0.019328727386891842,0.024344374425709248
burst_medium,archived_original,fixed_0.05,0.05,4,noisy,low,795,0.3249227017867115,0.16593656284431674,0.2956434488296509,0.060771118849515915,0.9783440828323364,0.2047451287508011,0.42360202968120575
burst_medium,archived_original,fixed_0.05,0.05,4,cond_residual_t20,high,2533,0.05133928981165398,0.042804547086460476,0.036516159772872925,0.000637934950646013,0.2481553554534912,0.019207460805773735,0.07448640465736389
burst_medium,archived_original,fixed_0.05,0.05,4,cond_residual_t20,mid,672,0.05214648224777886,0.04111080191972471,0.03771696612238884,0.003247238229960203,0.21929775178432465,0.02157503692433238,0.07223069295287132
burst_medium,archived_original,fixed_0.05,0.05,4,cond_residual_t20,low,795,0.2546600751789673,0.1357366430994504,0.23525170981884003,0.011783741414546967,0.7122989296913147,0.15388676524162292,0.3374680429697037
burst_medium,archived_original,fixed_0.05,0.05,4,gamma_4,high,2533,0.01002148188159198,0.004224895112211238,0.009989520534873009,9.825579036260024e-05,0.0186819676309824,0.006671689450740814,0.013483108952641487
burst_medium,archived_original,fixed_0.05,0.05,4,gamma_4,mid,672,0.022372680001093874,0.004918919944913888,0.02096649818122387,0.01644056662917137,0.06111030653119087,0.019259926863014698,0.024042310658842325
burst_medium,archived_original,fixed_0.05,0.05,4,gamma_4,low,795,0.25435040140372217,0.1355247609174838,0.23448388278484344,0.014535815455019474,0.7122988104820251,0.15133485943078995,0.3375314474105835
burst_medium,archived_original,fixed_0.10,0.1,1,noisy,high,3191,0.012544041610344983,0.006424319254043276,0.011779227294027805,9.825579036260024e-05,0.035070400685071945,0.007634943351149559,0.016746090725064278
burst_medium,archived_original,fixed_0.10,0.1,1,noisy,mid,74,0.08583069914901578,0.02333467979581297,0.09096536412835121,0.03644051402807236,0.11840412765741348,0.0677622277289629,0.10446582920849323
burst_medium,archived_original,fixed_0.10,0.1,1,noisy,low,735,0.34373104111069724,0.15834854836565526,0.3118767738342285,0.12043372541666031,0.9783440828323364,0.22409112751483917,0.4334326684474945
burst_medium,archived_original,fixed_0.10,0.1,1,cond_residual_t20,high,3191,0.05140585759804584,0.042430791609401386,0.03656819835305214,0.000637934950646013,0.2481553554534912,0.019761376082897186,0.07417592406272888
burst_medium,archived_original,fixed_0.10,0.1,1,cond_residual_t20,mid,74,0.09298581363180199,0.047792850328931165,0.08763594925403595,0.011783741414546967,0.23798328638076782,0.056343378499150276,0.12325683608651161
burst_medium,archived_original,fixed_0.10,0.1,1,cond_residual_t20,low,735,0.26751370765522225,0.13247761146751785,0.24834738671779633,0.01221311092376709,0.7122989296913147,0.16788649559020996,0.34478335082530975
burst_medium,archived_original,fixed_0.10,0.1,1,gamma_1,high,3191,0.012692892613075542,0.008107555810524211,0.011082668788731098,8.690062531968579e-05,0.05848236009478569,0.006927161943167448,0.01665619108825922
burst_medium,archived_original,fixed_0.10,0.1,1,gamma_1,mid,74,0.07825708930456154,0.035393552189016034,0.0776643306016922,0.018222497776150703,0.16062812507152557,0.049502311274409294,0.10373688861727715
burst_medium,archived_original,fixed_0.10,0.1,1,gamma_1,low,735,0.26952070597381816,0.13040952805136646,0.25005391240119934,0.025063037872314453,0.7123171091079712,0.1705346181988716,0.34503188729286194
burst_medium,archived_original,fixed_0.10,0.1,2,noisy,high,3191,0.012544041610344983,0.006424319254043276,0.011779227294027805,9.825579036260024e-05,0.035070400685071945,0.007634943351149559,0.016746090725064278
burst_medium,archived_original,fixed_0.10,0.1,2,noisy,mid,74,0.08583069914901578,0.02333467979581297,0.09096536412835121,0.03644051402807236,0.11840412765741348,0.0677622277289629,0.10446582920849323
burst_medium,archived_original,fixed_0.10,0.1,2,noisy,low,735,0.34373104111069724,0.15834854836565526,0.3118767738342285,0.12043372541666031,0.9783440828323364,0.22409112751483917,0.4334326684474945
burst_medium,archived_original,fixed_0.10,0.1,2,cond_residual_t20,high,3191,0.05140585759804584,0.042430791609401386,0.03656819835305214,0.000637934950646013,0.2481553554534912,0.019761376082897186,0.07417592406272888
burst_medium,archived_original,fixed_0.10,0.1,2,cond_residual_t20,mid,74,0.09298581363180199,0.047792850328931165,0.08763594925403595,0.011783741414546967,0.23798328638076782,0.056343378499150276,0.12325683608651161
burst_medium,archived_original,fixed_0.10,0.1,2,cond_residual_t20,low,735,0.26751370765522225,0.13247761146751785,0.24834738671779633,0.01221311092376709,0.7122989296913147,0.16788649559020996,0.34478335082530975
burst_medium,archived_original,fixed_0.10,0.1,2,gamma_2,high,3191,0.01236606826424625,0.006300755830973932,0.011636000126600266,9.825579036260024e-05,0.03926633670926094,0.00756480754353106,0.01632450893521309
burst_medium,archived_original,fixed_0.10,0.1,2,gamma_2,mid,74,0.07809519976679538,0.02821825936048872,0.07934736460447311,0.023385467007756233,0.14436110854148865,0.05144316144287586,0.09921563044190407
burst_medium,archived_original,fixed_0.10,0.1,2,gamma_2,low,735,0.27181926089383307,0.1281617802503726,0.25041836500167847,0.048168081790208817,0.712335467338562,0.17306648939847946,0.3453086018562317
burst_medium,archived_original,fixed_0.10,0.1,3,noisy,high,3191,0.012544041610344983,0.006424319254043276,0.011779227294027805,9.825579036260024e-05,0.035070400685071945,0.007634943351149559,0.016746090725064278
burst_medium,archived_original,fixed_0.10,0.1,3,noisy,mid,74,0.08583069914901578,0.02333467979581297,0.09096536412835121,0.03644051402807236,0.11840412765741348,0.0677622277289629,0.10446582920849323
burst_medium,archived_original,fixed_0.10,0.1,3,noisy,low,735,0.34373104111069724,0.15834854836565526,0.3118767738342285,0.12043372541666031,0.9783440828323364,0.22409112751483917,0.4334326684474945
burst_medium,archived_original,fixed_0.10,0.1,3,cond_residual_t20,high,3191,0.05140585759804584,0.042430791609401386,0.03656819835305214,0.000637934950646013,0.2481553554534912,0.019761376082897186,0.07417592406272888
burst_medium,archived_original,fixed_0.10,0.1,3,cond_residual_t20,mid,74,0.09298581363180199,0.047792850328931165,0.08763594925403595,0.011783741414546967,0.23798328638076782,0.056343378499150276,0.12325683608651161
burst_medium,archived_original,fixed_0.10,0.1,3,cond_residual_t20,low,735,0.26751370765522225,0.13247761146751785,0.24834738671779633,0.01221311092376709,0.7122989296913147,0.16788649559020996,0.34478335082530975
burst_medium,archived_original,fixed_0.10,0.1,3,gamma_3,high,3191,0.01250828117121306,0.006375997021105348,0.011773361824452877,9.825579036260024e-05,0.0363025963306427,0.0076325018890202045,0.016660718247294426
burst_medium,archived_original,fixed_0.10,0.1,3,gamma_3,mid,74,0.08041041364540925,0.02408543173756323,0.08298606425523758,0.0357259176671505,0.13561731576919556,0.0597674623131752,0.0997247863560915
burst_medium,archived_original,fixed_0.10,0.1,3,gamma_3,low,735,0.2740980832957897,0.1261029556767328,0.25038039684295654,0.06871367990970612,0.7123536467552185,0.17570031434297562,0.3451315015554428
burst_medium,archived_original,fixed_0.10,0.1,4,noisy,high,3191,0.012544041610344983,0.006424319254043276,0.011779227294027805,9.825579036260024e-05,0.035070400685071945,0.007634943351149559,0.016746090725064278
burst_medium,archived_original,fixed_0.10,0.1,4,noisy,mid,74,0.08583069914901578,0.02333467979581297,0.09096536412835121,0.03644051402807236,0.11840412765741348,0.0677622277289629,0.10446582920849323
burst_medium,archived_original,fixed_0.10,0.1,4,noisy,low,735,0.34373104111069724,0.15834854836565526,0.3118767738342285,0.12043372541666031,0.9783440828323364,0.22409112751483917,0.4334326684474945
burst_medium,archived_original,fixed_0.10,0.1,4,cond_residual_t20,high,3191,0.05140585759804584,0.042430791609401386,0.03656819835305214,0.000637934950646013,0.2481553554534912,0.019761376082897186,0.07417592406272888
burst_medium,archived_original,fixed_0.10,0.1,4,cond_residual_t20,mid,74,0.09298581363180199,0.047792850328931165,0.08763594925403595,0.011783741414546967,0.23798328638076782,0.056343378499150276,0.12325683608651161
burst_medium,archived_original,fixed_0.10,0.1,4,cond_residual_t20,low,735,0.26751370765522225,0.13247761146751785,0.24834738671779633,0.01221311092376709,0.7122989296913147,0.16788649559020996,0.34478335082530975
burst_medium,archived_original,fixed_0.10,0.1,4,gamma_4,high,3191,0.012536944180752598,0.006412346276476919,0.011773361824452877,9.825579036260024e-05,0.035434093326330185,0.007636408321559429,0.016731970943510532
burst_medium,archived_original,fixed_0.10,0.1,4,gamma_4,mid,74,0.08226638126212198,0.022631514483390416,0.08663009479641914,0.03699847683310509,0.12974216043949127,0.06540382467210293,0.10026287473738194
burst_medium,archived_original,fixed_0.10,0.1,4,gamma_4,low,735,0.2762601517597023,0.12429959606837278,0.2526983320713043,0.0865233764052391,0.712371826171875,0.1790498048067093,0.3460869640111923
burst_medium,archived_original,fixed_0.20,0.2,1,noisy,high,3213,0.012834735768287645,0.007348561911879736,0.01186963077634573,9.825579036260024e-05,0.0704122930765152,0.007659005932509899,0.016819486394524574
burst_medium,archived_original,fixed_0.20,0.2,1,noisy,mid,285,0.1709023678511904,0.047980071170812426,0.17582403123378754,0.07148522883653641,0.2405111938714981,0.13040898740291595,0.21486184000968933
burst_medium,archived_original,fixed_0.20,0.2,1,noisy,low,502,0.41648733639622115,0.1392139296615445,0.3837755471467972,0.24083711206912994,0.9783440828323364,0.307577408850193,0.4939735680818558
burst_medium,archived_original,fixed_0.20,0.2,1,cond_residual_t20,high,3213,0.051584944656373685,0.042573854268023785,0.036707278341054916,0.000637934950646013,0.2481553554534912,0.01983678713440895,0.07426055520772934
burst_medium,archived_original,fixed_0.20,0.2,1,cond_residual_t20,mid,285,0.1383801811619809,0.05935959375865353,0.13466228544712067,0.01221311092376709,0.31545835733413696,0.09674286097288132,0.17717908322811127
burst_medium,archived_original,fixed_0.20,0.2,1,cond_residual_t20,low,502,0.3234239803159617,0.11925276560327527,0.31078627705574036,0.07988838106393814,0.7122989296913147,0.23656336590647697,0.3911047577857971
burst_medium,archived_original,fixed_0.20,0.2,1,gamma_1,high,3213,0.012483701292120262,0.007580959889371844,0.011277563869953156,7.434723374899477e-05,0.10847270488739014,0.007227745372802019,0.01622871123254299
burst_medium,archived_original,fixed_0.20,0.2,1,gamma_1,mid,285,0.1453312079765295,0.049180751328455376,0.14381051063537598,0.024444706737995148,0.2786554992198944,0.1077866330742836,0.17758311331272125
burst_medium,archived_original,fixed_0.20,0.2,1,gamma_1,low,502,0.3335668811522632,0.11324601713511426,0.3173852562904358,0.1204066127538681,0.7131285667419434,0.25149039179086685,0.3972797989845276
burst_medium,archived_original,fixed_0.20,0.2,2,noisy,high,3213,0.012834735768287645,0.007348561911879736,0.01186963077634573,9.825579036260024e-05,0.0704122930765152,0.007659005932509899,0.016819486394524574
burst_medium,archived_original,fixed_0.20,0.2,2,noisy,mid,285,0.1709023678511904,0.047980071170812426,0.17582403123378754,0.07148522883653641,0.2405111938714981,0.13040898740291595,0.21486184000968933
burst_medium,archived_original,fixed_0.20,0.2,2,noisy,low,502,0.41648733639622115,0.1392139296615445,0.3837755471467972,0.24083711206912994,0.9783440828323364,0.307577408850193,0.4939735680818558
burst_medium,archived_original,fixed_0.20,0.2,2,cond_residual_t20,high,3213,0.051584944656373685,0.042573854268023785,0.036707278341054916,0.000637934950646013,0.2481553554534912,0.01983678713440895,0.07426055520772934
burst_medium,archived_original,fixed_0.20,0.2,2,cond_residual_t20,mid,285,0.1383801811619809,0.05935959375865353,0.13466228544712067,0.01221311092376709,0.31545835733413696,0.09674286097288132,0.17717908322811127
burst_medium,archived_original,fixed_0.20,0.2,2,cond_residual_t20,low,502,0.3234239803159617,0.11925276560327527,0.31078627705574036,0.07988838106393814,0.7122989296913147,0.23656336590647697,0.3911047577857971
burst_medium,archived_original,fixed_0.20,0.2,2,gamma_2,high,3213,0.012769624089086272,0.0072414446847664325,0.011849354952573776,9.825579036260024e-05,0.07451958954334259,0.007651236839592457,0.016714543104171753
burst_medium,archived_original,fixed_0.20,0.2,2,gamma_2,mid,285,0.15425421642629725,0.044067363083296576,0.1550678014755249,0.06426933407783508,0.26598891615867615,0.11733599752187729,0.1866258829832077
burst_medium,archived_original,fixed_0.20,0.2,2,gamma_2,low,502,0.3425603773726885,0.10882357133206273,0.32470573484897614,0.15639521181583405,0.7139524221420288,0.26154664158821106,0.402804896235466
burst_medium,archived_original,fixed_0.20,0.2,3,noisy,high,3213,0.012834735768287645,0.007348561911879736,0.01186963077634573,9.825579036260024e-05,0.0704122930765152,0.007659005932509899,0.016819486394524574
burst_medium,archived_original,fixed_0.20,0.2,3,noisy,mid,285,0.1709023678511904,0.047980071170812426,0.17582403123378754,0.07148522883653641,0.2405111938714981,0.13040898740291595,0.21486184000968933
burst_medium,archived_original,fixed_0.20,0.2,3,noisy,low,502,0.41648733639622115,0.1392139296615445,0.3837755471467972,0.24083711206912994,0.9783440828323364,0.307577408850193,0.4939735680818558
burst_medium,archived_original,fixed_0.20,0.2,3,cond_residual_t20,high,3213,0.051584944656373685,0.042573854268023785,0.036707278341054916,0.000637934950646013,0.2481553554534912,0.01983678713440895,0.07426055520772934
burst_medium,archived_original,fixed_0.20,0.2,3,cond_residual_t20,mid,285,0.1383801811619809,0.05935959375865353,0.13466228544712067,0.01221311092376709,0.31545835733413696,0.09674286097288132,0.17717908322811127
burst_medium,archived_original,fixed_0.20,0.2,3,cond_residual_t20,low,502,0.3234239803159617,0.11925276560327527,0.31078627705574036,0.07988838106393814,0.7122989296913147,0.23656336590647697,0.3911047577857971
burst_medium,archived_original,fixed_0.20,0.2,3,gamma_3,high,3213,0.012826481924977422,0.007323776668825576,0.011867725290358067,9.825579036260024e-05,0.06982524693012238,0.007666594814509153,0.016805358231067657
burst_medium,archived_original,fixed_0.20,0.2,3,gamma_3,mid,285,0.16028643036097812,0.04323740760001278,0.1624116748571396,0.06930471956729889,0.2582882046699524,0.12367508560419083,0.19503816962242126
burst_medium,archived_original,fixed_0.20,0.2,3,gamma_3,low,502,0.3503581485544068,0.10575946882971689,0.3307862728834152,0.18404215574264526,0.7157495617866516,0.26780644804239273,0.4085928350687027
burst_medium,archived_original,fixed_0.20,0.2,4,noisy,high,3213,0.012834735768287645,0.007348561911879736,0.01186963077634573,9.825579036260024e-05,0.0704122930765152,0.007659005932509899,0.016819486394524574
burst_medium,archived_original,fixed_0.20,0.2,4,noisy,mid,285,0.1709023678511904,0.047980071170812426,0.17582403123378754,0.07148522883653641,0.2405111938714981,0.13040898740291595,0.21486184000968933
burst_medium,archived_original,fixed_0.20,0.2,4,noisy,low,502,0.41648733639622115,0.1392139296615445,0.3837755471467972,0.24083711206912994,0.9783440828323364,0.307577408850193,0.4939735680818558
burst_medium,archived_original,fixed_0.20,0.2,4,cond_residual_t20,high,3213,0.051584944656373685,0.042573854268023785,0.036707278341054916,0.000637934950646013,0.2481553554534912,0.01983678713440895,0.07426055520772934
burst_medium,archived_original,fixed_0.20,0.2,4,cond_residual_t20,mid,285,0.1383801811619809,0.05935959375865353,0.13466228544712067,0.01221311092376709,0.31545835733413696,0.09674286097288132,0.17717908322811127
burst_medium,archived_original,fixed_0.20,0.2,4,cond_residual_t20,low,502,0.3234239803159617,0.11925276560327527,0.31078627705574036,0.07988838106393814,0.7122989296913147,0.23656336590647697,0.3911047577857971
burst_medium,archived_original,fixed_0.20,0.2,4,gamma_4,high,3213,0.012833413326464285,0.007342699262561918,0.011869510635733604,9.825579036260024e-05,0.06979188323020935,0.007659281138330698,0.01682017743587494
burst_medium,archived_original,fixed_0.20,0.2,4,gamma_4,mid,285,0.16411688766981425,0.043905697842313886,0.16828285157680511,0.07082892209291458,0.25292137265205383,0.12725387513637543,0.20015843212604523
burst_medium,archived_original,fixed_0.20,0.2,4,gamma_4,low,502,0.35707056516432667,0.10376127214829098,0.33732978999614716,0.20463505387306213,0.717677652835846,0.27313002943992615,0.41320113837718964
bias_medium,archived_original,default,0.1729253381490707,1,noisy,high,220,0.04233614282513207,0.013584644758343452,0.0481833778321743,0.018522178754210472,0.06126352772116661,0.03133554011583328,0.05310067534446716
bias_medium,archived_original,default,0.1729253381490707,1,noisy,mid,2220,0.1339530876359424,0.037312928072225755,0.1341482698917389,0.0706474781036377,0.20763111114501953,0.10210229456424713,0.16677053272724152
bias_medium,archived_original,default,0.1729253381490707,1,noisy,low,1560,0.2880081167874428,0.06580969118287006,0.27506279945373535,0.20911908149719238,0.5542882084846497,0.24418862164020538,0.31757035851478577
bias_medium,archived_original,default,0.1729253381490707,1,cond_residual_t20,high,220,0.04750465570779687,0.022162812378895502,0.049632685258984566,0.004089112393558025,0.0954039916396141,0.031189724802970886,0.06567448563873768
bias_medium,archived_original,default,0.1729253381490707,1,cond_residual_t20,mid,2220,0.135917606743405,0.03918599529589467,0.13437029719352722,0.038465529680252075,0.24643568694591522,0.10542456433176994,0.1631053201854229
bias_medium,archived_original,default,0.1729253381490707,1,cond_residual_t20,low,1560,0.2841569752742847,0.06743542268040745,0.2675224542617798,0.16004259884357452,0.5624329447746277,0.23873012885451317,0.31427064538002014
bias_medium,archived_original,default,0.1729253381490707,1,gamma_1,high,220,0.04195778806355189,0.014742773565160265,0.042579181492328644,0.015204801224172115,0.06798743456602097,0.03287807013839483,0.05493864230811596
bias_medium,archived_original,default,0.1729253381490707,1,gamma_1,mid,2220,0.13393345361424458,0.03730318410473037,0.13198641687631607,0.06362511217594147,0.22595353424549103,0.10410119965672493,0.16227241978049278
bias_medium,archived_original,default,0.1729253381490707,1,gamma_1,low,1560,0.2846246141271713,0.06629311599954409,0.2666036784648895,0.1758112609386444,0.5621026754379272,0.24004905298352242,0.3163130134344101
bias_medium,archived_original,default,0.1729253381490707,2,noisy,high,220,0.04233614282513207,0.013584644758343452,0.0481833778321743,0.018522178754210472,0.06126352772116661,0.03133554011583328,0.05310067534446716
bias_medium,archived_original,default,0.1729253381490707,2,noisy,mid,2220,0.1339530876359424,0.037312928072225755,0.1341482698917389,0.0706474781036377,0.20763111114501953,0.10210229456424713,0.16677053272724152
bias_medium,archived_original,default,0.1729253381490707,2,noisy,low,1560,0.2880081167874428,0.06580969118287006,0.27506279945373535,0.20911908149719238,0.5542882084846497,0.24418862164020538,0.31757035851478577
bias_medium,archived_original,default,0.1729253381490707,2,cond_residual_t20,high,220,0.04750465570779687,0.022162812378895502,0.049632685258984566,0.004089112393558025,0.0954039916396141,0.031189724802970886,0.06567448563873768
bias_medium,archived_original,default,0.1729253381490707,2,cond_residual_t20,mid,2220,0.135917606743405,0.03918599529589467,0.13437029719352722,0.038465529680252075,0.24643568694591522,0.10542456433176994,0.1631053201854229
bias_medium,archived_original,default,0.1729253381490707,2,cond_residual_t20,low,1560,0.2841569752742847,0.06743542268040745,0.2675224542617798,0.16004259884357452,0.5624329447746277,0.23873012885451317,0.31427064538002014
bias_medium,archived_original,default,0.1729253381490707,2,gamma_2,high,220,0.04221039014783773,0.013657448489505331,0.04480108618736267,0.018178870901465416,0.06326574087142944,0.031836485490202904,0.052948315627872944
bias_medium,archived_original,default,0.1729253381490707,2,gamma_2,mid,2220,0.1335897601066946,0.0369448743424447,0.1317625716328621,0.06884123384952545,0.22043834626674652,0.10350441746413708,0.16351168602705002
bias_medium,archived_original,default,0.1729253381490707,2,gamma_2,low,1560,0.28508105534964645,0.06560695863041824,0.2678336650133133,0.18715721368789673,0.5617858171463013,0.24066496267914772,0.3173327371478081
bias_medium,archived_original,default,0.1729253381490707,3,noisy,high,220,0.04233614282513207,0.013584644758343452,0.0481833778321743,0.018522178754210472,0.06126352772116661,0.03133554011583328,0.05310067534446716
bias_medium,archived_original,default,0.1729253381490707,3,noisy,mid,2220,0.1339530876359424,0.037312928072225755,0.1341482698917389,0.0706474781036377,0.20763111114501953,0.10210229456424713,0.16677053272724152
bias_medium,archived_original,default,0.1729253381490707,3,noisy,low,1560,0.2880081167874428,0.06580969118287006,0.27506279945373535,0.20911908149719238,0.5542882084846497,0.24418862164020538,0.31757035851478577
bias_medium,archived_original,default,0.1729253381490707,3,cond_residual_t20,high,220,0.04750465570779687,0.022162812378895502,0.049632685258984566,0.004089112393558025,0.0954039916396141,0.031189724802970886,0.06567448563873768
bias_medium,archived_original,default,0.1729253381490707,3,cond_residual_t20,mid,2220,0.135917606743405,0.03918599529589467,0.13437029719352722,0.038465529680252075,0.24643568694591522,0.10542456433176994,0.1631053201854229
bias_medium,archived_original,default,0.1729253381490707,3,cond_residual_t20,low,1560,0.2841569752742847,0.06743542268040745,0.2675224542617798,0.16004259884357452,0.5624329447746277,0.23873012885451317,0.31427064538002014
bias_medium,archived_original,default,0.1729253381490707,3,gamma_3,high,220,0.042306116223335265,0.013590738324943676,0.04751978814601898,0.01848725974559784,0.06186045706272125,0.031418354250490665,0.05305926315486431
bias_medium,archived_original,default,0.1729253381490707,3,gamma_3,mid,2220,0.1336145706877515,0.03695577343056836,0.13299958407878876,0.07010853290557861,0.21658334136009216,0.10316109284758568,0.16446949541568756
bias_medium,archived_original,default,0.1729253381490707,3,gamma_3,low,1560,0.2854979985417464,0.0651914880650207,0.26825273036956787,0.19528749585151672,0.561481773853302,0.2408238649368286,0.31917044520378113
bias_medium,archived_original,default,0.1729253381490707,4,noisy,high,220,0.04233614282513207,0.013584644758343452,0.0481833778321743,0.018522178754210472,0.06126352772116661,0.03133554011583328,0.05310067534446716
bias_medium,archived_original,default,0.1729253381490707,4,noisy,mid,2220,0.1339530876359424,0.037312928072225755,0.1341482698917389,0.0706474781036377,0.20763111114501953,0.10210229456424713,0.16677053272724152
bias_medium,archived_original,default,0.1729253381490707,4,noisy,low,1560,0.2880081167874428,0.06580969118287006,0.27506279945373535,0.20911908149719238,0.5542882084846497,0.24418862164020538,0.31757035851478577
bias_medium,archived_original,default,0.1729253381490707,4,cond_residual_t20,high,220,0.04750465570779687,0.022162812378895502,0.049632685258984566,0.004089112393558025,0.0954039916396141,0.031189724802970886,0.06567448563873768
bias_medium,archived_original,default,0.1729253381490707,4,cond_residual_t20,mid,2220,0.135917606743405,0.03918599529589467,0.13437029719352722,0.038465529680252075,0.24643568694591522,0.10542456433176994,0.1631053201854229
bias_medium,archived_original,default,0.1729253381490707,4,cond_residual_t20,low,1560,0.2841569752742847,0.06743542268040745,0.2675224542617798,0.16004259884357452,0.5624329447746277,0.23873012885451317,0.31427064538002014
bias_medium,archived_original,default,0.1729253381490707,4,gamma_4,high,220,0.042329494638199155,0.013586306501767103,0.04816265031695366,0.01851864717900753,0.061441563069820404,0.031349231489002705,0.05308962240815163
bias_medium,archived_original,default,0.1729253381490707,4,gamma_4,mid,2220,0.133701729599957,0.03703798298049298,0.1338086947798729,0.07053641229867935,0.21388860046863556,0.1026520524173975,0.16482079774141312
bias_medium,archived_original,default,0.1729253381490707,4,gamma_4,low,1560,0.2858650377832162,0.06493941697149246,0.2696743309497833,0.20110079646110535,0.561190128326416,0.24070708826184273,0.3198717087507248
bias_medium,archived_original,fixed_0.02,0.02,1,noisy,high,0,,,,,,,
bias_medium,archived_original,fixed_0.02,0.02,1,noisy,mid,40,0.01923676999285817,0.000714550913347607,0.019236759282648563,0.018522178754210472,0.01995137706398964,0.0185222364962101,0.01995132677257061
bias_medium,archived_original,fixed_0.02,0.02,1,noisy,low,3960,0.19071035286919638,0.09464785493942156,0.17442648112773895,0.0313355028629303,0.5542882084846497,0.11857499182224274,0.25589680671691895
bias_medium,archived_original,fixed_0.02,0.02,1,cond_residual_t20,high,0,,,,,,,
bias_medium,archived_original,fixed_0.02,0.02,1,cond_residual_t20,mid,40,0.017513101373333485,0.00819704575809966,0.01677114237099886,0.004089112393558025,0.03995048254728317,0.012047320837154984,0.022543578408658504
bias_medium,archived_original,fixed_0.02,0.02,1,cond_residual_t20,low,3960,0.19059910823207707,0.09294229882246174,0.17170556634664536,0.004447909537702799,0.5624329447746277,0.12004953622817993,0.25035296380519867
bias_medium,archived_original,fixed_0.02,0.02,1,gamma_1,high,0,,,,,,,
bias_medium,archived_original,fixed_0.02,0.02,1,gamma_1,mid,40,0.015069415210746229,0.007135049367147403,0.014302317518740892,0.0024715233594179153,0.03176901862025261,0.00962669076398015,0.01960912998765707
bias_medium,archived_original,fixed_0.02,0.02,1,gamma_1,low,3960,0.19049329406645318,0.0930724061782024,0.17170646786689758,0.005750629585236311,0.5624329447746277,0.12004288844764233,0.25035296380519867
bias_medium,archived_original,fixed_0.02,0.02,2,noisy,high,0,,,,,,,
bias_medium,archived_original,fixed_0.02,0.02,2,noisy,mid,40,0.01923676999285817,0.000714550913347607,0.019236759282648563,0.018522178754210472,0.01995137706398964,0.0185222364962101,0.01995132677257061
bias_medium,archived_original,fixed_0.02,0.02,2,noisy,low,3960,0.19071035286919638,0.09464785493942156,0.17442648112773895,0.0313355028629303,0.5542882084846497,0.11857499182224274,0.25589680671691895
bias_medium,archived_original,fixed_0.02,0.02,2,cond_residual_t20,high,0,,,,,,,
bias_medium,archived_original,fixed_0.02,0.02,2,cond_residual_t20,mid,40,0.017513101373333485,0.00819704575809966,0.01677114237099886,0.004089112393558025,0.03995048254728317,0.012047320837154984,0.022543578408658504
bias_medium,archived_original,fixed_0.02,0.02,2,cond_residual_t20,low,3960,0.19059910823207707,0.09294229882246174,0.17170556634664536,0.004447909537702799,0.5624329447746277,0.12004953622817993,0.25035296380519867
bias_medium,archived_original,fixed_0.02,0.02,2,gamma_2,high,0,,,,,,,
bias_medium,archived_original,fixed_0.02,0.02,2,gamma_2,mid,40,0.015898915054276586,0.005153530270154136,0.015762013383209705,0.0070743076503276825,0.02694633975625038,0.010608137119561434,0.01962593151256442
bias_medium,archived_original,fixed_0.02,0.02,2,gamma_2,low,3960,0.1904037698732943,0.09318165163069252,0.17170721292495728,0.001161040272563696,0.5624329447746277,0.11988074146211147,0.25035300850868225
bias_medium,archived_original,fixed_0.02,0.02,3,noisy,high,0,,,,,,,
bias_medium,archived_original,fixed_0.02,0.02,3,noisy,mid,40,0.01923676999285817,0.000714550913347607,0.019236759282648563,0.018522178754210472,0.01995137706398964,0.0185222364962101,0.01995132677257061
bias_medium,archived_original,fixed_0.02,0.02,3,noisy,low,3960,0.19071035286919638,0.09464785493942156,0.17442648112773895,0.0313355028629303,0.5542882084846497,0.11857499182224274,0.25589680671691895
bias_medium,archived_original,fixed_0.02,0.02,3,cond_residual_t20,high,0,,,,,,,
bias_medium,archived_original,fixed_0.02,0.02,3,cond_residual_t20,mid,40,0.017513101373333485,0.00819704575809966,0.01677114237099886,0.004089112393558025,0.03995048254728317,0.012047320837154984,0.022543578408658504
bias_medium,archived_original,fixed_0.02,0.02,3,cond_residual_t20,low,3960,0.19059910823207707,0.09294229882246174,0.17170556634664536,0.004447909537702799,0.5624329447746277,0.12004953622817993,0.25035296380519867
bias_medium,archived_original,fixed_0.02,0.02,3,gamma_3,high,0,,,,,,,
bias_medium,archived_original,fixed_0.02,0.02,3,gamma_3,mid,40,0.017036920110695065,0.0034563170694340032,0.017104487866163254,0.011552363634109497,0.02412690408527851,0.013730497565120459,0.019468709360808134
bias_medium,archived_original,fixed_0.02,0.02,3,gamma_3,low,3960,0.19033008656909012,0.09326797591966096,0.17167210578918457,0.0035671531222760677,0.5624329447746277,0.11986625008285046,0.25035300850868225
bias_medium,archived_original,fixed_0.02,0.02,4,noisy,high,0,,,,,,,
bias_medium,archived_original,fixed_0.02,0.02,4,noisy,mid,40,0.01923676999285817,0.000714550913347607,0.019236759282648563,0.018522178754210472,0.01995137706398964,0.0185222364962101,0.01995132677257061
bias_medium,archived_original,fixed_0.02,0.02,4,noisy,low,3960,0.19071035286919638,0.09464785493942156,0.17442648112773895,0.0313355028629303,0.5542882084846497,0.11857499182224274,0.25589680671691895
bias_medium,archived_original,fixed_0.02,0.02,4,cond_residual_t20,high,0,,,,,,,
bias_medium,archived_original,fixed_0.02,0.02,4,cond_residual_t20,mid,40,0.017513101373333485,0.00819704575809966,0.01677114237099886,0.004089112393558025,0.03995048254728317,0.012047320837154984,0.022543578408658504
bias_medium,archived_original,fixed_0.02,0.02,4,cond_residual_t20,low,3960,0.19059910823207707,0.09294229882246174,0.17170556634664536,0.004447909537702799,0.5624329447746277,0.12004953622817993,0.25035296380519867
bias_medium,archived_original,fixed_0.02,0.02,4,gamma_4,high,0,,,,,,,
bias_medium,archived_original,fixed_0.02,0.02,4,gamma_4,mid,40,0.017853683838620783,0.002346166332800158,0.018142879009246826,0.014214163646101952,0.022473542019724846,0.015625420259311795,0.019537335261702538
bias_medium,archived_original,fixed_0.02,0.02,4,gamma_4,low,3960,0.19026930905852674,0.09333523781818175,0.17162056267261505,0.007518337573856115,0.5624329447746277,0.11979568190872669,0.25035305321216583
bias_medium,archived_original,fixed_0.05,0.05,1,noisy,high,0,,,,,,,
bias_medium,archived_original,fixed_0.05,0.05,1,noisy,mid,200,0.04044340627267957,0.012790225264025106,0.045562535524368286,0.018522178754210472,0.05734839290380478,0.03133554011583328,0.048405036330223083
bias_medium,archived_original,fixed_0.05,0.05,1,noisy,low,3800,0.19681415444926212,0.09170944078781118,0.17866242676973343,0.06126347929239273,0.5542882084846497,0.12471699714660645,0.2576853632926941
bias_medium,archived_original,fixed_0.05,0.05,1,cond_residual_t20,high,0,,,,,,,
bias_medium,archived_original,fixed_0.05,0.05,1,cond_residual_t20,mid,200,0.04526747921016067,0.02183821809177201,0.04665723629295826,0.004089112393558025,0.0954039916396141,0.029368340969085693,0.06373084522783756
bias_medium,archived_original,fixed_0.05,0.05,1,cond_residual_t20,low,3800,0.19642618337155957,0.09026266467178116,0.17701247334480286,0.038465529680252075,0.5624329447746277,0.1264842078089714,0.2532093748450279
bias_medium,archived_original,fixed_0.05,0.05,1,gamma_1,high,0,,,,,,,
bias_medium,archived_original,fixed_0.05,0.05,1,gamma_1,mid,200,0.04040713107213378,0.018234033608141742,0.041793057695031166,0.008649716153740883,0.07680229097604752,0.022770569659769535,0.05662672966718674
bias_medium,archived_original,fixed_0.05,0.05,1,gamma_1,low,3800,0.19602872169429533,0.09046603346691369,0.17637085169553757,0.04672234505414963,0.5624328255653381,0.12551771104335785,0.25329724699258804
bias_medium,archived_original,fixed_0.05,0.05,2,noisy,high,0,,,,,,,
bias_medium,archived_original,fixed_0.05,0.05,2,noisy,mid,200,0.04044340627267957,0.012790225264025106,0.045562535524368286,0.018522178754210472,0.05734839290380478,0.03133554011583328,0.048405036330223083
bias_medium,archived_original,fixed_0.05,0.05,2,noisy,low,3800,0.19681415444926212,0.09170944078781118,0.17866242676973343,0.06126347929239273,0.5542882084846497,0.12471699714660645,0.2576853632926941
bias_medium,archived_original,fixed_0.05,0.05,2,cond_residual_t20,high,0,,,,,,,
bias_medium,archived_original,fixed_0.05,0.05,2,cond_residual_t20,mid,200,0.04526747921016067,0.02183821809177201,0.04665723629295826,0.004089112393558025,0.0954039916396141,0.029368340969085693,0.06373084522783756
bias_medium,archived_original,fixed_0.05,0.05,2,cond_residual_t20,low,3800,0.19642618337155957,0.09026266467178116,0.17701247334480286,0.038465529680252075,0.5624329447746277,0.1264842078089714,0.2532093748450279
bias_medium,archived_original,fixed_0.05,0.05,2,gamma_2,high,0,,,,,,,
bias_medium,archived_original,fixed_0.05,0.05,2,gamma_2,mid,200,0.03984262619167566,0.014948416533510145,0.040644314140081406,0.015387849882245064,0.06748245656490326,0.02601314801722765,0.05378087144345045
bias_medium,archived_original,fixed_0.05,0.05,2,gamma_2,low,3800,0.19572759561142639,0.09061418081159194,0.17591163516044617,0.05327600613236427,0.5624326467514038,0.12464148364961147,0.2533847689628601
bias_medium,archived_original,fixed_0.05,0.05,3,noisy,high,0,,,,,,,
bias_medium,archived_original,fixed_0.05,0.05,3,noisy,mid,200,0.04044340627267957,0.012790225264025106,0.045562535524368286,0.018522178754210472,0.05734839290380478,0.03133554011583328,0.048405036330223083
bias_medium,archived_original,fixed_0.05,0.05,3,noisy,low,3800,0.19681415444926212,0.09170944078781118,0.17866242676973343,0.06126347929239273,0.5542882084846497,0.12471699714660645,0.2576853632926941
bias_medium,archived_original,fixed_0.05,0.05,3,cond_residual_t20,high,0,,,,,,,
bias_medium,archived_original,fixed_0.05,0.05,3,cond_residual_t20,mid,200,0.04526747921016067,0.02183821809177201,0.04665723629295826,0.004089112393558025,0.0954039916396141,0.029368340969085693,0.06373084522783756
bias_medium,archived_original,fixed_0.05,0.05,3,cond_residual_t20,low,3800,0.19642618337155957,0.09026266467178116,0.17701247334480286,0.038465529680252075,0.5624329447746277,0.1264842078089714,0.2532093748450279
bias_medium,archived_original,fixed_0.05,0.05,3,gamma_3,high,0,,,,,,,
bias_medium,archived_original,fixed_0.05,0.05,3,gamma_3,mid,200,0.039899707809090613,0.013467867036882193,0.04085404798388481,0.01753832958638668,0.061922188848257065,0.03202283289283514,0.052503129467368126
bias_medium,archived_original,fixed_0.05,0.05,3,gamma_3,low,3800,0.19549790670114914,0.09072080559519312,0.1755928173661232,0.05528714880347252,0.562432587146759,0.12384298630058765,0.25327881425619125
bias_medium,archived_original,fixed_0.05,0.05,4,noisy,high,0,,,,,,,
bias_medium,archived_original,fixed_0.05,0.05,4,noisy,mid,200,0.04044340627267957,0.012790225264025106,0.045562535524368286,0.018522178754210472,0.05734839290380478,0.03133554011583328,0.048405036330223083
bias_medium,archived_original,fixed_0.05,0.05,4,noisy,low,3800,0.19681415444926212,0.09170944078781118,0.17866242676973343,0.06126347929239273,0.5542882084846497,0.12471699714660645,0.2576853632926941
bias_medium,archived_original,fixed_0.05,0.05,4,cond_residual_t20,high,0,,,,,,,
bias_medium,archived_original,fixed_0.05,0.05,4,cond_residual_t20,mid,200,0.04526747921016067,0.02183821809177201,0.04665723629295826,0.004089112393558025,0.0954039916396141,0.029368340969085693,0.06373084522783756
bias_medium,archived_original,fixed_0.05,0.05,4,cond_residual_t20,low,3800,0.19642618337155957,0.09026266467178116,0.17701247334480286,0.038465529680252075,0.5624329447746277,0.1264842078089714,0.2532093748450279
bias_medium,archived_original,fixed_0.05,0.05,4,gamma_4,high,0,,,,,,,
bias_medium,archived_original,fixed_0.05,0.05,4,gamma_4,mid,200,0.04004096850752831,0.012932042608271153,0.04194069094955921,0.018216537311673164,0.05898670107126236,0.03194525931030512,0.05116386245936155
bias_medium,archived_original,fixed_0.05,0.05,4,gamma_4,low,3800,0.1953217573218832,0.09079627272892793,0.17525526136159897,0.05677805468440056,0.5624324083328247,0.12316234596073627,0.2531944587826729
bias_medium,archived_original,fixed_0.10,0.1,1,noisy,high,60,0.02326969839632511,0.005733185125883967,0.01995132677257061,0.018522178754210472,0.031335651874542236,0.0185222364962101,0.03133552893996239
bias_medium,archived_original,fixed_0.10,0.1,1,noisy,mid,1000,0.08735836297646164,0.021407447029760898,0.09227820858359337,0.036411210894584656,0.11903994530439377,0.07370320335030556,0.10407626628875732
bias_medium,archived_original,fixed_0.10,0.1,1,noisy,low,2940,0.22694827322499686,0.08240816078109986,0.21557340025901794,0.12054711580276489,0.5542882084846497,0.15726633369922638,0.27902281284332275
bias_medium,archived_original,fixed_0.10,0.1,1,cond_residual_t20,high,60,0.027636085396322112,0.01657510612347267,0.022562531754374504,0.004089112393558025,0.05890275910496712,0.01389351999387145,0.04052337724715471
bias_medium,archived_original,fixed_0.10,0.1,1,cond_residual_t20,mid,1000,0.09457946646073834,0.02939602524131494,0.093132134526968,0.004447909537702799,0.2043909877538681,0.07588581927120686,0.11556088179349899
bias_medium,archived_original,fixed_0.10,0.1,1,cond_residual_t20,low,2940,0.22422971464946967,0.08327807759745276,0.21515018492937088,0.083071768283844,0.5624329447746277,0.15694396570324898,0.2708287313580513
bias_medium,archived_original,fixed_0.10,0.1,1,gamma_1,high,60,0.02308788776087264,0.008411511032848738,0.019553499296307564,0.013107113540172577,0.03856218233704567,0.016357774380594492,0.032606812193989754
bias_medium,archived_original,fixed_0.10,0.1,1,gamma_1,mid,1000,0.0905116307977587,0.025643119972655146,0.09204486012458801,0.019976967945694923,0.16607548296451569,0.07487694546580315,0.10874435864388943
bias_medium,archived_original,fixed_0.10,0.1,1,gamma_1,low,2940,0.22421165166207316,0.08278071444014128,0.21376492083072662,0.09117957949638367,0.5624009966850281,0.1562984585762024,0.27093519270420074
bias_medium,archived_original,fixed_0.10,0.1,2,noisy,high,60,0.02326969839632511,0.005733185125883967,0.01995132677257061,0.018522178754210472,0.031335651874542236,0.0185222364962101,0.03133552893996239
bias_medium,archived_original,fixed_0.10,0.1,2,noisy,mid,1000,0.08735836297646164,0.021407447029760898,0.09227820858359337,0.036411210894584656,0.11903994530439377,0.07370320335030556,0.10407626628875732
bias_medium,archived_original,fixed_0.10,0.1,2,noisy,low,2940,0.22694827322499686,0.08240816078109986,0.21557340025901794,0.12054711580276489,0.5542882084846497,0.15726633369922638,0.27902281284332275
bias_medium,archived_original,fixed_0.10,0.1,2,cond_residual_t20,high,60,0.027636085396322112,0.01657510612347267,0.022562531754374504,0.004089112393558025,0.05890275910496712,0.01389351999387145,0.04052337724715471
bias_medium,archived_original,fixed_0.10,0.1,2,cond_residual_t20,mid,1000,0.09457946646073834,0.02939602524131494,0.093132134526968,0.004447909537702799,0.2043909877538681,0.07588581927120686,0.11556088179349899
bias_medium,archived_original,fixed_0.10,0.1,2,cond_residual_t20,low,2940,0.22422971464946967,0.08327807759745276,0.21515018492937088,0.083071768283844,0.5624329447746277,0.15694396570324898,0.2708287313580513
bias_medium,archived_original,fixed_0.10,0.1,2,gamma_2,high,60,0.023278442770242692,0.006231894874325429,0.019873925484716892,0.017573975026607513,0.03327183425426483,0.01813345868140459,0.03144631441682577
bias_medium,archived_original,fixed_0.10,0.1,2,gamma_2,mid,1000,0.08900477979704738,0.023355123458692395,0.09065071865916252,0.034832149744033813,0.14255431294441223,0.07534673437476158,0.10639333724975586
bias_medium,archived_original,fixed_0.10,0.1,2,gamma_2,low,2940,0.22429842521392163,0.08238529392390584,0.21341300010681152,0.09931410849094391,0.5623692870140076,0.15647650882601738,0.27062468230724335
bias_medium,archived_original,fixed_0.10,0.1,3,noisy,high,60,0.02326969839632511,0.005733185125883967,0.01995132677257061,0.018522178754210472,0.031335651874542236,0.0185222364962101,0.03133552893996239
bias_medium,archived_original,fixed_0.10,0.1,3,noisy,mid,1000,0.08735836297646164,0.021407447029760898,0.09227820858359337,0.036411210894584656,0.11903994530439377,0.07370320335030556,0.10407626628875732
bias_medium,archived_original,fixed_0.10,0.1,3,noisy,low,2940,0.22694827322499686,0.08240816078109986,0.21557340025901794,0.12054711580276489,0.5542882084846497,0.15726633369922638,0.27902281284332275
bias_medium,archived_original,fixed_0.10,0.1,3,cond_residual_t20,high,60,0.027636085396322112,0.01657510612347267,0.022562531754374504,0.004089112393558025,0.05890275910496712,0.01389351999387145,0.04052337724715471
bias_medium,archived_original,fixed_0.10,0.1,3,cond_residual_t20,mid,1000,0.09457946646073834,0.02939602524131494,0.093132134526968,0.004447909537702799,0.2043909877538681,0.07588581927120686,0.11556088179349899
bias_medium,archived_original,fixed_0.10,0.1,3,cond_residual_t20,low,2940,0.22422971464946967,0.08327807759745276,0.21515018492937088,0.083071768283844,0.5624329447746277,0.15694396570324898,0.2708287313580513
bias_medium,archived_original,fixed_0.10,0.1,3,gamma_3,high,60,0.02328871761759122,0.005840063670737351,0.01993722189217806,0.018361179158091545,0.031855758279561996,0.018455919343978167,0.03134708013385534
bias_medium,archived_original,fixed_0.10,0.1,3,gamma_3,mid,1000,0.08827434739843011,0.02233649179213521,0.09047288075089455,0.03592905402183533,0.13455544412136078,0.07479610480368137,0.10529045760631561
bias_medium,archived_original,fixed_0.10,0.1,3,gamma_3,low,2940,0.2244302562862432,0.08207825807841956,0.2132582738995552,0.10604844242334366,0.5623376369476318,0.15569475293159485,0.27045872807502747
bias_medium,archived_original,fixed_0.10,0.1,4,noisy,high,60,0.02326969839632511,0.005733185125883967,0.01995132677257061,0.018522178754210472,0.031335651874542236,0.0185222364962101,0.03133552893996239
bias_medium,archived_original,fixed_0.10,0.1,4,noisy,mid,1000,0.08735836297646164,0.021407447029760898,0.09227820858359337,0.036411210894584656,0.11903994530439377,0.07370320335030556,0.10407626628875732
bias_medium,archived_original,fixed_0.10,0.1,4,noisy,low,2940,0.22694827322499686,0.08240816078109986,0.21557340025901794,0.12054711580276489,0.5542882084846497,0.15726633369922638,0.27902281284332275
bias_medium,archived_original,fixed_0.10,0.1,4,cond_residual_t20,high,60,0.027636085396322112,0.01657510612347267,0.022562531754374504,0.004089112393558025,0.05890275910496712,0.01389351999387145,0.04052337724715471
bias_medium,archived_original,fixed_0.10,0.1,4,cond_residual_t20,mid,1000,0.09457946646073834,0.02939602524131494,0.093132134526968,0.004447909537702799,0.2043909877538681,0.07588581927120686,0.11556088179349899
bias_medium,archived_original,fixed_0.10,0.1,4,cond_residual_t20,low,2940,0.22422971464946967,0.08327807759745276,0.21515018492937088,0.083071768283844,0.5624329447746277,0.15694396570324898,0.2708287313580513
bias_medium,archived_original,fixed_0.10,0.1,4,gamma_4,high,60,0.023278048168867825,0.005758344293255192,0.01994878053665161,0.01849496178328991,0.03147542104125023,0.018511032219976187,0.031338357366621494
bias_medium,archived_original,fixed_0.10,0.1,4,gamma_4,mid,1000,0.08788689697533845,0.021879770475325834,0.09139121323823929,0.03626412898302078,0.12965095043182373,0.07445046119391918,0.1041904129087925
bias_medium,archived_original,fixed_0.10,0.1,4,gamma_4,low,2940,0.22457697506816615,0.08184302106267692,0.2133985534310341,0.11124399304389954,0.5623061060905457,0.1560267172753811,0.27013975381851196
bias_medium,archived_original,fixed_0.20,0.2,1,noisy,high,280,0.048456488429967845,0.016803664494036884,0.04831981658935547,0.018522178754210472,0.07129249721765518,0.036411210894584656,0.06126349791884422
bias_medium,archived_original,fixed_0.20,0.2,1,noisy,mid,2540,0.14864625009436777,0.04564080191238353,0.143965482711792,0.07319474220275879,0.23851926624774933,0.11022081226110458,0.18438781797885895
bias_medium,archived_original,fixed_0.20,0.2,1,noisy,low,1180,0.3091976069166499,0.06212296260960037,0.2888106107711792,0.2441885620355606,0.5542882084846497,0.2684657573699951,0.34000444412231445
bias_medium,archived_original,fixed_0.20,0.2,1,cond_residual_t20,high,280,0.0540471589824717,0.02388449171596503,0.058073775842785835,0.004089112393558025,0.11837530881166458,0.035536437295377254,0.07241149619221687
bias_medium,archived_original,fixed_0.20,0.2,1,cond_residual_t20,mid,2540,0.15077152461048185,0.04845989113657293,0.14502748847007751,0.038465529680252075,0.318283349275589,0.11439312435686588,0.18385044112801552
bias_medium,archived_original,fixed_0.20,0.2,1,cond_residual_t20,low,1180,0.302864504769697,0.066139476065763,0.28492340445518494,0.1993328332901001,0.5624329447746277,0.2549221068620682,0.3345673754811287
bias_medium,archived_original,fixed_0.20,0.2,1,gamma_1,high,280,0.0485415391058528,0.01805822836325019,0.050074681639671326,0.015624240972101688,0.08418291807174683,0.03531534131616354,0.0632186233997345
bias_medium,archived_original,fixed_0.20,0.2,1,gamma_1,mid,2540,0.14887515012849503,0.046573299862799934,0.1420280709862709,0.06521838903427124,0.2834851145744324,0.1127887200564146,0.1815262883901596
bias_medium,archived_original,fixed_0.20,0.2,1,gamma_1,low,1180,0.30416188548176976,0.06426428985165904,0.283938392996788,0.2195945829153061,0.5619232058525085,0.2572673410177231,0.3340432196855545
bias_medium,archived_original,fixed_0.20,0.2,2,noisy,high,280,0.048456488429967845,0.016803664494036884,0.04831981658935547,0.018522178754210472,0.07129249721765518,0.036411210894584656,0.06126349791884422
bias_medium,archived_original,fixed_0.20,0.2,2,noisy,mid,2540,0.14864625009436777,0.04564080191238353,0.143965482711792,0.07319474220275879,0.23851926624774933,0.11022081226110458,0.18438781797885895
bias_medium,archived_original,fixed_0.20,0.2,2,noisy,low,1180,0.3091976069166499,0.06212296260960037,0.2888106107711792,0.2441885620355606,0.5542882084846497,0.2684657573699951,0.34000444412231445
bias_medium,archived_original,fixed_0.20,0.2,2,cond_residual_t20,high,280,0.0540471589824717,0.02388449171596503,0.058073775842785835,0.004089112393558025,0.11837530881166458,0.035536437295377254,0.07241149619221687
bias_medium,archived_original,fixed_0.20,0.2,2,cond_residual_t20,mid,2540,0.15077152461048185,0.04845989113657293,0.14502748847007751,0.038465529680252075,0.318283349275589,0.11439312435686588,0.18385044112801552
bias_medium,archived_original,fixed_0.20,0.2,2,cond_residual_t20,low,1180,0.302864504769697,0.066139476065763,0.28492340445518494,0.1993328332901001,0.5624329447746277,0.2549221068620682,0.3345673754811287
bias_medium,archived_original,fixed_0.20,0.2,2,gamma_2,high,280,0.04848095495253801,0.01700618158381154,0.04862388037145138,0.018261725082993507,0.07498670369386673,0.03658534213900566,0.06176840607076883
bias_medium,archived_original,fixed_0.20,0.2,2,gamma_2,mid,2540,0.14855376191906572,0.04598862920612282,0.1420358121395111,0.0726979523897171,0.2607899606227875,0.11006484366953373,0.182735413312912
bias_medium,archived_original,fixed_0.20,0.2,2,gamma_2,low,1180,0.30520560242614503,0.06304098394167243,0.2851811349391937,0.22800128161907196,0.561445415019989,0.2598095014691353,0.3339206427335739
bias_medium,archived_original,fixed_0.20,0.2,3,noisy,high,280,0.048456488429967845,0.016803664494036884,0.04831981658935547,0.018522178754210472,0.07129249721765518,0.036411210894584656,0.06126349791884422
bias_medium,archived_original,fixed_0.20,0.2,3,noisy,mid,2540,0.14864625009436777,0.04564080191238353,0.143965482711792,0.07319474220275879,0.23851926624774933,0.11022081226110458,0.18438781797885895
bias_medium,archived_original,fixed_0.20,0.2,3,noisy,low,1180,0.3091976069166499,0.06212296260960037,0.2888106107711792,0.2441885620355606,0.5542882084846497,0.2684657573699951,0.34000444412231445
bias_medium,archived_original,fixed_0.20,0.2,3,cond_residual_t20,high,280,0.0540471589824717,0.02388449171596503,0.058073775842785835,0.004089112393558025,0.11837530881166458,0.035536437295377254,0.07241149619221687
bias_medium,archived_original,fixed_0.20,0.2,3,cond_residual_t20,mid,2540,0.15077152461048185,0.04845989113657293,0.14502748847007751,0.038465529680252075,0.318283349275589,0.11439312435686588,0.18385044112801552
bias_medium,archived_original,fixed_0.20,0.2,3,cond_residual_t20,low,1180,0.302864504769697,0.066139476065763,0.28492340445518494,0.1993328332901001,0.5624329447746277,0.2549221068620682,0.3345673754811287
bias_medium,archived_original,fixed_0.20,0.2,3,gamma_3,high,280,0.04847040359995195,0.016852779722957612,0.0483138132840395,0.01849912665784359,0.0723823755979538,0.036438780836761,0.061395914293825626
bias_medium,archived_original,fixed_0.20,0.2,3,gamma_3,mid,2540,0.14853979017673516,0.045786047458765675,0.1418933868408203,0.0730409175157547,0.2486659288406372,0.11007976159453392,0.18276096880435944
bias_medium,archived_original,fixed_0.20,0.2,3,gamma_3,low,1180,0.30603139149182934,0.06224477544433527,0.28557443618774414,0.23277492821216583,0.5609976053237915,0.2602613642811775,0.3337819427251816
bias_medium,archived_original,fixed_0.20,0.2,4,noisy,high,280,0.048456488429967845,0.016803664494036884,0.04831981658935547,0.018522178754210472,0.07129249721765518,0.036411210894584656,0.06126349791884422
bias_medium,archived_original,fixed_0.20,0.2,4,noisy,mid,2540,0.14864625009436777,0.04564080191238353,0.143965482711792,0.07319474220275879,0.23851926624774933,0.11022081226110458,0.18438781797885895
bias_medium,archived_original,fixed_0.20,0.2,4,noisy,low,1180,0.3091976069166499,0.06212296260960037,0.2888106107711792,0.2441885620355606,0.5542882084846497,0.2684657573699951,0.34000444412231445
bias_medium,archived_original,fixed_0.20,0.2,4,cond_residual_t20,high,280,0.0540471589824717,0.02388449171596503,0.058073775842785835,0.004089112393558025,0.11837530881166458,0.035536437295377254,0.07241149619221687
bias_medium,archived_original,fixed_0.20,0.2,4,cond_residual_t20,mid,2540,0.15077152461048185,0.04845989113657293,0.14502748847007751,0.038465529680252075,0.318283349275589,0.11439312435686588,0.18385044112801552
bias_medium,archived_original,fixed_0.20,0.2,4,cond_residual_t20,low,1180,0.302864504769697,0.066139476065763,0.28492340445518494,0.1993328332901001,0.5624329447746277,0.2549221068620682,0.3345673754811287
bias_medium,archived_original,fixed_0.20,0.2,4,gamma_4,high,280,0.04846230918940689,0.016817497010952438,0.048258984461426735,0.018520131707191467,0.07161761075258255,0.0364157659932971,0.06129838153719902
bias_medium,archived_original,fixed_0.20,0.2,4,gamma_4,mid,2540,0.14857332853703048,0.04570893183629107,0.1431480050086975,0.07314746081829071,0.24540339410305023,0.11032077111303806,0.18207629024982452
bias_medium,archived_original,fixed_0.20,0.2,4,gamma_4,low,1180,0.3066784265561629,0.06172965900763388,0.28603388369083405,0.23614101111888885,0.5605777502059937,0.2608151361346245,0.33448662608861923
jump_medium,matched_protocol_recomputed,default,0.3028247952461242,1,noisy,high,986,0.0,0.0,0.0,0.0,0.0,0.0,0.0
jump_medium,matched_protocol_recomputed,default,0.3028247952461242,1,noisy,mid,1675,0.28529607488148245,0.04458183060668981,0.28990253806114197,0.2008207142353058,0.363932341337204,0.24542515724897385,0.32121527194976807
jump_medium,matched_protocol_recomputed,default,0.3028247952461242,1,noisy,low,1339,0.42987518639062394,0.04029712374379186,0.43118467926979065,0.36486008763313293,0.49994945526123047,0.3943492919206619,0.4637415260076523
jump_medium,matched_protocol_recomputed,default,0.3028247952461242,1,cond_residual_t20,high,986,0.026686185078485903,0.026607554737719592,0.020582491531968117,0.0,0.15849871933460236,0.008733417140319943,0.036278774961829185
jump_medium,matched_protocol_recomputed,default,0.3028247952461242,1,cond_residual_t20,mid,1675,0.2605765659328717,0.06803959301823202,0.2612415552139282,0.03421209380030632,0.47965362668037415,0.21675694733858109,0.3068035989999771
jump_medium,matched_protocol_recomputed,default,0.3028247952461242,1,cond_residual_t20,low,1339,0.3908238462252435,0.05944190614924741,0.3933371901512146,0.1382126361131668,0.5529960989952087,0.3528563678264618,0.43119071424007416
jump_medium,matched_protocol_recomputed,default,0.3028247952461242,1,gamma_1,high,986,0.0,0.0,0.0,0.0,0.0,0.0,0.0
jump_medium,matched_protocol_recomputed,default,0.3028247952461242,1,gamma_1,mid,1675,0.26895221618574056,0.05355082172807455,0.26706430315971375,0.09322191029787064,0.43450480699539185,0.22967173904180527,0.3077293634414673
jump_medium,matched_protocol_recomputed,default,0.3028247952461242,1,gamma_1,low,1339,0.39922377650776936,0.04960219961799626,0.3988397717475891,0.20681491494178772,0.5315005779266357,0.3647213280200958,0.43295323848724365
jump_medium,matched_protocol_recomputed,default,0.3028247952461242,2,noisy,high,986,0.0,0.0,0.0,0.0,0.0,0.0,0.0
jump_medium,matched_protocol_recomputed,default,0.3028247952461242,2,noisy,mid,1675,0.28529607488148245,0.04458183060668981,0.28990253806114197,0.2008207142353058,0.363932341337204,0.24542515724897385,0.32121527194976807
jump_medium,matched_protocol_recomputed,default,0.3028247952461242,2,noisy,low,1339,0.42987518639062394,0.04029712374379186,0.43118467926979065,0.36486008763313293,0.49994945526123047,0.3943492919206619,0.4637415260076523
jump_medium,matched_protocol_recomputed,default,0.3028247952461242,2,cond_residual_t20,high,986,0.026686185078485903,0.026607554737719592,0.020582491531968117,0.0,0.15849871933460236,0.008733417140319943,0.036278774961829185
jump_medium,matched_protocol_recomputed,default,0.3028247952461242,2,cond_residual_t20,mid,1675,0.2605765659328717,0.06803959301823202,0.2612415552139282,0.03421209380030632,0.47965362668037415,0.21675694733858109,0.3068035989999771
jump_medium,matched_protocol_recomputed,default,0.3028247952461242,2,cond_residual_t20,low,1339,0.3908238462252435,0.05944190614924741,0.3933371901512146,0.1382126361131668,0.5529960989952087,0.3528563678264618,0.43119071424007416
jump_medium,matched_protocol_recomputed,default,0.3028247952461242,2,gamma_2,high,986,0.0,0.0,0.0,0.0,0.0,0.0,0.0
jump_medium,matched_protocol_recomputed,default,0.3028247952461242,2,gamma_2,mid,1675,0.2748870123767141,0.0468335887567752,0.27409282326698303,0.14993464946746826,0.4042617976665497,0.23749369382858276,0.3108135014772415
jump_medium,matched_protocol_recomputed,default,0.3028247952461242,2,gamma_2,low,1339,0.40595028225034807,0.04327642930006514,0.4045068621635437,0.25724437832832336,0.5200878381729126,0.37434782087802887,0.43632614612579346
jump_medium,matched_protocol_recomputed,default,0.3028247952461242,3,noisy,high,986,0.0,0.0,0.0,0.0,0.0,0.0,0.0
jump_medium,matched_protocol_recomputed,default,0.3028247952461242,3,noisy,mid,1675,0.28529607488148245,0.04458183060668981,0.28990253806114197,0.2008207142353058,0.363932341337204,0.24542515724897385,0.32121527194976807
jump_medium,matched_protocol_recomputed,default,0.3028247952461242,3,noisy,low,1339,0.42987518639062394,0.04029712374379186,0.43118467926979065,0.36486008763313293,0.49994945526123047,0.3943492919206619,0.4637415260076523
jump_medium,matched_protocol_recomputed,default,0.3028247952461242,3,cond_residual_t20,high,986,0.026686185078485903,0.026607554737719592,0.020582491531968117,0.0,0.15849871933460236,0.008733417140319943,0.036278774961829185
jump_medium,matched_protocol_recomputed,default,0.3028247952461242,3,cond_residual_t20,mid,1675,0.2605765659328717,0.06803959301823202,0.2612415552139282,0.03421209380030632,0.47965362668037415,0.21675694733858109,0.3068035989999771
jump_medium,matched_protocol_recomputed,default,0.3028247952461242,3,cond_residual_t20,low,1339,0.3908238462252435,0.05944190614924741,0.3933371901512146,0.1382126361131668,0.5529960989952087,0.3528563678264618,0.43119071424007416
jump_medium,matched_protocol_recomputed,default,0.3028247952461242,3,gamma_3,high,986,0.0,0.0,0.0,0.0,0.0,0.0,0.0
jump_medium,matched_protocol_recomputed,default,0.3028247952461242,3,gamma_3,mid,1675,0.27871743906789753,0.04434520544167113,0.2782983183860779,0.17956945300102234,0.38397255539894104,0.24139747023582458,0.31456664204597473
jump_medium,matched_protocol_recomputed,default,0.3028247952461242,3,gamma_3,low,1339,0.4112549258800831,0.03959939208835373,0.40905749797821045,0.2939917743206024,0.5134564638137817,0.38022980093955994,0.4394027292728424
jump_medium,matched_protocol_recomputed,default,0.3028247952461242,4,noisy,high,986,0.0,0.0,0.0,0.0,0.0,0.0,0.0
jump_medium,matched_protocol_recomputed,default,0.3028247952461242,4,noisy,mid,1675,0.28529607488148245,0.04458183060668981,0.28990253806114197,0.2008207142353058,0.363932341337204,0.24542515724897385,0.32121527194976807
jump_medium,matched_protocol_recomputed,default,0.3028247952461242,4,noisy,low,1339,0.42987518639062394,0.04029712374379186,0.43118467926979065,0.36486008763313293,0.49994945526123047,0.3943492919206619,0.4637415260076523
jump_medium,matched_protocol_recomputed,default,0.3028247952461242,4,cond_residual_t20,high,986,0.026686185078485903,0.026607554737719592,0.020582491531968117,0.0,0.15849871933460236,0.008733417140319943,0.036278774961829185
jump_medium,matched_protocol_recomputed,default,0.3028247952461242,4,cond_residual_t20,mid,1675,0.2605765659328717,0.06803959301823202,0.2612415552139282,0.03421209380030632,0.47965362668037415,0.21675694733858109,0.3068035989999771
jump_medium,matched_protocol_recomputed,default,0.3028247952461242,4,cond_residual_t20,low,1339,0.3908238462252435,0.05944190614924741,0.3933371901512146,0.1382126361131668,0.5529960989952087,0.3528563678264618,0.43119071424007416
jump_medium,matched_protocol_recomputed,default,0.3028247952461242,4,gamma_4,high,986,0.0,0.0,0.0,0.0,0.0,0.0,0.0
jump_medium,matched_protocol_recomputed,default,0.3028247952461242,4,gamma_4,mid,1675,0.2811374961974016,0.04363805570554947,0.28339409828186035,0.1945226788520813,0.37249451875686646,0.24347087740898132,0.31677208840847015
jump_medium,matched_protocol_recomputed,default,0.3028247952461242,4,gamma_4,low,1339,0.41540402254121706,0.0377351877330929,0.41472992300987244,0.3207055926322937,0.5102901458740234,0.3844621330499649,0.4434681534767151
jump_medium,matched_protocol_recomputed,fixed_0.02,0.02,1,noisy,high,986,0.0,0.0,0.0,0.0,0.0,0.0,0.0
jump_medium,matched_protocol_recomputed,fixed_0.02,0.02,1,noisy,mid,0,,,,,,,
jump_medium,matched_protocol_recomputed,fixed_0.02,0.02,1,noisy,low,3014,0.3495268082294388,0.08358711451935792,0.34650248289108276,0.2008207142353058,0.49994945526123047,0.2753242254257202,0.42031559348106384
jump_medium,matched_protocol_recomputed,fixed_0.02,0.02,1,cond_residual_t20,high,986,0.026686185078485903,0.026607554737719592,0.020582491531968117,0.0,0.15849871933460236,0.008733417140319943,0.036278774961829185
jump_medium,matched_protocol_recomputed,fixed_0.02,0.02,1,cond_residual_t20,mid,0,,,,,,,
jump_medium,matched_protocol_recomputed,fixed_0.02,0.02,1,cond_residual_t20,low,3014,0.31844023823263473,0.09127342471329032,0.319009929895401,0.03421209380030632,0.5529960989952087,0.251200795173645,0.3872404024004936
jump_medium,matched_protocol_recomputed,fixed_0.02,0.02,1,gamma_1,high,986,0.0,0.0,0.0,0.0,0.0,0.0,0.0
jump_medium,matched_protocol_recomputed,fixed_0.02,0.02,1,gamma_1,mid,0,,,,,,,
jump_medium,matched_protocol_recomputed,fixed_0.02,0.02,1,gamma_1,low,3014,0.3184402542560798,0.0912733476974069,0.319009929895401,0.03421265631914139,0.5529960989952087,0.251200795173645,0.3872404024004936
jump_medium,matched_protocol_recomputed,fixed_0.02,0.02,2,noisy,high,986,0.0,0.0,0.0,0.0,0.0,0.0,0.0
jump_medium,matched_protocol_recomputed,fixed_0.02,0.02,2,noisy,mid,0,,,,,,,
jump_medium,matched_protocol_recomputed,fixed_0.02,0.02,2,noisy,low,3014,0.3495268082294388,0.08358711451935792,0.34650248289108276,0.2008207142353058,0.49994945526123047,0.2753242254257202,0.42031559348106384
jump_medium,matched_protocol_recomputed,fixed_0.02,0.02,2,cond_residual_t20,high,986,0.026686185078485903,0.026607554737719592,0.020582491531968117,0.0,0.15849871933460236,0.008733417140319943,0.036278774961829185
jump_medium,matched_protocol_recomputed,fixed_0.02,0.02,2,cond_residual_t20,mid,0,,,,,,,
jump_medium,matched_protocol_recomputed,fixed_0.02,0.02,2,cond_residual_t20,low,3014,0.31844023823263473,0.09127342471329032,0.319009929895401,0.03421209380030632,0.5529960989952087,0.251200795173645,0.3872404024004936
jump_medium,matched_protocol_recomputed,fixed_0.02,0.02,2,gamma_2,high,986,0.0,0.0,0.0,0.0,0.0,0.0,0.0
jump_medium,matched_protocol_recomputed,fixed_0.02,0.02,2,gamma_2,mid,0,,,,,,,
jump_medium,matched_protocol_recomputed,fixed_0.02,0.02,2,gamma_2,low,3014,0.3184402709407825,0.0912732706816588,0.319009929895401,0.03421318903565407,0.5529960989952087,0.251200795173645,0.3872404024004936
jump_medium,matched_protocol_recomputed,fixed_0.02,0.02,3,noisy,high,986,0.0,0.0,0.0,0.0,0.0,0.0,0.0
jump_medium,matched_protocol_recomputed,fixed_0.02,0.02,3,noisy,mid,0,,,,,,,
jump_medium,matched_protocol_recomputed,fixed_0.02,0.02,3,noisy,low,3014,0.3495268082294388,0.08358711451935792,0.34650248289108276,0.2008207142353058,0.49994945526123047,0.2753242254257202,0.42031559348106384
jump_medium,matched_protocol_recomputed,fixed_0.02,0.02,3,cond_residual_t20,high,986,0.026686185078485903,0.026607554737719592,0.020582491531968117,0.0,0.15849871933460236,0.008733417140319943,0.036278774961829185
jump_medium,matched_protocol_recomputed,fixed_0.02,0.02,3,cond_residual_t20,mid,0,,,,,,,
jump_medium,matched_protocol_recomputed,fixed_0.02,0.02,3,cond_residual_t20,low,3014,0.31844023823263473,0.09127342471329032,0.319009929895401,0.03421209380030632,0.5529960989952087,0.251200795173645,0.3872404024004936
jump_medium,matched_protocol_recomputed,fixed_0.02,0.02,3,gamma_3,high,986,0.0,0.0,0.0,0.0,0.0,0.0,0.0
jump_medium,matched_protocol_recomputed,fixed_0.02,0.02,3,gamma_3,mid,0,,,,,,,
jump_medium,matched_protocol_recomputed,fixed_0.02,0.02,3,gamma_3,low,3014,0.31844028853641376,0.09127319103406836,0.319009929895401,0.034213751554489136,0.5529960989952087,0.251200795173645,0.3872404024004936
jump_medium,matched_protocol_recomputed,fixed_0.02,0.02,4,noisy,high,986,0.0,0.0,0.0,0.0,0.0,0.0,0.0
jump_medium,matched_protocol_recomputed,fixed_0.02,0.02,4,noisy,mid,0,,,,,,,
jump_medium,matched_protocol_recomputed,fixed_0.02,0.02,4,noisy,low,3014,0.3495268082294388,0.08358711451935792,0.34650248289108276,0.2008207142353058,0.49994945526123047,0.2753242254257202,0.42031559348106384
jump_medium,matched_protocol_recomputed,fixed_0.02,0.02,4,cond_residual_t20,high,986,0.026686185078485903,0.026607554737719592,0.020582491531968117,0.0,0.15849871933460236,0.008733417140319943,0.036278774961829185
jump_medium,matched_protocol_recomputed,fixed_0.02,0.02,4,cond_residual_t20,mid,0,,,,,,,
jump_medium,matched_protocol_recomputed,fixed_0.02,0.02,4,cond_residual_t20,low,3014,0.31844023823263473,0.09127342471329032,0.319009929895401,0.03421209380030632,0.5529960989952087,0.251200795173645,0.3872404024004936
jump_medium,matched_protocol_recomputed,fixed_0.02,0.02,4,gamma_4,high,986,0.0,0.0,0.0,0.0,0.0,0.0,0.0
jump_medium,matched_protocol_recomputed,fixed_0.02,0.02,4,gamma_4,mid,0,,,,,,,
jump_medium,matched_protocol_recomputed,fixed_0.02,0.02,4,gamma_4,low,3014,0.3184403057056266,0.09127311275256621,0.319009929895401,0.034214310348033905,0.5529960989952087,0.251200795173645,0.3872404024004936
jump_medium,matched_protocol_recomputed,fixed_0.05,0.05,1,noisy,high,986,0.0,0.0,0.0,0.0,0.0,0.0,0.0
jump_medium,matched_protocol_recomputed,fixed_0.05,0.05,1,noisy,mid,0,,,,,,,
jump_medium,matched_protocol_recomputed,fixed_0.05,0.05,1,noisy,low,3014,0.3495268082294388,0.08358711451935792,0.34650248289108276,0.2008207142353058,0.49994945526123047,0.2753242254257202,0.42031559348106384
jump_medium,matched_protocol_recomputed,fixed_0.05,0.05,1,cond_residual_t20,high,986,0.026686185078485903,0.026607554737719592,0.020582491531968117,0.0,0.15849871933460236,0.008733417140319943,0.036278774961829185
jump_medium,matched_protocol_recomputed,fixed_0.05,0.05,1,cond_residual_t20,mid,0,,,,,,,
jump_medium,matched_protocol_recomputed,fixed_0.05,0.05,1,cond_residual_t20,low,3014,0.31844023823263473,0.09127342471329032,0.319009929895401,0.03421209380030632,0.5529960989952087,0.251200795173645,0.3872404024004936
jump_medium,matched_protocol_recomputed,fixed_0.05,0.05,1,gamma_1,high,986,0.0,0.0,0.0,0.0,0.0,0.0,0.0
jump_medium,matched_protocol_recomputed,fixed_0.05,0.05,1,gamma_1,mid,0,,,,,,,
jump_medium,matched_protocol_recomputed,fixed_0.05,0.05,1,gamma_1,low,3014,0.3184812174171862,0.0911685690983656,0.3189874738454819,0.034744102507829666,0.5529854893684387,0.2510504946112633,0.38724780827760696
jump_medium,matched_protocol_recomputed,fixed_0.05,0.05,2,noisy,high,986,0.0,0.0,0.0,0.0,0.0,0.0,0.0
jump_medium,matched_protocol_recomputed,fixed_0.05,0.05,2,noisy,mid,0,,,,,,,
jump_medium,matched_protocol_recomputed,fixed_0.05,0.05,2,noisy,low,3014,0.3495268082294388,0.08358711451935792,0.34650248289108276,0.2008207142353058,0.49994945526123047,0.2753242254257202,0.42031559348106384
jump_medium,matched_protocol_recomputed,fixed_0.05,0.05,2,cond_residual_t20,high,986,0.026686185078485903,0.026607554737719592,0.020582491531968117,0.0,0.15849871933460236,0.008733417140319943,0.036278774961829185
jump_medium,matched_protocol_recomputed,fixed_0.05,0.05,2,cond_residual_t20,mid,0,,,,,,,
jump_medium,matched_protocol_recomputed,fixed_0.05,0.05,2,cond_residual_t20,low,3014,0.31844023823263473,0.09127342471329032,0.319009929895401,0.03421209380030632,0.5529960989952087,0.251200795173645,0.3872404024004936
jump_medium,matched_protocol_recomputed,fixed_0.05,0.05,2,gamma_2,high,986,0.0,0.0,0.0,0.0,0.0,0.0,0.0
jump_medium,matched_protocol_recomputed,fixed_0.05,0.05,2,gamma_2,mid,0,,,,,,,
jump_medium,matched_protocol_recomputed,fixed_0.05,0.05,2,gamma_2,low,3014,0.31852285742547115,0.09106285400751928,0.3189651221036911,0.035432297736406326,0.5529748797416687,0.2510683313012123,0.3872549682855606
jump_medium,matched_protocol_recomputed,fixed_0.05,0.05,3,noisy,high,986,0.0,0.0,0.0,0.0,0.0,0.0,0.0
jump_medium,matched_protocol_recomputed,fixed_0.05,0.05,3,noisy,mid,0,,,,,,,
jump_medium,matched_protocol_recomputed,fixed_0.05,0.05,3,noisy,low,3014,0.3495268082294388,0.08358711451935792,0.34650248289108276,0.2008207142353058,0.49994945526123047,0.2753242254257202,0.42031559348106384
jump_medium,matched_protocol_recomputed,fixed_0.05,0.05,3,cond_residual_t20,high,986,0.026686185078485903,0.026607554737719592,0.020582491531968117,0.0,0.15849871933460236,0.008733417140319943,0.036278774961829185
jump_medium,matched_protocol_recomputed,fixed_0.05,0.05,3,cond_residual_t20,mid,0,,,,,,,
jump_medium,matched_protocol_recomputed,fixed_0.05,0.05,3,cond_residual_t20,low,3014,0.31844023823263473,0.09127342471329032,0.319009929895401,0.03421209380030632,0.5529960989952087,0.251200795173645,0.3872404024004936
jump_medium,matched_protocol_recomputed,fixed_0.05,0.05,3,gamma_3,high,986,0.0,0.0,0.0,0.0,0.0,0.0,0.0
jump_medium,matched_protocol_recomputed,fixed_0.05,0.05,3,gamma_3,mid,0,,,,,,,
jump_medium,matched_protocol_recomputed,fixed_0.05,0.05,3,gamma_3,low,3014,0.31856511090279577,0.09095640060692664,0.3189069777727127,0.0362621434032917,0.5529643893241882,0.2511332705616951,0.38726233690977097
jump_medium,matched_protocol_recomputed,fixed_0.05,0.05,4,noisy,high,986,0.0,0.0,0.0,0.0,0.0,0.0,0.0
jump_medium,matched_protocol_recomputed,fixed_0.05,0.05,4,noisy,mid,0,,,,,,,
jump_medium,matched_protocol_recomputed,fixed_0.05,0.05,4,noisy,low,3014,0.3495268082294388,0.08358711451935792,0.34650248289108276,0.2008207142353058,0.49994945526123047,0.2753242254257202,0.42031559348106384
jump_medium,matched_protocol_recomputed,fixed_0.05,0.05,4,cond_residual_t20,high,986,0.026686185078485903,0.026607554737719592,0.020582491531968117,0.0,0.15849871933460236,0.008733417140319943,0.036278774961829185
jump_medium,matched_protocol_recomputed,fixed_0.05,0.05,4,cond_residual_t20,mid,0,,,,,,,
jump_medium,matched_protocol_recomputed,fixed_0.05,0.05,4,cond_residual_t20,low,3014,0.31844023823263473,0.09127342471329032,0.319009929895401,0.03421209380030632,0.5529960989952087,0.251200795173645,0.3872404024004936
jump_medium,matched_protocol_recomputed,fixed_0.05,0.05,4,gamma_4,high,986,0.0,0.0,0.0,0.0,0.0,0.0,0.0
jump_medium,matched_protocol_recomputed,fixed_0.05,0.05,4,gamma_4,mid,0,,,,,,,
jump_medium,matched_protocol_recomputed,fixed_0.05,0.05,4,gamma_4,low,3014,0.3186079322644117,0.09084930707932429,0.3187473714351654,0.03699522092938423,0.5529537796974182,0.25110677629709244,0.3872695043683052
jump_medium,matched_protocol_recomputed,fixed_0.10,0.1,1,noisy,high,986,0.0,0.0,0.0,0.0,0.0,0.0,0.0
jump_medium,matched_protocol_recomputed,fixed_0.10,0.1,1,noisy,mid,0,,,,,,,
jump_medium,matched_protocol_recomputed,fixed_0.10,0.1,1,noisy,low,3014,0.3495268082294388,0.08358711451935792,0.34650248289108276,0.2008207142353058,0.49994945526123047,0.2753242254257202,0.42031559348106384
jump_medium,matched_protocol_recomputed,fixed_0.10,0.1,1,cond_residual_t20,high,986,0.026686185078485903,0.026607554737719592,0.020582491531968117,0.0,0.15849871933460236,0.008733417140319943,0.036278774961829185
jump_medium,matched_protocol_recomputed,fixed_0.10,0.1,1,cond_residual_t20,mid,0,,,,,,,
jump_medium,matched_protocol_recomputed,fixed_0.10,0.1,1,cond_residual_t20,low,3014,0.31844023823263473,0.09127342471329032,0.319009929895401,0.03421209380030632,0.5529960989952087,0.251200795173645,0.3872404024004936
jump_medium,matched_protocol_recomputed,fixed_0.10,0.1,1,gamma_1,high,986,0.0,0.0,0.0,0.0,0.0,0.0,0.0
jump_medium,matched_protocol_recomputed,fixed_0.10,0.1,1,gamma_1,mid,0,,,,,,,
jump_medium,matched_protocol_recomputed,fixed_0.10,0.1,1,gamma_1,low,3014,0.31924974712448634,0.08982829648307211,0.31868791580200195,0.03345360979437828,0.5519828796386719,0.2516712248325348,0.38775602728128433
jump_medium,matched_protocol_recomputed,fixed_0.10,0.1,2,noisy,high,986,0.0,0.0,0.0,0.0,0.0,0.0,0.0
jump_medium,matched_protocol_recomputed,fixed_0.10,0.1,2,noisy,mid,0,,,,,,,
jump_medium,matched_protocol_recomputed,fixed_0.10,0.1,2,noisy,low,3014,0.3495268082294388,0.08358711451935792,0.34650248289108276,0.2008207142353058,0.49994945526123047,0.2753242254257202,0.42031559348106384
jump_medium,matched_protocol_recomputed,fixed_0.10,0.1,2,cond_residual_t20,high,986,0.026686185078485903,0.026607554737719592,0.020582491531968117,0.0,0.15849871933460236,0.008733417140319943,0.036278774961829185
jump_medium,matched_protocol_recomputed,fixed_0.10,0.1,2,cond_residual_t20,mid,0,,,,,,,
jump_medium,matched_protocol_recomputed,fixed_0.10,0.1,2,cond_residual_t20,low,3014,0.31844023823263473,0.09127342471329032,0.319009929895401,0.03421209380030632,0.5529960989952087,0.251200795173645,0.3872404024004936
jump_medium,matched_protocol_recomputed,fixed_0.10,0.1,2,gamma_2,high,986,0.0,0.0,0.0,0.0,0.0,0.0,0.0
jump_medium,matched_protocol_recomputed,fixed_0.10,0.1,2,gamma_2,mid,0,,,,,,,
jump_medium,matched_protocol_recomputed,fixed_0.10,0.1,2,gamma_2,low,3014,0.3200743589871616,0.08841814922512421,0.318906232714653,0.040722332894802094,0.5509801506996155,0.2519650533795357,0.3877750635147095
jump_medium,matched_protocol_recomputed,fixed_0.10,0.1,3,noisy,high,986,0.0,0.0,0.0,0.0,0.0,0.0,0.0
jump_medium,matched_protocol_recomputed,fixed_0.10,0.1,3,noisy,mid,0,,,,,,,
jump_medium,matched_protocol_recomputed,fixed_0.10,0.1,3,noisy,low,3014,0.3495268082294388,0.08358711451935792,0.34650248289108276,0.2008207142353058,0.49994945526123047,0.2753242254257202,0.42031559348106384
jump_medium,matched_protocol_recomputed,fixed_0.10,0.1,3,cond_residual_t20,high,986,0.026686185078485903,0.026607554737719592,0.020582491531968117,0.0,0.15849871933460236,0.008733417140319943,0.036278774961829185
jump_medium,matched_protocol_recomputed,fixed_0.10,0.1,3,cond_residual_t20,mid,0,,,,,,,
jump_medium,matched_protocol_recomputed,fixed_0.10,0.1,3,cond_residual_t20,low,3014,0.31844023823263473,0.09127342471329032,0.319009929895401,0.03421209380030632,0.5529960989952087,0.251200795173645,0.3872404024004936
jump_medium,matched_protocol_recomputed,fixed_0.10,0.1,3,gamma_3,high,986,0.0,0.0,0.0,0.0,0.0,0.0,0.0
jump_medium,matched_protocol_recomputed,fixed_0.10,0.1,3,gamma_3,mid,0,,,,,,,
jump_medium,matched_protocol_recomputed,fixed_0.10,0.1,3,gamma_3,low,3014,0.32089044617312235,0.0870912367261791,0.31890298426151276,0.055555108934640884,0.5499880313873291,0.2525835782289505,0.3877890035510063
jump_medium,matched_protocol_recomputed,fixed_0.10,0.1,4,noisy,high,986,0.0,0.0,0.0,0.0,0.0,0.0,0.0
jump_medium,matched_protocol_recomputed,fixed_0.10,0.1,4,noisy,mid,0,,,,,,,
jump_medium,matched_protocol_recomputed,fixed_0.10,0.1,4,noisy,low,3014,0.3495268082294388,0.08358711451935792,0.34650248289108276,0.2008207142353058,0.49994945526123047,0.2753242254257202,0.42031559348106384
jump_medium,matched_protocol_recomputed,fixed_0.10,0.1,4,cond_residual_t20,high,986,0.026686185078485903,0.026607554737719592,0.020582491531968117,0.0,0.15849871933460236,0.008733417140319943,0.036278774961829185
jump_medium,matched_protocol_recomputed,fixed_0.10,0.1,4,cond_residual_t20,mid,0,,,,,,,
jump_medium,matched_protocol_recomputed,fixed_0.10,0.1,4,cond_residual_t20,low,3014,0.31844023823263473,0.09127342471329032,0.319009929895401,0.03421209380030632,0.5529960989952087,0.251200795173645,0.3872404024004936
jump_medium,matched_protocol_recomputed,fixed_0.10,0.1,4,gamma_4,high,986,0.0,0.0,0.0,0.0,0.0,0.0,0.0
jump_medium,matched_protocol_recomputed,fixed_0.10,0.1,4,gamma_4,mid,0,,,,,,,
jump_medium,matched_protocol_recomputed,fixed_0.10,0.1,4,gamma_4,low,3014,0.32168458721290855,0.08587041165321396,0.31917284429073334,0.0715348944067955,0.5490062236785889,0.25247427821159363,0.38821957260370255
jump_medium,matched_protocol_recomputed,fixed_0.20,0.2,1,noisy,high,986,0.0,0.0,0.0,0.0,0.0,0.0,0.0
jump_medium,matched_protocol_recomputed,fixed_0.20,0.2,1,noisy,mid,356,0.22463998633824037,0.011172279022781744,0.226237490773201,0.2008207142353058,0.24056541919708252,0.21687310934066772,0.23334725201129913
jump_medium,matched_protocol_recomputed,fixed_0.20,0.2,1,noisy,low,2658,0.3662535608980869,0.07441191131940496,0.3652321547269821,0.24154436588287354,0.49994945526123047,0.30362603068351746,0.4311847388744354
jump_medium,matched_protocol_recomputed,fixed_0.20,0.2,1,cond_residual_t20,high,986,0.026686185078485903,0.026607554737719592,0.020582491531968117,0.0,0.15849871933460236,0.008733417140319943,0.036278774961829185
jump_medium,matched_protocol_recomputed,fixed_0.20,0.2,1,cond_residual_t20,mid,356,0.20413421226267733,0.05756107452717696,0.21280750632286072,0.03421209380030632,0.3179478049278259,0.1787528693675995,0.24087931588292122
jump_medium,matched_protocol_recomputed,fixed_0.20,0.2,1,cond_residual_t20,low,2658,0.33374984893440485,0.08377649774415599,0.3356122523546219,0.07319126278162003,0.5529960989952087,0.27240316569805145,0.3954593390226364
jump_medium,matched_protocol_recomputed,fixed_0.20,0.2,1,gamma_1,high,986,0.0,0.0,0.0,0.0,0.0,0.0,0.0
jump_medium,matched_protocol_recomputed,fixed_0.20,0.2,1,gamma_1,mid,356,0.20904197612923853,0.0416063214861424,0.2158728763461113,0.06365100294351578,0.2895517647266388,0.19047871604561806,0.23503318056464195
jump_medium,matched_protocol_recomputed,fixed_0.20,0.2,1,gamma_1,low,2658,0.3381719778553268,0.07830522056269462,0.33932098746299744,0.1222919374704361,0.5430861115455627,0.2784018963575363,0.3975834473967552
jump_medium,matched_protocol_recomputed,fixed_0.20,0.2,2,noisy,high,986,0.0,0.0,0.0,0.0,0.0,0.0,0.0
jump_medium,matched_protocol_recomputed,fixed_0.20,0.2,2,noisy,mid,356,0.22463998633824037,0.011172279022781744,0.226237490773201,0.2008207142353058,0.24056541919708252,0.21687310934066772,0.23334725201129913
jump_medium,matched_protocol_recomputed,fixed_0.20,0.2,2,noisy,low,2658,0.3662535608980869,0.07441191131940496,0.3652321547269821,0.24154436588287354,0.49994945526123047,0.30362603068351746,0.4311847388744354
jump_medium,matched_protocol_recomputed,fixed_0.20,0.2,2,cond_residual_t20,high,986,0.026686185078485903,0.026607554737719592,0.020582491531968117,0.0,0.15849871933460236,0.008733417140319943,0.036278774961829185
jump_medium,matched_protocol_recomputed,fixed_0.20,0.2,2,cond_residual_t20,mid,356,0.20413421226267733,0.05756107452717696,0.21280750632286072,0.03421209380030632,0.3179478049278259,0.1787528693675995,0.24087931588292122
jump_medium,matched_protocol_recomputed,fixed_0.20,0.2,2,cond_residual_t20,low,2658,0.33374984893440485,0.08377649774415599,0.3356122523546219,0.07319126278162003,0.5529960989952087,0.27240316569805145,0.3954593390226364
jump_medium,matched_protocol_recomputed,fixed_0.20,0.2,2,gamma_2,high,986,0.0,0.0,0.0,0.0,0.0,0.0,0.0
jump_medium,matched_protocol_recomputed,fixed_0.20,0.2,2,gamma_2,mid,356,0.21361960171397482,0.02919939820861317,0.21749167889356613,0.11028095334768295,0.27040964365005493,0.2014676108956337,0.23230772092938423
jump_medium,matched_protocol_recomputed,fixed_0.20,0.2,2,gamma_2,low,2658,0.34204385745247295,0.07444677189599722,0.3415943682193756,0.1598052978515625,0.5341894030570984,0.2839909791946411,0.4008101671934128
jump_medium,matched_protocol_recomputed,fixed_0.20,0.2,3,noisy,high,986,0.0,0.0,0.0,0.0,0.0,0.0,0.0
jump_medium,matched_protocol_recomputed,fixed_0.20,0.2,3,noisy,mid,356,0.22463998633824037,0.011172279022781744,0.226237490773201,0.2008207142353058,0.24056541919708252,0.21687310934066772,0.23334725201129913
jump_medium,matched_protocol_recomputed,fixed_0.20,0.2,3,noisy,low,2658,0.3662535608980869,0.07441191131940496,0.3652321547269821,0.24154436588287354,0.49994945526123047,0.30362603068351746,0.4311847388744354
jump_medium,matched_protocol_recomputed,fixed_0.20,0.2,3,cond_residual_t20,high,986,0.026686185078485903,0.026607554737719592,0.020582491531968117,0.0,0.15849871933460236,0.008733417140319943,0.036278774961829185
jump_medium,matched_protocol_recomputed,fixed_0.20,0.2,3,cond_residual_t20,mid,356,0.20413421226267733,0.05756107452717696,0.21280750632286072,0.03421209380030632,0.3179478049278259,0.1787528693675995,0.24087931588292122
jump_medium,matched_protocol_recomputed,fixed_0.20,0.2,3,cond_residual_t20,low,2658,0.33374984893440485,0.08377649774415599,0.3356122523546219,0.07319126278162003,0.5529960989952087,0.27240316569805145,0.3954593390226364
jump_medium,matched_protocol_recomputed,fixed_0.20,0.2,3,gamma_3,high,986,0.0,0.0,0.0,0.0,0.0,0.0,0.0
jump_medium,matched_protocol_recomputed,fixed_0.20,0.2,3,gamma_3,mid,356,0.21700400507517076,0.02111196734476335,0.21879106014966965,0.14423929154872894,0.25747960805892944,0.207213144749403,0.23169080168008804
jump_medium,matched_protocol_recomputed,fixed_0.20,0.2,3,gamma_3,low,2658,0.34537014892735457,0.07183141074132467,0.3436332941055298,0.18767082691192627,0.5275830030441284,0.2880690321326256,0.4020303338766098
jump_medium,matched_protocol_recomputed,fixed_0.20,0.2,4,noisy,high,986,0.0,0.0,0.0,0.0,0.0,0.0,0.0
jump_medium,matched_protocol_recomputed,fixed_0.20,0.2,4,noisy,mid,356,0.22463998633824037,0.011172279022781744,0.226237490773201,0.2008207142353058,0.24056541919708252,0.21687310934066772,0.23334725201129913
jump_medium,matched_protocol_recomputed,fixed_0.20,0.2,4,noisy,low,2658,0.3662535608980869,0.07441191131940496,0.3652321547269821,0.24154436588287354,0.49994945526123047,0.30362603068351746,0.4311847388744354
jump_medium,matched_protocol_recomputed,fixed_0.20,0.2,4,cond_residual_t20,high,986,0.026686185078485903,0.026607554737719592,0.020582491531968117,0.0,0.15849871933460236,0.008733417140319943,0.036278774961829185
jump_medium,matched_protocol_recomputed,fixed_0.20,0.2,4,cond_residual_t20,mid,356,0.20413421226267733,0.05756107452717696,0.21280750632286072,0.03421209380030632,0.3179478049278259,0.1787528693675995,0.24087931588292122
jump_medium,matched_protocol_recomputed,fixed_0.20,0.2,4,cond_residual_t20,low,2658,0.33374984893440485,0.08377649774415599,0.3356122523546219,0.07319126278162003,0.5529960989952087,0.27240316569805145,0.3954593390226364
jump_medium,matched_protocol_recomputed,fixed_0.20,0.2,4,gamma_4,high,986,0.0,0.0,0.0,0.0,0.0,0.0,0.0
jump_medium,matched_protocol_recomputed,fixed_0.20,0.2,4,gamma_4,mid,356,0.2193963723989685,0.01620389736267553,0.22154762595891953,0.16690078377723694,0.24872544407844543,0.20983172953128815,0.23161456733942032
jump_medium,matched_protocol_recomputed,fixed_0.20,0.2,4,gamma_4,low,2658,0.34820544637846174,0.0701346845765428,0.34667085111141205,0.20824295282363892,0.5233289003372192,0.2923104837536812,0.40373124927282333
combined_medium,matched_protocol_recomputed,default,0.1881377846002578,1,noisy,high,290,0.04497112169107101,0.01567581404494423,0.046756135299801826,0.003591065527871251,0.06709586083889008,0.034627482295036316,0.05858225654810667
combined_medium,matched_protocol_recomputed,default,0.1881377846002578,1,noisy,mid,2257,0.15021891829565556,0.04347073350020366,0.15041343867778778,0.06711292266845703,0.22646674513816833,0.11524786800146103,0.18708261847496033
combined_medium,matched_protocol_recomputed,default,0.1881377846002578,1,noisy,low,1453,0.30569121735881954,0.06279755748727123,0.289861261844635,0.22669771313667297,0.5715644955635071,0.255462110042572,0.3437870740890503
combined_medium,matched_protocol_recomputed,default,0.1881377846002578,1,cond_residual_t20,high,290,0.0749828460562075,0.035018215522630604,0.07307909429073334,0.009681676514446735,0.1724758744239807,0.045430293306708336,0.10127671808004379
combined_medium,matched_protocol_recomputed,default,0.1881377846002578,1,cond_residual_t20,mid,2257,0.15091660194838397,0.052231361561951524,0.15053728222846985,0.011562222614884377,0.31804344058036804,0.11504398286342621,0.18696105480194092
combined_medium,matched_protocol_recomputed,default,0.1881377846002578,1,cond_residual_t20,low,1453,0.29411809989914595,0.07260276161986606,0.28143808245658875,0.10298460721969604,0.5243225693702698,0.242022305727005,0.34131672978401184
combined_medium,matched_protocol_recomputed,default,0.1881377846002578,1,gamma_1,high,290,0.04661951092521435,0.01814037260826264,0.045892827212810516,0.0034763221628963947,0.09406812489032745,0.034240877255797386,0.06084099132567644
combined_medium,matched_protocol_recomputed,default,0.1881377846002578,1,gamma_1,mid,2257,0.1478058317635748,0.04558153624963697,0.1466924101114273,0.03353499621152878,0.2862358093261719,0.11289340257644653,0.18099668622016907
combined_medium,matched_protocol_recomputed,default,0.1881377846002578,1,gamma_1,low,1453,0.29573165828904363,0.0680606098853916,0.2811059057712555,0.1348746418952942,0.5265117883682251,0.2454638034105301,0.33969926834106445
combined_medium,matched_protocol_recomputed,default,0.1881377846002578,2,noisy,high,290,0.04497112169107101,0.01567581404494423,0.046756135299801826,0.003591065527871251,0.06709586083889008,0.034627482295036316,0.05858225654810667
combined_medium,matched_protocol_recomputed,default,0.1881377846002578,2,noisy,mid,2257,0.15021891829565556,0.04347073350020366,0.15041343867778778,0.06711292266845703,0.22646674513816833,0.11524786800146103,0.18708261847496033
combined_medium,matched_protocol_recomputed,default,0.1881377846002578,2,noisy,low,1453,0.30569121735881954,0.06279755748727123,0.289861261844635,0.22669771313667297,0.5715644955635071,0.255462110042572,0.3437870740890503
combined_medium,matched_protocol_recomputed,default,0.1881377846002578,2,cond_residual_t20,high,290,0.0749828460562075,0.035018215522630604,0.07307909429073334,0.009681676514446735,0.1724758744239807,0.045430293306708336,0.10127671808004379
combined_medium,matched_protocol_recomputed,default,0.1881377846002578,2,cond_residual_t20,mid,2257,0.15091660194838397,0.052231361561951524,0.15053728222846985,0.011562222614884377,0.31804344058036804,0.11504398286342621,0.18696105480194092
combined_medium,matched_protocol_recomputed,default,0.1881377846002578,2,cond_residual_t20,low,1453,0.29411809989914595,0.07260276161986606,0.28143808245658875,0.10298460721969604,0.5243225693702698,0.242022305727005,0.34131672978401184
combined_medium,matched_protocol_recomputed,default,0.1881377846002578,2,gamma_2,high,290,0.04508436196001953,0.015821487305947048,0.04709899239242077,0.0035887896083295345,0.07186798006296158,0.03379844594746828,0.05842728912830353
combined_medium,matched_protocol_recomputed,default,0.1881377846002578,2,gamma_2,mid,2257,0.14808633466658466,0.04326035504126684,0.14720436930656433,0.060134418308734894,0.2645159959793091,0.1134963184595108,0.1811528503894806
combined_medium,matched_protocol_recomputed,default,0.1881377846002578,2,gamma_2,low,1453,0.29725583883211354,0.06504564540935906,0.2822436988353729,0.1623373031616211,0.5285963416099548,0.24764317274093628,0.3380460739135742
combined_medium,matched_protocol_recomputed,default,0.1881377846002578,3,noisy,high,290,0.04497112169107101,0.01567581404494423,0.046756135299801826,0.003591065527871251,0.06709586083889008,0.034627482295036316,0.05858225654810667
combined_medium,matched_protocol_recomputed,default,0.1881377846002578,3,noisy,mid,2257,0.15021891829565556,0.04347073350020366,0.15041343867778778,0.06711292266845703,0.22646674513816833,0.11524786800146103,0.18708261847496033
combined_medium,matched_protocol_recomputed,default,0.1881377846002578,3,noisy,low,1453,0.30569121735881954,0.06279755748727123,0.289861261844635,0.22669771313667297,0.5715644955635071,0.255462110042572,0.3437870740890503
combined_medium,matched_protocol_recomputed,default,0.1881377846002578,3,cond_residual_t20,high,290,0.0749828460562075,0.035018215522630604,0.07307909429073334,0.009681676514446735,0.1724758744239807,0.045430293306708336,0.10127671808004379
combined_medium,matched_protocol_recomputed,default,0.1881377846002578,3,cond_residual_t20,mid,2257,0.15091660194838397,0.052231361561951524,0.15053728222846985,0.011562222614884377,0.31804344058036804,0.11504398286342621,0.18696105480194092
combined_medium,matched_protocol_recomputed,default,0.1881377846002578,3,cond_residual_t20,low,1453,0.29411809989914595,0.07260276161986606,0.28143808245658875,0.10298460721969604,0.5243225693702698,0.242022305727005,0.34131672978401184
combined_medium,matched_protocol_recomputed,default,0.1881377846002578,3,gamma_3,high,290,0.044979572881430646,0.015674792302530858,0.04670090973377228,0.003591065527871251,0.06742025911808014,0.034437813796103,0.05896742455661297
combined_medium,matched_protocol_recomputed,default,0.1881377846002578,3,gamma_3,mid,2257,0.1487036730580801,0.042729451364218025,0.1486162543296814,0.06663696467876434,0.2496778666973114,0.11463475972414017,0.18316292762756348
combined_medium,matched_protocol_recomputed,default,0.1881377846002578,3,gamma_3,low,1453,0.2985981600967999,0.06310591082144663,0.2825695276260376,0.18343950808048248,0.5305813550949097,0.24967995285987854,0.33792248368263245
combined_medium,matched_protocol_recomputed,default,0.1881377846002578,4,noisy,high,290,0.04497112169107101,0.01567581404494423,0.046756135299801826,0.003591065527871251,0.06709586083889008,0.034627482295036316,0.05858225654810667
combined_medium,matched_protocol_recomputed,default,0.1881377846002578,4,noisy,mid,2257,0.15021891829565556,0.04347073350020366,0.15041343867778778,0.06711292266845703,0.22646674513816833,0.11524786800146103,0.18708261847496033
combined_medium,matched_protocol_recomputed,default,0.1881377846002578,4,noisy,low,1453,0.30569121735881954,0.06279755748727123,0.289861261844635,0.22669771313667297,0.5715644955635071,0.255462110042572,0.3437870740890503
combined_medium,matched_protocol_recomputed,default,0.1881377846002578,4,cond_residual_t20,high,290,0.0749828460562075,0.035018215522630604,0.07307909429073334,0.009681676514446735,0.1724758744239807,0.045430293306708336,0.10127671808004379
combined_medium,matched_protocol_recomputed,default,0.1881377846002578,4,cond_residual_t20,mid,2257,0.15091660194838397,0.052231361561951524,0.15053728222846985,0.011562222614884377,0.31804344058036804,0.11504398286342621,0.18696105480194092
combined_medium,matched_protocol_recomputed,default,0.1881377846002578,4,cond_residual_t20,low,1453,0.29411809989914595,0.07260276161986606,0.28143808245658875,0.10298460721969604,0.5243225693702698,0.242022305727005,0.34131672978401184
combined_medium,matched_protocol_recomputed,default,0.1881377846002578,4,gamma_4,high,290,0.04497116398596173,0.015672359642393156,0.046815089881420135,0.003591065527871251,0.06691697984933853,0.03458489663898945,0.05859873816370964
combined_medium,matched_protocol_recomputed,default,0.1881377846002578,4,gamma_4,mid,2257,0.14920305403912548,0.04274749975482331,0.14959906041622162,0.06711292266845703,0.23955218493938446,0.11503060907125473,0.18455907702445984
combined_medium,matched_protocol_recomputed,default,0.1881377846002578,4,gamma_4,low,1453,0.29974141543640076,0.06189461645315613,0.2837879955768585,0.19786208868026733,0.5324713587760925,0.25020357966423035,0.337733656167984
combined_medium,matched_protocol_recomputed,fixed_0.02,0.02,1,noisy,high,5,0.005350331449881196,0.0012711940748885264,0.005451790988445282,0.003591065527871251,0.006898852996528149,0.00427129166200757,0.006538656074553728
combined_medium,matched_protocol_recomputed,fixed_0.02,0.02,1,noisy,mid,31,0.018082203824193246,0.004755148582606656,0.019572671502828598,0.008256473578512669,0.02400817722082138,0.015059211757034063,0.02200187835842371
combined_medium,matched_protocol_recomputed,fixed_0.02,0.02,1,noisy,low,3964,0.2007234517483024,0.09744737967947918,0.18937231600284576,0.02439613826572895,0.5715644955635071,0.12626401335000992,0.2638469934463501
combined_medium,matched_protocol_recomputed,fixed_0.02,0.02,1,cond_residual_t20,high,5,0.040128452330827714,0.023419895390437956,0.04944203421473503,0.011085285805165768,0.06504681706428528,0.013266568072140217,0.06180155649781227
combined_medium,matched_protocol_recomputed,fixed_0.02,0.02,1,cond_residual_t20,mid,31,0.06059179142598183,0.0322223151152138,0.05902231112122536,0.018240908160805702,0.14443105459213257,0.03443828597664833,0.08232184872031212
combined_medium,matched_protocol_recomputed,fixed_0.02,0.02,1,cond_residual_t20,low,3964,0.1986978827728058,0.0956166662230151,0.18576877564191818,0.009681676514446735,0.5243225693702698,0.12690071389079094,0.2560666650533676
combined_medium,matched_protocol_recomputed,fixed_0.02,0.02,1,gamma_1,high,5,0.008928032452240586,0.005338208321163137,0.011390932835638523,0.0018111353274434805,0.0148275475949049,0.0032959668897092342,0.013314579613506794
combined_medium,matched_protocol_recomputed,fixed_0.02,0.02,1,gamma_1,mid,31,0.03919489837942585,0.021643149560419052,0.033017970621585846,0.001551823690533638,0.0894894078373909,0.022232978604733944,0.04973542504012585
combined_medium,matched_protocol_recomputed,fixed_0.02,0.02,1,gamma_1,low,3964,0.19832761170799298,0.09600830820122479,0.18576114624738693,0.01014361809939146,0.5243225693702698,0.12658172473311424,0.25606585294008255
combined_medium,matched_protocol_recomputed,fixed_0.02,0.02,2,noisy,high,5,0.005350331449881196,0.0012711940748885264,0.005451790988445282,0.003591065527871251,0.006898852996528149,0.00427129166200757,0.006538656074553728
combined_medium,matched_protocol_recomputed,fixed_0.02,0.02,2,noisy,mid,31,0.018082203824193246,0.004755148582606656,0.019572671502828598,0.008256473578512669,0.02400817722082138,0.015059211757034063,0.02200187835842371
combined_medium,matched_protocol_recomputed,fixed_0.02,0.02,2,noisy,low,3964,0.2007234517483024,0.09744737967947918,0.18937231600284576,0.02439613826572895,0.5715644955635071,0.12626401335000992,0.2638469934463501
combined_medium,matched_protocol_recomputed,fixed_0.02,0.02,2,cond_residual_t20,high,5,0.040128452330827714,0.023419895390437956,0.04944203421473503,0.011085285805165768,0.06504681706428528,0.013266568072140217,0.06180155649781227
combined_medium,matched_protocol_recomputed,fixed_0.02,0.02,2,cond_residual_t20,mid,31,0.06059179142598183,0.0322223151152138,0.05902231112122536,0.018240908160805702,0.14443105459213257,0.03443828597664833,0.08232184872031212
combined_medium,matched_protocol_recomputed,fixed_0.02,0.02,2,cond_residual_t20,low,3964,0.1986978827728058,0.0956166662230151,0.18576877564191818,0.009681676514446735,0.5243225693702698,0.12690071389079094,0.2560666650533676
combined_medium,matched_protocol_recomputed,fixed_0.02,0.02,2,gamma_2,high,5,0.004806364933028817,0.0013604895324780327,0.004096341319382191,0.0034326219465583563,0.007279737386852503,0.004032818600535393,0.005190305411815643
combined_medium,matched_protocol_recomputed,fixed_0.02,0.02,2,gamma_2,mid,31,0.02841203010851337,0.015403232050479007,0.02400817722082138,0.00523938424885273,0.06112666800618172,0.016639603301882744,0.037744201719760895
combined_medium,matched_protocol_recomputed,fixed_0.02,0.02,2,gamma_2,low,3964,0.198018330819886,0.09635132064389208,0.18576129525899887,0.009961539879441261,0.5243225693702698,0.12611086294054985,0.2560650557279587
combined_medium,matched_protocol_recomputed,fixed_0.02,0.02,3,noisy,high,5,0.005350331449881196,0.0012711940748885264,0.005451790988445282,0.003591065527871251,0.006898852996528149,0.00427129166200757,0.006538656074553728
combined_medium,matched_protocol_recomputed,fixed_0.02,0.02,3,noisy,mid,31,0.018082203824193246,0.004755148582606656,0.019572671502828598,0.008256473578512669,0.02400817722082138,0.015059211757034063,0.02200187835842371
combined_medium,matched_protocol_recomputed,fixed_0.02,0.02,3,noisy,low,3964,0.2007234517483024,0.09744737967947918,0.18937231600284576,0.02439613826572895,0.5715644955635071,0.12626401335000992,0.2638469934463501
combined_medium,matched_protocol_recomputed,fixed_0.02,0.02,3,cond_residual_t20,high,5,0.040128452330827714,0.023419895390437956,0.04944203421473503,0.011085285805165768,0.06504681706428528,0.013266568072140217,0.06180155649781227
combined_medium,matched_protocol_recomputed,fixed_0.02,0.02,3,cond_residual_t20,mid,31,0.06059179142598183,0.0322223151152138,0.05902231112122536,0.018240908160805702,0.14443105459213257,0.03443828597664833,0.08232184872031212
combined_medium,matched_protocol_recomputed,fixed_0.02,0.02,3,cond_residual_t20,low,3964,0.1986978827728058,0.0956166662230151,0.18576877564191818,0.009681676514446735,0.5243225693702698,0.12690071389079094,0.2560666650533676
combined_medium,matched_protocol_recomputed,fixed_0.02,0.02,3,gamma_3,high,5,0.005093697598204017,0.0011951260218503554,0.004872457589954138,0.0035625684540718794,0.006734414491802454,0.004137065727263689,0.006161981727927923
combined_medium,matched_protocol_recomputed,fixed_0.02,0.02,3,gamma_3,mid,31,0.023071019594827966,0.01131623624920524,0.022377725690603256,0.0071581206284463406,0.047224901616573334,0.01321572670713067,0.03098418191075325
combined_medium,matched_protocol_recomputed,fixed_0.02,0.02,3,gamma_3,low,3964,0.19775977113479645,0.09664344782444756,0.1857391893863678,0.004138293210417032,0.5243225693702698,0.12560217082500458,0.2560642436146736
combined_medium,matched_protocol_recomputed,fixed_0.02,0.02,4,noisy,high,5,0.005350331449881196,0.0012711940748885264,0.005451790988445282,0.003591065527871251,0.006898852996528149,0.00427129166200757,0.006538656074553728
combined_medium,matched_protocol_recomputed,fixed_0.02,0.02,4,noisy,mid,31,0.018082203824193246,0.004755148582606656,0.019572671502828598,0.008256473578512669,0.02400817722082138,0.015059211757034063,0.02200187835842371
combined_medium,matched_protocol_recomputed,fixed_0.02,0.02,4,noisy,low,3964,0.2007234517483024,0.09744737967947918,0.18937231600284576,0.02439613826572895,0.5715644955635071,0.12626401335000992,0.2638469934463501
combined_medium,matched_protocol_recomputed,fixed_0.02,0.02,4,cond_residual_t20,high,5,0.040128452330827714,0.023419895390437956,0.04944203421473503,0.011085285805165768,0.06504681706428528,0.013266568072140217,0.06180155649781227
combined_medium,matched_protocol_recomputed,fixed_0.02,0.02,4,cond_residual_t20,mid,31,0.06059179142598183,0.0322223151152138,0.05902231112122536,0.018240908160805702,0.14443105459213257,0.03443828597664833,0.08232184872031212
combined_medium,matched_protocol_recomputed,fixed_0.02,0.02,4,cond_residual_t20,low,3964,0.1986978827728058,0.0956166662230151,0.18576877564191818,0.009681676514446735,0.5243225693702698,0.12690071389079094,0.2560666650533676
combined_medium,matched_protocol_recomputed,fixed_0.02,0.02,4,gamma_4,high,5,0.005278816865757108,0.0012387528719140788,0.005304403603076935,0.0035862873774021864,0.006827664095908403,0.004242115654051304,0.00643361359834671
combined_medium,matched_protocol_recomputed,fixed_0.02,0.02,4,gamma_4,mid,31,0.020564416032885353,0.0085528459428963,0.019708704203367233,0.007722079753875732,0.03847738727927208,0.014052944723516703,0.024968013167381287
combined_medium,matched_protocol_recomputed,fixed_0.02,0.02,4,gamma_4,low,3964,0.19754869482080817,0.09687645037911964,0.18572544306516647,0.0031147862318903208,0.5243225693702698,0.1254170723259449,0.25606347620487213
combined_medium,matched_protocol_recomputed,fixed_0.05,0.05,1,noisy,high,17,0.010742317844072686,0.004471580036623305,0.010479012504220009,0.003591065527871251,0.017826396971940994,0.006898852996528149,0.014306950382888317
combined_medium,matched_protocol_recomputed,fixed_0.05,0.05,1,noisy,mid,218,0.04290076722860883,0.011818666776365038,0.04377368837594986,0.01789454184472561,0.06012149155139923,0.034611267037689686,0.05420600716024637
combined_medium,matched_protocol_recomputed,fixed_0.05,0.05,1,noisy,low,3765,0.20895619549718036,0.09296398589750285,0.1959548443555832,0.06027707830071449,0.5715644955635071,0.1360141783952713,0.2686627209186554
combined_medium,matched_protocol_recomputed,fixed_0.05,0.05,1,cond_residual_t20,high,17,0.04982557487400139,0.02659124027041558,0.04358404874801636,0.011085285805165768,0.09511139243841171,0.033247292041778564,0.06504681706428528
combined_medium,matched_protocol_recomputed,fixed_0.05,0.05,1,cond_residual_t20,mid,218,0.07454898090469181,0.03423522686508513,0.07188435643911362,0.009681676514446735,0.1724758744239807,0.04691747669130564,0.10093066096305847
combined_medium,matched_protocol_recomputed,fixed_0.05,0.05,1,cond_residual_t20,low,3765,0.2052108054441384,0.09337831306476531,0.19202344119548798,0.011562222614884377,0.5243225693702698,0.1358295977115631,0.2601815164089203
combined_medium,matched_protocol_recomputed,fixed_0.05,0.05,1,gamma_1,high,17,0.015483461786061525,0.009997477487171518,0.014327156357467175,0.0032644346356391907,0.03760847821831703,0.005446524824947119,0.0212249755859375
combined_medium,matched_protocol_recomputed,fixed_0.05,0.05,1,gamma_1,mid,218,0.05461736228060695,0.024079501282677027,0.05252193659543991,0.0019174583721905947,0.11982686817646027,0.03818634990602732,0.07013598456978798
combined_medium,matched_protocol_recomputed,fixed_0.05,0.05,1,gamma_1,low,3765,0.20436022379627306,0.09373707686953962,0.1908223181962967,0.0020057503134012222,0.524323046207428,0.13429023325443268,0.2595990002155304
combined_medium,matched_protocol_recomputed,fixed_0.05,0.05,2,noisy,high,17,0.010742317844072686,0.004471580036623305,0.010479012504220009,0.003591065527871251,0.017826396971940994,0.006898852996528149,0.014306950382888317
combined_medium,matched_protocol_recomputed,fixed_0.05,0.05,2,noisy,mid,218,0.04290076722860883,0.011818666776365038,0.04377368837594986,0.01789454184472561,0.06012149155139923,0.034611267037689686,0.05420600716024637
combined_medium,matched_protocol_recomputed,fixed_0.05,0.05,2,noisy,low,3765,0.20895619549718036,0.09296398589750285,0.1959548443555832,0.06027707830071449,0.5715644955635071,0.1360141783952713,0.2686627209186554
combined_medium,matched_protocol_recomputed,fixed_0.05,0.05,2,cond_residual_t20,high,17,0.04982557487400139,0.02659124027041558,0.04358404874801636,0.011085285805165768,0.09511139243841171,0.033247292041778564,0.06504681706428528
combined_medium,matched_protocol_recomputed,fixed_0.05,0.05,2,cond_residual_t20,mid,218,0.07454898090469181,0.03423522686508513,0.07188435643911362,0.009681676514446735,0.1724758744239807,0.04691747669130564,0.10093066096305847
combined_medium,matched_protocol_recomputed,fixed_0.05,0.05,2,cond_residual_t20,low,3765,0.2052108054441384,0.09337831306476531,0.19202344119548798,0.011562222614884377,0.5243225693702698,0.1358295977115631,0.2601815164089203
combined_medium,matched_protocol_recomputed,fixed_0.05,0.05,2,gamma_2,high,17,0.011649074745090568,0.00582012086716142,0.01122160255908966,0.003560376353561878,0.021919600665569305,0.006763658486306667,0.0163233894854784
combined_medium,matched_protocol_recomputed,fixed_0.05,0.05,2,gamma_2,mid,218,0.047271954647581514,0.018480748706221354,0.044534534215927124,0.012759286910295486,0.09777754545211792,0.034337058663368225,0.06013122107833624
combined_medium,matched_protocol_recomputed,fixed_0.05,0.05,2,gamma_2,low,3765,0.20380597644656215,0.09386385551612977,0.18948552012443542,0.0015766907017678022,0.524323582649231,0.13239334523677826,0.25956377387046814
combined_medium,matched_protocol_recomputed,fixed_0.05,0.05,3,noisy,high,17,0.010742317844072686,0.004471580036623305,0.010479012504220009,0.003591065527871251,0.017826396971940994,0.006898852996528149,0.014306950382888317
combined_medium,matched_protocol_recomputed,fixed_0.05,0.05,3,noisy,mid,218,0.04290076722860883,0.011818666776365038,0.04377368837594986,0.01789454184472561,0.06012149155139923,0.034611267037689686,0.05420600716024637
combined_medium,matched_protocol_recomputed,fixed_0.05,0.05,3,noisy,low,3765,0.20895619549718036,0.09296398589750285,0.1959548443555832,0.06027707830071449,0.5715644955635071,0.1360141783952713,0.2686627209186554
combined_medium,matched_protocol_recomputed,fixed_0.05,0.05,3,cond_residual_t20,high,17,0.04982557487400139,0.02659124027041558,0.04358404874801636,0.011085285805165768,0.09511139243841171,0.033247292041778564,0.06504681706428528
combined_medium,matched_protocol_recomputed,fixed_0.05,0.05,3,cond_residual_t20,mid,218,0.07454898090469181,0.03423522686508513,0.07188435643911362,0.009681676514446735,0.1724758744239807,0.04691747669130564,0.10093066096305847
combined_medium,matched_protocol_recomputed,fixed_0.05,0.05,3,cond_residual_t20,low,3765,0.2052108054441384,0.09337831306476531,0.19202344119548798,0.011562222614884377,0.5243225693702698,0.1358295977115631,0.2601815164089203
combined_medium,matched_protocol_recomputed,fixed_0.05,0.05,3,gamma_3,high,17,0.010986625340164584,0.004798088012475129,0.010698897764086723,0.003588783787563443,0.01897422969341278,0.006875777617096901,0.015124249272048473
combined_medium,matched_protocol_recomputed,fixed_0.05,0.05,3,gamma_3,mid,218,0.04464097872991628,0.015191731951854425,0.04301689378917217,0.0170537531375885,0.085050567984581,0.0337949488312006,0.0564847718924284
combined_medium,matched_protocol_recomputed,fixed_0.05,0.05,3,gamma_3,low,3765,0.20344410521605338,0.09385097543186934,0.18881288170814514,0.015370393171906471,0.5243240594863892,0.1317782700061798,0.25939154624938965
combined_medium,matched_protocol_recomputed,fixed_0.05,0.05,4,noisy,high,17,0.010742317844072686,0.004471580036623305,0.010479012504220009,0.003591065527871251,0.017826396971940994,0.006898852996528149,0.014306950382888317
combined_medium,matched_protocol_recomputed,fixed_0.05,0.05,4,noisy,mid,218,0.04290076722860883,0.011818666776365038,0.04377368837594986,0.01789454184472561,0.06012149155139923,0.034611267037689686,0.05420600716024637
combined_medium,matched_protocol_recomputed,fixed_0.05,0.05,4,noisy,low,3765,0.20895619549718036,0.09296398589750285,0.1959548443555832,0.06027707830071449,0.5715644955635071,0.1360141783952713,0.2686627209186554
combined_medium,matched_protocol_recomputed,fixed_0.05,0.05,4,cond_residual_t20,high,17,0.04982557487400139,0.02659124027041558,0.04358404874801636,0.011085285805165768,0.09511139243841171,0.033247292041778564,0.06504681706428528
combined_medium,matched_protocol_recomputed,fixed_0.05,0.05,4,cond_residual_t20,mid,218,0.07454898090469181,0.03423522686508513,0.07188435643911362,0.009681676514446735,0.1724758744239807,0.04691747669130564,0.10093066096305847
combined_medium,matched_protocol_recomputed,fixed_0.05,0.05,4,cond_residual_t20,low,3765,0.2052108054441384,0.09337831306476531,0.19202344119548798,0.011562222614884377,0.5243225693702698,0.1358295977115631,0.2601815164089203
combined_medium,matched_protocol_recomputed,fixed_0.05,0.05,4,gamma_4,high,17,0.01081025494974764,0.004558009617865049,0.010518950410187244,0.0035908326972275972,0.018170533701777458,0.006895734462887049,0.014506143517792225
combined_medium,matched_protocol_recomputed,fixed_0.05,0.05,4,gamma_4,mid,218,0.04365288192799332,0.013418774726399319,0.04311324097216129,0.017632002010941505,0.07642681896686554,0.03307581506669521,0.054373533464968204
combined_medium,matched_protocol_recomputed,fixed_0.05,0.05,4,gamma_4,low,3765,0.20319813076124724,0.09377897361897024,0.1883261352777481,0.02842697873711586,0.5243247747421265,0.13031496107578278,0.25928109884262085
combined_medium,matched_protocol_recomputed,fixed_0.10,0.1,1,noisy,high,82,0.02447435922250606,0.008702302928798577,0.025967851281166077,0.003591065527871251,0.03554702550172806,0.019606679677963257,0.03149064164608717
combined_medium,matched_protocol_recomputed,fixed_0.10,0.1,1,noisy,mid,860,0.08589207549081292,0.023215555919698167,0.08866680786013603,0.03581594303250313,0.12037872523069382,0.06812331080436707,0.105006018653512
combined_medium,matched_protocol_recomputed,fixed_0.10,0.1,1,noisy,low,3058,0.2355725900352274,0.08246692163519805,0.2199200540781021,0.1204017922282219,0.5715644955635071,0.16948236897587776,0.2865026667714119
combined_medium,matched_protocol_recomputed,fixed_0.10,0.1,1,cond_residual_t20,high,82,0.06557743595458748,0.03403334804968943,0.06042987108230591,0.009681676514446735,0.14443105459213257,0.039674367755651474,0.08811290189623833
combined_medium,matched_protocol_recomputed,fixed_0.10,0.1,1,cond_residual_t20,mid,860,0.09997558532672567,0.03994148940003509,0.10130567103624344,0.011448356322944164,0.22553880512714386,0.07205147668719292,0.1252979002892971
combined_medium,matched_protocol_recomputed,fixed_0.10,0.1,1,cond_residual_t20,low,3058,0.22837182536886907,0.08672245322609203,0.21521849185228348,0.03424246236681938,0.5243225693702698,0.16310693696141243,0.2786823511123657
combined_medium,matched_protocol_recomputed,fixed_0.10,0.1,1,gamma_1,high,82,0.027908590216212337,0.013687619494849364,0.02762522455304861,0.003391578095033765,0.060778677463531494,0.01635464606806636,0.037416161969304085
combined_medium,matched_protocol_recomputed,fixed_0.10,0.1,1,gamma_1,mid,860,0.0896267143262247,0.03177086238065178,0.08913460001349449,0.00986902229487896,0.18284523487091064,0.06673481687903404,0.1119254007935524
combined_medium,matched_protocol_recomputed,fixed_0.10,0.1,1,gamma_1,low,3058,0.2281294151850683,0.08536220847918514,0.21469713747501373,0.05466993898153305,0.5244742035865784,0.1625087521970272,0.2780214920639992
combined_medium,matched_protocol_recomputed,fixed_0.10,0.1,2,noisy,high,82,0.02447435922250606,0.008702302928798577,0.025967851281166077,0.003591065527871251,0.03554702550172806,0.019606679677963257,0.03149064164608717
combined_medium,matched_protocol_recomputed,fixed_0.10,0.1,2,noisy,mid,860,0.08589207549081292,0.023215555919698167,0.08866680786013603,0.03581594303250313,0.12037872523069382,0.06812331080436707,0.105006018653512
combined_medium,matched_protocol_recomputed,fixed_0.10,0.1,2,noisy,low,3058,0.2355725900352274,0.08246692163519805,0.2199200540781021,0.1204017922282219,0.5715644955635071,0.16948236897587776,0.2865026667714119
combined_medium,matched_protocol_recomputed,fixed_0.10,0.1,2,cond_residual_t20,high,82,0.06557743595458748,0.03403334804968943,0.06042987108230591,0.009681676514446735,0.14443105459213257,0.039674367755651474,0.08811290189623833
combined_medium,matched_protocol_recomputed,fixed_0.10,0.1,2,cond_residual_t20,mid,860,0.09997558532672567,0.03994148940003509,0.10130567103624344,0.011448356322944164,0.22553880512714386,0.07205147668719292,0.1252979002892971
combined_medium,matched_protocol_recomputed,fixed_0.10,0.1,2,cond_residual_t20,low,3058,0.22837182536886907,0.08672245322609203,0.21521849185228348,0.03424246236681938,0.5243225693702698,0.16310693696141243,0.2786823511123657
combined_medium,matched_protocol_recomputed,fixed_0.10,0.1,2,gamma_2,high,82,0.024790116446660605,0.00904451325462292,0.026547261513769627,0.0035828903783112764,0.04069716855883598,0.019027662463486195,0.03245885483920574
combined_medium,matched_protocol_recomputed,fixed_0.10,0.1,2,gamma_2,mid,860,0.08696443647319495,0.02698949082241176,0.08784421533346176,0.027862973511219025,0.15936921536922455,0.0655199084430933,0.10803487151861191
combined_medium,matched_protocol_recomputed,fixed_0.10,0.1,2,gamma_2,low,3058,0.22822811909414648,0.08422071212972501,0.2130773514509201,0.0741487666964531,0.5246253609657288,0.1616739258170128,0.2773508056998253
combined_medium,matched_protocol_recomputed,fixed_0.10,0.1,3,noisy,high,82,0.02447435922250606,0.008702302928798577,0.025967851281166077,0.003591065527871251,0.03554702550172806,0.019606679677963257,0.03149064164608717
combined_medium,matched_protocol_recomputed,fixed_0.10,0.1,3,noisy,mid,860,0.08589207549081292,0.023215555919698167,0.08866680786013603,0.03581594303250313,0.12037872523069382,0.06812331080436707,0.105006018653512
combined_medium,matched_protocol_recomputed,fixed_0.10,0.1,3,noisy,low,3058,0.2355725900352274,0.08246692163519805,0.2199200540781021,0.1204017922282219,0.5715644955635071,0.16948236897587776,0.2865026667714119
combined_medium,matched_protocol_recomputed,fixed_0.10,0.1,3,cond_residual_t20,high,82,0.06557743595458748,0.03403334804968943,0.06042987108230591,0.009681676514446735,0.14443105459213257,0.039674367755651474,0.08811290189623833
combined_medium,matched_protocol_recomputed,fixed_0.10,0.1,3,cond_residual_t20,mid,860,0.09997558532672567,0.03994148940003509,0.10130567103624344,0.011448356322944164,0.22553880512714386,0.07205147668719292,0.1252979002892971
combined_medium,matched_protocol_recomputed,fixed_0.10,0.1,3,cond_residual_t20,low,3058,0.22837182536886907,0.08672245322609203,0.21521849185228348,0.03424246236681938,0.5243225693702698,0.16310693696141243,0.2786823511123657
combined_medium,matched_protocol_recomputed,fixed_0.10,0.1,3,gamma_3,high,82,0.02450744716007626,0.008676368387041725,0.02591359242796898,0.003590838285163045,0.03581666573882103,0.019635886419564486,0.031498237513005733
combined_medium,matched_protocol_recomputed,fixed_0.10,0.1,3,gamma_3,mid,860,0.08620299086581136,0.024728073752966467,0.08828092366456985,0.03475530818104744,0.1436462104320526,0.06752180866897106,0.10602232627570629
combined_medium,matched_protocol_recomputed,fixed_0.10,0.1,3,gamma_3,low,3058,0.2284951608157805,0.08328067580849631,0.21326060593128204,0.0895172730088234,0.5247758030891418,0.16139288991689682,0.2763513997197151
combined_medium,matched_protocol_recomputed,fixed_0.10,0.1,4,noisy,high,82,0.02447435922250606,0.008702302928798577,0.025967851281166077,0.003591065527871251,0.03554702550172806,0.019606679677963257,0.03149064164608717
combined_medium,matched_protocol_recomputed,fixed_0.10,0.1,4,noisy,mid,860,0.08589207549081292,0.023215555919698167,0.08866680786013603,0.03581594303250313,0.12037872523069382,0.06812331080436707,0.105006018653512
combined_medium,matched_protocol_recomputed,fixed_0.10,0.1,4,noisy,low,3058,0.2355725900352274,0.08246692163519805,0.2199200540781021,0.1204017922282219,0.5715644955635071,0.16948236897587776,0.2865026667714119
combined_medium,matched_protocol_recomputed,fixed_0.10,0.1,4,cond_residual_t20,high,82,0.06557743595458748,0.03403334804968943,0.06042987108230591,0.009681676514446735,0.14443105459213257,0.039674367755651474,0.08811290189623833
combined_medium,matched_protocol_recomputed,fixed_0.10,0.1,4,cond_residual_t20,mid,860,0.09997558532672567,0.03994148940003509,0.10130567103624344,0.011448356322944164,0.22553880512714386,0.07205147668719292,0.1252979002892971
combined_medium,matched_protocol_recomputed,fixed_0.10,0.1,4,cond_residual_t20,low,3058,0.22837182536886907,0.08672245322609203,0.21521849185228348,0.03424246236681938,0.5243225693702698,0.16310693696141243,0.2786823511123657
combined_medium,matched_protocol_recomputed,fixed_0.10,0.1,4,gamma_4,high,82,0.024475689946174075,0.008684166154604574,0.02593898680061102,0.003591065527871251,0.03548140823841095,0.019624461885541677,0.03152222651988268
combined_medium,matched_protocol_recomputed,fixed_0.10,0.1,4,gamma_4,mid,860,0.08596191519741402,0.023782211784620866,0.08860402554273605,0.03585750237107277,0.134354367852211,0.06788476929068565,0.1051334235817194
combined_medium,matched_protocol_recomputed,fixed_0.10,0.1,4,gamma_4,low,3058,0.22883647300444296,0.08251515168171403,0.2132190614938736,0.09853097796440125,0.5249260663986206,0.16210036724805832,0.2762146294116974
combined_medium,matched_protocol_recomputed,fixed_0.20,0.2,1,noisy,high,323,0.04748943134141803,0.016629723108373025,0.049657613039016724,0.003591065527871251,0.0713171660900116,0.03550875745713711,0.06139594875276089
combined_medium,matched_protocol_recomputed,fixed_0.20,0.2,1,noisy,mid,2422,0.15816158698879423,0.046731273519029955,0.15797633677721024,0.07135516405105591,0.2407834529876709,0.11972588114440441,0.19760603085160255
combined_medium,matched_protocol_recomputed,fixed_0.20,0.2,1,noisy,low,1255,0.31701084676966723,0.06018861310644541,0.3045220673084259,0.24096374213695526,0.5715644955635071,0.2686910480260849,0.351701557636261
combined_medium,matched_protocol_recomputed,fixed_0.20,0.2,1,cond_residual_t20,high,323,0.07654025285986278,0.03516152354569488,0.07420247793197632,0.009681676514446735,0.17301473021507263,0.04860527999699116,0.10156876593828201
combined_medium,matched_protocol_recomputed,fixed_0.20,0.2,1,cond_residual_t20,mid,2422,0.15819038745495748,0.055293600837512086,0.15667572617530823,0.011562222614884377,0.3461620509624481,0.11955520324409008,0.19725258275866508
combined_medium,matched_protocol_recomputed,fixed_0.20,0.2,1,cond_residual_t20,low,1255,0.30426914344033396,0.07145167074615918,0.29281049966812134,0.10298460721969604,0.5243225693702698,0.2511245012283325,0.35281696915626526
combined_medium,matched_protocol_recomputed,fixed_0.20,0.2,1,gamma_1,high,323,0.04917187931667725,0.019134280154791045,0.048963628709316254,0.003482614178210497,0.09897849708795547,0.03622478432953358,0.06357277557253838
combined_medium,matched_protocol_recomputed,fixed_0.20,0.2,1,gamma_1,mid,2422,0.1555735108071152,0.0489075616734501,0.154198557138443,0.035419952124357224,0.3117823600769043,0.11805725283920765,0.19052330777049065
combined_medium,matched_protocol_recomputed,fixed_0.20,0.2,1,gamma_1,low,1255,0.30626312618949025,0.0663381029623831,0.2922438383102417,0.13774612545967102,0.5269426703453064,0.2560274302959442,0.35032160580158234
combined_medium,matched_protocol_recomputed,fixed_0.20,0.2,2,noisy,high,323,0.04748943134141803,0.016629723108373025,0.049657613039016724,0.003591065527871251,0.0713171660900116,0.03550875745713711,0.06139594875276089
combined_medium,matched_protocol_recomputed,fixed_0.20,0.2,2,noisy,mid,2422,0.15816158698879423,0.046731273519029955,0.15797633677721024,0.07135516405105591,0.2407834529876709,0.11972588114440441,0.19760603085160255
combined_medium,matched_protocol_recomputed,fixed_0.20,0.2,2,noisy,low,1255,0.31701084676966723,0.06018861310644541,0.3045220673084259,0.24096374213695526,0.5715644955635071,0.2686910480260849,0.351701557636261
combined_medium,matched_protocol_recomputed,fixed_0.20,0.2,2,cond_residual_t20,high,323,0.07654025285986278,0.03516152354569488,0.07420247793197632,0.009681676514446735,0.17301473021507263,0.04860527999699116,0.10156876593828201
combined_medium,matched_protocol_recomputed,fixed_0.20,0.2,2,cond_residual_t20,mid,2422,0.15819038745495748,0.055293600837512086,0.15667572617530823,0.011562222614884377,0.3461620509624481,0.11955520324409008,0.19725258275866508
combined_medium,matched_protocol_recomputed,fixed_0.20,0.2,2,cond_residual_t20,low,1255,0.30426914344033396,0.07145167074615918,0.29281049966812134,0.10298460721969604,0.5243225693702698,0.2511245012283325,0.35281696915626526
combined_medium,matched_protocol_recomputed,fixed_0.20,0.2,2,gamma_2,high,323,0.04765388388013692,0.01685094809666483,0.050442855805158615,0.0035890163853764534,0.0774756595492363,0.03533961810171604,0.06104136072099209
combined_medium,matched_protocol_recomputed,fixed_0.20,0.2,2,gamma_2,mid,2422,0.1560287769825423,0.04669729104731906,0.15540814399719238,0.061357855796813965,0.28802749514579773,0.11837269552052021,0.1913633868098259
combined_medium,matched_protocol_recomputed,fixed_0.20,0.2,2,gamma_2,low,1255,0.3080724780659277,0.06295206237993962,0.2934240698814392,0.16680960357189178,0.5294129848480225,0.25924286246299744,0.34783656895160675
combined_medium,matched_protocol_recomputed,fixed_0.20,0.2,3,noisy,high,323,0.04748943134141803,0.016629723108373025,0.049657613039016724,0.003591065527871251,0.0713171660900116,0.03550875745713711,0.06139594875276089
combined_medium,matched_protocol_recomputed,fixed_0.20,0.2,3,noisy,mid,2422,0.15816158698879423,0.046731273519029955,0.15797633677721024,0.07135516405105591,0.2407834529876709,0.11972588114440441,0.19760603085160255
combined_medium,matched_protocol_recomputed,fixed_0.20,0.2,3,noisy,low,1255,0.31701084676966723,0.06018861310644541,0.3045220673084259,0.24096374213695526,0.5715644955635071,0.2686910480260849,0.351701557636261
combined_medium,matched_protocol_recomputed,fixed_0.20,0.2,3,cond_residual_t20,high,323,0.07654025285986278,0.03516152354569488,0.07420247793197632,0.009681676514446735,0.17301473021507263,0.04860527999699116,0.10156876593828201
combined_medium,matched_protocol_recomputed,fixed_0.20,0.2,3,cond_residual_t20,mid,2422,0.15819038745495748,0.055293600837512086,0.15667572617530823,0.011562222614884377,0.3461620509624481,0.11955520324409008,0.19725258275866508
combined_medium,matched_protocol_recomputed,fixed_0.20,0.2,3,cond_residual_t20,low,1255,0.30426914344033396,0.07145167074615918,0.29281049966812134,0.10298460721969604,0.5243225693702698,0.2511245012283325,0.35281696915626526
combined_medium,matched_protocol_recomputed,fixed_0.20,0.2,3,gamma_3,high,323,0.04751661307345672,0.016656587693480752,0.0499766580760479,0.003591065527871251,0.07258222997188568,0.0354930367320776,0.06108837202191353
combined_medium,matched_protocol_recomputed,fixed_0.20,0.2,3,gamma_3,mid,2422,0.15669895063172087,0.046169461874832354,0.15628043562173843,0.06939107924699783,0.2716136872768402,0.11933180689811707,0.19317138195037842
combined_medium,matched_protocol_recomputed,fixed_0.20,0.2,3,gamma_3,low,1255,0.30962192919624754,0.06079159487903713,0.2954714596271515,0.18839611113071442,0.5317420363426208,0.262234166264534,0.3479076474905014
combined_medium,matched_protocol_recomputed,fixed_0.20,0.2,4,noisy,high,323,0.04748943134141803,0.016629723108373025,0.049657613039016724,0.003591065527871251,0.0713171660900116,0.03550875745713711,0.06139594875276089
combined_medium,matched_protocol_recomputed,fixed_0.20,0.2,4,noisy,mid,2422,0.15816158698879423,0.046731273519029955,0.15797633677721024,0.07135516405105591,0.2407834529876709,0.11972588114440441,0.19760603085160255
combined_medium,matched_protocol_recomputed,fixed_0.20,0.2,4,noisy,low,1255,0.31701084676966723,0.06018861310644541,0.3045220673084259,0.24096374213695526,0.5715644955635071,0.2686910480260849,0.351701557636261
combined_medium,matched_protocol_recomputed,fixed_0.20,0.2,4,cond_residual_t20,high,323,0.07654025285986278,0.03516152354569488,0.07420247793197632,0.009681676514446735,0.17301473021507263,0.04860527999699116,0.10156876593828201
combined_medium,matched_protocol_recomputed,fixed_0.20,0.2,4,cond_residual_t20,mid,2422,0.15819038745495748,0.055293600837512086,0.15667572617530823,0.011562222614884377,0.3461620509624481,0.11955520324409008,0.19725258275866508
combined_medium,matched_protocol_recomputed,fixed_0.20,0.2,4,cond_residual_t20,low,1255,0.30426914344033396,0.07145167074615918,0.29281049966812134,0.10298460721969604,0.5243225693702698,0.2511245012283325,0.35281696915626526
combined_medium,matched_protocol_recomputed,fixed_0.20,0.2,4,gamma_4,high,323,0.04749541831543041,0.0166350044149974,0.04958469793200493,0.003591065527871251,0.0715559720993042,0.03550616465508938,0.06155982054769993
combined_medium,matched_protocol_recomputed,fixed_0.20,0.2,4,gamma_4,mid,2422,0.15720622396230402,0.04615747059361319,0.15732301026582718,0.07111801952123642,0.2602720260620117,0.1194279845803976,0.19521956890821457
combined_medium,matched_protocol_recomputed,fixed_0.20,0.2,4,gamma_4,low,1255,0.31091258804874117,0.05946039829130343,0.296604722738266,0.20392222702503204,0.5339376926422119,0.26363642513751984,0.34755268692970276
