degradation,trajectory_id,delta0_auto,ADE_noisy,ADE_cond,ADE_e1,RMSE_noisy,RMSE_cond,RMSE_e1,smooth_noisy,smooth_cond,smooth_e1,e1_wins_vs_conditional,e1_wins_vs_noisy,confidence_min,confidence_mean,confidence_max,delta_min,delta_mean,delta_max
gaussian_medium,0,0.05882825329899788,0.05268967151641846,0.06381252408027649,0.0409952774643898,0.057725291699171066,0.06639068573713303,0.04734199866652489,0.2897612452507019,0.21989911794662476,0.24548089504241943,True,True,0.13619489967823029,0.43690991401672363,0.7483262419700623,0.017055265605449677,0.05268967151641846,0.11728402227163315
gaussian_medium,1,0.05882825329899788,0.06313766539096832,0.0379650704562664,0.040338966995477676,0.07085802406072617,0.04468533769249916,0.0471324659883976,0.23532892763614655,0.15305553376674652,0.16652528941631317,False,True,0.14853742718696594,0.3933515250682831,0.8390962481498718,0.010320230387151241,0.06313766539096832,0.1121806725859642
gaussian_medium,2,0.05882825329899788,0.051779210567474365,0.0864875465631485,0.05211956053972244,0.05571683496236801,0.08882305026054382,0.05740566551685333,0.5456907153129578,0.5363771915435791,0.5500926375389099,True,False,0.16064901649951935,0.43747273087501526,0.7041448950767517,0.020635250955820084,0.051779210567474365,0.10756941884756088
gaussian_medium,3,0.05882825329899788,0.05588671565055847,0.04602774232625961,0.04363993555307388,0.061272185295820236,0.05165836587548256,0.04893670976161957,0.1787411868572235,0.1123284101486206,0.13509182631969452,True,True,0.15258008241653442,0.42007189989089966,0.773892879486084,0.01507896650582552,0.05588671565055847,0.11060097813606262
gaussian_medium,4,0.05882825329899788,0.05658530071377754,0.04014184698462486,0.03454447537660599,0.06404129415750504,0.044533051550388336,0.04188651591539383,0.18481223285198212,0.07848189771175385,0.11094748973846436,True,True,0.14634950459003448,0.42990151047706604,0.6831046938896179,0.022419868037104607,0.05658530071377754,0.11305364966392517
gaussian_medium,5,0.05882825329899788,0.06796588748693466,0.04236813634634018,0.04348347336053848,0.07432424277067184,0.04817959666252136,0.04757409170269966,0.19284379482269287,0.11510854214429855,0.12998804450035095,False,True,0.0994829460978508,0.35289597511291504,0.6041389107704163,0.02964656427502632,0.06796588748693466,0.135762020945549
gaussian_medium,6,0.05882825329899788,0.056925155222415924,0.06543301790952682,0.04790840297937393,0.06360159814357758,0.0674363449215889,0.05515851080417633,0.5076237320899963,0.49896419048309326,0.5011084079742432,True,True,0.10086846351623535,0.41851502656936646,0.7760900259017944,0.01491218525916338,0.056925155222415924,0.13494835793972015
gaussian_medium,7,0.05882825329899788,0.06172262877225876,0.04933571070432663,0.044600363820791245,0.07102378457784653,0.05229898542165756,0.05081481114029884,0.26687777042388916,0.23468169569969177,0.23966296017169952,True,True,0.10310044139623642,0.4158605635166168,0.9284789562225342,0.004365499597042799,0.06172262877225876,0.13366082310676575
gaussian_medium,8,0.05882825329899788,0.06060759350657463,0.05269606038928032,0.043488286435604095,0.0739072784781456,0.05716980621218681,0.05034732073545456,0.21436388790607452,0.15597695112228394,0.15981999039649963,True,True,0.06832490116357803,0.4357633590698242,0.8253635168075562,0.01129098515957594,0.06060759350657463,0.1578644961118698
gaussian_medium,9,0.05882825329899788,0.0659550279378891,0.08199115097522736,0.06715764105319977,0.07036367803812027,0.08889990299940109,0.07748348265886307,0.21286244690418243,0.16698835790157318,0.18348328769207,True,False,0.1719844788312912,0.3560740351676941,0.6970208287239075,0.021233467385172844,0.0659550279378891,0.10355837643146515
gaussian_medium,10,0.05882825329899788,0.05687336251139641,0.04006509482860565,0.030523929744958878,0.06923065334558487,0.043936312198638916,0.03891410678625107,0.19099214673042297,0.09934727847576141,0.12074168026447296,True,True,0.06706225872039795,0.45584630966186523,0.9077031016349792,0.005696806125342846,0.05687336251139641,0.15896181762218475
gaussian_medium,11,0.05882825329899788,0.06904856115579605,0.06759251654148102,0.0631004199385643,0.08011011779308319,0.09318486601114273,0.08418340235948563,0.5131312012672424,0.5095935463905334,0.5068913102149963,True,True,0.04049459099769592,0.372004896402359,0.8919970393180847,0.00672362744808197,0.06904856115579605,0.1886378973722458
gaussian_medium,12,0.05882825329899788,0.06322519481182098,0.064051553606987,0.04749017208814621,0.07269512861967087,0.07921559363603592,0.059172242879867554,0.485584557056427,0.46361973881721497,0.46270498633384705,True,True,0.05229340121150017,0.3951840102672577,0.8116623163223267,0.01227574422955513,0.06322519481182098,0.17359541356563568
gaussian_medium,13,0.05882825329899788,0.07754329591989517,0.06316633522510529,0.06370525807142258,0.08461974561214447,0.06978357583284378,0.07052111625671387,0.19106023013591766,0.13431881368160248,0.15115365386009216,False,True,0.07216227799654007,0.31438297033309937,0.7843782901763916,0.014287258498370647,0.07754329591989517,0.15464994311332703
gaussian_medium,14,0.05882825329899788,0.0635475218296051,0.06373920291662216,0.05401288717985153,0.07099167257547379,0.0668603926897049,0.05993546172976494,0.20630769431591034,0.13846896588802338,0.15600617229938507,True,True,0.0879104733467102,0.3879883885383606,0.8925455212593079,0.006687464192509651,0.0635475218296051,0.14303715527057648
gaussian_medium,15,0.05882825329899788,0.06149406358599663,0.039401378482580185,0.03728118911385536,0.06745760887861252,0.044689033180475235,0.04257769137620926,0.21535451710224152,0.12998610734939575,0.14838558435440063,True,True,0.11608981341123581,0.3883607089519501,0.712628185749054,0.019930748268961906,0.06149406358599663,0.12668024003505707
gaussian_medium,16,0.05882825329899788,0.0525021068751812,0.061116188764572144,0.04677599295973778,0.06145070493221283,0.07073570042848587,0.055819351226091385,0.2163444459438324,0.17418202757835388,0.18303877115249634,True,True,0.1162424236536026,0.46390143036842346,0.7832028865814209,0.014375478960573673,0.0525021068751812,0.12660296261310577
gaussian_medium,17,0.05882825329899788,0.06533661484718323,0.05183650180697441,0.04835721105337143,0.06932801753282547,0.05945059657096863,0.05355224013328552,0.2079191654920578,0.144174262881279,0.1509189009666443,True,True,0.15680256485939026,0.35557085275650024,0.6631419062614441,0.02416466362774372,0.06533661484718323,0.10899509489536285
gaussian_medium,18,0.05882825329899788,0.06372842937707901,0.028750766068696976,0.03537692502140999,0.07014530897140503,0.033864911645650864,0.03884828835725784,0.2788524627685547,0.2503584027290344,0.2523204982280731,False,True,0.15783262252807617,0.38126644492149353,0.7538869380950928,0.016619736328721046,0.06372842937707901,0.10860990732908249
gaussian_medium,19,0.05882825329899788,0.06326358020305634,0.039473675191402435,0.03849839046597481,0.07194865494966507,0.046271421015262604,0.0449238158762455,0.6057263016700745,0.5633355379104614,0.5606966614723206,True,True,0.08973056823015213,0.39819246530532837,0.8472055792808533,0.009754425846040249,0.06326358020305634,0.14183160662651062
gaussian_medium,20,0.05882825329899788,0.05830741673707962,0.050200313329696655,0.04456886649131775,0.06681666523218155,0.0529547818005085,0.05026840418577194,0.17428869009017944,0.10072247684001923,0.12075231969356537,True,True,0.0716409906744957,0.42071500420570374,0.7362550497055054,0.01801195740699768,0.05830741673707962,0.15507644414901733
gaussian_medium,21,0.05882825329899788,0.06869306415319443,0.05760329216718674,0.054802846163511276,0.07604878395795822,0.06707394123077393,0.06387461721897125,0.18855586647987366,0.11567097902297974,0.13168872892856598,True,True,0.1008630320429802,0.36361631751060486,0.8951252102851868,0.006517678964883089,0.06869306415319443,0.13495153188705444
gaussian_medium,22,0.05882825329899788,0.06361999362707138,0.05225623399019241,0.05019853636622429,0.06911365687847137,0.05939711257815361,0.057709768414497375,0.20391307771205902,0.1436210721731186,0.15926557779312134,True,True,0.11340551823377609,0.37346017360687256,0.6655171513557434,0.023954328149557114,0.06361999362707138,0.12805646657943726
gaussian_medium,23,0.05882825329899788,0.0694975033402443,0.05019613355398178,0.04271330684423447,0.07637134194374084,0.05653093382716179,0.050844963639974594,0.4925385117530823,0.4490990936756134,0.43960264325141907,True,True,0.10770981013774872,0.35359933972358704,0.8498972058296204,0.00956781953573227,0.0694975033402443,0.13108785450458527
gaussian_medium,24,0.05882825329899788,0.06091035529971123,0.04738569259643555,0.04558560252189636,0.06678153574466705,0.052896302193403244,0.05003972724080086,0.18575327098369598,0.12729224562644958,0.1398058384656906,True,True,0.12225981801748276,0.392742782831192,0.7626882791519165,0.015936922281980515,0.06091035529971123,0.12363385409116745
gaussian_medium,25,0.05882825329899788,0.06001255661249161,0.06074228137731552,0.0458194762468338,0.06595594435930252,0.06530517339706421,0.05459686741232872,0.21038880944252014,0.14923331141471863,0.16385458409786224,True,True,0.1688496172428131,0.4005521833896637,0.7163403630256653,0.019625095650553703,0.06001255661249161,0.10464057326316833
gaussian_medium,26,0.05882825329899788,0.06416813284158707,0.06685081869363785,0.05318518728017807,0.07222946733236313,0.07431847602128983,0.06192465126514435,0.20306536555290222,0.11472206562757492,0.14004553854465485,True,True,0.09655272960662842,0.38944345712661743,0.7742607593536377,0.015051007270812988,0.06416813284158707,0.13752080500125885
gaussian_medium,27,0.05882825329899788,0.053119100630283356,0.04533408209681511,0.035329464823007584,0.06218366324901581,0.048764992505311966,0.0424363873898983,0.21528460085391998,0.1453051120042801,0.16341373324394226,True,True,0.08935822546482086,0.4592958390712738,0.8524538278579712,0.009391122497618198,0.053119100630283356,0.14207623898983002
gaussian_medium,28,0.05882825329899788,0.06145323067903519,0.036296699196100235,0.039174485951662064,0.06438960134983063,0.04718577489256859,0.04741556569933891,0.3556481599807739,0.3344006836414337,0.33444222807884216,False,True,0.1782686561346054,0.37083375453948975,0.6746059060096741,0.023156365379691124,0.06145323067903519,0.10144717991352081
gaussian_medium,29,0.05882825329899788,0.04525135084986687,0.02443968877196312,0.028435558080673218,0.049853064119815826,0.028141163289546967,0.03153442218899727,0.20522312819957733,0.19512157142162323,0.19746732711791992,False,True,0.2690649926662445,0.49316829442977905,0.8866147994995117,0.007079666946083307,0.04525135084986687,0.07722986489534378
gaussian_medium,30,0.05882825329899788,0.05629705265164375,0.05338059738278389,0.05104653909802437,0.06097611039876938,0.058337267488241196,0.05580420419573784,0.17874988913536072,0.1447344273328781,0.14876261353492737,True,True,0.1858246624469757,0.41514235734939575,0.783703088760376,0.014337919652462006,0.05629705265164375,0.09900511056184769
gaussian_medium,31,0.05882825329899788,0.06441095471382141,0.042734645307064056,0.03970509022474289,0.0694565698504448,0.04533084109425545,0.044766440987586975,0.19208639860153198,0.09227979183197021,0.11458100378513336,True,True,0.1459871232509613,0.36861452460289,0.7071321606636047,0.020386209711432457,0.06441095471382141,0.11319949477910995
gaussian_medium,32,0.05882825329899788,0.048632748425006866,0.04473453387618065,0.0405232273042202,0.05626371130347252,0.05339835584163666,0.04953731596469879,0.15330955386161804,0.09802430123090744,0.11423250287771225,True,True,0.1730509251356125,0.4870600700378418,0.8576429486274719,0.009034102782607079,0.048632748425006866,0.1031947210431099
gaussian_medium,33,0.05882825329899788,0.04978462681174278,0.08492304384708405,0.053757138550281525,0.0553671270608902,0.08892641961574554,0.06015753746032715,0.43413588404655457,0.4208253026008606,0.43306341767311096,True,False,0.17417596280574799,0.4638370871543884,0.7944836020469666,0.013534202240407467,0.04978462681174278,0.10281350463628769
gaussian_medium,34,0.05882825329899788,0.06210090592503548,0.05039157345890999,0.049201078712940216,0.0672195628285408,0.05539264157414436,0.05312664806842804,0.19032450020313263,0.11915507167577744,0.13708800077438354,True,True,0.16938914358615875,0.3828093409538269,0.6911175847053528,0.02173382230103016,0.06210090592503548,0.10445289313793182
gaussian_medium,35,0.05882825329899788,0.06946993619203568,0.05765770003199577,0.050358761101961136,0.07746315747499466,0.062240954488515854,0.05548610910773277,0.24947886168956757,0.14376308023929596,0.16839392483234406,True,True,0.07150275260210037,0.3542068600654602,0.6170388460159302,0.028403649106621742,0.06946993619203568,0.15519006550312042
gaussian_medium,36,0.05882825329899788,0.0519719198346138,0.09551481902599335,0.06671933084726334,0.05791193246841431,0.10044688731431961,0.07395064830780029,0.17136412858963013,0.11508557200431824,0.13311176002025604,True,False,0.11204539984464645,0.4465910792350769,0.751366138458252,0.016816774383187294,0.0519719198346138,0.1287662833929062
gaussian_medium,37,0.05882825329899788,0.054066289216279984,0.04323909431695938,0.04233775660395622,0.060988396406173706,0.05213113874197006,0.0498785637319088,0.16085442900657654,0.08854595571756363,0.10875611752271652,True,True,0.1194123849272728,0.4402795732021332,0.77967369556427,0.014641162008047104,0.054066289216279984,0.12502017617225647
gaussian_medium,38,0.05882825329899788,0.05767141655087471,0.05968958139419556,0.04398580640554428,0.06649630516767502,0.06670325249433517,0.055196069180965424,0.21416746079921722,0.13059863448143005,0.1602521538734436,True,True,0.09166863560676575,0.4259869456291199,0.8625217080116272,0.008700401522219181,0.05767141655087471,0.14057452976703644
gaussian_medium,39,0.05882825329899788,0.058270812034606934,0.05241113156080246,0.04735526069998741,0.062285520136356354,0.05742330849170685,0.05339966341853142,0.1498708724975586,0.06618726253509521,0.09168973565101624,True,True,0.18072976171970367,0.3967263996601105,0.6317654848098755,0.027016108855605125,0.058270812034606934,0.10064057260751724
gaussian_medium,40,0.05882825329899788,0.06381482630968094,0.045084964483976364,0.04261227697134018,0.07164228707551956,0.05131768807768822,0.04982807859778404,0.19406020641326904,0.11356836557388306,0.12922139465808868,True,True,0.13438673317432404,0.3939911723136902,0.9052842855453491,0.005853778216987848,0.06381482630968094,0.11807027459144592
gaussian_medium,41,0.05882825329899788,0.04674428701400757,0.02629229798913002,0.02969290316104889,0.05210253968834877,0.032025329768657684,0.03327253833413124,0.25379109382629395,0.2242100089788437,0.22259679436683655,False,True,0.22428226470947266,0.48564547300338745,0.7833390235900879,0.014365253038704395,0.04674428701400757,0.08793941140174866
gaussian_medium,42,0.05882825329899788,0.06890759617090225,0.07330960035324097,0.05722733214497566,0.07556033879518509,0.08105698972940445,0.06559661775827408,0.23424690961837769,0.16393931210041046,0.1838758885860443,True,True,0.1109304279088974,0.35502153635025024,0.8557283878326416,0.009165573865175247,0.06890759617090225,0.12935462594032288
gaussian_medium,43,0.05882825329899788,0.05525180697441101,0.039804212749004364,0.03179396316409111,0.0630064457654953,0.04352979734539986,0.038353174924850464,0.5537115335464478,0.5426014065742493,0.538999080657959,True,True,0.1521194577217102,0.4445490837097168,0.9532029628753662,0.002819487825036049,0.05525180697441101,0.11077884584665298
gaussian_medium,44,0.05882825329899788,0.058719534426927567,0.04416251927614212,0.03822103887796402,0.06605015695095062,0.04759461060166359,0.04371919482946396,0.2183057963848114,0.11244063079357147,0.13755448162555695,True,True,0.09869998693466187,0.4160299301147461,0.8234589099884033,0.011426897719502449,0.058719534426927567,0.1362268477678299
gaussian_medium,45,0.05882825329899788,0.05506425350904465,0.06610915064811707,0.05009147524833679,0.059542473405599594,0.07190307229757309,0.05710704252123833,0.1688716858625412,0.11430427432060242,0.1270301342010498,True,True,0.19486096501350403,0.4214494228363037,0.7732439637184143,0.01512831263244152,0.05506425350904465,0.09621178358793259
gaussian_medium,46,0.05882825329899788,0.06088675186038017,0.0486079640686512,0.0402093380689621,0.06547555327415466,0.050445277243852615,0.043982334434986115,0.25540891289711,0.23196984827518463,0.23687529563903809,True,True,0.17199213802814484,0.38505834341049194,0.7433251142501831,0.017449740320444107,0.06088675186038017,0.10355575382709503
gaussian_medium,47,0.05882825329899788,0.05681475251913071,0.08497313410043716,0.059706129133701324,0.06625670194625854,0.09881014376878738,0.07785745710134506,0.16106384992599487,0.08702901750802994,0.13206058740615845,True,False,0.08113957196474075,0.43603649735450745,0.8739215731620789,0.007927966304123402,0.05681475251913071,0.14775213599205017
gaussian_medium,48,0.05882825329899788,0.06416036933660507,0.04706517234444618,0.04386720806360245,0.07090205699205399,0.0508168488740921,0.05039440467953682,0.3967895209789276,0.35395658016204834,0.35818809270858765,True,True,0.13437484204769135,0.38147473335266113,0.7661807537078857,0.015668151900172234,0.06416036933660507,0.11807548999786377
gaussian_medium,49,0.05882825329899788,0.050704699009656906,0.09440552443265915,0.0644506961107254,0.055561307817697525,0.10087394714355469,0.07439552992582321,0.5025293231010437,0.4837626814842224,0.4806419014930725,True,False,0.17602670192718506,0.4530209004878998,0.8078169226646423,0.01255511399358511,0.050704699009656906,0.10219170898199081
gaussian_medium,50,0.05882825329899788,0.06765604764223099,0.05815678834915161,0.053618889302015305,0.08247542381286621,0.06957310438156128,0.06749415397644043,0.1853836476802826,0.1250956952571869,0.13789014518260956,True,True,0.0542159378528595,0.40792202949523926,0.7644567489624023,0.01580066978931427,0.06765604764223099,0.17147143185138702
gaussian_medium,51,0.05882825329899788,0.05603696033358574,0.0479392446577549,0.044635284692049026,0.06232739984989166,0.050701454281806946,0.04893534258008003,0.16444654762744904,0.10251102596521378,0.12082045525312424,True,True,0.14253167808055878,0.4288204610347748,0.9433337450027466,0.0034317527897655964,0.05603696033358574,0.11460867524147034
gaussian_medium,52,0.05882825329899788,0.04654904827475548,0.031866952776908875,0.027669936418533325,0.05289354920387268,0.035486187785863876,0.030844902619719505,0.2751373052597046,0.23964405059814453,0.2439383566379547,True,True,0.19966274499893188,0.4931253492832184,0.7817352414131165,0.01448582112789154,0.04654904827475548,0.09477970749139786
gaussian_medium,53,0.05882825329899788,0.05436959117650986,0.030973512679338455,0.03137999027967453,0.06369820237159729,0.035576704889535904,0.03649439662694931,0.18513265252113342,0.1141856461763382,0.12889833748340607,False,True,0.08298572897911072,0.45187950134277344,0.9270321130752563,0.004457244649529457,0.05436959117650986,0.14642861485481262
gaussian_medium,54,0.05882825329899788,0.05588964745402336,0.06339994817972183,0.04233185574412346,0.06263424456119537,0.06704231351613998,0.05059522017836571,0.19601796567440033,0.14194121956825256,0.15471981465816498,True,True,0.168913796544075,0.4322996735572815,0.8308207392692566,0.01090329885482788,0.05588964745402336,0.10461821407079697
gaussian_medium,55,0.05882825329899788,0.0649377852678299,0.07925403863191605,0.06167931482195854,0.07140223681926727,0.08355201780796051,0.06964406371116638,0.2549077272415161,0.18129079043865204,0.19860562682151794,True,True,0.1450827270746231,0.3774418830871582,0.8855523467063904,0.007150203455239534,0.0649377852678299,0.11356507241725922
gaussian_medium,56,0.05882825329899788,0.0474541038274765,0.07841737568378448,0.04286380857229233,0.054222606122493744,0.0817682296037674,0.051023803651332855,0.15365365147590637,0.08455688506364822,0.11438705772161484,True,True,0.11255953460931778,0.48460373282432556,0.7363216280937195,0.018006637692451477,0.0474541038274765,0.1284969598054886
gaussian_medium,57,0.05882825329899788,0.05567995831370354,0.042606305330991745,0.04032789543271065,0.06225590035319328,0.048256054520606995,0.04431160166859627,0.19392183423042297,0.144029900431633,0.14154906570911407,True,True,0.1263616681098938,0.4291597306728363,0.8467118144035339,0.00978871900588274,0.05567995831370354,0.12169253826141357
gaussian_medium,58,0.05882825329899788,0.06290137022733688,0.051784634590148926,0.05006257817149162,0.06835019588470459,0.05651271343231201,0.05540967732667923,0.1399943083524704,0.07276759296655655,0.0988270565867424,True,True,0.13862955570220947,0.37972351908683777,0.7920342087745667,0.013715849258005619,0.06290137022733688,0.1162416860461235
gaussian_medium,59,0.05882825329899788,0.06501203775405884,0.05466093495488167,0.052078090608119965,0.07062306255102158,0.06166410446166992,0.05997699499130249,0.18557116389274597,0.11551468819379807,0.13591384887695312,True,True,0.1564342975616455,0.3705849349498749,0.8485402464866638,0.009661818854510784,0.06501203775405884,0.10913342237472534
gaussian_medium,60,0.05882825329899788,0.07986714690923691,0.06431867927312851,0.05964880436658859,0.08753584325313568,0.07329073548316956,0.0678890123963356,0.3965585231781006,0.34939518570899963,0.3599395751953125,True,True,0.08722410351037979,0.307039737701416,0.6864576935768127,0.022131815552711487,0.07986714690923691,0.1434982568025589
gaussian_medium,61,0.05882825329899788,0.06355413794517517,0.04314965754747391,0.0418267548084259,0.07137571275234222,0.04719206318259239,0.04672126844525337,0.21300911903381348,0.15078431367874146,0.1629837602376938,True,True,0.14506123960018158,0.3925589919090271,0.7814639806747437,0.014506236650049686,0.06355413794517517,0.11357378959655762
gaussian_medium,62,0.05882825329899788,0.060209810733795166,0.054868560284376144,0.05208330601453781,0.06651534885168076,0.06272272765636444,0.06092970073223114,0.15687859058380127,0.09599465131759644,0.1162450760602951,True,True,0.15400110185146332,0.40309882164001465,0.952360212802887,0.002871520584449172,0.060209810733795166,0.11005563288927078
gaussian_medium,63,0.05882825329899788,0.06362495571374893,0.057391393929719925,0.04953959584236145,0.0706520825624466,0.06103486567735672,0.05759071931242943,0.19721978902816772,0.11680719256401062,0.14001303911209106,True,True,0.11235839128494263,0.38834333419799805,0.9066573977470398,0.0057646166533231735,0.06362495571374893,0.12860219180583954
gaussian_medium,64,0.05882825329899788,0.05301336571574211,0.05745015665888786,0.037310875952243805,0.06215537339448929,0.06411879509687424,0.044138312339782715,0.18265695869922638,0.11254341155290604,0.14066949486732483,True,True,0.08659801632165909,0.461299329996109,0.8456882238388062,0.00985987950116396,0.05301336571574211,0.14392204582691193
gaussian_medium,65,0.05882825329899788,0.06843168288469315,0.07124058902263641,0.05383582040667534,0.07318937033414841,0.07494094222784042,0.06109531223773956,0.24510090053081512,0.14195917546749115,0.1613902896642685,True,True,0.15991008281707764,0.34532493352890015,0.6520653367042542,0.025155581533908844,0.06843168288469315,0.1078406348824501
gaussian_medium,66,0.05882825329899788,0.08183147758245468,0.06495256721973419,0.06508753448724747,0.09079550206661224,0.07279632985591888,0.0727134495973587,0.22680282592773438,0.15294405817985535,0.16546522080898285,False,True,0.08069800585508347,0.30660927295684814,0.79303377866745,0.013641653582453728,0.08183147758245468,0.14807315170764923
gaussian_medium,67,0.05882825329899788,0.04765406250953674,0.06726866960525513,0.044855862855911255,0.05380195751786232,0.07181984186172485,0.05381374806165695,0.1771998256444931,0.11426551640033722,0.14494962990283966,True,True,0.1847037971019745,0.4854966104030609,0.8529499769210815,0.009356890805065632,0.04765406250953674,0.09936102479696274
gaussian_medium,68,0.05882825329899788,0.06450282037258148,0.056452833116054535,0.05333983898162842,0.07236339151859283,0.06364747881889343,0.061445798724889755,0.21358591318130493,0.14147081971168518,0.16467130184173584,True,True,0.139882430434227,0.38837021589279175,0.8132326602935791,0.012162039056420326,0.06450282037258148,0.11571241170167923
gaussian_medium,69,0.05882825329899788,0.06581691652536392,0.05037464573979378,0.04634898528456688,0.0700242668390274,0.05506144464015961,0.052905142307281494,0.2860826551914215,0.2421015352010727,0.2534048557281494,True,True,0.1252875030040741,0.3510296642780304,0.5646250247955322,0.03362584486603737,0.06581691652536392,0.12219476699829102
gaussian_medium,70,0.05882825329899788,0.06503480672836304,0.05500160902738571,0.05202615261077881,0.07312535494565964,0.05986107885837555,0.05751080438494682,0.3191952705383301,0.29015490412712097,0.2996792495250702,True,True,0.07307826727628708,0.377938836812973,0.6697418689727783,0.023582065477967262,0.06503480672836304,0.153907909989357
gaussian_medium,71,0.05882825329899788,0.08243260532617569,0.05421129986643791,0.05345889925956726,0.09130103886127472,0.06186765059828758,0.059133999049663544,0.4703044891357422,0.42272067070007324,0.42059385776519775,True,True,0.03487297520041466,0.29449865221977234,0.6723369359970093,0.023354561999440193,0.08243260532617569,0.19743014872074127
gaussian_medium,72,0.05882825329899788,0.059163399040699005,0.04715907573699951,0.041188888251781464,0.06551691889762878,0.05604075640439987,0.0501689575612545,0.24279984831809998,0.149902805685997,0.18401119112968445,True,True,0.13643841445446014,0.4073283076286316,0.7928929328918457,0.013652102090418339,0.059163399040699005,0.11717893928289413
gaussian_medium,73,0.05882825329899788,0.048943597823381424,0.032450951635837555,0.033311519771814346,0.059210751205682755,0.03930848091840744,0.041292816400527954,0.19310562312602997,0.13038372993469238,0.14758650958538055,False,True,0.10943340510129929,0.49745163321495056,0.937766969203949,0.003779937280341983,0.048943597823381424,0.13015392422676086
gaussian_medium,74,0.05882825329899788,0.05488523095846176,0.03962598741054535,0.03232704475522041,0.06209534779191017,0.04438871145248413,0.03621884062886238,0.45840752124786377,0.42157071828842163,0.4180487394332886,True,True,0.16820985078811646,0.44017744064331055,0.7712111473083496,0.015283172950148582,0.05488523095846176,0.10486388951539993
gaussian_medium,75,0.05882825329899788,0.061505354940891266,0.052571892738342285,0.05113551765680313,0.07200919836759567,0.059392768889665604,0.059419166296720505,0.1760507971048355,0.1120300143957138,0.13366533815860748,True,True,0.0803113654255867,0.4179219603538513,0.9298118352890015,0.0042811124585568905,0.061505354940891266,0.14835569262504578
gaussian_medium,76,0.05882825329899788,0.06336772441864014,0.05414190888404846,0.051867127418518066,0.06893615424633026,0.05804935470223427,0.058206770569086075,0.18648850917816162,0.12577427923679352,0.1431281566619873,True,True,0.15623725950717926,0.37892240285873413,0.8126020431518555,0.01220767293125391,0.06336772441864014,0.10920756310224533
gaussian_medium,77,0.05882825329899788,0.057621002197265625,0.04751437157392502,0.04803837090730667,0.06622353196144104,0.0532115139067173,0.05474863573908806,0.15951494872570038,0.11635161936283112,0.12505459785461426,False,True,0.12201332300901413,0.43540868163108826,0.8912040591239929,0.006775946822017431,0.057621002197265625,0.12375258654356003
gaussian_medium,78,0.05882825329899788,0.055813103914260864,0.05090392380952835,0.048382606357336044,0.06254932284355164,0.05649152025580406,0.054189495742321014,0.1391688883304596,0.08189012110233307,0.1030961349606514,True,True,0.13738718628883362,0.43164199590682983,0.8664871454238892,0.008430561050772667,0.055813103914260864,0.11677127331495285
gaussian_medium,79,0.05882825329899788,0.05461578816175461,0.04969975724816322,0.037712812423706055,0.06252054125070572,0.052850086241960526,0.04351050779223442,0.21104566752910614,0.12972794473171234,0.14822152256965637,True,True,0.13020160794258118,0.44644132256507874,0.8572895526885986,0.009058347903192043,0.05461578816175461,0.11993146687746048
gaussian_medium,80,0.05882825329899788,0.06143757700920105,0.05711418390274048,0.050407975912094116,0.07038457691669464,0.06388143450021744,0.05923767015337944,0.1753944307565689,0.11595145612955093,0.14496801793575287,True,True,0.11459071189165115,0.41359418630599976,0.8320525288581848,0.010816146619617939,0.06143757700920105,0.12744484841823578
gaussian_medium,81,0.05882825329899788,0.06261061131954193,0.04699774831533432,0.043971531093120575,0.06964774429798126,0.05331448093056679,0.04871081933379173,0.25102999806404114,0.2090422362089157,0.20911692082881927,True,True,0.12003590911626816,0.3907565474510193,0.7162478566169739,0.019632693380117416,0.06261061131954193,0.12471380084753036
gaussian_medium,82,0.05882825329899788,0.06371063739061356,0.05772530287504196,0.05031278729438782,0.06747692823410034,0.06280327588319778,0.057354576885700226,0.2854921221733093,0.22749063372612,0.24303297698497772,True,True,0.1590251475572586,0.36272695660591125,0.6187805533409119,0.028237830847501755,0.06371063739061356,0.10816708952188492
gaussian_medium,83,0.05882825329899788,0.06458045542240143,0.05827341601252556,0.056215036660432816,0.07572315633296967,0.06932137906551361,0.06677937507629395,0.14472384750843048,0.09234493225812912,0.10758134722709656,True,True,0.04325190931558609,0.39947789907455444,0.8589030504226685,0.00894773006439209,0.06458045542240143,0.18476271629333496
gaussian_medium,84,0.05882825329899788,0.06669057905673981,0.05428417772054672,0.04555606096982956,0.0781894251704216,0.05848581716418266,0.05213551968336105,0.36072641611099243,0.316586434841156,0.3062383234500885,True,True,0.060807716101408005,0.3939763903617859,0.8931081295013428,0.006650393363088369,0.06669057905673981,0.16472138464450836
gaussian_medium,85,0.05882825329899788,0.058885347098112106,0.08649643510580063,0.05598524212837219,0.06669173389673233,0.0893765315413475,0.0644635558128357,0.4485842287540436,0.4288311004638672,0.4385871887207031,True,True,0.1257110983133316,0.4172322154045105,0.7624213099479675,0.015957515686750412,0.058885347098112106,0.1219961941242218
gaussian_medium,86,0.05882825329899788,0.05872054770588875,0.05184214189648628,0.038922496140003204,0.06591162830591202,0.057020656764507294,0.04540285840630531,0.23927998542785645,0.17113351821899414,0.17883099615573883,True,True,0.13830086588859558,0.4188227653503418,0.9245931506156921,0.004612220451235771,0.05872054770588875,0.11638133227825165
gaussian_medium,87,0.05882825329899788,0.0609772689640522,0.08875961601734161,0.06537715345621109,0.06969040632247925,0.10725382715463638,0.08059412986040115,0.5860031247138977,0.548239529132843,0.5699536204338074,True,False,0.11206861585378647,0.41375964879989624,0.8048757314682007,0.012769695371389389,0.0609772689640522,0.12875409424304962
gaussian_medium,88,0.05882825329899788,0.06288284063339233,0.08379226922988892,0.06459660828113556,0.0694887563586235,0.09199008345603943,0.0725119337439537,0.20726028084754944,0.1387070268392563,0.1460750699043274,True,False,0.12177477777004242,0.38805240392684937,0.8588378429412842,0.008952198550105095,0.06288284063339233,0.1238677129149437
gaussian_medium,89,0.05882825329899788,0.06404105573892593,0.06318067014217377,0.04604468122124672,0.0755595937371254,0.06724878400564194,0.05458809435367584,0.2731095254421234,0.15129432082176208,0.168195441365242,True,True,0.08203586935997009,0.4167146682739258,0.9560496211051941,0.0026440618094056845,0.06404105573892593,0.1471058577299118
gaussian_medium,90,0.05882825329899788,0.06123713403940201,0.036682795733213425,0.042116157710552216,0.06656623631715775,0.04369639977812767,0.047462839633226395,0.4066503345966339,0.39554113149642944,0.3952889144420624,False,True,0.13510580360889435,0.3878457546234131,0.7401674389839172,0.01770017482340336,0.06123713403940201,0.11775634437799454
gaussian_medium,91,0.05882825329899788,0.07062261551618576,0.09320341050624847,0.06930569559335709,0.08143483102321625,0.10164128243923187,0.08249334990978241,0.2069854736328125,0.12653085589408875,0.1441897600889206,True,True,0.07167630642652512,0.373801052570343,0.810560941696167,0.012355622835457325,0.07062261551618576,0.1550474613904953
gaussian_medium,92,0.05882825329899788,0.06249571964144707,0.03959127143025398,0.03975222259759903,0.0675351470708847,0.04305296018719673,0.043013155460357666,0.2155732661485672,0.1045413464307785,0.1356193572282791,False,True,0.1552969366312027,0.37885236740112305,0.8406258821487427,0.010213087312877178,0.06249571964144707,0.1095626950263977
gaussian_medium,93,0.05882825329899788,0.07992082089185715,0.07009517401456833,0.05958113074302673,0.08878232538700104,0.07422731071710587,0.06669604778289795,0.2607855200767517,0.1453823447227478,0.1683683842420578,True,True,0.07275040447711945,0.3127495348453522,0.6586127877235413,0.024567825719714165,0.07992082089185715,0.15417243540287018
gaussian_medium,94,0.05882825329899788,0.06401105225086212,0.03951927274465561,0.03664644435048103,0.06877055019140244,0.04311955347657204,0.04199327528476715,0.3557012975215912,0.3162124752998352,0.32699844241142273,True,True,0.15963299572467804,0.3675693869590759,0.655231237411499,0.024870650842785835,0.06401105225086212,0.10794265568256378
gaussian_medium,95,0.05882825329899788,0.06344695389270782,0.04729406535625458,0.0494210459291935,0.07464179396629333,0.055377859622240067,0.05674338340759277,0.20965948700904846,0.14301396906375885,0.1531452238559723,False,True,0.09398523718118668,0.40949559211730957,0.8440135717391968,0.00997648760676384,0.06344695389270782,0.13910631835460663
gaussian_medium,96,0.05882825329899788,0.05727323889732361,0.04436543956398964,0.03984694927930832,0.06087341159582138,0.04824742674827576,0.045810915529727936,0.19147802889347076,0.1089000329375267,0.1345663070678711,True,True,0.21845343708992004,0.40109243988990784,0.6270796060562134,0.0274540763348341,0.05727323889732361,0.08948850631713867
gaussian_medium,97,0.05882825329899788,0.05725973844528198,0.038510970771312714,0.03896353393793106,0.06536348164081573,0.04680800065398216,0.047368839383125305,0.17072752118110657,0.08191715180873871,0.10272819548845291,False,True,0.09826503694057465,0.42848944664001465,0.8193567991256714,0.011720683425664902,0.05725973844528198,0.13648666441440582
gaussian_medium,98,0.05882825329899788,0.06984086334705353,0.06616032123565674,0.05742492154240608,0.07839515805244446,0.07184682786464691,0.0651707574725151,0.18268291652202606,0.12605318427085876,0.1420561820268631,True,True,0.08424187451601028,0.3592265546321869,0.8662066459655762,0.008449606597423553,0.06984086334705353,0.14554481208324432
gaussian_medium,99,0.05882825329899788,0.05965913087129593,0.04362265765666962,0.040391549468040466,0.06772168725728989,0.051386673003435135,0.04802805185317993,0.24373392760753632,0.20607592165470123,0.21336033940315247,True,True,0.14507173001766205,0.4157417416572571,0.7874389886856079,0.01405815128237009,0.05965913087129593,0.11356952786445618
gaussian_medium,100,0.05882825329899788,0.061298519372940063,0.11192576587200165,0.07349948585033417,0.06865006685256958,0.11731362342834473,0.08291561156511307,0.6316536068916321,0.6045565009117126,0.5981862545013428,True,False,0.11355408281087875,0.39968377351760864,0.8000718951225281,0.013121859170496464,0.061298519372940063,0.12797945737838745
gaussian_medium,101,0.05882825329899788,0.07044897973537445,0.08606971800327301,0.0742424875497818,0.08044664561748505,0.09749377518892288,0.08739519119262695,0.2051009237766266,0.13609032332897186,0.15754055976867676,True,False,0.05789853632450104,0.362673819065094,0.669354259967804,0.023616118356585503,0.07044897973537445,0.1676054149866104
gaussian_medium,102,0.05882825329899788,0.05523790046572685,0.05756114050745964,0.04214060679078102,0.06174482777714729,0.06375126540660858,0.05034323036670685,0.1805596649646759,0.10806015133857727,0.1261598914861679,True,True,0.11795449256896973,0.4308086931705475,0.8068052530288696,0.012628836557269096,0.05523790046572685,0.1257428228855133
gaussian_medium,103,0.05882825329899788,0.05866476893424988,0.06430976092815399,0.053536612540483475,0.06853143125772476,0.07357020676136017,0.06577123701572418,0.19861581921577454,0.16798947751522064,0.1737862080335617,True,True,0.1217418909072876,0.4369737505912781,0.971589982509613,0.0016955116298049688,0.05866476893424988,0.12388360500335693
gaussian_medium,104,0.05882825329899788,0.06275846064090729,0.04974658787250519,0.04726133123040199,0.07007301598787308,0.05587617680430412,0.05340217053890228,0.16445690393447876,0.11577849835157394,0.1249811202287674,True,True,0.10311757773160934,0.3887593150138855,0.7788442373275757,0.014703781343996525,0.06275846064090729,0.13365104794502258
gaussian_medium,105,0.05882825329899788,0.061939459294080734,0.06542905420064926,0.05569165199995041,0.07198608666658401,0.07348177582025528,0.06689712405204773,0.2112015336751938,0.16311191022396088,0.17729733884334564,True,True,0.10776431113481522,0.4117439389228821,0.7319316267967224,0.018358426168560982,0.061939459294080734,0.13105809688568115
gaussian_medium,106,0.05882825329899788,0.07259709388017654,0.06556650251150131,0.05614929646253586,0.08092089742422104,0.07056114822626114,0.06345026940107346,0.1642855554819107,0.10316425561904907,0.10988449305295944,True,True,0.059497784823179245,0.33959177136421204,0.6442163586616516,0.025868000462651253,0.07259709388017654,0.16600251197814941
gaussian_medium,107,0.05882825329899788,0.054060280323028564,0.03414629399776459,0.036638349294662476,0.05695231631398201,0.04114329069852829,0.04122258350253105,0.2718315124511719,0.23195652663707733,0.24392132461071014,False,True,0.2407982498407364,0.4180700182914734,0.7161997556686401,0.019636647775769234,0.054060280323028564,0.08375941962003708
gaussian_medium,108,0.05882825329899788,0.0605158731341362,0.07657881826162338,0.05729643255472183,0.06790958344936371,0.08209298551082611,0.06465001404285431,0.48642498254776,0.46425023674964905,0.4749772548675537,True,True,0.10268167406320572,0.4044414460659027,0.8222644329071045,0.011512293480336666,0.0605158731341362,0.1339002549648285
gaussian_medium,109,0.05882825329899788,0.05685434862971306,0.05352424830198288,0.039848219603300095,0.06278765201568604,0.05743023380637169,0.048725247383117676,0.18974941968917847,0.10261452198028564,0.12762926518917084,True,True,0.14332513511180878,0.41971927881240845,0.8152210712432861,0.012018374167382717,0.05685434862971306,0.11428209394216537
gaussian_medium,110,0.05882825329899788,0.053803879767656326,0.02222782000899315,0.0299081951379776,0.06096247583627701,0.025965573266148567,0.03176145628094673,0.4916856586933136,0.4724480211734772,0.4688551723957062,False,True,0.09724804759025574,0.4409158229827881,0.7293916940689087,0.0185629241168499,0.053803879767656326,0.13709867000579834
gaussian_medium,111,0.05882825329899788,0.06834503263235092,0.04626653343439102,0.046630002558231354,0.07125105708837509,0.04928753897547722,0.05048513412475586,0.18430295586585999,0.10382474958896637,0.12323686480522156,False,True,0.1646629422903061,0.33156225085258484,0.5820097923278809,0.03184185549616814,0.06834503263235092,0.1061176210641861
gaussian_medium,112,0.05882825329899788,0.057756416499614716,0.04627757519483566,0.0422377735376358,0.06401196122169495,0.05118322744965553,0.04742494970560074,0.15382659435272217,0.09338882565498352,0.10986427962779999,True,True,0.1313021183013916,0.4138490557670593,0.7575010061264038,0.016338393092155457,0.057756416499614716,0.11943631619215012
gaussian_medium,113,0.05882825329899788,0.07053997367620468,0.05964602157473564,0.05576695129275322,0.0780765563249588,0.06715758144855499,0.062008049339056015,0.47912266850471497,0.43152347207069397,0.42998671531677246,True,True,0.0608040913939476,0.3472135663032532,0.700169563293457,0.02096831612288952,0.07053997367620468,0.16472488641738892
gaussian_medium,114,0.05882825329899788,0.05028399080038071,0.026766082271933556,0.0306236632168293,0.057803526520729065,0.030970314517617226,0.03404684737324715,0.4444761574268341,0.42466259002685547,0.42514920234680176,False,True,0.18999214470386505,0.47485488653182983,0.8934924602508545,0.006625084672123194,0.05028399080038071,0.09770034998655319
gaussian_medium,115,0.05882825329899788,0.069786436855793,0.08807393163442612,0.07393981516361237,0.07676728814840317,0.09993048012256622,0.08415596187114716,0.5453788042068481,0.5139509439468384,0.4917711913585663,True,False,0.10990748554468155,0.3528529405593872,0.8076109886169434,0.012570114806294441,0.069786436855793,0.12989962100982666
gaussian_medium,116,0.05882825329899788,0.08216828107833862,0.0654461607336998,0.061682604253292084,0.08877268433570862,0.06986811757087708,0.06688401103019714,0.21890980005264282,0.15131111443042755,0.16606315970420837,True,True,0.05704155191779137,0.2881087362766266,0.6800540685653687,0.022683171555399895,0.08216828107833862,0.16848266124725342
gaussian_medium,117,0.05882825329899788,0.05175156146287918,0.04782184585928917,0.04372430592775345,0.057742949575185776,0.05222678929567337,0.048741813749074936,0.14629781246185303,0.08907279372215271,0.10904151946306229,True,True,0.2052118480205536,0.45521339774131775,0.909980833530426,0.005549370311200619,0.05175156146287918,0.09316703677177429
gaussian_medium,118,0.05882825329899788,0.06253249943256378,0.047892484813928604,0.04551566019654274,0.0691952109336853,0.05068599805235863,0.0491388738155365,0.1737137734889984,0.09876183420419693,0.11961548775434494,True,True,0.1409056931734085,0.39158278703689575,0.8625569343566895,0.008698001503944397,0.06253249943256378,0.11528363823890686
gaussian_medium,119,0.05882825329899788,0.06780588626861572,0.06337366998195648,0.0563269779086113,0.07269803434610367,0.06800483912229538,0.06286182999610901,0.16398735344409943,0.1078425794839859,0.11572341620922089,True,True,0.1426270306110382,0.3487911820411682,0.7235133647918701,0.019038954749703407,0.06780588626861572,0.11456933617591858
gaussian_medium,120,0.05882825329899788,0.059413619339466095,0.037059977650642395,0.03696247562766075,0.06552422046661377,0.04092175513505936,0.03966061770915985,0.4547470211982727,0.41702887415885925,0.4240177273750305,True,True,0.1383601278066635,0.40313953161239624,0.7322450280189514,0.01833323948085308,0.059413619339466095,0.11635612696409225
gaussian_medium,121,0.05882825329899788,0.06543900072574615,0.05491158366203308,0.05432852357625961,0.07137785851955414,0.061570048332214355,0.06079370528459549,0.21924293041229248,0.16706590354442596,0.18059617280960083,True,True,0.12873153388500214,0.36588090658187866,0.6385066509246826,0.02639172039926052,0.06543900072574615,0.12059945613145828
gaussian_medium,122,0.05882825329899788,0.067314513027668,0.07193052768707275,0.05458641052246094,0.07474789768457413,0.07557427138090134,0.060401055961847305,0.5406360030174255,0.5349520444869995,0.5281347632408142,True,True,0.08364730328321457,0.36544686555862427,0.7350444197654724,0.01810876652598381,0.067314513027668,0.14596149325370789
gaussian_medium,123,0.05882825329899788,0.06365425139665604,0.07049714773893356,0.04713515192270279,0.06980235129594803,0.07215982675552368,0.0549621619284153,0.20394301414489746,0.11763991415500641,0.14571912586688995,True,True,0.13134880363941193,0.3805462718009949,0.6835642457008362,0.02238030731678009,0.06365425139665604,0.11941540241241455
gaussian_medium,124,0.05882825329899788,0.07229502499103546,0.07376516610383987,0.06065300852060318,0.07947789877653122,0.07786723226308823,0.06846031546592712,0.20950692892074585,0.14458370208740234,0.1501128375530243,True,True,0.11029799282550812,0.33932143449783325,0.8071326613426208,0.012604966759681702,0.07229502499103546,0.1296909749507904
gaussian_medium,125,0.05882825329899788,0.0507008321583271,0.033609725534915924,0.027302414178848267,0.05799226090312004,0.038418736308813095,0.03403067588806152,0.35502755641937256,0.33483532071113586,0.3491577208042145,True,True,0.14291535317897797,0.4682333469390869,0.8806558847427368,0.007476382423192263,0.0507008321583271,0.11445052921772003
gaussian_medium,126,0.05882825329899788,0.0687909722328186,0.06537390500307083,0.05885505676269531,0.07765668630599976,0.07521490752696991,0.0707128718495369,0.35744714736938477,0.2948589622974396,0.3021644353866577,True,True,0.07241133600473404,0.3657401204109192,0.9388578534126282,0.0037115446757525206,0.0687909722328186,0.1544472575187683
gaussian_medium,127,0.05882825329899788,0.05025341361761093,0.03175399452447891,0.03398062288761139,0.0581631101667881,0.0349549874663353,0.03675283119082451,0.18564057350158691,0.08250631392002106,0.10694093257188797,False,True,0.13774985074996948,0.4755690097808838,0.8884685635566711,0.006956796627491713,0.05025341361761093,0.11661618202924728
gaussian_medium,128,0.05882825329899788,0.07547896355390549,0.06773465871810913,0.05897590517997742,0.08421705663204193,0.07047494500875473,0.06518702954053879,0.23108212649822235,0.18469329178333282,0.20046047866344452,True,True,0.08474874496459961,0.3364393711090088,0.8583802580833435,0.008983548730611801,0.07547896355390549,0.14519190788269043
gaussian_medium,129,0.05882825329899788,0.0584014467895031,0.033519454300403595,0.03449117764830589,0.0626315027475357,0.038255322724580765,0.03806040436029434,0.33196020126342773,0.3278615176677704,0.3278721272945404,False,True,0.18274354934692383,0.39840346574783325,0.6634799242019653,0.02413468435406685,0.0584014467895031,0.09998870640993118
gaussian_medium,130,0.05882825329899788,0.06082163378596306,0.05530894920229912,0.04491405561566353,0.06922893226146698,0.06050015613436699,0.05242418497800827,0.2886057496070862,0.27813249826431274,0.2683962285518646,True,True,0.09749961644411087,0.41192692518234253,0.8953770399093628,0.006501132156699896,0.06082163378596306,0.1369466930627823
gaussian_medium,131,0.05882825329899788,0.0703960657119751,0.042855896055698395,0.04521807283163071,0.07499675452709198,0.04687705263495445,0.049309782683849335,0.3980148136615753,0.3848922848701477,0.38949865102767944,False,True,0.09137288480997086,0.32784005999565125,0.5562146306037903,0.03450871258974075,0.0703960657119751,0.14076462388038635
gaussian_medium,132,0.05882825329899788,0.057657770812511444,0.03223113343119621,0.03353802114725113,0.0630909726023674,0.036179978400468826,0.03758726641535759,0.16518758237361908,0.08452196419239044,0.10234539955854416,False,True,0.13939543068408966,0.4097883105278015,0.7927878499031067,0.013659900054335594,0.057657770812511444,0.11591757088899612
gaussian_medium,133,0.05882825329899788,0.07890082895755768,0.04401499405503273,0.047884903848171234,0.08592783659696579,0.05353926494717598,0.056008048355579376,0.19886894524097443,0.10550331324338913,0.11938303709030151,False,True,0.079938143491745,0.3044470548629761,0.712631344795227,0.019930485635995865,0.07890082895755768,0.14862971007823944
gaussian_medium,134,0.05882825329899788,0.06966028362512589,0.0532824881374836,0.049489203840494156,0.07659758627414703,0.059018224477767944,0.05519753322005272,0.23044036328792572,0.11849761009216309,0.1381569802761078,True,True,0.09474669396877289,0.34945014119148254,0.6701160073280334,0.023549210280179977,0.06966028362512589,0.13863162696361542
gaussian_medium,135,0.05882825329899788,0.06959477066993713,0.05913848802447319,0.05763161927461624,0.07729489356279373,0.06704813987016678,0.06569825112819672,0.22120042145252228,0.15871675312519073,0.17315037548542023,True,True,0.09061939269304276,0.3514394164085388,0.7341309785842896,0.018181918188929558,0.06959477066993713,0.14125175774097443
gaussian_medium,136,0.05882825329899788,0.07904346287250519,0.0843384638428688,0.07422490417957306,0.08483950793743134,0.09567921608686447,0.08395262807607651,0.24185903370380402,0.18057583272457123,0.18728943169116974,True,True,0.11449963599443436,0.3032311499118805,0.9313173294067383,0.004185935482382774,0.07904346287250519,0.12749162316322327
gaussian_medium,137,0.05882825329899788,0.06061019375920296,0.04660285264253616,0.04778706282377243,0.0663548931479454,0.0511915422976017,0.051987919956445694,0.16311581432819366,0.11473236232995987,0.12622259557247162,False,True,0.1543489694595337,0.395759642124176,0.8308385610580444,0.010902038775384426,0.06061019375920296,0.10992290079593658
gaussian_medium,138,0.05882825329899788,0.07277632504701614,0.0833568423986435,0.06914447247982025,0.07930939644575119,0.0942055806517601,0.0812254473567009,0.2214316725730896,0.10779280960559845,0.13564632833003998,True,True,0.08308794349431992,0.32808059453964233,0.5902400612831116,0.031015781685709953,0.07277632504701614,0.14635621011257172
gaussian_medium,139,0.05882825329899788,0.05832662433385849,0.02336942031979561,0.031234895810484886,0.06483396142721176,0.03015371412038803,0.0355614498257637,0.1868225783109665,0.1128092110157013,0.1274140179157257,False,True,0.12200456112623215,0.4122838079929352,0.734233558177948,0.018173698335886,0.05832662433385849,0.12375681102275848
gaussian_medium,140,0.05882825329899788,0.06620535999536514,0.0567675456404686,0.050655297935009,0.07372128963470459,0.06321313232183456,0.05703704059123993,0.43656474351882935,0.41233620047569275,0.4154523015022278,True,True,0.06312033534049988,0.367697536945343,0.6910400390625,0.021740421652793884,0.06620535999536514,0.16252553462982178
gaussian_medium,141,0.05882825329899788,0.07058821618556976,0.05961136147379875,0.055290501564741135,0.07576961815357208,0.06367719173431396,0.05967035889625549,0.18336151540279388,0.12050243467092514,0.13557933270931244,True,True,0.11317279934883118,0.3344185948371887,0.6792875528335571,0.022749517112970352,0.07058821618556976,0.12817731499671936
gaussian_medium,142,0.05882825329899788,0.053529269993305206,0.034822188317775726,0.03375270217657089,0.06264203041791916,0.03878156468272209,0.0384797602891922,0.3550843596458435,0.3296888768672943,0.32701173424720764,True,True,0.13991232216358185,0.4602603018283844,0.8187952637672424,0.011761017143726349,0.053529269993305206,0.11569983512163162
gaussian_medium,143,0.05882825329899788,0.06082773953676224,0.05969959497451782,0.04584890231490135,0.06577008217573166,0.06393985450267792,0.051555875688791275,0.44207310676574707,0.40238988399505615,0.4025927484035492,True,True,0.16279681026935577,0.39077669382095337,0.9408596158027649,0.003586248029023409,0.06082773953676224,0.10678812861442566
gaussian_medium,144,0.05882825329899788,0.058723390102386475,0.07287181168794632,0.05257321149110794,0.06540987640619278,0.07899197936058044,0.061889052391052246,0.18262754380702972,0.12158466130495071,0.1411147266626358,True,True,0.1514541357755661,0.41589123010635376,0.8762835264205933,0.007769186515361071,0.058723390102386475,0.11103670299053192
gaussian_medium,145,0.05882825329899788,0.05548446252942085,0.03695052117109299,0.03707391768693924,0.06352952122688293,0.04320318251848221,0.04431406781077385,0.467232882976532,0.4411829710006714,0.44961681962013245,False,True,0.17340512573719025,0.444457471370697,0.9053561687469482,0.005849107634276152,0.05548446252942085,0.10307443141937256
gaussian_medium,146,0.05882825329899788,0.07215584814548492,0.04377709701657295,0.04294974356889725,0.07738816738128662,0.04938024654984474,0.0495280846953392,0.3086354732513428,0.2817845940589905,0.2863212525844574,True,True,0.14579804241657257,0.3311721682548523,0.7071630954742432,0.02038363553583622,0.07215584814548492,0.11327573657035828
gaussian_medium,147,0.05882825329899788,0.058708298951387405,0.04758045822381973,0.039659030735492706,0.06445464491844177,0.05312575399875641,0.04505068436264992,0.146062970161438,0.07283525913953781,0.0946279913187027,True,True,0.12075460702180862,0.40461310744285583,0.7480158805847168,0.01707967184484005,0.058708298951387405,0.12436262518167496
gaussian_medium,148,0.05882825329899788,0.0760311409831047,0.08527712523937225,0.06675653904676437,0.08489557355642319,0.08956720679998398,0.07557972520589828,0.25789880752563477,0.19000183045864105,0.20426325500011444,True,True,0.10656053572893143,0.33605384826660156,0.8149224519729614,0.01203992497175932,0.0760311409831047,0.1317189335823059
gaussian_medium,149,0.05882825329899788,0.05259985849261284,0.0591512992978096,0.04549199715256691,0.05873362720012665,0.06620792299509048,0.050375401973724365,0.15730299055576324,0.1097843125462532,0.11304949969053268,True,True,0.14164696633815765,0.44743290543556213,0.7257688045501709,0.018855853006243706,0.05259985849261284,0.1149749681353569
gaussian_medium,150,0.05882825329899788,0.06264053285121918,0.07655175030231476,0.05279688164591789,0.0715055987238884,0.08069220930337906,0.06083722412586212,0.21826699376106262,0.13272573053836823,0.15616776049137115,True,True,0.10323897749185562,0.4031068682670593,0.8122326731681824,0.012234421446919441,0.06264053285121918,0.13358183205127716
gaussian_medium,151,0.05882825329899788,0.057472534477710724,0.04145386815071106,0.040403977036476135,0.06720471382141113,0.04591101408004761,0.04477205500006676,0.16484445333480835,0.10949627310037613,0.12108207494020462,True,True,0.09174612164497375,0.4397851824760437,0.9003693461418152,0.00617403956130147,0.057472534477710724,0.14052481949329376
gaussian_medium,152,0.05882825329899788,0.06613504141569138,0.07482541352510452,0.06446237862110138,0.07512471824884415,0.08336581289768219,0.07307309657335281,0.16193601489067078,0.11770723015069962,0.13009116053581238,True,True,0.059583086520433426,0.3783114552497864,0.8309376835823059,0.010895021259784698,0.06613504141569138,0.165918231010437
gaussian_medium,153,0.05882825329899788,0.05708067864179611,0.057971276342868805,0.04358039051294327,0.06577662378549576,0.06024979427456856,0.05174953117966652,0.24829548597335815,0.18586890399456024,0.19508780539035797,True,True,0.12193701416254044,0.43552088737487793,0.8758306503295898,0.00779959699138999,0.05708067864179611,0.12378939241170883
gaussian_medium,154,0.05882825329899788,0.06078441068530083,0.08102427423000336,0.06132369115948677,0.06879449635744095,0.08819521218538284,0.07356937229633331,0.198185995221138,0.12919454276561737,0.15956081449985504,True,False,0.08768856525421143,0.405831903219223,0.7566174268722534,0.016407055780291557,0.06078441068530083,0.1431858390569687
gaussian_medium,155,0.05882825329899788,0.06064096838235855,0.04485189914703369,0.03922843188047409,0.06965964287519455,0.05488522723317146,0.04962533712387085,0.20221702754497528,0.09958130121231079,0.12841349840164185,True,True,0.09145046770572662,0.4150365889072418,0.9059182405471802,0.005812598392367363,0.06064096838235855,0.14071469008922577
gaussian_medium,156,0.05882825329899788,0.042232804000377655,0.029289474710822105,0.026641855016350746,0.05013908073306084,0.033622950315475464,0.03206491470336914,0.21798542141914368,0.1637302041053772,0.18184973299503326,True,True,0.19282281398773193,0.5364303588867188,0.8610728979110718,0.008799303323030472,0.042232804000377655,0.0968303382396698
gaussian_medium,157,0.05882825329899788,0.06546349823474884,0.05424981564283371,0.04748332127928734,0.070937879383564,0.05830836668610573,0.052164532244205475,0.2584984302520752,0.19084227085113525,0.2043895274400711,True,True,0.1414257138967514,0.36524075269699097,0.7725529074668884,0.015180910937488079,0.06546349823474884,0.11506692320108414
gaussian_medium,158,0.05882825329899788,0.06597288697957993,0.04772868752479553,0.0445123091340065,0.07500369846820831,0.053391020745038986,0.05130865052342415,0.21280518174171448,0.12070092558860779,0.14010392129421234,True,True,0.07269242405891418,0.3796325922012329,0.6577600240707397,0.024644045159220695,0.06597288697957993,0.15421932935714722
gaussian_medium,159,0.05882825329899788,0.07007939368486404,0.05256218463182449,0.05234149098396301,0.0786561518907547,0.061630625277757645,0.061919473111629486,0.2292957305908203,0.15462100505828857,0.16798391938209534,True,True,0.10167109966278076,0.3610714375972748,0.760447084903717,0.016110042110085487,0.07007939368486404,0.13448210060596466
gaussian_medium,160,0.05882825329899788,0.06853477656841278,0.061106257140636444,0.0482843816280365,0.07594887167215347,0.0754198208451271,0.06865247339010239,0.41814881563186646,0.3729848265647888,0.3836704194545746,True,True,0.0870053768157959,0.35846060514450073,0.7394304871559143,0.017758777365088463,0.06853477656841278,0.1436459720134735
gaussian_medium,161,0.05882825329899788,0.08197537064552307,0.06284455955028534,0.059760529547929764,0.08844462782144547,0.0703972801566124,0.06733428686857224,0.2676701843738556,0.1767542064189911,0.19004447758197784,True,True,0.08100559562444687,0.2909872531890869,0.7052929401397705,0.020539414137601852,0.08197537064552307,0.14784933626651764
gaussian_medium,162,0.05882825329899788,0.06918779015541077,0.04528838396072388,0.04782221466302872,0.07355402410030365,0.057143256068229675,0.053155817091464996,0.14147470891475677,0.05670792609453201,0.0740906372666359,False,True,0.11962994933128357,0.3336382508277893,0.5003404021263123,0.0407366007566452,0.06918779015541077,0.12491309642791748
gaussian_medium,163,0.05882825329899788,0.07299311459064484,0.06627080589532852,0.060427118092775345,0.08021188527345657,0.07328538596630096,0.06811404973268509,0.20649269223213196,0.13771314918994904,0.15221932530403137,True,True,0.0959811583161354,0.33929625153541565,0.9621415734291077,0.0022703977301716805,0.07299311459064484,0.13787008821964264
gaussian_medium,164,0.05882825329899788,0.06470252573490143,0.044156573712825775,0.04729904979467392,0.07345385104417801,0.04937996715307236,0.05138323828577995,0.17995887994766235,0.11472989618778229,0.13275809586048126,False,True,0.06035559996962547,0.38141098618507385,0.6642591953277588,0.02406563051044941,0.06470252573490143,0.1651604175567627
gaussian_medium,165,0.05882825329899788,0.06595510989427567,0.03260459378361702,0.03422333672642708,0.07198909670114517,0.037534646689891815,0.03873053565621376,0.3840412199497223,0.3743002414703369,0.36909499764442444,False,True,0.11202750355005264,0.36424851417541504,0.8376086950302124,0.010424616746604443,0.06595510989427567,0.1287756860256195
gaussian_medium,166,0.05882825329899788,0.07392732799053192,0.06194330379366875,0.06129031628370285,0.07966499030590057,0.06791920214891434,0.06730988621711731,0.20642095804214478,0.15876586735248566,0.16822539269924164,True,True,0.0979643315076828,0.32205283641815186,0.8142004609107971,0.01209207158535719,0.07392732799053192,0.13666696846485138
gaussian_medium,167,0.05882825329899788,0.062389664351940155,0.039082515984773636,0.03716764971613884,0.06881745159626007,0.04107973352074623,0.039428725838661194,0.40926867723464966,0.40115007758140564,0.3955182731151581,True,True,0.14361906051635742,0.3880178928375244,0.7428404092788696,0.017488114535808563,0.062389664351940155,0.11416157335042953
gaussian_medium,168,0.05882825329899788,0.0670127123594284,0.08533041179180145,0.07096664607524872,0.06993038207292557,0.0892288088798523,0.07517318427562714,0.25457125902175903,0.1791849583387375,0.19578272104263306,True,False,0.1420488953590393,0.33836889266967773,0.5900209546089172,0.031037619337439537,0.0670127123594284,0.11480827629566193
gaussian_medium,169,0.05882825329899788,0.0525335893034935,0.042276717722415924,0.03669584169983864,0.060238223522901535,0.0461946539580822,0.041735079139471054,0.18023039400577545,0.11655532568693161,0.13233399391174316,True,True,0.13955731689929962,0.45916953682899475,0.7839351296424866,0.014320501126348972,0.0525335893034935,0.11584929376840591
gaussian_medium,170,0.05882825329899788,0.07352592051029205,0.05511663481593132,0.0468134880065918,0.07853599637746811,0.06107800081372261,0.05298115313053131,0.21537214517593384,0.11424465477466583,0.1314784437417984,True,True,0.08281268924474716,0.3175751566886902,0.6629636883735657,0.024180473759770393,0.07352592051029205,0.14655141532421112
gaussian_medium,171,0.05882825329899788,0.06817080080509186,0.03802461922168732,0.03749389201402664,0.07312192022800446,0.042630065232515335,0.04231948405504227,0.3199447989463806,0.21404793858528137,0.23935286700725555,True,True,0.1339072734117508,0.34561848640441895,0.6271723508834839,0.027445374056696892,0.06817080080509186,0.11828054487705231
gaussian_medium,172,0.05882825329899788,0.06448812782764435,0.06713136285543442,0.05726756900548935,0.07626660913228989,0.07446131855249405,0.06776493787765503,0.5220946073532104,0.49535518884658813,0.5018061995506287,True,True,0.058119989931583405,0.4059198796749115,0.8066939115524292,0.01263695489615202,0.06448812782764435,0.16738082468509674
gaussian_medium,173,0.05882825329899788,0.05530258268117905,0.03800707310438156,0.04154811054468155,0.06165451183915138,0.044997166842222214,0.04682348668575287,0.1678898185491562,0.11553560197353363,0.13049182295799255,False,True,0.1525273621082306,0.4310208261013031,0.7225100994110107,0.019120587036013603,0.05530258268117905,0.11062131077051163
gaussian_medium,174,0.05882825329899788,0.0680345892906189,0.0583573579788208,0.050804585218429565,0.0744103267788887,0.06160423904657364,0.057323139160871506,0.21001946926116943,0.11859592795372009,0.13666164875030518,True,True,0.13366112112998962,0.35817277431488037,0.7993230223655701,0.013176949694752693,0.0680345892906189,0.11838877201080322
gaussian_medium,175,0.05882825329899788,0.06515919417142868,0.04717748612165451,0.05102960392832756,0.07146646827459335,0.05472075194120407,0.056802649050951004,0.17883147299289703,0.1137150451540947,0.12899072468280792,False,True,0.14595389366149902,0.3745294511318207,0.8109995722770691,0.01232379674911499,0.06515919417142868,0.11321288347244263
gaussian_medium,176,0.05882825329899788,0.06126191094517708,0.0493740551173687,0.04551775008440018,0.06611419469118118,0.054178401827812195,0.05104151740670204,0.17015467584133148,0.09225210547447205,0.10728274285793304,True,True,0.13246425986289978,0.3839077353477478,0.7968193292617798,0.01336150523275137,0.06126191094517708,0.11891792714595795
gaussian_medium,177,0.05882825329899788,0.06333308666944504,0.07165707647800446,0.05416961759328842,0.070398710668087,0.07531188428401947,0.06041455268859863,0.24347755312919617,0.18129032850265503,0.18756087124347687,True,True,0.06441619992256165,0.38055431842803955,0.6931937336921692,0.021557362750172615,0.06333308666944504,0.16133002936840057
gaussian_medium,178,0.05882825329899788,0.06996317207813263,0.05996255204081535,0.058532118797302246,0.07744736969470978,0.06548523902893066,0.06432369351387024,0.19549334049224854,0.13095834851264954,0.14207881689071655,True,True,0.094807930290699,0.3549935519695282,0.7275060415267944,0.018715206533670425,0.06996317207813263,0.1385936141014099
gaussian_medium,179,0.05882825329899788,0.05731259658932686,0.04179476574063301,0.040293432772159576,0.0641988217830658,0.050491947680711746,0.04875931516289711,0.16887448728084564,0.0891164168715477,0.11861942708492279,True,True,0.10198600590229034,0.42103543877601624,0.8283998966217041,0.011074962094426155,0.05731259658932686,0.13430017232894897
gaussian_medium,180,0.05882825329899788,0.07600606232881546,0.060735560953617096,0.062436141073703766,0.08060850948095322,0.07137839496135712,0.06945719569921494,0.4861215651035309,0.4542590081691742,0.4605744481086731,False,True,0.08571961522102356,0.30279913544654846,0.681590735912323,0.022550394758582115,0.07600606232881546,0.1445218175649643
gaussian_medium,181,0.05882825329899788,0.06523136049509048,0.06223435327410698,0.0568193718791008,0.07312249392271042,0.06730491667985916,0.06273556500673294,0.21805299818515778,0.15398675203323364,0.15902671217918396,True,True,0.06928876787424088,0.37649306654930115,0.7440782189369202,0.017390169203281403,0.06523136049509048,0.15704040229320526
gaussian_medium,182,0.05882825329899788,0.05938028544187546,0.06460906565189362,0.049877338111400604,0.06872458010911942,0.07248125970363617,0.05758830904960632,0.18839304149150848,0.10860344022512436,0.12592974305152893,True,True,0.08439349383115768,0.4239988923072815,0.7668031454086304,0.015620383433997631,0.05938028544187546,0.1454390287399292
gaussian_medium,183,0.05882825329899788,0.07407162338495255,0.06255266815423965,0.0529966726899147,0.08220779895782471,0.0717373788356781,0.06429769098758698,0.2250436246395111,0.12769782543182373,0.14871123433113098,True,True,0.07935658097267151,0.3382117748260498,0.8399130702018738,0.010262995027005672,0.07407162338495255,0.1490592658519745
gaussian_medium,184,0.05882825329899788,0.0715017318725586,0.04396634176373482,0.04833381995558739,0.07698065042495728,0.05062530189752579,0.053769052028656006,0.2166329175233841,0.12410449981689453,0.14252477884292603,False,True,0.1441994607448578,0.33541184663772583,0.7274280786514282,0.018721511587500572,0.0715017318725586,0.1139243096113205
gaussian_medium,185,0.05882825329899788,0.060521721839904785,0.09444858133792877,0.06337474286556244,0.06720143556594849,0.09597987681627274,0.06958558410406113,0.19737841188907623,0.10286480188369751,0.13018377125263214,True,False,0.1376340389251709,0.4036293625831604,0.7270551323890686,0.018751680850982666,0.060521721839904785,0.11666566133499146
gaussian_medium,186,0.05882825329899788,0.06369609385728836,0.041596733033657074,0.03901119902729988,0.07375574856996536,0.04561923071742058,0.045733872801065445,0.21611140668392181,0.1202138364315033,0.13980016112327576,True,True,0.11874155700206757,0.40657973289489746,0.8516554236412048,0.009446244686841965,0.06369609385728836,0.12535159289836884
gaussian_medium,187,0.05882825329899788,0.06392177939414978,0.06584110110998154,0.060716886073350906,0.07138048857450485,0.07392188906669617,0.06948533654212952,0.19582344591617584,0.14841203391551971,0.16789314150810242,True,True,0.10110051929950714,0.3856072723865509,0.7992907166481018,0.013179326429963112,0.06392177939414978,0.13481317460536957
gaussian_medium,188,0.05882825329899788,0.0653810128569603,0.07062329351902008,0.054834891110658646,0.07349348813295364,0.0784211978316307,0.06294779479503632,0.5364596843719482,0.5118590593338013,0.5241445302963257,True,True,0.1165720745921135,0.3839505612850189,0.8975870609283447,0.006356107071042061,0.0653810128569603,0.12643635272979736
gaussian_medium,189,0.05882825329899788,0.06656162440776825,0.0624065026640892,0.053115129470825195,0.07813990861177444,0.07082921266555786,0.06440921127796173,0.2054511308670044,0.16636505722999573,0.16928650438785553,True,True,0.06468336284160614,0.3975364863872528,0.938847541809082,0.0037121898494660854,0.06656162440776825,0.1610865294933319
gaussian_medium,190,0.05882825329899788,0.06759876757860184,0.05484272167086601,0.04799559712409973,0.07977614551782608,0.06403423100709915,0.058801744133234024,0.23341520130634308,0.15196458995342255,0.16519534587860107,True,True,0.08040324598550797,0.3918413817882538,0.844290018081665,0.009957225061953068,0.06759876757860184,0.14828841388225555
gaussian_medium,191,0.05882825329899788,0.06463374197483063,0.03988609462976456,0.04012298211455345,0.07102222740650177,0.044849496334791183,0.045343220233917236,0.5178936719894409,0.5086062550544739,0.5057297945022583,False,True,0.12882232666015625,0.37680840492248535,0.8417843580245972,0.010132074356079102,0.06463374197483063,0.1205579861998558
gaussian_medium,192,0.05882825329899788,0.05859602615237236,0.049547724425792694,0.04620164632797241,0.07080045342445374,0.05573970824480057,0.0543808676302433,0.19144706428050995,0.1262410581111908,0.14254651963710785,True,True,0.05108742415904999,0.44047975540161133,0.8951891660690308,0.006513478700071573,0.05859602615237236,0.17496798932552338
gaussian_medium,193,0.05882825329899788,0.0729748010635376,0.06116018816828728,0.05547098070383072,0.08026672899723053,0.07251931726932526,0.06796088069677353,0.2153068631887436,0.14217901229858398,0.14895503222942352,True,True,0.07761242985725403,0.3360051214694977,0.7034590244293213,0.020692583173513412,0.0729748010635376,0.1503666490316391
gaussian_medium,194,0.05882825329899788,0.06374062597751617,0.07077047973871231,0.05909924954175949,0.06858031451702118,0.074215829372406,0.0640801340341568,0.181137815117836,0.11621104925870895,0.13697922229766846,True,True,0.15748301148414612,0.37151598930358887,0.8238592147827148,0.011398306116461754,0.06374062597751617,0.10874035954475403
gaussian_medium,195,0.05882825329899788,0.054165881127119064,0.033249448984861374,0.029515374451875687,0.06234164908528328,0.037549931555986404,0.034948188811540604,0.19605009257793427,0.08978640288114548,0.11339694261550903,True,True,0.09256316721439362,0.4485209584236145,0.8163525462150574,0.011936780996620655,0.054165881127119064,0.1400032341480255
gaussian_medium,196,0.05882825329899788,0.06728403270244598,0.06673900038003922,0.05683363601565361,0.07599834352731705,0.07341271638870239,0.06607697159051895,0.20604805648326874,0.11288564652204514,0.14062301814556122,True,True,0.1228329986333847,0.37908005714416504,0.8132014870643616,0.012164292857050896,0.06728403270244598,0.12335869669914246
gaussian_medium,197,0.05882825329899788,0.08035345375537872,0.0710105448961258,0.059077221900224686,0.08750757575035095,0.07508935034275055,0.06797023117542267,0.37158194184303284,0.30306491255760193,0.3076930642127991,True,True,0.09146048128604889,0.30508512258529663,0.8873881697654724,0.0070283738896250725,0.08035345375537872,0.14070825278759003
gaussian_medium,198,0.05882825329899788,0.05049503594636917,0.039951927959918976,0.03355064243078232,0.060940880328416824,0.043670523911714554,0.03908448666334152,0.15798316895961761,0.0904984399676323,0.10546337068080902,True,True,0.11988137662410736,0.49127936363220215,0.8930411338806152,0.006654807366430759,0.05049503594636917,0.12478958815336227
gaussian_medium,199,0.05882825329899788,0.06212310865521431,0.0865098312497139,0.06458717584609985,0.06970205903053284,0.09424205869436264,0.07318330556154251,0.47281786799430847,0.43846219778060913,0.44446125626564026,True,False,0.10932967066764832,0.39621591567993164,0.7103185057640076,0.020121723413467407,0.06212310865521431,0.13020971417427063
drift_medium,0,0.01567825675010681,0.016536012291908264,0.029673123732209206,0.023324551060795784,0.019529249519109726,0.03176923841238022,0.02647622488439083,0.2064155638217926,0.20213845372200012,0.20189502835273743,True,False,0.11552509665489197,0.42489156126976013,1.0,0.0,0.016536012291908264,0.03383787348866463
drift_medium,1,0.01567825675010681,0.021085400134325027,0.02846245840191841,0.023770328611135483,0.024120651185512543,0.03363949805498123,0.030255872756242752,0.11570431292057037,0.11292458325624466,0.11328329145908356,True,False,0.05198214203119278,0.340972900390625,1.0,0.0,0.021085400134325027,0.04635833203792572
drift_medium,2,0.01567825675010681,0.014531794004142284,0.07471559941768646,0.049089908599853516,0.015438363887369633,0.0790054127573967,0.052911657840013504,0.5181718468666077,0.5224591493606567,0.5231931805610657,True,False,0.1951483190059662,0.4201020300388336,1.0,0.0,0.014531794004142284,0.02561819925904274
drift_medium,3,0.01567825675010681,0.017189767211675644,0.03177633136510849,0.025191688910126686,0.021672323346138,0.0354001522064209,0.030414240434765816,0.09757091104984283,0.0916363000869751,0.09401217848062515,True,False,0.059600234031677246,0.444308340549469,1.0,0.0,0.017189767211675644,0.04421418532729149
drift_medium,4,0.01567825675010681,0.008927764371037483,0.023601338267326355,0.010400747880339622,0.009696181863546371,0.029024260118603706,0.013423911295831203,0.07271359115839005,0.07347147911787033,0.07197774946689606,True,False,0.43350473046302795,0.5838794112205505,1.0,0.0,0.008927764371037483,0.013104710727930069
drift_medium,5,0.01567825675010681,0.016184139996767044,0.03369569033384323,0.024690235033631325,0.018496396020054817,0.03674725815653801,0.02766854129731655,0.0932028740644455,0.09015451371669769,0.08979371190071106,True,False,0.13364219665527344,0.4172976613044739,1.0,0.0,0.016184139996767044,0.03155389055609703
drift_medium,6,0.01567825675010681,0.02081143483519554,0.02278716489672661,0.02072424255311489,0.023446496576070786,0.025107596069574356,0.02297099120914936,0.5256021618843079,0.5204480886459351,0.5206921100616455,True,True,0.0794513076543808,0.3333066403865814,1.0,0.0,0.02081143483519554,0.03970692306756973
drift_medium,7,0.01567825675010681,0.023107971996068954,0.027337605133652687,0.023783426731824875,0.027399439364671707,0.03025222383439541,0.02715851552784443,0.2454761117696762,0.23708666861057281,0.2370660901069641,True,False,0.054671961814165115,0.3347558379173279,1.0,0.0,0.023107971996068954,0.0455673523247242
drift_medium,8,0.01567825675010681,0.022240186110138893,0.03436979651451111,0.02878127619624138,0.02544287033379078,0.036520276218652725,0.031296487897634506,0.15164320170879364,0.14913399517536163,0.15011687576770782,True,False,0.062162864953279495,0.3217464089393616,1.0,0.0,0.022240186110138893,0.0435541570186615
drift_medium,9,0.01567825675010681,0.014273817650973797,0.04603012651205063,0.03291241452097893,0.01694289967417717,0.05097509175539017,0.03986721485853195,0.07649199664592743,0.07243677228689194,0.07553473114967346,True,False,0.15062913298606873,0.4714069962501526,1.0,0.0,0.014273817650973797,0.029677914455533028
drift_medium,10,0.01567825675010681,0.010188296437263489,0.019518107175827026,0.009912538342177868,0.012134399265050888,0.020582089200615883,0.011329651810228825,0.10781606286764145,0.10333678871393204,0.10529490560293198,True,True,0.18749915063381195,0.5667965412139893,1.0,0.0,0.010188296437263489,0.026245102286338806
drift_medium,11,0.01567825675010681,0.01539901178330183,0.02803916111588478,0.01615789718925953,0.017628362402319908,0.03072535991668701,0.01985383778810501,0.4846763610839844,0.5034980773925781,0.4929982125759125,True,False,0.08886852115392685,0.4288994371891022,1.0,0.0,0.01539901178330183,0.03795074671506882
drift_medium,12,0.01567825675010681,0.010337733663618565,0.025617077946662903,0.016593648120760918,0.011654982343316078,0.02807726338505745,0.018702493980526924,0.4266543686389923,0.42197564244270325,0.42499375343322754,True,False,0.312678724527359,0.5491377115249634,1.0,0.0,0.010337733663618565,0.018227212131023407
drift_medium,13,0.01567825675010681,0.015380037017166615,0.038593195378780365,0.021841613575816154,0.01831626705825329,0.04103594645857811,0.025296689942479134,0.08177865296602249,0.04546549543738365,0.0532660111784935,True,False,0.0867038294672966,0.4398760199546814,1.0,0.0,0.015380037017166615,0.03833736851811409
drift_medium,14,0.01567825675010681,0.02187788300216198,0.02464311756193638,0.020914338529109955,0.02409776858985424,0.02638550102710724,0.023527787998318672,0.12502889335155487,0.1278177946805954,0.12767808139324188,True,True,0.08891202509403229,0.3083812892436981,1.0,0.0,0.02187788300216198,0.037943072617053986
drift_medium,15,0.01567825675010681,0.014474940486252308,0.01773480512201786,0.014315162785351276,0.015939896926283836,0.020303228870034218,0.01589060202240944,0.09601913392543793,0.09560274332761765,0.09633535891771317,True,True,0.15280042588710785,0.43459421396255493,1.0,0.0,0.014474940486252308,0.02945352904498577
drift_medium,16,0.01567825675010681,0.02377709560096264,0.03188019245862961,0.02976403757929802,0.02560499683022499,0.03684161230921745,0.034280963242053986,0.16676919162273407,0.16082218289375305,0.16218186914920807,True,False,0.10133421421051025,0.2746521532535553,1.0,0.0,0.02377709560096264,0.03589272126555443
drift_medium,17,0.01567825675010681,0.016595283523201942,0.041858818382024765,0.03033311292529106,0.018581636250019073,0.04434314742684364,0.03381010517477989,0.11221238225698471,0.10473039001226425,0.10776074230670929,True,False,0.14804784953594208,0.40335607528686523,1.0,0.0,0.016595283523201942,0.029948916286230087
drift_medium,18,0.01567825675010681,0.01722937822341919,0.031743235886096954,0.024706976488232613,0.019223136827349663,0.03474201634526253,0.028685100376605988,0.26790866255760193,0.27496299147605896,0.2730729281902313,True,False,0.14146120846271515,0.3874211609363556,1.0,0.0,0.01722937822341919,0.030662432312965393
drift_medium,19,0.01567825675010681,0.012869710102677345,0.02628389559686184,0.013202724978327751,0.016072185710072517,0.03015829250216484,0.015037618577480316,0.5751690864562988,0.5602683424949646,0.5671544075012207,True,False,0.12715637683868408,0.5137085318565369,1.0,0.0,0.012869710102677345,0.0323338583111763
drift_medium,20,0.01567825675010681,0.023376625031232834,0.026815587654709816,0.02212800458073616,0.025195946916937828,0.028855154290795326,0.024146592244505882,0.09135632961988449,0.0906742736697197,0.08977194875478745,True,True,0.09900547564029694,0.2752529978752136,1.0,0.0,0.023376625031232834,0.03625722602009773
drift_medium,21,0.01567825675010681,0.03531065210700035,0.03862319514155388,0.035969123244285583,0.03886023536324501,0.041286490857601166,0.038629431277513504,0.11798332631587982,0.09880566596984863,0.10055672377347946,True,False,0.024922877550125122,0.18567335605621338,1.0,0.0,0.03531065210700035,0.05788363888859749
drift_medium,22,0.01567825675010681,0.01347572822123766,0.01217199582606554,0.011460487730801105,0.014929092489182949,0.013705712743103504,0.013024956919252872,0.0710243210196495,0.07020026445388794,0.06934701651334763,True,True,0.22350440919399261,0.4615323543548584,1.0,0.0,0.01347572822123766,0.023491110652685165
drift_medium,23,0.01567825675010681,0.009009282104671001,0.015236196108162403,0.007872864603996277,0.010039610788226128,0.01722683198750019,0.009177307598292828,0.4255187511444092,0.4139695465564728,0.42056652903556824,True,True,0.25038909912109375,0.5846802592277527,1.0,0.0,0.009009282104671001,0.021710295230150223
drift_medium,24,0.01567825675010681,0.015629243105649948,0.020811064168810844,0.018275219947099686,0.01743260771036148,0.023625032976269722,0.020685095340013504,0.08438487350940704,0.07473599910736084,0.07872498780488968,True,False,0.12381419539451599,0.4153316915035248,1.0,0.0,0.015629243105649948,0.03275145962834358
drift_medium,25,0.01567825675010681,0.009505518712103367,0.033616505563259125,0.015301709063351154,0.011472535319626331,0.03544145077466965,0.01748618856072426,0.10057321190834045,0.09897744655609131,0.09985122084617615,True,False,0.20535919070243835,0.5875753164291382,1.0,0.0,0.009505518712103367,0.024818597361445427
drift_medium,26,0.01567825675010681,0.02396518737077713,0.01558434683829546,0.012162975035607815,0.025606414303183556,0.01711869053542614,0.013703219592571259,0.0773484855890274,0.07971130311489105,0.07897017151117325,True,True,0.07927031069993973,0.26218873262405396,1.0,0.0,0.02396518737077713,0.03974268212914467
drift_medium,27,0.01567825675010681,0.024277906864881516,0.038913507014513016,0.03619081526994705,0.026983747258782387,0.04557539150118828,0.04256926476955414,0.1046895906329155,0.10468651354312897,0.10402954369783401,True,False,0.08776289969682693,0.2869868278503418,1.0,0.0,0.024277906864881516,0.03814702481031418
drift_medium,28,0.01567825675010681,0.025474250316619873,0.032703034579753876,0.029718458652496338,0.027740370482206345,0.036624785512685776,0.03448452800512314,0.35516196489334106,0.36123234033584595,0.3609912693500519,True,False,0.07381177693605423,0.2611300051212311,1.0,0.0,0.025474250316619873,0.04086125269532204
drift_medium,29,0.01567825675010681,0.005397857632488012,0.015757566317915916,0.006009787321090698,0.006326788105070591,0.019215362146496773,0.007044252008199692,0.21571475267410278,0.21741288900375366,0.2163916677236557,True,False,0.4647861421108246,0.7239977121353149,1.0,0.0,0.005397857632488012,0.012012333609163761
drift_medium,30,0.01567825675010681,0.011954015120863914,0.031983669847249985,0.020489918068051338,0.01298919040709734,0.036522626876831055,0.024080883711576462,0.05550265312194824,0.028886375948786736,0.03967880457639694,True,False,0.2774956226348877,0.492621511220932,1.0,0.0,0.011954015120863914,0.020098743960261345
drift_medium,31,0.01567825675010681,0.014279286377131939,0.018704097718000412,0.015702789649367332,0.015485304407775402,0.020453769713640213,0.017514510080218315,0.08330340683460236,0.07713683694601059,0.07909996062517166,True,False,0.24353455007076263,0.4343797564506531,1.0,0.0,0.014279286377131939,0.022145481780171394
drift_medium,32,0.01567825675010681,0.010975005105137825,0.03607231378555298,0.023067964240908623,0.01311070378869772,0.04462786018848419,0.03205814212560654,0.045868054032325745,0.02532518468797207,0.03467552736401558,True,False,0.2238280177116394,0.5505874156951904,1.0,0.0,0.010975005105137825,0.02346842736005783
drift_medium,33,0.01567825675010681,0.015535501763224602,0.05884135887026787,0.04009363800287247,0.017632557079195976,0.06300956010818481,0.046526432037353516,0.4848332107067108,0.4745023846626282,0.47644785046577454,True,False,0.16244862973690033,0.4273706078529358,1.0,0.0,0.015535501763224602,0.02849356085062027
drift_medium,34,0.01567825675010681,0.022948022931814194,0.03165323659777641,0.025778749957680702,0.02552177384495735,0.037484049797058105,0.03265843912959099,0.06346115469932556,0.036867689341306686,0.04626232013106346,True,False,0.09220840781927109,0.2988012433052063,1.0,0.0,0.022948022931814194,0.037372320890426636
drift_medium,35,0.01567825675010681,0.013241374865174294,0.014708289876580238,0.011322486214339733,0.014879073016345501,0.016307346522808075,0.013101253658533096,0.11905831843614578,0.11417751014232635,0.11630664765834808,True,True,0.20997928082942963,0.4727293848991394,1.0,0.0,0.013241374865174294,0.024469783529639244
drift_medium,36,0.01567825675010681,0.02784580923616886,0.058433979749679565,0.048816706985235214,0.033011093735694885,0.06236196309328079,0.05618118494749069,0.0941912904381752,0.08504313975572586,0.08933032304048538,True,False,0.04598172754049301,0.31021520495414734,1.0,0.0,0.02784580923616886,0.04828136786818504
drift_medium,37,0.01567825675010681,0.009052416309714317,0.030889173969626427,0.017408378422260284,0.010749774053692818,0.03295290097594261,0.02067106030881405,0.05764614790678024,0.05041688308119774,0.05709083378314972,True,False,0.3103625476360321,0.6005607843399048,1.0,0.0,0.009052416309714317,0.018343782052397728
drift_medium,38,0.01567825675010681,0.0068565793335437775,0.021731199696660042,0.008162060752511024,0.007975204847753048,0.026122692972421646,0.010008946061134338,0.10875022411346436,0.11072631925344467,0.10971137881278992,True,False,0.31787109375,0.6664066314697266,1.0,0.0,0.0068565793335437775,0.017968997359275818
drift_medium,39,0.01567825675010681,0.02031262218952179,0.04023415967822075,0.03424442932009697,0.021954290568828583,0.04359292611479759,0.03771856799721718,0.06537873297929764,0.06452260911464691,0.06392862647771835,True,False,0.1533501148223877,0.3241724371910095,1.0,0.0,0.02031262218952179,0.029397226870059967
drift_medium,40,0.01567825675010681,0.01886359043419361,0.03833390772342682,0.02707633748650551,0.021319672465324402,0.042045462876558304,0.0310724675655365,0.1000368595123291,0.10121085494756699,0.10063579678535461,True,False,0.12059257179498672,0.36316758394241333,1.0,0.0,0.01886359043419361,0.03316480666399002
drift_medium,41,0.01567825675010681,0.007941678166389465,0.01181978639215231,0.005584058351814747,0.009249403141438961,0.014029472135007381,0.007020814344286919,0.22999325394630432,0.22829826176166534,0.23026613891124725,True,True,0.2926231920719147,0.6292701363563538,1.0,0.0,0.007941678166389465,0.019266532734036446
drift_medium,42,0.01567825675010681,0.03117031417787075,0.03559837117791176,0.03400971367955208,0.03347806632518768,0.0385337769985199,0.036926548928022385,0.16323037445545197,0.16198787093162537,0.16216832399368286,True,False,0.04785778746008873,0.19692876935005188,1.0,0.0,0.03117031417787075,0.047654397785663605
drift_medium,43,0.01567825675010681,0.018947910517454147,0.009934687986969948,0.008280069567263126,0.021817490458488464,0.012197869829833508,0.010172740556299686,0.532224714756012,0.5380738377571106,0.5375066995620728,True,True,0.10901583731174469,0.37524306774139404,1.0,0.0,0.018947910517454147,0.03474712744355202
drift_medium,44,0.01567825675010681,0.005705818999558687,0.016686778515577316,0.006537684705108404,0.00650248397141695,0.020238690078258514,0.008192498236894608,0.07488756626844406,0.07442037016153336,0.07372342050075531,True,False,0.480358362197876,0.7086787819862366,1.0,0.0,0.005705818999558687,0.011495656333863735
drift_medium,45,0.01567825675010681,0.010938800871372223,0.04985282942652702,0.031263332813978195,0.011929646134376526,0.0552290640771389,0.035440217703580856,0.08164733648300171,0.08103736490011215,0.08354254066944122,True,False,0.3121294379234314,0.5226148962974548,1.0,0.0,0.010938800871372223,0.018254779279232025
drift_medium,46,0.01567825675010681,0.014412283897399902,0.029335420578718185,0.021771535277366638,0.017340464517474174,0.032548338174819946,0.026492545381188393,0.22164404392242432,0.22755280137062073,0.2269756942987442,True,False,0.11351778358221054,0.4695722460746765,1.0,0.0,0.014412283897399902,0.034112684428691864
drift_medium,47,0.01567825675010681,0.014143891632556915,0.03627284988760948,0.026848014444112778,0.01592443324625492,0.04038287699222565,0.031271543353796005,0.0661802887916565,0.06959803402423859,0.06795170903205872,True,False,0.16229231655597687,0.4524540901184082,1.0,0.0,0.014143891632556915,0.028508653864264488
drift_medium,48,0.01567825675010681,0.025914903730154037,0.01615658961236477,0.012375807389616966,0.02838689275085926,0.01799311861395836,0.014408700168132782,0.23656214773654938,0.2498052567243576,0.2491990327835083,True,True,0.07076700776815414,0.2613520324230194,1.0,0.0,0.025914903730154037,0.04152170568704605
drift_medium,49,0.01567825675010681,0.01741790398955345,0.0565786249935627,0.04098590090870857,0.02136988751590252,0.06599503010511398,0.05421072989702225,0.5193682909011841,0.5102558135986328,0.5152958035469055,True,False,0.06555970013141632,0.43121546506881714,1.0,0.0,0.01741790398955345,0.04272002354264259
drift_medium,50,0.01567825675010681,0.028854403644800186,0.025740008801221848,0.022574927657842636,0.030598336830735207,0.027370670810341835,0.02406865917146206,0.06478901952505112,0.05856632441282272,0.05864039435982704,True,True,0.0651092603802681,0.2065880000591278,1.0,0.0,0.028854403644800186,0.042828112840652466
drift_medium,51,0.01567825675010681,0.02535412274301052,0.02968156896531582,0.026984188705682755,0.029291223734617233,0.03584587574005127,0.0345524437725544,0.0734642818570137,0.07055486738681793,0.07215733081102371,True,False,0.04423375800251961,0.2915938198566437,1.0,0.0,0.02535412274301052,0.04888899251818657
drift_medium,52,0.01567825675010681,0.01150797214359045,0.054172247648239136,0.03439447656273842,0.013130493462085724,0.0628160685300827,0.04265132546424866,0.2145691066980362,0.22536323964595795,0.2250690460205078,True,False,0.24020232260227203,0.5193608999252319,1.0,0.0,0.01150797214359045,0.02236148528754711
drift_medium,53,0.01567825675010681,0.008905930444598198,0.06267304718494415,0.02997940219938755,0.009905960410833359,0.06761256605386734,0.03351917117834091,0.10188646614551544,0.09718777984380722,0.10067572444677353,True,False,0.3389197885990143,0.5889772176742554,1.0,0.0,0.008905930444598198,0.016963744536042213
drift_medium,54,0.01567825675010681,0.02555757761001587,0.05148816108703613,0.04364033788442612,0.02861439809203148,0.055215489119291306,0.047840576618909836,0.14536280930042267,0.14521242678165436,0.145302876830101,True,False,0.052873048931360245,0.2709716260433197,1.0,0.0,0.02555757761001587,0.04609190300107002
drift_medium,55,0.01567825675010681,0.021905386820435524,0.0656626895070076,0.055380962789058685,0.02431674860417843,0.07331320643424988,0.06408180296421051,0.17221225798130035,0.16945093870162964,0.16919131577014923,True,False,0.08544743806123734,0.3146495223045349,1.0,0.0,0.021905386820435524,0.0385662205517292
drift_medium,56,0.01567825675010681,0.017580287531018257,0.042519710958004,0.03290264680981636,0.021221674978733063,0.04781153053045273,0.03987155482172966,0.06681983172893524,0.06320762634277344,0.06355329602956772,True,False,0.10721974074840546,0.4215400218963623,1.0,0.0,0.017580287531018257,0.03500758484005928
drift_medium,57,0.01567825675010681,0.01730109006166458,0.02873056009411812,0.022479137405753136,0.019001640379428864,0.03040817193686962,0.02478141337633133,0.10673537850379944,0.10072481632232666,0.10248902440071106,True,False,0.17808441817760468,0.38385722041130066,1.0,0.0,0.01730109006166458,0.02705279365181923
drift_medium,58,0.01567825675010681,0.014405691996216774,0.0337994210422039,0.02124677039682865,0.016151055693626404,0.03830653056502342,0.025409536436200142,0.0468217134475708,0.02727203071117401,0.033418331295251846,True,False,0.17772965133190155,0.4443368911743164,1.0,0.0,0.014405691996216774,0.02708405815064907
drift_medium,59,0.01567825675010681,0.012227886356413364,0.013006387278437614,0.008462385274469852,0.014354784041643143,0.01503884419798851,0.009550494141876698,0.08420862257480621,0.08767779171466827,0.08430483192205429,True,True,0.15825693309307098,0.5067647695541382,1.0,0.0,0.012227886356413364,0.028903421014547348
drift_medium,60,0.01567825675010681,0.020913776010274887,0.02472042664885521,0.021670814603567123,0.02264312468469143,0.026821210980415344,0.02376125194132328,0.32462260127067566,0.3220561444759369,0.32326677441596985,True,False,0.10980929434299469,0.3107757568359375,1.0,0.0,0.020913776010274887,0.03463342785835266
drift_medium,61,0.01567825675010681,0.01968301460146904,0.025083675980567932,0.021917711943387985,0.020711783319711685,0.02824619598686695,0.02449619770050049,0.14305882155895233,0.14040417969226837,0.14113786816596985,True,False,0.1685795783996582,0.3158308267593384,1.0,0.0,0.01968301460146904,0.027912743389606476
drift_medium,62,0.01567825675010681,0.027730848640203476,0.029681244865059853,0.025462517514824867,0.03358878940343857,0.03451184555888176,0.03180413693189621,0.0839521735906601,0.04578861966729164,0.05293911695480347,True,True,0.02713184617459774,0.3211926519870758,1.0,0.0,0.027730848640203476,0.056552208960056305
drift_medium,63,0.01567825675010681,0.011099440976977348,0.015297427773475647,0.009666729718446732,0.01381359901279211,0.017317799851298332,0.012535028159618378,0.08424029499292374,0.08503623306751251,0.08602553606033325,True,True,0.16757752001285553,0.5558114647865295,1.0,0.0,0.011099440976977348,0.028006214648485184
drift_medium,64,0.01567825675010681,0.016708383336663246,0.02898355945944786,0.0155929084867239,0.018263759091496468,0.032571375370025635,0.018258217722177505,0.06503058224916458,0.06259697675704956,0.06372403353452682,True,True,0.1483820229768753,0.3866814970970154,1.0,0.0,0.016708383336663246,0.029913567006587982
drift_medium,65,0.01567825675010681,0.007152928970754147,0.034299664199352264,0.012620225548744202,0.008282861672341824,0.036180391907691956,0.014368303120136261,0.11450549960136414,0.1135617047548294,0.11627257615327835,True,False,0.4051178991794586,0.6557729244232178,1.0,0.0,0.007152928970754147,0.0141665143892169
drift_medium,66,0.01567825675010681,0.033631570637226105,0.049043186008930206,0.04636033624410629,0.036252710968256,0.055307868868112564,0.05287779122591019,0.08743399381637573,0.059090182185173035,0.06285376101732254,True,False,0.03907931596040726,0.17861256003379822,1.0,0.0,0.033631570637226105,0.050831448286771774
drift_medium,67,0.01567825675010681,0.01200458686798811,0.04934171214699745,0.0307584460824728,0.014104995876550674,0.05570298805832863,0.036996323615312576,0.10378444939851761,0.10382620245218277,0.10067801922559738,True,False,0.1784515529870987,0.5142983794212341,1.0,0.0,0.01200458686798811,0.02702050656080246
drift_medium,68,0.01567825675010681,0.011625135317444801,0.012029143050312996,0.008904194459319115,0.013240846805274487,0.014434397220611572,0.010631169192492962,0.08097591251134872,0.07754030078649521,0.07918364554643631,True,True,0.2234649956226349,0.5168443322181702,1.0,0.0,0.011625135317444801,0.023493874818086624
drift_medium,69,0.01567825675010681,0.02150435373187065,0.051830094307661057,0.04489097744226456,0.02742227539420128,0.0649091973900795,0.06071528047323227,0.21374206244945526,0.2072678804397583,0.20769071578979492,True,False,0.05679323151707649,0.41306084394454956,1.0,0.0,0.02150435373187065,0.044970542192459106
drift_medium,70,0.01567825675010681,0.02385559491813183,0.017625674605369568,0.01681661605834961,0.027455570176243782,0.019847791641950607,0.018861599266529083,0.330632746219635,0.3179076015949249,0.3209790289402008,True,True,0.047460101544857025,0.30735570192337036,1.0,0.0,0.02385559491813183,0.04778522253036499
drift_medium,71,0.01567825675010681,0.01585599035024643,0.019047092646360397,0.014492440037429333,0.017162280157208443,0.02124272659420967,0.016591282561421394,0.5059902667999268,0.49734678864479065,0.4990186095237732,True,True,0.16596673429012299,0.3983779847621918,1.0,0.0,0.01585599035024643,0.02815764583647251
drift_medium,72,0.01567825675010681,0.012053757905960083,0.04427448660135269,0.031630292534828186,0.013286986388266087,0.05641878768801689,0.040959034115076065,0.1387297511100769,0.1356682926416397,0.1363651305437088,True,False,0.25258752703666687,0.49428051710128784,1.0,0.0,0.012053757905960083,0.02157324180006981
drift_medium,73,0.01567825675010681,0.020928075537085533,0.01572190225124359,0.0138506218791008,0.022771120071411133,0.017876777797937393,0.016247408464550972,0.10344059765338898,0.09881122410297394,0.09923899918794632,True,True,0.12922076880931854,0.3166610896587372,1.0,0.0,0.020928075537085533,0.03208136558532715
drift_medium,74,0.01567825675010681,0.018228689208626747,0.021290721371769905,0.014003599993884563,0.02136247232556343,0.026153862476348877,0.01749350130558014,0.39326995611190796,0.3877238631248474,0.38903820514678955,True,True,0.08066736161708832,0.39740559458732605,1.0,0.0,0.018228689208626747,0.03946877643465996
drift_medium,75,0.01567825675010681,0.02514825202524662,0.04687191918492317,0.041036270558834076,0.028022147715091705,0.052476704120635986,0.04730744659900665,0.06756578385829926,0.03278323635458946,0.039604391902685165,True,False,0.057706329971551895,0.2761063277721405,1.0,0.0,0.02514825202524662,0.04472047835588455
drift_medium,76,0.01567825675010681,0.009664904326200485,0.030059512704610825,0.014802332036197186,0.011049535125494003,0.03210803121328354,0.016383441165089607,0.06719305366277695,0.06658391654491425,0.06937042623758316,True,False,0.19820895791053772,0.5688210129737854,1.0,0.0,0.009664904326200485,0.025374215096235275
drift_medium,77,0.01567825675010681,0.015579549595713615,0.018100354820489883,0.011806348338723183,0.01831660605967045,0.019610702991485596,0.014095980674028397,0.06319551169872284,0.06156177446246147,0.06201919913291931,True,True,0.12661878764629364,0.44521036744117737,1.0,0.0,0.015579549595713615,0.032400283962488174
drift_medium,78,0.01567825675010681,0.016774959862232208,0.03596445545554161,0.027952030301094055,0.019769495353102684,0.04343613237142563,0.036818474531173706,0.05004703998565674,0.02909238263964653,0.033972933888435364,True,False,0.12210428714752197,0.4252118468284607,1.0,0.0,0.016774959862232208,0.03296948969364166
drift_medium,79,0.01567825675010681,0.020151246339082718,0.022375747561454773,0.017400600016117096,0.022308215498924255,0.02389860898256302,0.019947217777371407,0.07850100100040436,0.07337290048599243,0.07536402344703674,True,True,0.10195527970790863,0.336776465177536,1.0,0.0,0.020151246339082718,0.03579692542552948
drift_medium,80,0.01567825675010681,0.01884213089942932,0.03447940573096275,0.024211818352341652,0.020047754049301147,0.04074285179376602,0.029307346791028976,0.06045347452163696,0.033608682453632355,0.039314672350883484,True,False,0.15922799706459045,0.33518949151039124,1.0,0.0,0.01884213089942932,0.028807513415813446
drift_medium,81,0.01567825675010681,0.016086498275399208,0.012800870463252068,0.008838839828968048,0.01957857608795166,0.014059637673199177,0.010886444710195065,0.1808483898639679,0.1785498708486557,0.1800130307674408,True,True,0.11066803336143494,0.4507828652858734,1.0,0.0,0.016086498275399208,0.034511297941207886
drift_medium,82,0.01567825675010681,0.019221492111682892,0.056479860097169876,0.04621446505188942,0.021478641778230667,0.06297965347766876,0.052665527909994125,0.20976263284683228,0.197526752948761,0.20029520988464355,True,False,0.10627071559429169,0.35642895102500916,1.0,0.0,0.019221492111682892,0.03514697402715683
drift_medium,83,0.01567825675010681,0.04755106940865517,0.025086328387260437,0.024004820734262466,0.05085349082946777,0.030044427141547203,0.02898995392024517,0.06284687668085098,0.03814864531159401,0.03850996121764183,True,True,0.014587336219847202,0.11677074432373047,1.0,0.0,0.04755106940865517,0.06628142297267914
drift_medium,84,0.01567825675010681,0.018441462889313698,0.021333768963813782,0.018192298710346222,0.021083291620016098,0.02369355969130993,0.020932909101247787,0.2244797945022583,0.22680799663066864,0.22865335643291473,True,True,0.0964883342385292,0.3816690146923065,1.0,0.0,0.018441462889313698,0.03666098788380623
drift_medium,85,0.01567825675010681,0.014416967518627644,0.05094940587878227,0.03545236587524414,0.015087447129189968,0.053968124091625214,0.03734169527888298,0.43654805421829224,0.44297611713409424,0.4424435794353485,True,False,0.29120713472366333,0.41826096177101135,1.0,0.0,0.014416967518627644,0.019342586398124695
drift_medium,86,0.01567825675010681,0.017614029347896576,0.01879294216632843,0.01219276525080204,0.020008260384202003,0.021328754723072052,0.013166037388145924,0.1605726033449173,0.16113843023777008,0.16064049303531647,True,True,0.11969956755638123,0.3870564103126526,1.0,0.0,0.017614029347896576,0.03328133746981621
drift_medium,87,0.01567825675010681,0.009824667125940323,0.03268643841147423,0.011949075385928154,0.01071446668356657,0.03746633976697922,0.014960791915655136,0.5019857883453369,0.48796993494033813,0.5016056299209595,True,False,0.3673301041126251,0.5555521249771118,1.0,0.0,0.009824667125940323,0.015701686963438988
drift_medium,88,0.01567825675010681,0.016939863562583923,0.05481303855776787,0.04013944789767265,0.01869814842939377,0.06007137522101402,0.04637591913342476,0.06660546362400055,0.059710171073675156,0.0603579618036747,True,False,0.13985374569892883,0.38653555512428284,1.0,0.0,0.016939863562583923,0.030841609463095665
drift_medium,89,0.01567825675010681,0.020034849643707275,0.027067193761467934,0.022369051352143288,0.02333182282745838,0.02977236546576023,0.026477988809347153,0.10294035077095032,0.1049557477235794,0.10145465284585953,True,False,0.07072798907756805,0.36391952633857727,1.0,0.0,0.020034849643707275,0.04153035208582878
drift_medium,90,0.01567825675010681,0.01932232454419136,0.026946157217025757,0.02172107994556427,0.021734710782766342,0.030036145821213722,0.02500707283616066,0.4558011591434479,0.4560818374156952,0.45459893345832825,True,False,0.13453631103038788,0.36238768696784973,1.0,0.0,0.01932232454419136,0.031449347734451294
drift_medium,91,0.01567825675010681,0.011003862135112286,0.015650741755962372,0.011476544663310051,0.012087319977581501,0.018050452694296837,0.013061718083918095,0.09381663054227829,0.08646507561206818,0.08930033445358276,True,False,0.2457139492034912,0.5218214988708496,1.0,0.0,0.011003862135112286,0.022005800157785416
drift_medium,92,0.01567825675010681,0.015793757513165474,0.05285167694091797,0.03973301872611046,0.017851078882813454,0.05792867764830589,0.045462071895599365,0.09140614420175552,0.0890396311879158,0.08866565674543381,True,False,0.14264555275440216,0.41788411140441895,1.0,0.0,0.015793757513165474,0.030531717464327812
drift_medium,93,0.01567825675010681,0.018471211194992065,0.02842269279062748,0.024117834866046906,0.02044188790023327,0.03201419115066528,0.0283688772469759,0.08035268634557724,0.07833146303892136,0.07816431671380997,True,False,0.11856452375650406,0.36448949575424194,1.0,0.0,0.018471211194992065,0.033430714160203934
drift_medium,94,0.01567825675010681,0.017788056284189224,0.03876984119415283,0.031302351504564285,0.019759060814976692,0.04279359057545662,0.03559445962309837,0.33968618512153625,0.3232296109199524,0.32641518115997314,True,False,0.12169313430786133,0.37294188141822815,1.0,0.0,0.017788056284189224,0.03302237018942833
drift_medium,95,0.01567825675010681,0.02421121671795845,0.023447753861546516,0.01965862140059471,0.02700541913509369,0.02599288895726204,0.022756380960345268,0.07407137006521225,0.049347929656505585,0.05479186028242111,True,True,0.08605685085058212,0.2891252040863037,1.0,0.0,0.02421121671795845,0.038454797118902206
drift_medium,96,0.01567825675010681,0.026644349098205566,0.029213204979896545,0.025510257109999657,0.028256168588995934,0.031222928315401077,0.027301127091050148,0.09265588223934174,0.08778782188892365,0.08855922520160675,True,True,0.0861663818359375,0.22967925667762756,1.0,0.0,0.026644349098205566,0.03843485563993454
drift_medium,97,0.01567825675010681,0.013900680467486382,0.023110711947083473,0.012670216150581837,0.015670442953705788,0.027349088340997696,0.017002973705530167,0.09972010552883148,0.09471321105957031,0.09362658113241196,True,True,0.19146820902824402,0.45656123757362366,1.0,0.0,0.013900680467486382,0.025916684418916702
drift_medium,98,0.01567825675010681,0.01564750447869301,0.046649593859910965,0.030915936455130577,0.018141726031899452,0.049831364303827286,0.03382980078458786,0.12117184698581696,0.1223302036523819,0.12253983318805695,True,False,0.13879401981830597,0.43415412306785583,1.0,0.0,0.01564750447869301,0.03096086159348488
drift_medium,99,0.01567825675010681,0.007868817076086998,0.020322177559137344,0.009717294946312904,0.008511209860444069,0.02333921752870083,0.011777480132877827,0.20254217088222504,0.2125491499900818,0.20575779676437378,True,False,0.4694814682006836,0.6191787123680115,1.0,0.0,0.007868817076086998,0.011854744516313076
drift_medium,100,0.01567825675010681,0.01714233309030533,0.04655935615301132,0.03520882874727249,0.020714007318019867,0.05203870311379433,0.04228324070572853,0.5185301303863525,0.5237151384353638,0.5251296758651733,True,False,0.07987760007381439,0.4196113049983978,1.0,0.0,0.01714233309030533,0.03962302953004837
drift_medium,101,0.01567825675010681,0.0343082956969738,0.05754892900586128,0.05448291823267937,0.03729008138179779,0.06169382110238075,0.059105075895786285,0.06846367567777634,0.0664595365524292,0.0664500817656517,True,False,0.035477105528116226,0.1898769587278366,1.0,0.0,0.0343082956969738,0.05234762281179428
drift_medium,102,0.01567825675010681,0.010273340158164501,0.0494840107858181,0.024663185700774193,0.01154742669314146,0.05206797644495964,0.027761531993746758,0.0874115526676178,0.09092032164335251,0.08909638971090317,True,False,0.28421804308891296,0.5496888756752014,1.0,0.0,0.010273340158164501,0.01972346007823944
drift_medium,103,0.01567825675010681,0.017191564664244652,0.03295998275279999,0.021794822067022324,0.018084075301885605,0.03529304265975952,0.023648373782634735,0.10423959791660309,0.10450810194015503,0.10527342557907104,True,False,0.2041790932416916,0.3606944680213928,1.0,0.0,0.017191564664244652,0.02490895241498947
drift_medium,104,0.01567825675010681,0.03739587217569351,0.020177369937300682,0.015011178329586983,0.042684465646743774,0.023427288979291916,0.017871972173452377,0.06405646353960037,0.04987429827451706,0.051115017384290695,True,True,0.019188763573765755,0.21945826709270477,1.0,0.0,0.03739587217569351,0.0619828961789608
drift_medium,105,0.01567825675010681,0.014909791760146618,0.017453674226999283,0.012219348922371864,0.017242422327399254,0.018914541229605675,0.013973665423691273,0.07933478057384491,0.07323084771633148,0.07476148009300232,True,True,0.13355903327465057,0.44558683037757874,1.0,0.0,0.014909791760146618,0.031563650816679
drift_medium,106,0.01567825675010681,0.016151992604136467,0.02838953398168087,0.021121984347701073,0.017357558012008667,0.03221908211708069,0.025969991460442543,0.09552821516990662,0.08937391638755798,0.0903208926320076,True,False,0.1836639791727066,0.3911219835281372,1.0,0.0,0.016151992604136467,0.026569116860628128
drift_medium,107,0.01567825675010681,0.016108034178614616,0.02612588368356228,0.02119225077331066,0.01759893074631691,0.028637690469622612,0.024239705875515938,0.24214878678321838,0.24306359887123108,0.24287456274032593,True,False,0.1930704414844513,0.40112900733947754,1.0,0.0,0.016108034178614616,0.025786031037569046
drift_medium,108,0.01567825675010681,0.011098704300820827,0.027022957801818848,0.00992442574352026,0.012340471148490906,0.02865341119468212,0.011396288871765137,0.44758597016334534,0.44713929295539856,0.4440246820449829,True,True,0.3057488203048706,0.5238121747970581,1.0,0.0,0.011098704300820827,0.018578598275780678
drift_medium,109,0.01567825675010681,0.01602887734770775,0.026795610785484314,0.02018638513982296,0.01698063500225544,0.028833648189902306,0.02152732014656067,0.08417346328496933,0.08997389674186707,0.08859033137559891,True,False,0.20925197005271912,0.386059433221817,1.0,0.0,0.01602887734770775,0.024524182081222534
drift_medium,110,0.01567825675010681,0.01901550032198429,0.02107539400458336,0.015861431136727333,0.0216367170214653,0.02350974828004837,0.01794753037393093,0.42352402210235596,0.4271276593208313,0.42625442147254944,True,True,0.07491745054721832,0.36268362402915955,1.0,0.0,0.01901550032198429,0.040628138929605484
drift_medium,111,0.01567825675010681,0.018545594066381454,0.02709953859448433,0.023287102580070496,0.020897388458251953,0.0313534215092659,0.02779366262257099,0.09812464565038681,0.09233710169792175,0.0944831520318985,True,False,0.07990430295467377,0.3640424311161041,1.0,0.0,0.018545594066381454,0.039617788046598434
drift_medium,112,0.01567825675010681,0.010535293258726597,0.03655550256371498,0.021609768271446228,0.011722679249942303,0.04221965745091438,0.02560427226126194,0.1043127030134201,0.09754914790391922,0.10223205387592316,True,False,0.2638961672782898,0.5395075082778931,1.0,0.0,0.010535293258726597,0.02088656648993492
drift_medium,113,0.01567825675010681,0.020250122994184494,0.02566206455230713,0.02192065492272377,0.022646456956863403,0.029518533498048782,0.025456944480538368,0.46337562799453735,0.4639628529548645,0.4656201899051666,True,False,0.08262887597084045,0.3389511704444885,1.0,0.0,0.020250122994184494,0.03909210488200188
drift_medium,114,0.01567825675010681,0.0079646036028862,0.027672115713357925,0.013819046318531036,0.008985049091279507,0.030406052246689796,0.01639815792441368,0.4184368848800659,0.42019540071487427,0.4164663553237915,True,False,0.3267534077167511,0.622958779335022,1.0,0.0,0.0079646036028862,0.017536906525492668
drift_medium,115,0.01567825675010681,0.026504259556531906,0.060654670000076294,0.05479926988482475,0.03094123676419258,0.07154417783021927,0.06748348474502563,0.535057008266449,0.5187005996704102,0.5220267176628113,True,False,0.045355815440416336,0.30578917264938354,1.0,0.0,0.026504259556531906,0.04849625006318092
drift_medium,116,0.01567825675010681,0.04124478995800018,0.03344622254371643,0.02997584082186222,0.04568782076239586,0.03494546562433243,0.03244081512093544,0.0802895575761795,0.0798850879073143,0.07835175096988678,True,True,0.011462699621915817,0.170765683054924,1.0,0.0,0.04124478995800018,0.07006075233221054
drift_medium,117,0.01567825675010681,0.012384811416268349,0.030296584591269493,0.01722804643213749,0.013523681089282036,0.03544250503182411,0.02027096599340439,0.05476312339305878,0.034783121198415756,0.04256155714392662,True,False,0.22222469747066498,0.4818325936794281,1.0,0.0,0.012384811416268349,0.023581136018037796
drift_medium,118,0.01567825675010681,0.017444061115384102,0.021146249026060104,0.018635232001543045,0.020193733274936676,0.02493477240204811,0.02269313670694828,0.08429044485092163,0.08044981956481934,0.08171989023685455,True,False,0.08553002029657364,0.39662784337997437,1.0,0.0,0.017444061115384102,0.038551073521375656
drift_medium,119,0.01567825675010681,0.030583351850509644,0.01727391593158245,0.01641540788114071,0.03355911374092102,0.018429594114422798,0.017670631408691406,0.08941049128770828,0.08938507735729218,0.08913698047399521,True,True,0.04448852315545082,0.21742579340934753,1.0,0.0,0.030583351850509644,0.048798952251672745
drift_medium,120,0.01567825675010681,0.007897842675447464,0.034497953951358795,0.01765323244035244,0.00888801645487547,0.0377827063202858,0.020391033962368965,0.3802955448627472,0.3763643503189087,0.3776014745235443,True,False,0.32715436816215515,0.6244618892669678,1.0,0.0,0.007897842675447464,0.017517680302262306
drift_medium,121,0.01567825675010681,0.021337684243917465,0.02473609894514084,0.021216731518507004,0.022869858890771866,0.02758035808801651,0.023979894816875458,0.055206675082445145,0.03457103669643402,0.038087449967861176,True,True,0.12388476729393005,0.3014320433139801,1.0,0.0,0.021337684243917465,0.03274252638220787
drift_medium,122,0.01567825675010681,0.011148964986205101,0.02151879295706749,0.013733163475990295,0.012780779041349888,0.023371828719973564,0.01556337345391512,0.5896506309509277,0.5849316716194153,0.586251974105835,True,False,0.16988763213157654,0.5297515392303467,1.0,0.0,0.011148964986205101,0.02779156155884266
drift_medium,123,0.01567825675010681,0.010732211172580719,0.0500178262591362,0.023103017359972,0.012120230123400688,0.05408654734492302,0.026274919509887695,0.12977328896522522,0.12171436846256256,0.12463672459125519,True,False,0.23063136637210846,0.5370609760284424,1.0,0.0,0.010732211172580719,0.022998979315161705
drift_medium,124,0.01567825675010681,0.024521902203559875,0.04797525703907013,0.042443014681339264,0.03160267695784569,0.05962229147553444,0.056981153786182404,0.12755204737186432,0.12067441642284393,0.11994890868663788,True,False,0.023003464564681053,0.3918362259864807,1.0,0.0,0.024521902203559875,0.05914011597633362
drift_medium,125,0.01567825675010681,0.009474260732531548,0.02659549191594124,0.013957297429442406,0.010666479356586933,0.028370030224323273,0.01584066078066826,0.34093722701072693,0.34237590432167053,0.3411438465118408,True,False,0.27163127064704895,0.5739491581916809,1.0,0.0,0.009474260732531548,0.02043362520635128
drift_medium,126,0.01567825675010681,0.014302809722721577,0.04652637988328934,0.03331582993268967,0.016367968171834946,0.04997438192367554,0.03835418447852135,0.23432612419128418,0.2321346402168274,0.23259036242961884,True,False,0.1200021430850029,0.45554274320602417,1.0,0.0,0.014302809722721577,0.03324175626039505
drift_medium,127,0.01567825675010681,0.01411370187997818,0.04772419482469559,0.0331653393805027,0.01482914388179779,0.049749042838811874,0.034871987998485565,0.07583403587341309,0.06958309561014175,0.07123710960149765,True,False,0.28177741169929504,0.42721542716026306,1.0,0.0,0.01411370187997818,0.019858673214912415
drift_medium,128,0.01567825675010681,0.026036133989691734,0.03337237983942032,0.03131133317947388,0.027317218482494354,0.0356643870472908,0.03344249352812767,0.2195524424314499,0.20863881707191467,0.20949052274227142,True,False,0.09974459558725357,0.2298509180545807,1.0,0.0,0.026036133989691734,0.03614061325788498
drift_medium,129,0.01567825675010681,0.010891471058130264,0.01938399113714695,0.009749113582074642,0.012610290199518204,0.02141142636537552,0.011610525660216808,0.40663835406303406,0.40183159708976746,0.4041629433631897,True,True,0.22739773988723755,0.5409764051437378,1.0,0.0,0.010891471058130264,0.023220354691147804
drift_medium,130,0.01567825675010681,0.01602138951420784,0.014752398245036602,0.013094073161482811,0.017837461084127426,0.018054241314530373,0.015426786616444588,0.3117736577987671,0.3145325481891632,0.3099895715713501,True,True,0.16769760847091675,0.409538596868515,1.0,0.0,0.01602138951420784,0.02799498476088047
drift_medium,131,0.01567825675010681,0.01885271444916725,0.027519583702087402,0.023795172572135925,0.020935827866196632,0.03113674186170101,0.027382349595427513,0.44976264238357544,0.4509925842285156,0.45061346888542175,True,False,0.14250412583351135,0.35870373249053955,1.0,0.0,0.01885271444916725,0.03054726868867874
drift_medium,132,0.01567825675010681,0.016670849174261093,0.023119857534766197,0.019957954064011574,0.018571041524410248,0.025593219324946404,0.02263215184211731,0.0688854530453682,0.06219817325472832,0.06338808685541153,True,False,0.15693150460720062,0.39805954694747925,1.0,0.0,0.016670849174261093,0.029035283252596855
drift_medium,133,0.01567825675010681,0.02821655012667179,0.03208597004413605,0.027053412050008774,0.03171831741929054,0.03594272583723068,0.03072536177933216,0.08474581688642502,0.07931546121835709,0.08154239505529404,True,True,0.031072985380887985,0.25573453307151794,1.0,0.0,0.02821655012667179,0.05442575737833977
drift_medium,134,0.01567825675010681,0.020211298018693924,0.0297465268522501,0.026044005528092384,0.022601310163736343,0.03184058889746666,0.02859048917889595,0.09615133702754974,0.09319472312927246,0.09316364675760269,True,False,0.08206634968519211,0.3403041660785675,1.0,0.0,0.020211298018693924,0.03919920325279236
drift_medium,135,0.01567825675010681,0.02110425755381584,0.02062208764255047,0.013049518689513206,0.024491406977176666,0.024597102776169777,0.014846449717879295,0.09840726852416992,0.09627050906419754,0.0977129265666008,True,True,0.04916534200310707,0.34243243932724,1.0,0.0,0.02110425755381584,0.04723178967833519
drift_medium,136,0.01567825675010681,0.020838597789406776,0.027654459699988365,0.02212429977953434,0.022878497838974,0.029203690588474274,0.024075228720903397,0.15951117873191833,0.16063754260540009,0.15988484025001526,True,False,0.13005438446998596,0.327435165643692,1.0,0.0,0.020838597789406776,0.031980548053979874
drift_medium,137,0.01567825675010681,0.015033459290862083,0.020989635959267616,0.014072570018470287,0.01683034934103489,0.02342926524579525,0.01648201234638691,0.058950092643499374,0.06503273546695709,0.06163483113050461,True,True,0.18094943463802338,0.4323276877403259,1.0,0.0,0.015033459290862083,0.02680256962776184
drift_medium,138,0.01567825675010681,0.016651418060064316,0.045158542692661285,0.03460565209388733,0.020571406930685043,0.05248032882809639,0.044152069836854935,0.08879639208316803,0.0881401002407074,0.08910144120454788,True,False,0.0912885069847107,0.445596843957901,1.0,0.0,0.016651418060064316,0.03752952069044113
drift_medium,139,0.01567825675010681,0.013306289911270142,0.017709020525217056,0.013543747365474701,0.014163808897137642,0.02214529737830162,0.016007840633392334,0.10888171941041946,0.10732156783342361,0.10760360956192017,True,False,0.2742171883583069,0.45102542638778687,1.0,0.0,0.013306289911270142,0.020285073667764664
drift_medium,140,0.01567825675010681,0.013861102983355522,0.027201350778341293,0.018978968262672424,0.016373982653021812,0.031004438176751137,0.02514597587287426,0.3675782084465027,0.3717326521873474,0.3663269579410553,True,False,0.16531866788864136,0.47891315817832947,1.0,0.0,0.013861102983355522,0.028218986466526985
drift_medium,141,0.01567825675010681,0.012794512324035168,0.03688414767384529,0.02214343100786209,0.01645159162580967,0.03923278674483299,0.026194609701633453,0.0560353584587574,0.06499017030000687,0.059054479002952576,True,False,0.10298126935958862,0.5253134965896606,1.0,0.0,0.012794512324035168,0.035639941692352295
drift_medium,142,0.01567825675010681,0.02161804400384426,0.01854260079562664,0.013050545938313007,0.02482893317937851,0.020593123510479927,0.01572626456618309,0.298311710357666,0.3050259053707123,0.3040850758552551,True,True,0.062303077429533005,0.33579108119010925,1.0,0.0,0.02161804400384426,0.04351883381605148
drift_medium,143,0.01567825675010681,0.010270051658153534,0.03751106187701225,0.016887376084923744,0.01129385270178318,0.04187663644552231,0.02019236423075199,0.30623698234558105,0.30690595507621765,0.3071921169757843,True,False,0.2833167314529419,0.5430649518966675,1.0,0.0,0.010270051658153534,0.01977325789630413
drift_medium,144,0.01567825675010681,0.016374047845602036,0.03191826492547989,0.021704651415348053,0.01952953264117241,0.03351445123553276,0.025429153814911842,0.10934659838676453,0.10346236824989319,0.10369765013456345,True,False,0.12374325096607208,0.4399014413356781,1.0,0.0,0.016374047845602036,0.03276044502854347
drift_medium,145,0.01567825675010681,0.010875171050429344,0.010594367980957031,0.007607166655361652,0.011925780214369297,0.01248952653259039,0.008168799802660942,0.4637742042541504,0.4579399526119232,0.46019691228866577,True,True,0.2908535599708557,0.5252062678337097,1.0,0.0,0.010875171050429344,0.01936163380742073
drift_medium,146,0.01567825675010681,0.020778488367795944,0.02452392503619194,0.021804537624120712,0.022966556251049042,0.02957736887037754,0.025786444544792175,0.30971717834472656,0.3060871660709381,0.305072546005249,True,False,0.0805702731013298,0.32106122374534607,1.0,0.0,0.020778488367795944,0.03948765620589256
drift_medium,147,0.01567825675010681,0.011826708912849426,0.014268776401877403,0.006941576953977346,0.014272441156208515,0.016257498413324356,0.008766219019889832,0.06340323388576508,0.06557434052228928,0.06335870176553726,True,True,0.11944854259490967,0.5270446538925171,1.0,0.0,0.011826708912849426,0.03331425040960312
drift_medium,148,0.01567825675010681,0.028223667293787003,0.04706006124615669,0.04136790707707405,0.030861806124448776,0.04976366087794304,0.04505351558327675,0.1058775931596756,0.10074599087238312,0.10108257085084915,True,False,0.07163269072771072,0.2422223538160324,1.0,0.0,0.028223667293787003,0.041331078857183456
drift_medium,149,0.01567825675010681,0.013543481938540936,0.022569259628653526,0.012289688922464848,0.014882102608680725,0.026460997760295868,0.015075569972395897,0.0750456303358078,0.07180490344762802,0.07233686745166779,True,True,0.25534310936927795,0.45780545473098755,1.0,0.0,0.013543481938540936,0.021403126418590546
drift_medium,150,0.01567825675010681,0.010258292779326439,0.01589798741042614,0.010614375583827496,0.011839648708701134,0.01803402602672577,0.012878562323749065,0.1249808818101883,0.1256445050239563,0.12502600252628326,True,False,0.2416233867406845,0.556043267250061,1.0,0.0,0.010258292779326439,0.022269003093242645
drift_medium,151,0.01567825675010681,0.018445974215865135,0.042311251163482666,0.03491964191198349,0.020726293325424194,0.04573746770620346,0.03867438808083534,0.11101936548948288,0.10548433661460876,0.10746236145496368,True,False,0.08711950480937958,0.3752261698246002,1.0,0.0,0.018445974215865135,0.03826238587498665
drift_medium,152,0.01567825675010681,0.013369105756282806,0.04332733154296875,0.025506217032670975,0.015608781948685646,0.04934775456786156,0.03164546191692352,0.056336890906095505,0.03796029090881348,0.04763800650835037,True,False,0.16023683547973633,0.48366445302963257,1.0,0.0,0.013369105756282806,0.02870849333703518
drift_medium,153,0.01567825675010681,0.012932690791785717,0.0265112966299057,0.018248558044433594,0.015748802572488785,0.028560396283864975,0.021208778023719788,0.1586608737707138,0.15844741463661194,0.15838518738746643,True,False,0.11765430122613907,0.5059641003608704,1.0,0.0,0.012932690791785717,0.033551543951034546
drift_medium,154,0.01567825675010681,0.019940638914704323,0.07049655169248581,0.05426590517163277,0.022530395537614822,0.07516462355852127,0.06114168092608452,0.06304408609867096,0.0369580015540123,0.04303711652755737,True,False,0.10235033929347992,0.3562721610069275,1.0,0.0,0.019940638914704323,0.035736292600631714
drift_medium,155,0.01567825675010681,0.009242561645805836,0.01934277079999447,0.012666027061641216,0.0110665587708354,0.024588612839579582,0.017867697402834892,0.07197411358356476,0.06957481801509857,0.06965132057666779,True,False,0.23647864162921906,0.5933586359024048,1.0,0.0,0.009242561645805836,0.022606438025832176
drift_medium,156,0.01567825675010681,0.010970770381391048,0.04383603110909462,0.025074969977140427,0.01226006168872118,0.0461617149412632,0.02826850488781929,0.159438818693161,0.15888835489749908,0.1598329097032547,True,False,0.3122292459011078,0.5291950702667236,1.0,0.0,0.010970770381391048,0.018249766901135445
drift_medium,157,0.01567825675010681,0.02060822769999504,0.0539516918361187,0.04567838832736015,0.023084864020347595,0.06072303280234337,0.052934035658836365,0.20473463833332062,0.19747819006443024,0.19870103895664215,True,False,0.11437342315912247,0.343550443649292,1.0,0.0,0.02060822769999504,0.03399495407938957
drift_medium,158,0.01567825675010681,0.021076247096061707,0.023389296606183052,0.021300598978996277,0.024109316989779472,0.0265544094145298,0.024718882516026497,0.08079180121421814,0.08321109414100647,0.0824548602104187,True,False,0.11677280813455582,0.35428428649902344,1.0,0.0,0.021076247096061707,0.033669449388980865
drift_medium,159,0.01567825675010681,0.010554498061537743,0.014477367512881756,0.007703877054154873,0.012007701210677624,0.01618112437427044,0.00893332902342081,0.0833694338798523,0.07953908294439316,0.0812804251909256,True,True,0.16390231251716614,0.5396928191184998,1.0,0.0,0.010554498061537743,0.028353886678814888
drift_medium,160,0.01567825675010681,0.011727151460945606,0.030975809320807457,0.01932421699166298,0.013306246139109135,0.0340321809053421,0.02178463526070118,0.34727784991264343,0.3497976064682007,0.3473772406578064,True,False,0.2683892250061035,0.5129715204238892,1.0,0.0,0.011727151460945606,0.020621879026293755
drift_medium,161,0.01567825675010681,0.012809562496840954,0.04186193645000458,0.028026137501001358,0.014196692034602165,0.045793566852808,0.03134513273835182,0.1874171644449234,0.17523027956485748,0.18298210203647614,True,False,0.18432597815990448,0.4770428240299225,1.0,0.0,0.012809562496840954,0.02651270665228367
drift_medium,162,0.01567825675010681,0.013470771722495556,0.018790166825056076,0.011232556775212288,0.01533876359462738,0.02124214544892311,0.012864986434578896,0.06012914702296257,0.050404392182826996,0.052371229976415634,True,True,0.16843459010124207,0.4707641005516052,1.0,0.0,0.013470771722495556,0.027926232665777206
drift_medium,163,0.01567825675010681,0.03462173789739609,0.04681511968374252,0.04563819244503975,0.03761027008295059,0.05262234807014465,0.05120525136590004,0.07180535793304443,0.06906820088624954,0.06928741186857224,True,False,0.029197022318840027,0.18488618731498718,1.0,0.0,0.03462173789739609,0.05540207773447037
drift_medium,164,0.01567825675010681,0.009980863891541958,0.03950042277574539,0.020970527082681656,0.010925752110779285,0.04863712564110756,0.02593683823943138,0.05935085937380791,0.03362271934747696,0.045010022819042206,True,False,0.33393487334251404,0.5515609383583069,1.0,0.0,0.009980863891541958,0.017196057364344597
drift_medium,165,0.01567825675010681,0.015457259491086006,0.03586198017001152,0.021341975778341293,0.017324158921837807,0.03803715109825134,0.023229973390698433,0.3352375626564026,0.344992995262146,0.34269624948501587,True,False,0.15561607480049133,0.4202091097831726,1.0,0.0,0.015457259491086006,0.029167255386710167
drift_medium,166,0.01567825675010681,0.012044956907629967,0.021161923184990883,0.01168721355497837,0.013408459722995758,0.023738771677017212,0.01345463003963232,0.0848691314458847,0.0817340537905693,0.08258210122585297,True,True,0.24179671704769135,0.49896448850631714,1.0,0.0,0.012044956907629967,0.022257762029767036
drift_medium,167,0.01567825675010681,0.02526763640344143,0.039388254284858704,0.03637699410319328,0.027691304683685303,0.044519003480672836,0.041703611612319946,0.43719395995140076,0.4366350769996643,0.43659746646881104,True,False,0.058821987360715866,0.2684406340122223,1.0,0.0,0.02526763640344143,0.044420257210731506
drift_medium,168,0.01567825675010681,0.027504172176122665,0.0619908943772316,0.05609063431620598,0.03181340917944908,0.07127325236797333,0.06687625497579575,0.18906815350055695,0.1842634528875351,0.18591274321079254,True,False,0.02276778407394886,0.275841623544693,1.0,0.0,0.027504172176122665,0.059301573783159256
drift_medium,169,0.01567825675010681,0.010762695223093033,0.030920112505555153,0.01635422557592392,0.011807914823293686,0.03345607966184616,0.01876249350607395,0.09615205228328705,0.09832672029733658,0.09560466557741165,True,False,0.33513471484184265,0.5291428565979004,1.0,0.0,0.010762695223093033,0.017139825969934464
drift_medium,170,0.01567825675010681,0.016410980373620987,0.016950802877545357,0.010391835123300552,0.01852881722152233,0.018915226683020592,0.01273870375007391,0.09906838089227676,0.10022969543933868,0.09890543669462204,True,True,0.14960318803787231,0.4064900875091553,1.0,0.0,0.016410980373620987,0.029785064980387688
drift_medium,171,0.01567825675010681,0.015158912166953087,0.01937006413936615,0.016992395743727684,0.017127685248851776,0.02170349657535553,0.019361579790711403,0.2022201418876648,0.19688013195991516,0.19872000813484192,True,False,0.14583726227283478,0.4325181543827057,1.0,0.0,0.015158912166953087,0.030184781178832054
drift_medium,172,0.01567825675010681,0.03020169772207737,0.019359080120921135,0.015357782132923603,0.033698443323373795,0.023430315777659416,0.018580663949251175,0.48017406463623047,0.4669283330440521,0.46843209862709045,True,True,0.03880281001329422,0.23132522404193878,1.0,0.0,0.03020169772207737,0.05094277113676071
drift_medium,173,0.01567825675010681,0.012900194153189659,0.016060324385762215,0.01302396971732378,0.014710848219692707,0.017721829935908318,0.014866109006106853,0.09295915067195892,0.0940576046705246,0.09313718229532242,True,False,0.21737413108348846,0.48715028166770935,1.0,0.0,0.012900194153189659,0.02392714098095894
drift_medium,174,0.01567825675010681,0.021334167569875717,0.015337754972279072,0.015387265011668205,0.022545423358678818,0.01715380698442459,0.016555368900299072,0.08590435981750488,0.08136624842882156,0.0823749229311943,False,True,0.12034065276384354,0.2918350398540497,1.0,0.0,0.021334167569875717,0.033197592943906784
drift_medium,175,0.01567825675010681,0.020863275974988937,0.025742584839463234,0.019808296114206314,0.023602720350027084,0.02906377799808979,0.022820331156253815,0.06731711328029633,0.04084034636616707,0.04076831042766571,True,True,0.07463815063238144,0.33897772431373596,1.0,0.0,0.020863275974988937,0.040686700493097305
drift_medium,176,0.01567825675010681,0.021122097969055176,0.029315510764718056,0.026894673705101013,0.022554093971848488,0.03236272931098938,0.029596861451864243,0.07664375752210617,0.07188674062490463,0.07343970984220505,True,False,0.15215641260147095,0.3030391335487366,1.0,0.0,0.021122097969055176,0.02951974608004093
drift_medium,177,0.01567825675010681,0.03080694004893303,0.03779112920165062,0.03483988344669342,0.03448798507452011,0.04041622206568718,0.03781536594033241,0.17761242389678955,0.1731353998184204,0.17346544563770294,True,False,0.04419773444533348,0.23003825545310974,1.0,0.0,0.03080694004893303,0.0489017628133297
drift_medium,178,0.01567825675010681,0.015417446382343769,0.02897477149963379,0.0214836448431015,0.01735617034137249,0.03255045786499977,0.02507106587290764,0.07495430111885071,0.03907102718949318,0.053733572363853455,True,False,0.1756594479084015,0.4277411103248596,1.0,0.0,0.015417446382343769,0.02726775035262108
drift_medium,179,0.01567825675010681,0.011204937472939491,0.021225515753030777,0.010908304713666439,0.013155915774405003,0.023827170953154564,0.012490922585129738,0.10000606626272202,0.09529870748519897,0.09790568798780441,True,True,0.19911910593509674,0.5357793569564819,1.0,0.0,0.011204937472939491,0.02530238777399063
drift_medium,180,0.01567825675010681,0.014817848801612854,0.037178654223680496,0.028002534061670303,0.016825057566165924,0.042457159608602524,0.03371278941631317,0.2993633449077606,0.3162999451160431,0.3098543882369995,True,False,0.19409139454364777,0.4445621967315674,1.0,0.0,0.014817848801612854,0.025703342631459236
drift_medium,181,0.01567825675010681,0.01971512660384178,0.05394013598561287,0.040634121745824814,0.024749012663960457,0.06325216591358185,0.05278291180729866,0.0674884021282196,0.04288608953356743,0.05617811530828476,True,False,0.04223190248012543,0.40781277418136597,1.0,0.0,0.01971512660384178,0.04961508885025978
drift_medium,182,0.01567825675010681,0.013908940367400646,0.03063090145587921,0.0183849073946476,0.016024980694055557,0.0319754034280777,0.02064056508243084,0.0932229533791542,0.08936800807714462,0.09107434004545212,True,False,0.1728486865758896,0.46747922897338867,1.0,0.0,0.013908940367400646,0.02752065099775791
drift_medium,183,0.01567825675010681,0.014107001945376396,0.04164610058069229,0.02789164148271084,0.01651320606470108,0.04422416165471077,0.03213514760136604,0.11292155832052231,0.11294809728860855,0.11382559686899185,True,False,0.1050533875823021,0.4638776183128357,1.0,0.0,0.014107001945376396,0.03532760590314865
drift_medium,184,0.01567825675010681,0.01876175031065941,0.021994709968566895,0.019902944564819336,0.020386699587106705,0.023745259270071983,0.021557863801717758,0.09564809501171112,0.09048064053058624,0.09136232733726501,True,False,0.13513405621051788,0.34718528389930725,1.0,0.0,0.01876175031065941,0.03137984126806259
drift_medium,185,0.01567825675010681,0.019510412588715553,0.03542432188987732,0.02495458349585533,0.020500285550951958,0.040628500282764435,0.029322467744350433,0.07638051360845566,0.07391807436943054,0.07553878426551819,True,False,0.1487189680337906,0.31731680035591125,1.0,0.0,0.019510412588715553,0.029878005385398865
drift_medium,186,0.01567825675010681,0.01745820976793766,0.02127780206501484,0.016999054700136185,0.019340630620718002,0.02639375999569893,0.022110598161816597,0.09546047449111938,0.09352517127990723,0.09342329204082489,True,True,0.15675939619541168,0.38212546706199646,1.0,0.0,0.01745820976793766,0.029052486643195152
drift_medium,187,0.01567825675010681,0.02349519170820713,0.0460914671421051,0.03652940317988396,0.028058791533112526,0.04999981448054314,0.04175261780619621,0.07207754254341125,0.03649390488862991,0.048873964697122574,True,False,0.0513899102807045,0.34502097964286804,1.0,0.0,0.02349519170820713,0.04653798043727875
drift_medium,188,0.01567825675010681,0.014933735132217407,0.0395689383149147,0.0263606496155262,0.01783362403512001,0.044255975633859634,0.03275704383850098,0.5053480863571167,0.4998459219932556,0.5030613541603088,True,False,0.15999047458171844,0.4646773338317871,1.0,0.0,0.014933735132217407,0.02873261645436287
drift_medium,189,0.01567825675010681,0.010982046835124493,0.011973953805863857,0.008424105122685432,0.01174970529973507,0.014025473967194557,0.009836399927735329,0.0767379030585289,0.0751463994383812,0.07591597735881805,True,True,0.32121890783309937,0.5156621336936951,1.0,0.0,0.010982046835124493,0.017804736271500587
drift_medium,190,0.01567825675010681,0.020872769877314568,0.03430771455168724,0.02954939939081669,0.023005127906799316,0.03827882930636406,0.034225717186927795,0.06262608617544174,0.0467216894030571,0.050936099141836166,True,False,0.13471098244190216,0.3281093239784241,1.0,0.0,0.020872769877314568,0.03142900392413139
drift_medium,191,0.01567825675010681,0.02633640542626381,0.016555732116103172,0.013540389016270638,0.028381695970892906,0.019067322835326195,0.015410487540066242,0.47297999262809753,0.4833528697490692,0.4827023148536682,True,True,0.07082549482584,0.24210917949676514,1.0,0.0,0.02633640542626381,0.0415087528526783
drift_medium,192,0.01567825675010681,0.02155136875808239,0.044311393052339554,0.03690935671329498,0.024550093337893486,0.04810440540313721,0.042451322078704834,0.07437638938426971,0.030277231708168983,0.048719972372055054,True,False,0.10280554741621017,0.3416287899017334,1.0,0.0,0.02155136875808239,0.03566671535372734
drift_medium,193,0.01567825675010681,0.012221870943903923,0.02071116678416729,0.014605236239731312,0.013329627923667431,0.022411853075027466,0.015629341825842857,0.0939846932888031,0.08810966461896896,0.09066274017095566,True,False,0.22828605771064758,0.4870036542415619,1.0,0.0,0.012221870943903923,0.023159228265285492
drift_medium,194,0.01567825675010681,0.010806224308907986,0.02483430877327919,0.010540408082306385,0.011827194131910801,0.029051970690488815,0.01263519562780857,0.05996325612068176,0.032903529703617096,0.04655766859650612,True,True,0.2911667823791504,0.5272578597068787,1.0,0.0,0.010806224308907986,0.019344760105013847
drift_medium,195,0.01567825675010681,0.0193842314183712,0.04808756709098816,0.0385320670902729,0.02270573191344738,0.05319782346487045,0.04578571766614914,0.07678083330392838,0.07144702970981598,0.07252519577741623,True,False,0.09848391264677048,0.3797864019870758,1.0,0.0,0.0193842314183712,0.03634003549814224
drift_medium,196,0.01567825675010681,0.014205612242221832,0.018352100625634193,0.013669845648109913,0.01625564694404602,0.01953110471367836,0.015697171911597252,0.08478551357984543,0.08756712824106216,0.08517149835824966,True,True,0.14750228822231293,0.4588744640350342,1.0,0.0,0.014205612242221832,0.03000679798424244
drift_medium,197,0.01567825675010681,0.02248402126133442,0.048154450953006744,0.04145581275224686,0.02442844770848751,0.05230037495493889,0.04614383727312088,0.2936350703239441,0.3036336302757263,0.3021240234375,True,False,0.09422395378351212,0.2909828722476959,1.0,0.0,0.02248402126133442,0.037033308297395706
drift_medium,198,0.01567825675010681,0.033254802227020264,0.041432853788137436,0.03841804713010788,0.03660567104816437,0.04438839852809906,0.04285825043916702,0.10160010308027267,0.09623652696609497,0.09698985517024994,True,False,0.04914544150233269,0.21815836429595947,1.0,0.0,0.033254802227020264,0.04723813384771347
drift_medium,199,0.01567825675010681,0.021302590146660805,0.04315727576613426,0.03650466352701187,0.026318974792957306,0.05084702745079994,0.04614022746682167,0.40190109610557556,0.3917325437068939,0.39319032430648804,True,False,0.05390505492687225,0.3880349397659302,1.0,0.0,0.021302590146660805,0.04578883573412895
burst_medium,0,0.014054441824555397,0.03398624807596207,0.0273054800927639,0.01934189721941948,0.07174667716026306,0.04030537232756615,0.03740621358156204,0.23837125301361084,0.1980067938566208,0.2006879448890686,True,True,1.1462478965995615e-07,0.4299137592315674,0.8726240992546082,0.001914923544973135,0.03398624807596207,0.22461248934268951
burst_medium,1,0.014054441824555397,0.07058447599411011,0.0787736251950264,0.06297262012958527,0.14028343558311462,0.10823351889848709,0.10157167166471481,0.3891039490699768,0.2765568494796753,0.27392321825027466,True,True,2.3035278112065738e-12,0.372982919216156,0.7857541441917419,0.003388684941455722,0.07058447599411011,0.37661096453666687
burst_medium,2,0.014054441824555397,0.08588328212499619,0.08114901930093765,0.06981239467859268,0.16093139350414276,0.12421862035989761,0.12212695926427841,0.575534462928772,0.558478593826294,0.5557154417037964,True,True,5.47637700161821e-14,0.41339460015296936,0.809702455997467,0.002966729924082756,0.08588328212499619,0.4291628897190094
burst_medium,3,0.014054441824555397,0.08718511462211609,0.1021692305803299,0.08363945782184601,0.1631740927696228,0.1445685774087906,0.1304643154144287,0.47750046849250793,0.38074299693107605,0.36869141459465027,True,True,3.660723508586107e-15,0.3621463477611542,0.7161836624145508,0.004691635258495808,0.08718511462211609,0.4671853184700012
burst_medium,4,0.014054441824555397,0.07920411974191666,0.0830598771572113,0.07315060496330261,0.1597718894481659,0.13233892619609833,0.12894220650196075,0.3007681667804718,0.20700868964195251,0.20884382724761963,True,True,5.630979826843317e-14,0.3502689003944397,0.7227323651313782,0.004563706461340189,0.07920411974191666,0.42877161502838135
burst_medium,5,0.014054441824555397,0.037656791508197784,0.040764566510915756,0.030901361256837845,0.07117703557014465,0.057427309453487396,0.04923092946410179,0.22615310549736023,0.1259201020002365,0.13085101544857025,True,True,2.2094991436460987e-07,0.3518195152282715,0.7030999660491943,0.004950764123350382,0.037656791508197784,0.2153889536857605
burst_medium,6,0.014054441824555397,0.06405897438526154,0.149769589304924,0.0965273529291153,0.14262552559375763,0.17926263809204102,0.1427077203989029,0.5884554386138916,0.5412188172340393,0.5316516757011414,True,False,5.024409368919146e-14,0.425820916891098,0.9168750047683716,0.001219702186062932,0.06405897438526154,0.43037348985671997
burst_medium,7,0.014054441824555397,0.06323477625846863,0.08314742892980576,0.0669630840420723,0.13883624970912933,0.12223856896162033,0.11699622869491577,0.3859574794769287,0.28500092029571533,0.2907169461250305,True,False,3.1148615960575454e-15,0.35196155309677124,0.7917267084121704,0.0032822603825479746,0.06323477625846863,0.4694547951221466
burst_medium,8,0.014054441824555397,0.1069340705871582,0.10132499039173126,0.08569090068340302,0.21558129787445068,0.1576526015996933,0.15121591091156006,0.692726731300354,0.4758855104446411,0.47023874521255493,True,True,1.6392573786703318e-23,0.3335094153881073,0.7918799519538879,0.00327954045496881,0.1069340705871582,0.7373692989349365
burst_medium,9,0.014054441824555397,0.08869922906160355,0.08651797473430634,0.07607485353946686,0.2124834656715393,0.16364353895187378,0.16165407001972198,0.5835161805152893,0.48227569460868835,0.47746995091438293,True,True,3.873974864695244e-25,0.33255359530448914,0.7448529601097107,0.004139995668083429,0.08869922906160355,0.7900050282478333
burst_medium,10,0.014054441824555397,0.0895659402012825,0.1183600053191185,0.09681253135204315,0.20527975261211395,0.1876457780599594,0.18006916344165802,0.3950793147087097,0.27570486068725586,0.2719963788986206,True,False,9.878005890381426e-21,0.4014546275138855,0.8365835547447205,0.0025077180471271276,0.0895659402012825,0.6474034786224365
burst_medium,11,0.014054441824555397,0.10982935130596161,0.14909546077251434,0.12245422601699829,0.22406166791915894,0.21384002268314362,0.2060660570859909,0.7951035499572754,0.7641614675521851,0.7536769509315491,True,False,3.423392454686395e-24,0.3174673914909363,0.7967043519020081,0.0031941751949489117,0.10982935130596161,0.7593812942504883
burst_medium,12,0.014054441824555397,0.05896243453025818,0.06399836391210556,0.052190572023391724,0.1430545449256897,0.0995645821094513,0.0954354926943779,0.6569462418556213,0.5496406555175781,0.5467721223831177,True,True,1.1098751455467412e-16,0.36545735597610474,0.7401408553123474,0.004229189362376928,0.05896243453025818,0.5163196325302124
burst_medium,13,0.014054441824555397,0.11422604322433472,0.1330742985010147,0.11750388145446777,0.225262850522995,0.2025885432958603,0.19614626467227936,0.4959167242050171,0.36117613315582275,0.3669945299625397,True,False,1.3778182027173271e-19,0.25222548842430115,0.6396220326423645,0.0062806191854178905,0.11422604322433472,0.6103649735450745
burst_medium,14,0.014054441824555397,0.0889425054192543,0.08999888598918915,0.07437525689601898,0.20345120131969452,0.15713238716125488,0.15030983090400696,0.5285626649856567,0.36915621161460876,0.36524707078933716,True,True,1.451421771637029e-22,0.32800453901290894,0.6720935702323914,0.005584640894085169,0.0889425054192543,0.7067181468009949
burst_medium,15,0.014054441824555397,0.044453274458646774,0.0465780571103096,0.03792102634906769,0.08734223246574402,0.0684359073638916,0.06473314017057419,0.1820516735315323,0.11502690613269806,0.11554386466741562,True,True,6.789623085978747e-08,0.356103777885437,0.696402907371521,0.005085275508463383,0.044453274458646774,0.2319725751876831
burst_medium,16,0.014054441824555397,0.10141360759735107,0.12104544788599014,0.09358139336109161,0.22189992666244507,0.16912315785884857,0.1584055870771408,0.6073772311210632,0.4560917317867279,0.4472539722919464,True,True,5.031411298075104e-21,0.3668072819709778,0.7961452603340149,0.0032040425576269627,0.10141360759735107,0.6568847298622131
burst_medium,17,0.014054441824555397,0.12180962413549423,0.12158443033695221,0.10687877237796783,0.2459287941455841,0.20586815476417542,0.20320481061935425,0.8675382733345032,0.6913872361183167,0.6934069395065308,True,True,5.005676484401583e-23,0.3377076983451843,0.6722241640090942,0.005581910256296396,0.12180962413549423,0.7216799259185791
burst_medium,18,0.014054441824555397,0.06074003130197525,0.056429874151945114,0.04842374101281166,0.13711649179458618,0.09894581139087677,0.09599702805280685,0.4273340702056885,0.35559988021850586,0.3475211262702942,True,True,3.613452346805298e-16,0.3650161623954773,0.9891547560691833,0.0001532564201625064,0.06074003130197525,0.49972954392433167
burst_medium,19,0.014054441824555397,0.06579671800136566,0.09324416518211365,0.06732819974422455,0.14790059626102448,0.12030872702598572,0.10474830865859985,0.8392665982246399,0.7267998456954956,0.7133767008781433,True,False,5.2718237964605695e-15,0.3641570210456848,0.8885013461112976,0.0016615032218396664,0.06579671800136566,0.4620594382286072
burst_medium,20,0.014054441824555397,0.06195446848869324,0.057548195123672485,0.05053210258483887,0.12647569179534912,0.0993683934211731,0.09792396426200867,0.373771995306015,0.2666517198085785,0.2711472511291504,True,True,4.68263936740515e-14,0.3707215189933777,0.7971335053443909,0.003186606802046299,0.06195446848869324,0.4313635528087616
burst_medium,21,0.014054441824555397,0.06722058355808258,0.08594393730163574,0.06764593720436096,0.12629340589046478,0.11016467213630676,0.09834164381027222,0.3677700459957123,0.26479214429855347,0.26624539494514465,True,False,1.8236426257978167e-11,0.3092685341835022,0.7583317160606384,0.0038879418279975653,0.06722058355808258,0.34753262996673584
burst_medium,22,0.014054441824555397,0.09630994498729706,0.09035132080316544,0.08712276071310043,0.22926421463489532,0.1930110603570938,0.19268782436847687,0.34441593289375305,0.23564031720161438,0.24011003971099854,True,True,4.312589170088146e-26,0.37294965982437134,0.8077988028526306,0.002999811666086316,0.09630994498729706,0.8208591341972351
burst_medium,23,0.014054441824555397,0.06526504456996918,0.06374368816614151,0.056446950882673264,0.14453166723251343,0.13251392543315887,0.13034909963607788,0.4890812039375305,0.45573529601097107,0.4583074748516083,True,True,1.3788244513888856e-16,0.3190363049507141,0.5930938720703125,0.007342076860368252,0.06526504456996918,0.5132700204849243
burst_medium,24,0.014054441824555397,0.09439590573310852,0.07353126257658005,0.06943371146917343,0.19217263162136078,0.1373826265335083,0.13670751452445984,0.4385484457015991,0.3267204463481903,0.3305916488170624,True,True,3.977365901213038e-21,0.35828009247779846,0.8884217143058777,0.0016627635341137648,0.09439590573310852,0.6601886749267578
burst_medium,25,0.014054441824555397,0.08497774600982666,0.1126701608300209,0.09017589688301086,0.1628856211900711,0.14460210502147675,0.13445666432380676,0.3143310844898224,0.23591555655002594,0.24267084896564484,True,False,5.4889229995230566e-15,0.3654688894748688,0.9221684336662292,0.001138795050792396,0.08497774600982666,0.46149230003356934
burst_medium,26,0.014054441824555397,0.04595797881484032,0.043305810540914536,0.03461326286196709,0.08367625623941422,0.05986090749502182,0.05678091570734978,0.22320646047592163,0.13024374842643738,0.13372841477394104,True,True,1.8607453355912185e-08,0.3443091809749603,0.8169730305671692,0.002841093810275197,0.04595797881484032,0.2501648962497711
burst_medium,27,0.014054441824555397,0.044405851513147354,0.0713183730840683,0.0545908622443676,0.0901753231883049,0.10268951207399368,0.09609954059123993,0.19114987552165985,0.13433142006397247,0.15459811687469482,True,False,9.158695135624839e-09,0.3996434807777405,0.7310940027236938,0.0044020372442901134,0.044405851513147354,0.2601275146007538
burst_medium,28,0.014054441824555397,0.0635489970445633,0.10027964413166046,0.0772886723279953,0.1263192743062973,0.1287756860256195,0.11923083662986755,0.4405098259449005,0.4281642735004425,0.4086984395980835,True,False,9.41221059425068e-12,0.35679906606674194,0.8433319330215454,0.002394801937043667,0.0635489970445633,0.3568284213542938
burst_medium,29,0.014054441824555397,0.06668880581855774,0.10321041196584702,0.07282400876283646,0.12353236973285675,0.12069348245859146,0.10038702934980392,0.4159512519836426,0.3131386339664459,0.31116050481796265,True,False,4.4903035283094805e-12,0.3812083601951599,0.8201472759246826,0.0027865928132086992,0.06668880581855774,0.3672299385070801
burst_medium,30,0.014054441824555397,0.07173442095518112,0.0685858428478241,0.05857206508517265,0.13695381581783295,0.11117329448461533,0.10716433078050613,0.3686743974685669,0.2894483506679535,0.2871776521205902,True,True,3.303451194774758e-14,0.33417338132858276,0.6588773727416992,0.005863763391971588,0.07173442095518112,0.43626707792282104
burst_medium,31,0.014054441824555397,0.09201844036579132,0.09143044054508209,0.08309312164783478,0.1926048845052719,0.14797410368919373,0.14494271576404572,0.409125953912735,0.2880312502384186,0.29480794072151184,True,True,1.2340597698753515e-20,0.32235264778137207,0.7270339727401733,0.004480303730815649,0.09201844036579132,0.6442751884460449
burst_medium,32,0.014054441824555397,0.08686502277851105,0.08689319342374802,0.07453189790248871,0.2014099359512329,0.15901772677898407,0.15561772882938385,0.529287576675415,0.366946280002594,0.3668915331363678,True,True,6.39409993118031e-18,0.4226524829864502,0.8293060660362244,0.002630513394251466,0.08686502277851105,0.5564315915107727
burst_medium,33,0.014054441824555397,0.07458179444074631,0.1572427600622177,0.10514362901449203,0.16582050919532776,0.1831592470407486,0.14996959269046783,0.6340656876564026,0.5912951827049255,0.5770719647407532,True,False,1.1037909343563932e-16,0.4366855025291443,0.7280339598655701,0.0044609857723116875,0.07458179444074631,0.5163968801498413
burst_medium,34,0.014054441824555397,0.07907097041606903,0.08802156150341034,0.07079847157001495,0.17642390727996826,0.14354649186134338,0.1367478370666504,0.466552197933197,0.35351601243019104,0.35637617111206055,True,True,6.10010587940855e-18,0.3810802698135376,0.9035122990608215,0.0014260414754971862,0.07907097041606903,0.5570931434631348
burst_medium,35,0.014054441824555397,0.04635611176490784,0.06149805709719658,0.04952540248632431,0.10269160568714142,0.09819786250591278,0.09215730428695679,0.25048765540122986,0.14883671700954437,0.15726830065250397,True,False,3.419528657629123e-13,0.3482257127761841,0.824101448059082,0.0027189957909286022,0.04635611176490784,0.4034201502799988
burst_medium,36,0.014054441824555397,0.08090303093194962,0.1408969759941101,0.10066044330596924,0.158644899725914,0.17964455485343933,0.1577020287513733,0.45960095524787903,0.3509259819984436,0.3462730348110199,True,False,2.7184063427875124e-15,0.40929192304611206,0.7814508080482483,0.0034658689983189106,0.08090303093194962,0.4713681638240814
burst_medium,37,0.014054441824555397,0.052293770015239716,0.053433336317539215,0.043397292494773865,0.12138814479112625,0.1029636412858963,0.10056561231613159,0.3341374695301056,0.24501000344753265,0.24559877812862396,True,True,1.1203191491366594e-14,0.41134920716285706,0.778364896774292,0.0035214792005717754,0.052293770015239716,0.4514649212360382
burst_medium,38,0.014054441824555397,0.08283419907093048,0.08640656620264053,0.07107903063297272,0.1513204425573349,0.12609057128429413,0.12063039839267731,0.45668888092041016,0.3595098555088043,0.3577386736869812,True,True,5.205396877427937e-12,0.3492012321949005,0.7565211057662964,0.0039215381257236,0.08283419907093048,0.3651530146598816
burst_medium,39,0.014054441824555397,0.04119951277971268,0.063901886343956,0.046755071729421616,0.08532475680112839,0.08064008504152298,0.07144874334335327,0.12274152040481567,0.08521053940057755,0.09101519733667374,True,False,7.157407999613952e-10,0.37614014744758606,0.674782395362854,0.005528525914996862,0.04119951277971268,0.29595425724983215
burst_medium,40,0.014054441824555397,0.09958430379629135,0.08843562752008438,0.07924795895814896,0.1930583119392395,0.14815926551818848,0.14609113335609436,0.5124158263206482,0.3813161551952362,0.38128283619880676,True,True,1.0215399323621624e-18,0.32378968596458435,0.8132838010787964,0.0029047043062746525,0.09958430379629135,0.5822083353996277
burst_medium,41,0.014054441824555397,0.11463101953268051,0.13912825286388397,0.10834980010986328,0.2310805469751358,0.1920701116323471,0.18195785582065582,0.7152886986732483,0.5816053152084351,0.5700626969337463,True,True,7.528584294664283e-23,0.41351643204689026,0.7793478965759277,0.0035037400666624308,0.11463101953268051,0.7159438133239746
burst_medium,42,0.014054441824555397,0.05482613295316696,0.0806703120470047,0.05828385427594185,0.1060149297118187,0.10676124691963196,0.07999144494533539,0.3156457543373108,0.24201996624469757,0.24678286910057068,True,False,1.6772591648894775e-10,0.3364437222480774,0.6969158053398132,0.00507492758333683,0.05482613295316696,0.31634706258773804
burst_medium,43,0.014054441824555397,0.10673482716083527,0.14168034493923187,0.11413723230361938,0.22565482556819916,0.19627253711223602,0.18777954578399658,0.773495614528656,0.6595085859298706,0.6522946357727051,True,False,2.147922125157974e-20,0.34847837686538696,0.9867633581161499,0.0001872762368293479,0.10673482716083527,0.6364863514900208
burst_medium,44,0.014054441824555397,0.09850816428661346,0.10740496963262558,0.09068826586008072,0.18643946945667267,0.1562996208667755,0.1480528861284256,0.469339519739151,0.3349330425262451,0.33962368965148926,True,True,8.880013368745899e-16,0.33575382828712463,0.8374152779579163,0.0024937523994594812,0.09850816428661346,0.48709261417388916
burst_medium,45,0.014054441824555397,0.07855905592441559,0.1046818345785141,0.08230229467153549,0.16220392286777496,0.1599101573228836,0.1521192342042923,0.383102148771286,0.2527780830860138,0.2576489746570587,True,False,2.7732277974414684e-15,0.4044119715690613,0.9472480416297913,0.0007616709335707128,0.07855905592441559,0.4710875451564789
burst_medium,46,0.014054441824555397,0.06624674797058105,0.07168938964605331,0.058798301964998245,0.13637983798980713,0.10756292194128036,0.10331935435533524,0.3864331543445587,0.300144761800766,0.3043293058872223,True,True,1.080039269824029e-12,0.3845916986465454,0.905524492263794,0.0013947758125141263,0.06624674797058105,0.3872564136981964
burst_medium,47,0.014054441824555397,0.06613819301128387,0.07092709839344025,0.06284551322460175,0.12440378218889236,0.1012391597032547,0.0982949286699295,0.2125980705022812,0.14205008745193481,0.14726418256759644,True,True,2.4722991666045746e-13,0.31197410821914673,0.6571251153945923,0.005901191383600235,0.06613819301128387,0.40797877311706543
burst_medium,48,0.014054441824555397,0.09397555887699127,0.13483381271362305,0.10578261315822601,0.2005842626094818,0.18266327679157257,0.17070898413658142,0.6804221868515015,0.5297116637229919,0.5342684984207153,True,False,1.2608403884416093e-20,0.37752822041511536,0.9194812774658203,0.0011798084015026689,0.09397555887699127,0.6439734697341919
burst_medium,49,0.014054441824555397,0.11146519333124161,0.13344436883926392,0.10822953283786774,0.22117607295513153,0.1894826740026474,0.18059681355953217,0.7072116136550903,0.6237878203392029,0.6147140264511108,True,True,3.5024045288194147e-20,0.39402955770492554,0.7669385075569153,0.003729327116161585,0.11146519333124161,0.6296144127845764
burst_medium,50,0.014054441824555397,0.04519641399383545,0.04008162021636963,0.03256095573306084,0.08243976533412933,0.05660095810890198,0.05410449951887131,0.23099079728126526,0.1387578696012497,0.13925305008888245,True,True,1.961025120067461e-08,0.37329840660095215,0.8575466275215149,0.0021598830353468657,0.04519641399383545,0.2494271844625473
burst_medium,51,0.014054441824555397,0.07313218712806702,0.07922200113534927,0.06980842351913452,0.1392887830734253,0.11998821049928665,0.11710221320390701,0.3366043269634247,0.2585541009902954,0.26099228858947754,True,True,7.743262628312486e-12,0.31493669748306274,0.7850878834724426,0.003400607267394662,0.07313218712806702,0.359571635723114
burst_medium,52,0.014054441824555397,0.045023854821920395,0.055690355598926544,0.03727605193853378,0.09918125718832016,0.07724258303642273,0.0695841833949089,0.32424721121788025,0.2646613121032715,0.2678842842578888,True,True,5.419518167570914e-10,0.4959067702293396,0.9071686267852783,0.0013692809734493494,0.045023854821920395,0.29986336827278137
burst_medium,53,0.014054441824555397,0.11064229905605316,0.1492486298084259,0.10813754796981812,0.23306675255298615,0.20237261056900024,0.17817990481853485,0.5613638162612915,0.42879483103752136,0.4194040596485138,True,True,1.5539676308640085e-22,0.3817928433418274,0.6851460933685303,0.005314310546964407,0.11064229905605316,0.7057586908340454
burst_medium,54,0.014054441824555397,0.12841452658176422,0.1405763477087021,0.11649471521377563,0.24335519969463348,0.2107311487197876,0.20347566902637482,0.7105088233947754,0.5220918655395508,0.5343436598777771,True,True,3.593393349299785e-18,0.3858261704444885,0.8063938617706299,0.0030242770444601774,0.12841452658176422,0.5645308494567871
burst_medium,55,0.014054441824555397,0.08154714852571487,0.12247363477945328,0.09788313508033752,0.18223837018013,0.16828641295433044,0.15267202258110046,0.5898325443267822,0.42785775661468506,0.4334130883216858,True,False,6.233894617622081e-16,0.3641517460346222,0.8267087340354919,0.0026746001094579697,0.08154714852571487,0.4920651316642761
burst_medium,56,0.014054441824555397,0.07694923877716064,0.09706473350524902,0.07754453271627426,0.17830988764762878,0.16039840877056122,0.15573465824127197,0.3788645565509796,0.26212945580482483,0.2652226388454437,True,False,1.440441332707332e-20,0.4233502447605133,0.6929382085800171,0.005155372433364391,0.07694923877716064,0.6421018242835999
burst_medium,57,0.014054441824555397,0.08500400930643082,0.10964168608188629,0.09472988545894623,0.16445693373680115,0.1645723134279251,0.15933175384998322,0.29056382179260254,0.198744997382164,0.20035430788993835,True,False,3.535120126859671e-14,0.32888203859329224,0.7412453293800354,0.004208231810480356,0.08500400930643082,0.43531447649002075
burst_medium,58,0.014054441824555397,0.1108124628663063,0.10921873152256012,0.0956493467092514,0.21708178520202637,0.18290722370147705,0.17822864651679993,0.5058743357658386,0.38647890090942383,0.3787277340888977,True,True,3.3824093535395595e-18,0.31267374753952026,0.7131320834159851,0.0047516473568975925,0.1108124628663063,0.5653812885284424
burst_medium,59,0.014054441824555397,0.09877918660640717,0.09418712556362152,0.08575387299060822,0.22895878553390503,0.1848400980234146,0.18292446434497833,0.5114940404891968,0.39158734679222107,0.3942316174507141,True,True,8.765752959056224e-23,0.3274453282356262,0.6765860319137573,0.005491009913384914,0.09877918660640717,0.7138054966926575
burst_medium,60,0.014054441824555397,0.08180990815162659,0.13758017122745514,0.10186846554279327,0.17043256759643555,0.1593942493200302,0.1384860724210739,0.5410568714141846,0.42369556427001953,0.4293946623802185,True,False,3.4911747118986977e-19,0.3196510672569275,0.7973021268844604,0.003183634951710701,0.08180990815162659,0.5972980260848999
burst_medium,61,0.014054441824555397,0.08088365197181702,0.07218994200229645,0.06087462231516838,0.16415654122829437,0.11372459679841995,0.11107926815748215,0.4591694474220276,0.2940506637096405,0.2958306670188904,True,True,5.2140637727543515e-15,0.3599204421043396,0.8256744742393494,0.0026921944227069616,0.08088365197181702,0.46221429109573364
burst_medium,62,0.014054441824555397,0.09829530864953995,0.08701950311660767,0.07652565836906433,0.20802059769630432,0.15402881801128387,0.1505035161972046,0.6601290106773376,0.4996953010559082,0.4935756027698517,True,True,4.6632591022602815e-23,0.37739431858062744,0.9930332899093628,9.825579036260024e-05,0.09829530864953995,0.7226758003234863
burst_medium,63,0.014054441824555397,0.06707119941711426,0.053340256214141846,0.04854840412735939,0.16520780324935913,0.12049797177314758,0.11980584263801575,0.43276748061180115,0.25647932291030884,0.25386127829551697,True,True,3.617594437437539e-21,0.36419397592544556,0.9164820909500122,0.0012257264461368322,0.06707119941711426,0.6615211963653564
burst_medium,64,0.014054441824555397,0.06970775127410889,0.07329973578453064,0.05844825506210327,0.1498735249042511,0.1132095605134964,0.10908680409193039,0.4479132890701294,0.3136320114135742,0.3151705265045166,True,True,1.2177104044888958e-14,0.43144258856773376,0.8591646552085876,0.002133389702066779,0.06970775127410889,0.4502933621406555
burst_medium,65,0.014054441824555397,0.07169471681118011,0.06907911598682404,0.05762162804603577,0.18770653009414673,0.14058849215507507,0.13806027173995972,0.5798920392990112,0.39159002900123596,0.40138301253318787,True,True,5.5951473329662155e-25,0.34952762722969055,0.8407800197601318,0.0024373943451792,0.07169471681118011,0.7848383784294128
burst_medium,66,0.014054441824555397,0.04877606779336929,0.04710846766829491,0.03752041235566139,0.09890218079090118,0.07106422632932663,0.06664562225341797,0.30686667561531067,0.20299647748470306,0.20442020893096924,True,True,1.5547856405118132e-11,0.30312132835388184,0.8296737670898438,0.002624283544719219,0.04877606779336929,0.3497742712497711
burst_medium,67,0.014054441824555397,0.06924092769622803,0.15358558297157288,0.11118829250335693,0.16420966386795044,0.20468537509441376,0.17821742594242096,0.4755411446094513,0.30232396721839905,0.2990614175796509,True,False,1.0551049312162153e-19,0.4352610111236572,0.8481823205947876,0.0023141992278397083,0.06924092769622803,0.6141155362129211
burst_medium,68,0.014054441824555397,0.042244765907526016,0.04013088345527649,0.035178810358047485,0.08245942741632462,0.06076381728053093,0.05800795555114746,0.27131029963493347,0.21821065247058868,0.21338732540607452,True,True,7.317462746847525e-10,0.3417852222919464,0.6906189322471619,0.005202492233365774,0.042244765907526016,0.2956434488296509
burst_medium,69,0.014054441824555397,0.08163657039403915,0.12060252577066422,0.09208664298057556,0.17775030434131622,0.15403121709823608,0.14096026122570038,0.5047555565834045,0.40060001611709595,0.41102591156959534,True,False,5.225921348932656e-19,0.35667723417282104,0.6817982792854309,0.005383152049034834,0.08163657039403915,0.5916285514831543
burst_medium,70,0.014054441824555397,0.06556742638349533,0.09851287305355072,0.07711245119571686,0.15224315226078033,0.137559175491333,0.12883391976356506,0.5276800990104675,0.4269205331802368,0.43670323491096497,True,False,3.52695709763167e-18,0.3552473187446594,0.6376021504402161,0.006325071677565575,0.06556742638349533,0.5647931694984436
burst_medium,71,0.014054441824555397,0.04230206087231636,0.06619332730770111,0.04923243448138237,0.08939503133296967,0.09290898591279984,0.08343759179115295,0.5975387096405029,0.5491716265678406,0.5444880723953247,True,False,1.885130593293205e-11,0.37192434072494507,0.8414754271507263,0.00242577469907701,0.04230206087231636,0.3470665514469147
burst_medium,72,0.014054441824555397,0.04700745642185211,0.0577750988304615,0.04426036775112152,0.1048184335231781,0.09188462048768997,0.08432091772556305,0.36259061098098755,0.24633173644542694,0.24877265095710754,True,True,6.030516364052829e-12,0.41859525442123413,0.8110309839248657,0.0029436887707561255,0.04700745642185211,0.3630850911140442
burst_medium,73,0.014054441824555397,0.057181842625141144,0.06610355526208878,0.0547340102493763,0.1200874000787735,0.10929349809885025,0.10626739263534546,0.2860267758369446,0.21490424871444702,0.2178698033094406,True,True,3.116946371145568e-12,0.4030320644378662,0.7363457083702087,0.004301439970731735,0.057181842625141144,0.3723607361316681
burst_medium,74,0.014054441824555397,0.05477675795555115,0.08527716249227524,0.06358566135168076,0.12233492732048035,0.1195453479886055,0.10973955690860748,0.48489442467689514,0.4454996883869171,0.4477468430995941,True,False,2.611791262863844e-13,0.4293909966945648,0.8533859848976135,0.0022282383870333433,0.05477675795555115,0.40720734000205994
burst_medium,75,0.014054441824555397,0.0610232874751091,0.056547366082668304,0.047420017421245575,0.13790211081504822,0.10051921010017395,0.0986081212759018,0.33599236607551575,0.21572929620742798,0.2229040563106537,True,True,1.356258037836153e-15,0.3883717954158783,0.7564100027084351,0.003923602867871523,0.0610232874751091,0.4811404347419739
burst_medium,76,0.014054441824555397,0.10453037917613983,0.09401580691337585,0.08419903367757797,0.2600284814834595,0.19531148672103882,0.1933954805135727,0.5883708596229553,0.4306388795375824,0.43040013313293457,True,True,1.5633937583242576e-27,0.3477817177772522,0.7028999924659729,0.004954761825501919,0.10453037917613983,0.8674814701080322
burst_medium,77,0.014054441824555397,0.06645121425390244,0.07295013964176178,0.0642080083489418,0.148341104388237,0.1371019035577774,0.13570646941661835,0.264976441860199,0.1922871470451355,0.19427521526813507,True,True,2.380250097493392e-17,0.3491375148296356,0.8226495385169983,0.0027437780518084764,0.06645121425390244,0.5379582047462463
burst_medium,78,0.014054441824555397,0.04356641322374344,0.04823324829339981,0.039043691009283066,0.10165055841207504,0.08090393245220184,0.07789064943790436,0.27243638038635254,0.184962660074234,0.18980464339256287,True,True,6.665805602802666e-13,0.37701016664505005,0.7974122166633606,0.0031816945411264896,0.04356641322374344,0.39403897523880005
burst_medium,79,0.014054441824555397,0.057508356869220734,0.06769875437021255,0.0550498440861702,0.14463865756988525,0.12801338732242584,0.12441395968198776,0.27810993790626526,0.18444760143756866,0.19265298545360565,True,True,1.0698098915715718e-17,0.3972579538822174,0.7118624448776245,0.00477669108659029,0.057508356869220734,0.5491979122161865
burst_medium,80,0.014054441824555397,0.08191931992769241,0.08172515779733658,0.06415322422981262,0.15394166111946106,0.11043139547109604,0.10323477536439896,0.30421170592308044,0.20467591285705566,0.2084970921278,True,True,3.0804785805527146e-13,0.38962551951408386,0.8503758311271667,0.0022779004648327827,0.08191931992769241,0.40488767623901367
burst_medium,81,0.014054441824555397,0.0517447404563427,0.05245893448591232,0.04546269029378891,0.11967884004116058,0.09360133856534958,0.09141837060451508,0.35818660259246826,0.24768337607383728,0.2517983615398407,True,True,1.8560704747916422e-15,0.3595685660839081,0.7869594097137451,0.0033671436831355095,0.0517447404563427,0.4767310917377472
burst_medium,82,0.014054441824555397,0.06192309781908989,0.0677080750465393,0.05076251178979874,0.11999030411243439,0.08552159368991852,0.07521570473909378,0.34915685653686523,0.25471198558807373,0.25737032294273376,True,True,8.24637146762397e-12,0.3599328100681305,0.7729247212409973,0.003620053408667445,0.06192309781908989,0.3586868941783905
burst_medium,83,0.014054441824555397,0.07308986037969589,0.0859733447432518,0.06694937497377396,0.15035805106163025,0.12707547843456268,0.11852240562438965,0.4786412715911865,0.36463868618011475,0.3555757999420166,True,True,7.274804300898708e-15,0.3870832026004791,0.8981210589408875,0.0015101555036380887,0.07308986037969589,0.4575333595275879
burst_medium,84,0.014054441824555397,0.08236507326364517,0.16989240050315857,0.1208047866821289,0.19031749665737152,0.19614142179489136,0.1699405163526535,0.6371893286705017,0.5289696455001831,0.49340614676475525,True,False,6.01512978310204e-21,0.36443328857421875,0.9086906313896179,0.0013457213062793016,0.08236507326364517,0.6543749570846558
burst_medium,85,0.014054441824555397,0.1011456698179245,0.12341032177209854,0.09552060067653656,0.22020401060581207,0.1710144430398941,0.1611722707748413,0.5771399140357971,0.5013575553894043,0.5077847838401794,True,True,3.2904488817731186e-24,0.36875423789024353,0.7791635394096375,0.0035070651210844517,0.1011456698179245,0.7599380016326904
burst_medium,86,0.014054441824555397,0.09779046475887299,0.09187941253185272,0.0758608728647232,0.2118476778268814,0.15458835661411285,0.1499273031949997,0.4561736285686493,0.3128255605697632,0.30384156107902527,True,True,2.2413355852854575e-22,0.3592272698879242,0.8674453496932983,0.0019985802937299013,0.09779046475887299,0.7006111145019531
burst_medium,87,0.014054441824555397,0.06611552089452744,0.08512575924396515,0.06622061878442764,0.12963691353797913,0.1096821054816246,0.10108640789985657,0.6337938904762268,0.5561844706535339,0.5508778691291809,True,False,1.332539634191221e-11,0.37203526496887207,0.7851262092590332,0.0033999215811491013,0.06611552089452744,0.35194218158721924
burst_medium,88,0.014054441824555397,0.09110252559185028,0.09735710918903351,0.08449291437864304,0.17107951641082764,0.13785959780216217,0.13376843929290771,0.399343341588974,0.24844086170196533,0.25213146209716797,True,True,1.7502399284304238e-16,0.33374732732772827,0.8548517823219299,0.0022041182965040207,0.09110252559185028,0.5099177360534668
burst_medium,89,0.014054441824555397,0.06034114211797714,0.0742451399564743,0.057899005711078644,0.12260766327381134,0.10463293641805649,0.09843844175338745,0.2875472903251648,0.17475035786628723,0.18525376915931702,True,True,2.0626557374007343e-13,0.3826216757297516,0.9694744944572449,0.0004357034049462527,0.06034114211797714,0.41052478551864624
burst_medium,90,0.014054441824555397,0.074952132999897,0.11204509437084198,0.08737708628177643,0.1415061056613922,0.15026015043258667,0.14115551114082336,0.47043377161026,0.46384021639823914,0.4574890434741974,True,False,1.0281735315573193e-12,0.3582882285118103,0.9275379180908203,0.0010571974562481046,0.074952132999897,0.38794809579849243
burst_medium,91,0.014054441824555397,0.07384546101093292,0.06642596423625946,0.06132102012634277,0.16277901828289032,0.12564007937908173,0.12486916780471802,0.37811312079429626,0.2490280717611313,0.24864256381988525,True,True,4.4069643333850835e-20,0.3084861934185028,0.7859487533569336,0.003385204588994384,0.07384546101093292,0.6263856291770935
burst_medium,92,0.014054441824555397,0.10116122663021088,0.10481022298336029,0.09458277374505997,0.18886275589466095,0.16558486223220825,0.16318543255329132,0.47181394696235657,0.3585999011993408,0.35937267541885376,True,True,5.203053932626822e-16,0.3402857482433319,0.7642247676849365,0.003779146121814847,0.10116122663021088,0.49460554122924805
burst_medium,93,0.014054441824555397,0.06258173286914825,0.049495965242385864,0.044886596500873566,0.12431298941373825,0.08246255666017532,0.08099177479743958,0.4053455889225006,0.2592962384223938,0.26008760929107666,True,True,5.7252596760704044e-12,0.2938869595527649,0.7502729296684265,0.004038096871227026,0.06258173286914825,0.36381515860557556
burst_medium,94,0.014054441824555397,0.0978124663233757,0.09799058735370636,0.09046854078769684,0.18766862154006958,0.16372700035572052,0.16252213716506958,0.6039609909057617,0.5064802169799805,0.513576090335846,True,True,1.9982497195486048e-16,0.32339388132095337,0.912047803401947,0.001293892040848732,0.0978124663233757,0.5080552697181702
burst_medium,95,0.014054441824555397,0.0748744010925293,0.08158060908317566,0.06714845448732376,0.16554398834705353,0.13706929981708527,0.13020235300064087,0.5270498394966125,0.4289887547492981,0.42001453042030334,True,True,5.75525535736999e-17,0.3608691990375519,0.7112542390823364,0.004788704216480255,0.0748744010925293,0.5255494713783264
burst_medium,96,0.014054441824555397,0.07206559181213379,0.07856012880802155,0.06439622491598129,0.14800025522708893,0.12439622730016708,0.11954116076231003,0.37712016701698303,0.26530250906944275,0.2655741274356842,True,True,6.266583207243401e-16,0.3538901209831238,0.9202289581298828,0.0011683847988024354,0.07206559181213379,0.4919916093349457
burst_medium,97,0.014054441824555397,0.04910341277718544,0.06404757499694824,0.04686962068080902,0.09913498908281326,0.08177006244659424,0.07359668612480164,0.23578424751758575,0.14461414515972137,0.15373466908931732,True,True,1.9743427726037766e-10,0.40322357416152954,0.958068311214447,0.0006020388100296259,0.04910341277718544,0.3140551447868347
burst_medium,98,0.014054441824555397,0.08164715766906738,0.1127459853887558,0.08557114750146866,0.16597595810890198,0.1562967598438263,0.14186343550682068,0.3035782277584076,0.22327350080013275,0.2345975935459137,True,False,3.909024626098584e-17,0.35469359159469604,0.8303536176681519,0.002612771699205041,0.08164715766906738,0.5309860706329346
burst_medium,99,0.014054441824555397,0.07820911705493927,0.09235049784183502,0.07740768790245056,0.1666884422302246,0.13661715388298035,0.13110430538654327,0.6498119831085205,0.4910169839859009,0.48951053619384766,True,True,1.4390313258050529e-18,0.35522180795669556,0.7482882142066956,0.004075325094163418,0.07820911705493927,0.5773924589157104
burst_medium,100,0.014054441824555397,0.08162395656108856,0.13395185768604279,0.09706543385982513,0.22657401859760284,0.19327256083488464,0.17984019219875336,0.7947232723236084,0.6878116130828857,0.6978307962417603,True,False,3.5207789896393844e-30,0.3994908630847931,0.7041428685188293,0.00492993276566267,0.08162395656108856,0.9531563520431519
burst_medium,101,0.014054441824555397,0.07110415399074554,0.11143146455287933,0.08642157167196274,0.1681460291147232,0.15640071034431458,0.1457616239786148,0.3810279667377472,0.2469104528427124,0.2427922636270523,True,False,6.91571358734152e-22,0.35172176361083984,0.8954386711120605,0.001552194356918335,0.07110415399074554,0.6847756505012512
burst_medium,102,0.014054441824555397,0.05298437550663948,0.07436220347881317,0.05770847946405411,0.12970788776874542,0.11522770673036575,0.109642393887043,0.30828407406806946,0.2292066067457199,0.2383718192577362,True,False,8.669242587060365e-17,0.4068130552768707,0.8054430484771729,0.0030408580787479877,0.05298437550663948,0.5197917819023132
burst_medium,103,0.014054441824555397,0.059646766632795334,0.09323391318321228,0.066036656498909,0.154619500041008,0.1326339989900589,0.12033796310424805,0.41202712059020996,0.2835672199726105,0.2909838855266571,True,False,7.521702751754566e-21,0.4487667977809906,0.9652495980262756,0.0004970856243744493,0.059646766632795334,0.6512335538864136
burst_medium,104,0.014054441824555397,0.09216001629829407,0.09825990349054337,0.08345375210046768,0.19355742633342743,0.1616041511297226,0.15689201653003693,0.552878737449646,0.3964582681655884,0.41491320729255676,True,True,1.9508099935067027e-20,0.31171318888664246,0.7870702147483826,0.0033651648554950953,0.09216001629829407,0.637839138507843
burst_medium,105,0.014054441824555397,0.06182171031832695,0.06349460035562515,0.05417080968618393,0.1484946757555008,0.11695152521133423,0.11547353863716125,0.29177534580230713,0.199808269739151,0.20429719984531403,True,True,1.5304974424235633e-18,0.413839727640152,0.7693966031074524,0.0036843535490334034,0.06182171031832695,0.576526403427124
burst_medium,106,0.014054441824555397,0.06459461152553558,0.0652812048792839,0.057833969593048096,0.13484826683998108,0.11692050844430923,0.1144241988658905,0.3323470950126648,0.25446757674217224,0.2619430422782898,True,True,5.56003214389339e-13,0.3143054246902466,0.6752665042877197,0.005518445745110512,0.06459461152553558,0.3965882658958435
burst_medium,107,0.014054441824555397,0.06714530289173126,0.17885929346084595,0.1105378270149231,0.16772744059562683,0.19489426910877228,0.1430578976869583,0.6132176518440247,0.43538621068000793,0.435952365398407,True,False,1.2862546855816886e-17,0.43013232946395874,0.7656522989273071,0.003752916818484664,0.06714530289173126,0.5466083288192749
burst_medium,108,0.014054441824555397,0.09340374916791916,0.14948950707912445,0.11092027276754379,0.21076829731464386,0.1930496096611023,0.17531369626522064,0.6232587695121765,0.5572291612625122,0.5458141565322876,True,False,4.847815024024432e-25,0.3593115508556366,0.7499893307685852,0.004043411463499069,0.09340374916791916,0.7868533730506897
burst_medium,109,0.014054441824555397,0.0826718732714653,0.09373828023672104,0.08363359421491623,0.17482773959636688,0.1679576188325882,0.16602832078933716,0.4497377276420593,0.35775992274284363,0.35136517882347107,True,False,5.6325338697544025e-19,0.35116255283355713,0.871457040309906,0.0019337328849360347,0.0826718732714653,0.5905754566192627
burst_medium,110,0.014054441824555397,0.11049308627843857,0.13648393750190735,0.1089787483215332,0.2100549340248108,0.17749673128128052,0.1669989675283432,0.6443923711776733,0.5230754017829895,0.5332654118537903,True,True,1.5999647692333842e-16,0.387217253446579,0.8035778999328613,0.0030734408646821976,0.11049308627843857,0.5111794471740723
burst_medium,111,0.014054441824555397,0.0695476084947586,0.07527696341276169,0.06532727181911469,0.13316060602664948,0.10937101393938065,0.1063552275300026,0.3718876540660858,0.2475665807723999,0.2505848705768585,True,True,1.832372144641714e-12,0.35804957151412964,0.715178906917572,0.004711366258561611,0.0695476084947586,0.3798270523548126
burst_medium,112,0.014054441824555397,0.06554581969976425,0.06386898458003998,0.05269845575094223,0.14503362774848938,0.115146704018116,0.11150956153869629,0.27180615067481995,0.21233215928077698,0.20505821704864502,True,True,7.240260908175644e-13,0.4094708561897278,0.8950561285018921,0.0015581999905407429,0.06554581969976425,0.39287716150283813
burst_medium,113,0.014054441824555397,0.05692858621478081,0.08524949103593826,0.06627257913351059,0.12025151401758194,0.12202779948711395,0.1134125143289566,0.5252067446708679,0.4783906042575836,0.4920445680618286,True,False,5.092051997071523e-13,0.33822840452194214,0.8033252954483032,0.0030778597574681044,0.05692858621478081,0.3978239893913269
burst_medium,114,0.014054441824555397,0.06184776499867439,0.12479646503925323,0.0829557329416275,0.1303582340478897,0.14601707458496094,0.12109988182783127,0.5561087727546692,0.528856098651886,0.5292805433273315,True,False,1.3675023570122735e-12,0.4096195697784424,0.8079276084899902,0.002997571136802435,0.06184776499867439,0.3839397430419922
burst_medium,115,0.014054441824555397,0.05355895683169365,0.0765513926744461,0.05271896719932556,0.12176245450973511,0.09877339005470276,0.08523676544427872,0.6657795906066895,0.5801297426223755,0.5713562965393066,True,True,1.5286422233823198e-14,0.3865230679512024,0.8648899793624878,0.002040044404566288,0.05355895683169365,0.4470972418785095
burst_medium,116,0.014054441824555397,0.0719645693898201,0.08269701898097992,0.07118973881006241,0.13544322550296783,0.11211716383695602,0.10753440856933594,0.3033064305782318,0.22826774418354034,0.23422080278396606,True,True,5.079424728049453e-12,0.2879563271999359,0.7903122901916504,0.0033073911909013987,0.0719645693898201,0.36549732089042664
burst_medium,117,0.014054441824555397,0.07518000900745392,0.08007581532001495,0.06992905586957932,0.16235938668251038,0.1412619948387146,0.13898757100105286,0.38564711809158325,0.2580522298812866,0.2649984061717987,True,True,1.2971726166373818e-19,0.37917450070381165,0.902431309223175,0.0014428672147914767,0.07518000900745392,0.6112126111984253
burst_medium,118,0.014054441824555397,0.06759702414274216,0.0931955873966217,0.0678752139210701,0.15613187849521637,0.13765953481197357,0.1256287842988968,0.4862745702266693,0.2884993851184845,0.30778947472572327,True,False,5.1627574651268314e-17,0.4513952136039734,0.9744175672531128,0.00036422564880922437,0.06759702414274216,0.5270763635635376
burst_medium,119,0.014054441824555397,0.08394239842891693,0.09310884773731232,0.08082695305347443,0.1765107661485672,0.146482452750206,0.14353983104228973,0.27179279923439026,0.18718186020851135,0.1928855925798416,True,True,1.4919263465023395e-19,0.3282124698162079,0.8825514912605286,0.0017559360712766647,0.08394239842891693,0.6092466711997986
burst_medium,120,0.014054441824555397,0.039890728890895844,0.1070830374956131,0.06848614662885666,0.07704366743564606,0.11831642687320709,0.08798065036535263,0.42894166707992554,0.4004516005516052,0.3983593285083771,True,False,3.2303528740840193e-09,0.3932074010372162,0.8396972417831421,0.0024555055424571037,0.039890728890895844,0.27477380633354187
burst_medium,121,0.014054441824555397,0.04539627581834793,0.04148348048329353,0.03740651160478592,0.08393888175487518,0.07425493746995926,0.07331518083810806,0.13142423331737518,0.0935019701719284,0.09853437542915344,True,True,1.8723826933353394e-09,0.31824859976768494,0.6364515423774719,0.006350457202643156,0.04539627581834793,0.28243881464004517
burst_medium,122,0.014054441824555397,0.05763287469744682,0.07152582705020905,0.05436858534812927,0.11010795831680298,0.08366550505161285,0.07473823428153992,0.5775303244590759,0.5696544051170349,0.5714125037193298,True,True,9.186491012336262e-10,0.3350604176521301,0.7418129444122314,0.0041974736377596855,0.05763287469744682,0.29244646430015564
burst_medium,123,0.014054441824555397,0.06443923711776733,0.06419297307729721,0.04871867969632149,0.13643699884414673,0.0899500772356987,0.08290918916463852,0.4247884750366211,0.2662805914878845,0.2683979272842407,True,True,2.2547644361412683e-15,0.3584146201610565,0.7866371870040894,0.003372899955138564,0.06443923711776733,0.4739963412284851
burst_medium,124,0.014054441824555397,0.10200975090265274,0.09895582497119904,0.08741935342550278,0.1908940225839615,0.15579280257225037,0.15007762610912323,0.5968594551086426,0.44882234930992126,0.4481510818004608,True,True,3.362149715104666e-17,0.29654839634895325,0.8447827696800232,0.0023706441279500723,0.10200975090265274,0.5331041812896729
burst_medium,125,0.014054441824555397,0.08087308704853058,0.13100406527519226,0.09657970815896988,0.1646692007780075,0.15923933684825897,0.14280198514461517,0.4427774250507355,0.3856907784938812,0.3769269585609436,True,False,3.56576923915327e-18,0.38304752111434937,0.8498423099517822,0.0022867207881063223,0.08087308704853058,0.5646393299102783
burst_medium,126,0.014054441824555397,0.0694720596075058,0.10156778246164322,0.08108524978160858,0.1365915834903717,0.1266430765390396,0.11683040112257004,0.3991975784301758,0.302890419960022,0.30399778485298157,True,False,1.6651225754130139e-12,0.32938313484191895,0.6187307238578796,0.006747327744960785,0.0694720596075058,0.381172239780426
burst_medium,127,0.014054441824555397,0.061055999249219894,0.07085084915161133,0.04871458560228348,0.12331369519233704,0.08661191165447235,0.07557163387537003,0.4231398403644562,0.2422340214252472,0.2501889765262604,True,True,2.2898504381703433e-13,0.42882952094078064,0.8710547685623169,0.001940221874974668,0.061055999249219894,0.4090562164783478
burst_medium,128,0.014054441824555397,0.07405908405780792,0.08567001670598984,0.07482784986495972,0.1353776454925537,0.12112583965063095,0.11617891490459442,0.38576221466064453,0.29144179821014404,0.29288071393966675,True,False,8.324032652398672e-14,0.2914111316204071,0.6820479035377502,0.005378008354455233,0.07405908405780792,0.42327824234962463
burst_medium,129,0.014054441824555397,0.08314810693264008,0.08128015697002411,0.06965894997119904,0.1528327465057373,0.12426929175853729,0.12161312997341156,0.5677329301834106,0.4744735360145569,0.47107139229774475,True,True,1.572419278117465e-12,0.3652626872062683,0.845792829990387,0.002353849820792675,0.08314810693264008,0.3819773197174072
burst_medium,130,0.014054441824555397,0.056760381907224655,0.06350459903478622,0.04877904802560806,0.12536239624023438,0.09179486334323883,0.08627074211835861,0.4449843764305115,0.34946122765541077,0.34835875034332275,True,True,9.07144016784741e-16,0.3519923686981201,0.7743832468986511,0.003593557747080922,0.056760381907224655,0.4867928922176361
burst_medium,131,0.014054441824555397,0.11834840476512909,0.20040464401245117,0.15406052768230438,0.23883095383644104,0.24160097539424896,0.21447917819023132,0.7939133048057556,0.6683374047279358,0.6604588627815247,True,False,2.251207983876794e-21,0.3157992959022522,0.8399854898452759,0.0024506819900125265,0.11834840476512909,0.6681877970695496
burst_medium,132,0.014054441824555397,0.07456599175930023,0.07791388034820557,0.07292203605175018,0.15431056916713715,0.14333784580230713,0.14096389710903168,0.4372875988483429,0.3376675844192505,0.3443191647529602,True,True,2.302546987711235e-13,0.3550443947315216,0.6458341479301453,0.006144778337329626,0.07456599175930023,0.40897849202156067
burst_medium,133,0.014054441824555397,0.09544985741376877,0.13250885903835297,0.11508679389953613,0.183414027094841,0.19317768514156342,0.18511797487735748,0.42933395504951477,0.29512113332748413,0.30325841903686523,True,False,1.4682919869441095e-19,0.28198036551475525,0.7941083908081055,0.003240044694393873,0.09544985741376877,0.6094710826873779
burst_medium,134,0.014054441824555397,0.028182363137602806,0.02710876241326332,0.02207036502659321,0.04639652371406555,0.035464633256196976,0.03257270157337189,0.16908423602581024,0.11409617215394974,0.11770545691251755,True,True,4.377776349429041e-05,0.3489955961704254,0.9595730304718018,0.0005799821810796857,0.028182363137602806,0.14105577766895294
burst_medium,135,0.014054441824555397,0.10603250563144684,0.11303655803203583,0.09649606049060822,0.2167995274066925,0.17158985137939453,0.16697683930397034,0.4923783838748932,0.3135879337787628,0.31655368208885193,True,True,8.78906158999497e-22,0.323621541261673,0.8039931654930115,0.0030661807395517826,0.10603250563144684,0.6814066171646118
burst_medium,136,0.014054441824555397,0.0487653985619545,0.06723307818174362,0.056167881935834885,0.09384983032941818,0.08890359848737717,0.08065149188041687,0.2815210223197937,0.20872485637664795,0.20539316534996033,True,False,4.588505964076006e-10,0.3105526566505432,0.7274088263511658,0.00447305990383029,0.0487653985619545,0.3022027611732483
burst_medium,137,0.014054441824555397,0.09861442446708679,0.09034508466720581,0.08295579254627228,0.1924332231283188,0.151026651263237,0.14969800412654877,0.5067688226699829,0.393300861120224,0.3902628421783447,True,True,1.3250714593147195e-17,0.3240357041358948,0.7849646210670471,0.003402813570573926,0.09861442446708679,0.5461904406547546
burst_medium,138,0.014054441824555397,0.05002585053443909,0.08954054117202759,0.06747178733348846,0.11368993669748306,0.12312815338373184,0.10572758316993713,0.25159215927124023,0.19684000313282013,0.193733349442482,True,False,7.755666599120869e-15,0.338318794965744,0.6251567602157593,0.006602114532142878,0.05002585053443909,0.4566337764263153
burst_medium,139,0.014054441824555397,0.059825994074344635,0.059032268822193146,0.05327746272087097,0.10801462829113007,0.09796976298093796,0.09570424258708954,0.2067895233631134,0.1705026775598526,0.16872386634349823,True,True,1.9708614948377168e-11,0.30883222818374634,0.6788281798362732,0.005444511771202087,0.059825994074344635,0.34644150733947754
burst_medium,140,0.014054441824555397,0.07461898028850555,0.09000249207019806,0.07346919924020767,0.14514189958572388,0.11800556629896164,0.11183857172727585,0.5249059796333313,0.4690273106098175,0.46119722723960876,True,True,1.6754628825825513e-13,0.32952484488487244,0.8130377531051636,0.002908956492319703,0.07461898028850555,0.4134467840194702
burst_medium,141,0.014054441824555397,0.0738467127084732,0.07729952037334442,0.06658253818750381,0.1372302770614624,0.11559472978115082,0.11250417679548264,0.2878580093383789,0.2152150720357895,0.2185368835926056,True,True,2.250342490475732e-12,0.2997044026851654,0.6198232173919678,0.006722534541040659,0.0738467127084732,0.3769392669200897
burst_medium,142,0.014054441824555397,0.09376534074544907,0.1088685542345047,0.08917324244976044,0.22403965890407562,0.1833328902721405,0.1786922812461853,0.6226990222930908,0.4872472286224365,0.48122432827949524,True,True,5.07836872937205e-27,0.39631596207618713,0.8259438276290894,0.002687609987333417,0.09376534074544907,0.850923478603363
burst_medium,143,0.014054441824555397,0.032912321388721466,0.0365973636507988,0.024962786585092545,0.06363134831190109,0.04639558121562004,0.03793255239725113,0.35819751024246216,0.33285701274871826,0.3298737406730652,True,True,3.5203871107114537e-07,0.4204394221305847,0.9242362976074219,0.0011073141358792782,0.032912321388721466,0.20884232223033905
burst_medium,144,0.014054441824555397,0.048276614397764206,0.07675640285015106,0.06255565583705902,0.11115305125713348,0.11932773143053055,0.11535286903381348,0.3002433180809021,0.24598811566829681,0.24916546046733856,True,False,2.205787974691488e-14,0.3698519170284271,0.8272969126701355,0.0026646042242646217,0.048276614397764206,0.4419434070587158
burst_medium,145,0.014054441824555397,0.07056863605976105,0.10688062012195587,0.08288371562957764,0.16005168855190277,0.1565510779619217,0.14813920855522156,0.6268719434738159,0.5746206045150757,0.5507413744926453,True,False,7.462752348920736e-18,0.3806575536727905,0.8186929225921631,0.002811537589877844,0.07056863605976105,0.5542594790458679
burst_medium,146,0.014054441824555397,0.08478172868490219,0.17990747094154358,0.13148637115955353,0.17334724962711334,0.1925586462020874,0.158121258020401,0.582370936870575,0.457011878490448,0.46954628825187683,True,False,1.5844871074145932e-18,0.32227781414985657,0.8958826065063477,0.0015452280640602112,0.08478172868490219,0.5760391354560852
burst_medium,147,0.014054441824555397,0.0762261301279068,0.118691585958004,0.09307876229286194,0.16201390326023102,0.16781874001026154,0.15576285123825073,0.5135928988456726,0.39577651023864746,0.403685986995697,True,False,1.0945031353716885e-17,0.35338205099105835,0.6419744491577148,0.006229023914784193,0.0762261301279068,0.5488771796226501
burst_medium,148,0.014054441824555397,0.07009012997150421,0.07516667246818542,0.06049004942178726,0.16164705157279968,0.1150670126080513,0.11031661182641983,0.5249581336975098,0.3589204251766205,0.35271763801574707,True,True,3.752520099989354e-19,0.3508642613887787,0.8041300177574158,0.003063788404688239,0.07009012997150421,0.5962834358215332
burst_medium,149,0.014054441824555397,0.06074744462966919,0.06342849880456924,0.05600106716156006,0.15927475690841675,0.14606331288814545,0.14507634937763214,0.15478114783763885,0.1089429259300232,0.11332207918167114,True,True,5.647443283307788e-19,0.4505500793457031,0.9388611316680908,0.0008866621064953506,0.06074744462966919,0.5905383229255676
burst_medium,150,0.014054441824555397,0.06911960989236832,0.06842201203107834,0.05797506123781204,0.12805204093456268,0.09992115199565887,0.095189169049263,0.34500449895858765,0.21695995330810547,0.2246297150850296,True,True,5.429994127947868e-12,0.3610461354255676,0.9102113842964172,0.0013222197303548455,0.06911960989236832,0.3645593225955963
burst_medium,151,0.014054441824555397,0.09365078061819077,0.09898745268583298,0.08225109428167343,0.19881664216518402,0.14709489047527313,0.14010308682918549,0.5387182831764221,0.3662246763706207,0.3582291305065155,True,True,6.492590920509957e-17,0.37970542907714844,0.8406505584716797,0.002439559204503894,0.09365078061819077,0.5238552093505859
burst_medium,152,0.014054441824555397,0.0868196114897728,0.08917547762393951,0.07492358237504959,0.15822310745716095,0.11718016862869263,0.11145016551017761,0.45373913645744324,0.29322004318237305,0.2972027063369751,True,True,3.993187291245759e-12,0.31029465794563293,0.6489623188972473,0.006076868623495102,0.0868196114897728,0.36887893080711365
burst_medium,153,0.014054441824555397,0.09462971985340118,0.1953054815530777,0.14342445135116577,0.21714210510253906,0.23024556040763855,0.20019450783729553,0.6101984977722168,0.47249650955200195,0.4913371205329895,True,False,1.985095305115576e-19,0.3660198450088501,0.7196284532546997,0.004624196328222752,0.09462971985340118,0.6052327752113342
burst_medium,154,0.014054441824555397,0.054679274559020996,0.0947929173707962,0.07006046921014786,0.11433304846286774,0.12148090451955795,0.10941700637340546,0.2401016354560852,0.15916761755943298,0.16636130213737488,True,False,1.9166368145362433e-11,0.36367231607437134,0.6955376863479614,0.005102747119963169,0.054679274559020996,0.34683361649513245
burst_medium,155,0.014054441824555397,0.12182086706161499,0.11213435232639313,0.0993288904428482,0.23563368618488312,0.1807369738817215,0.17671577632427216,0.6011974811553955,0.4734833538532257,0.4739066958427429,True,True,7.181072845120783e-19,0.37372317910194397,0.79981929063797,0.003139333100989461,0.12182086706161499,0.5871617794036865
burst_medium,156,0.014054441824555397,0.06994490325450897,0.1033010259270668,0.08155405521392822,0.15990015864372253,0.16865414381027222,0.16296355426311493,0.2692911624908447,0.19837160408496857,0.19604802131652832,True,False,6.391176592177486e-17,0.4696897566318512,0.7825737595558167,0.003445687238126993,0.06994490325450897,0.5240764617919922
burst_medium,157,0.014054441824555397,0.06797022372484207,0.07461492717266083,0.06246311590075493,0.13430121541023254,0.12158666551113129,0.11530013382434845,0.29985493421554565,0.23925553262233734,0.24275144934654236,True,True,3.6850625768089854e-14,0.32553210854530334,0.7143605351448059,0.004727456718683243,0.06797022372484207,0.4347306489944458
burst_medium,158,0.014054441824555397,0.08002160489559174,0.09475941210985184,0.07944673299789429,0.18461914360523224,0.14752018451690674,0.1395566612482071,0.4468625485897064,0.2869090735912323,0.2932964265346527,True,True,4.278110919699489e-20,0.35894307494163513,0.7121788859367371,0.004770444706082344,0.08002160489559174,0.6268026828765869
burst_medium,159,0.014054441824555397,0.0849861353635788,0.06993315368890762,0.06441984325647354,0.19546712934970856,0.14477898180484772,0.14415189623832703,0.46103230118751526,0.3268570601940155,0.32809463143348694,True,True,7.441874975881797e-21,0.35829469561576843,0.7724230885505676,0.003629177575930953,0.0849861353635788,0.6513835191726685
burst_medium,160,0.014054441824555397,0.05187494307756424,0.062453705817461014,0.05015750974416733,0.12759461998939514,0.11630891263484955,0.11267144978046417,0.3953976333141327,0.40314003825187683,0.39534297585487366,True,True,1.193714797538217e-16,0.3713628649711609,0.7475268840789795,0.004089632537215948,0.05187494307756424,0.5152961611747742
burst_medium,161,0.014054441824555397,0.05187161639332771,0.07061018794775009,0.05760243535041809,0.12803924083709717,0.11132286489009857,0.10517261922359467,0.38679739832878113,0.2550075352191925,0.2667871117591858,True,False,1.4550676075069193e-17,0.30948978662490845,0.6929928064346313,0.0051542650908231735,0.05187161639332771,0.5448751449584961
burst_medium,162,0.014054441824555397,0.11878645420074463,0.1163005456328392,0.10360214859247208,0.22252340614795685,0.1825151890516281,0.1795826107263565,0.6753586530685425,0.4853338897228241,0.4796140193939209,True,True,1.2924618488982865e-17,0.2992118000984192,0.6255013942718506,0.006594367790967226,0.11878645420074463,0.5465406775474548
burst_medium,163,0.014054441824555397,0.08465457707643509,0.0812985971570015,0.07516748458147049,0.20116026699543,0.16005758941173553,0.1591571569442749,0.36357033252716064,0.2650364935398102,0.26567989587783813,True,True,5.63096679496294e-26,0.3038390278816223,0.6411612629890442,0.006246837787330151,0.08465457707643509,0.8171102404594421
burst_medium,164,0.014054441824555397,0.045898426324129105,0.05656106024980545,0.044987522065639496,0.08847624063491821,0.0779828205704689,0.07281501591205597,0.23345091938972473,0.15130393207073212,0.15138664841651917,True,True,9.917389576230562e-09,0.3479691445827484,0.8175607323646545,0.00283098709769547,0.045898426324129105,0.2590089738368988
burst_medium,165,0.014054441824555397,0.05719785764813423,0.1645113229751587,0.11290856450796127,0.1250622272491455,0.1851176619529724,0.15251532196998596,0.4432432949542999,0.4054211676120758,0.45944035053253174,True,False,3.439263034522161e-13,0.39019137620925903,0.8797183036804199,0.0018011267529800534,0.05719785764813423,0.4033392667770386
burst_medium,166,0.014054441824555397,0.0891961082816124,0.08403564989566803,0.07898291945457458,0.17161235213279724,0.14051079750061035,0.13980068266391754,0.36190637946128845,0.24340280890464783,0.24303071200847626,True,True,1.8004609089198253e-16,0.27638426423072815,0.676896870136261,0.005484553519636393,0.0891961082816124,0.5095201730728149
burst_medium,167,0.014054441824555397,0.12830720841884613,0.1700892597436905,0.139444500207901,0.281307190656662,0.23550249636173248,0.22492313385009766,0.8555168509483337,0.6836435198783875,0.6796928644180298,True,False,5.8656594464788945e-31,0.3370653986930847,0.8827740550041199,0.001752392272464931,0.12830720841884613,0.9783440828323364
burst_medium,168,0.014054441824555397,0.04692081734538078,0.07229825854301453,0.05451931431889534,0.10316095501184464,0.10784215480089188,0.09801528602838516,0.38891202211380005,0.2740423083305359,0.2753412127494812,True,False,1.0492086800067968e-12,0.356071412563324,0.7315102219581604,0.004394037649035454,0.04692081734538078,0.38766345381736755
burst_medium,169,0.014054441824555397,0.06279091536998749,0.09170657396316528,0.065034419298172,0.17255491018295288,0.14554353058338165,0.13492685556411743,0.4189384877681732,0.28120797872543335,0.31099411845207214,True,False,5.2417232309941593e-23,0.45863479375839233,0.9218546748161316,0.0011435776250436902,0.06279091536998749,0.7210323214530945
burst_medium,170,0.014054441824555397,0.05161517113447189,0.08137468993663788,0.06516854465007782,0.10851228982210159,0.11196646839380264,0.10161685198545456,0.2859363555908203,0.1867927610874176,0.1940782517194748,True,False,8.169394848100975e-12,0.31359630823135376,0.6929358243942261,0.005155420862138271,0.05161517113447189,0.3588187098503113
burst_medium,171,0.014054441824555397,0.07560204714536667,0.0681600421667099,0.06050071865320206,0.18079012632369995,0.1269448697566986,0.12437915802001953,0.3730032444000244,0.27553024888038635,0.2735863924026489,True,True,3.658247204456086e-18,0.36454612016677856,0.7219821810722351,0.004578302148729563,0.07560204714536667,0.5642794966697693
burst_medium,172,0.014054441824555397,0.061347801238298416,0.13981686532497406,0.09087132662534714,0.13459882140159607,0.15352018177509308,0.11971284449100494,0.5501770973205566,0.5041258335113525,0.5163614749908447,True,False,1.310176332659438e-13,0.3941810429096222,0.7924346923828125,0.003269698703661561,0.061347801238298416,0.41690316796302795
burst_medium,173,0.014054441824555397,0.10277597606182098,0.08987259119749069,0.08299576491117477,0.19949555397033691,0.16541548073291779,0.1629401445388794,0.448938250541687,0.3648889362812042,0.3552027642726898,True,True,6.193258927488786e-19,0.34464162588119507,0.7513107061386108,0.004018671344965696,0.10277597606182098,0.5892416834831238
burst_medium,174,0.014054441824555397,0.07856611907482147,0.05963798612356186,0.05521414801478386,0.15130379796028137,0.10324004292488098,0.10247521102428436,0.441912442445755,0.3101408779621124,0.3119871914386749,True,True,1.2834622264041055e-15,0.31584468483924866,0.8390490412712097,0.0024663591757416725,0.07856611907482147,0.48191580176353455
burst_medium,175,0.014054441824555397,0.08694736659526825,0.0774138942360878,0.06816168129444122,0.1638776808977127,0.12227068841457367,0.12002301961183548,0.4849253296852112,0.347175270318985,0.3479115664958954,True,True,1.886277575514862e-15,0.3281267285346985,0.6790619492530823,0.005439672153443098,0.08694736659526825,0.47650420665740967
burst_medium,176,0.014054441824555397,0.07142369449138641,0.07016174495220184,0.06304854154586792,0.1425318568944931,0.11844591051340103,0.116497702896595,0.3314707279205322,0.21270138025283813,0.21219785511493683,True,True,2.366277963503083e-12,0.37098366022109985,0.8431174159049988,0.0023983772844076157,0.07142369449138641,0.37623322010040283
burst_medium,177,0.014054441824555397,0.06921261548995972,0.10315962135791779,0.07649055868387222,0.1731812208890915,0.1745501309633255,0.1641129106283188,0.3000395894050598,0.23176144063472748,0.2631602883338928,True,False,1.3083050459656678e-18,0.40863484144210815,0.9511826038360596,0.0007034135051071644,0.06921261548995972,0.5787310004234314
burst_medium,178,0.014054441824555397,0.09701929986476898,0.07386327534914017,0.06842309236526489,0.19135738909244537,0.1273043006658554,0.12569689750671387,0.5753699541091919,0.3663535714149475,0.364919513463974,True,True,2.7483649385506876e-21,0.2713622450828552,0.6658356189727783,0.005716116167604923,0.09701929986476898,0.6653833985328674
burst_medium,179,0.014054441824555397,0.08619172126054764,0.11758168041706085,0.09096407890319824,0.2047487199306488,0.16072827577590942,0.15011556446552277,0.6661931872367859,0.4662740230560303,0.4655218720436096,True,False,7.9233899295213125e-25,0.39873355627059937,0.8195328712463379,0.002797125605866313,0.08619172126054764,0.7799485325813293
burst_medium,180,0.014054441824555397,0.061036061495542526,0.08245312422513962,0.0654948279261589,0.12143604457378387,0.10601118206977844,0.09660941362380981,0.49589601159095764,0.421906977891922,0.4105132818222046,True,False,5.5257703794608926e-12,0.31135013699531555,0.5595372915267944,0.008160642348229885,0.061036061495542526,0.36431360244750977
burst_medium,181,0.014054441824555397,0.055804718285799026,0.06500626355409622,0.053559087216854095,0.11321185529232025,0.0983065813779831,0.0944870263338089,0.2680865526199341,0.1799764633178711,0.18113137781620026,True,True,1.6559787395509229e-12,0.3600581884384155,0.8362649083137512,0.0025130719877779484,0.055804718285799026,0.38124963641166687
burst_medium,182,0.014054441824555397,0.08134911209344864,0.10761584341526031,0.08588726818561554,0.15141764283180237,0.14495068788528442,0.13473618030548096,0.3406382203102112,0.23321658372879028,0.23221197724342346,True,False,5.848770971120416e-15,0.33328455686569214,0.9072746634483337,0.0013676388189196587,0.08134911209344864,0.4605998396873474
burst_medium,183,0.014054441824555397,0.0863550528883934,0.09714844077825546,0.08358420431613922,0.17717687785625458,0.1442970484495163,0.13942822813987732,0.555838942527771,0.39571303129196167,0.39740070700645447,True,True,5.5754802243769e-18,0.29153597354888916,0.6359636783599854,0.006361234933137894,0.0863550528883934,0.5583570003509521
burst_medium,184,0.014054441824555397,0.1069718450307846,0.14695613086223602,0.11982351541519165,0.2186918556690216,0.22066156566143036,0.2016403079032898,0.5712308883666992,0.4055953919887543,0.42363375425338745,True,False,2.881059457032133e-24,0.31640905141830444,0.9831310510635376,0.00023910637537483126,0.1069718450307846,0.7618053555488586
burst_medium,185,0.014054441824555397,0.07531929761171341,0.068926602602005,0.056591879576444626,0.1658964604139328,0.11411435902118683,0.11133954674005508,0.4376215636730194,0.28424403071403503,0.2838103771209717,True,True,1.9998578579210814e-17,0.4090999662876129,0.8786123991012573,0.0018188055837526917,0.07531929761171341,0.5404055118560791
burst_medium,186,0.014054441824555397,0.04698377475142479,0.053045522421598434,0.04160011559724808,0.10700652003288269,0.08026925474405289,0.07537611573934555,0.2789992094039917,0.18589025735855103,0.18787851929664612,True,True,3.2341254782748685e-13,0.378545343875885,0.8512611389160156,0.0022632754407823086,0.04698377475142479,0.4042035937309265
burst_medium,187,0.014054441824555397,0.0796935111284256,0.09960438311100006,0.08677001297473907,0.17370553314685822,0.1676575243473053,0.1648840308189392,0.30093899369239807,0.19201844930648804,0.19752579927444458,True,False,5.378700574095435e-20,0.3600611984729767,0.8569551706314087,0.0021695795003324747,0.0796935111284256,0.6235851049423218
burst_medium,188,0.014054441824555397,0.0697694942355156,0.17201299965381622,0.12052003294229507,0.1332988142967224,0.181081160902977,0.145316481590271,0.6082088351249695,0.5530740022659302,0.5435258746147156,True,False,1.5765470873230214e-10,0.34298259019851685,0.9078197479248047,0.0013591969618573785,0.0697694942355156,0.3172173798084259
burst_medium,189,0.014054441824555397,0.052720315754413605,0.06933987885713577,0.05340171977877617,0.1086859181523323,0.09728134423494339,0.08806963264942169,0.24341024458408356,0.17935773730278015,0.17984770238399506,True,False,4.358109706448232e-11,0.34056371450424194,0.6213585138320923,0.006687765009701252,0.052720315754413605,0.3352883458137512
burst_medium,190,0.014054441824555397,0.08642056584358215,0.08649411797523499,0.07743984460830688,0.1763552725315094,0.1447533816099167,0.14253805577754974,0.38141804933547974,0.2692817151546478,0.27558937668800354,True,True,3.147804189683923e-16,0.2958047389984131,0.6433842778205872,0.006198193412274122,0.08642056584358215,0.5016684532165527
burst_medium,191,0.014054441824555397,0.048312388360500336,0.07448834180831909,0.05309620499610901,0.10099206119775772,0.08855464309453964,0.07699927687644958,0.556994616985321,0.5282952189445496,0.5282590389251709,True,False,8.538934836987977e-11,0.37911152839660645,0.9326157569885254,0.0009804663714021444,0.048312388360500336,0.32583537697792053
burst_medium,192,0.014054441824555397,0.06732799112796783,0.05790337920188904,0.04749945551156998,0.16154025495052338,0.09973855316638947,0.09689776599407196,0.5264023542404175,0.33585333824157715,0.3287806510925293,True,True,2.914139927231453e-18,0.3813585042953491,0.6999129056930542,0.005014616530388594,0.06732799112796783,0.5674756169319153
burst_medium,193,0.014054441824555397,0.06744597852230072,0.07330809533596039,0.06263802945613861,0.12186708301305771,0.10539957880973816,0.10189693421125412,0.2923853099346161,0.18203012645244598,0.1849917769432068,True,True,1.33853678141449e-10,0.3028661012649536,0.7449302077293396,0.004138537682592869,0.06744597852230072,0.3195175230503082
burst_medium,194,0.014054441824555397,0.09392242878675461,0.10409456491470337,0.08868525177240372,0.2288835644721985,0.18918262422084808,0.18511280417442322,0.6050743460655212,0.39872750639915466,0.41466930508613586,True,True,6.666933910586963e-29,0.32693201303482056,0.8200734257698059,0.002787858946248889,0.09392242878675461,0.9118214249610901
burst_medium,195,0.014054441824555397,0.08507944643497467,0.10886652767658234,0.08752147853374481,0.15974539518356323,0.1413041353225708,0.13311050832271576,0.4193318486213684,0.263710618019104,0.26417750120162964,True,False,8.246158476107185e-14,0.3457311689853668,0.7706667184829712,0.003661171765998006,0.08507944643497467,0.4234103560447693
burst_medium,196,0.014054441824555397,0.08384605497121811,0.09818700700998306,0.07468891888856888,0.1892043799161911,0.14981739223003387,0.14150135219097137,0.5972486734390259,0.48741304874420166,0.486092209815979,True,True,8.789032307478168e-21,0.3559902310371399,0.8974534273147583,0.0015206068055704236,0.08384605497121811,0.6490451097488403
burst_medium,197,0.014054441824555397,0.1008852869272232,0.09223747253417969,0.08472084999084473,0.19594401121139526,0.17223112285137177,0.17123140394687653,0.5747751593589783,0.504580020904541,0.4995979070663452,True,True,1.7679198883197852e-18,0.2895047664642334,0.8704912662506104,0.0019493168219923973,0.1008852869272232,0.5744996070861816
burst_medium,198,0.014054441824555397,0.08741427212953568,0.11637284606695175,0.0956929549574852,0.18605299293994904,0.1794804036617279,0.16934756934642792,0.46587881445884705,0.3125475347042084,0.3103465139865875,True,False,4.6174877769522245e-21,0.3690931499004364,0.8383020162582397,0.002478878479450941,0.08741427212953568,0.6580913066864014
burst_medium,199,0.014054441824555397,0.06545940041542053,0.11436052620410919,0.08320505917072296,0.14169378578662872,0.14096832275390625,0.12516996264457703,0.49254918098449707,0.43463134765625,0.44686582684516907,True,False,3.91285877367389e-17,0.35691747069358826,0.8184918165206909,0.0028149904683232307,0.06545940041542053,0.5309723019599915
bias_medium,0,0.17292533814907074,0.16255590319633484,0.17902818322181702,0.17252913117408752,0.16255590319633484,0.1793219894170761,0.17264224588871002,0.20806416869163513,0.20232678949832916,0.20428679883480072,True,False,0.3906139135360718,0.3906140923500061,0.39061418175697327,0.16255585849285126,0.16255590319633484,0.1625559777021408
bias_medium,1,0.17292533814907074,0.10812220722436905,0.09521837532520294,0.10180622339248657,0.10812221467494965,0.09573409706354141,0.10191718488931656,0.11572591215372086,0.11252541095018387,0.11389140784740448,False,True,0.5351255536079407,0.5351256132125854,0.5351256728172302,0.10812219977378845,0.10812220722436905,0.10812222957611084
bias_medium,2,0.17292533814907074,0.21743659675121307,0.27563387155532837,0.25855571031570435,0.21743658185005188,0.2764848470687866,0.2590121328830719,0.5183483362197876,0.5225078463554382,0.5211830139160156,True,False,0.28439196944236755,0.28439202904701233,0.2843920588493347,0.21743658185005188,0.21743659675121307,0.21743664145469666
bias_medium,3,0.17292533814907074,0.11595632135868073,0.12342647463083267,0.11925745010375977,0.11595631390810013,0.12427961081266403,0.11945687979459763,0.09854293614625931,0.092474564909935,0.09499597549438477,True,False,0.5114235877990723,0.5114234685897827,0.5114235877990723,0.11595631390810013,0.11595632135868073,0.11595631390810013
bias_medium,4,0.17292533814907074,0.1976463496685028,0.17775128781795502,0.18401691317558289,0.1976463496685028,0.17860431969165802,0.18440130352973938,0.06928916275501251,0.07288187742233276,0.07105185091495514,False,True,0.31887441873550415,0.3188744783401489,0.31887465715408325,0.19764626026153564,0.1976463496685028,0.1976463943719864
bias_medium,5,0.17292533814907074,0.10102866590023041,0.10375215858221054,0.10158640146255493,0.10102866590023041,0.10425268858671188,0.10168353468179703,0.09383489936590195,0.09102631360292435,0.09231479465961456,True,False,0.5575333833694458,0.5575333833694458,0.5575333833694458,0.10102866590023041,0.10102866590023041,0.101028673350811
bias_medium,6,0.17292533814907074,0.20763102173805237,0.21704383194446564,0.21417613327503204,0.20763099193572998,0.2172732949256897,0.21428938210010529,0.5237556099891663,0.5182535648345947,0.5197423100471497,True,False,0.30098405480384827,0.300984263420105,0.300984263420105,0.20763099193572998,0.20763102173805237,0.20763111114501953
bias_medium,7,0.17292533814907074,0.2243618220090866,0.20723295211791992,0.21189546585083008,0.22436179220676422,0.20768782496452332,0.2121303379535675,0.24479371309280396,0.2356506586074829,0.2379484474658966,False,True,0.27322784066200256,0.27322787046432495,0.27322810888290405,0.22436168789863586,0.2243618220090866,0.2243618369102478
bias_medium,8,0.17292533814907074,0.102228082716465,0.12270946800708771,0.11117181926965714,0.1022280901670456,0.12327806651592255,0.111299067735672,0.15018010139465332,0.14879904687404633,0.14902044832706451,True,False,0.5536797046661377,0.5536797046661377,0.5536800026893616,0.10222800076007843,0.102228082716465,0.1022280901670456
bias_medium,9,0.17292533814907074,0.12708108127117157,0.12660977244377136,0.1254466325044632,0.12708108127117157,0.1268540322780609,0.12550446391105652,0.0717662125825882,0.07095256447792053,0.07061412185430527,True,True,0.4795582592487335,0.47955822944641113,0.47955846786499023,0.1270810067653656,0.12708108127117157,0.12708108127117157
bias_medium,10,0.17292533814907074,0.1291222870349884,0.1443648636341095,0.1368839144706726,0.1291223019361496,0.14451824128627777,0.13692715764045715,0.1060265526175499,0.10394687205553055,0.10466647148132324,True,False,0.47393080592155457,0.4739307463169098,0.47393086552619934,0.1291222870349884,0.1291222870349884,0.1291223019361496
bias_medium,11,0.17292533814907074,0.12199655920267105,0.13984672725200653,0.13031603395938873,0.12199654430150986,0.1405722200870514,0.13052208721637726,0.4847661256790161,0.5035265684127808,0.4940860867500305,True,False,0.4938680827617645,0.49386805295944214,0.4938681721687317,0.12199652194976807,0.12199655920267105,0.12199655175209045
bias_medium,12,0.17292533814907074,0.14866036176681519,0.13406164944171906,0.14006324112415314,0.14866036176681519,0.13456718623638153,0.14022743701934814,0.42858657240867615,0.42372456192970276,0.4256484806537628,False,True,0.4232977628707886,0.42329779267311096,0.4232977628707886,0.148660346865654,0.14866036176681519,0.148660346865654
bias_medium,13,0.17292533814907074,0.46394985914230347,0.47149115800857544,0.47082334756851196,0.46394985914230347,0.47190940380096436,0.4711863398551941,0.07853548228740692,0.04373999685049057,0.045370593667030334,True,False,0.06836126744747162,0.06836126744747162,0.06836126744747162,0.4639498293399811,0.46394985914230347,0.4639498293399811
bias_medium,14,0.17292533814907074,0.13633057475090027,0.14698538184165955,0.14197251200675964,0.13633054494857788,0.14749518036842346,0.14212459325790405,0.12688569724559784,0.12858690321445465,0.1275789886713028,True,False,0.45458143949508667,0.4545814096927643,0.45458143949508667,0.13633055984973907,0.13633057475090027,0.13633055984973907
bias_medium,15,0.17292533814907074,0.0851254016160965,0.0830133706331253,0.08406315743923187,0.0851253867149353,0.08423195034265518,0.08423525840044022,0.09681766480207443,0.09616875648498535,0.09611479192972183,False,True,0.6112393140792847,0.6112393140792847,0.6112393140792847,0.0851253867149353,0.0851254016160965,0.0851253867149353
bias_medium,16,0.17292533814907074,0.0873584896326065,0.08763471990823746,0.08699746429920197,0.0873584896326065,0.08858545124530792,0.0871555432677269,0.1659272164106369,0.1607888638973236,0.163471519947052,True,True,0.6033966541290283,0.6033967137336731,0.6033968329429626,0.08735846728086472,0.0873584896326065,0.0873585045337677
bias_medium,17,0.17292533814907074,0.28387266397476196,0.25494280457496643,0.2604348361492157,0.28387266397476196,0.2551710307598114,0.2605806887149811,0.11085383594036102,0.1059427410364151,0.10638290643692017,False,True,0.19367165863513947,0.19367167353630066,0.19367171823978424,0.2838726341724396,0.28387266397476196,0.28387269377708435
bias_medium,18,0.17292533814907074,0.16677053272724152,0.1594536155462265,0.16205279529094696,0.1667705476284027,0.16011111438274384,0.1622980386018753,0.26593515276908875,0.2733703553676605,0.27024662494659424,False,True,0.3812088072299957,0.3812088668346405,0.3812088966369629,0.16677053272724152,0.16677053272724152,0.1667705774307251
bias_medium,19,0.17292533814907074,0.1798481047153473,0.15504488348960876,0.16366490721702576,0.1798480749130249,0.15575233101844788,0.163950115442276,0.5755858421325684,0.560495138168335,0.5656641721725464,False,True,0.3534429967403412,0.3534430265426636,0.3534429967403412,0.1798480749130249,0.1798481047153473,0.1798480749130249
bias_medium,20,0.17292533814907074,0.2691691815853119,0.25055715441703796,0.2543308436870575,0.2691691517829895,0.25086140632629395,0.2545176148414612,0.09211838990449905,0.08958552032709122,0.08975180238485336,False,True,0.2108595222234726,0.21085961163043976,0.21085962653160095,0.2691691219806671,0.2691691815853119,0.2691692113876343
bias_medium,21,0.17292533814907074,0.36442217230796814,0.3504839837551117,0.35209959745407104,0.36442211270332336,0.3510549068450928,0.35254037380218506,0.11744104325771332,0.10003072023391724,0.1019873097538948,False,True,0.12155406922101974,0.12155411392450333,0.12155412137508392,0.36442211270332336,0.36442217230796814,0.36442217230796814
bias_medium,22,0.17292533814907074,0.08288097381591797,0.08469846099615097,0.08353595435619354,0.08288097381591797,0.08494924008846283,0.08357275277376175,0.0716496929526329,0.0699620321393013,0.07034944742918015,True,False,0.6192243695259094,0.6192244291305542,0.6192243695259094,0.08288097381591797,0.08288097381591797,0.08288097381591797
bias_medium,23,0.17292533814907074,0.1694328486919403,0.17957240343093872,0.1756698191165924,0.1694328486919403,0.17980387806892395,0.17576321959495544,0.4265631437301636,0.414256751537323,0.41873475909233093,True,False,0.3753848671913147,0.3753848671913147,0.3753849267959595,0.16943281888961792,0.1694328486919403,0.1694328486919403
bias_medium,24,0.17292533814907074,0.11465229839086533,0.12099684774875641,0.11766866594552994,0.11465229839086533,0.12130656093358994,0.117742620408535,0.08335372805595398,0.07328537106513977,0.07803398370742798,True,False,0.5152947306632996,0.5152948498725891,0.5152950286865234,0.11465221643447876,0.11465229839086533,0.11465230584144592
bias_medium,25,0.17292533814907074,0.08606503158807755,0.08019016683101654,0.08202524483203888,0.08606502413749695,0.08081772923469543,0.08214645832777023,0.10161389410495758,0.09992365539073944,0.10046342015266418,False,True,0.6079269647598267,0.6079270243644714,0.6079269647598267,0.08606502413749695,0.08606503158807755,0.08606502413749695
bias_medium,26,0.17292533814907074,0.30854418873786926,0.28699198365211487,0.29052916169166565,0.30854418873786926,0.2872057259082794,0.290675550699234,0.07873780280351639,0.07980746030807495,0.07936257123947144,False,True,0.1679207682609558,0.16792085766792297,0.16792094707489014,0.3085440993309021,0.30854418873786926,0.3085442781448364
bias_medium,27,0.17292533814907074,0.11857501417398453,0.14165039360523224,0.1298179179430008,0.11857499182224274,0.14277103543281555,0.1301133632659912,0.10668085515499115,0.10465531796216965,0.10537867248058319,True,False,0.5037372708320618,0.5037373304367065,0.5037372708320618,0.11857499182224274,0.11857501417398453,0.11857499182224274
bias_medium,28,0.17292533814907074,0.15227851271629333,0.1433466225862503,0.14684295654296875,0.15227851271629333,0.14365603029727936,0.1469416320323944,0.3533546030521393,0.35955122113227844,0.35686177015304565,False,True,0.41453298926353455,0.41453298926353455,0.41453298926353455,0.15227852761745453,0.15227851271629333,0.15227852761745453
bias_medium,29,0.17292533814907074,0.078067347407341,0.0709095150232315,0.07541125267744064,0.0780673548579216,0.07236917316913605,0.07559719681739807,0.21343785524368286,0.21595625579357147,0.21410895884037018,False,True,0.636703372001648,0.6367034316062927,0.6367037296295166,0.07806728035211563,0.078067347407341,0.07806739211082458
bias_medium,30,0.17292533814907074,0.15055875480175018,0.1362571269273758,0.14175406098365784,0.15055876970291138,0.13743183016777039,0.14214582741260529,0.05639713257551193,0.029815152287483215,0.038060206919908524,False,True,0.41867610812187195,0.41867607831954956,0.41867610812187195,0.15055876970291138,0.15055875480175018,0.15055876970291138
bias_medium,31,0.17292533814907074,0.2012873888015747,0.20904020965099335,0.2065889835357666,0.2012874186038971,0.20918220281600952,0.20665708184242249,0.08214152604341507,0.07708229124546051,0.07820190489292145,True,False,0.3122303783893585,0.31223052740097046,0.31223064661026,0.2012873739004135,0.2012873888015747,0.20128750801086426
bias_medium,32,0.17292533814907074,0.04823457449674606,0.054962802678346634,0.04721728339791298,0.04823457449674606,0.056909237056970596,0.047302473336458206,0.047707971185445786,0.025749171152710915,0.04035479947924614,True,True,0.7565903067588806,0.7565906643867493,0.7565906643867493,0.04823456332087517,0.04823457449674606,0.048234641551971436
bias_medium,33,0.17292533814907074,0.1765875518321991,0.16788390278816223,0.16874608397483826,0.1765875518321991,0.16832533478736877,0.16894686222076416,0.4815312922000885,0.47125014662742615,0.4748523533344269,False,True,0.3601703941822052,0.3601703941822052,0.3601703941822052,0.1765875518321991,0.1765875518321991,0.1765875518321991
bias_medium,34,0.17292533814907074,0.27622365951538086,0.2607056796550751,0.2636249363422394,0.27622368931770325,0.26137465238571167,0.2640460431575775,0.06304603070020676,0.036923665553331375,0.040824804455041885,False,True,0.20243066549301147,0.20243068039417267,0.20243066549301147,0.27622365951538086,0.27622365951538086,0.27622365951538086
bias_medium,35,0.17292533814907074,0.10699982941150665,0.10183829069137573,0.10456009209156036,0.10699982196092606,0.1025359258055687,0.10470599681138992,0.12104246765375137,0.1154150739312172,0.1178927943110466,False,True,0.5386102199554443,0.5386102795600891,0.5386102795600891,0.10699979215860367,0.10699982941150665,0.10699981451034546
bias_medium,36,0.17292533814907074,0.11755581945180893,0.13366468250751495,0.12343215942382812,0.11755581200122833,0.1339024305343628,0.12348867952823639,0.09487011283636093,0.08652971684932709,0.09041204303503036,True,False,0.5067146420478821,0.5067148804664612,0.506714940071106,0.11755578964948654,0.11755581945180893,0.1175558939576149
bias_medium,37,0.17292533814907074,0.1441090852022171,0.16887882351875305,0.15804845094680786,0.1441091001033783,0.16924865543842316,0.15817515552043915,0.05472790077328682,0.05055767670273781,0.0520157553255558,True,False,0.4345864951610565,0.43458646535873413,0.4345864951610565,0.1441091001033783,0.1441090852022171,0.1441091150045395
bias_medium,38,0.17292533814907074,0.15724660456180573,0.15093384683132172,0.153276264667511,0.15724658966064453,0.15189816057682037,0.15361927449703217,0.11127298325300217,0.11174142360687256,0.11106118559837341,False,True,0.4027930200099945,0.4027930200099945,0.40279313921928406,0.15724657475948334,0.15724660456180573,0.15724661946296692
bias_medium,39,0.17292533814907074,0.143965482711792,0.16036342084407806,0.1527670919895172,0.143965482711792,0.16055046021938324,0.15282288193702698,0.06194242089986801,0.0636804848909378,0.061919860541820526,True,False,0.43494749069213867,0.4349476397037506,0.4349476099014282,0.143965482711792,0.143965482711792,0.14396552741527557
bias_medium,40,0.17292533814907074,0.3015420138835907,0.2723091244697571,0.27738818526268005,0.3015420436859131,0.2729779779911041,0.27783578634262085,0.0999687984585762,0.10135968029499054,0.10076639801263809,False,True,0.17485985159873962,0.1748599112033844,0.17485997080802917,0.3015419840812683,0.3015420138835907,0.30154210329055786
bias_medium,41,0.17292533814907074,0.22886571288108826,0.22309920191764832,0.22456999123096466,0.22886572778224945,0.2231684774160385,0.2246066927909851,0.2290838360786438,0.22749333083629608,0.22775799036026,False,True,0.266203373670578,0.2662034034729004,0.26620355248451233,0.22886565327644348,0.22886571288108826,0.22886575758457184
bias_medium,42,0.17292533814907074,0.23851926624774933,0.2431117743253708,0.24165555834770203,0.23851926624774933,0.24318797886371613,0.24169768393039703,0.1640489101409912,0.16238360106945038,0.162553071975708,True,False,0.2517498731613159,0.2517499029636383,0.2517498731613159,0.23851926624774933,0.23851926624774933,0.23851926624774933
bias_medium,43,0.17292533814907074,0.2559744119644165,0.25706857442855835,0.256710022687912,0.2559744417667389,0.2572145164012909,0.2567991614341736,0.5317795872688293,0.5376794338226318,0.5361972451210022,True,False,0.2275785356760025,0.2275785505771637,0.2275785356760025,0.2559744417667389,0.2559744119644165,0.2559744417667389
bias_medium,44,0.17292533814907074,0.2501196265220642,0.23696856200695038,0.24002110958099365,0.2501196265220642,0.23717276751995087,0.2401401698589325,0.07524202764034271,0.07473598420619965,0.07425007224082947,False,True,0.23541569709777832,0.23541565239429474,0.2354157716035843,0.25011956691741943,0.2501196265220642,0.2501196265220642
bias_medium,45,0.17292533814907074,0.07592139393091202,0.11583667993545532,0.08988690376281738,0.07592139393091202,0.11751402169466019,0.09015382081270218,0.08213060349225998,0.08116711676120758,0.08141197264194489,True,False,0.6446539759635925,0.6446540951728821,0.6446544528007507,0.07592128217220306,0.07592139393091202,0.07592140883207321
bias_medium,46,0.17292533814907074,0.1364244818687439,0.1475103795528412,0.1422925889492035,0.1364244669675827,0.1477576196193695,0.1423669308423996,0.22094736993312836,0.2277062088251114,0.2245563417673111,True,False,0.4543345868587494,0.45433464646339417,0.4543347954750061,0.13642442226409912,0.1364244818687439,0.1364244967699051
bias_medium,47,0.17292533814907074,0.08708831667900085,0.10058481991291046,0.09184090048074722,0.08708831667900085,0.10095134377479553,0.09190212190151215,0.06633567810058594,0.07045896351337433,0.06741432845592499,True,False,0.6043400764465332,0.604340136051178,0.604340672492981,0.08708818256855011,0.08708831667900085,0.08708834648132324
bias_medium,48,0.17292533814907074,0.2814617156982422,0.2550443708896637,0.2601790726184845,0.2814617455005646,0.2556192874908447,0.26054543256759644,0.2427896112203598,0.2563808262348175,0.25349098443984985,False,True,0.19639073312282562,0.1963907778263092,0.19639089703559875,0.281461626291275,0.2814617156982422,0.28146177530288696
bias_medium,49,0.17292533814907074,0.11022081226110458,0.12801626324653625,0.11496802419424057,0.11022081226110458,0.12870460748672485,0.11503944545984268,0.5180860161781311,0.5093514323234558,0.5138214230537415,True,False,0.5286706686019897,0.528670608997345,0.5286706686019897,0.11022081226110458,0.11022081226110458,0.11022081226110458
bias_medium,50,0.17292533814907074,0.3966444134712219,0.37600117921829224,0.37805411219596863,0.39664435386657715,0.37629634141921997,0.3782920241355896,0.06354553252458572,0.058786630630493164,0.0587819367647171,False,True,0.10088919848203659,0.10088924318552017,0.10088925063610077,0.39664435386657715,0.3966444134712219,0.3966444432735443
bias_medium,51,0.17292533814907074,0.20600059628486633,0.1960393488407135,0.19888004660606384,0.20600059628486633,0.19626830518245697,0.1989910900592804,0.07402853667736053,0.0704561322927475,0.07100806385278702,False,True,0.3038354516029358,0.3038354516029358,0.3038356304168701,0.20600049197673798,0.20600059628486633,0.20600061118602753
bias_medium,52,0.17292533814907074,0.1702887862920761,0.1324533075094223,0.14615866541862488,0.17028877139091492,0.13467247784137726,0.14698413014411926,0.21617645025253296,0.22562746703624725,0.22183585166931152,False,True,0.3735312223434448,0.37353140115737915,0.37353143095970154,0.17028877139091492,0.1702887862920761,0.17028886079788208
bias_medium,53,0.17292533814907074,0.04840502887964249,0.02637769654393196,0.035974644124507904,0.04840502515435219,0.028496762737631798,0.0363633930683136,0.10280489921569824,0.09794075787067413,0.1013491228222847,False,True,0.7558451890945435,0.7558451890945435,0.7558453679084778,0.0484049916267395,0.04840502887964249,0.048405036330223083
bias_medium,54,0.17292533814907074,0.25447267293930054,0.2626878619194031,0.260001540184021,0.25447267293930054,0.2631776034832001,0.2602996826171875,0.14289958775043488,0.14435818791389465,0.14369291067123413,True,False,0.22956348955631256,0.22956354916095734,0.22956357896327972,0.25447264313697815,0.25447267293930054,0.2544727027416229
bias_medium,55,0.17292533814907074,0.17833518981933594,0.1522234082221985,0.16025029122829437,0.17833521962165833,0.15352660417556763,0.16082528233528137,0.17363092303276062,0.16941936314105988,0.1704590916633606,False,True,0.35654857754707336,0.3565487265586853,0.35654881596565247,0.17833514511585236,0.17833518981933594,0.1783352792263031
bias_medium,56,0.17292533814907074,0.24792857468128204,0.27356988191604614,0.2671649754047394,0.24792855978012085,0.27400434017181396,0.26741594076156616,0.06550199538469315,0.0624726377427578,0.06290943920612335,True,False,0.23841747641563416,0.23841755092144012,0.23841756582260132,0.24792854487895966,0.24792857468128204,0.24792858958244324
bias_medium,57,0.17292533814907074,0.07075325399637222,0.07230974733829498,0.07066889852285385,0.07075324654579163,0.07287248224020004,0.07072675973176956,0.10619591176509857,0.10108447819948196,0.10414870828390121,True,True,0.6642112731933594,0.6642113327980042,0.6642114520072937,0.07075322419404984,0.07075325399637222,0.07075327634811401
bias_medium,58,0.17292533814907074,0.17898960411548615,0.17140278220176697,0.1737993210554123,0.17898960411548615,0.17345616221427917,0.1746341735124588,0.04567718133330345,0.025932110846042633,0.03026176430284977,False,True,0.35520175099372864,0.3552020490169525,0.3552020490169525,0.17898957431316376,0.17898960411548615,0.1789897084236145
bias_medium,59,0.17292533814907074,0.327400267124176,0.340576708316803,0.3385832905769348,0.327400267124176,0.34073394536972046,0.3386971950531006,0.08277716487646103,0.08786486834287643,0.08684629946947098,True,False,0.1505734622478485,0.1505734622478485,0.1505734622478485,0.327400267124176,0.327400267124176,0.327400267124176
bias_medium,60,0.17292533814907074,0.3379444479942322,0.3382684588432312,0.33815473318099976,0.3379444479942322,0.3383456766605377,0.33821162581443787,0.3259538412094116,0.32350513339042664,0.32376524806022644,True,False,0.1416664868593216,0.1416665017604828,0.14166657626628876,0.337944358587265,0.3379444479942322,0.33794447779655457
bias_medium,61,0.17292533814907074,0.25346121191978455,0.2438693791627884,0.24605993926525116,0.25346121191978455,0.24400947988033295,0.2461421638727188,0.14321233332157135,0.13976094126701355,0.14032459259033203,False,True,0.23091009259223938,0.2309102565050125,0.23091034591197968,0.2534611225128174,0.25346121191978455,0.2534613013267517
bias_medium,62,0.17292533814907074,0.11903984844684601,0.11929233372211456,0.11855922639369965,0.1190398707985878,0.12036626040935516,0.11881303787231445,0.0799018144607544,0.04365867003798485,0.05976982042193413,True,True,0.5023846626281738,0.5023849606513977,0.5023850202560425,0.11903981119394302,0.11903984844684601,0.11903994530439377
bias_medium,63,0.17292533814907074,0.1876235455274582,0.18886403739452362,0.18842455744743347,0.18762357532978058,0.18945840001106262,0.18868575990200043,0.0863579735159874,0.0862945169210434,0.08584227412939072,True,False,0.33790260553359985,0.33790260553359985,0.337902694940567,0.1876235157251358,0.1876235455274582,0.18762357532978058
bias_medium,64,0.17292533814907074,0.1410444676876068,0.12153865396976471,0.12876249849796295,0.1410444676876068,0.12204057723283768,0.1289326250553131,0.0654800608754158,0.063242107629776,0.0636611059308052,False,True,0.44235679507255554,0.44235700368881226,0.44235706329345703,0.14104445278644562,0.1410444676876068,0.14104455709457397
bias_medium,65,0.17292533814907074,0.2888106405735016,0.25679564476013184,0.26278024911880493,0.2888106107711792,0.25715529918670654,0.2630123198032379,0.11427680402994156,0.11337301135063171,0.11318270117044449,False,True,0.18821954727172852,0.18821954727172852,0.18821954727172852,0.2888106107711792,0.2888106405735016,0.2888106107711792
bias_medium,66,0.17292533814907074,0.4387902617454529,0.4281061589717865,0.42889076471328735,0.43879029154777527,0.428611159324646,0.4293191432952881,0.08802959322929382,0.05866385996341705,0.060273416340351105,False,True,0.07906732708215714,0.07906736433506012,0.0790674239397049,0.43879014253616333,0.4387902617454529,0.43879038095474243
bias_medium,67,0.17292533814907074,0.20911917090415955,0.24838492274284363,0.2365395724773407,0.20911920070648193,0.2492697685956955,0.23699375987052917,0.10508987307548523,0.10528841614723206,0.10469836741685867,True,False,0.2984049320220947,0.29840508103370667,0.2984052896499634,0.20911908149719238,0.20911917090415955,0.2091192752122879
bias_medium,68,0.17292533814907074,0.04294168949127197,0.03726588934659958,0.041550278663635254,0.04294169321656227,0.038276493549346924,0.041596006602048874,0.07806562632322311,0.07581859827041626,0.0768614113330841,False,True,0.7801063060760498,0.7801063656806946,0.7801063656806946,0.042941685765981674,0.04294168949127197,0.04294169321656227
bias_medium,69,0.17292533814907074,0.13398477435112,0.13453058898448944,0.1329900026321411,0.1339847594499588,0.13529931008815765,0.13318602740764618,0.21466968953609467,0.20998446643352509,0.21174558997154236,True,True,0.4607897996902466,0.46079006791114807,0.46079015731811523,0.13398471474647522,0.13398477435112,0.13398484885692596
bias_medium,70,0.17292533814907074,0.24418863654136658,0.23599383234977722,0.23794250190258026,0.24418863654136658,0.23625685274600983,0.23809070885181427,0.32813218235969543,0.31561148166656494,0.318507581949234,False,True,0.243630051612854,0.243630051612854,0.24363014101982117,0.2441885620355606,0.24418863654136658,0.24418862164020538
bias_medium,71,0.17292533814907074,0.2518363296985626,0.24660775065422058,0.2477538287639618,0.2518363296985626,0.24717529118061066,0.24808837473392487,0.5003492832183838,0.49263760447502136,0.4942627251148224,False,True,0.23309002816677094,0.23309019207954407,0.23309022188186646,0.25183629989624023,0.2518363296985626,0.2518364489078522
bias_medium,72,0.17292533814907074,0.13171207904815674,0.1538412868976593,0.14265361428260803,0.13171209394931793,0.15616978704929352,0.14329956471920013,0.1402147263288498,0.13608582317829132,0.1376790553331375,True,False,0.4668859541416168,0.4668859541416168,0.4668860137462616,0.13171206414699554,0.13171207904815674,0.13171209394931793
bias_medium,73,0.17292533814907074,0.3323325514793396,0.3241119384765625,0.3252840042114258,0.3323325514793396,0.32424840331077576,0.3253832459449768,0.10357047617435455,0.09829993546009064,0.09884321689605713,False,True,0.14633938670158386,0.14633940160274506,0.14633943140506744,0.3323324918746948,0.3323325514793396,0.3323325514793396
bias_medium,74,0.17292533814907074,0.09731759130954742,0.11323042958974838,0.10288190841674805,0.09731759130954742,0.11412230879068375,0.10305376350879669,0.3950803279876709,0.3884883522987366,0.39191702008247375,True,False,0.5696277022361755,0.5696277022361755,0.5696277022361755,0.09731759130954742,0.09731759130954742,0.09731759876012802
bias_medium,75,0.17292533814907074,0.13609881699085236,0.14189988374710083,0.13857075572013855,0.13609880208969116,0.1436464637517929,0.13909196853637695,0.06348972022533417,0.03126779571175575,0.043984826654195786,True,False,0.4551909565925598,0.45519107580184937,0.4551912546157837,0.1360987424850464,0.13609881699085236,0.13609886169433594
bias_medium,76,0.17292533814907074,0.10778290033340454,0.09432709217071533,0.10078784078359604,0.10778290033340454,0.09475460648536682,0.10088466852903366,0.06290686130523682,0.06499136239290237,0.06331560760736465,False,True,0.5361765623092651,0.5361766815185547,0.5361769199371338,0.10778283327817917,0.10778290033340454,0.10778293013572693
bias_medium,77,0.17292533814907074,0.29604196548461914,0.2808385491371155,0.28356656432151794,0.29604196548461914,0.2809416353702545,0.2836352288722992,0.06285632401704788,0.06063934415578842,0.06082539260387421,False,True,0.18051092326641083,0.18051095306873322,0.18051093816757202,0.29604193568229675,0.29604196548461914,0.29604196548461914
bias_medium,78,0.17292533814907074,0.1684838980436325,0.17884747684001923,0.17485687136650085,0.1684838831424713,0.18118785321712494,0.17578762769699097,0.048778388649225235,0.029022416099905968,0.0325201041996479,True,False,0.37745046615600586,0.37745052576065063,0.3774505853652954,0.16848385334014893,0.1684838980436325,0.1684839129447937
bias_medium,79,0.17292533814907074,0.0941409096121788,0.07795920968055725,0.08699273318052292,0.0941409170627594,0.07834547013044357,0.08704902976751328,0.0794055387377739,0.07383251190185547,0.0762815847992897,False,True,0.580188512802124,0.5801886320114136,0.5801886916160583,0.09414088726043701,0.0941409096121788,0.09414093941450119
bias_medium,80,0.17292533814907074,0.27842751145362854,0.2757019102573395,0.2758220434188843,0.27842745184898376,0.27626532316207886,0.27617430686950684,0.05848971754312515,0.03224079683423042,0.0359274297952652,False,True,0.19986717402935028,0.19986718893051147,0.19986717402935028,0.27842748165130615,0.27842751145362854,0.27842748165130615
bias_medium,81,0.17292533814907074,0.15829284489154816,0.168237566947937,0.1641719490289688,0.15829287469387054,0.16838981211185455,0.16422706842422485,0.18047645688056946,0.17897002398967743,0.17927908897399902,True,False,0.40036332607269287,0.40036338567733765,0.40036338567733765,0.15829285979270935,0.15829284489154816,0.15829288959503174
bias_medium,82,0.17292533814907074,0.09778746962547302,0.12696655094623566,0.10957332700490952,0.09778746217489243,0.12844328582286835,0.10987917333841324,0.20946401357650757,0.19810792803764343,0.20428366959095,True,False,0.5680820345878601,0.5680819749832153,0.5680820345878601,0.09778746217489243,0.09778746962547302,0.09778746217489243
bias_medium,83,0.17292533814907074,0.5542881488800049,0.5094497203826904,0.5112358331680298,0.5542882084846497,0.5102025270462036,0.5119279623031616,0.05969420447945595,0.03678634762763977,0.03720931336283684,False,True,0.04054424911737442,0.04054425284266472,0.04054424911737442,0.5542882084846497,0.5542881488800049,0.5542882084846497
bias_medium,84,0.17292533814907074,0.01995132304728031,0.020951690152287483,0.01982128620147705,0.019951321184635162,0.02274552918970585,0.01984292082488537,0.22876165807247162,0.229566752910614,0.22863781452178955,True,True,0.8910313248634338,0.8910316228866577,0.8910318613052368,0.01995127461850643,0.01995132304728031,0.01995137706398964
bias_medium,85,0.17292533814907074,0.3659885823726654,0.4088340401649475,0.40364471077919006,0.3659885823726654,0.4092087745666504,0.4039384424686432,0.43541306257247925,0.4418307840824127,0.44101303815841675,True,False,0.12045794725418091,0.1204579696059227,0.12045799940824509,0.365988552570343,0.3659885823726654,0.3659886121749878
bias_medium,86,0.17292533814907074,0.2470497190952301,0.2694907784461975,0.2640843093395233,0.2470497041940689,0.26983994245529175,0.26429086923599243,0.16073043644428253,0.16056013107299805,0.16033847630023956,True,False,0.23963233828544617,0.23963229358196259,0.23963233828544617,0.24704968929290771,0.2470497190952301,0.24704968929290771
bias_medium,87,0.17292533814907074,0.2576853036880493,0.2453364133834839,0.24764570593833923,0.2576853334903717,0.2455739825963974,0.2477797120809555,0.5045676827430725,0.4901176691055298,0.4932611584663391,False,True,0.22533796727657318,0.22533801198005676,0.2253381609916687,0.25768521428108215,0.2576853036880493,0.2576853632926941
bias_medium,88,0.17292533814907074,0.146180659532547,0.1043509691953659,0.12165157496929169,0.1461806744337082,0.10542427003383636,0.12197670340538025,0.06477884948253632,0.05937187746167183,0.06060571223497391,False,True,0.4294114112854004,0.42941147089004517,0.42941156029701233,0.14618061482906342,0.146180659532547,0.1461806744337082
bias_medium,89,0.17292533814907074,0.18747682869434357,0.1964835822582245,0.19334885478019714,0.18747679889202118,0.19678150117397308,0.19348381459712982,0.10672672092914581,0.10578829795122147,0.10546556860208511,True,False,0.33818942308425903,0.3381895422935486,0.3381895422935486,0.18747678399085999,0.18747682869434357,0.18747684359550476
bias_medium,90,0.17292533814907074,0.05310068279504776,0.06331925094127655,0.055014610290527344,0.05310067906975746,0.06475373357534409,0.05510040000081062,0.4510157108306885,0.452737033367157,0.45135629177093506,True,False,0.7355970144271851,0.7355969548225403,0.7355970144271851,0.05310067534446716,0.05310068279504776,0.05310067534446716
bias_medium,91,0.17292533814907074,0.2104082554578781,0.20952315628528595,0.20964741706848145,0.2104082703590393,0.2096109241247177,0.2096911519765854,0.08941848576068878,0.08745256811380386,0.08762295544147491,False,True,0.2961888909339905,0.2961888909339905,0.2961888909339905,0.2104082703590393,0.2104082554578781,0.2104082703590393
bias_medium,92,0.17292533814907074,0.15877266228199005,0.14912036061286926,0.15177378058433533,0.15877263247966766,0.14932318031787872,0.1518595963716507,0.09320586174726486,0.08916398882865906,0.09027715772390366,False,True,0.39925411343574524,0.39925417304039,0.3992542326450348,0.15877258777618408,0.15877266228199005,0.15877264738082886
bias_medium,93,0.17292533814907074,0.07370318472385406,0.08539597690105438,0.07760700583457947,0.07370319217443466,0.08579898625612259,0.07766235619783401,0.08450262248516083,0.0796075314283371,0.08218304812908173,True,False,0.6529762148857117,0.6529766917228699,0.6529768109321594,0.07370313256978989,0.07370318472385406,0.07370329648256302
bias_medium,94,0.17292533814907074,0.23795466125011444,0.22786739468574524,0.2303360402584076,0.23795464634895325,0.2289939969778061,0.23096072673797607,0.33853426575660706,0.321819543838501,0.3258436918258667,False,True,0.25257304310798645,0.2525731027126312,0.2525732219219208,0.23795460164546967,0.23795466125011444,0.2379547357559204
bias_medium,95,0.17292533814907074,0.16713173687458038,0.15928657352924347,0.16195596754550934,0.16713175177574158,0.15967896580696106,0.16210156679153442,0.06914379447698593,0.04680017754435539,0.05337952822446823,False,True,0.3804134428501129,0.3804134726524353,0.3804134428501129,0.16713175177574158,0.16713173687458038,0.16713175177574158
bias_medium,96,0.17292533814907074,0.2684658169746399,0.25578489899635315,0.2581106126308441,0.26846572756767273,0.25646159052848816,0.2585378587245941,0.09279396384954453,0.08773849159479141,0.08858676999807358,False,True,0.21171902120113373,0.21171900629997253,0.21171902120113373,0.2684657573699951,0.2684658169746399,0.2684657573699951
bias_medium,97,0.17292533814907074,0.26230889558792114,0.23910824954509735,0.2441255748271942,0.26230883598327637,0.23951031267642975,0.2443670630455017,0.09593237191438675,0.09267719089984894,0.09303473681211472,False,True,0.21939292550086975,0.21939297020435333,0.21939300000667572,0.26230883598327637,0.26230889558792114,0.26230889558792114
bias_medium,98,0.17292533814907074,0.32250985503196716,0.33018216490745544,0.3287579417228699,0.32250988483428955,0.33026108145713806,0.3288123607635498,0.12038740515708923,0.11983766406774521,0.1197771430015564,True,False,0.1548924744129181,0.15489248931407928,0.15489256381988525,0.3225098252296448,0.32250985503196716,0.32250991463661194
bias_medium,99,0.17292533814907074,0.317570298910141,0.32845771312713623,0.3266809582710266,0.31757035851478577,0.328695148229599,0.32684949040412903,0.20449472963809967,0.21390864253044128,0.21210387349128723,True,False,0.1593807339668274,0.1593807190656662,0.15938076376914978,0.3175703287124634,0.317570298910141,0.31757035851478577
bias_medium,100,0.17292533814907074,0.34000444412231445,0.37629902362823486,0.371171772480011,0.34000447392463684,0.37681570649147034,0.37155815958976746,0.5231618881225586,0.5275721549987793,0.5269097685813904,True,False,0.1399887651205063,0.13998886942863464,0.1399890035390854,0.3400043249130249,0.34000444412231445,0.3400045931339264
bias_medium,101,0.17292533814907074,0.2694550156593323,0.29016274213790894,0.2857057452201843,0.26945507526397705,0.2904200255870819,0.28586873412132263,0.06985863298177719,0.06709619611501694,0.06712102890014648,True,False,0.2105111926794052,0.2105112373828888,0.21051137149333954,0.2694549560546875,0.2694550156593323,0.26945510506629944
bias_medium,102,0.17292533814907074,0.12536099553108215,0.09391307085752487,0.10701022297143936,0.12536101043224335,0.09435167908668518,0.10715126991271973,0.08916345238685608,0.09231992810964584,0.09052446484565735,False,True,0.484352171421051,0.484352171421051,0.4843522012233734,0.12536099553108215,0.12536099553108215,0.12536101043224335
bias_medium,103,0.17292533814907074,0.21557338535785675,0.1788155734539032,0.18917839229106903,0.21557338535785675,0.17931735515594482,0.189422145485878,0.10294878482818604,0.10328783839941025,0.10275537520647049,False,True,0.28747281432151794,0.28747281432151794,0.2874728739261627,0.21557334065437317,0.21557338535785675,0.21557340025901794
bias_medium,104,0.17292533814907074,0.07751722633838654,0.07988573610782623,0.07514338940382004,0.07751720398664474,0.08078058063983917,0.07531151175498962,0.06447695940732956,0.050265487283468246,0.057420626282691956,True,True,0.6387323141098022,0.6387322545051575,0.6387323141098022,0.07751721143722534,0.07751722633838654,0.07751721143722534
bias_medium,105,0.17292533814907074,0.25589674711227417,0.2436518669128418,0.2463977336883545,0.25589680671691895,0.24373406171798706,0.24644647538661957,0.07675117254257202,0.07229506969451904,0.07272394001483917,False,True,0.2276807278394699,0.2276807278394699,0.2276807278394699,0.25589680671691895,0.25589674711227417,0.25589680671691895
bias_medium,106,0.17292533814907074,0.12471695989370346,0.12639553844928741,0.12528356909751892,0.12471695989370346,0.12681958079338074,0.12539136409759521,0.0938965305685997,0.08998032659292221,0.09145742654800415,True,False,0.4861592948436737,0.4861595034599304,0.4861597418785095,0.1247168779373169,0.12471695989370346,0.12471702694892883
bias_medium,107,0.17292533814907074,0.2512781023979187,0.24256613850593567,0.24455614387989044,0.2512781620025635,0.24287866055965424,0.2447386234998703,0.2409963756799698,0.2425621896982193,0.24197988212108612,False,True,0.2338436394929886,0.23384377360343933,0.23384380340576172,0.2512781322002411,0.2512781023979187,0.25127825140953064
bias_medium,108,0.17292533814907074,0.13414828479290009,0.11766090244054794,0.1243695467710495,0.1341482549905777,0.11803686618804932,0.1244666576385498,0.44736936688423157,0.44666963815689087,0.44687455892562866,False,True,0.4603542387485504,0.4603545069694519,0.4603545367717743,0.1341482698917389,0.13414828479290009,0.13414838910102844
bias_medium,109,0.17292533814907074,0.3428463339805603,0.3264257311820984,0.3286686837673187,0.3428463339805603,0.3267402946949005,0.32890093326568604,0.0876065194606781,0.09181739389896393,0.09110616147518158,False,True,0.13770706951618195,0.13770706951618195,0.13770709931850433,0.3428463339805603,0.3428463339805603,0.3428463637828827
bias_medium,110,0.17292533814907074,0.14536991715431213,0.13342627882957458,0.1383354514837265,0.14536990225315094,0.1338382214307785,0.13846057653427124,0.42585620284080505,0.4293443560600281,0.4276176691055298,False,True,0.4314294457435608,0.4314294755458832,0.4314294457435608,0.14536990225315094,0.14536991715431213,0.14536990225315094
bias_medium,111,0.17292533814907074,0.2285647839307785,0.22532883286476135,0.22610481083393097,0.2285647839307785,0.22559668123722076,0.22624777257442474,0.09831477701663971,0.09258836507797241,0.0937395915389061,False,True,0.26666709780693054,0.26666706800460815,0.26666712760925293,0.2285647839307785,0.2285647839307785,0.2285647988319397
bias_medium,112,0.17292533814907074,0.14771676063537598,0.16654452681541443,0.15805740654468536,0.14771676063537598,0.16749104857444763,0.15836650133132935,0.10025724023580551,0.09607413411140442,0.09732670336961746,True,False,0.4256137013435364,0.42561379075050354,0.42561402916908264,0.14771668612957,0.14771676063537598,0.14771682024002075
bias_medium,113,0.17292533814907074,0.2175866663455963,0.21205787360668182,0.21348027884960175,0.2175866663455963,0.21291039884090424,0.21391595900058746,0.46084877848625183,0.46094271540641785,0.4607320725917816,False,True,0.284145325422287,0.2841453552246094,0.2841453552246094,0.21758663654327393,0.2175866663455963,0.2175866663455963
bias_medium,114,0.17292533814907074,0.031335555016994476,0.04788205400109291,0.032959844917058945,0.031335555016994476,0.04865862429141998,0.03302609920501709,0.4183467924594879,0.42032521963119507,0.41856738924980164,True,False,0.834260880947113,0.8342612981796265,0.8342615962028503,0.0313355028629303,0.031335555016994476,0.031335651874542236
bias_medium,115,0.17292533814907074,0.1568879783153534,0.1460496336221695,0.14858359098434448,0.1568879634141922,0.14620310068130493,0.14866110682487488,0.534259557723999,0.5173029899597168,0.5239613056182861,False,True,0.40362927317619324,0.4036293029785156,0.4036293029785156,0.1568879634141922,0.1568879783153534,0.1568879783153534
bias_medium,116,0.17292533814907074,0.34088119864463806,0.30559617280960083,0.3104492127895355,0.3408811688423157,0.30578193068504333,0.31058523058891296,0.08170430362224579,0.08170304447412491,0.08150604367256165,False,True,0.13928093016147614,0.13928097486495972,0.13928097486495972,0.3408811390399933,0.34088119864463806,0.34088119864463806
bias_medium,117,0.17292533814907074,0.20555324852466583,0.1797156035900116,0.18728838860988617,0.20555323362350464,0.1807859092950821,0.18779641389846802,0.05267515778541565,0.034084588289260864,0.03821670264005661,False,True,0.30462250113487244,0.3046225309371948,0.30462250113487244,0.20555323362350464,0.20555324852466583,0.20555323362350464
bias_medium,118,0.17292533814907074,0.2145950049161911,0.20836679637432098,0.21011610329151154,0.2145950049161911,0.2084251493215561,0.21014559268951416,0.08500311523675919,0.08232542127370834,0.08251318335533142,False,True,0.28910380601882935,0.2891039252281189,0.2891039252281189,0.2145949900150299,0.2145950049161911,0.21459504961967468
bias_medium,119,0.17292533814907074,0.3437081277370453,0.32884347438812256,0.33085158467292786,0.34370818734169006,0.3288935720920563,0.33088892698287964,0.08620515465736389,0.08818274736404419,0.08782395720481873,False,True,0.1370224505662918,0.13702251017093658,0.13702253997325897,0.3437080979347229,0.3437081277370453,0.34370821714401245
bias_medium,120,0.17292533814907074,0.09226398915052414,0.1036190390586853,0.0958053469657898,0.09226400405168533,0.10415709018707275,0.09590804576873779,0.38204425573349,0.3783448338508606,0.38034382462501526,True,False,0.5865200757980347,0.5865201950073242,0.586520254611969,0.09226398915052414,0.09226398915052414,0.09226403385400772
bias_medium,121,0.17292533814907074,0.13960197567939758,0.1310288906097412,0.13459345698356628,0.13960197567939758,0.1318562775850296,0.13484130799770355,0.05900266394019127,0.03494620323181152,0.04369491711258888,False,True,0.44606250524520874,0.44606247544288635,0.44606250524520874,0.13960197567939758,0.13960197567939758,0.13960197567939758
bias_medium,122,0.17292533814907074,0.2259383499622345,0.22772780060768127,0.22713491320610046,0.2259383499622345,0.22794869542121887,0.22725291550159454,0.5862615704536438,0.5822204947471619,0.5832173824310303,True,False,0.27074816823005676,0.27074822783470154,0.2707482874393463,0.2259383201599121,0.2259383499622345,0.22593837976455688
bias_medium,123,0.17292533814907074,0.2832077741622925,0.22883519530296326,0.23935477435588837,0.2832077443599701,0.2301536500453949,0.24017517268657684,0.12847350537776947,0.12176388502120972,0.12296318262815475,False,True,0.19441768527030945,0.1944177895784378,0.19441790878772736,0.28320765495300293,0.2832077741622925,0.28320786356925964
bias_medium,124,0.17292533814907074,0.162734717130661,0.17793574929237366,0.17159579694271088,0.162734717130661,0.17833195626735687,0.17173978686332703,0.12703047692775726,0.1220490038394928,0.12348176538944244,True,False,0.39021041989326477,0.39021044969558716,0.39021041989326477,0.16273470222949982,0.162734717130661,0.16273470222949982
bias_medium,125,0.17292533814907074,0.1847981959581375,0.20411810278892517,0.19735366106033325,0.18479818105697632,0.2044704258441925,0.19750989973545074,0.34052276611328125,0.34162506461143494,0.3410969078540802,True,False,0.3434688448905945,0.3434688448905945,0.3434689939022064,0.18479813635349274,0.1847981959581375,0.1847981959581375
bias_medium,126,0.17292533814907074,0.12054719030857086,0.10930615663528442,0.113905169069767,0.12054716050624847,0.10981455445289612,0.11403045803308487,0.2362263947725296,0.23355157673358917,0.23439721763134003,False,True,0.49802473187446594,0.4980248808860779,0.49802500009536743,0.12054711580276489,0.12054719030857086,0.12054720520973206
bias_medium,127,0.17292533814907074,0.1385236233472824,0.15652695298194885,0.14756262302398682,0.1385236233472824,0.15672889351844788,0.1476275622844696,0.07725562900304794,0.06998495757579803,0.07262486964464188,True,False,0.44885244965553284,0.4488527178764343,0.4488530457019806,0.13852351903915405,0.1385236233472824,0.13852375745773315
bias_medium,128,0.17292533814907074,0.27902278304100037,0.2847657799720764,0.2835850417613983,0.27902281284332275,0.2849757671356201,0.28372055292129517,0.2166667878627777,0.20685210824012756,0.20853692293167114,True,False,0.19918027520179749,0.19918029010295868,0.19918027520179749,0.27902281284332275,0.27902278304100037,0.27902281284332275
bias_medium,129,0.17292533814907074,0.10084430128335953,0.09117111563682556,0.09609512984752655,0.10084430128335953,0.09147617220878601,0.09615869075059891,0.4018687307834625,0.3977299630641937,0.39988523721694946,False,True,0.5581278204917908,0.5581281781196594,0.5581281781196594,0.10084428638219833,0.10084430128335953,0.10084439814090729
bias_medium,130,0.17292533814907074,0.13274379074573517,0.13643498718738556,0.1345791518688202,0.13274379074573517,0.13670964539051056,0.1346544325351715,0.30874308943748474,0.31204819679260254,0.31029078364372253,True,False,0.4641086459159851,0.46410876512527466,0.46410876512527466,0.13274377584457397,0.13274379074573517,0.13274382054805756
bias_medium,131,0.17292533814907074,0.14804774522781372,0.14347481727600098,0.14511272311210632,0.14804774522781372,0.14383459091186523,0.145235076546669,0.4464362859725952,0.44867727160453796,0.4475942850112915,False,True,0.42479997873306274,0.42479997873306274,0.4248000383377075,0.14804773032665253,0.14804774522781372,0.14804776012897491
bias_medium,132,0.17292533814907074,0.1240127831697464,0.1199028268456459,0.12184619903564453,0.1240127831697464,0.12043558806180954,0.12198137491941452,0.06627488881349564,0.061828333884477615,0.0635516494512558,False,True,0.4881431758403778,0.4881431460380554,0.4881432354450226,0.1240127831697464,0.1240127831697464,0.12401280552148819
bias_medium,133,0.17292533814907074,0.10407626628875732,0.12330231815576553,0.11161550134420395,0.10407626628875732,0.12425529956817627,0.11180060356855392,0.0834575667977333,0.07826663553714752,0.08060407638549805,True,False,0.5477936267852783,0.5477936267852783,0.5477938055992126,0.10407620668411255,0.10407626628875732,0.10407627373933792
bias_medium,134,0.17292533814907074,0.07064753025770187,0.07882499694824219,0.07314686477184296,0.07064753770828247,0.07917582988739014,0.07318855822086334,0.09673085808753967,0.09278541058301926,0.09510612487792969,True,False,0.6646173000335693,0.6646175384521484,0.6646177172660828,0.0706474781036377,0.07064753025770187,0.07064758241176605
bias_medium,135,0.17292533814907074,0.2739018499851227,0.2712484300136566,0.2715531587600708,0.2739018201828003,0.2713373601436615,0.2716100811958313,0.09899086505174637,0.09658022969961166,0.09668101370334625,False,True,0.20516683161258698,0.2051669806241989,0.2051670104265213,0.2739017903804779,0.2739018499851227,0.27390193939208984
bias_medium,136,0.17292533814907074,0.09413865953683853,0.09631869196891785,0.09434942156076431,0.09413867443799973,0.09738696366548538,0.09457559138536453,0.1573673039674759,0.1609952449798584,0.15855684876441956,True,False,0.5801960825920105,0.5801962018013,0.5801962018013,0.09413864463567734,0.09413865953683853,0.09413867443799973
bias_medium,137,0.17292533814907074,0.09312376379966736,0.11060197651386261,0.10014667361974716,0.09312375634908676,0.11091231554746628,0.10020693391561508,0.05869179591536522,0.06480412930250168,0.06057482957839966,True,False,0.5836113095283508,0.5836113691329956,0.5836113691329956,0.09312374889850616,0.09312376379966736,0.09312377125024796
bias_medium,138,0.17292533814907074,0.1277047097682953,0.13783994317054749,0.13141056895256042,0.12770473957061768,0.13825546205043793,0.13148906826972961,0.08665849268436432,0.0874251276254654,0.08655443042516708,True,False,0.4778316915035248,0.4778318405151367,0.4778318405151367,0.12770473957061768,0.1277047097682953,0.12770479917526245
bias_medium,139,0.17292533814907074,0.21151848137378693,0.22124159336090088,0.21832136809825897,0.21151848137378693,0.2217387855052948,0.21857202053070068,0.10757152736186981,0.10723134130239487,0.10692286491394043,True,False,0.2942933738231659,0.2942934036254883,0.29429346323013306,0.21151843667030334,0.21151848137378693,0.21151849627494812
bias_medium,140,0.17292533814907074,0.19125649333000183,0.20205369591712952,0.19846531748771667,0.19125650823116302,0.20277442038059235,0.19879376888275146,0.36844420433044434,0.37231045961380005,0.370737761259079,True,False,0.33087772130966187,0.33087778091430664,0.33087795972824097,0.19125640392303467,0.19125649333000183,0.1912565380334854
bias_medium,141,0.17292533814907074,0.18825198709964752,0.2222612202167511,0.2107381373643875,0.18825198709964752,0.22267505526542664,0.21093018352985382,0.05679944157600403,0.06508421897888184,0.06123649701476097,True,False,0.33667686581611633,0.3366768956184387,0.33667686581611633,0.18825198709964752,0.18825198709964752,0.18825198709964752
bias_medium,142,0.17292533814907074,0.1750868260860443,0.16797155141830444,0.17005696892738342,0.1750868558883667,0.16812358796596527,0.17011554539203644,0.2993285655975342,0.30527612566947937,0.30291783809661865,False,True,0.3633096516132355,0.36330971121788025,0.3633098602294922,0.17508676648139954,0.1750868260860443,0.1750868707895279
bias_medium,143,0.17292533814907074,0.21791501343250275,0.2201797515153885,0.21873807907104492,0.21791501343250275,0.22079017758369446,0.21903517842292786,0.3114005923271179,0.31113430857658386,0.3110811710357666,True,False,0.28360623121261597,0.2836063504219055,0.2836063504219055,0.21791499853134155,0.21791501343250275,0.21791507303714752
bias_medium,144,0.17292533814907074,0.057348378002643585,0.06448584794998169,0.057521503418684006,0.057348381727933884,0.0646539181470871,0.057538680732250214,0.10753300040960312,0.10244214534759521,0.10588867217302322,True,False,0.7177479863166809,0.7177479863166809,0.7177483439445496,0.05734831467270851,0.057348378002643585,0.05734839290380478
bias_medium,145,0.17292533814907074,0.2878491282463074,0.2892405390739441,0.2889311909675598,0.28784918785095215,0.28940144181251526,0.2890365421772003,0.4618678092956543,0.4565288722515106,0.45740097761154175,True,False,0.1892688125371933,0.18926897644996643,0.18926894664764404,0.28784915804862976,0.2878491282463074,0.2878492772579193
bias_medium,146,0.17292533814907074,0.2732624113559723,0.26247796416282654,0.26465824246406555,0.2732623517513275,0.26293110847473145,0.2649401128292084,0.30748942494392395,0.3039213716983795,0.30447477102279663,False,True,0.20592693984508514,0.20592708885669708,0.20592713356018066,0.27326229214668274,0.2732624113559723,0.27326247096061707
bias_medium,147,0.17292533814907074,0.10210222005844116,0.11806809902191162,0.1089882105588913,0.10210222750902176,0.11881153285503387,0.10914865136146545,0.06223732605576515,0.06478708982467651,0.06279993802309036,True,False,0.5540825724601746,0.5540827512741089,0.5540829300880432,0.10210219025611877,0.10210222005844116,0.10210230946540833
bias_medium,148,0.17292533814907074,0.1894448697566986,0.17961595952510834,0.18218094110488892,0.1894448697566986,0.1798776537179947,0.18229475617408752,0.11111398786306381,0.10522261261940002,0.10651029646396637,False,True,0.3343622088432312,0.33436235785484314,0.3343624472618103,0.18944483995437622,0.1894448697566986,0.18944495916366577
bias_medium,149,0.17292533814907074,0.1358456164598465,0.11951065063476562,0.12623484432697296,0.1358456015586853,0.12034044414758682,0.12650835514068604,0.07307497411966324,0.07016190141439438,0.07086773216724396,False,True,0.4558580219745636,0.4558580815792084,0.4558582007884979,0.13584555685520172,0.1358456164598465,0.1358456313610077
bias_medium,150,0.17292533814907074,0.22894804179668427,0.23598352074623108,0.23407459259033203,0.22894804179668427,0.23625145852565765,0.23422060906887054,0.12481702864170074,0.12647472321987152,0.12582586705684662,True,False,0.2660767436027527,0.2660767138004303,0.2660767734050751,0.22894802689552307,0.22894804179668427,0.22894805669784546
bias_medium,151,0.17292533814907074,0.018522217869758606,0.01407451368868351,0.016523906961083412,0.018522217869758606,0.015180298127233982,0.016554733738303185,0.10896023362874985,0.10452253371477127,0.1083616390824318,False,True,0.8984257578849792,0.8984258770942688,0.8984260559082031,0.018522178754210472,0.018522217869758606,0.018522243946790695
bias_medium,152,0.17292533814907074,0.17637035250663757,0.19858375191688538,0.18966220319271088,0.17637036740779877,0.20004141330718994,0.1902565062046051,0.055653657764196396,0.0378740094602108,0.041508372873067856,True,False,0.3606230318546295,0.3606230318546295,0.3606230914592743,0.17637033760547638,0.17637035250663757,0.17637038230895996
bias_medium,153,0.17292533814907074,0.1720845252275467,0.17918339371681213,0.17643122375011444,0.1720845103263855,0.17955750226974487,0.17658311128616333,0.1594185084104538,0.1592729687690735,0.15902672708034515,True,False,0.36967241764068604,0.3696725368499756,0.36967262625694275,0.1720844805240631,0.1720845252275467,0.17208458483219147
bias_medium,154,0.17292533814907074,0.09229247272014618,0.15112650394439697,0.1162748783826828,0.09229246526956558,0.15260666608810425,0.1165979728102684,0.06291412562131882,0.03726975619792938,0.051082074642181396,True,False,0.5864235162734985,0.5864237546920776,0.586423933506012,0.09229238331317902,0.09229247272014618,0.09229250252246857
bias_medium,155,0.17292533814907074,0.07864820957183838,0.09435923397541046,0.08422963321208954,0.07864820212125778,0.09526648372411728,0.08436308056116104,0.07144162803888321,0.06973336637020111,0.06994299590587616,True,False,0.6345682740211487,0.6345683336257935,0.6345685720443726,0.0786481574177742,0.07864820957183838,0.07864823937416077
bias_medium,156,0.17292533814907074,0.15726633369922638,0.17359597980976105,0.16641412675380707,0.15726633369922638,0.17449092864990234,0.16674965620040894,0.16030487418174744,0.1592893898487091,0.15942080318927765,True,False,0.4027470350265503,0.40274715423583984,0.40274715423583984,0.15726631879806519,0.15726633369922638,0.15726636350154877
bias_medium,157,0.17292533814907074,0.135399729013443,0.13795672357082367,0.13516274094581604,0.1353997141122818,0.13841675221920013,0.13528986275196075,0.2035156786441803,0.19695624709129333,0.19958949089050293,True,True,0.45703500509262085,0.4570350646972656,0.45703527331352234,0.13539962470531464,0.135399729013443,0.135399729013443
bias_medium,158,0.17292533814907074,0.07963968813419342,0.07950060069561005,0.07937496155500412,0.07963968813419342,0.08018200844526291,0.07946763932704926,0.08258252590894699,0.08365096896886826,0.0821976438164711,True,True,0.6309404373168945,0.6309404373168945,0.6309404373168945,0.07963968813419342,0.07963968813419342,0.07963968813419342
bias_medium,159,0.17292533814907074,0.3033619523048401,0.29209181666374207,0.294021874666214,0.3033619821071625,0.29228475689888,0.29415255784988403,0.08332281559705734,0.07921628654003143,0.07943310588598251,False,True,0.17302927374839783,0.17302925884723663,0.17302937805652618,0.3033618628978729,0.3033619523048401,0.3033619821071625
bias_medium,160,0.17292533814907074,0.292936235666275,0.28873810172080994,0.2893458604812622,0.292936235666275,0.288789838552475,0.289380818605423,0.34849053621292114,0.35097235441207886,0.35026994347572327,False,True,0.18378214538097382,0.18378214538097382,0.18378227949142456,0.2929361164569855,0.292936235666275,0.292936235666275
bias_medium,161,0.17292533814907074,0.09505106508731842,0.0912974625825882,0.0920330211520195,0.09505107253789902,0.09278180450201035,0.09231552481651306,0.18326807022094727,0.17417703568935394,0.17895881831645966,False,True,0.5771427750587463,0.5771428346633911,0.5771429538726807,0.09505105018615723,0.09505106508731842,0.095051109790802
bias_medium,162,0.17292533814907074,0.14317920804023743,0.13430017232894897,0.13794250786304474,0.14317920804023743,0.13448777794837952,0.13800331950187683,0.0581306554377079,0.049490246921777725,0.05267440155148506,False,True,0.43692976236343384,0.43692976236343384,0.43692976236343384,0.14317920804023743,0.14317920804023743,0.14317920804023743
bias_medium,163,0.17292533814907074,0.2859256863594055,0.29421767592430115,0.29255110025405884,0.28592565655708313,0.29439228773117065,0.29266485571861267,0.07176471501588821,0.07080629467964172,0.0704653263092041,True,False,0.19138593971729279,0.19138598442077637,0.19138601422309875,0.28592562675476074,0.2859256863594055,0.2859256863594055
bias_medium,164,0.17292533814907074,0.10462965071201324,0.1209336668252945,0.11102261394262314,0.10462964326143265,0.12387976050376892,0.11159961670637131,0.05816639959812164,0.03176243603229523,0.04397226497530937,True,False,0.5460434556007385,0.5460434556007385,0.5460434556007385,0.10462964326143265,0.10462965071201324,0.10462964326143265
bias_medium,165,0.17292533814907074,0.24673166871070862,0.231751948595047,0.23489348590373993,0.24673163890838623,0.2319445013999939,0.23500482738018036,0.33608630299568176,0.3457035720348358,0.3433106243610382,False,True,0.24007338285446167,0.24007351696491241,0.2400735318660736,0.24673160910606384,0.24673166871070862,0.2467317134141922
bias_medium,166,0.17292533814907074,0.23062102496623993,0.24585480988025665,0.24181535840034485,0.23062105476856232,0.24608762562274933,0.24194400012493134,0.08086439222097397,0.08015699684619904,0.07983577251434326,True,False,0.2635149359703064,0.2635149359703064,0.2635149359703064,0.23062105476856232,0.23062102496623993,0.23062105476856232
bias_medium,167,0.17292533814907074,0.07129248976707458,0.08297426998615265,0.07484190165996552,0.07129248231649399,0.08411885797977448,0.07497751712799072,0.43397295475006104,0.4339956045150757,0.4337659478187561,True,False,0.6621432900428772,0.6621434092521667,0.6621434688568115,0.0712924525141716,0.07129248976707458,0.07129249721765518
bias_medium,168,0.17292533814907074,0.1737661212682724,0.19818682968616486,0.18839098513126373,0.1737661212682724,0.19880682229995728,0.18862606585025787,0.18935194611549377,0.18445584177970886,0.18597209453582764,True,False,0.3660949468612671,0.3660951256752014,0.3660951852798462,0.17376609146595,0.1737661212682724,0.17376619577407837
bias_medium,169,0.17292533814907074,0.18372318148612976,0.16196660697460175,0.16927078366279602,0.18372319638729095,0.16254228353500366,0.16950508952140808,0.09525534510612488,0.09807118773460388,0.09683141112327576,False,True,0.34561073780059814,0.34561070799827576,0.34561073780059814,0.18372318148612976,0.18372318148612976,0.18372318148612976
bias_medium,170,0.17292533814907074,0.21945956349372864,0.22208909690380096,0.2212248295545578,0.21945954859256744,0.22280940413475037,0.22159816324710846,0.09943130612373352,0.09989410638809204,0.09914086759090424,True,False,0.2810842990875244,0.28108444809913635,0.28108450770378113,0.21945953369140625,0.21945956349372864,0.2194596529006958
bias_medium,171,0.17292533814907074,0.15327788889408112,0.1569543182849884,0.15537972748279572,0.15327788889408112,0.15707844495773315,0.15542250871658325,0.2046310007572174,0.19741688668727875,0.20017772912979126,True,False,0.4121440649032593,0.4121442437171936,0.4121443033218384,0.15327785909175873,0.15327788889408112,0.15327796339988708
bias_medium,172,0.17292533814907074,0.273743212223053,0.25349685549736023,0.257511705160141,0.273743212223053,0.2537868022918701,0.25769510865211487,0.4797222912311554,0.46642109751701355,0.46901005506515503,False,True,0.20535509288311005,0.20535524189472198,0.20535527169704437,0.2737431824207306,0.273743212223053,0.27374333143234253
bias_medium,173,0.17292533814907074,0.07319475710391998,0.08009345829486847,0.07552532851696014,0.07319475710391998,0.08032459020614624,0.07555419951677322,0.09216921031475067,0.09292430430650711,0.09204959124326706,True,False,0.6548991203308105,0.6548994183540344,0.6548993587493896,0.07319474220275879,0.07319475710391998,0.07319480925798416
bias_medium,174,0.17292533814907074,0.30767306685447693,0.3053428828716278,0.3056945502758026,0.3076730966567993,0.3054085671901703,0.3057396113872528,0.08525817096233368,0.08095459640026093,0.08142200112342834,False,True,0.16876886785030365,0.16876886785030365,0.16876886785030365,0.3076730966567993,0.30767306685447693,0.3076730966567993
bias_medium,175,0.17292533814907074,0.190395325422287,0.17949971556663513,0.18291732668876648,0.1903953105211258,0.18084222078323364,0.18350541591644287,0.06516928970813751,0.039823032915592194,0.04369997978210449,False,True,0.3325296640396118,0.33252963423728943,0.3325296640396118,0.190395325422287,0.190395325422287,0.190395325422287
bias_medium,176,0.17292533814907074,0.21821358799934387,0.21157625317573547,0.21334365010261536,0.21821360290050507,0.2117525339126587,0.21343551576137543,0.07523591816425323,0.07245434820652008,0.07278860360383987,False,True,0.2831169664859772,0.28311699628829956,0.2831170856952667,0.21821355819702148,0.21821358799934387,0.21821364760398865
bias_medium,177,0.17292533814907074,0.2263748198747635,0.25116315484046936,0.24425816535949707,0.22637484967708588,0.2515270411968231,0.2444538176059723,0.17648722231388092,0.1730167269706726,0.17376504838466644,True,False,0.2700656056404114,0.2700657248497009,0.2700657844543457,0.2263747751712799,0.2263748198747635,0.22637489438056946
bias_medium,178,0.17292533814907074,0.08428538590669632,0.08629991114139557,0.08455619215965271,0.08428538590669632,0.08821167796850204,0.08482802659273148,0.07229448109865189,0.03752985596656799,0.056883737444877625,True,False,0.6142156720161438,0.6142157316207886,0.6142156720161438,0.08428538590669632,0.08428538590669632,0.08428538590669632
bias_medium,179,0.17292533814907074,0.11235998570919037,0.1289687305688858,0.1196417585015297,0.11235999315977097,0.12938037514686584,0.1197347566485405,0.10003822296857834,0.09486353397369385,0.09715131670236588,True,False,0.5221708416938782,0.5221710205078125,0.5221711993217468,0.1123599261045456,0.11235998570919037,0.11236004531383514
bias_medium,180,0.17292533814907074,0.1386125385761261,0.11544357240200043,0.12548689544200897,0.1386125385761261,0.1165570393204689,0.12581495940685272,0.3058393597602844,0.32173749804496765,0.3144969642162323,False,True,0.44862207770347595,0.44862204790115356,0.44862207770347595,0.1386125385761261,0.1386125385761261,0.1386125385761261
bias_medium,181,0.17292533814907074,0.11159451305866241,0.10103283822536469,0.10238554328680038,0.11159452050924301,0.102802574634552,0.10274259746074677,0.06851079314947128,0.04333006590604782,0.05426022782921791,False,True,0.5244875550270081,0.5244875550270081,0.5244875550270081,0.11159452050924301,0.11159451305866241,0.11159452795982361
bias_medium,182,0.17292533814907074,0.04818340018391609,0.07343632727861404,0.05371762067079544,0.04818340018391609,0.07414998859167099,0.05377829819917679,0.0924929827451706,0.08947378396987915,0.09152215719223022,True,False,0.7568144202232361,0.7568146586418152,0.7568146586418152,0.0481833778321743,0.04818340018391609,0.04818343743681908
bias_medium,183,0.17292533814907074,0.2913788855075836,0.26533734798431396,0.2700713276863098,0.29137885570526123,0.26546183228492737,0.2701534330844879,0.11000043898820877,0.11291701346635818,0.11203931272029877,False,True,0.18544477224349976,0.18544480204582214,0.18544486165046692,0.29137879610061646,0.2913788855075836,0.2913788855075836
bias_medium,184,0.17292533814907074,0.2907605767250061,0.29128915071487427,0.29116004705429077,0.2907606065273285,0.2913832664489746,0.2912229299545288,0.09536830335855484,0.09149870276451111,0.09193466603755951,True,False,0.18610882759094238,0.18610899150371552,0.18610912561416626,0.29076048731803894,0.2907605767250061,0.29076075553894043
bias_medium,185,0.17292533814907074,0.3499968945980072,0.3529384434223175,0.3521537184715271,0.3499968647956848,0.3529735505580902,0.3521812856197357,0.07773963361978531,0.07356853038072586,0.07375597953796387,True,False,0.13212893903255463,0.13212895393371582,0.13212896883487701,0.3499968647956848,0.3499968945980072,0.3499968945980072
bias_medium,186,0.17292533814907074,0.12737758457660675,0.12738551199436188,0.1269678920507431,0.12737759947776794,0.12782278656959534,0.127084881067276,0.09430701285600662,0.09349321573972702,0.09343351423740387,True,True,0.4787364900112152,0.4787366986274719,0.4787367284297943,0.12737756967544556,0.12737758457660675,0.12737765908241272
bias_medium,187,0.17292533814907074,0.09595640003681183,0.0873296707868576,0.09070611000061035,0.09595640003681183,0.09017404913902283,0.09124602377414703,0.07098761945962906,0.036856524646282196,0.05472395196557045,False,True,0.5741292238235474,0.5741292238235474,0.5741293430328369,0.09595636278390884,0.09595640003681183,0.09595640748739243
bias_medium,188,0.17292533814907074,0.03641122579574585,0.04991872236132622,0.03779978305101395,0.03641122579574585,0.052515242248773575,0.037880316376686096,0.5052133202552795,0.49936026334762573,0.5039486885070801,True,False,0.810129702091217,0.81013023853302,0.81013023853302,0.036411210894584656,0.03641122579574585,0.03641131892800331
bias_medium,189,0.17292533814907074,0.44917020201683044,0.4513903260231018,0.45122337341308594,0.44917023181915283,0.4515279531478882,0.45134130120277405,0.07694722712039948,0.07539770752191544,0.07536595314741135,True,False,0.07446089386940002,0.07446093112230301,0.0744609460234642,0.44917020201683044,0.44917020201683044,0.44917032122612
bias_medium,190,0.17292533814907074,0.18197952210903168,0.17541936039924622,0.17744901776313782,0.18197950720787048,0.1761351227760315,0.17775452136993408,0.06223960965871811,0.04577160254120827,0.05013222247362137,False,True,0.3491130471229553,0.34911325573921204,0.3491133153438568,0.1819794923067093,0.18197952210903168,0.18197961151599884
bias_medium,191,0.17292533814907074,0.2879096269607544,0.2709783911705017,0.27412620186805725,0.2879096567630768,0.27118438482284546,0.27426114678382874,0.47391626238822937,0.4836746156215668,0.4817278981208801,False,True,0.189202681183815,0.18920274078845978,0.18920281529426575,0.2879095673561096,0.2879096269607544,0.28790968656539917
bias_medium,192,0.17292533814907074,0.12063829600811005,0.14236387610435486,0.1311984807252884,0.12063828855752945,0.14321963489055634,0.13144174218177795,0.07340239733457565,0.030722344294190407,0.050219133496284485,True,False,0.4977624714374542,0.497762531042099,0.49776262044906616,0.12063824385404587,0.12063829600811005,0.12063828855752945
bias_medium,193,0.17292533814907074,0.45110002160072327,0.4689137935638428,0.46758970618247986,0.4510999619960785,0.46902191638946533,0.46768274903297424,0.09468477219343185,0.08892600983381271,0.08906517177820206,True,False,0.07363460212945938,0.07363460958003998,0.07363462448120117,0.4510999321937561,0.45110002160072327,0.4510999917984009
bias_medium,194,0.17292533814907074,0.25858402252197266,0.2553289234638214,0.2557846009731293,0.25858402252197266,0.2557291090488434,0.2560252845287323,0.05984973907470703,0.03244900703430176,0.03686794638633728,False,True,0.22416993975639343,0.22416996955871582,0.22416996955871582,0.25858402252197266,0.25858402252197266,0.25858405232429504
bias_medium,195,0.17292533814907074,0.18438786268234253,0.15190033614635468,0.16303551197052002,0.18438781797885895,0.15257377922534943,0.16330760717391968,0.07773450762033463,0.07162207365036011,0.07303471118211746,False,True,0.34428471326828003,0.34428489208221436,0.34428492188453674,0.18438781797885895,0.18438786268234253,0.1843879222869873
bias_medium,196,0.17292533814907074,0.354715496301651,0.35193508863449097,0.3522695302963257,0.3547155261039734,0.35201296210289,0.352328360080719,0.08233655989170074,0.08631032705307007,0.0855511724948883,False,True,0.1285722553730011,0.12857231497764587,0.12857234477996826,0.3547154366970062,0.354715496301651,0.35471558570861816
bias_medium,197,0.17292533814907074,0.3477939963340759,0.34465354681015015,0.3449237644672394,0.34779396653175354,0.344947874546051,0.3451448976993561,0.29400455951690674,0.30431997776031494,0.30279797315597534,False,True,0.13382291793823242,0.13382291793823242,0.13382291793823242,0.34779396653175354,0.3477939963340759,0.34779396653175354
bias_medium,198,0.17292533814907074,0.06126350909471512,0.06987641751766205,0.06343488395214081,0.06126350909471512,0.0704711526632309,0.06350991129875183,0.1008065715432167,0.09632804989814758,0.09901999682188034,True,False,0.7016803622245789,0.7016803622245789,0.7016805410385132,0.06126347929239273,0.06126350909471512,0.06126352772116661
bias_medium,199,0.17292533814907074,0.3101378381252289,0.33415156602859497,0.3300400674343109,0.3101378381252289,0.33482053875923157,0.3305082321166992,0.4038196802139282,0.39393630623817444,0.39549320936203003,True,False,0.1663804054260254,0.16638043522834778,0.16638050973415375,0.3101377785205841,0.3101378381252289,0.31013786792755127
