epoch,train_loss,val_loss
1,0.16858264372724532,0.07737808678704504
