metric,real_mean,gen_mean,real_std,gen_std,real_median,gen_median,real_q10,gen_q10,real_q90,gen_q90,mean_ratio_gen_over_real,std_ratio_gen_over_real
step_norm_all,0.328220,0.290718,0.156690,0.151200,0.327603,0.281665,0.122032,0.096692,0.524123,0.501218,0.885740,0.964963
avg_speed,0.328220,0.290717,0.135084,0.112401,0.318897,0.278420,0.155074,0.153355,0.508050,0.450740,0.885740,0.832084
total_length,6.236176,5.523633,2.566587,2.135617,6.059034,5.289981,2.946410,2.913739,9.652952,8.564070,0.885740,0.832084
endpoint_displacement,5.980539,4.501562,2.635707,2.528777,5.753386,4.233428,2.668038,1.274727,9.500957,8.169095,0.752702,0.959430
moving_ratio_global,0.898887,0.850432,0.177121,0.199308,1.000000,0.947368,0.578947,0.578947,1.000000,1.000000,0.946094,1.125266
propulsion_ratio,0.947851,0.774791,0.095055,0.238314,0.979110,0.883896,0.874903,0.369781,0.996812,0.985872,0.817418,2.507121
acc_rms,0.051887,0.075320,0.027227,0.023579,0.047283,0.071594,0.025461,0.048210,0.081313,0.106651,1.451623,0.865997
