traj_idx,method,ADE,RMSE,smooth,noisy_ADE,uncond_ADE,delta_ADE_vs_noisy,delta_ADE_vs_uncond,improved_vs_noisy,improved_vs_uncond
0,noisy_input,0.05268967151641846,0.057725291699171066,0.25759485363960266,0.05268967151641846,0.047386620193719864,0.0,0.005303051322698593,0,0
1,noisy_input,0.06313766539096832,0.07085802406072617,0.21430154144763947,0.06313766539096832,0.06346938759088516,0.0,-0.0003317221999168396,0,1
2,noisy_input,0.051779210567474365,0.05571683496236801,0.4836506247520447,0.051779210567474365,0.04479696601629257,0.0,0.006982244551181793,0,0
3,noisy_input,0.05588671565055847,0.061272185295820236,0.15313297510147095,0.05588671565055847,0.05423701927065849,0.0,0.0016496963798999786,0,0
4,noisy_input,0.05658530071377754,0.06404129415750504,0.1726716309785843,0.05658530071377754,0.05253947526216507,0.0,0.0040458254516124725,0,0
5,noisy_input,0.06796588748693466,0.07432424277067184,0.16809971630573273,0.06796588748693466,0.06385675817728043,0.0,0.004109129309654236,0,0
6,noisy_input,0.056925155222415924,0.06360159814357758,0.46997445821762085,0.056925155222415924,0.052198491990566254,0.0,0.00472666323184967,0,0
7,noisy_input,0.06172262877225876,0.07102378457784653,0.2411469668149948,0.06172262877225876,0.05677943676710129,0.0,0.004943192005157471,0,0
8,noisy_input,0.06060759350657463,0.0739072784781456,0.19851376116275787,0.06060759350657463,0.05658552795648575,0.0,0.0040220655500888824,0,0
9,noisy_input,0.0659550279378891,0.07036367803812027,0.19999346137046814,0.0659550279378891,0.06458798795938492,0.0,0.001367039978504181,0,0
10,noisy_input,0.05687336251139641,0.06923065334558487,0.16831055283546448,0.05687336251139641,0.0535132959485054,0.0,0.0033600665628910065,0,0
11,noisy_input,0.06904856115579605,0.08011011779308319,0.4834783971309662,0.06904856115579605,0.06840251386165619,0.0,0.0006460472941398621,0,0
12,noisy_input,0.06322519481182098,0.07269512861967087,0.44773557782173157,0.06322519481182098,0.05999799445271492,0.0,0.003227200359106064,0,0
13,noisy_input,0.07754329591989517,0.08461974561214447,0.1705045998096466,0.07754329591989517,0.07237817347049713,0.0,0.005165122449398041,0,0
14,noisy_input,0.0635475218296051,0.07099167257547379,0.17696505784988403,0.0635475218296051,0.06766773015260696,0.0,-0.004120208323001862,0,1
15,noisy_input,0.06149406358599663,0.06745760887861252,0.19606755673885345,0.06149406358599663,0.05707089230418205,0.0,0.004423171281814575,0,0
16,noisy_input,0.0525021068751812,0.06145070493221283,0.18295051157474518,0.0525021068751812,0.04696940258145332,0.0,0.005532704293727875,0,0
17,noisy_input,0.06533661484718323,0.06932801753282547,0.1858934462070465,0.06533661484718323,0.07542040944099426,0.0,-0.010083794593811035,0,1
18,noisy_input,0.06372842937707901,0.07014530897140503,0.24260497093200684,0.06372842937707901,0.058131806552410126,0.0,0.005596622824668884,0,0
19,noisy_input,0.06326358020305634,0.07194865494966507,0.5803443789482117,0.06326358020305634,0.07403336465358734,0.0,-0.010769784450531006,0,1
20,noisy_input,0.05830741673707962,0.06681666523218155,0.1485026627779007,0.05830741673707962,0.05672721937298775,0.0,0.0015801973640918732,0,0
21,noisy_input,0.06869306415319443,0.07604878395795822,0.17002573609352112,0.06869306415319443,0.0674474760890007,0.0,0.0012455880641937256,0,0
22,noisy_input,0.06361999362707138,0.06911365687847137,0.1777394413948059,0.06361999362707138,0.06207088753581047,0.0,0.00154910609126091,0,0
23,noisy_input,0.0694975033402443,0.07637134194374084,0.43005678057670593,0.0694975033402443,0.06300424039363861,0.0,0.006493262946605682,0,0
24,noisy_input,0.06091035529971123,0.06678153574466705,0.16263523697853088,0.06091035529971123,0.060476869344711304,0.0,0.0004334859549999237,0,0
25,noisy_input,0.06001255661249161,0.06595594435930252,0.18232184648513794,0.06001255661249161,0.05806099623441696,0.0,0.001951560378074646,0,0
26,noisy_input,0.06416813284158707,0.07222946733236313,0.16826771199703217,0.06416813284158707,0.05765094235539436,0.0,0.006517190486192703,0,0
27,noisy_input,0.053119100630283356,0.06218366324901581,0.17524825036525726,0.053119100630283356,0.05013475567102432,0.0,0.002984344959259033,0,0
28,noisy_input,0.06145323067903519,0.06438960134983063,0.31665515899658203,0.06145323067903519,0.055255014449357986,0.0,0.0061982162296772,0,0
29,noisy_input,0.04525135084986687,0.049853064119815826,0.17828969657421112,0.04525135084986687,0.04133107140660286,0.0,0.003920279443264008,0,0
30,noisy_input,0.05629705265164375,0.06097611039876938,0.15503937005996704,0.05629705265164375,0.05774613097310066,0.0,-0.0014490783214569092,0,1
31,noisy_input,0.06441095471382141,0.0694565698504448,0.17235404253005981,0.06441095471382141,0.05876880884170532,0.0,0.005642145872116089,0,0
32,noisy_input,0.048632748425006866,0.05626371130347252,0.1344148814678192,0.048632748425006866,0.04661046341061592,0.0,0.0020222850143909454,0,0
33,noisy_input,0.04978462681174278,0.0553671270608902,0.3969765901565552,0.04978462681174278,0.04694921523332596,0.0,0.0028354115784168243,0,0
34,noisy_input,0.06210090592503548,0.0672195628285408,0.16616785526275635,0.06210090592503548,0.06353264302015305,0.0,-0.001431737095117569,0,1
35,noisy_input,0.06946993619203568,0.07746315747499466,0.22422467172145844,0.06946993619203568,0.06550481915473938,0.0,0.003965117037296295,0,0
36,noisy_input,0.0519719198346138,0.05791193246841431,0.12539997696876526,0.0519719198346138,0.05699991434812546,0.0,-0.005027994513511658,0,1
37,noisy_input,0.054066289216279984,0.060988396406173706,0.12783241271972656,0.054066289216279984,0.05498252063989639,0.0,-0.0009162314236164093,0,1
38,noisy_input,0.05767141655087471,0.06649630516767502,0.1928032487630844,0.05767141655087471,0.05830905959010124,0.0,-0.000637643039226532,0,1
39,noisy_input,0.058270812034606934,0.062285520136356354,0.14028388261795044,0.058270812034606934,0.05720699578523636,0.0,0.001063816249370575,0,0
40,noisy_input,0.06381482630968094,0.07164228707551956,0.15788374841213226,0.06381482630968094,0.059228479862213135,0.0,0.004586346447467804,0,0
41,noisy_input,0.04674428701400757,0.05210253968834877,0.2257722020149231,0.04674428701400757,0.043067172169685364,0.0,0.0036771148443222046,0,0
42,noisy_input,0.06890759617090225,0.07556033879518509,0.20640581846237183,0.06890759617090225,0.06586993485689163,0.0,0.00303766131401062,0,0
43,noisy_input,0.05525180697441101,0.0630064457654953,0.5142030119895935,0.05525180697441101,0.049309320747852325,0.0,0.005942486226558685,0,0
44,noisy_input,0.058719534426927567,0.06605015695095062,0.1930064558982849,0.058719534426927567,0.06010277941823006,0.0,-0.0013832449913024902,0,1
45,noisy_input,0.05506425350904465,0.059542473405599594,0.1535624861717224,0.05506425350904465,0.052240628749132156,0.0,0.002823624759912491,0,0
46,noisy_input,0.06088675186038017,0.06547555327415466,0.21503746509552002,0.06088675186038017,0.062371738255023956,0.0,-0.0014849863946437836,0,1
47,noisy_input,0.05681475251913071,0.06625670194625854,0.14031903445720673,0.05681475251913071,0.05824948474764824,0.0,-0.0014347322285175323,0,1
48,noisy_input,0.06416036933660507,0.07090205699205399,0.33097895979881287,0.06416036933660507,0.059942763298749924,0.0,0.004217606037855148,0,0
49,noisy_input,0.050704699009656906,0.055561307817697525,0.43534010648727417,0.050704699009656906,0.05231960862874985,0.0,-0.0016149096190929413,0,1
50,noisy_input,0.06765604764223099,0.08247542381286621,0.15266388654708862,0.06765604764223099,0.06649713218212128,0.0,0.0011589154601097107,0,0
51,noisy_input,0.05603696033358574,0.06232739984989166,0.15089493989944458,0.05603696033358574,0.054497383534908295,0.0,0.0015395767986774445,0,0
52,noisy_input,0.04654904827475548,0.05289354920387268,0.2181859165430069,0.04654904827475548,0.04397742450237274,0.0,0.002571623772382736,0,0
53,noisy_input,0.05436959117650986,0.06369820237159729,0.15194040536880493,0.05436959117650986,0.05152921751141548,0.0,0.0028403736650943756,0,0
54,noisy_input,0.05588964745402336,0.06263424456119537,0.1693001240491867,0.05588964745402336,0.05241354554891586,0.0,0.003476101905107498,0,0
55,noisy_input,0.0649377852678299,0.07140223681926727,0.221160426735878,0.0649377852678299,0.05912049859762192,0.0,0.005817286670207977,0,0
56,noisy_input,0.0474541038274765,0.054222606122493744,0.1410312056541443,0.0474541038274765,0.04686834663152695,0.0,0.0005857571959495544,0,0
57,noisy_input,0.05567995831370354,0.06225590035319328,0.17635172605514526,0.05567995831370354,0.0524483323097229,0.0,0.0032316260039806366,0,0
58,noisy_input,0.06290137022733688,0.06835019588470459,0.12769155204296112,0.06290137022733688,0.06125074625015259,0.0,0.0016506239771842957,0,0
59,noisy_input,0.06501203775405884,0.07062306255102158,0.1676061749458313,0.06501203775405884,0.06448425352573395,0.0,0.0005277842283248901,0,0
60,noisy_input,0.07986714690923691,0.08753584325313568,0.3615890145301819,0.07986714690923691,0.08646555244922638,0.0,-0.0065984055399894714,0,1
61,noisy_input,0.06355413794517517,0.07137571275234222,0.18731608986854553,0.06355413794517517,0.059572983533144,0.0,0.003981154412031174,0,0
62,noisy_input,0.060209810733795166,0.06651534885168076,0.14791762828826904,0.060209810733795166,0.061993181705474854,0.0,-0.0017833709716796875,0,1
63,noisy_input,0.06362495571374893,0.0706520825624466,0.17745628952980042,0.06362495571374893,0.06161310151219368,0.0,0.002011854201555252,0,0
64,noisy_input,0.05301336571574211,0.06215537339448929,0.15553700923919678,0.05301336571574211,0.04893536865711212,0.0,0.00407799705862999,0,0
65,noisy_input,0.06843168288469315,0.07318937033414841,0.21629437804222107,0.06843168288469315,0.06356517225503922,0.0,0.004866510629653931,0,0
66,noisy_input,0.08183147758245468,0.09079550206661224,0.20187802612781525,0.08183147758245468,0.08051754534244537,0.0,0.0013139322400093079,0,0
67,noisy_input,0.04765406250953674,0.05380195751786232,0.15165942907333374,0.04765406250953674,0.04511740058660507,0.0,0.002536661922931671,0,0
68,noisy_input,0.06450282037258148,0.07236339151859283,0.19587844610214233,0.06450282037258148,0.06344390660524368,0.0,0.001058913767337799,0,0
69,noisy_input,0.06581691652536392,0.0700242668390274,0.22751519083976746,0.06581691652536392,0.06188448145985603,0.0,0.003932435065507889,0,0
70,noisy_input,0.06503480672836304,0.07312535494565964,0.26727980375289917,0.06503480672836304,0.06114041060209274,0.0,0.003894396126270294,0,0
71,noisy_input,0.08243260532617569,0.09130103886127472,0.430653840303421,0.08243260532617569,0.07790100574493408,0.0,0.004531599581241608,0,0
72,noisy_input,0.059163399040699005,0.06551691889762878,0.21139493584632874,0.059163399040699005,0.057292915880680084,0.0,0.001870483160018921,0,0
73,noisy_input,0.048943597823381424,0.059210751205682755,0.170535609126091,0.048943597823381424,0.04586131125688553,0.0,0.0030822865664958954,0,0
74,noisy_input,0.05488523095846176,0.06209534779191017,0.3997913897037506,0.05488523095846176,0.05400891229510307,0.0,0.0008763186633586884,0,0
75,noisy_input,0.061505354940891266,0.07200919836759567,0.15565665066242218,0.061505354940891266,0.061430513858795166,0.0,7.484108209609985e-05,0,0
76,noisy_input,0.06336772441864014,0.06893615424633026,0.16765718162059784,0.06336772441864014,0.06255820393562317,0.0,0.0008095204830169678,0,0
77,noisy_input,0.057621002197265625,0.06622353196144104,0.1471443772315979,0.057621002197265625,0.0551779679954052,0.0,0.002443034201860428,0,0
78,noisy_input,0.055813103914260864,0.06254932284355164,0.1270044893026352,0.055813103914260864,0.05541296675801277,0.0,0.00040013715624809265,0,0
79,noisy_input,0.05461578816175461,0.06252054125070572,0.18641580641269684,0.05461578816175461,0.06119605898857117,0.0,-0.006580270826816559,0,1
80,noisy_input,0.06143757700920105,0.07038457691669464,0.16220363974571228,0.06143757700920105,0.059599995613098145,0.0,0.0018375813961029053,0,0
81,noisy_input,0.06261061131954193,0.06964774429798126,0.22152715921401978,0.06261061131954193,0.06408657133579254,0.0,-0.0014759600162506104,0,1
82,noisy_input,0.06371063739061356,0.06747692823410034,0.2529352307319641,0.06371063739061356,0.05748429149389267,0.0,0.006226345896720886,0,0
83,noisy_input,0.06458045542240143,0.07572315633296967,0.1238197460770607,0.06458045542240143,0.061417825520038605,0.0,0.0031626299023628235,0,0
84,noisy_input,0.06669057905673981,0.0781894251704216,0.3272639513015747,0.06669057905673981,0.06151527911424637,0.0,0.005175299942493439,0,0
85,noisy_input,0.058885347098112106,0.06669173389673233,0.414104700088501,0.058885347098112106,0.05503176525235176,0.0,0.0038535818457603455,0,0
86,noisy_input,0.05872054770588875,0.06591162830591202,0.20251381397247314,0.05872054770588875,0.05923238396644592,0.0,-0.0005118362605571747,0,1
87,noisy_input,0.0609772689640522,0.06969040632247925,0.517386257648468,0.0609772689640522,0.06673810631036758,0.0,-0.005760837346315384,0,1
88,noisy_input,0.06288284063339233,0.0694887563586235,0.17748552560806274,0.06288284063339233,0.05980512499809265,0.0,0.0030777156352996826,0,0
89,noisy_input,0.06404105573892593,0.0755595937371254,0.22349926829338074,0.06404105573892593,0.06562267243862152,0.0,-0.0015816166996955872,0,1
90,noisy_input,0.06123713403940201,0.06656623631715775,0.3742240071296692,0.06123713403940201,0.061442695558071136,0.0,-0.00020556151866912842,0,1
91,noisy_input,0.07062261551618576,0.08143483102321625,0.18131333589553833,0.07062261551618576,0.07111223042011261,0.0,-0.0004896149039268494,0,1
92,noisy_input,0.06249571964144707,0.0675351470708847,0.18886736035346985,0.06249571964144707,0.06141924858093262,0.0,0.00107647106051445,0,0
93,noisy_input,0.07992082089185715,0.08878232538700104,0.22813326120376587,0.07992082089185715,0.07513746619224548,0.0,0.004783354699611664,0,0
94,noisy_input,0.06401105225086212,0.06877055019140244,0.30806803703308105,0.06401105225086212,0.057054661214351654,0.0,0.0069563910365104675,0,0
95,noisy_input,0.06344695389270782,0.07464179396629333,0.1804322600364685,0.06344695389270782,0.06146591156721115,0.0,0.0019810423254966736,0,0
96,noisy_input,0.05727323889732361,0.06087341159582138,0.17227008938789368,0.05727323889732361,0.05582281947135925,0.0,0.0014504194259643555,0,0
97,noisy_input,0.05725973844528198,0.06536348164081573,0.1539067029953003,0.05725973844528198,0.05469636246562004,0.0,0.0025633759796619415,0,0
98,noisy_input,0.06984086334705353,0.07839515805244446,0.15195311605930328,0.06984086334705353,0.06922914832830429,0.0,0.0006117150187492371,0,0
99,noisy_input,0.05965913087129593,0.06772168725728989,0.2174004316329956,0.05965913087129593,0.05975158140063286,0.0,-9.245052933692932e-05,0,1
100,noisy_input,0.061298519372940063,0.06865006685256958,0.559107780456543,0.061298519372940063,0.06733233481645584,0.0,-0.006033815443515778,0,1
101,noisy_input,0.07044897973537445,0.08044664561748505,0.1754961609840393,0.07044897973537445,0.067762091755867,0.0,0.0026868879795074463,0,0
102,noisy_input,0.05523790046572685,0.06174482777714729,0.16772402822971344,0.05523790046572685,0.053923677653074265,0.0,0.0013142228126525879,0,0
103,noisy_input,0.05866476893424988,0.06853143125772476,0.16977395117282867,0.05866476893424988,0.06090985983610153,0.0,-0.002245090901851654,0,1
104,noisy_input,0.06275846064090729,0.07007301598787308,0.14963671565055847,0.06275846064090729,0.061548035591840744,0.0,0.0012104250490665436,0,0
105,noisy_input,0.061939459294080734,0.07198608666658401,0.18103794753551483,0.061939459294080734,0.06388724595308304,0.0,-0.001947786659002304,0,1
106,noisy_input,0.07259709388017654,0.08092089742422104,0.13709700107574463,0.07259709388017654,0.06602056324481964,0.0,0.006576530635356903,0,0
107,noisy_input,0.054060280323028564,0.05695231631398201,0.24029786884784698,0.054060280323028564,0.05070389434695244,0.0,0.003356385976076126,0,0
108,noisy_input,0.0605158731341362,0.06790958344936371,0.4471472501754761,0.0605158731341362,0.05515333265066147,0.0,0.0053625404834747314,0,0
109,noisy_input,0.05685434862971306,0.06278765201568604,0.16199812293052673,0.05685434862971306,0.055438332259655,0.0,0.0014160163700580597,0,0
110,noisy_input,0.053803879767656326,0.06096247583627701,0.4171982407569885,0.053803879767656326,0.04729805141687393,0.0,0.006505828350782394,0,0
111,noisy_input,0.06834503263235092,0.07125105708837509,0.15973493456840515,0.06834503263235092,0.06442736089229584,0.0,0.003917671740055084,0,0
112,noisy_input,0.057756416499614716,0.06401196122169495,0.1373388171195984,0.057756416499614716,0.057729076594114304,0.0,2.7339905500411987e-05,0,0
113,noisy_input,0.07053997367620468,0.0780765563249588,0.44725003838539124,0.07053997367620468,0.07467598468065262,0.0,-0.004136011004447937,0,1
114,noisy_input,0.05028399080038071,0.057803526520729065,0.40060532093048096,0.05028399080038071,0.046408768743276596,0.0,0.0038752220571041107,0,0
115,noisy_input,0.069786436855793,0.07676728814840317,0.4905249774456024,0.069786436855793,0.06863902509212494,0.0,0.0011474117636680603,0,0
116,noisy_input,0.08216828107833862,0.08877268433570862,0.1972154825925827,0.08216828107833862,0.08446866273880005,0.0,-0.0023003816604614258,0,1
117,noisy_input,0.05175156146287918,0.057742949575185776,0.1293429434299469,0.05175156146287918,0.049333564937114716,0.0,0.0024179965257644653,0,0
118,noisy_input,0.06253249943256378,0.0691952109336853,0.15853089094161987,0.06253249943256378,0.06173434108495712,0.0,0.0007981583476066589,0,0
119,noisy_input,0.06780588626861572,0.07269803434610367,0.14165262877941132,0.06780588626861572,0.06830929219722748,0.0,-0.0005034059286117554,0,1
120,noisy_input,0.059413619339466095,0.06552422046661377,0.4000716209411621,0.059413619339466095,0.0561603382229805,0.0,0.0032532811164855957,0,0
121,noisy_input,0.06543900072574615,0.07137785851955414,0.19479991495609283,0.06543900072574615,0.06267478317022324,0.0,0.0027642175555229187,0,0
122,noisy_input,0.067314513027668,0.07474789768457413,0.5100261569023132,0.067314513027668,0.06392703205347061,0.0,0.0033874809741973877,0,0
123,noisy_input,0.06365425139665604,0.06980235129594803,0.17862099409103394,0.06365425139665604,0.0620860680937767,0.0,0.0015681833028793335,0,0
124,noisy_input,0.07229502499103546,0.07947789877653122,0.17555390298366547,0.07229502499103546,0.06493774801492691,0.0,0.007357276976108551,0,0
125,noisy_input,0.0507008321583271,0.05799226090312004,0.3153918981552124,0.0507008321583271,0.04805511608719826,0.0,0.002645716071128845,0,0
126,noisy_input,0.0687909722328186,0.07765668630599976,0.29283303022384644,0.0687909722328186,0.06655819714069366,0.0,0.002232775092124939,0,0
127,noisy_input,0.05025341361761093,0.0581631101667881,0.16333498060703278,0.05025341361761093,0.04960797727108002,0.0,0.0006454363465309143,0,0
128,noisy_input,0.07547896355390549,0.08421705663204193,0.2059471160173416,0.07547896355390549,0.07467413693666458,0.0,0.0008048266172409058,0,0
129,noisy_input,0.0584014467895031,0.0626315027475357,0.2846340537071228,0.0584014467895031,0.051345743238925934,0.0,0.007055703550577164,0,0
130,noisy_input,0.06082163378596306,0.06922893226146698,0.24782146513462067,0.06082163378596306,0.06087726354598999,0.0,-5.562976002693176e-05,0,1
131,noisy_input,0.0703960657119751,0.07499675452709198,0.3548932671546936,0.0703960657119751,0.06481794267892838,0.0,0.005578123033046722,0,0
132,noisy_input,0.057657770812511444,0.0630909726023674,0.14972493052482605,0.057657770812511444,0.05542869493365288,0.0,0.0022290758788585663,0,0
133,noisy_input,0.07890082895755768,0.08592783659696579,0.17625902593135834,0.07890082895755768,0.0755254477262497,0.0,0.0033753812313079834,0,0
134,noisy_input,0.06966028362512589,0.07659758627414703,0.18685060739517212,0.06966028362512589,0.06544259935617447,0.0,0.004217684268951416,0,0
135,noisy_input,0.06959477066993713,0.07729489356279373,0.1987147331237793,0.06959477066993713,0.07035399973392487,0.0,-0.0007592290639877319,0,1
136,noisy_input,0.07904346287250519,0.08483950793743134,0.20913536846637726,0.07904346287250519,0.08111713826656342,0.0,-0.0020736753940582275,0,1
137,noisy_input,0.06061019375920296,0.0663548931479454,0.13794785737991333,0.06061019375920296,0.06279843300580978,0.0,-0.0021882392466068268,0,1
138,noisy_input,0.07277632504701614,0.07930939644575119,0.20100384950637817,0.07277632504701614,0.07108217477798462,0.0,0.0016941502690315247,0,0
139,noisy_input,0.05832662433385849,0.06483396142721176,0.1707523912191391,0.05832662433385849,0.05905001237988472,0.0,-0.0007233880460262299,0,1
140,noisy_input,0.06620535999536514,0.07372128963470459,0.39643633365631104,0.06620535999536514,0.06203489378094673,0.0,0.004170466214418411,0,0
141,noisy_input,0.07058821618556976,0.07576961815357208,0.16859117150306702,0.07058821618556976,0.06695447117090225,0.0,0.003633745014667511,0,0
142,noisy_input,0.053529269993305206,0.06264203041791916,0.3380206823348999,0.053529269993305206,0.05296086519956589,0.0,0.0005684047937393188,0,0
143,noisy_input,0.06082773953676224,0.06577008217573166,0.39537718892097473,0.06082773953676224,0.05732161924242973,0.0,0.0035061202943325043,0,0
144,noisy_input,0.058723390102386475,0.06540987640619278,0.16571247577667236,0.058723390102386475,0.05577952414751053,0.0,0.002943865954875946,0,0
145,noisy_input,0.05548446252942085,0.06352952122688293,0.41859737038612366,0.05548446252942085,0.0628136694431305,0.0,-0.0073292069137096405,0,1
146,noisy_input,0.07215584814548492,0.07738816738128662,0.2740419805049896,0.07215584814548492,0.0776657909154892,0.0,-0.0055099427700042725,0,1
147,noisy_input,0.058708298951387405,0.06445464491844177,0.1274281144142151,0.058708298951387405,0.054874926805496216,0.0,0.0038333721458911896,0,0
148,noisy_input,0.0760311409831047,0.08489557355642319,0.21771861612796783,0.0760311409831047,0.07573221623897552,0.0,0.0002989247441291809,0,0
149,noisy_input,0.05259985849261284,0.05873362720012665,0.1418168544769287,0.05259985849261284,0.050687648355960846,0.0,0.0019122101366519928,0,0
150,noisy_input,0.06264053285121918,0.0715055987238884,0.20010407269001007,0.06264053285121918,0.06064735725522041,0.0,0.001993175595998764,0,0
151,noisy_input,0.057472534477710724,0.06720471382141113,0.14393165707588196,0.057472534477710724,0.05477406457066536,0.0,0.0026984699070453644,0,0
152,noisy_input,0.06613504141569138,0.07512471824884415,0.13452142477035522,0.06613504141569138,0.06576871126890182,0.0,0.0003663301467895508,0,0
153,noisy_input,0.05708067864179611,0.06577662378549576,0.21622365713119507,0.05708067864179611,0.05384068936109543,0.0,0.0032399892807006836,0,0
154,noisy_input,0.06078441068530083,0.06879449635744095,0.1645355224609375,0.06078441068530083,0.06329800188541412,0.0,-0.0025135912001132965,0,1
155,noisy_input,0.06064096838235855,0.06965964287519455,0.18995732069015503,0.06064096838235855,0.05715391784906387,0.0,0.0034870505332946777,0,0
156,noisy_input,0.042232804000377655,0.05013908073306084,0.19494909048080444,0.042232804000377655,0.04023702070116997,0.0,0.0019957832992076874,0,0
157,noisy_input,0.06546349823474884,0.070937879383564,0.2262924313545227,0.06546349823474884,0.05867685005068779,0.0,0.00678664818406105,0,0
158,noisy_input,0.06597288697957993,0.07500369846820831,0.19826719164848328,0.06597288697957993,0.06190451979637146,0.0,0.004068367183208466,0,0
159,noisy_input,0.07007939368486404,0.0786561518907547,0.20146112143993378,0.07007939368486404,0.06972481310367584,0.0,0.0003545805811882019,0,0
160,noisy_input,0.06853477656841278,0.07594887167215347,0.37168172001838684,0.06853477656841278,0.06177279353141785,0.0,0.006761983036994934,0,0
161,noisy_input,0.08197537064552307,0.08844462782144547,0.23956158757209778,0.08197537064552307,0.0791662260890007,0.0,0.0028091445565223694,0,0
162,noisy_input,0.06918779015541077,0.07355402410030365,0.1329507827758789,0.06918779015541077,0.06370429694652557,0.0,0.005483493208885193,0,0
163,noisy_input,0.07299311459064484,0.08021188527345657,0.17686158418655396,0.07299311459064484,0.07263775914907455,0.0,0.000355355441570282,0,0
164,noisy_input,0.06470252573490143,0.07345385104417801,0.161900594830513,0.06470252573490143,0.06519506871700287,0.0,-0.0004925429821014404,0,1
165,noisy_input,0.06595510989427567,0.07198909670114517,0.3393206298351288,0.06595510989427567,0.06470518559217453,0.0,0.0012499243021011353,0,0
166,noisy_input,0.07392732799053192,0.07966499030590057,0.19033850729465485,0.07392732799053192,0.07050678879022598,0.0,0.0034205392003059387,0,0
167,noisy_input,0.062389664351940155,0.06881745159626007,0.36570456624031067,0.062389664351940155,0.05872470140457153,0.0,0.003664962947368622,0,0
168,noisy_input,0.0670127123594284,0.06993038207292557,0.23195475339889526,0.0670127123594284,0.06333290040493011,0.0,0.003679811954498291,0,0
169,noisy_input,0.0525335893034935,0.060238223522901535,0.14226745069026947,0.0525335893034935,0.05150154232978821,0.0,0.0010320469737052917,0,0
170,noisy_input,0.07352592051029205,0.07853599637746811,0.18820954859256744,0.07352592051029205,0.06644164025783539,0.0,0.007084280252456665,0,0
171,noisy_input,0.06817080080509186,0.07312192022800446,0.28808867931365967,0.06817080080509186,0.05761592462658882,0.0,0.010554876178503036,0,0
172,noisy_input,0.06448812782764435,0.07626660913228989,0.46265363693237305,0.06448812782764435,0.0654531717300415,0.0,-0.0009650439023971558,0,1
173,noisy_input,0.05530258268117905,0.06165451183915138,0.1512354016304016,0.05530258268117905,0.05465635657310486,0.0,0.0006462261080741882,0,0
174,noisy_input,0.0680345892906189,0.0744103267788887,0.18603399395942688,0.0680345892906189,0.06301553547382355,0.0,0.005019053816795349,0,0
175,noisy_input,0.06515919417142868,0.07146646827459335,0.1660345196723938,0.06515919417142868,0.06814289093017578,0.0,-0.002983696758747101,0,1
176,noisy_input,0.06126191094517708,0.06611419469118118,0.15007564425468445,0.06126191094517708,0.05899126082658768,0.0,0.0022706501185894012,0,0
177,noisy_input,0.06333308666944504,0.070398710668087,0.2138184905052185,0.06333308666944504,0.06726086139678955,0.0,-0.003927774727344513,0,1
178,noisy_input,0.06996317207813263,0.07744736969470978,0.161967933177948,0.06996317207813263,0.07316802442073822,0.0,-0.003204852342605591,0,1
179,noisy_input,0.05731259658932686,0.0641988217830658,0.15365171432495117,0.05731259658932686,0.05721816420555115,0.0,9.443238377571106e-05,0,0
180,noisy_input,0.07600606232881546,0.08060850948095322,0.4445343017578125,0.07600606232881546,0.07601062953472137,0.0,-4.567205905914307e-06,0,1
181,noisy_input,0.06523136049509048,0.07312249392271042,0.1865866482257843,0.06523136049509048,0.06522451341152191,0.0,6.847083568572998e-06,0,0
182,noisy_input,0.05938028544187546,0.06872458010911942,0.16368362307548523,0.05938028544187546,0.0647834911942482,0.0,-0.005403205752372742,0,1
183,noisy_input,0.07407162338495255,0.08220779895782471,0.20291300117969513,0.07407162338495255,0.08026652038097382,0.0,-0.006194896996021271,0,1
184,noisy_input,0.0715017318725586,0.07698065042495728,0.20576082170009613,0.0715017318725586,0.0696566104888916,0.0,0.0018451213836669922,0,0
185,noisy_input,0.060521721839904785,0.06720143556594849,0.17453165352344513,0.060521721839904785,0.05593245103955269,0.0,0.0045892708003520966,0,0
186,noisy_input,0.06369609385728836,0.07375574856996536,0.19404500722885132,0.06369609385728836,0.05914529412984848,0.0,0.00455079972743988,0,0
187,noisy_input,0.06392177939414978,0.07138048857450485,0.18108953535556793,0.06392177939414978,0.0633501261472702,0.0,0.0005716532468795776,0,0
188,noisy_input,0.0653810128569603,0.07349348813295364,0.5054105520248413,0.0653810128569603,0.059943217784166336,0.0,0.005437795072793961,0,0
189,noisy_input,0.06656162440776825,0.07813990861177444,0.1824268102645874,0.06656162440776825,0.06407876312732697,0.0,0.002482861280441284,0,0
190,noisy_input,0.06759876757860184,0.07977614551782608,0.19870619475841522,0.06759876757860184,0.06681786477565765,0.0,0.0007809028029441833,0,0
191,noisy_input,0.06463374197483063,0.07102222740650177,0.4700911343097687,0.06463374197483063,0.05775012820959091,0.0,0.006883613765239716,0,0
192,noisy_input,0.05859602615237236,0.07080045342445374,0.17156200110912323,0.05859602615237236,0.05712788179516792,0.0,0.0014681443572044373,0,0
193,noisy_input,0.0729748010635376,0.08026672899723053,0.1986209750175476,0.0729748010635376,0.07080189138650894,0.0,0.002172909677028656,0,0
194,noisy_input,0.06374062597751617,0.06858031451702118,0.16883911192417145,0.06374062597751617,0.06193128973245621,0.0,0.001809336245059967,0,0
195,noisy_input,0.054165881127119064,0.06234164908528328,0.17377689480781555,0.054165881127119064,0.04776886850595474,0.0,0.006397012621164322,0,0
196,noisy_input,0.06728403270244598,0.07599834352731705,0.19580087065696716,0.06728403270244598,0.06963903456926346,0.0,-0.0023550018668174744,0,1
197,noisy_input,0.08035345375537872,0.08750757575035095,0.3378902077674866,0.08035345375537872,0.07578673213720322,0.0,0.004566721618175507,0,0
198,noisy_input,0.05049503594636917,0.060940880328416824,0.14358703792095184,0.05049503594636917,0.05181989073753357,0.0,-0.0013248547911643982,0,1
199,noisy_input,0.06212310865521431,0.06970205903053284,0.4190860390663147,0.06212310865521431,0.058904193341732025,0.0,0.0032189153134822845,0,0
0,kalman_cv,0.12529787421226501,0.14517368376255035,0.15431571006774902,0.05268967151641846,0.047386620193719864,0.07260820269584656,0.07791125774383545,0,0
1,kalman_cv,0.0972161591053009,0.10865356028079987,0.10967317223548889,0.06313766539096832,0.06346938759088516,0.03407849371433258,0.03374677151441574,0,0
2,kalman_cv,0.09375806152820587,0.11739296466112137,0.1759970486164093,0.051779210567474365,0.04479696601629257,0.041978850960731506,0.0489610955119133,0,0
3,kalman_cv,0.07630807906389236,0.10413453727960587,0.08461419492959976,0.05588671565055847,0.05423701927065849,0.020421363413333893,0.02207105979323387,0,0
4,kalman_cv,0.05667905882000923,0.07265491038560867,0.0768871083855629,0.05658530071377754,0.05253947526216507,9.375810623168945e-05,0.004139583557844162,0,0
5,kalman_cv,0.12682223320007324,0.15358968079090118,0.09472231566905975,0.06796588748693466,0.06385675817728043,0.05885634571313858,0.06296547502279282,0,0
6,kalman_cv,0.11094464361667633,0.1248965859413147,0.17236582934856415,0.056925155222415924,0.052198491990566254,0.054019488394260406,0.05874615162611008,0,0
7,kalman_cv,0.07777988165616989,0.09143956750631332,0.09678444266319275,0.06172262877225876,0.05677943676710129,0.016057252883911133,0.021000444889068604,0,0
8,kalman_cv,0.13667991757392883,0.1608559936285019,0.12941202521324158,0.06060759350657463,0.05658552795648575,0.0760723203420639,0.08009438961744308,0,0
9,kalman_cv,0.05514400452375412,0.061181992292404175,0.08773085474967957,0.0659550279378891,0.06458798795938492,-0.01081102341413498,-0.009443983435630798,1,1
10,kalman_cv,0.07535805553197861,0.1050732284784317,0.0868905708193779,0.05687336251139641,0.0535132959485054,0.0184846930205822,0.021844759583473206,0,0
11,kalman_cv,0.1125505343079567,0.1267641931772232,0.1888846904039383,0.06904856115579605,0.06840251386165619,0.043501973152160645,0.04414802044630051,0,0
12,kalman_cv,0.0953829437494278,0.10913003236055374,0.16458579897880554,0.06322519481182098,0.05999799445271492,0.03215774893760681,0.035384949296712875,0,0
13,kalman_cv,0.06686224043369293,0.07405371218919754,0.0764070525765419,0.07754329591989517,0.07237817347049713,-0.01068105548620224,-0.005515933036804199,1,1
14,kalman_cv,0.12212444841861725,0.13505029678344727,0.11139941215515137,0.0635475218296051,0.06766773015260696,0.058576926589012146,0.054456718266010284,0,0
15,kalman_cv,0.11168408393859863,0.12970519065856934,0.1057356670498848,0.06149406358599663,0.05707089230418205,0.050190020352602005,0.05461319163441658,0,0
16,kalman_cv,0.05643541365861893,0.07842373102903366,0.0731649100780487,0.0525021068751812,0.04696940258145332,0.003933306783437729,0.009466011077165604,0,0
17,kalman_cv,0.06839462369680405,0.07974874973297119,0.09814289212226868,0.06533661484718323,0.07542040944099426,0.003058008849620819,-0.007025785744190216,0,1
18,kalman_cv,0.08144915848970413,0.09828464686870575,0.10069424659013748,0.06372842937707901,0.058131806552410126,0.017720729112625122,0.023317351937294006,0,0
19,kalman_cv,0.10456264019012451,0.12385936826467514,0.20973414182662964,0.06326358020305634,0.07403336465358734,0.041299059987068176,0.03052927553653717,0,0
20,kalman_cv,0.09243113547563553,0.1133967712521553,0.0828932523727417,0.05830741673707962,0.05672721937298775,0.03412371873855591,0.03570391610264778,0,0
21,kalman_cv,0.08594666421413422,0.09556233137845993,0.09044021368026733,0.06869306415319443,0.0674474760890007,0.01725360006093979,0.018499188125133514,0,0
22,kalman_cv,0.04468679428100586,0.05039234459400177,0.08038172125816345,0.06361999362707138,0.06207088753581047,-0.01893319934606552,-0.01738409325480461,1,1
23,kalman_cv,0.08421041071414948,0.0959165170788765,0.15948551893234253,0.0694975033402443,0.06300424039363861,0.014712907373905182,0.021206170320510864,0,0
24,kalman_cv,0.05886750668287277,0.06911837309598923,0.06910611689090729,0.06091035529971123,0.060476869344711304,-0.002042848616838455,-0.0016093626618385315,1,1
25,kalman_cv,0.07961530238389969,0.09095113724470139,0.09747947007417679,0.06001255661249161,0.05806099623441696,0.01960274577140808,0.021554306149482727,0,0
26,kalman_cv,0.08551899343729019,0.10191495716571808,0.07804542034864426,0.06416813284158707,0.05765094235539436,0.021350860595703125,0.027868051081895828,0,0
27,kalman_cv,0.06460846215486526,0.0801643431186676,0.0858115702867508,0.053119100630283356,0.05013475567102432,0.01148936152458191,0.014473706483840942,0,0
28,kalman_cv,0.08821259438991547,0.0985681563615799,0.11641392111778259,0.06145323067903519,0.055255014449357986,0.02675936371088028,0.03295757994055748,0,0
29,kalman_cv,0.045068658888339996,0.0563717782497406,0.07350710779428482,0.04525135084986687,0.04133107140660286,-0.00018269196152687073,0.003737587481737137,1,0
30,kalman_cv,0.03874734789133072,0.04543539509177208,0.07505912333726883,0.05629705265164375,0.05774613097310066,-0.017549704760313034,-0.018998783081769943,1,1
31,kalman_cv,0.0803450345993042,0.10264239460229874,0.08220918476581573,0.06441095471382141,0.05876880884170532,0.015934079885482788,0.021576225757598877,0,0
32,kalman_cv,0.03807102143764496,0.042552556842565536,0.05903628095984459,0.048632748425006866,0.04661046341061592,-0.010561726987361908,-0.008539441972970963,1,1
33,kalman_cv,0.0897296816110611,0.11102332919836044,0.14385737478733063,0.04978462681174278,0.04694921523332596,0.039945054799318314,0.04278046637773514,0,0
34,kalman_cv,0.05232954025268555,0.05817698314785957,0.07489174604415894,0.06210090592503548,0.06353264302015305,-0.00977136567234993,-0.011203102767467499,1,1
35,kalman_cv,0.14610914885997772,0.16376319527626038,0.1328599750995636,0.06946993619203568,0.06550481915473938,0.07663921266794205,0.08060432970523834,0,0
36,kalman_cv,0.06268937885761261,0.07699908316135406,0.0722174420952797,0.0519719198346138,0.05699991434812546,0.01071745902299881,0.005689464509487152,0,0
37,kalman_cv,0.04616834223270416,0.05102914944291115,0.05837356299161911,0.054066289216279984,0.05498252063989639,-0.007897946983575821,-0.00881417840719223,1,1
38,kalman_cv,0.112945057451725,0.13153612613677979,0.11281928420066833,0.05767141655087471,0.05830905959010124,0.055273640900850296,0.054635997861623764,0,0
39,kalman_cv,0.057680100202560425,0.07361862808465958,0.0632728636264801,0.058270812034606934,0.05720699578523636,-0.0005907118320465088,0.00047310441732406616,1,0
40,kalman_cv,0.10869055986404419,0.1263016313314438,0.09038344025611877,0.06381482630968094,0.059228479862213135,0.04487573355436325,0.049462080001831055,0,0
41,kalman_cv,0.055353861302137375,0.06928640604019165,0.0878952220082283,0.04674428701400757,0.043067172169685364,0.008609574288129807,0.012286689132452011,0,0
42,kalman_cv,0.1428239643573761,0.16340617835521698,0.13068650662899017,0.06890759617090225,0.06586993485689163,0.07391636818647385,0.07695402950048447,0,0
43,kalman_cv,0.1017882451415062,0.11514029651880264,0.1861364245414734,0.05525180697441101,0.049309320747852325,0.046536438167095184,0.05247892439365387,0,0
44,kalman_cv,0.08014661073684692,0.09082065522670746,0.0960921049118042,0.058719534426927567,0.06010277941823006,0.021427076309919357,0.020043831318616867,0,0
45,kalman_cv,0.06537096202373505,0.07719239592552185,0.07987998425960541,0.05506425350904465,0.052240628749132156,0.0103067085146904,0.01313033327460289,0,0
46,kalman_cv,0.06731045246124268,0.08105403184890747,0.08457271009683609,0.06088675186038017,0.062371738255023956,0.006423700600862503,0.0049387142062187195,0,0
47,kalman_cv,0.08783204853534698,0.10454528778791428,0.06935080885887146,0.05681475251913071,0.05824948474764824,0.031017296016216278,0.029582563787698746,0,0
48,kalman_cv,0.06788663566112518,0.07316448539495468,0.12217546999454498,0.06416036933660507,0.059942763298749924,0.003726266324520111,0.00794387236237526,0,0
49,kalman_cv,0.09345071017742157,0.11502446979284286,0.15426112711429596,0.050704699009656906,0.05231960862874985,0.042746011167764664,0.04113110154867172,0,0
50,kalman_cv,0.06647457182407379,0.07735765725374222,0.07994630187749863,0.06765604764223099,0.06649713218212128,-0.001181475818157196,-2.256035804748535e-05,1,1
51,kalman_cv,0.07275380939245224,0.07833679765462875,0.07268514484167099,0.05603696033358574,0.054497383534908295,0.0167168490588665,0.018256425857543945,0,0
52,kalman_cv,0.06380448490381241,0.07796647399663925,0.09404155611991882,0.04654904827475548,0.04397742450237274,0.01725543662905693,0.019827060401439667,0,0
53,kalman_cv,0.08806419372558594,0.11524361371994019,0.08799830079078674,0.05436959117650986,0.05152921751141548,0.03369460254907608,0.036534976214170456,0,0
54,kalman_cv,0.15330655872821808,0.17771892249584198,0.1391122192144394,0.05588964745402336,0.05241354554891586,0.09741690754890442,0.10089301317930222,0,0
55,kalman_cv,0.13965657353401184,0.16711007058620453,0.13090240955352783,0.0649377852678299,0.05912049859762192,0.07471878826618195,0.08053607493638992,0,0
56,kalman_cv,0.048608262091875076,0.0536445789039135,0.059951916337013245,0.0474541038274765,0.04686834663152695,0.0011541582643985748,0.0017399154603481293,0,0
57,kalman_cv,0.10828615725040436,0.1300657093524933,0.09592897444963455,0.05567995831370354,0.0524483323097229,0.05260619893670082,0.05583782494068146,0,0
58,kalman_cv,0.05568752437829971,0.06097133085131645,0.062678761780262,0.06290137022733688,0.06125074625015259,-0.00721384584903717,-0.005563221871852875,1,1
59,kalman_cv,0.06937425583600998,0.08191487193107605,0.07579575479030609,0.06501203775405884,0.06448425352573395,0.004362218081951141,0.0048900023102760315,0,0
60,kalman_cv,0.09320569783449173,0.11541580408811569,0.1529051810503006,0.07986714690923691,0.08646555244922638,0.013338550925254822,0.00674014538526535,0,0
61,kalman_cv,0.06705813854932785,0.07699379324913025,0.07850740849971771,0.06355413794517517,0.059572983533144,0.0035040006041526794,0.007485155016183853,0,0
62,kalman_cv,0.049396343529224396,0.053224124014377594,0.06488995999097824,0.060209810733795166,0.061993181705474854,-0.01081346720457077,-0.012596838176250458,1,1
63,kalman_cv,0.0807112604379654,0.09007512778043747,0.0889793112874031,0.06362495571374893,0.06161310151219368,0.01708630472421646,0.019098158925771713,0,0
64,kalman_cv,0.06648920476436615,0.08591584861278534,0.06633707135915756,0.05301336571574211,0.04893536865711212,0.013475839048624039,0.01755383610725403,0,0
65,kalman_cv,0.10768786817789078,0.12152266502380371,0.10990932583808899,0.06843168288469315,0.06356517225503922,0.03925618529319763,0.04412269592285156,0,0
66,kalman_cv,0.06862256675958633,0.0772557258605957,0.08954665809869766,0.08183147758245468,0.08051754534244537,-0.013208910822868347,-0.01189497858285904,1,1
67,kalman_cv,0.08686287701129913,0.1036376878619194,0.08728952705860138,0.04765406250953674,0.04511740058660507,0.03920881450176239,0.04174547642469406,0,0
68,kalman_cv,0.06210776045918465,0.07548367977142334,0.0870240181684494,0.06450282037258148,0.06344390660524368,-0.0023950599133968353,-0.0013361461460590363,1,1
69,kalman_cv,0.07174934446811676,0.08514843136072159,0.09439700841903687,0.06581691652536392,0.06188448145985603,0.005932427942752838,0.009864863008260727,0,0
70,kalman_cv,0.07864745706319809,0.09715275466442108,0.10977312177419662,0.06503480672836304,0.06114041060209274,0.013612650334835052,0.017507046461105347,0,0
71,kalman_cv,0.1076890379190445,0.12818403542041779,0.17079782485961914,0.08243260532617569,0.07790100574493408,0.025256432592868805,0.029788032174110413,0,0
72,kalman_cv,0.12831208109855652,0.14897313714027405,0.12247622013092041,0.059163399040699005,0.057292915880680084,0.06914868205785751,0.07101916521787643,0,0
73,kalman_cv,0.08089907467365265,0.0954967811703682,0.09982328861951828,0.048943597823381424,0.04586131125688553,0.031955476850271225,0.03503776341676712,0,0
74,kalman_cv,0.07875508069992065,0.10137559473514557,0.1493482142686844,0.05488523095846176,0.05400891229510307,0.023869849741458893,0.02474616840481758,0,0
75,kalman_cv,0.04996796324849129,0.05643586814403534,0.06322984397411346,0.061505354940891266,0.061430513858795166,-0.011537391692399979,-0.011462550610303879,1,1
76,kalman_cv,0.05375320836901665,0.06410188972949982,0.07128793001174927,0.06336772441864014,0.06255820393562317,-0.00961451604962349,-0.008804995566606522,1,1
77,kalman_cv,0.05599760264158249,0.06255166977643967,0.06804715842008591,0.057621002197265625,0.0551779679954052,-0.001623399555683136,0.0008196346461772919,1,0
78,kalman_cv,0.047484248876571655,0.05415324121713638,0.054498083889484406,0.055813103914260864,0.05541296675801277,-0.008328855037689209,-0.007928717881441116,1,1
79,kalman_cv,0.06140183284878731,0.0677388608455658,0.07807531207799911,0.05461578816175461,0.06119605898857117,0.0067860446870327,0.00020577386021614075,0,0
80,kalman_cv,0.043805550783872604,0.054113831371068954,0.06826687604188919,0.06143757700920105,0.059599995613098145,-0.017632026225328445,-0.01579444482922554,1,1
81,kalman_cv,0.13173100352287292,0.14868614077568054,0.14832067489624023,0.06261061131954193,0.06408657133579254,0.069120392203331,0.06764443218708038,0,0
82,kalman_cv,0.13376091420650482,0.1613091379404068,0.1487712264060974,0.06371063739061356,0.05748429149389267,0.07005027681589127,0.07627662271261215,0,0
83,kalman_cv,0.05164887383580208,0.06379976123571396,0.056130826473236084,0.06458045542240143,0.061417825520038605,-0.01293158158659935,-0.009768951684236526,1,1
84,kalman_cv,0.06232018396258354,0.0730639100074768,0.13761843740940094,0.06669057905673981,0.06151527911424637,-0.004370395094156265,0.0008049048483371735,1,0
85,kalman_cv,0.08543301373720169,0.10398469120264053,0.15394435822963715,0.058885347098112106,0.05503176525235176,0.026547666639089584,0.03040124848484993,0,0
86,kalman_cv,0.11469225585460663,0.1347866952419281,0.11775562167167664,0.05872054770588875,0.05923238396644592,0.05597170814871788,0.055459871888160706,0,0
87,kalman_cv,0.09252609312534332,0.1165836974978447,0.18229401111602783,0.0609772689640522,0.06673810631036758,0.03154882416129112,0.02578798681497574,0,0
88,kalman_cv,0.05788273364305496,0.06939943879842758,0.07858433574438095,0.06288284063339233,0.05980512499809265,-0.005000106990337372,-0.0019223913550376892,1,1
89,kalman_cv,0.09721574932336807,0.12792930006980896,0.10490168631076813,0.06404105573892593,0.06562267243862152,0.03317469358444214,0.03159307688474655,0,0
90,kalman_cv,0.10846875607967377,0.11480225622653961,0.16578835248947144,0.06123713403940201,0.061442695558071136,0.04723162204027176,0.04702606052160263,0,0
91,kalman_cv,0.07167880237102509,0.09203120321035385,0.08763167262077332,0.07062261551618576,0.07111223042011261,0.001056186854839325,0.0005665719509124756,0,0
92,kalman_cv,0.07958246767520905,0.09701431542634964,0.08285306394100189,0.06249571964144707,0.06141924858093262,0.017086748033761978,0.018163219094276428,0,0
93,kalman_cv,0.09832006692886353,0.12360107898712158,0.10812805593013763,0.07992082089185715,0.07513746619224548,0.018399246037006378,0.023182600736618042,0,0
94,kalman_cv,0.08276674896478653,0.10058315843343735,0.12202835083007812,0.06401105225086212,0.057054661214351654,0.018755696713924408,0.025712087750434875,0,0
95,kalman_cv,0.047720767557621,0.054087039083242416,0.07158920913934708,0.06344695389270782,0.06146591156721115,-0.015726186335086823,-0.013745144009590149,1,1
96,kalman_cv,0.0910559743642807,0.10789001733064651,0.08745640516281128,0.05727323889732361,0.05582281947135925,0.03378273546695709,0.03523315489292145,0,0
97,kalman_cv,0.06028691679239273,0.07081550359725952,0.07782384753227234,0.05725973844528198,0.05469636246562004,0.0030271783471107483,0.00559055432677269,0,0
98,kalman_cv,0.1150994673371315,0.1282658576965332,0.10190113633871078,0.06984086334705353,0.06922914832830429,0.04525860399007797,0.04587031900882721,0,0
99,kalman_cv,0.1352998912334442,0.1512903869152069,0.12771987915039062,0.05965913087129593,0.05975158140063286,0.07564076036214828,0.07554830610752106,0,0
100,kalman_cv,0.09492410719394684,0.12343281507492065,0.2001308798789978,0.061298519372940063,0.06733233481645584,0.033625587821006775,0.027591772377490997,0,0
101,kalman_cv,0.09754346311092377,0.10942552238702774,0.08715121448040009,0.07044897973537445,0.067762091755867,0.027094483375549316,0.029781371355056763,0,0
102,kalman_cv,0.10742755979299545,0.12047137320041656,0.08857806771993637,0.05523790046572685,0.053923677653074265,0.0521896593272686,0.05350388213992119,0,0
103,kalman_cv,0.09124589711427689,0.10280701518058777,0.08718530088663101,0.05866476893424988,0.06090985983610153,0.03258112818002701,0.030336037278175354,0,0
104,kalman_cv,0.05481211468577385,0.06105152145028114,0.06407978385686874,0.06275846064090729,0.061548035591840744,-0.007946345955133438,-0.0067359209060668945,1,1
105,kalman_cv,0.044719260185956955,0.051559071987867355,0.07936803251504898,0.061939459294080734,0.06388724595308304,-0.01722019910812378,-0.019167985767126083,1,1
106,kalman_cv,0.12264351546764374,0.14158068597316742,0.09050361067056656,0.07259709388017654,0.06602056324481964,0.050046421587467194,0.0566229522228241,0,0
107,kalman_cv,0.06298675388097763,0.07301555573940277,0.09838788956403732,0.054060280323028564,0.05070389434695244,0.008926473557949066,0.012282859534025192,0,0
108,kalman_cv,0.0842946395277977,0.11307083815336227,0.1680309772491455,0.0605158731341362,0.05515333265066147,0.0237787663936615,0.02914130687713623,0,0
109,kalman_cv,0.10577410459518433,0.11919612437486649,0.08583149313926697,0.05685434862971306,0.055438332259655,0.04891975596547127,0.05033577233552933,0,0
110,kalman_cv,0.08472300320863724,0.11249775439500809,0.15221010148525238,0.053803879767656326,0.04729805141687393,0.03091912344098091,0.037424951791763306,0,0
111,kalman_cv,0.0927303358912468,0.11808854341506958,0.08771612495183945,0.06834503263235092,0.06442736089229584,0.024385303258895874,0.028302974998950958,0,0
112,kalman_cv,0.08926673233509064,0.11149761825799942,0.07968626171350479,0.057756416499614716,0.057729076594114304,0.03151031583547592,0.031537655740976334,0,0
113,kalman_cv,0.10411195456981659,0.12199509888887405,0.1704181730747223,0.07053997367620468,0.07467598468065262,0.03357198089361191,0.02943596988916397,0,0
114,kalman_cv,0.07708792388439178,0.09828725457191467,0.14565664529800415,0.05028399080038071,0.046408768743276596,0.026803933084011078,0.03067915514111519,0,0
115,kalman_cv,0.11679557710886002,0.14621074497699738,0.17673762142658234,0.069786436855793,0.06863902509212494,0.04700914025306702,0.04815655201673508,0,0
116,kalman_cv,0.06919886916875839,0.07904010266065598,0.0969761312007904,0.08216828107833862,0.08446866273880005,-0.01296941190958023,-0.015269793570041656,1,1
117,kalman_cv,0.03831713646650314,0.04369094595313072,0.05668577179312706,0.05175156146287918,0.049333564937114716,-0.013434424996376038,-0.011016428470611572,1,1
118,kalman_cv,0.10341504961252213,0.12015019357204437,0.08345627039670944,0.06253249943256378,0.06173434108495712,0.040882550179958344,0.041680708527565,0,0
119,kalman_cv,0.06439428776502609,0.07090190798044205,0.07135967165231705,0.06780588626861572,0.06830929219722748,-0.00341159850358963,-0.0039150044322013855,1,1
120,kalman_cv,0.07857690006494522,0.09154228866100311,0.14875134825706482,0.059413619339466095,0.0561603382229805,0.019163280725479126,0.02241656184196472,0,0
121,kalman_cv,0.041555702686309814,0.051145587116479874,0.08577560633420944,0.06543900072574615,0.06267478317022324,-0.02388329803943634,-0.02111908048391342,1,1
122,kalman_cv,0.12390325218439102,0.13954085111618042,0.19669532775878906,0.067314513027668,0.06392703205347061,0.05658873915672302,0.05997622013092041,0,0
123,kalman_cv,0.1108345240354538,0.13837650418281555,0.09484073519706726,0.06365425139665604,0.0620860680937767,0.04718027263879776,0.048748455941677094,0,0
124,kalman_cv,0.1535102128982544,0.18486125767230988,0.11638464033603668,0.07229502499103546,0.06493774801492691,0.08121518790721893,0.08857246488332748,0,0
125,kalman_cv,0.07737384736537933,0.09418966621160507,0.11674678325653076,0.0507008321583271,0.04805511608719826,0.02667301520705223,0.029318731278181076,0,0
126,kalman_cv,0.07590890675783157,0.09671558439731598,0.11917459964752197,0.0687909722328186,0.06655819714069366,0.00711793452501297,0.009350709617137909,0,0
127,kalman_cv,0.08921194076538086,0.10469946265220642,0.07968658953905106,0.05025341361761093,0.04960797727108002,0.03895852714776993,0.03960396349430084,0,0
128,kalman_cv,0.13366277515888214,0.14393240213394165,0.1283629685640335,0.07547896355390549,0.07467413693666458,0.058183811604976654,0.05898863822221756,0,0
129,kalman_cv,0.0845702514052391,0.10369555652141571,0.10589858144521713,0.0584014467895031,0.051345743238925934,0.026168804615736008,0.03322450816631317,0,0
130,kalman_cv,0.07837707549333572,0.09628422558307648,0.0981823056936264,0.06082163378596306,0.06087726354598999,0.017555441707372665,0.017499811947345734,0,0
131,kalman_cv,0.09656856209039688,0.11531996726989746,0.13231748342514038,0.0703960657119751,0.06481794267892838,0.026172496378421783,0.031750619411468506,0,0
132,kalman_cv,0.05540088564157486,0.06369918584823608,0.06872966885566711,0.057657770812511444,0.05542869493365288,-0.0022568851709365845,-2.780929207801819e-05,1,1
133,kalman_cv,0.091493621468544,0.10401055961847305,0.08613310754299164,0.07890082895755768,0.0755254477262497,0.012592792510986328,0.01596817374229431,0,0
134,kalman_cv,0.08807655423879623,0.11113647371530533,0.09065839648246765,0.06966028362512589,0.06544259935617447,0.01841627061367035,0.022633954882621765,0,0
135,kalman_cv,0.11236073821783066,0.13847272098064423,0.10575899481773376,0.06959477066993713,0.07035399973392487,0.042765967547893524,0.04200673848390579,0,0
136,kalman_cv,0.0999903678894043,0.1170007660984993,0.11569443345069885,0.07904346287250519,0.08111713826656342,0.02094690501689911,0.01887322962284088,0,0
137,kalman_cv,0.06587661802768707,0.0733184665441513,0.057983994483947754,0.06061019375920296,0.06279843300580978,0.005266424268484116,0.003078185021877289,0,0
138,kalman_cv,0.10961546003818512,0.12978191673755646,0.10056919604539871,0.07277632504701614,0.07108217477798462,0.036839134991168976,0.0385332852602005,0,0
139,kalman_cv,0.1312113106250763,0.15030963718891144,0.10507964342832565,0.05832662433385849,0.05905001237988472,0.0728846862912178,0.07216130197048187,0,0
140,kalman_cv,0.08207020163536072,0.094312384724617,0.14707915484905243,0.06620535999536514,0.06203489378094673,0.015864841639995575,0.020035307854413986,0,0
141,kalman_cv,0.06886309385299683,0.07401607185602188,0.07892601191997528,0.07058821618556976,0.06695447117090225,-0.001725122332572937,0.001908622682094574,1,0
142,kalman_cv,0.06528003513813019,0.07548685371875763,0.12546157836914062,0.053529269993305206,0.05296086519956589,0.011750765144824982,0.0123191699385643,0,0
143,kalman_cv,0.05920374393463135,0.06757593899965286,0.1394093930721283,0.06082773953676224,0.05732161924242973,-0.00162399560213089,0.0018821246922016144,1,0
144,kalman_cv,0.07690069079399109,0.0877382755279541,0.0861901193857193,0.058723390102386475,0.05577952414751053,0.018177300691604614,0.02112116664648056,0,0
145,kalman_cv,0.08310166001319885,0.09842685610055923,0.14972013235092163,0.05548446252942085,0.0628136694431305,0.027617197483778,0.02028799057006836,0,0
146,kalman_cv,0.08351430296897888,0.09310465306043625,0.11195879429578781,0.07215584814548492,0.0776657909154892,0.011358454823493958,0.005848512053489685,0,0
147,kalman_cv,0.05841634422540665,0.06950921565294266,0.06968433409929276,0.058708298951387405,0.054874926805496216,-0.00029195472598075867,0.003541417419910431,1,0
148,kalman_cv,0.08347165584564209,0.0928395614027977,0.0996411144733429,0.0760311409831047,0.07573221623897552,0.007440514862537384,0.007739439606666565,0,0
149,kalman_cv,0.05002996325492859,0.059157051146030426,0.05983170494437218,0.05259985849261284,0.050687648355960846,-0.00256989523768425,-0.0006576851010322571,1,1
150,kalman_cv,0.15172353386878967,0.18191339075565338,0.12546305358409882,0.06264053285121918,0.06064735725522041,0.0890830010175705,0.09107618033885956,0,0
151,kalman_cv,0.10786683857440948,0.1319304257631302,0.09199569374322891,0.057472534477710724,0.05477406457066536,0.05039430409669876,0.053092774003744125,0,0
152,kalman_cv,0.05814840644598007,0.06522561609745026,0.06451665610074997,0.06613504141569138,0.06576871126890182,-0.007986634969711304,-0.007620304822921753,1,1
153,kalman_cv,0.06242305040359497,0.0812191292643547,0.09130758792161942,0.05708067864179611,0.05384068936109543,0.005342371761798859,0.008582361042499542,0,0
154,kalman_cv,0.04803613945841789,0.054886940866708755,0.07084301859140396,0.06078441068530083,0.06329800188541412,-0.012748271226882935,-0.015261862426996231,1,1
155,kalman_cv,0.06586124002933502,0.08467772603034973,0.08616473525762558,0.06064096838235855,0.05715391784906387,0.005220271646976471,0.008707322180271149,0,0
156,kalman_cv,0.17494122684001923,0.20635084807872772,0.14638684689998627,0.042232804000377655,0.04023702070116997,0.13270843029022217,0.13470420241355896,0,0
157,kalman_cv,0.16510574519634247,0.1910489946603775,0.15725503861904144,0.06546349823474884,0.05867685005068779,0.09964224696159363,0.10642889142036438,0,0
158,kalman_cv,0.0782218798995018,0.0920151099562645,0.0967440977692604,0.06597288697957993,0.06190451979637146,0.012248992919921875,0.01631736010313034,0,0
159,kalman_cv,0.08392344415187836,0.10437065362930298,0.10287521034479141,0.07007939368486404,0.06972481310367584,0.013844050467014313,0.014198631048202515,0,0
160,kalman_cv,0.0766003429889679,0.08945849537849426,0.14112326502799988,0.06853477656841278,0.06177279353141785,0.008065566420555115,0.014827549457550049,0,0
161,kalman_cv,0.13029950857162476,0.1460462063550949,0.13670390844345093,0.08197537064552307,0.0791662260890007,0.048324137926101685,0.051133282482624054,0,0
162,kalman_cv,0.07062796503305435,0.07597562670707703,0.06529215723276138,0.06918779015541077,0.06370429694652557,0.0014401748776435852,0.006923668086528778,0,0
163,kalman_cv,0.08342839032411575,0.09476235508918762,0.08158702403306961,0.07299311459064484,0.07263775914907455,0.010435275733470917,0.010790631175041199,0,0
164,kalman_cv,0.04289114475250244,0.049601905047893524,0.07137329131364822,0.06470252573490143,0.06519506871700287,-0.021811380982398987,-0.022303923964500427,1,1
165,kalman_cv,0.09522255510091782,0.10660473257303238,0.12694883346557617,0.06595510989427567,0.06470518559217453,0.02926744520664215,0.030517369508743286,0,0
166,kalman_cv,0.05914716050028801,0.06578616797924042,0.07679083943367004,0.07392732799053192,0.07050678879022598,-0.014780167490243912,-0.011359628289937973,1,1
167,kalman_cv,0.10103826224803925,0.11792919784784317,0.14545971155166626,0.062389664351940155,0.05872470140457153,0.03864859789609909,0.04231356084346771,0,0
168,kalman_cv,0.12790021300315857,0.14336130023002625,0.13746732473373413,0.0670127123594284,0.06333290040493011,0.060887500643730164,0.06456731259822845,0,0
169,kalman_cv,0.07337288558483124,0.08452188223600388,0.08507054299116135,0.0525335893034935,0.05150154232978821,0.020839296281337738,0.02187134325504303,0,0
170,kalman_cv,0.10968039929866791,0.1344609409570694,0.10515481978654861,0.07352592051029205,0.06644164025783539,0.036154478788375854,0.04323875904083252,0,0
171,kalman_cv,0.1472957283258438,0.17791594564914703,0.17559106647968292,0.06817080080509186,0.05761592462658882,0.07912492752075195,0.08967980742454529,0,0
172,kalman_cv,0.10009143501520157,0.12162172794342041,0.1654270589351654,0.06448812782764435,0.0654531717300415,0.03560330718755722,0.034638263285160065,0,0
173,kalman_cv,0.06964030861854553,0.07949018478393555,0.07270883023738861,0.05530258268117905,0.05465635657310486,0.014337725937366486,0.014983952045440674,0,0
174,kalman_cv,0.07327752560377121,0.08283641189336777,0.0887870192527771,0.0680345892906189,0.06301553547382355,0.005242936313152313,0.010261990129947662,0,0
175,kalman_cv,0.053175777196884155,0.05921982601284981,0.06814516335725784,0.06515919417142868,0.06814289093017578,-0.011983416974544525,-0.014967113733291626,1,1
176,kalman_cv,0.06568118929862976,0.07773258537054062,0.06785482913255692,0.06126191094517708,0.05899126082658768,0.0044192783534526825,0.006689928472042084,0,0
177,kalman_cv,0.1408078670501709,0.1670147031545639,0.15372470021247864,0.06333308666944504,0.06726086139678955,0.07747478038072586,0.07354700565338135,0,0
178,kalman_cv,0.046490415930747986,0.05391748622059822,0.07179262489080429,0.06996317207813263,0.07316802442073822,-0.023472756147384644,-0.026677608489990234,1,1
179,kalman_cv,0.072493776679039,0.08204653859138489,0.07331296801567078,0.05731259658932686,0.05721816420555115,0.015181180089712143,0.015275612473487854,0,0
180,kalman_cv,0.07086141407489777,0.07507897168397903,0.16434627771377563,0.07600606232881546,0.07601062953472137,-0.005144648253917694,-0.005149215459823608,1,1
181,kalman_cv,0.049447350203990936,0.053724464029073715,0.07702918350696564,0.06523136049509048,0.06522451341152191,-0.01578401029109955,-0.015777163207530975,1,1
182,kalman_cv,0.08985914289951324,0.10194089263677597,0.08430428057909012,0.05938028544187546,0.0647834911942482,0.030478857457637787,0.025075651705265045,0,0
183,kalman_cv,0.10836652666330338,0.12256398051977158,0.11015557497739792,0.07407162338495255,0.08026652038097382,0.03429490327835083,0.02810000628232956,0,0
184,kalman_cv,0.12253649532794952,0.13636323809623718,0.11853645741939545,0.0715017318725586,0.0696566104888916,0.05103476345539093,0.05287988483905792,0,0
185,kalman_cv,0.08835574984550476,0.10710819065570831,0.08491603285074234,0.060521721839904785,0.05593245103955269,0.027834028005599976,0.03242329880595207,0,0
186,kalman_cv,0.12061731517314911,0.14114060997962952,0.11078953742980957,0.06369609385728836,0.05914529412984848,0.05692122131586075,0.06147202104330063,0,0
187,kalman_cv,0.0539214126765728,0.06085115298628807,0.07312317192554474,0.06392177939414978,0.0633501261472702,-0.01000036671757698,-0.009428713470697403,1,1
188,kalman_cv,0.11652535200119019,0.13892251253128052,0.1874568611383438,0.0653810128569603,0.059943217784166336,0.05114433914422989,0.05658213421702385,0,0
189,kalman_cv,0.0714629739522934,0.08310659974813461,0.0816706195473671,0.06656162440776825,0.06407876312732697,0.0049013495445251465,0.007384210824966431,0,0
190,kalman_cv,0.06279304623603821,0.07267977297306061,0.08157430589199066,0.06759876757860184,0.06681786477565765,-0.004805721342563629,-0.004024818539619446,1,1
191,kalman_cv,0.09532114118337631,0.10731906443834305,0.17522448301315308,0.06463374197483063,0.05775012820959091,0.030687399208545685,0.0375710129737854,0,0
192,kalman_cv,0.0415554903447628,0.04991080239415169,0.0760929137468338,0.05859602615237236,0.05712788179516792,-0.017040535807609558,-0.01557239145040512,1,1
193,kalman_cv,0.09515133500099182,0.11330163478851318,0.09623470902442932,0.0729748010635376,0.07080189138650894,0.022176533937454224,0.02434944361448288,0,0
194,kalman_cv,0.04568194970488548,0.0542171411216259,0.07765866070985794,0.06374062597751617,0.06193128973245621,-0.01805867627263069,-0.016249340027570724,1,1
195,kalman_cv,0.08288542926311493,0.10209956020116806,0.07802359014749527,0.054165881127119064,0.04776886850595474,0.028719548135995865,0.03511656075716019,0,0
196,kalman_cv,0.07191333174705505,0.07989911735057831,0.0902511328458786,0.06728403270244598,0.06963903456926346,0.00462929904460907,0.0022742971777915955,0,0
197,kalman_cv,0.08338262885808945,0.09782598167657852,0.13645607233047485,0.08035345375537872,0.07578673213720322,0.003029175102710724,0.0075958967208862305,0,0
198,kalman_cv,0.09945684671401978,0.1142820343375206,0.09235890209674835,0.05049503594636917,0.05181989073753357,0.048961810767650604,0.047636955976486206,0,0
199,kalman_cv,0.07930950820446014,0.09314601123332977,0.16219818592071533,0.06212310865521431,0.058904193341732025,0.017186399549245834,0.02040531486272812,0,0
0,unconditional_sdedit_t2,0.047386620193719864,0.052193403244018555,0.24638622999191284,0.05268967151641846,0.047386620193719864,-0.005303051322698593,0.0,1,0
1,unconditional_sdedit_t2,0.06346938759088516,0.07123503088951111,0.20075079798698425,0.06313766539096832,0.06346938759088516,0.0003317221999168396,0.0,0,0
2,unconditional_sdedit_t2,0.04479696601629257,0.04830324277281761,0.4807168245315552,0.051779210567474365,0.04479696601629257,-0.006982244551181793,0.0,1,0
3,unconditional_sdedit_t2,0.05423701927065849,0.06028178334236145,0.14626264572143555,0.05588671565055847,0.05423701927065849,-0.0016496963798999786,0.0,1,0
4,unconditional_sdedit_t2,0.05253947526216507,0.05864659696817398,0.15618100762367249,0.05658530071377754,0.05253947526216507,-0.0040458254516124725,0.0,1,0
5,unconditional_sdedit_t2,0.06385675817728043,0.07058349996805191,0.15678690373897552,0.06796588748693466,0.06385675817728043,-0.004109129309654236,0.0,1,0
6,unconditional_sdedit_t2,0.052198491990566254,0.0591425821185112,0.46487393975257874,0.056925155222415924,0.052198491990566254,-0.00472666323184967,0.0,1,0
7,unconditional_sdedit_t2,0.05677943676710129,0.06325061619281769,0.23728516697883606,0.06172262877225876,0.05677943676710129,-0.004943192005157471,0.0,1,0
8,unconditional_sdedit_t2,0.05658552795648575,0.06818785518407822,0.18678423762321472,0.06060759350657463,0.05658552795648575,-0.0040220655500888824,0.0,1,0
9,unconditional_sdedit_t2,0.06458798795938492,0.06859490275382996,0.19862693548202515,0.0659550279378891,0.06458798795938492,-0.001367039978504181,0.0,1,0
10,unconditional_sdedit_t2,0.0535132959485054,0.06831323355436325,0.156169593334198,0.05687336251139641,0.0535132959485054,-0.0033600665628910065,0.0,1,0
11,unconditional_sdedit_t2,0.06840251386165619,0.08051329851150513,0.4809362590312958,0.06904856115579605,0.06840251386165619,-0.0006460472941398621,0.0,1,0
12,unconditional_sdedit_t2,0.05999799445271492,0.06908886134624481,0.4450853168964386,0.06322519481182098,0.05999799445271492,-0.003227200359106064,0.0,1,0
13,unconditional_sdedit_t2,0.07237817347049713,0.07887530326843262,0.16644281148910522,0.07754329591989517,0.07237817347049713,-0.005165122449398041,0.0,1,0
14,unconditional_sdedit_t2,0.06766773015260696,0.07319223135709763,0.1655595898628235,0.0635475218296051,0.06766773015260696,0.004120208323001862,0.0,0,0
15,unconditional_sdedit_t2,0.05707089230418205,0.0628737285733223,0.1829461008310318,0.06149406358599663,0.05707089230418205,-0.004423171281814575,0.0,1,0
16,unconditional_sdedit_t2,0.04696940258145332,0.055972710251808167,0.17359425127506256,0.0525021068751812,0.04696940258145332,-0.005532704293727875,0.0,1,0
17,unconditional_sdedit_t2,0.07542040944099426,0.07948010414838791,0.18063528835773468,0.06533661484718323,0.07542040944099426,0.010083794593811035,0.0,0,0
18,unconditional_sdedit_t2,0.058131806552410126,0.06443079560995102,0.23107221722602844,0.06372842937707901,0.058131806552410126,-0.005596622824668884,0.0,1,0
19,unconditional_sdedit_t2,0.07403336465358734,0.08006457984447479,0.5753440856933594,0.06326358020305634,0.07403336465358734,0.010769784450531006,0.0,0,0
20,unconditional_sdedit_t2,0.05672721937298775,0.06511258333921432,0.1377621591091156,0.05830741673707962,0.05672721937298775,-0.0015801973640918732,0.0,1,0
21,unconditional_sdedit_t2,0.0674474760890007,0.07551649957895279,0.1633109301328659,0.06869306415319443,0.0674474760890007,-0.0012455880641937256,0.0,1,0
22,unconditional_sdedit_t2,0.06207088753581047,0.0671083852648735,0.17230381071567535,0.06361999362707138,0.06207088753581047,-0.00154910609126091,0.0,1,0
23,unconditional_sdedit_t2,0.06300424039363861,0.0698600560426712,0.42271655797958374,0.0694975033402443,0.06300424039363861,-0.006493262946605682,0.0,1,0
24,unconditional_sdedit_t2,0.060476869344711304,0.06595001369714737,0.15533895790576935,0.06091035529971123,0.060476869344711304,-0.0004334859549999237,0.0,1,0
25,unconditional_sdedit_t2,0.05806099623441696,0.06485778093338013,0.17713084816932678,0.06001255661249161,0.05806099623441696,-0.001951560378074646,0.0,1,0
26,unconditional_sdedit_t2,0.05765094235539436,0.06774117052555084,0.15698027610778809,0.06416813284158707,0.05765094235539436,-0.006517190486192703,0.0,1,0
27,unconditional_sdedit_t2,0.05013475567102432,0.058546070009469986,0.1686197817325592,0.053119100630283356,0.05013475567102432,-0.002984344959259033,0.0,1,0
28,unconditional_sdedit_t2,0.055255014449357986,0.05985289067029953,0.3100549280643463,0.06145323067903519,0.055255014449357986,-0.0061982162296772,0.0,1,0
29,unconditional_sdedit_t2,0.04133107140660286,0.04604310169816017,0.17352305352687836,0.04525135084986687,0.04133107140660286,-0.003920279443264008,0.0,1,0
30,unconditional_sdedit_t2,0.05774613097310066,0.06116236746311188,0.15069220960140228,0.05629705265164375,0.05774613097310066,0.0014490783214569092,0.0,0,0
31,unconditional_sdedit_t2,0.05876880884170532,0.0649685263633728,0.16179880499839783,0.06441095471382141,0.05876880884170532,-0.005642145872116089,0.0,1,0
32,unconditional_sdedit_t2,0.04661046341061592,0.05400002375245094,0.13006682693958282,0.048632748425006866,0.04661046341061592,-0.0020222850143909454,0.0,1,0
33,unconditional_sdedit_t2,0.04694921523332596,0.05299578979611397,0.39178383350372314,0.04978462681174278,0.04694921523332596,-0.0028354115784168243,0.0,1,0
34,unconditional_sdedit_t2,0.06353264302015305,0.06795968115329742,0.16343164443969727,0.06210090592503548,0.06353264302015305,0.001431737095117569,0.0,0,0
35,unconditional_sdedit_t2,0.06550481915473938,0.07361505925655365,0.20970407128334045,0.06946993619203568,0.06550481915473938,-0.003965117037296295,0.0,1,0
36,unconditional_sdedit_t2,0.05699991434812546,0.06184729188680649,0.11924665421247482,0.0519719198346138,0.05699991434812546,0.005027994513511658,0.0,0,0
37,unconditional_sdedit_t2,0.05498252063989639,0.0629340186715126,0.12415076792240143,0.054066289216279984,0.05498252063989639,0.0009162314236164093,0.0,0,0
38,unconditional_sdedit_t2,0.05830905959010124,0.06778924912214279,0.181255504488945,0.05767141655087471,0.05830905959010124,0.000637643039226532,0.0,0,0
39,unconditional_sdedit_t2,0.05720699578523636,0.06157752498984337,0.13036948442459106,0.058270812034606934,0.05720699578523636,-0.001063816249370575,0.0,1,0
40,unconditional_sdedit_t2,0.059228479862213135,0.06642560660839081,0.14560428261756897,0.06381482630968094,0.059228479862213135,-0.004586346447467804,0.0,1,0
41,unconditional_sdedit_t2,0.043067172169685364,0.04742499813437462,0.2185124158859253,0.04674428701400757,0.043067172169685364,-0.0036771148443222046,0.0,1,0
42,unconditional_sdedit_t2,0.06586993485689163,0.07140020281076431,0.19274045526981354,0.06890759617090225,0.06586993485689163,-0.00303766131401062,0.0,1,0
43,unconditional_sdedit_t2,0.049309320747852325,0.05663776397705078,0.5114014148712158,0.05525180697441101,0.049309320747852325,-0.005942486226558685,0.0,1,0
44,unconditional_sdedit_t2,0.06010277941823006,0.06701000034809113,0.17987731099128723,0.058719534426927567,0.06010277941823006,0.0013832449913024902,0.0,0,0
45,unconditional_sdedit_t2,0.052240628749132156,0.056982338428497314,0.14561450481414795,0.05506425350904465,0.052240628749132156,-0.002823624759912491,0.0,1,0
46,unconditional_sdedit_t2,0.062371738255023956,0.06781306862831116,0.20884352922439575,0.06088675186038017,0.062371738255023956,0.0014849863946437836,0.0,0,0
47,unconditional_sdedit_t2,0.05824948474764824,0.06894206255674362,0.1297496259212494,0.05681475251913071,0.05824948474764824,0.0014347322285175323,0.0,0,0
48,unconditional_sdedit_t2,0.059942763298749924,0.06741523742675781,0.3216010332107544,0.06416036933660507,0.059942763298749924,-0.004217606037855148,0.0,1,0
49,unconditional_sdedit_t2,0.05231960862874985,0.058245427906513214,0.430050253868103,0.050704699009656906,0.05231960862874985,0.0016149096190929413,0.0,0,0
50,unconditional_sdedit_t2,0.06649713218212128,0.08012986928224564,0.14574874937534332,0.06765604764223099,0.06649713218212128,-0.0011589154601097107,0.0,1,0
51,unconditional_sdedit_t2,0.054497383534908295,0.05930163338780403,0.1389065980911255,0.05603696033358574,0.054497383534908295,-0.0015395767986774445,0.0,1,0
52,unconditional_sdedit_t2,0.04397742450237274,0.05055761709809303,0.2078050673007965,0.04654904827475548,0.04397742450237274,-0.002571623772382736,0.0,1,0
53,unconditional_sdedit_t2,0.05152921751141548,0.0603526346385479,0.14537657797336578,0.05436959117650986,0.05152921751141548,-0.0028403736650943756,0.0,1,0
54,unconditional_sdedit_t2,0.05241354554891586,0.05976608395576477,0.16037030518054962,0.05588964745402336,0.05241354554891586,-0.003476101905107498,0.0,1,0
55,unconditional_sdedit_t2,0.05912049859762192,0.06547559052705765,0.21179728209972382,0.0649377852678299,0.05912049859762192,-0.005817286670207977,0.0,1,0
56,unconditional_sdedit_t2,0.04686834663152695,0.05397964268922806,0.13615429401397705,0.0474541038274765,0.04686834663152695,-0.0005857571959495544,0.0,1,0
57,unconditional_sdedit_t2,0.0524483323097229,0.06010385975241661,0.17019769549369812,0.05567995831370354,0.0524483323097229,-0.0032316260039806366,0.0,1,0
58,unconditional_sdedit_t2,0.06125074625015259,0.06653661280870438,0.12545669078826904,0.06290137022733688,0.06125074625015259,-0.0016506239771842957,0.0,1,0
59,unconditional_sdedit_t2,0.06448425352573395,0.06926695257425308,0.16324466466903687,0.06501203775405884,0.06448425352573395,-0.0005277842283248901,0.0,1,0
60,unconditional_sdedit_t2,0.08646555244922638,0.09519783407449722,0.35211047530174255,0.07986714690923691,0.08646555244922638,0.0065984055399894714,0.0,0,0
61,unconditional_sdedit_t2,0.059572983533144,0.06749077141284943,0.17734673619270325,0.06355413794517517,0.059572983533144,-0.003981154412031174,0.0,1,0
62,unconditional_sdedit_t2,0.061993181705474854,0.06771387904882431,0.14335717260837555,0.060209810733795166,0.061993181705474854,0.0017833709716796875,0.0,0,0
63,unconditional_sdedit_t2,0.06161310151219368,0.06731630116701126,0.16646289825439453,0.06362495571374893,0.06161310151219368,-0.002011854201555252,0.0,1,0
64,unconditional_sdedit_t2,0.04893536865711212,0.06082433834671974,0.14719635248184204,0.05301336571574211,0.04893536865711212,-0.00407799705862999,0.0,1,0
65,unconditional_sdedit_t2,0.06356517225503922,0.06847728788852692,0.20470938086509705,0.06843168288469315,0.06356517225503922,-0.004866510629653931,0.0,1,0
66,unconditional_sdedit_t2,0.08051754534244537,0.08899267762899399,0.19599512219429016,0.08183147758245468,0.08051754534244537,-0.0013139322400093079,0.0,1,0
67,unconditional_sdedit_t2,0.04511740058660507,0.05164460837841034,0.14063812792301178,0.04765406250953674,0.04511740058660507,-0.002536661922931671,0.0,1,0
68,unconditional_sdedit_t2,0.06344390660524368,0.07154373824596405,0.1863524615764618,0.06450282037258148,0.06344390660524368,-0.001058913767337799,0.0,1,0
69,unconditional_sdedit_t2,0.06188448145985603,0.06567713618278503,0.2195582538843155,0.06581691652536392,0.06188448145985603,-0.003932435065507889,0.0,1,0
70,unconditional_sdedit_t2,0.06114041060209274,0.06835699081420898,0.2616974413394928,0.06503480672836304,0.06114041060209274,-0.003894396126270294,0.0,1,0
71,unconditional_sdedit_t2,0.07790100574493408,0.08574743568897247,0.41902559995651245,0.08243260532617569,0.07790100574493408,-0.004531599581241608,0.0,1,0
72,unconditional_sdedit_t2,0.057292915880680084,0.06369119882583618,0.19625696539878845,0.059163399040699005,0.057292915880680084,-0.001870483160018921,0.0,1,0
73,unconditional_sdedit_t2,0.04586131125688553,0.05468001961708069,0.16012126207351685,0.048943597823381424,0.04586131125688553,-0.0030822865664958954,0.0,1,0
74,unconditional_sdedit_t2,0.05400891229510307,0.06110507994890213,0.3917980492115021,0.05488523095846176,0.05400891229510307,-0.0008763186633586884,0.0,1,0
75,unconditional_sdedit_t2,0.061430513858795166,0.07213644683361053,0.15246599912643433,0.061505354940891266,0.061430513858795166,-7.484108209609985e-05,0.0,1,0
76,unconditional_sdedit_t2,0.06255820393562317,0.06852740049362183,0.16227354109287262,0.06336772441864014,0.06255820393562317,-0.0008095204830169678,0.0,1,0
77,unconditional_sdedit_t2,0.0551779679954052,0.06270881742238998,0.14373254776000977,0.057621002197265625,0.0551779679954052,-0.002443034201860428,0.0,1,0
78,unconditional_sdedit_t2,0.05541296675801277,0.06279407441616058,0.12216785550117493,0.055813103914260864,0.05541296675801277,-0.00040013715624809265,0.0,1,0
79,unconditional_sdedit_t2,0.06119605898857117,0.07065147906541824,0.18158692121505737,0.05461578816175461,0.06119605898857117,0.006580270826816559,0.0,0,0
80,unconditional_sdedit_t2,0.059599995613098145,0.06847205758094788,0.15849077701568604,0.06143757700920105,0.059599995613098145,-0.0018375813961029053,0.0,1,0
81,unconditional_sdedit_t2,0.06408657133579254,0.07085267454385757,0.2108132243156433,0.06261061131954193,0.06408657133579254,0.0014759600162506104,0.0,0,0
82,unconditional_sdedit_t2,0.05748429149389267,0.06078813970088959,0.241103857755661,0.06371063739061356,0.05748429149389267,-0.006226345896720886,0.0,1,0
83,unconditional_sdedit_t2,0.061417825520038605,0.07180927693843842,0.12139546871185303,0.06458045542240143,0.061417825520038605,-0.0031626299023628235,0.0,1,0
84,unconditional_sdedit_t2,0.06151527911424637,0.07220479100942612,0.3220598101615906,0.06669057905673981,0.06151527911424637,-0.005175299942493439,0.0,1,0
85,unconditional_sdedit_t2,0.05503176525235176,0.06229196488857269,0.4090377986431122,0.058885347098112106,0.05503176525235176,-0.0038535818457603455,0.0,1,0
86,unconditional_sdedit_t2,0.05923238396644592,0.06321515142917633,0.19302505254745483,0.05872054770588875,0.05923238396644592,0.0005118362605571747,0.0,0,0
87,unconditional_sdedit_t2,0.06673810631036758,0.0753706768155098,0.5136620402336121,0.0609772689640522,0.06673810631036758,0.005760837346315384,0.0,0,0
88,unconditional_sdedit_t2,0.05980512499809265,0.0653674453496933,0.16855736076831818,0.06288284063339233,0.05980512499809265,-0.0030777156352996826,0.0,1,0
89,unconditional_sdedit_t2,0.06562267243862152,0.07436177134513855,0.20919807255268097,0.06404105573892593,0.06562267243862152,0.0015816166996955872,0.0,0,0
90,unconditional_sdedit_t2,0.061442695558071136,0.06928681582212448,0.37153011560440063,0.06123713403940201,0.061442695558071136,0.00020556151866912842,0.0,0,0
91,unconditional_sdedit_t2,0.07111223042011261,0.07982317358255386,0.17529766261577606,0.07062261551618576,0.07111223042011261,0.0004896149039268494,0.0,0,0
92,unconditional_sdedit_t2,0.06141924858093262,0.0670044794678688,0.1752009391784668,0.06249571964144707,0.06141924858093262,-0.00107647106051445,0.0,1,0
93,unconditional_sdedit_t2,0.07513746619224548,0.0836334079504013,0.2126290500164032,0.07992082089185715,0.07513746619224548,-0.004783354699611664,0.0,1,0
94,unconditional_sdedit_t2,0.057054661214351654,0.06279043108224869,0.3023741841316223,0.06401105225086212,0.057054661214351654,-0.0069563910365104675,0.0,1,0
95,unconditional_sdedit_t2,0.06146591156721115,0.07137531787157059,0.17856451869010925,0.06344695389270782,0.06146591156721115,-0.0019810423254966736,0.0,1,0
96,unconditional_sdedit_t2,0.05582281947135925,0.05951085314154625,0.1626567840576172,0.05727323889732361,0.05582281947135925,-0.0014504194259643555,0.0,1,0
97,unconditional_sdedit_t2,0.05469636246562004,0.06457334011793137,0.14305685460567474,0.05725973844528198,0.05469636246562004,-0.0025633759796619415,0.0,1,0
98,unconditional_sdedit_t2,0.06922914832830429,0.07779769599437714,0.14314410090446472,0.06984086334705353,0.06922914832830429,-0.0006117150187492371,0.0,1,0
99,unconditional_sdedit_t2,0.05975158140063286,0.06713835895061493,0.2097577452659607,0.05965913087129593,0.05975158140063286,9.245052933692932e-05,0.0,0,0
100,unconditional_sdedit_t2,0.06733233481645584,0.07498319447040558,0.5506262183189392,0.061298519372940063,0.06733233481645584,0.006033815443515778,0.0,0,0
101,unconditional_sdedit_t2,0.067762091755867,0.0781625360250473,0.1684419959783554,0.07044897973537445,0.067762091755867,-0.0026868879795074463,0.0,1,0
102,unconditional_sdedit_t2,0.053923677653074265,0.05985848233103752,0.1562393307685852,0.05523790046572685,0.053923677653074265,-0.0013142228126525879,0.0,1,0
103,unconditional_sdedit_t2,0.06090985983610153,0.07023554295301437,0.16417139768600464,0.05866476893424988,0.06090985983610153,0.002245090901851654,0.0,0,0
104,unconditional_sdedit_t2,0.061548035591840744,0.06867989152669907,0.146119624376297,0.06275846064090729,0.061548035591840744,-0.0012104250490665436,0.0,1,0
105,unconditional_sdedit_t2,0.06388724595308304,0.0763540118932724,0.17705963551998138,0.061939459294080734,0.06388724595308304,0.001947786659002304,0.0,0,0
106,unconditional_sdedit_t2,0.06602056324481964,0.07542194426059723,0.1304975003004074,0.07259709388017654,0.06602056324481964,-0.006576530635356903,0.0,1,0
107,unconditional_sdedit_t2,0.05070389434695244,0.053846366703510284,0.23042801022529602,0.054060280323028564,0.05070389434695244,-0.003356385976076126,0.0,1,0
108,unconditional_sdedit_t2,0.05515333265066147,0.06200217083096504,0.441597044467926,0.0605158731341362,0.05515333265066147,-0.0053625404834747314,0.0,1,0
109,unconditional_sdedit_t2,0.055438332259655,0.060962509363889694,0.15149329602718353,0.05685434862971306,0.055438332259655,-0.0014160163700580597,0.0,1,0
110,unconditional_sdedit_t2,0.04729805141687393,0.054240770637989044,0.4118533730506897,0.053803879767656326,0.04729805141687393,-0.006505828350782394,0.0,1,0
111,unconditional_sdedit_t2,0.06442736089229584,0.06823206692934036,0.14680935442447662,0.06834503263235092,0.06442736089229584,-0.003917671740055084,0.0,1,0
112,unconditional_sdedit_t2,0.057729076594114304,0.06373364478349686,0.1268681436777115,0.057756416499614716,0.057729076594114304,-2.7339905500411987e-05,0.0,1,0
113,unconditional_sdedit_t2,0.07467598468065262,0.08326517045497894,0.4388686418533325,0.07053997367620468,0.07467598468065262,0.004136011004447937,0.0,0,0
114,unconditional_sdedit_t2,0.046408768743276596,0.05412805452942848,0.3932831585407257,0.05028399080038071,0.046408768743276596,-0.0038752220571041107,0.0,1,0
115,unconditional_sdedit_t2,0.06863902509212494,0.0759657472372055,0.4857952892780304,0.069786436855793,0.06863902509212494,-0.0011474117636680603,0.0,1,0
116,unconditional_sdedit_t2,0.08446866273880005,0.09143641591072083,0.1919156163930893,0.08216828107833862,0.08446866273880005,0.0023003816604614258,0.0,0,0
117,unconditional_sdedit_t2,0.049333564937114716,0.055958352982997894,0.12708759307861328,0.05175156146287918,0.049333564937114716,-0.0024179965257644653,0.0,1,0
118,unconditional_sdedit_t2,0.06173434108495712,0.06734678149223328,0.15256255865097046,0.06253249943256378,0.06173434108495712,-0.0007981583476066589,0.0,1,0
119,unconditional_sdedit_t2,0.06830929219722748,0.07301762700080872,0.13592925667762756,0.06780588626861572,0.06830929219722748,0.0005034059286117554,0.0,0,0
120,unconditional_sdedit_t2,0.0561603382229805,0.061606671661138535,0.3922036588191986,0.059413619339466095,0.0561603382229805,-0.0032532811164855957,0.0,1,0
121,unconditional_sdedit_t2,0.06267478317022324,0.06934891641139984,0.19127407670021057,0.06543900072574615,0.06267478317022324,-0.0027642175555229187,0.0,1,0
122,unconditional_sdedit_t2,0.06392703205347061,0.07109609246253967,0.5059012770652771,0.067314513027668,0.06392703205347061,-0.0033874809741973877,0.0,1,0
123,unconditional_sdedit_t2,0.0620860680937767,0.06965895742177963,0.16716808080673218,0.06365425139665604,0.0620860680937767,-0.0015681833028793335,0.0,1,0
124,unconditional_sdedit_t2,0.06493774801492691,0.0724320337176323,0.16470873355865479,0.07229502499103546,0.06493774801492691,-0.007357276976108551,0.0,1,0
125,unconditional_sdedit_t2,0.04805511608719826,0.05541364848613739,0.3098638355731964,0.0507008321583271,0.04805511608719826,-0.002645716071128845,0.0,1,0
126,unconditional_sdedit_t2,0.06655819714069366,0.07719404250383377,0.28179535269737244,0.0687909722328186,0.06655819714069366,-0.002232775092124939,0.0,1,0
127,unconditional_sdedit_t2,0.04960797727108002,0.057002581655979156,0.15106447041034698,0.05025341361761093,0.04960797727108002,-0.0006454363465309143,0.0,1,0
128,unconditional_sdedit_t2,0.07467413693666458,0.08394920825958252,0.19816885888576508,0.07547896355390549,0.07467413693666458,-0.0008048266172409058,0.0,1,0
129,unconditional_sdedit_t2,0.051345743238925934,0.05511130392551422,0.2801065444946289,0.0584014467895031,0.051345743238925934,-0.007055703550577164,0.0,1,0
130,unconditional_sdedit_t2,0.06087726354598999,0.07035499811172485,0.24220135807991028,0.06082163378596306,0.06087726354598999,5.562976002693176e-05,0.0,0,0
131,unconditional_sdedit_t2,0.06481794267892838,0.07037565857172012,0.3515004813671112,0.0703960657119751,0.06481794267892838,-0.005578123033046722,0.0,1,0
132,unconditional_sdedit_t2,0.05542869493365288,0.06036940589547157,0.14321684837341309,0.057657770812511444,0.05542869493365288,-0.0022290758788585663,0.0,1,0
133,unconditional_sdedit_t2,0.0755254477262497,0.08474420756101608,0.16351187229156494,0.07890082895755768,0.0755254477262497,-0.0033753812313079834,0.0,1,0
134,unconditional_sdedit_t2,0.06544259935617447,0.07242130488157272,0.17802193760871887,0.06966028362512589,0.06544259935617447,-0.004217684268951416,0.0,1,0
135,unconditional_sdedit_t2,0.07035399973392487,0.07960273325443268,0.19201724231243134,0.06959477066993713,0.07035399973392487,0.0007592290639877319,0.0,0,0
136,unconditional_sdedit_t2,0.08111713826656342,0.08897311985492706,0.20070189237594604,0.07904346287250519,0.08111713826656342,0.0020736753940582275,0.0,0,0
137,unconditional_sdedit_t2,0.06279843300580978,0.0688847154378891,0.13506679236888885,0.06061019375920296,0.06279843300580978,0.0021882392466068268,0.0,0,0
138,unconditional_sdedit_t2,0.07108217477798462,0.07727617025375366,0.18825751543045044,0.07277632504701614,0.07108217477798462,-0.0016941502690315247,0.0,1,0
139,unconditional_sdedit_t2,0.05905001237988472,0.0639411211013794,0.15592408180236816,0.05832662433385849,0.05905001237988472,0.0007233880460262299,0.0,0,0
140,unconditional_sdedit_t2,0.06203489378094673,0.06868527829647064,0.39107590913772583,0.06620535999536514,0.06203489378094673,-0.004170466214418411,0.0,1,0
141,unconditional_sdedit_t2,0.06695447117090225,0.07289037108421326,0.16389378905296326,0.07058821618556976,0.06695447117090225,-0.003633745014667511,0.0,1,0
142,unconditional_sdedit_t2,0.05296086519956589,0.06213866546750069,0.330966979265213,0.053529269993305206,0.05296086519956589,-0.0005684047937393188,0.0,1,0
143,unconditional_sdedit_t2,0.05732161924242973,0.061694320291280746,0.3907536268234253,0.06082773953676224,0.05732161924242973,-0.0035061202943325043,0.0,1,0
144,unconditional_sdedit_t2,0.05577952414751053,0.0625188946723938,0.1592290848493576,0.058723390102386475,0.05577952414751053,-0.002943865954875946,0.0,1,0
145,unconditional_sdedit_t2,0.0628136694431305,0.06780815869569778,0.4130774438381195,0.05548446252942085,0.0628136694431305,0.0073292069137096405,0.0,0,0
146,unconditional_sdedit_t2,0.0776657909154892,0.0831405445933342,0.2650565505027771,0.07215584814548492,0.0776657909154892,0.0055099427700042725,0.0,0,0
147,unconditional_sdedit_t2,0.054874926805496216,0.060197535902261734,0.11730410158634186,0.058708298951387405,0.054874926805496216,-0.0038333721458911896,0.0,1,0
148,unconditional_sdedit_t2,0.07573221623897552,0.08383533358573914,0.2094934582710266,0.0760311409831047,0.07573221623897552,-0.0002989247441291809,0.0,1,0
149,unconditional_sdedit_t2,0.050687648355960846,0.05688773840665817,0.13759739696979523,0.05259985849261284,0.050687648355960846,-0.0019122101366519928,0.0,1,0
150,unconditional_sdedit_t2,0.06064735725522041,0.06908037513494492,0.18474102020263672,0.06264053285121918,0.06064735725522041,-0.001993175595998764,0.0,1,0
151,unconditional_sdedit_t2,0.05477406457066536,0.06346427649259567,0.13166740536689758,0.057472534477710724,0.05477406457066536,-0.0026984699070453644,0.0,1,0
152,unconditional_sdedit_t2,0.06576871126890182,0.07494448870420456,0.13147836923599243,0.06613504141569138,0.06576871126890182,-0.0003663301467895508,0.0,1,0
153,unconditional_sdedit_t2,0.05384068936109543,0.061747848987579346,0.2017965316772461,0.05708067864179611,0.05384068936109543,-0.0032399892807006836,0.0,1,0
154,unconditional_sdedit_t2,0.06329800188541412,0.070538230240345,0.16125355660915375,0.06078441068530083,0.06329800188541412,0.0025135912001132965,0.0,0,0
155,unconditional_sdedit_t2,0.05715391784906387,0.06721529364585876,0.17624719440937042,0.06064096838235855,0.05715391784906387,-0.0034870505332946777,0.0,1,0
156,unconditional_sdedit_t2,0.04023702070116997,0.04719764366745949,0.18403971195220947,0.042232804000377655,0.04023702070116997,-0.0019957832992076874,0.0,1,0
157,unconditional_sdedit_t2,0.05867685005068779,0.06331218034029007,0.2123839259147644,0.06546349823474884,0.05867685005068779,-0.00678664818406105,0.0,1,0
158,unconditional_sdedit_t2,0.06190451979637146,0.07166282832622528,0.18689902126789093,0.06597288697957993,0.06190451979637146,-0.004068367183208466,0.0,1,0
159,unconditional_sdedit_t2,0.06972481310367584,0.07689516991376877,0.19223211705684662,0.07007939368486404,0.06972481310367584,-0.0003545805811882019,0.0,1,0
160,unconditional_sdedit_t2,0.06177279353141785,0.07028232514858246,0.3596076965332031,0.06853477656841278,0.06177279353141785,-0.006761983036994934,0.0,1,0
161,unconditional_sdedit_t2,0.0791662260890007,0.08498893678188324,0.2277347296476364,0.08197537064552307,0.0791662260890007,-0.0028091445565223694,0.0,1,0
162,unconditional_sdedit_t2,0.06370429694652557,0.06862594932317734,0.125372514128685,0.06918779015541077,0.06370429694652557,-0.005483493208885193,0.0,1,0
163,unconditional_sdedit_t2,0.07263775914907455,0.0796712264418602,0.17221876978874207,0.07299311459064484,0.07263775914907455,-0.000355355441570282,0.0,1,0
164,unconditional_sdedit_t2,0.06519506871700287,0.07445275038480759,0.16046440601348877,0.06470252573490143,0.06519506871700287,0.0004925429821014404,0.0,0,0
165,unconditional_sdedit_t2,0.06470518559217453,0.07021453976631165,0.3328225016593933,0.06595510989427567,0.06470518559217453,-0.0012499243021011353,0.0,1,0
166,unconditional_sdedit_t2,0.07050678879022598,0.07556591928005219,0.18788188695907593,0.07392732799053192,0.07050678879022598,-0.0034205392003059387,0.0,1,0
167,unconditional_sdedit_t2,0.05872470140457153,0.0634084939956665,0.3622366487979889,0.062389664351940155,0.05872470140457153,-0.003664962947368622,0.0,1,0
168,unconditional_sdedit_t2,0.06333290040493011,0.06568929553031921,0.2217985838651657,0.0670127123594284,0.06333290040493011,-0.003679811954498291,0.0,1,0
169,unconditional_sdedit_t2,0.05150154232978821,0.058021847158670425,0.13408654928207397,0.0525335893034935,0.05150154232978821,-0.0010320469737052917,0.0,1,0
170,unconditional_sdedit_t2,0.06644164025783539,0.07214860618114471,0.17125403881072998,0.07352592051029205,0.06644164025783539,-0.007084280252456665,0.0,1,0
171,unconditional_sdedit_t2,0.05761592462658882,0.06550212949514389,0.2681843042373657,0.06817080080509186,0.05761592462658882,-0.010554876178503036,0.0,1,0
172,unconditional_sdedit_t2,0.0654531717300415,0.0753980353474617,0.459032267332077,0.06448812782764435,0.0654531717300415,0.0009650439023971558,0.0,0,0
173,unconditional_sdedit_t2,0.05465635657310486,0.0612720362842083,0.14465925097465515,0.05530258268117905,0.05465635657310486,-0.0006462261080741882,0.0,1,0
174,unconditional_sdedit_t2,0.06301553547382355,0.0697745531797409,0.17679363489151,0.0680345892906189,0.06301553547382355,-0.005019053816795349,0.0,1,0
175,unconditional_sdedit_t2,0.06814289093017578,0.07388703525066376,0.1617976874113083,0.06515919417142868,0.06814289093017578,0.002983696758747101,0.0,0,0
176,unconditional_sdedit_t2,0.05899126082658768,0.06500992178916931,0.14015647768974304,0.06126191094517708,0.05899126082658768,-0.0022706501185894012,0.0,1,0
177,unconditional_sdedit_t2,0.06726086139678955,0.0731668770313263,0.203648641705513,0.06333308666944504,0.06726086139678955,0.003927774727344513,0.0,0,0
178,unconditional_sdedit_t2,0.07316802442073822,0.07988180220127106,0.1568193882703781,0.06996317207813263,0.07316802442073822,0.003204852342605591,0.0,0,0
179,unconditional_sdedit_t2,0.05721816420555115,0.06300778687000275,0.1444389522075653,0.05731259658932686,0.05721816420555115,-9.443238377571106e-05,0.0,1,0
180,unconditional_sdedit_t2,0.07601062953472137,0.08185272663831711,0.4383286237716675,0.07600606232881546,0.07601062953472137,4.567205905914307e-06,0.0,0,0
181,unconditional_sdedit_t2,0.06522451341152191,0.07350478321313858,0.1840226948261261,0.06523136049509048,0.06522451341152191,-6.847083568572998e-06,0.0,1,0
182,unconditional_sdedit_t2,0.0647834911942482,0.07172636687755585,0.15417475998401642,0.05938028544187546,0.0647834911942482,0.005403205752372742,0.0,0,0
183,unconditional_sdedit_t2,0.08026652038097382,0.09321048855781555,0.18952341377735138,0.07407162338495255,0.08026652038097382,0.006194896996021271,0.0,0,0
184,unconditional_sdedit_t2,0.0696566104888916,0.07570535689592361,0.19395484030246735,0.0715017318725586,0.0696566104888916,-0.0018451213836669922,0.0,1,0
185,unconditional_sdedit_t2,0.05593245103955269,0.06324625015258789,0.1660173535346985,0.060521721839904785,0.05593245103955269,-0.0045892708003520966,0.0,1,0
186,unconditional_sdedit_t2,0.05914529412984848,0.07042799890041351,0.178657665848732,0.06369609385728836,0.05914529412984848,-0.00455079972743988,0.0,1,0
187,unconditional_sdedit_t2,0.0633501261472702,0.0697697326540947,0.17743262648582458,0.06392177939414978,0.0633501261472702,-0.0005716532468795776,0.0,1,0
188,unconditional_sdedit_t2,0.059943217784166336,0.06799419224262238,0.49838554859161377,0.0653810128569603,0.059943217784166336,-0.005437795072793961,0.0,1,0
189,unconditional_sdedit_t2,0.06407876312732697,0.07682362198829651,0.17554563283920288,0.06656162440776825,0.06407876312732697,-0.002482861280441284,0.0,1,0
190,unconditional_sdedit_t2,0.06681786477565765,0.07881297916173935,0.19421321153640747,0.06759876757860184,0.06681786477565765,-0.0007809028029441833,0.0,1,0
191,unconditional_sdedit_t2,0.05775012820959091,0.06456416845321655,0.4668170213699341,0.06463374197483063,0.05775012820959091,-0.006883613765239716,0.0,1,0
192,unconditional_sdedit_t2,0.05712788179516792,0.06905421614646912,0.16751383244991302,0.05859602615237236,0.05712788179516792,-0.0014681443572044373,0.0,1,0
193,unconditional_sdedit_t2,0.07080189138650894,0.07811389118432999,0.19037050008773804,0.0729748010635376,0.07080189138650894,-0.002172909677028656,0.0,1,0
194,unconditional_sdedit_t2,0.06193128973245621,0.06718355417251587,0.16240890324115753,0.06374062597751617,0.06193128973245621,-0.001809336245059967,0.0,1,0
195,unconditional_sdedit_t2,0.04776886850595474,0.05571020022034645,0.1585882604122162,0.054165881127119064,0.04776886850595474,-0.006397012621164322,0.0,1,0
196,unconditional_sdedit_t2,0.06963903456926346,0.07824762165546417,0.18811877071857452,0.06728403270244598,0.06963903456926346,0.0023550018668174744,0.0,0,0
197,unconditional_sdedit_t2,0.07578673213720322,0.08374456316232681,0.32949575781822205,0.08035345375537872,0.07578673213720322,-0.004566721618175507,0.0,1,0
198,unconditional_sdedit_t2,0.05181989073753357,0.060747113078832626,0.1342645287513733,0.05049503594636917,0.05181989073753357,0.0013248547911643982,0.0,0,0
199,unconditional_sdedit_t2,0.058904193341732025,0.0654880702495575,0.4145714342594147,0.06212310865521431,0.058904193341732025,-0.0032189153134822845,0.0,1,0
0,cond_residual_full,0.04508277028799057,0.0487448126077652,0.15463274717330933,0.05268967151641846,0.047386620193719864,-0.007606901228427887,-0.002303849905729294,1,1
1,cond_residual_full,0.029404332861304283,0.037566523998975754,0.08264750987291336,0.06313766539096832,0.06346938759088516,-0.03373333066701889,-0.03406505286693573,1,1
2,cond_residual_full,0.07619553804397583,0.0776776596903801,0.44829389452934265,0.051779210567474365,0.04479696601629257,0.024416327476501465,0.03139857202768326,0,0
3,cond_residual_full,0.0779067724943161,0.08347555994987488,0.05117228627204895,0.05588671565055847,0.05423701927065849,0.02202005684375763,0.023669753223657608,0,0
4,cond_residual_full,0.0712711364030838,0.07195974886417389,0.028143350034952164,0.05658530071377754,0.05253947526216507,0.01468583568930626,0.01873166114091873,0,0
5,cond_residual_full,0.06457096338272095,0.07223440706729889,0.059782855212688446,0.06796588748693466,0.06385675817728043,-0.0033949241042137146,0.0007142052054405212,1,0
6,cond_residual_full,0.04732222482562065,0.05048440769314766,0.4423612058162689,0.056925155222415924,0.052198491990566254,-0.009602930396795273,-0.004876267164945602,1,1
7,cond_residual_full,0.10151642560958862,0.1035122349858284,0.17518290877342224,0.06172262877225876,0.05677943676710129,0.039793796837329865,0.044736988842487335,0,0
8,cond_residual_full,0.05821871757507324,0.06168602406978607,0.10700804740190506,0.06060759350657463,0.05658552795648575,-0.0023888759315013885,0.001633189618587494,1,0
9,cond_residual_full,0.04636169970035553,0.04767238348722458,0.03612881153821945,0.0659550279378891,0.06458798795938492,-0.01959332823753357,-0.01822628825902939,1,1
10,cond_residual_full,0.03456665575504303,0.03794320672750473,0.04367159307003021,0.05687336251139641,0.0535132959485054,-0.02230670675635338,-0.018946640193462372,1,1
11,cond_residual_full,0.06991676241159439,0.08830089867115021,0.46673256158828735,0.06904856115579605,0.06840251386165619,0.0008682012557983398,0.001514248549938202,0,0
12,cond_residual_full,0.08338611572980881,0.08747925609350204,0.40019306540489197,0.06322519481182098,0.05999799445271492,0.020160920917987823,0.023388121277093887,0,0
13,cond_residual_full,0.07930752635002136,0.0852205902338028,0.032374318689107895,0.07754329591989517,0.07237817347049713,0.0017642304301261902,0.006929352879524231,0,0
14,cond_residual_full,0.0824398472905159,0.08447194844484329,0.09233477711677551,0.0635475218296051,0.06766773015260696,0.018892325460910797,0.014772117137908936,0,0
15,cond_residual_full,0.04717797413468361,0.05103258043527603,0.08124782145023346,0.06149406358599663,0.05707089230418205,-0.014316089451313019,-0.009892918169498444,1,1
16,cond_residual_full,0.04537571594119072,0.04942949861288071,0.052269723266363144,0.0525021068751812,0.04696940258145332,-0.0071263909339904785,-0.0015936866402626038,1,1
17,cond_residual_full,0.06980331987142563,0.0708174854516983,0.05958230048418045,0.06533661484718323,0.07542040944099426,0.004466705024242401,-0.005617089569568634,0,1
18,cond_residual_full,0.07815949618816376,0.08370032906532288,0.1343834400177002,0.06372842937707901,0.058131806552410126,0.014431066811084747,0.02002768963575363,0,0
19,cond_residual_full,0.043236926198005676,0.04633624106645584,0.47808563709259033,0.06326358020305634,0.07403336465358734,-0.02002665400505066,-0.030796438455581665,1,1
20,cond_residual_full,0.05309746786952019,0.058792293071746826,0.04494801163673401,0.05830741673707962,0.05672721937298775,-0.005209948867559433,-0.00362975150346756,1,1
21,cond_residual_full,0.12849333882331848,0.12936946749687195,0.032587967813014984,0.06869306415319443,0.0674474760890007,0.059800274670124054,0.06104586273431778,0,0
22,cond_residual_full,0.05654042214155197,0.06571456789970398,0.03574836626648903,0.06361999362707138,0.06207088753581047,-0.007079571485519409,-0.005530465394258499,1,1
23,cond_residual_full,0.07509676367044449,0.0774184986948967,0.35755428671836853,0.0694975033402443,0.06300424039363861,0.005599260330200195,0.012092523276805878,0,0
24,cond_residual_full,0.04107121378183365,0.05086548998951912,0.038502588868141174,0.06091035529971123,0.060476869344711304,-0.01983914151787758,-0.019405655562877655,1,1
25,cond_residual_full,0.07079382240772247,0.07213794440031052,0.07388053834438324,0.06001255661249161,0.05806099623441696,0.010781265795230865,0.012732826173305511,0,0
26,cond_residual_full,0.06732167303562164,0.06981413066387177,0.04059495031833649,0.06416813284158707,0.05765094235539436,0.0031535401940345764,0.00967073068022728,0,0
27,cond_residual_full,0.04801823943853378,0.04972982034087181,0.04962973669171333,0.053119100630283356,0.05013475567102432,-0.005100861191749573,-0.0021165162324905396,1,1
28,cond_residual_full,0.03827632963657379,0.04300755262374878,0.2750338912010193,0.06145323067903519,0.055255014449357986,-0.023176901042461395,-0.016978684812784195,1,1
29,cond_residual_full,0.040395788848400116,0.043036047369241714,0.1280633807182312,0.04525135084986687,0.04133107140660286,-0.004855562001466751,-0.0009352825582027435,1,1
30,cond_residual_full,0.029312673956155777,0.03233935683965683,0.02742137759923935,0.05629705265164375,0.05774613097310066,-0.026984378695487976,-0.028433457016944885,1,1
31,cond_residual_full,0.04194541648030281,0.043156784027814865,0.03549985587596893,0.06441095471382141,0.05876880884170532,-0.0224655382335186,-0.01682339236140251,1,1
32,cond_residual_full,0.03838697075843811,0.043427709490060806,0.025615625083446503,0.048632748425006866,0.04661046341061592,-0.010245777666568756,-0.00822349265217781,1,1
33,cond_residual_full,0.09176710993051529,0.0951189175248146,0.34114986658096313,0.04978462681174278,0.04694921523332596,0.04198248311877251,0.04481789469718933,0,0
34,cond_residual_full,0.05375788360834122,0.057935696095228195,0.029116693884134293,0.06210090592503548,0.06353264302015305,-0.00834302231669426,-0.009774759411811829,1,1
35,cond_residual_full,0.07887442409992218,0.08340445160865784,0.08695349097251892,0.06946993619203568,0.06550481915473938,0.009404487907886505,0.0133696049451828,0,0
36,cond_residual_full,0.0950198620557785,0.09956478327512741,0.05109722167253494,0.0519719198346138,0.05699991434812546,0.0430479422211647,0.038019947707653046,0,0
37,cond_residual_full,0.03474712744355202,0.03886469826102257,0.031512536108493805,0.054066289216279984,0.05498252063989639,-0.019319161772727966,-0.020235393196344376,1,1
38,cond_residual_full,0.059010107070207596,0.06319265067577362,0.07525308430194855,0.05767141655087471,0.05830905959010124,0.0013386905193328857,0.0007010474801063538,0,0
39,cond_residual_full,0.04439656808972359,0.045902788639068604,0.033066026866436005,0.058270812034606934,0.05720699578523636,-0.013874243944883347,-0.012810427695512772,1,1
40,cond_residual_full,0.04190719127655029,0.047501035034656525,0.04683820903301239,0.06381482630968094,0.059228479862213135,-0.021907635033130646,-0.017321288585662842,1,1
41,cond_residual_full,0.03664323687553406,0.03936469182372093,0.1622655987739563,0.04674428701400757,0.043067172169685364,-0.01010105013847351,-0.006423935294151306,1,1
42,cond_residual_full,0.04676101356744766,0.05299049988389015,0.11353376507759094,0.06890759617090225,0.06586993485689163,-0.02214658260345459,-0.01910892128944397,1,1
43,cond_residual_full,0.047310251742601395,0.050857577472925186,0.49356186389923096,0.05525180697441101,0.049309320747852325,-0.007941555231809616,-0.001999069005250931,1,1
44,cond_residual_full,0.05110406130552292,0.05246180295944214,0.04455455392599106,0.058719534426927567,0.06010277941823006,-0.007615473121404648,-0.008998718112707138,1,1
45,cond_residual_full,0.05419343709945679,0.05530164763331413,0.04247718304395676,0.05506425350904465,0.052240628749132156,-0.0008708164095878601,0.0019528083503246307,1,0
46,cond_residual_full,0.08031830191612244,0.08207468688488007,0.16224545240402222,0.06088675186038017,0.062371738255023956,0.019431550055742264,0.01794656366109848,0,0
47,cond_residual_full,0.08563610911369324,0.09378713369369507,0.03797236084938049,0.05681475251913071,0.05824948474764824,0.02882135659456253,0.027386624366044998,0,0
48,cond_residual_full,0.09154579788446426,0.09219331294298172,0.21075502038002014,0.06416036933660507,0.059942763298749924,0.027385428547859192,0.03160303458571434,0,0
49,cond_residual_full,0.08500094711780548,0.09371700137853622,0.40414971113204956,0.050704699009656906,0.05231960862874985,0.034296248108148575,0.032681338489055634,0,0
50,cond_residual_full,0.05389533191919327,0.06479751318693161,0.04729356989264488,0.06765604764223099,0.06649713218212128,-0.01376071572303772,-0.012601800262928009,1,1
51,cond_residual_full,0.03111744485795498,0.03719703480601311,0.03609073907136917,0.05603696033358574,0.054497383534908295,-0.02491951547563076,-0.023379938676953316,1,1
52,cond_residual_full,0.0684119462966919,0.0703590139746666,0.1336784064769745,0.04654904827475548,0.04397742450237274,0.021862898021936417,0.024434521794319153,0,0
53,cond_residual_full,0.034789662808179855,0.0372517965734005,0.0521264523267746,0.05436959117650986,0.05152921751141548,-0.019579928368330002,-0.016739554703235626,1,1
54,cond_residual_full,0.08465548604726791,0.08583413809537888,0.09707823395729065,0.05588964745402336,0.05241354554891586,0.028765838593244553,0.03224194049835205,0,0
55,cond_residual_full,0.046643152832984924,0.05043402314186096,0.13004857301712036,0.0649377852678299,0.05912049859762192,-0.01829463243484497,-0.012477345764636993,1,1
56,cond_residual_full,0.07338398694992065,0.07402663677930832,0.025595910847187042,0.0474541038274765,0.04686834663152695,0.025929883122444153,0.026515640318393707,0,0
57,cond_residual_full,0.03227243199944496,0.03708440810441971,0.07233471423387527,0.05567995831370354,0.0524483323097229,-0.023407526314258575,-0.02017590031027794,1,1
58,cond_residual_full,0.06097448989748955,0.06386034935712814,0.0364624448120594,0.06290137022733688,0.06125074625015259,-0.0019268803298473358,-0.00027625635266304016,1,1
59,cond_residual_full,0.04114753380417824,0.04604922980070114,0.03501221537590027,0.06501203775405884,0.06448425352573395,-0.0238645039498806,-0.02333671972155571,1,1
60,cond_residual_full,0.08602796494960785,0.08805667608976364,0.23310242593288422,0.07986714690923691,0.08646555244922638,0.006160818040370941,-0.0004375874996185303,0,1
61,cond_residual_full,0.03732544183731079,0.04173838347196579,0.06873096525669098,0.06355413794517517,0.059572983533144,-0.02622869610786438,-0.022247541695833206,1,1
62,cond_residual_full,0.06560424715280533,0.06958708167076111,0.03300582990050316,0.060209810733795166,0.061993181705474854,0.005394436419010162,0.003611065447330475,0,0
63,cond_residual_full,0.053572844713926315,0.05784594640135765,0.05826400965452194,0.06362495571374893,0.06161310151219368,-0.010052110999822617,-0.008040256798267365,1,1
64,cond_residual_full,0.02562009170651436,0.028489353135228157,0.039798736572265625,0.05301336571574211,0.04893536865711212,-0.027393274009227753,-0.023315276950597763,1,1
65,cond_residual_full,0.0722261443734169,0.07415509968996048,0.05345630645751953,0.06843168288469315,0.06356517225503922,0.003794461488723755,0.008660972118377686,0,0
66,cond_residual_full,0.08482817560434341,0.09061957150697708,0.055588655173778534,0.08183147758245468,0.08051754534244537,0.002996698021888733,0.004310630261898041,0,0
67,cond_residual_full,0.05537797883152962,0.06133602559566498,0.05684637278318405,0.04765406250953674,0.04511740058660507,0.007723916321992874,0.010260578244924545,0,0
68,cond_residual_full,0.040105756372213364,0.04938006401062012,0.02950524538755417,0.06450282037258148,0.06344390660524368,-0.02439706400036812,-0.02333815023303032,1,1
69,cond_residual_full,0.0706869587302208,0.0720275342464447,0.13906894624233246,0.06581691652536392,0.06188448145985603,0.0048700422048568726,0.008802477270364761,0,0
70,cond_residual_full,0.034682173281908035,0.040679264813661575,0.20465055108070374,0.06503480672836304,0.06114041060209274,-0.030352633446455002,-0.026458237320184708,1,1
71,cond_residual_full,0.0702895000576973,0.07654447853565216,0.32549574971199036,0.08243260532617569,0.07790100574493408,-0.012143105268478394,-0.007611505687236786,1,1
72,cond_residual_full,0.07768253237009048,0.08863059431314468,0.08782579004764557,0.059163399040699005,0.057292915880680084,0.01851913332939148,0.0203896164894104,0,0
73,cond_residual_full,0.05427849292755127,0.058583926409482956,0.08582723140716553,0.048943597823381424,0.04586131125688553,0.005334895104169846,0.008417181670665741,0,0
74,cond_residual_full,0.03425465151667595,0.0376209132373333,0.3097343444824219,0.05488523095846176,0.05400891229510307,-0.020630579441785812,-0.019754260778427124,1,1
75,cond_residual_full,0.05241703242063522,0.05706578120589256,0.029948512092232704,0.061505354940891266,0.061430513858795166,-0.009088322520256042,-0.009013481438159943,1,1
76,cond_residual_full,0.06787458807229996,0.07257609069347382,0.035875190049409866,0.06336772441864014,0.06255820393562317,0.0045068636536598206,0.005316384136676788,0,0
77,cond_residual_full,0.055926114320755005,0.065090611577034,0.0405714213848114,0.057621002197265625,0.0551779679954052,-0.0016948878765106201,0.0007481463253498077,1,0
78,cond_residual_full,0.04030386731028557,0.04678664356470108,0.029010185971856117,0.055813103914260864,0.05541296675801277,-0.015509236603975296,-0.015109099447727203,1,1
79,cond_residual_full,0.04731782525777817,0.05044610798358917,0.0404571071267128,0.05461578816175461,0.06119605898857117,-0.00729796290397644,-0.013878233730793,1,1
80,cond_residual_full,0.06321903318166733,0.06666654348373413,0.018098874017596245,0.06143757700920105,0.059599995613098145,0.001781456172466278,0.0036190375685691833,0,0
81,cond_residual_full,0.06977523863315582,0.07308661937713623,0.13890129327774048,0.06261061131954193,0.06408657133579254,0.007164627313613892,0.005688667297363281,0,0
82,cond_residual_full,0.04258772358298302,0.048095643520355225,0.13534362614154816,0.06371063739061356,0.05748429149389267,-0.02112291380763054,-0.014896567910909653,1,1
83,cond_residual_full,0.07906727492809296,0.08958244323730469,0.02637018822133541,0.06458045542240143,0.061417825520038605,0.014486819505691528,0.017649449408054352,0,0
84,cond_residual_full,0.060600072145462036,0.06538829952478409,0.22638744115829468,0.06669057905673981,0.06151527911424637,-0.006090506911277771,-0.0009152069687843323,1,1
85,cond_residual_full,0.07640237361192703,0.07964751869440079,0.33977314829826355,0.058885347098112106,0.05503176525235176,0.017517026513814926,0.02137060835957527,0,0
86,cond_residual_full,0.0585162416100502,0.06250914931297302,0.12398115545511246,0.05872054770588875,0.05923238396644592,-0.00020430609583854675,-0.0007161423563957214,1,1
87,cond_residual_full,0.031496547162532806,0.037634529173374176,0.44739288091659546,0.0609772689640522,0.06673810631036758,-0.029480721801519394,-0.03524155914783478,1,1
88,cond_residual_full,0.058887332677841187,0.06171555817127228,0.04880770668387413,0.06288284063339233,0.05980512499809265,-0.0039955079555511475,-0.0009177923202514648,1,1
89,cond_residual_full,0.041350189596414566,0.04287414625287056,0.057202909141778946,0.06404105573892593,0.06562267243862152,-0.022690866142511368,-0.024272482842206955,1,1
90,cond_residual_full,0.04816180095076561,0.05024026706814766,0.3739280700683594,0.06123713403940201,0.061442695558071136,-0.013075333088636398,-0.013280894607305527,1,1
91,cond_residual_full,0.06452451646327972,0.06627207249403,0.03674062341451645,0.07062261551618576,0.07111223042011261,-0.006098099052906036,-0.006587713956832886,1,1
92,cond_residual_full,0.02633366361260414,0.028601180762052536,0.04013223946094513,0.06249571964144707,0.06141924858093262,-0.036162056028842926,-0.035085584968328476,1,1
93,cond_residual_full,0.058798156678676605,0.06147584691643715,0.039809491485357285,0.07992082089185715,0.07513746619224548,-0.021122664213180542,-0.016339309513568878,1,1
94,cond_residual_full,0.08231693506240845,0.0830402821302414,0.2288336157798767,0.06401105225086212,0.057054661214351654,0.018305882811546326,0.025262273848056793,0,0
95,cond_residual_full,0.045757442712783813,0.05102400481700897,0.029473841190338135,0.06344695389270782,0.06146591156721115,-0.01768951117992401,-0.015708468854427338,1,1
96,cond_residual_full,0.027858486399054527,0.033267077058553696,0.04685436561703682,0.05727323889732361,0.05582281947135925,-0.02941475249826908,-0.027964333072304726,1,1
97,cond_residual_full,0.06561382114887238,0.07288684695959091,0.04092532396316528,0.05725973844528198,0.05469636246562004,0.008354082703590393,0.010917458683252335,0,0
98,cond_residual_full,0.06410416960716248,0.0722859650850296,0.07121708989143372,0.06984086334705353,0.06922914832830429,-0.005736693739891052,-0.005124978721141815,1,1
99,cond_residual_full,0.04336024075746536,0.048874031752347946,0.1588379293680191,0.05965913087129593,0.05975158140063286,-0.016298890113830566,-0.016391340643167496,1,1
100,cond_residual_full,0.11435876786708832,0.11538038402795792,0.45435965061187744,0.061298519372940063,0.06733233481645584,0.053060248494148254,0.04702643305063248,0,0
101,cond_residual_full,0.07141856849193573,0.07597251981496811,0.03853728622198105,0.07044897973537445,0.067762091755867,0.0009695887565612793,0.0036564767360687256,0,0
102,cond_residual_full,0.04053853079676628,0.04414145648479462,0.06586552411317825,0.05523790046572685,0.053923677653074265,-0.014699369668960571,-0.013385146856307983,1,1
103,cond_residual_full,0.05907012149691582,0.06185050681233406,0.04514056444168091,0.05866476893424988,0.06090985983610153,0.00040535256266593933,-0.0018397383391857147,0,1
104,cond_residual_full,0.04580286890268326,0.052933190017938614,0.03165893629193306,0.06275846064090729,0.061548035591840744,-0.01695559173822403,-0.015745166689157486,1,1
105,cond_residual_full,0.05259006470441818,0.05628443509340286,0.057371947914361954,0.061939459294080734,0.06388724595308304,-0.009349394589662552,-0.011297181248664856,1,1
106,cond_residual_full,0.10771819204092026,0.11077790707349777,0.049930647015571594,0.07259709388017654,0.06602056324481964,0.03512109816074371,0.041697628796100616,0,0
107,cond_residual_full,0.07835929840803146,0.08035366982221603,0.16320230066776276,0.054060280323028564,0.05070389434695244,0.0242990180850029,0.027655404061079025,0,0
108,cond_residual_full,0.03099006973206997,0.03527294471859932,0.3580387830734253,0.0605158731341362,0.05515333265066147,-0.02952580340206623,-0.0241632629185915,1,1
109,cond_residual_full,0.07525758445262909,0.07623010873794556,0.05285152047872543,0.05685434862971306,0.055438332259655,0.01840323582291603,0.01981925219297409,0,0
110,cond_residual_full,0.030698245391249657,0.03393682464957237,0.3393709361553192,0.053803879767656326,0.04729805141687393,-0.02310563437640667,-0.016599806025624275,1,1
111,cond_residual_full,0.050398360937833786,0.05410479009151459,0.04004529118537903,0.06834503263235092,0.06442736089229584,-0.017946671694517136,-0.014028999954462051,1,1
112,cond_residual_full,0.05419015884399414,0.05981489270925522,0.05079973489046097,0.057756416499614716,0.057729076594114304,-0.003566257655620575,-0.003538917750120163,1,1
113,cond_residual_full,0.08850584179162979,0.09590169042348862,0.3706008195877075,0.07053997367620468,0.07467598468065262,0.01796586811542511,0.013829857110977173,0,0
114,cond_residual_full,0.03188011795282364,0.03492417186498642,0.33850735425949097,0.05028399080038071,0.046408768743276596,-0.018403872847557068,-0.014528650790452957,1,1
115,cond_residual_full,0.08263638615608215,0.08884543180465698,0.4178124666213989,0.069786436855793,0.06863902509212494,0.012849949300289154,0.013997361063957214,0,0
116,cond_residual_full,0.05821380764245987,0.06175151839852333,0.044103048741817474,0.08216828107833862,0.08446866273880005,-0.023954473435878754,-0.02625485509634018,1,1
117,cond_residual_full,0.06119363382458687,0.06836685538291931,0.03197591379284859,0.05175156146287918,0.049333564937114716,0.009442072361707687,0.011860068887472153,0,0
118,cond_residual_full,0.04756037890911102,0.049966394901275635,0.044491201639175415,0.06253249943256378,0.06173434108495712,-0.014972120523452759,-0.0141739621758461,1,1
119,cond_residual_full,0.08951295167207718,0.09041417390108109,0.038314253091812134,0.06780588626861572,0.06830929219722748,0.021707065403461456,0.0212036594748497,0,0
120,cond_residual_full,0.022020447999238968,0.024883776903152466,0.2987516224384308,0.059413619339466095,0.0561603382229805,-0.03739317134022713,-0.03413989022374153,1,1
121,cond_residual_full,0.04263725131750107,0.045663680881261826,0.05251834914088249,0.06543900072574615,0.06267478317022324,-0.022801749408245087,-0.020037531852722168,1,1
122,cond_residual_full,0.09428754448890686,0.09704439342021942,0.5010281801223755,0.067314513027668,0.06392703205347061,0.02697303146123886,0.03036051243543625,0,0
123,cond_residual_full,0.08506432920694351,0.08599121868610382,0.05848526954650879,0.06365425139665604,0.0620860680937767,0.021410077810287476,0.02297826111316681,0,0
124,cond_residual_full,0.047623567283153534,0.05153365805745125,0.07078641653060913,0.07229502499103546,0.06493774801492691,-0.024671457707881927,-0.017314180731773376,1,1
125,cond_residual_full,0.023790504783391953,0.027913928031921387,0.26162683963775635,0.0507008321583271,0.04805511608719826,-0.02691032737493515,-0.024264611303806305,1,1
126,cond_residual_full,0.03570394217967987,0.03935021907091141,0.1306527704000473,0.0687909722328186,0.06655819714069366,-0.03308703005313873,-0.030854254961013794,1,1
127,cond_residual_full,0.051605224609375,0.05791546404361725,0.05276627093553543,0.05025341361761093,0.04960797727108002,0.0013518109917640686,0.001997247338294983,0,0
128,cond_residual_full,0.06889170408248901,0.07268757373094559,0.16053958237171173,0.07547896355390549,0.07467413693666458,-0.006587259471416473,-0.005782432854175568,1,1
129,cond_residual_full,0.02528543211519718,0.029692823067307472,0.25332939624786377,0.0584014467895031,0.051345743238925934,-0.03311601281166077,-0.026060311123728752,1,1
130,cond_residual_full,0.06935387849807739,0.07181376218795776,0.19645430147647858,0.06082163378596306,0.06087726354598999,0.008532244712114334,0.008476614952087402,0,0
131,cond_residual_full,0.07285375148057938,0.07403500378131866,0.3207382559776306,0.0703960657119751,0.06481794267892838,0.0024576857686042786,0.008035808801651001,0,0
132,cond_residual_full,0.04331452399492264,0.04647115617990494,0.03933772072196007,0.057657770812511444,0.05542869493365288,-0.014343246817588806,-0.01211417093873024,1,1
133,cond_residual_full,0.0561109259724617,0.05997030436992645,0.0451543852686882,0.07890082895755768,0.0755254477262497,-0.022789902985095978,-0.019414521753787994,1,1
134,cond_residual_full,0.05122872442007065,0.059998590499162674,0.04019457846879959,0.06966028362512589,0.06544259935617447,-0.018431559205055237,-0.01421387493610382,1,1
135,cond_residual_full,0.09360039979219437,0.09839523583650589,0.09365794062614441,0.06959477066993713,0.07035399973392487,0.024005629122257233,0.0232464000582695,0,0
136,cond_residual_full,0.05717261880636215,0.06357939541339874,0.13323158025741577,0.07904346287250519,0.08111713826656342,-0.021870844066143036,-0.023944519460201263,1,1
137,cond_residual_full,0.056037187576293945,0.06127263978123665,0.037250980734825134,0.06061019375920296,0.06279843300580978,-0.004573006182909012,-0.006761245429515839,1,1
138,cond_residual_full,0.07935818284749985,0.08224014192819595,0.04823443666100502,0.07277632504701614,0.07108217477798462,0.006581857800483704,0.008276008069515228,0,0
139,cond_residual_full,0.039810582995414734,0.042769886553287506,0.06106814369559288,0.05832662433385849,0.05905001237988472,-0.018516041338443756,-0.019239429384469986,1,1
140,cond_residual_full,0.040220461785793304,0.04472514986991882,0.33365339040756226,0.06620535999536514,0.06203489378094673,-0.02598489820957184,-0.021814431995153427,1,1
141,cond_residual_full,0.0501326248049736,0.05153224989771843,0.030161960050463676,0.07058821618556976,0.06695447117090225,-0.02045559138059616,-0.01682184636592865,1,1
142,cond_residual_full,0.0412973128259182,0.04391349479556084,0.276003897190094,0.053529269993305206,0.05296086519956589,-0.012231957167387009,-0.01166355237364769,1,1
143,cond_residual_full,0.036416538059711456,0.04102957248687744,0.29778775572776794,0.06082773953676224,0.05732161924242973,-0.02441120147705078,-0.020905081182718277,1,1
144,cond_residual_full,0.10965994745492935,0.11376920342445374,0.05523623526096344,0.058723390102386475,0.05577952414751053,0.05093655735254288,0.05388042330741882,0,0
145,cond_residual_full,0.04968791455030441,0.052835263311862946,0.3923951983451843,0.05548446252942085,0.0628136694431305,-0.00579654797911644,-0.01312575489282608,1,1
146,cond_residual_full,0.0731002539396286,0.07445547729730606,0.19073748588562012,0.07215584814548492,0.0776657909154892,0.0009444057941436768,-0.004565536975860596,0,1
147,cond_residual_full,0.044964469969272614,0.0512530617415905,0.03434882313013077,0.058708298951387405,0.054874926805496216,-0.013743828982114792,-0.009910456836223602,1,1
148,cond_residual_full,0.051710665225982666,0.0545920804142952,0.05880369246006012,0.0760311409831047,0.07573221623897552,-0.02432047575712204,-0.02402155101299286,1,1
149,cond_residual_full,0.03909118101000786,0.05879697948694229,0.027314702048897743,0.05259985849261284,0.050687648355960846,-0.01350867748260498,-0.011596467345952988,1,1
150,cond_residual_full,0.09524817764759064,0.1024053543806076,0.07978691905736923,0.06264053285121918,0.06064735725522041,0.03260764479637146,0.034600820392370224,0,0
151,cond_residual_full,0.048738159239292145,0.05842885002493858,0.05285297706723213,0.057472534477710724,0.05477406457066536,-0.008734375238418579,-0.006035905331373215,1,1
152,cond_residual_full,0.06523804366588593,0.07390734553337097,0.032572656869888306,0.06613504141569138,0.06576871126890182,-0.0008969977498054504,-0.0005306676030158997,1,1
153,cond_residual_full,0.05600286275148392,0.05946275219321251,0.07714172452688217,0.05708067864179611,0.05384068936109543,-0.0010778158903121948,0.0021621733903884888,1,0
154,cond_residual_full,0.12940318882465363,0.13504140079021454,0.029931524768471718,0.06078441068530083,0.06329800188541412,0.0686187744140625,0.0661051869392395,0,0
155,cond_residual_full,0.0581989511847496,0.05989852547645569,0.025424357503652573,0.06064096838235855,0.05715391784906387,-0.0024420171976089478,0.00104503333568573,1,0
156,cond_residual_full,0.038438986986875534,0.0420517772436142,0.10952054709196091,0.042232804000377655,0.04023702070116997,-0.003793817013502121,-0.0017980337142944336,1,1
157,cond_residual_full,0.03641863912343979,0.04198175668716431,0.14288409054279327,0.06546349823474884,0.05867685005068779,-0.02904485911130905,-0.022258210927248,1,1
158,cond_residual_full,0.054453469812870026,0.05908478796482086,0.06488820910453796,0.06597288697957993,0.06190451979637146,-0.0115194171667099,-0.007451049983501434,1,1
159,cond_residual_full,0.06087347865104675,0.06648068875074387,0.05412140116095543,0.07007939368486404,0.06972481310367584,-0.009205915033817291,-0.00885133445262909,1,1
160,cond_residual_full,0.08491698652505875,0.08926835656166077,0.2743247449398041,0.06853477656841278,0.06177279353141785,0.016382209956645966,0.0231441929936409,0,0
161,cond_residual_full,0.06279414892196655,0.07005268335342407,0.10402332991361618,0.08197537064552307,0.0791662260890007,-0.01918122172355652,-0.01637207716703415,1,1
162,cond_residual_full,0.07593526691198349,0.09029484540224075,0.0260025467723608,0.06918779015541077,0.06370429694652557,0.006747476756572723,0.012230969965457916,0,0
163,cond_residual_full,0.08641339838504791,0.08861850202083588,0.04499243199825287,0.07299311459064484,0.07263775914907455,0.013420283794403076,0.013775639235973358,0,0
164,cond_residual_full,0.04736822098493576,0.051925402134656906,0.03043312579393387,0.06470252573490143,0.06519506871700287,-0.017334304749965668,-0.017826847732067108,1,1
165,cond_residual_full,0.055229611694812775,0.05644213408231735,0.29782506823539734,0.06595510989427567,0.06470518559217453,-0.01072549819946289,-0.009475573897361755,1,1
166,cond_residual_full,0.03417344391345978,0.040174808353185654,0.0355350486934185,0.07392732799053192,0.07050678879022598,-0.039753884077072144,-0.036333344876766205,1,1
167,cond_residual_full,0.06805519014596939,0.07308521866798401,0.3362073302268982,0.062389664351940155,0.05872470140457153,0.005665525794029236,0.009330488741397858,0,0
168,cond_residual_full,0.11710083484649658,0.12248818576335907,0.14550946652889252,0.0670127123594284,0.06333290040493011,0.050088122487068176,0.05376793444156647,0,0
169,cond_residual_full,0.017494186758995056,0.0224415622651577,0.05275922268629074,0.0525335893034935,0.05150154232978821,-0.035039402544498444,-0.03400735557079315,1,1
170,cond_residual_full,0.08722452819347382,0.0887727364897728,0.055447302758693695,0.07352592051029205,0.06644164025783539,0.013698607683181763,0.020782887935638428,0,0
171,cond_residual_full,0.04664640501141548,0.05139857530593872,0.13737516105175018,0.06817080080509186,0.05761592462658882,-0.021524395793676376,-0.01096951961517334,1,1
172,cond_residual_full,0.048969995230436325,0.05343274027109146,0.38721901178359985,0.06448812782764435,0.0654531717300415,-0.015518132597208023,-0.01648317649960518,1,1
173,cond_residual_full,0.03129391372203827,0.03358229249715805,0.03781202808022499,0.05530258268117905,0.05465635657310486,-0.024008668959140778,-0.02336244285106659,1,1
174,cond_residual_full,0.08600547164678574,0.08670581877231598,0.04709106683731079,0.0680345892906189,0.06301553547382355,0.01797088235616684,0.02298993617296219,0,0
175,cond_residual_full,0.06254595518112183,0.06773130595684052,0.024127371609210968,0.06515919417142868,0.06814289093017578,-0.0026132389903068542,-0.005596935749053955,1,1
176,cond_residual_full,0.0808209627866745,0.08542277663946152,0.025712229311466217,0.06126191094517708,0.05899126082658768,0.01955905184149742,0.021829701960086823,0,0
177,cond_residual_full,0.04312294349074364,0.048847001045942307,0.1305222511291504,0.06333308666944504,0.06726086139678955,-0.0202101431787014,-0.024137917906045914,1,1
178,cond_residual_full,0.043745238333940506,0.04797166585922241,0.02996167540550232,0.06996317207813263,0.07316802442073822,-0.026217933744192123,-0.029422786086797714,1,1
179,cond_residual_full,0.05342656373977661,0.05748860165476799,0.046734247356653214,0.05731259658932686,0.05721816420555115,-0.003886032849550247,-0.003791600465774536,1,1
180,cond_residual_full,0.044257234781980515,0.047932639718055725,0.3680253028869629,0.07600606232881546,0.07601062953472137,-0.031748827546834946,-0.03175339475274086,1,1
181,cond_residual_full,0.03233466297388077,0.03517625480890274,0.043668922036886215,0.06523136049509048,0.06522451341152191,-0.03289669752120972,-0.032889850437641144,1,1
182,cond_residual_full,0.025172138586640358,0.026617465540766716,0.04297274351119995,0.05938028544187546,0.0647834911942482,-0.03420814871788025,-0.03961135447025299,1,1
183,cond_residual_full,0.053478796035051346,0.056204844266176224,0.054992690682411194,0.07407162338495255,0.08026652038097382,-0.0205928273499012,-0.02678772434592247,1,1
184,cond_residual_full,0.096369169652462,0.09739021211862564,0.06869545578956604,0.0715017318725586,0.0696566104888916,0.024867437779903412,0.026712559163570404,0,0
185,cond_residual_full,0.11390844732522964,0.11455771327018738,0.03908021003007889,0.060521721839904785,0.05593245103955269,0.05338672548532486,0.057975996285676956,0,0
186,cond_residual_full,0.046769507229328156,0.051444120705127716,0.0580834299325943,0.06369609385728836,0.05914529412984848,-0.016926586627960205,-0.012375786900520325,1,1
187,cond_residual_full,0.04638312757015228,0.051127467304468155,0.06025402247905731,0.06392177939414978,0.0633501261472702,-0.017538651823997498,-0.01696699857711792,1,1
188,cond_residual_full,0.036675408482551575,0.041698042303323746,0.46047109365463257,0.0653810128569603,0.059943217784166336,-0.028705604374408722,-0.02326780930161476,1,1
189,cond_residual_full,0.09471818059682846,0.09863287955522537,0.030011475086212158,0.06656162440776825,0.06407876312732697,0.02815655618906021,0.030639417469501495,0,0
190,cond_residual_full,0.09300684928894043,0.0963967964053154,0.041693948209285736,0.06759876757860184,0.06681786477565765,0.025408081710338593,0.026188984513282776,0,0
191,cond_residual_full,0.037393197417259216,0.042794834822416306,0.4230195879936218,0.06463374197483063,0.05775012820959091,-0.02724054455757141,-0.020356930792331696,1,1
192,cond_residual_full,0.05697432905435562,0.05974964424967766,0.02735055983066559,0.05859602615237236,0.05712788179516792,-0.001621697098016739,-0.00015355274081230164,1,1
193,cond_residual_full,0.06451693922281265,0.07638204842805862,0.044502876698970795,0.0729748010635376,0.07080189138650894,-0.008457861840724945,-0.006284952163696289,1,1
194,cond_residual_full,0.04398871585726738,0.04859119653701782,0.028077593073248863,0.06374062597751617,0.06193128973245621,-0.019751910120248795,-0.017942573875188828,1,1
195,cond_residual_full,0.04858817160129547,0.050381895154714584,0.033335719257593155,0.054165881127119064,0.04776886850595474,-0.005577709525823593,0.0008193030953407288,1,0
196,cond_residual_full,0.0409516915678978,0.04715541750192642,0.04524610564112663,0.06728403270244598,0.06963903456926346,-0.026332341134548187,-0.02868734300136566,1,1
197,cond_residual_full,0.05360773205757141,0.05714097619056702,0.2591724991798401,0.08035345375537872,0.07578673213720322,-0.026745721697807312,-0.022179000079631805,1,1
198,cond_residual_full,0.030585607513785362,0.03577682003378868,0.07111959904432297,0.05049503594636917,0.05181989073753357,-0.01990942843258381,-0.021234283223748207,1,1
199,cond_residual_full,0.0816655158996582,0.08242712169885635,0.3246728181838989,0.06212310865521431,0.058904193341732025,0.019542407244443893,0.022761322557926178,0,0
0,cond_residual_t20,0.06381252408027649,0.06639068573713303,0.1697424203157425,0.05268967151641846,0.047386620193719864,0.011122852563858032,0.016425903886556625,0,0
1,cond_residual_t20,0.0379650704562664,0.04468533769249916,0.11758775264024734,0.06313766539096832,0.06346938759088516,-0.02517259493470192,-0.02550431713461876,1,1
2,cond_residual_t20,0.0864875465631485,0.08882305026054382,0.4587191343307495,0.051779210567474365,0.04479696601629257,0.03470833599567413,0.041690580546855927,0,0
3,cond_residual_t20,0.04602774232625961,0.05165836587548256,0.08586295694112778,0.05588671565055847,0.05423701927065849,-0.009858973324298859,-0.00820927694439888,1,1
4,cond_residual_t20,0.04014184698462486,0.044533051550388336,0.05426829680800438,0.05658530071377754,0.05253947526216507,-0.01644345372915268,-0.012397628277540207,1,1
5,cond_residual_t20,0.04236813634634018,0.04817959666252136,0.08351899683475494,0.06796588748693466,0.06385675817728043,-0.025597751140594482,-0.021488621830940247,1,1
6,cond_residual_t20,0.06543301790952682,0.0674363449215889,0.4448945224285126,0.056925155222415924,0.052198491990566254,0.008507862687110901,0.013234525918960571,0,0
7,cond_residual_t20,0.04933571070432663,0.05229898542165756,0.18888910114765167,0.06172262877225876,0.05677943676710129,-0.012386918067932129,-0.007443726062774658,1,1
8,cond_residual_t20,0.05269606038928032,0.05716980621218681,0.11934542655944824,0.06060759350657463,0.05658552795648575,-0.007911533117294312,-0.003889467567205429,1,1
9,cond_residual_t20,0.08199115097522736,0.08889990299940109,0.15354172885417938,0.0659550279378891,0.06458798795938492,0.016036123037338257,0.017403163015842438,0,0
10,cond_residual_t20,0.04006509482860565,0.043936312198638916,0.0603976771235466,0.05687336251139641,0.0535132959485054,-0.016808267682790756,-0.01344820111989975,1,1
11,cond_residual_t20,0.06759251654148102,0.09318486601114273,0.47958776354789734,0.06904856115579605,0.06840251386165619,-0.001456044614315033,-0.0008099973201751709,1,1
12,cond_residual_t20,0.064051553606987,0.07921559363603592,0.4166751503944397,0.06322519481182098,0.05999799445271492,0.0008263587951660156,0.0040535591542720795,0,0
13,cond_residual_t20,0.06316633522510529,0.06978357583284378,0.118120938539505,0.07754329591989517,0.07237817347049713,-0.014376960694789886,-0.009211838245391846,1,1
14,cond_residual_t20,0.06373920291662216,0.0668603926897049,0.10661330074071884,0.0635475218296051,0.06766773015260696,0.00019168108701705933,-0.003928527235984802,0,1
15,cond_residual_t20,0.039401378482580185,0.044689033180475235,0.09256312996149063,0.06149406358599663,0.05707089230418205,-0.022092685103416443,-0.017669513821601868,1,1
16,cond_residual_t20,0.061116188764572144,0.07073570042848587,0.11485135555267334,0.0525021068751812,0.04696940258145332,0.008614081889390945,0.01414678618311882,0,0
17,cond_residual_t20,0.05183650180697441,0.05945059657096863,0.11183767765760422,0.06533661484718323,0.07542040944099426,-0.013500113040208817,-0.02358390763401985,1,1
18,cond_residual_t20,0.028750766068696976,0.033864911645650864,0.16431862115859985,0.06372842937707901,0.058131806552410126,-0.034977663308382034,-0.02938104048371315,1,1
19,cond_residual_t20,0.039473675191402435,0.046271421015262604,0.5116426944732666,0.06326358020305634,0.07403336465358734,-0.0237899050116539,-0.034559689462184906,1,1
20,cond_residual_t20,0.050200313329696655,0.0529547818005085,0.065135158598423,0.05830741673707962,0.05672721937298775,-0.008107103407382965,-0.006526906043291092,1,1
21,cond_residual_t20,0.05760329216718674,0.06707394123077393,0.09249965101480484,0.06869306415319443,0.0674474760890007,-0.01108977198600769,-0.009844183921813965,1,1
22,cond_residual_t20,0.05225623399019241,0.05939711257815361,0.11415988951921463,0.06361999362707138,0.06207088753581047,-0.011363759636878967,-0.009814653545618057,1,1
23,cond_residual_t20,0.05019613355398178,0.05653093382716179,0.37138521671295166,0.0694975033402443,0.06300424039363861,-0.019301369786262512,-0.01280810683965683,1,1
24,cond_residual_t20,0.04738569259643555,0.052896302193403244,0.0997898057103157,0.06091035529971123,0.060476869344711304,-0.01352466270327568,-0.013091176748275757,1,1
25,cond_residual_t20,0.06074228137731552,0.06530517339706421,0.11560232192277908,0.06001255661249161,0.05806099623441696,0.0007297247648239136,0.0026812851428985596,0,0
26,cond_residual_t20,0.06685081869363785,0.07431847602128983,0.07119616866111755,0.06416813284158707,0.05765094235539436,0.0026826858520507812,0.009199876338243484,0,0
27,cond_residual_t20,0.04533408209681511,0.048764992505311966,0.09749134629964828,0.053119100630283356,0.05013475567102432,-0.0077850185334682465,-0.004800673574209213,1,1
28,cond_residual_t20,0.036296699196100235,0.04718577489256859,0.28143826127052307,0.06145323067903519,0.055255014449357986,-0.025156531482934952,-0.01895831525325775,1,1
29,cond_residual_t20,0.02443968877196312,0.028141163289546967,0.13583458960056305,0.04525135084986687,0.04133107140660286,-0.020811662077903748,-0.01689138263463974,1,1
30,cond_residual_t20,0.05338059738278389,0.058337267488241196,0.12333931028842926,0.05629705265164375,0.05774613097310066,-0.0029164552688598633,-0.0043655335903167725,1,1
31,cond_residual_t20,0.042734645307064056,0.04533084109425545,0.06420847773551941,0.06441095471382141,0.05876880884170532,-0.021676309406757355,-0.016034163534641266,1,1
32,cond_residual_t20,0.04473453387618065,0.05339835584163666,0.08200033009052277,0.048632748425006866,0.04661046341061592,-0.0038982145488262177,-0.0018759295344352722,1,1
33,cond_residual_t20,0.08492304384708405,0.08892641961574554,0.36015963554382324,0.04978462681174278,0.04694921523332596,0.03513841703534126,0.03797382861375809,0,0
34,cond_residual_t20,0.05039157345890999,0.05539264157414436,0.10036403685808182,0.06210090592503548,0.06353264302015305,-0.011709332466125488,-0.013141069561243057,1,1
35,cond_residual_t20,0.05765770003199577,0.062240954488515854,0.10392680764198303,0.06946993619203568,0.06550481915473938,-0.011812236160039902,-0.007847119122743607,1,1
36,cond_residual_t20,0.09551481902599335,0.10044688731431961,0.07729904353618622,0.0519719198346138,0.05699991434812546,0.04354289919137955,0.03851490467786789,0,0
37,cond_residual_t20,0.04323909431695938,0.05213113874197006,0.06143716350197792,0.054066289216279984,0.05498252063989639,-0.010827194899320602,-0.011743426322937012,1,1
38,cond_residual_t20,0.05968958139419556,0.06670325249433517,0.10265684127807617,0.05767141655087471,0.05830905959010124,0.0020181648433208466,0.0013805218040943146,0,0
39,cond_residual_t20,0.05241113156080246,0.05742330849170685,0.053248319774866104,0.058270812034606934,0.05720699578523636,-0.005859680473804474,-0.004795864224433899,1,1
40,cond_residual_t20,0.045084964483976364,0.05131768807768822,0.06310182809829712,0.06381482630968094,0.059228479862213135,-0.018729861825704575,-0.01414351537823677,1,1
41,cond_residual_t20,0.02629229798913002,0.032025329768657684,0.17018328607082367,0.04674428701400757,0.043067172169685364,-0.020451989024877548,-0.016774874180555344,1,1
42,cond_residual_t20,0.07330960035324097,0.08105698972940445,0.1280200183391571,0.06890759617090225,0.06586993485689163,0.004402004182338715,0.007439665496349335,0,0
43,cond_residual_t20,0.039804212749004364,0.04352979734539986,0.4996888339519501,0.05525180697441101,0.049309320747852325,-0.015447594225406647,-0.009505107998847961,1,1
44,cond_residual_t20,0.04416251927614212,0.04759461060166359,0.08198864012956619,0.058719534426927567,0.06010277941823006,-0.014557015150785446,-0.015940260142087936,1,1
45,cond_residual_t20,0.06610915064811707,0.07190307229757309,0.09314440935850143,0.05506425350904465,0.052240628749132156,0.011044897139072418,0.013868521898984909,0,0
46,cond_residual_t20,0.0486079640686512,0.050445277243852615,0.16305160522460938,0.06088675186038017,0.062371738255023956,-0.012278787791728973,-0.013763774186372757,1,1
47,cond_residual_t20,0.08497313410043716,0.09881014376878738,0.06440791487693787,0.05681475251913071,0.05824948474764824,0.028158381581306458,0.026723649352788925,0,0
48,cond_residual_t20,0.04706517234444618,0.0508168488740921,0.25100910663604736,0.06416036933660507,0.059942763298749924,-0.01709519699215889,-0.012877590954303741,1,1
49,cond_residual_t20,0.09440552443265915,0.10087394714355469,0.3985702693462372,0.050704699009656906,0.05231960862874985,0.04370082542300224,0.0420859158039093,0,0
50,cond_residual_t20,0.05815678834915161,0.06957310438156128,0.07752883434295654,0.06765604764223099,0.06649713218212128,-0.009499259293079376,-0.008340343832969666,1,1
51,cond_residual_t20,0.0479392446577549,0.050701454281806946,0.07429026812314987,0.05603696033358574,0.054497383534908295,-0.008097715675830841,-0.006558138877153397,1,1
52,cond_residual_t20,0.031866952776908875,0.035486187785863876,0.15537139773368835,0.04654904827475548,0.04397742450237274,-0.014682095497846603,-0.012110471725463867,1,1
53,cond_residual_t20,0.030973512679338455,0.035576704889535904,0.07207749038934708,0.05436959117650986,0.05152921751141548,-0.023396078497171402,-0.020555704832077026,1,1
54,cond_residual_t20,0.06339994817972183,0.06704231351613998,0.10505536943674088,0.05588964745402336,0.05241354554891586,0.007510300725698471,0.01098640263080597,0,0
55,cond_residual_t20,0.07925403863191605,0.08355201780796051,0.1458306759595871,0.0649377852678299,0.05912049859762192,0.014316253364086151,0.02013354003429413,0,0
56,cond_residual_t20,0.07841737568378448,0.0817682296037674,0.0646233782172203,0.0474541038274765,0.04686834663152695,0.030963271856307983,0.03154902905225754,0,0
57,cond_residual_t20,0.042606305330991745,0.048256054520606995,0.11082106083631516,0.05567995831370354,0.0524483323097229,-0.013073652982711792,-0.009842026978731155,1,1
58,cond_residual_t20,0.051784634590148926,0.05651271343231201,0.06539705395698547,0.06290137022733688,0.06125074625015259,-0.011116735637187958,-0.009466111660003662,1,1
59,cond_residual_t20,0.05466093495488167,0.06166410446166992,0.10029598325490952,0.06501203775405884,0.06448425352573395,-0.01035110279917717,-0.00982331857085228,1,1
60,cond_residual_t20,0.06431867927312851,0.07329073548316956,0.28724727034568787,0.07986714690923691,0.08646555244922638,-0.015548467636108398,-0.02214687317609787,1,1
61,cond_residual_t20,0.04314965754747391,0.04719206318259239,0.0905008614063263,0.06355413794517517,0.059572983533144,-0.020404480397701263,-0.01642332598567009,1,1
62,cond_residual_t20,0.054868560284376144,0.06272272765636444,0.08994345366954803,0.060209810733795166,0.061993181705474854,-0.005341250449419022,-0.007124621421098709,1,1
63,cond_residual_t20,0.057391393929719925,0.06103486567735672,0.08383750170469284,0.06362495571374893,0.06161310151219368,-0.006233561784029007,-0.004221707582473755,1,1
64,cond_residual_t20,0.05745015665888786,0.06411879509687424,0.07289551198482513,0.05301336571574211,0.04893536865711212,0.004436790943145752,0.008514788001775742,0,0
65,cond_residual_t20,0.07124058902263641,0.07494094222784042,0.11289886385202408,0.06843168288469315,0.06356517225503922,0.002808906137943268,0.0076754167675971985,0,0
66,cond_residual_t20,0.06495256721973419,0.07279632985591888,0.13401775062084198,0.08183147758245468,0.08051754534244537,-0.01687891036272049,-0.015564978122711182,1,1
67,cond_residual_t20,0.06726866960525513,0.07181984186172485,0.06845171004533768,0.04765406250953674,0.04511740058660507,0.019614607095718384,0.022151269018650055,0,0
68,cond_residual_t20,0.056452833116054535,0.06364747881889343,0.11351799964904785,0.06450282037258148,0.06344390660524368,-0.008049987256526947,-0.006991073489189148,1,1
69,cond_residual_t20,0.05037464573979378,0.05506144464015961,0.16038139164447784,0.06581691652536392,0.06188448145985603,-0.015442270785570145,-0.011509835720062256,1,1
70,cond_residual_t20,0.05500160902738571,0.05986107885837555,0.2117951512336731,0.06503480672836304,0.06114041060209274,-0.010033197700977325,-0.006138801574707031,1,1
71,cond_residual_t20,0.05421129986643791,0.06186765059828758,0.35073596239089966,0.08243260532617569,0.07790100574493408,-0.028221305459737778,-0.02368970587849617,1,1
72,cond_residual_t20,0.04715907573699951,0.05604075640439987,0.10130295157432556,0.059163399040699005,0.057292915880680084,-0.012004323303699493,-0.010133840143680573,1,1
73,cond_residual_t20,0.032450951635837555,0.03930848091840744,0.10358753800392151,0.048943597823381424,0.04586131125688553,-0.01649264618754387,-0.013410359621047974,1,1
74,cond_residual_t20,0.03962598741054535,0.04438871145248413,0.33263811469078064,0.05488523095846176,0.05400891229510307,-0.015259243547916412,-0.014382924884557724,1,1
75,cond_residual_t20,0.052571892738342285,0.059392768889665604,0.09515558183193207,0.061505354940891266,0.061430513858795166,-0.00893346220254898,-0.00885862112045288,1,1
76,cond_residual_t20,0.05414190888404846,0.05804935470223427,0.10218338668346405,0.06336772441864014,0.06255820393562317,-0.009225815534591675,-0.008416295051574707,1,1
77,cond_residual_t20,0.04751437157392502,0.0532115139067173,0.10033991187810898,0.057621002197265625,0.0551779679954052,-0.010106630623340607,-0.007663596421480179,1,1
78,cond_residual_t20,0.05090392380952835,0.05649152025580406,0.07239512354135513,0.055813103914260864,0.05541296675801277,-0.004909180104732513,-0.004509042948484421,1,1
79,cond_residual_t20,0.04969975724816322,0.052850086241960526,0.09365543723106384,0.05461578816175461,0.06119605898857117,-0.004916030913591385,-0.011496301740407944,1,1
80,cond_residual_t20,0.05711418390274048,0.06388143450021744,0.10454636067152023,0.06143757700920105,0.059599995613098145,-0.004323393106460571,-0.002485811710357666,1,1
81,cond_residual_t20,0.04699774831533432,0.05331448093056679,0.16003473103046417,0.06261061131954193,0.06408657133579254,-0.015612863004207611,-0.01708882302045822,1,1
82,cond_residual_t20,0.05772530287504196,0.06280327588319778,0.17637771368026733,0.06371063739061356,0.05748429149389267,-0.005985334515571594,0.000241011381149292,1,0
83,cond_residual_t20,0.05827341601252556,0.06932137906551361,0.07896015048027039,0.06458045542240143,0.061417825520038605,-0.00630703940987587,-0.0031444095075130463,1,1
84,cond_residual_t20,0.05428417772054672,0.05848581716418266,0.29757755994796753,0.06669057905673981,0.06151527911424637,-0.012406401336193085,-0.007231101393699646,1,1
85,cond_residual_t20,0.08649643510580063,0.0893765315413475,0.3727419972419739,0.058885347098112106,0.05503176525235176,0.027611088007688522,0.03146466985344887,0,0
86,cond_residual_t20,0.05184214189648628,0.057020656764507294,0.13532103598117828,0.05872054770588875,0.05923238396644592,-0.006878405809402466,-0.0073902420699596405,1,1
87,cond_residual_t20,0.08875961601734161,0.10725382715463638,0.4710880517959595,0.0609772689640522,0.06673810631036758,0.027782347053289413,0.02202150970697403,0,0
88,cond_residual_t20,0.08379226922988892,0.09199008345603943,0.10260632634162903,0.06288284063339233,0.05980512499809265,0.020909428596496582,0.023987144231796265,0,0
89,cond_residual_t20,0.06318067014217377,0.06724878400564194,0.09625793993473053,0.06404105573892593,0.06562267243862152,-0.0008603855967521667,-0.002442002296447754,1,1
90,cond_residual_t20,0.036682795733213425,0.04369639977812767,0.357204794883728,0.06123713403940201,0.061442695558071136,-0.024554338306188583,-0.024759899824857712,1,1
91,cond_residual_t20,0.09320341050624847,0.10164128243923187,0.10705379396677017,0.07062261551618576,0.07111223042011261,0.022580794990062714,0.022091180086135864,0,0
92,cond_residual_t20,0.03959127143025398,0.04305296018719673,0.07258164137601852,0.06249571964144707,0.06141924858093262,-0.022904448211193085,-0.021827977150678635,1,1
93,cond_residual_t20,0.07009517401456833,0.07422731071710587,0.08819083869457245,0.07992082089185715,0.07513746619224548,-0.009825646877288818,-0.0050422921776771545,1,1
94,cond_residual_t20,0.03951927274465561,0.04311955347657204,0.2382659614086151,0.06401105225086212,0.057054661214351654,-0.024491779506206512,-0.017535388469696045,1,1
95,cond_residual_t20,0.04729406535625458,0.055377859622240067,0.12345071882009506,0.06344695389270782,0.06146591156721115,-0.016152888536453247,-0.014171846210956573,1,1
96,cond_residual_t20,0.04436543956398964,0.04824742674827576,0.0758969709277153,0.05727323889732361,0.05582281947135925,-0.012907799333333969,-0.011457379907369614,1,1
97,cond_residual_t20,0.038510970771312714,0.04680800065398216,0.06239087134599686,0.05725973844528198,0.05469636246562004,-0.01874876767396927,-0.016185391694307327,1,1
98,cond_residual_t20,0.06616032123565674,0.07184682786464691,0.08006502687931061,0.06984086334705353,0.06922914832830429,-0.0036805421113967896,-0.0030688270926475525,1,1
99,cond_residual_t20,0.04362265765666962,0.051386673003435135,0.1745223104953766,0.05965913087129593,0.05975158140063286,-0.016036473214626312,-0.01612892374396324,1,1
100,cond_residual_t20,0.11192576587200165,0.11731362342834473,0.5087597370147705,0.061298519372940063,0.06733233481645584,0.050627246499061584,0.04459343105554581,0,0
101,cond_residual_t20,0.08606971800327301,0.09749377518892288,0.096137635409832,0.07044897973537445,0.067762091755867,0.01562073826789856,0.018307626247406006,0,0
102,cond_residual_t20,0.05756114050745964,0.06375126540660858,0.07768762111663818,0.05523790046572685,0.053923677653074265,0.002323240041732788,0.003637462854385376,0,0
103,cond_residual_t20,0.06430976092815399,0.07357020676136017,0.12945522367954254,0.05866476893424988,0.06090985983610153,0.005644991993904114,0.0033999010920524597,0,0
104,cond_residual_t20,0.04974658787250519,0.05587617680430412,0.10731060057878494,0.06275846064090729,0.061548035591840744,-0.0130118727684021,-0.011801447719335556,1,1
105,cond_residual_t20,0.06542905420064926,0.07348177582025528,0.12577171623706818,0.061939459294080734,0.06388724595308304,0.0034895949065685272,0.0015418082475662231,0,0
106,cond_residual_t20,0.06556650251150131,0.07056114822626114,0.07062125205993652,0.07259709388017654,0.06602056324481964,-0.007030591368675232,-0.00045406073331832886,1,1
107,cond_residual_t20,0.03414629399776459,0.04114329069852829,0.17284925282001495,0.054060280323028564,0.05070389434695244,-0.019913986325263977,-0.01655760034918785,1,1
108,cond_residual_t20,0.07657881826162338,0.08209298551082611,0.4083573818206787,0.0605158731341362,0.05515333265066147,0.016062945127487183,0.021425485610961914,0,0
109,cond_residual_t20,0.05352424830198288,0.05743023380637169,0.07160245627164841,0.05685434862971306,0.055438332259655,-0.003330100327730179,-0.0019140839576721191,1,1
110,cond_residual_t20,0.02222782000899315,0.025965573266148567,0.36809593439102173,0.053803879767656326,0.04729805141687393,-0.03157605975866318,-0.025070231407880783,1,1
111,cond_residual_t20,0.04626653343439102,0.04928753897547722,0.061003878712654114,0.06834503263235092,0.06442736089229584,-0.0220784991979599,-0.018160827457904816,1,1
112,cond_residual_t20,0.04627757519483566,0.05118322744965553,0.06820458173751831,0.057756416499614716,0.057729076594114304,-0.011478841304779053,-0.01145150139927864,1,1
113,cond_residual_t20,0.05964602157473564,0.06715758144855499,0.3757094144821167,0.07053997367620468,0.07467598468065262,-0.01089395210146904,-0.015029963105916977,1,1
114,cond_residual_t20,0.026766082271933556,0.030970314517617226,0.3490276634693146,0.05028399080038071,0.046408768743276596,-0.02351790852844715,-0.01964268647134304,1,1
115,cond_residual_t20,0.08807393163442612,0.09993048012256622,0.4365674555301666,0.069786436855793,0.06863902509212494,0.018287494778633118,0.019434906542301178,0,0
116,cond_residual_t20,0.0654461607336998,0.06986811757087708,0.1329611986875534,0.08216828107833862,0.08446866273880005,-0.016722120344638824,-0.01902250200510025,1,1
117,cond_residual_t20,0.04782184585928917,0.05222678929567337,0.07779297232627869,0.05175156146287918,0.049333564937114716,-0.003929715603590012,-0.0015117190778255463,1,1
118,cond_residual_t20,0.047892484813928604,0.05068599805235863,0.0676015317440033,0.06253249943256378,0.06173434108495712,-0.014640014618635178,-0.013841856271028519,1,1
119,cond_residual_t20,0.06337366998195648,0.06800483912229538,0.07940921932458878,0.06780588626861572,0.06830929219722748,-0.004432216286659241,-0.004935622215270996,1,1
120,cond_residual_t20,0.037059977650642395,0.04092175513505936,0.3343847990036011,0.059413619339466095,0.0561603382229805,-0.0223536416888237,-0.019100360572338104,1,1
121,cond_residual_t20,0.05491158366203308,0.061570048332214355,0.15128856897354126,0.06543900072574615,0.06267478317022324,-0.010527417063713074,-0.007763199508190155,1,1
122,cond_residual_t20,0.07193052768707275,0.07557427138090134,0.4915010631084442,0.067314513027668,0.06392703205347061,0.004616014659404755,0.008003495633602142,0,0
123,cond_residual_t20,0.07049714773893356,0.07215982675552368,0.0740872174501419,0.06365425139665604,0.0620860680937767,0.006842896342277527,0.00841107964515686,0,0
124,cond_residual_t20,0.07376516610383987,0.07786723226308823,0.10140444338321686,0.07229502499103546,0.06493774801492691,0.0014701411128044128,0.008827418088912964,0,0
125,cond_residual_t20,0.033609725534915924,0.038418736308813095,0.26899147033691406,0.0507008321583271,0.04805511608719826,-0.01709110662341118,-0.014445390552282333,1,1
126,cond_residual_t20,0.06537390500307083,0.07521490752696991,0.2125268280506134,0.0687909722328186,0.06655819714069366,-0.003417067229747772,-0.0011842921376228333,1,1
127,cond_residual_t20,0.03175399452447891,0.0349549874663353,0.05597715824842453,0.05025341361761093,0.04960797727108002,-0.01849941909313202,-0.017853982746601105,1,1
128,cond_residual_t20,0.06773465871810913,0.07047494500875473,0.15824367105960846,0.07547896355390549,0.07467413693666458,-0.007744304835796356,-0.0069394782185554504,1,1
129,cond_residual_t20,0.033519454300403595,0.038255322724580765,0.25433114171028137,0.0584014467895031,0.051345743238925934,-0.024881992489099503,-0.01782628893852234,1,1
130,cond_residual_t20,0.05530894920229912,0.06050015613436699,0.1984282284975052,0.06082163378596306,0.06087726354598999,-0.00551268458366394,-0.005568314343690872,1,1
131,cond_residual_t20,0.042855896055698395,0.04687705263495445,0.3234095871448517,0.0703960657119751,0.06481794267892838,-0.027540169656276703,-0.02196204662322998,1,1
132,cond_residual_t20,0.03223113343119621,0.036179978400468826,0.06001463159918785,0.057657770812511444,0.05542869493365288,-0.02542663738131523,-0.023197561502456665,1,1
133,cond_residual_t20,0.04401499405503273,0.05353926494717598,0.0760875940322876,0.07890082895755768,0.0755254477262497,-0.03488583490252495,-0.031510453671216965,1,1
134,cond_residual_t20,0.0532824881374836,0.059018224477767944,0.07923557609319687,0.06966028362512589,0.06544259935617447,-0.016377795487642288,-0.012160111218690872,1,1
135,cond_residual_t20,0.05913848802447319,0.06704813987016678,0.1330689638853073,0.06959477066993713,0.07035399973392487,-0.010456282645463943,-0.011215511709451675,1,1
136,cond_residual_t20,0.0843384638428688,0.09567921608686447,0.15292271971702576,0.07904346287250519,0.08111713826656342,0.005295000970363617,0.0032213255763053894,0,0
137,cond_residual_t20,0.04660285264253616,0.0511915422976017,0.09095495194196701,0.06061019375920296,0.06279843300580978,-0.014007341116666794,-0.01619558036327362,1,1
138,cond_residual_t20,0.0833568423986435,0.0942055806517601,0.08848823606967926,0.07277632504701614,0.07108217477798462,0.01058051735162735,0.012274667620658875,0,0
139,cond_residual_t20,0.02336942031979561,0.03015371412038803,0.07731582224369049,0.05832662433385849,0.05905001237988472,-0.03495720401406288,-0.03568059206008911,1,1
140,cond_residual_t20,0.0567675456404686,0.06321313232183456,0.3586442768573761,0.06620535999536514,0.06203489378094673,-0.009437814354896545,-0.005267348140478134,1,1
141,cond_residual_t20,0.05961136147379875,0.06367719173431396,0.10978206992149353,0.07058821618556976,0.06695447117090225,-0.010976854711771011,-0.0073431096971035,1,1
142,cond_residual_t20,0.034822188317775726,0.03878156468272209,0.2990661859512329,0.053529269993305206,0.05296086519956589,-0.01870708167552948,-0.01813867688179016,1,1
143,cond_residual_t20,0.05969959497451782,0.06393985450267792,0.3427291512489319,0.06082773953676224,0.05732161924242973,-0.0011281445622444153,0.002377975732088089,1,0
144,cond_residual_t20,0.07287181168794632,0.07899197936058044,0.10042086988687515,0.058723390102386475,0.05577952414751053,0.014148421585559845,0.01709228754043579,0,0
145,cond_residual_t20,0.03695052117109299,0.04320318251848221,0.3921954929828644,0.05548446252942085,0.0628136694431305,-0.018533941358327866,-0.025863148272037506,1,1
146,cond_residual_t20,0.04377709701657295,0.04938024654984474,0.2139308899641037,0.07215584814548492,0.0776657909154892,-0.028378751128911972,-0.033888693898916245,1,1
147,cond_residual_t20,0.04758045822381973,0.05312575399875641,0.04508735239505768,0.058708298951387405,0.054874926805496216,-0.011127840727567673,-0.007294468581676483,1,1
148,cond_residual_t20,0.08527712523937225,0.08956720679998398,0.13159655034542084,0.0760311409831047,0.07573221623897552,0.009245984256267548,0.009544909000396729,0,0
149,cond_residual_t20,0.0591512992978096,0.06620792299509048,0.08942070603370667,0.05259985849261284,0.050687648355960846,0.006551440805196762,0.008463650941848755,0,0
150,cond_residual_t20,0.07655175030231476,0.08069220930337906,0.09946124255657196,0.06264053285121918,0.06064735725522041,0.013911217451095581,0.015904393047094345,0,0
151,cond_residual_t20,0.04145386815071106,0.04591101408004761,0.06924684345722198,0.057472534477710724,0.05477406457066536,-0.016018666326999664,-0.0133201964199543,1,1
152,cond_residual_t20,0.07482541352510452,0.08336581289768219,0.09266891330480576,0.06613504141569138,0.06576871126890182,0.008690372109413147,0.009056702256202698,0,0
153,cond_residual_t20,0.057971276342868805,0.06024979427456856,0.11211592704057693,0.05708067864179611,0.05384068936109543,0.0008905977010726929,0.0041305869817733765,0,0
154,cond_residual_t20,0.08102427423000336,0.08819521218538284,0.10418255627155304,0.06078441068530083,0.06329800188541412,0.02023986354470253,0.017726272344589233,0,0
155,cond_residual_t20,0.04485189914703369,0.05488522723317146,0.07282938063144684,0.06064096838235855,0.05715391784906387,-0.01578906923532486,-0.012302018702030182,1,1
156,cond_residual_t20,0.029289474710822105,0.033622950315475464,0.11780402064323425,0.042232804000377655,0.04023702070116997,-0.01294332928955555,-0.010947545990347862,1,1
157,cond_residual_t20,0.05424981564283371,0.05830836668610573,0.1471734642982483,0.06546349823474884,0.05867685005068779,-0.01121368259191513,-0.00442703440785408,1,1
158,cond_residual_t20,0.04772868752479553,0.053391020745038986,0.08260053396224976,0.06597288697957993,0.06190451979637146,-0.018244199454784393,-0.014175832271575928,1,1
159,cond_residual_t20,0.05256218463182449,0.061630625277757645,0.1193803921341896,0.07007939368486404,0.06972481310367584,-0.01751720905303955,-0.01716262847185135,1,1
160,cond_residual_t20,0.061106257140636444,0.0754198208451271,0.2956470251083374,0.06853477656841278,0.06177279353141785,-0.007428519427776337,-0.0006665363907814026,1,1
161,cond_residual_t20,0.06284455955028534,0.0703972801566124,0.14293581247329712,0.08197537064552307,0.0791662260890007,-0.019130811095237732,-0.016321666538715363,1,1
162,cond_residual_t20,0.04528838396072388,0.057143256068229675,0.04291566461324692,0.06918779015541077,0.06370429694652557,-0.02389940619468689,-0.018415912985801697,1,1
163,cond_residual_t20,0.06627080589532852,0.07328538596630096,0.10664914548397064,0.07299311459064484,0.07263775914907455,-0.006722308695316315,-0.006366953253746033,1,1
164,cond_residual_t20,0.044156573712825775,0.04937996715307236,0.10234799981117249,0.06470252573490143,0.06519506871700287,-0.020545952022075653,-0.021038495004177094,1,1
165,cond_residual_t20,0.03260459378361702,0.037534646689891815,0.3108513355255127,0.06595510989427567,0.06470518559217453,-0.033350516110658646,-0.03210059180855751,1,1
166,cond_residual_t20,0.06194330379366875,0.06791920214891434,0.1438988596200943,0.07392732799053192,0.07050678879022598,-0.011984024196863174,-0.008563484996557236,1,1
167,cond_residual_t20,0.039082515984773636,0.04107973352074623,0.3385924994945526,0.062389664351940155,0.05872470140457153,-0.02330714836716652,-0.019642185419797897,1,1
168,cond_residual_t20,0.08533041179180145,0.0892288088798523,0.14563913643360138,0.0670127123594284,0.06333290040493011,0.018317699432373047,0.021997511386871338,0,0
169,cond_residual_t20,0.042276717722415924,0.0461946539580822,0.07489098608493805,0.0525335893034935,0.05150154232978821,-0.010256871581077576,-0.009224824607372284,1,1
170,cond_residual_t20,0.05511663481593132,0.06107800081372261,0.0746665894985199,0.07352592051029205,0.06644164025783539,-0.018409285694360733,-0.011325005441904068,1,1
171,cond_residual_t20,0.03802461922168732,0.042630065232515335,0.15656322240829468,0.06817080080509186,0.05761592462658882,-0.03014618158340454,-0.019591305404901505,1,1
172,cond_residual_t20,0.06713136285543442,0.07446131855249405,0.4248262643814087,0.06448812782764435,0.0654531717300415,0.0026432350277900696,0.0016781911253929138,0,0
173,cond_residual_t20,0.03800707310438156,0.044997166842222214,0.09182734042406082,0.05530258268117905,0.05465635657310486,-0.017295509576797485,-0.016649283468723297,1,1
174,cond_residual_t20,0.0583573579788208,0.06160423904657364,0.08699242770671844,0.0680345892906189,0.06301553547382355,-0.009677231311798096,-0.004658177495002747,1,1
175,cond_residual_t20,0.04717748612165451,0.05472075194120407,0.10331541299819946,0.06515919417142868,0.06814289093017578,-0.01798170804977417,-0.02096540480852127,1,1
176,cond_residual_t20,0.0493740551173687,0.054178401827812195,0.05812133848667145,0.06126191094517708,0.05899126082658768,-0.01188785582780838,-0.009617205709218979,1,1
177,cond_residual_t20,0.07165707647800446,0.07531188428401947,0.15133805572986603,0.06333308666944504,0.06726086139678955,0.008323989808559418,0.004396215081214905,0,0
178,cond_residual_t20,0.05996255204081535,0.06548523902893066,0.10782183706760406,0.06996317207813263,0.07316802442073822,-0.010000620037317276,-0.013205472379922867,1,1
179,cond_residual_t20,0.04179476574063301,0.050491947680711746,0.06302176415920258,0.05731259658932686,0.05721816420555115,-0.015517830848693848,-0.015423398464918137,1,1
180,cond_residual_t20,0.060735560953617096,0.07137839496135712,0.4083119332790375,0.07600606232881546,0.07601062953472137,-0.015270501375198364,-0.015275068581104279,1,1
181,cond_residual_t20,0.06223435327410698,0.06730491667985916,0.13669021427631378,0.06523136049509048,0.06522451341152191,-0.0029970072209835052,-0.0029901601374149323,1,1
182,cond_residual_t20,0.06460906565189362,0.07248125970363617,0.08170878887176514,0.05938028544187546,0.0647834911942482,0.005228780210018158,-0.00017442554235458374,0,1
183,cond_residual_t20,0.06255266815423965,0.0717373788356781,0.09583355486392975,0.07407162338495255,0.08026652038097382,-0.01151895523071289,-0.01771385222673416,1,1
184,cond_residual_t20,0.04396634176373482,0.05062530189752579,0.10525202751159668,0.0715017318725586,0.0696566104888916,-0.027535390108823776,-0.025690268725156784,1,1
185,cond_residual_t20,0.09444858133792877,0.09597987681627274,0.06599494814872742,0.060521721839904785,0.05593245103955269,0.03392685949802399,0.03851613029837608,0,0
186,cond_residual_t20,0.041596733033657074,0.04561923071742058,0.08468710631132126,0.06369609385728836,0.05914529412984848,-0.022099360823631287,-0.017548561096191406,1,1
187,cond_residual_t20,0.06584110110998154,0.07392188906669617,0.13134878873825073,0.06392177939414978,0.0633501261472702,0.0019193217158317566,0.0024909749627113342,0,0
188,cond_residual_t20,0.07062329351902008,0.0784211978316307,0.46098339557647705,0.0653810128569603,0.059943217784166336,0.005242280662059784,0.010680075734853745,0,0
189,cond_residual_t20,0.0624065026640892,0.07082921266555786,0.12890172004699707,0.06656162440776825,0.06407876312732697,-0.004155121743679047,-0.0016722604632377625,1,1
190,cond_residual_t20,0.05484272167086601,0.06403423100709915,0.11944883316755295,0.06759876757860184,0.06681786477565765,-0.012756045907735825,-0.011975143104791641,1,1
191,cond_residual_t20,0.03988609462976456,0.044849496334791183,0.43852224946022034,0.06463374197483063,0.05775012820959091,-0.02474764734506607,-0.017864033579826355,1,1
192,cond_residual_t20,0.049547724425792694,0.05573970824480057,0.10667536407709122,0.05859602615237236,0.05712788179516792,-0.009048301726579666,-0.007580157369375229,1,1
193,cond_residual_t20,0.06116018816828728,0.07251931726932526,0.12831048667430878,0.0729748010635376,0.07080189138650894,-0.01181461289525032,-0.009641703218221664,1,1
194,cond_residual_t20,0.07077047973871231,0.074215829372406,0.10178332775831223,0.06374062597751617,0.06193128973245621,0.0070298537611961365,0.008839190006256104,0,0
195,cond_residual_t20,0.033249448984861374,0.037549931555986404,0.05011601746082306,0.054165881127119064,0.04776886850595474,-0.02091643214225769,-0.014519419521093369,1,1
196,cond_residual_t20,0.06673900038003922,0.07341271638870239,0.1067676842212677,0.06728403270244598,0.06963903456926346,-0.0005450323224067688,-0.002900034189224243,1,1
197,cond_residual_t20,0.0710105448961258,0.07508935034275055,0.2595084309577942,0.08035345375537872,0.07578673213720322,-0.00934290885925293,-0.004776187241077423,1,1
198,cond_residual_t20,0.039951927959918976,0.043670523911714554,0.06802037358283997,0.05049503594636917,0.05181989073753357,-0.010543107986450195,-0.011867962777614594,1,1
199,cond_residual_t20,0.0865098312497139,0.09424205869436264,0.3589624762535095,0.06212310865521431,0.058904193341732025,0.024386722594499588,0.027605637907981873,0,0
0,cond_residual_t10,0.032941170036792755,0.0395192950963974,0.19666339457035065,0.05268967151641846,0.047386620193719864,-0.019748501479625702,-0.014445450156927109,1,1
1,cond_residual_t10,0.0585530586540699,0.0666128396987915,0.15719737112522125,0.06313766539096832,0.06346938759088516,-0.004584606736898422,-0.004916328936815262,1,1
2,cond_residual_t10,0.06483788043260574,0.06935613602399826,0.46349090337753296,0.051779210567474365,0.04479696601629257,0.013058669865131378,0.02004091441631317,0,0
3,cond_residual_t10,0.06192789599299431,0.06955063343048096,0.11423677951097488,0.05588671565055847,0.05423701927065849,0.006041180342435837,0.007690876722335815,0,0
4,cond_residual_t10,0.049645669758319855,0.05601504072546959,0.1061548963189125,0.05658530071377754,0.05253947526216507,-0.006939630955457687,-0.002893805503845215,1,1
5,cond_residual_t10,0.05305308848619461,0.0600770004093647,0.11812137067317963,0.06796588748693466,0.06385675817728043,-0.014912799000740051,-0.010803669691085815,1,1
6,cond_residual_t10,0.03747153654694557,0.04303424805402756,0.45542991161346436,0.056925155222415924,0.052198491990566254,-0.019453618675470352,-0.014726955443620682,1,1
7,cond_residual_t10,0.06280429661273956,0.0664016604423523,0.21417123079299927,0.06172262877225876,0.05677943676710129,0.0010816678404808044,0.006024859845638275,0,0
8,cond_residual_t10,0.05319902300834656,0.05863703414797783,0.1443241536617279,0.06060759350657463,0.05658552795648575,-0.007408570498228073,-0.0033865049481391907,1,1
9,cond_residual_t10,0.07239449769258499,0.08300647139549255,0.1793224960565567,0.0659550279378891,0.06458798795938492,0.006439469754695892,0.007806509733200073,0,0
10,cond_residual_t10,0.051077939569950104,0.05923408642411232,0.10756628960371017,0.05687336251139641,0.0535132959485054,-0.005795422941446304,-0.002435356378555298,1,1
11,cond_residual_t10,0.06468413025140762,0.08386331796646118,0.47919708490371704,0.06904856115579605,0.06840251386165619,-0.004364430904388428,-0.0037183836102485657,1,1
12,cond_residual_t10,0.060036104172468185,0.06777630001306534,0.4343973398208618,0.06322519481182098,0.05999799445271492,-0.0031890906393527985,3.810971975326538e-05,1,0
13,cond_residual_t10,0.07533229887485504,0.08138935267925262,0.14900043606758118,0.07754329591989517,0.07237817347049713,-0.0022109970450401306,0.00295412540435791,1,0
14,cond_residual_t10,0.060763947665691376,0.07007869333028793,0.13452692329883575,0.0635475218296051,0.06766773015260696,-0.002783574163913727,-0.006903782486915588,1,1
15,cond_residual_t10,0.04607054963707924,0.05293138697743416,0.12889285385608673,0.06149406358599663,0.05707089230418205,-0.015423513948917389,-0.011000342667102814,1,1
16,cond_residual_t10,0.07172545045614243,0.07941702008247375,0.14574073255062103,0.0525021068751812,0.04696940258145332,0.019223343580961227,0.024756047874689102,0,0
17,cond_residual_t10,0.062227725982666016,0.06745509058237076,0.1518293023109436,0.06533661484718323,0.07542040944099426,-0.003108888864517212,-0.013192683458328247,1,1
18,cond_residual_t10,0.04349176585674286,0.047641683369874954,0.19087111949920654,0.06372842937707901,0.058131806552410126,-0.02023666352033615,-0.014640040695667267,1,1
19,cond_residual_t10,0.048887092620134354,0.05316801369190216,0.5406201481819153,0.06326358020305634,0.07403336465358734,-0.014376487582921982,-0.025146272033452988,1,1
20,cond_residual_t10,0.0550876148045063,0.061930298805236816,0.09377468377351761,0.05830741673707962,0.05672721937298775,-0.0032198019325733185,-0.0016396045684814453,1,1
21,cond_residual_t10,0.07050184160470963,0.07860579341650009,0.12852269411087036,0.06869306415319443,0.0674474760890007,0.0018087774515151978,0.0030543655157089233,0,0
22,cond_residual_t10,0.05412914231419563,0.060510504990816116,0.14717917144298553,0.06361999362707138,0.06207088753581047,-0.009490851312875748,-0.007941745221614838,1,1
23,cond_residual_t10,0.05143680050969124,0.05890320613980293,0.3923051357269287,0.0694975033402443,0.06300424039363861,-0.018060702830553055,-0.011567439883947372,1,1
24,cond_residual_t10,0.058000653982162476,0.06348457932472229,0.1323687732219696,0.06091035529971123,0.060476869344711304,-0.002909701317548752,-0.002476215362548828,1,1
25,cond_residual_t10,0.06219428777694702,0.06926590204238892,0.14908984303474426,0.06001255661249161,0.05806099623441696,0.002181731164455414,0.00413329154253006,0,0
26,cond_residual_t10,0.07817408442497253,0.08547642081975937,0.11512332409620285,0.06416813284158707,0.05765094235539436,0.014005951583385468,0.02052314206957817,0,0
27,cond_residual_t10,0.04739904776215553,0.05490037798881531,0.12932899594306946,0.053119100630283356,0.05013475567102432,-0.005720052868127823,-0.0027357079088687897,1,1
28,cond_residual_t10,0.04190470650792122,0.052572645246982574,0.2932545244693756,0.06145323067903519,0.055255014449357986,-0.019548524171113968,-0.013350307941436768,1,1
29,cond_residual_t10,0.03298282250761986,0.0382378026843071,0.14717097580432892,0.04525135084986687,0.04133107140660286,-0.01226852834224701,-0.008348248898983002,1,1
30,cond_residual_t10,0.05374748632311821,0.05800529941916466,0.142089381814003,0.05629705265164375,0.05774613097310066,-0.002549566328525543,-0.003998644649982452,1,1
31,cond_residual_t10,0.04892352223396301,0.054129887372255325,0.10949388891458511,0.06441095471382141,0.05876880884170532,-0.015487432479858398,-0.00984528660774231,1,1
32,cond_residual_t10,0.04154529422521591,0.04706527292728424,0.11065242439508438,0.048632748425006866,0.04661046341061592,-0.007087454199790955,-0.005065169185400009,1,1
33,cond_residual_t10,0.06491057574748993,0.06968683004379272,0.3732752799987793,0.04978462681174278,0.04694921523332596,0.015125948935747147,0.01796136051416397,0,0
34,cond_residual_t10,0.06088121607899666,0.06584394723176956,0.13395282626152039,0.06210090592503548,0.06353264302015305,-0.0012196898460388184,-0.0026514269411563873,1,1
35,cond_residual_t10,0.05523430183529854,0.06175234541296959,0.1432158648967743,0.06946993619203568,0.06550481915473938,-0.014235634356737137,-0.010270517319440842,1,1
36,cond_residual_t10,0.06679258495569229,0.07087299227714539,0.0990937128663063,0.0519719198346138,0.05699991434812546,0.014820665121078491,0.009792670607566833,0,0
37,cond_residual_t10,0.043992944061756134,0.053402338176965714,0.0884079858660698,0.054066289216279984,0.05498252063989639,-0.01007334515452385,-0.010989576578140259,1,1
38,cond_residual_t10,0.06451533734798431,0.07480490207672119,0.1360902190208435,0.05767141655087471,0.05830905959010124,0.006843920797109604,0.006206277757883072,0,0
39,cond_residual_t10,0.04951326549053192,0.05384160205721855,0.08481987565755844,0.058270812034606934,0.05720699578523636,-0.008757546544075012,-0.007693730294704437,1,1
40,cond_residual_t10,0.049966830760240555,0.056932203471660614,0.10516910254955292,0.06381482630968094,0.059228479862213135,-0.013847995549440384,-0.00926164910197258,1,1
41,cond_residual_t10,0.027822431176900864,0.0332244448363781,0.1896550953388214,0.04674428701400757,0.043067172169685364,-0.018921855837106705,-0.0152447409927845,1,1
42,cond_residual_t10,0.08467566967010498,0.09228165447711945,0.1537376344203949,0.06890759617090225,0.06586993485689163,0.01576807349920273,0.01880573481321335,0,0
43,cond_residual_t10,0.04192033410072327,0.04708486422896385,0.5032504796981812,0.05525180697441101,0.049309320747852325,-0.013331472873687744,-0.007388986647129059,1,1
44,cond_residual_t10,0.052519261837005615,0.05979761481285095,0.13088437914848328,0.058719534426927567,0.06010277941823006,-0.006200272589921951,-0.0075835175812244415,1,1
45,cond_residual_t10,0.06822346895933151,0.07497459650039673,0.12398673593997955,0.05506425350904465,0.052240628749132156,0.013159215450286865,0.015982840210199356,0,0
46,cond_residual_t10,0.05611441284418106,0.060677703469991684,0.17937670648097992,0.06088675186038017,0.062371738255023956,-0.004772339016199112,-0.0062573254108428955,1,1
47,cond_residual_t10,0.06595982611179352,0.0802002102136612,0.09322539716959,0.05681475251913071,0.05824948474764824,0.009145073592662811,0.007710341364145279,0,0
48,cond_residual_t10,0.050253622233867645,0.05736998841166496,0.2870675325393677,0.06416036933660507,0.059942763298749924,-0.013906747102737427,-0.009689141064882278,1,1
49,cond_residual_t10,0.06877170503139496,0.07605822384357452,0.4117984473705292,0.050704699009656906,0.05231960862874985,0.018067006021738052,0.01645209640264511,0,0
50,cond_residual_t10,0.06615568697452545,0.07753714174032211,0.11165070533752441,0.06765604764223099,0.06649713218212128,-0.0015003606677055359,-0.0003414452075958252,1,1
51,cond_residual_t10,0.053851474076509476,0.05667969584465027,0.10474339127540588,0.05603696033358574,0.054497383534908295,-0.0021854862570762634,-0.000645909458398819,1,1
52,cond_residual_t10,0.03820711001753807,0.042875804007053375,0.17491494119167328,0.04654904827475548,0.04397742450237274,-0.008341938257217407,-0.005770314484834671,1,1
53,cond_residual_t10,0.0385400652885437,0.046250637620687485,0.11145257949829102,0.05436959117650986,0.05152921751141548,-0.015829525887966156,-0.01298915222287178,1,1
54,cond_residual_t10,0.046410705894231796,0.05187775939702988,0.12491459399461746,0.05588964745402336,0.05241354554891586,-0.009478941559791565,-0.006002839654684067,1,1
55,cond_residual_t10,0.06849447637796402,0.07553059607744217,0.17443998157978058,0.0649377852678299,0.05912049859762192,0.0035566911101341248,0.009373977780342102,0,0
56,cond_residual_t10,0.049227867275476456,0.05533699691295624,0.10412243753671646,0.0474541038274765,0.04686834663152695,0.0017737634479999542,0.0023595206439495087,0,0
57,cond_residual_t10,0.046449679881334305,0.052281174808740616,0.14152881503105164,0.05567995831370354,0.0524483323097229,-0.009230278432369232,-0.005998652428388596,1,1
58,cond_residual_t10,0.055818140506744385,0.06301525235176086,0.10260512679815292,0.06290137022733688,0.06125074625015259,-0.007083229720592499,-0.005432605743408203,1,1
59,cond_residual_t10,0.06338045001029968,0.0719895288348198,0.13099268078804016,0.06501203775405884,0.06448425352573395,-0.0016315877437591553,-0.0011038035154342651,1,1
60,cond_residual_t10,0.08713851124048233,0.09527505934238434,0.326673686504364,0.07986714690923691,0.08646555244922638,0.007271364331245422,0.0006729587912559509,0,0
61,cond_residual_t10,0.05400848388671875,0.060510024428367615,0.1330842226743698,0.06355413794517517,0.059572983533144,-0.009545654058456421,-0.005564499646425247,1,1
62,cond_residual_t10,0.051268499344587326,0.05709638074040413,0.12291394174098969,0.060209810733795166,0.061993181705474854,-0.00894131138920784,-0.010724682360887527,1,1
63,cond_residual_t10,0.06435689330101013,0.06823073327541351,0.12443142384290695,0.06362495571374893,0.06161310151219368,0.0007319375872612,0.002743791788816452,0,0
64,cond_residual_t10,0.04606406018137932,0.05294835940003395,0.1033007800579071,0.05301336571574211,0.04893536865711212,-0.006949305534362793,-0.0028713084757328033,1,1
65,cond_residual_t10,0.0848279595375061,0.08949653059244156,0.16259607672691345,0.06843168288469315,0.06356517225503922,0.016396276652812958,0.02126278728246689,0,0
66,cond_residual_t10,0.07027995586395264,0.07967539131641388,0.16925176978111267,0.08183147758245468,0.08051754534244537,-0.011551521718502045,-0.010237589478492737,1,1
67,cond_residual_t10,0.050120264291763306,0.05549502745270729,0.09667891263961792,0.04765406250953674,0.04511740058660507,0.0024662017822265625,0.005002863705158234,0,0
68,cond_residual_t10,0.057525016367435455,0.06539639085531235,0.1552881896495819,0.06450282037258148,0.06344390660524368,-0.006977804005146027,-0.0059188902378082275,1,1
69,cond_residual_t10,0.055208850651979446,0.06223437562584877,0.19154031574726105,0.06581691652536392,0.06188448145985603,-0.010608065873384476,-0.006675630807876587,1,1
70,cond_residual_t10,0.06228265166282654,0.0674881786108017,0.23367172479629517,0.06503480672836304,0.06114041060209274,-0.002752155065536499,0.0011422410607337952,1,0
71,cond_residual_t10,0.06420088559389114,0.0692673772573471,0.38411280512809753,0.08243260532617569,0.07790100574493408,-0.018231719732284546,-0.013700120151042938,1,1
72,cond_residual_t10,0.04933935031294823,0.061149511486291885,0.1400345414876938,0.059163399040699005,0.057292915880680084,-0.009824048727750778,-0.007953565567731857,1,1
73,cond_residual_t10,0.040463585406541824,0.05016027390956879,0.12394661456346512,0.048943597823381424,0.04586131125688553,-0.0084800124168396,-0.005397725850343704,1,1
74,cond_residual_t10,0.047623567283153534,0.05477224662899971,0.362688809633255,0.05488523095846176,0.05400891229510307,-0.0072616636753082275,-0.006385345011949539,1,1
75,cond_residual_t10,0.05433050915598869,0.06250616163015366,0.12990477681159973,0.061505354940891266,0.061430513858795166,-0.007174845784902573,-0.007100004702806473,1,1
76,cond_residual_t10,0.05663203075528145,0.061627522110939026,0.13577254116535187,0.06336772441864014,0.06255820393562317,-0.006735693663358688,-0.005926173180341721,1,1
77,cond_residual_t10,0.06351663172245026,0.07325245440006256,0.1256227195262909,0.057621002197265625,0.0551779679954052,0.005895629525184631,0.00833866372704506,0,0
78,cond_residual_t10,0.05799611657857895,0.06445067375898361,0.10224996507167816,0.055813103914260864,0.05541296675801277,0.0021830126643180847,0.0025831498205661774,0,0
79,cond_residual_t10,0.0435270294547081,0.05407316982746124,0.14403395354747772,0.05461578816175461,0.06119605898857117,-0.011088758707046509,-0.017669029533863068,1,1
80,cond_residual_t10,0.07041901350021362,0.0782482922077179,0.13856518268585205,0.06143757700920105,0.059599995613098145,0.008981436491012573,0.010819017887115479,0,0
81,cond_residual_t10,0.053901009261608124,0.05912256985902786,0.18070434033870697,0.06261061131954193,0.06408657133579254,-0.008709602057933807,-0.010185562074184418,1,1
82,cond_residual_t10,0.05673478916287422,0.06226407364010811,0.20318995416164398,0.06371063739061356,0.05748429149389267,-0.006975848227739334,-0.0007495023310184479,1,1
83,cond_residual_t10,0.06136609986424446,0.07177212834358215,0.10589764267206192,0.06458045542240143,0.061417825520038605,-0.003214355558156967,-5.172565579414368e-05,1,1
84,cond_residual_t10,0.053182877600193024,0.06243234872817993,0.3111893832683563,0.06669057905673981,0.06151527911424637,-0.013507701456546783,-0.008332401514053345,1,1
85,cond_residual_t10,0.06437589973211288,0.07066997140645981,0.39568984508514404,0.058885347098112106,0.05503176525235176,0.005490552634000778,0.009344134479761124,0,0
86,cond_residual_t10,0.05110284686088562,0.05674277991056442,0.15758006274700165,0.05872054770588875,0.05923238396644592,-0.007617700845003128,-0.008129537105560303,1,1
87,cond_residual_t10,0.09358800947666168,0.10810589790344238,0.49001920223236084,0.0609772689640522,0.06673810631036758,0.03261074051260948,0.026849903166294098,0,0
88,cond_residual_t10,0.07819946855306625,0.08633099496364594,0.13057859241962433,0.06288284063339233,0.05980512499809265,0.01531662791967392,0.018394343554973602,0,0
89,cond_residual_t10,0.05365104600787163,0.059915363788604736,0.15261833369731903,0.06404105573892593,0.06562267243862152,-0.010390009731054306,-0.011971626430749893,1,1
90,cond_residual_t10,0.04523713141679764,0.051293883472681046,0.36498409509658813,0.06123713403940201,0.061442695558071136,-0.01600000262260437,-0.0162055641412735,1,1
91,cond_residual_t10,0.08003168553113937,0.08821150660514832,0.15245109796524048,0.07062261551618576,0.07111223042011261,0.009409070014953613,0.008919455111026764,0,0
92,cond_residual_t10,0.047940779477357864,0.05235794186592102,0.12640514969825745,0.06249571964144707,0.06141924858093262,-0.014554940164089203,-0.013478469103574753,1,1
93,cond_residual_t10,0.05793892592191696,0.06994903832674026,0.15037475526332855,0.07992082089185715,0.07513746619224548,-0.021981894969940186,-0.01719854027032852,1,1
94,cond_residual_t10,0.05578795075416565,0.06067301705479622,0.2650548219680786,0.06401105225086212,0.057054661214351654,-0.008223101496696472,-0.0012667104601860046,1,1
95,cond_residual_t10,0.05970543622970581,0.06713691353797913,0.15421456098556519,0.06344695389270782,0.06146591156721115,-0.003741517663002014,-0.0017604753375053406,1,1
96,cond_residual_t10,0.04659336060285568,0.05294661596417427,0.11735594272613525,0.05727323889732361,0.05582281947135925,-0.010679878294467926,-0.00922945886850357,1,1
97,cond_residual_t10,0.05309699848294258,0.06116964668035507,0.09817101806402206,0.05725973844528198,0.05469636246562004,-0.004162739962339401,-0.0015993639826774597,1,1
98,cond_residual_t10,0.07024290412664413,0.07741983979940414,0.10009590536355972,0.06984086334705353,0.06922914832830429,0.0004020407795906067,0.0010137557983398438,0,0
99,cond_residual_t10,0.05084093287587166,0.058618370443582535,0.18521490693092346,0.05965913087129593,0.05975158140063286,-0.00881819799542427,-0.0089106485247612,1,1
100,cond_residual_t10,0.07823958992958069,0.08692681044340134,0.5334832668304443,0.061298519372940063,0.06733233481645584,0.016941070556640625,0.010907255113124847,0,0
101,cond_residual_t10,0.07561467587947845,0.08687572926282883,0.13082186877727509,0.07044897973537445,0.067762091755867,0.005165696144104004,0.00785258412361145,0,0
102,cond_residual_t10,0.04489428550004959,0.052422646433115005,0.10857813060283661,0.05523790046572685,0.053923677653074265,-0.010343614965677261,-0.009029392153024673,1,1
103,cond_residual_t10,0.09176816046237946,0.10350102186203003,0.14562740921974182,0.05866476893424988,0.06090985983610153,0.03310339152812958,0.030858300626277924,0,0
104,cond_residual_t10,0.053259335458278656,0.059375740587711334,0.1311917006969452,0.06275846064090729,0.061548035591840744,-0.009499125182628632,-0.008288700133562088,1,1
105,cond_residual_t10,0.062271274626255035,0.07434222847223282,0.15417829155921936,0.061939459294080734,0.06388724595308304,0.00033181533217430115,-0.001615971326828003,0,1
106,cond_residual_t10,0.058713071048259735,0.06743445247411728,0.09984688460826874,0.07259709388017654,0.06602056324481964,-0.013884022831916809,-0.007307492196559906,1,1
107,cond_residual_t10,0.053096920251846313,0.057365160435438156,0.19981224834918976,0.054060280323028564,0.05070389434695244,-0.000963360071182251,0.002393025904893875,1,0
108,cond_residual_t10,0.06484432518482208,0.06936941295862198,0.42668354511260986,0.0605158731341362,0.05515333265066147,0.004328452050685883,0.009690992534160614,0,0
109,cond_residual_t10,0.05289013311266899,0.059511974453926086,0.10120859742164612,0.05685434862971306,0.055438332259655,-0.003964215517044067,-0.0025481991469860077,1,1
110,cond_residual_t10,0.04181580990552902,0.046548742800951004,0.3901548683643341,0.053803879767656326,0.04729805141687393,-0.011988069862127304,-0.00548224151134491,1,1
111,cond_residual_t10,0.054093290120363235,0.058587849140167236,0.09751389920711517,0.06834503263235092,0.06442736089229584,-0.014251742511987686,-0.010334070771932602,1,1
112,cond_residual_t10,0.045660827308893204,0.05233526602387428,0.08998236060142517,0.057756416499614716,0.057729076594114304,-0.012095589190721512,-0.0120682492852211,1,1
113,cond_residual_t10,0.05963665246963501,0.06491763889789581,0.4097535312175751,0.07053997367620468,0.07467598468065262,-0.010903321206569672,-0.015039332211017609,1,1
114,cond_residual_t10,0.03616972267627716,0.043813787400722504,0.37196657061576843,0.05028399080038071,0.046408768743276596,-0.014114268124103546,-0.010239046066999435,1,1
115,cond_residual_t10,0.06981410086154938,0.0769457146525383,0.460912823677063,0.069786436855793,0.06863902509212494,2.7664005756378174e-05,0.0011750757694244385,0,0
116,cond_residual_t10,0.06553592532873154,0.07052495330572128,0.16401459276676178,0.08216828107833862,0.08446866273880005,-0.016632355749607086,-0.018932737410068512,1,1
117,cond_residual_t10,0.05488787218928337,0.06056862324476242,0.10918992012739182,0.05175156146287918,0.049333564937114716,0.00313631072640419,0.005554307252168655,0,0
118,cond_residual_t10,0.047679353505373,0.051768943667411804,0.10893717408180237,0.06253249943256378,0.06173434108495712,-0.01485314592719078,-0.014054987579584122,1,1
119,cond_residual_t10,0.055167555809020996,0.06117512285709381,0.10837998241186142,0.06780588626861572,0.06830929219722748,-0.012638330459594727,-0.013141736388206482,1,1
120,cond_residual_t10,0.0401768833398819,0.04395410045981407,0.3628789186477661,0.059413619339466095,0.0561603382229805,-0.019236735999584198,-0.015983454883098602,1,1
121,cond_residual_t10,0.06598565727472305,0.07104502618312836,0.17646168172359467,0.06543900072574615,0.06267478317022324,0.0005466565489768982,0.003310874104499817,0,0
122,cond_residual_t10,0.07168538868427277,0.07511284947395325,0.49411261081695557,0.067314513027668,0.06392703205347061,0.004370875656604767,0.0077583566308021545,0,0
123,cond_residual_t10,0.060238294303417206,0.06699394434690475,0.11026689410209656,0.06365425139665604,0.0620860680937767,-0.0034159570932388306,-0.001847773790359497,1,1
124,cond_residual_t10,0.06986315548419952,0.07448373734951019,0.13036035001277924,0.07229502499103546,0.06493774801492691,-0.0024318695068359375,0.0049254074692726135,1,0
125,cond_residual_t10,0.03649391978979111,0.044741902500391006,0.2858266830444336,0.0507008321583271,0.04805511608719826,-0.014206912368535995,-0.01156119629740715,1,1
126,cond_residual_t10,0.06474067270755768,0.0736628919839859,0.2489529252052307,0.0687909722328186,0.06655819714069366,-0.004050299525260925,-0.0018175244331359863,1,1
127,cond_residual_t10,0.04030481353402138,0.043487995862960815,0.09571121633052826,0.05025341361761093,0.04960797727108002,-0.009948600083589554,-0.00930316373705864,1,1
128,cond_residual_t10,0.06862500309944153,0.07232799381017685,0.16822880506515503,0.07547896355390549,0.07467413693666458,-0.006853960454463959,-0.006049133837223053,1,1
129,cond_residual_t10,0.03506682068109512,0.0388556569814682,0.26296722888946533,0.0584014467895031,0.051345743238925934,-0.023334626108407974,-0.01627892255783081,1,1
130,cond_residual_t10,0.06431446969509125,0.07364413887262344,0.21769197285175323,0.06082163378596306,0.06087726354598999,0.003492835909128189,0.0034372061491012573,0,0
131,cond_residual_t10,0.045597970485687256,0.05102037638425827,0.3304692506790161,0.0703960657119751,0.06481794267892838,-0.024798095226287842,-0.01921997219324112,1,1
132,cond_residual_t10,0.04374944791197777,0.04897516220808029,0.09995577484369278,0.057657770812511444,0.05542869493365288,-0.013908322900533676,-0.01167924702167511,1,1
133,cond_residual_t10,0.05554807186126709,0.06430376321077347,0.11022529006004333,0.07890082895755768,0.0755254477262497,-0.02335275709629059,-0.019977375864982605,1,1
134,cond_residual_t10,0.057669706642627716,0.06496289372444153,0.13014984130859375,0.06966028362512589,0.06544259935617447,-0.011990576982498169,-0.007772892713546753,1,1
135,cond_residual_t10,0.07589457929134369,0.08759554475545883,0.16155998408794403,0.06959477066993713,0.07035399973392487,0.006299808621406555,0.005540579557418823,0,0
136,cond_residual_t10,0.09103753417730331,0.1035631075501442,0.18129895627498627,0.07904346287250519,0.08111713826656342,0.011994071304798126,0.009920395910739899,0,0
137,cond_residual_t10,0.05655117705464363,0.061903201043605804,0.11615713685750961,0.06061019375920296,0.06279843300580978,-0.004059016704559326,-0.006247255951166153,1,1
138,cond_residual_t10,0.07233262062072754,0.08131469786167145,0.13871663808822632,0.07277632504701614,0.07108217477798462,-0.00044370442628860474,0.00125044584274292,1,0
139,cond_residual_t10,0.03665821999311447,0.04392700642347336,0.10776901245117188,0.05832662433385849,0.05905001237988472,-0.02166840434074402,-0.02239179238677025,1,1
140,cond_residual_t10,0.05960064381361008,0.06885922700166702,0.37073469161987305,0.06620535999536514,0.06203489378094673,-0.006604716181755066,-0.0024342499673366547,1,1
141,cond_residual_t10,0.0679888129234314,0.07372860610485077,0.1390276551246643,0.07058821618556976,0.06695447117090225,-0.0025994032621383667,0.0010343417525291443,1,0
142,cond_residual_t10,0.05990731716156006,0.06620369106531143,0.31747448444366455,0.053529269993305206,0.05296086519956589,0.006378047168254852,0.006946451961994171,0,0
143,cond_residual_t10,0.05850788205862045,0.06256279349327087,0.37280189990997314,0.06082773953676224,0.05732161924242973,-0.0023198574781417847,0.0011862628161907196,1,0
144,cond_residual_t10,0.07814192026853561,0.085936039686203,0.12985216081142426,0.058723390102386475,0.05577952414751053,0.01941853016614914,0.022362396121025085,0,0
145,cond_residual_t10,0.042540356516838074,0.04793007671833038,0.39845576882362366,0.05548446252942085,0.0628136694431305,-0.012944106012582779,-0.02027331292629242,1,1
146,cond_residual_t10,0.05050066113471985,0.056118227541446686,0.24358026683330536,0.07215584814548492,0.0776657909154892,-0.021655187010765076,-0.027165129780769348,1,1
147,cond_residual_t10,0.04738045856356621,0.051483284682035446,0.07418017834424973,0.058708298951387405,0.054874926805496216,-0.011327840387821198,-0.007494468241930008,1,1
148,cond_residual_t10,0.08719458431005478,0.0955222100019455,0.16919022798538208,0.0760311409831047,0.07573221623897552,0.011163443326950073,0.011462368071079254,0,0
149,cond_residual_t10,0.06965522468090057,0.07643327862024307,0.11712854355573654,0.05259985849261284,0.050687648355960846,0.017055366188287735,0.018967576324939728,0,0
150,cond_residual_t10,0.06889031827449799,0.07581163197755814,0.13764651119709015,0.06264053285121918,0.06064735725522041,0.006249785423278809,0.008242961019277573,0,0
151,cond_residual_t10,0.054983846843242645,0.0625743642449379,0.09163294732570648,0.057472534477710724,0.05477406457066536,-0.0024886876344680786,0.00020978227257728577,1,0
152,cond_residual_t10,0.06976064294576645,0.07750555872917175,0.11343301832675934,0.06613504141569138,0.06576871126890182,0.0036256015300750732,0.003991931676864624,0,0
153,cond_residual_t10,0.04372633248567581,0.049974098801612854,0.1593627780675888,0.05708067864179611,0.05384068936109543,-0.0133543461561203,-0.010114356875419617,1,1
154,cond_residual_t10,0.06514979898929596,0.07337946444749832,0.13892239332199097,0.06078441068530083,0.06329800188541412,0.0043653883039951324,0.001851797103881836,0,0
155,cond_residual_t10,0.058213572949171066,0.0708555281162262,0.12843471765518188,0.06064096838235855,0.05715391784906387,-0.0024273954331874847,0.001059655100107193,1,0
156,cond_residual_t10,0.03513384610414505,0.04302242025732994,0.13823144137859344,0.042232804000377655,0.04023702070116997,-0.007098957896232605,-0.005103174597024918,1,1
157,cond_residual_t10,0.05254571884870529,0.05680344998836517,0.16745854914188385,0.06546349823474884,0.05867685005068779,-0.012917779386043549,-0.006131131201982498,1,1
158,cond_residual_t10,0.0542929545044899,0.06562351435422897,0.12749560177326202,0.06597288697957993,0.06190451979637146,-0.011679932475090027,-0.007611565291881561,1,1
159,cond_residual_t10,0.06661538779735565,0.0782131478190422,0.16008980572223663,0.07007939368486404,0.06972481310367584,-0.0034640058875083923,-0.0031094253063201904,1,1
160,cond_residual_t10,0.04541504755616188,0.060146354138851166,0.32767295837402344,0.06853477656841278,0.06177279353141785,-0.0231197290122509,-0.016357745975255966,1,1
161,cond_residual_t10,0.07927203178405762,0.08902784436941147,0.19213205575942993,0.08197537064552307,0.0791662260890007,-0.002703338861465454,0.00010580569505691528,1,0
162,cond_residual_t10,0.05973812937736511,0.0653785988688469,0.07937654107809067,0.06918779015541077,0.06370429694652557,-0.009449660778045654,-0.003966167569160461,1,1
163,cond_residual_t10,0.06684969365596771,0.07278162240982056,0.14390408992767334,0.07299311459064484,0.07263775914907455,-0.006143420934677124,-0.005788065493106842,1,1
164,cond_residual_t10,0.058713316917419434,0.0688323900103569,0.1368749588727951,0.06470252573490143,0.06519506871700287,-0.005989208817481995,-0.006481751799583435,1,1
165,cond_residual_t10,0.042188312858343124,0.046348944306373596,0.3198002278804779,0.06595510989427567,0.06470518559217453,-0.02376679703593254,-0.022516872733831406,1,1
166,cond_residual_t10,0.06420008838176727,0.06984974443912506,0.16706819832324982,0.07392732799053192,0.07050678879022598,-0.009727239608764648,-0.00630670040845871,1,1
167,cond_residual_t10,0.054947834461927414,0.05752110853791237,0.34648397564888,0.062389664351940155,0.05872470140457153,-0.007441829890012741,-0.0037768669426441193,1,1
168,cond_residual_t10,0.06734209507703781,0.06989672034978867,0.17364060878753662,0.0670127123594284,0.06333290040493011,0.0003293827176094055,0.0040091946721076965,0,0
169,cond_residual_t10,0.0508388876914978,0.056281160563230515,0.09855398535728455,0.0525335893034935,0.05150154232978821,-0.001694701611995697,-0.0006626546382904053,1,1
170,cond_residual_t10,0.050159621983766556,0.05561191588640213,0.11698362231254578,0.07352592051029205,0.06644164025783539,-0.023366298526525497,-0.016282018274068832,1,1
171,cond_residual_t10,0.04669922590255737,0.055100515484809875,0.19634084403514862,0.06817080080509186,0.05761592462658882,-0.021471574902534485,-0.010916698724031448,1,1
172,cond_residual_t10,0.06778382509946823,0.08103346824645996,0.44080156087875366,0.06448812782764435,0.0654531717300415,0.003295697271823883,0.0023306533694267273,0,0
173,cond_residual_t10,0.049439914524555206,0.0542452372610569,0.11830559372901917,0.05530258268117905,0.05465635657310486,-0.00586266815662384,-0.005216442048549652,1,1
174,cond_residual_t10,0.05606188252568245,0.062122952193021774,0.12919196486473083,0.0680345892906189,0.06301553547382355,-0.011972706764936447,-0.006953652948141098,1,1
175,cond_residual_t10,0.0548258014023304,0.059820327907800674,0.13632871210575104,0.06515919417142868,0.06814289093017578,-0.010333392769098282,-0.013317089527845383,1,1
176,cond_residual_t10,0.04925348982214928,0.05319948121905327,0.09327913075685501,0.06126191094517708,0.05899126082658768,-0.012008421123027802,-0.0097377710044384,1,1
177,cond_residual_t10,0.059133827686309814,0.06341852992773056,0.17600685358047485,0.06333308666944504,0.06726086139678955,-0.004199258983135223,-0.008127033710479736,1,1
178,cond_residual_t10,0.07292483747005463,0.08029899001121521,0.13539426028728485,0.06996317207813263,0.07316802442073822,0.002961665391921997,-0.00024318695068359375,0,1
179,cond_residual_t10,0.0656934455037117,0.07761011272668839,0.09799610078334808,0.05731259658932686,0.05721816420555115,0.008380848914384842,0.008475281298160553,0,0
180,cond_residual_t10,0.07469693571329117,0.07928632199764252,0.4251193106174469,0.07600606232881546,0.07601062953472137,-0.001309126615524292,-0.0013136938214302063,1,1
181,cond_residual_t10,0.06915454566478729,0.07697591185569763,0.16637620329856873,0.06523136049509048,0.06522451341152191,0.003923185169696808,0.003930032253265381,0,0
182,cond_residual_t10,0.04902380332350731,0.05570441484451294,0.1198604628443718,0.05938028544187546,0.0647834911942482,-0.010356482118368149,-0.01575968787074089,1,1
183,cond_residual_t10,0.06485429406166077,0.07198707014322281,0.14069737493991852,0.07407162338495255,0.08026652038097382,-0.009217329323291779,-0.01541222631931305,1,1
184,cond_residual_t10,0.05628360062837601,0.06222299113869667,0.1442263126373291,0.0715017318725586,0.0696566104888916,-0.015218131244182587,-0.013373009860515594,1,1
185,cond_residual_t10,0.07295990735292435,0.07726266980171204,0.11962136626243591,0.060521721839904785,0.05593245103955269,0.012438185513019562,0.01702745631337166,0,0
186,cond_residual_t10,0.05444735288619995,0.06343129277229309,0.1317700296640396,0.06369609385728836,0.05914529412984848,-0.00924874097108841,-0.004697941243648529,1,1
187,cond_residual_t10,0.06502866744995117,0.07017408311367035,0.15927225351333618,0.06392177939414978,0.0633501261472702,0.0011068880558013916,0.0016785413026809692,0,0
188,cond_residual_t10,0.07374008744955063,0.08073858171701431,0.47693443298339844,0.0653810128569603,0.059943217784166336,0.008359074592590332,0.013796869665384293,0,0
189,cond_residual_t10,0.058287642896175385,0.06907754391431808,0.14560729265213013,0.06656162440776825,0.06407876312732697,-0.008273981511592865,-0.005791120231151581,1,1
190,cond_residual_t10,0.05842933803796768,0.06912693381309509,0.161479189991951,0.06759876757860184,0.06681786477565765,-0.009169429540634155,-0.008388526737689972,1,1
191,cond_residual_t10,0.04229540005326271,0.04899919405579567,0.44854509830474854,0.06463374197483063,0.05775012820959091,-0.022338341921567917,-0.015454728156328201,1,1
192,cond_residual_t10,0.05493249371647835,0.06548258662223816,0.14016902446746826,0.05859602615237236,0.05712788179516792,-0.0036635324358940125,-0.002195388078689575,1,1
193,cond_residual_t10,0.07062727957963943,0.08012783527374268,0.15795588493347168,0.0729748010635376,0.07080189138650894,-0.002347521483898163,-0.00017461180686950684,1,1
194,cond_residual_t10,0.07760442793369293,0.08260182291269302,0.13545233011245728,0.06374062597751617,0.06193128973245621,0.013863801956176758,0.015673138201236725,0,0
195,cond_residual_t10,0.04761876165866852,0.050390712916851044,0.09654654562473297,0.054165881127119064,0.04776886850595474,-0.006547119468450546,-0.00015010684728622437,1,1
196,cond_residual_t10,0.08520300686359406,0.09502845257520676,0.1537417769432068,0.06728403270244598,0.06963903456926346,0.01791897416114807,0.015563972294330597,0,0
197,cond_residual_t10,0.067296601831913,0.0774097666144371,0.28751468658447266,0.08035345375537872,0.07578673213720322,-0.013056851923465729,-0.008490130305290222,1,1
198,cond_residual_t10,0.04920031502842903,0.05496850237250328,0.09299702197313309,0.05049503594636917,0.05181989073753357,-0.0012947209179401398,-0.002619575709104538,1,1
199,cond_residual_t10,0.08767365664243698,0.09682940691709518,0.38954612612724304,0.06212310865521431,0.058904193341732025,0.02555054798722267,0.028769463300704956,0,0
