metric,real_mean,gen_mean,real_std,gen_std,real_median,gen_median,real_q10,gen_q10,real_q90,gen_q90,mean_ratio_gen_over_real,std_ratio_gen_over_real
step_norm_all,0.297809,0.267930,0.169263,0.153969,0.295434,0.250053,0.060806,0.077784,0.515072,0.487031,0.899671,0.909647
avg_speed,0.297809,0.267930,0.149933,0.116629,0.288647,0.250384,0.103042,0.128780,0.496821,0.438388,0.899671,0.777873
total_length,5.658366,5.090668,2.848725,2.215945,5.484285,4.757296,1.957789,2.446817,9.439590,8.329378,0.899671,0.777873
endpoint_displacement,5.406358,4.198460,2.899876,2.508626,5.178068,3.797564,1.677124,1.342239,9.287703,7.890297,0.776578,0.865080
moving_ratio_global,0.898228,0.931127,0.201262,0.125200,1.000000,1.000000,0.526316,0.736842,1.000000,1.000000,1.036627,0.622072
propulsion_ratio,0.936432,0.783072,0.114091,0.232561,0.976247,0.882585,0.841869,0.401095,0.996548,0.986011,0.836230,2.038383
acc_rms,0.050731,0.067559,0.027135,0.020998,0.045872,0.064848,0.024890,0.041436,0.079625,0.096257,1.331721,0.773856
