variant,alpha0,beta,sigma0,degradation,conditional_source,ADE_noisy,ADE_cond,ADE_e1,ADE_e2,improves_vs_e1,ADE_gain_vs_e1,six_ADE_improved_count,mean_ADE_gain_vs_e1_across_6,mean_ADE_e2_across_6
V1_abs_anchor_smooth,0.0,0.01,0.5,gaussian_medium,archived_original,0.06256657093763351,0.05569539964199066,0.04826045036315918,0.059394340962171555,False,-0.011133890599012375,2,0.0029418508832653365,0.12598597910255194
V1_abs_anchor_smooth,0.0,0.01,0.5,drift_medium,archived_original,0.01764802448451519,0.03159075602889061,0.02327214553952217,0.018330028280615807,True,0.0049421172589063644,2,0.0029418508832653365,0.12598597910255194
V1_abs_anchor_smooth,0.0,0.01,0.5,burst_medium,archived_original,0.07475546002388,0.09188491106033325,0.07392223179340363,0.028923235833644867,True,0.04499899595975876,2,0.0029418508832653365,0.12598597910255194
V1_abs_anchor_smooth,0.0,0.01,0.5,bias_medium,archived_original,0.1889956295490265,0.18886825442314148,0.1876443475484848,0.18904109299182892,False,-0.0013967454433441162,2,0.0029418508832653365,0.12598597910255194
V1_abs_anchor_smooth,0.0,0.01,0.5,jump_medium,matched_protocol_recomputed,0.2633684277534485,0.24652285873889923,0.24626390635967255,0.26216042041778564,False,-0.015896514058113098,2,0.0029418508832653365,0.12598597910255194
V1_abs_anchor_smooth,0.0,0.01,0.5,combined_medium,matched_protocol_recomputed,0.1990637630224228,0.197429358959198,0.19420389831066132,0.19806675612926483,False,-0.0038628578186035156,2,0.0029418508832653365,0.12598597910255194
V1_abs_anchor_smooth,0.0,0.01,1.0,gaussian_medium,archived_original,0.06256657093763351,0.05569539964199066,0.04826045036315918,0.05432569980621338,False,-0.006065249443054199,2,0.0033176693444450698,0.1256101606413722
V1_abs_anchor_smooth,0.0,0.01,1.0,drift_medium,archived_original,0.01764802448451519,0.03159075602889061,0.02327214553952217,0.022355003282427788,True,0.0009171422570943832,2,0.0033176693444450698,0.1256101606413722
V1_abs_anchor_smooth,0.0,0.01,1.0,burst_medium,archived_original,0.07475546002388,0.09188491106033325,0.07392223179340363,0.03170615807175636,True,0.04221607372164726,2,0.0033176693444450698,0.1256101606413722
V1_abs_anchor_smooth,0.0,0.01,1.0,bias_medium,archived_original,0.1889956295490265,0.18886825442314148,0.1876443475484848,0.1893937736749649,False,-0.0017494261264801025,2,0.0033176693444450698,0.1256101606413722
V1_abs_anchor_smooth,0.0,0.01,1.0,jump_medium,matched_protocol_recomputed,0.2633684277534485,0.24652285873889923,0.24626390635967255,0.2596432566642761,False,-0.013379350304603577,2,0.0033176693444450698,0.1256101606413722
V1_abs_anchor_smooth,0.0,0.01,1.0,combined_medium,matched_protocol_recomputed,0.1990637630224228,0.197429358959198,0.19420389831066132,0.19623707234859467,False,-0.0020331740379333496,2,0.0033176693444450698,0.1256101606413722
V1_abs_anchor_smooth,0.0,0.05,0.5,gaussian_medium,archived_original,0.06256657093763351,0.05569539964199066,0.04826045036315918,0.053432803601026535,False,-0.005172353237867355,1,0.0033113559087117514,0.12561647407710552
V1_abs_anchor_smooth,0.0,0.05,0.5,drift_medium,archived_original,0.01764802448451519,0.03159075602889061,0.02327214553952217,0.023411955684423447,False,-0.00013981014490127563,1,0.0033113559087117514,0.12561647407710552
V1_abs_anchor_smooth,0.0,0.05,0.5,burst_medium,archived_original,0.07475546002388,0.09188491106033325,0.07392223179340363,0.032467301934957504,True,0.04145492985844612,1,0.0033113559087117514,0.12561647407710552
V1_abs_anchor_smooth,0.0,0.05,0.5,bias_medium,archived_original,0.1889956295490265,0.18886825442314148,0.1876443475484848,0.18952929973602295,False,-0.001884952187538147,1,0.0033113559087117514,0.12561647407710552
V1_abs_anchor_smooth,0.0,0.05,0.5,jump_medium,matched_protocol_recomputed,0.2633684277534485,0.24652285873889923,0.24626390635967255,0.259024053812027,False,-0.012760147452354431,1,0.0033113559087117514,0.12561647407710552
V1_abs_anchor_smooth,0.0,0.05,0.5,combined_medium,matched_protocol_recomputed,0.1990637630224228,0.197429358959198,0.19420389831066132,0.19583342969417572,False,-0.0016295313835144043,1,0.0033113559087117514,0.12561647407710552
V1_abs_anchor_smooth,0.0,0.05,1.0,gaussian_medium,archived_original,0.06256657093763351,0.05569539964199066,0.04826045036315918,0.04993055388331413,False,-0.001670103520154953,2,0.0023507370303074517,0.1265770929555098
V1_abs_anchor_smooth,0.0,0.05,1.0,drift_medium,archived_original,0.01764802448451519,0.03159075602889061,0.02327214553952217,0.031610678881406784,False,-0.008338533341884613,2,0.0023507370303074517,0.1265770929555098
V1_abs_anchor_smooth,0.0,0.05,1.0,burst_medium,archived_original,0.07475546002388,0.09188491106033325,0.07392223179340363,0.03926774859428406,True,0.03465448319911957,2,0.0023507370303074517,0.1265770929555098
V1_abs_anchor_smooth,0.0,0.05,1.0,bias_medium,archived_original,0.1889956295490265,0.18886825442314148,0.1876443475484848,0.19117645919322968,False,-0.003532111644744873,2,0.0023507370303074517,0.1265770929555098
V1_abs_anchor_smooth,0.0,0.05,1.0,jump_medium,matched_protocol_recomputed,0.2633684277534485,0.24652285873889923,0.24626390635967255,0.2540943920612335,False,-0.007830485701560974,2,0.0023507370303074517,0.1265770929555098
V1_abs_anchor_smooth,0.0,0.05,1.0,combined_medium,matched_protocol_recomputed,0.1990637630224228,0.197429358959198,0.19420389831066132,0.19338272511959076,True,0.0008211731910705566,2,0.0023507370303074517,0.1265770929555098
V1_abs_anchor_smooth,0.0,0.1,0.5,gaussian_medium,archived_original,0.06256657093763351,0.05569539964199066,0.04826045036315918,0.051243219524621964,False,-0.002982769161462784,1,0.00302765021721522,0.12590017976860204
V1_abs_anchor_smooth,0.0,0.1,0.5,drift_medium,archived_original,0.01764802448451519,0.03159075602889061,0.02327214553952217,0.027251455932855606,False,-0.003979310393333435,1,0.00302765021721522,0.12590017976860204
V1_abs_anchor_smooth,0.0,0.1,0.5,burst_medium,archived_original,0.07475546002388,0.09188491106033325,0.07392223179340363,0.03545346483588219,True,0.03846876695752144,1,0.00302765021721522,0.12590017976860204
V1_abs_anchor_smooth,0.0,0.1,0.5,bias_medium,archived_original,0.1889956295490265,0.18886825442314148,0.1876443475484848,0.19017215073108673,False,-0.0025278031826019287,1,0.00302765021721522,0.12590017976860204
V1_abs_anchor_smooth,0.0,0.1,0.5,jump_medium,matched_protocol_recomputed,0.2633684277534485,0.24652285873889923,0.24626390635967255,0.25675466656684875,False,-0.010490760207176208,1,0.00302765021721522,0.12590017976860204
V1_abs_anchor_smooth,0.0,0.1,0.5,combined_medium,matched_protocol_recomputed,0.1990637630224228,0.197429358959198,0.19420389831066132,0.19452612102031708,False,-0.0003222227096557617,1,0.00302765021721522,0.12590017976860204
V1_abs_anchor_smooth,0.0,0.1,1.0,gaussian_medium,archived_original,0.06256657093763351,0.05569539964199066,0.04826045036315918,0.049636248499155045,False,-0.0013757981359958649,2,0.0012894378354152043,0.12763839215040207
V1_abs_anchor_smooth,0.0,0.1,1.0,drift_medium,archived_original,0.01764802448451519,0.03159075602889061,0.02327214553952217,0.036153070628643036,False,-0.012880925089120865,2,0.0012894378354152043,0.12763839215040207
V1_abs_anchor_smooth,0.0,0.1,1.0,burst_medium,archived_original,0.07475546002388,0.09188491106033325,0.07392223179340363,0.04380786791443825,True,0.030114363878965378,2,0.0012894378354152043,0.12763839215040207
V1_abs_anchor_smooth,0.0,0.1,1.0,bias_medium,archived_original,0.1889956295490265,0.18886825442314148,0.1876443475484848,0.1924273669719696,False,-0.004783019423484802,2,0.0012894378354152043,0.12763839215040207
V1_abs_anchor_smooth,0.0,0.1,1.0,jump_medium,matched_protocol_recomputed,0.2633684277534485,0.24652285873889923,0.24626390635967255,0.25119975209236145,False,-0.004935845732688904,2,0.0012894378354152043,0.12763839215040207
V1_abs_anchor_smooth,0.0,0.1,1.0,combined_medium,matched_protocol_recomputed,0.1990637630224228,0.197429358959198,0.19420389831066132,0.19260604679584503,True,0.0015978515148162842,2,0.0012894378354152043,0.12763839215040207
V1_abs_anchor_smooth,0.0,0.2,0.5,gaussian_medium,archived_original,0.06256657093763351,0.05569539964199066,0.04826045036315918,0.049930572509765625,False,-0.0016701221466064453,2,0.0023504160344600677,0.12657741395135721
V1_abs_anchor_smooth,0.0,0.2,0.5,drift_medium,archived_original,0.01764802448451519,0.03159075602889061,0.02327214553952217,0.03161068633198738,False,-0.00833854079246521,2,0.0023504160344600677,0.12657741395135721
V1_abs_anchor_smooth,0.0,0.2,0.5,burst_medium,archived_original,0.07475546002388,0.09188491106033325,0.07392223179340363,0.03926945477724075,True,0.03465277701616287,2,0.0023504160344600677,0.12657741395135721
V1_abs_anchor_smooth,0.0,0.2,0.5,bias_medium,archived_original,0.1889956295490265,0.18886825442314148,0.1876443475484848,0.19117653369903564,False,-0.0035321861505508423,2,0.0023504160344600677,0.12657741395135721
V1_abs_anchor_smooth,0.0,0.2,0.5,jump_medium,matched_protocol_recomputed,0.2633684277534485,0.24652285873889923,0.24626390635967255,0.2540944218635559,False,-0.007830515503883362,2,0.0023504160344600677,0.12657741395135721
V1_abs_anchor_smooth,0.0,0.2,0.5,combined_medium,matched_protocol_recomputed,0.1990637630224228,0.197429358959198,0.19420389831066132,0.19338281452655792,True,0.0008210837841033936,2,0.0023504160344600677,0.12657741395135721
V1_abs_anchor_smooth,0.0,0.2,1.0,gaussian_medium,archived_original,0.06256657093763351,0.05569539964199066,0.04826045036315918,0.05053826421499252,False,-0.0022778138518333435,2,-0.00021456554532051086,0.1291423955311378
V1_abs_anchor_smooth,0.0,0.2,1.0,drift_medium,archived_original,0.01764802448451519,0.03159075602889061,0.02327214553952217,0.0409431979060173,False,-0.017671052366495132,2,-0.00021456554532051086,0.1291423955311378
V1_abs_anchor_smooth,0.0,0.2,1.0,burst_medium,archived_original,0.07475546002388,0.09188491106033325,0.07392223179340363,0.04916482791304588,True,0.024757403880357742,2,-0.00021456554532051086,0.1291423955311378
V1_abs_anchor_smooth,0.0,0.2,1.0,bias_medium,archived_original,0.1889956295490265,0.18886825442314148,0.1876443475484848,0.19375400245189667,False,-0.006109654903411865,2,-0.00021456554532051086,0.1291423955311378
V1_abs_anchor_smooth,0.0,0.2,1.0,jump_medium,matched_protocol_recomputed,0.2633684277534485,0.24652285873889923,0.24626390635967255,0.2482091188430786,False,-0.001945212483406067,2,-0.00021456554532051086,0.1291423955311378
V1_abs_anchor_smooth,0.0,0.2,1.0,combined_medium,matched_protocol_recomputed,0.1990637630224228,0.197429358959198,0.19420389831066132,0.19224496185779572,True,0.0019589364528656006,2,-0.00021456554532051086,0.1291423955311378
V1_abs_anchor_smooth,0.05,0.01,0.5,gaussian_medium,archived_original,0.06256657093763351,0.05569539964199066,0.04826045036315918,0.059394340962171555,False,-0.011133890599012375,2,0.0029418508832653365,0.12598597910255194
V1_abs_anchor_smooth,0.05,0.01,0.5,drift_medium,archived_original,0.01764802448451519,0.03159075602889061,0.02327214553952217,0.018330028280615807,True,0.0049421172589063644,2,0.0029418508832653365,0.12598597910255194
V1_abs_anchor_smooth,0.05,0.01,0.5,burst_medium,archived_original,0.07475546002388,0.09188491106033325,0.07392223179340363,0.028923235833644867,True,0.04499899595975876,2,0.0029418508832653365,0.12598597910255194
V1_abs_anchor_smooth,0.05,0.01,0.5,bias_medium,archived_original,0.1889956295490265,0.18886825442314148,0.1876443475484848,0.18904109299182892,False,-0.0013967454433441162,2,0.0029418508832653365,0.12598597910255194
V1_abs_anchor_smooth,0.05,0.01,0.5,jump_medium,matched_protocol_recomputed,0.2633684277534485,0.24652285873889923,0.24626390635967255,0.26216042041778564,False,-0.015896514058113098,2,0.0029418508832653365,0.12598597910255194
V1_abs_anchor_smooth,0.05,0.01,0.5,combined_medium,matched_protocol_recomputed,0.1990637630224228,0.197429358959198,0.19420389831066132,0.19806675612926483,False,-0.0038628578186035156,2,0.0029418508832653365,0.12598597910255194
V1_abs_anchor_smooth,0.05,0.01,1.0,gaussian_medium,archived_original,0.06256657093763351,0.05569539964199066,0.04826045036315918,0.05432569980621338,False,-0.006065249443054199,2,0.0033176693444450698,0.1256101606413722
V1_abs_anchor_smooth,0.05,0.01,1.0,drift_medium,archived_original,0.01764802448451519,0.03159075602889061,0.02327214553952217,0.022355003282427788,True,0.0009171422570943832,2,0.0033176693444450698,0.1256101606413722
V1_abs_anchor_smooth,0.05,0.01,1.0,burst_medium,archived_original,0.07475546002388,0.09188491106033325,0.07392223179340363,0.03170615807175636,True,0.04221607372164726,2,0.0033176693444450698,0.1256101606413722
V1_abs_anchor_smooth,0.05,0.01,1.0,bias_medium,archived_original,0.1889956295490265,0.18886825442314148,0.1876443475484848,0.1893937736749649,False,-0.0017494261264801025,2,0.0033176693444450698,0.1256101606413722
V1_abs_anchor_smooth,0.05,0.01,1.0,jump_medium,matched_protocol_recomputed,0.2633684277534485,0.24652285873889923,0.24626390635967255,0.2596432566642761,False,-0.013379350304603577,2,0.0033176693444450698,0.1256101606413722
V1_abs_anchor_smooth,0.05,0.01,1.0,combined_medium,matched_protocol_recomputed,0.1990637630224228,0.197429358959198,0.19420389831066132,0.19623707234859467,False,-0.0020331740379333496,2,0.0033176693444450698,0.1256101606413722
V1_abs_anchor_smooth,0.05,0.05,0.5,gaussian_medium,archived_original,0.06256657093763351,0.05569539964199066,0.04826045036315918,0.053432803601026535,False,-0.005172353237867355,1,0.0033113559087117514,0.12561647407710552
V1_abs_anchor_smooth,0.05,0.05,0.5,drift_medium,archived_original,0.01764802448451519,0.03159075602889061,0.02327214553952217,0.023411955684423447,False,-0.00013981014490127563,1,0.0033113559087117514,0.12561647407710552
V1_abs_anchor_smooth,0.05,0.05,0.5,burst_medium,archived_original,0.07475546002388,0.09188491106033325,0.07392223179340363,0.032467301934957504,True,0.04145492985844612,1,0.0033113559087117514,0.12561647407710552
V1_abs_anchor_smooth,0.05,0.05,0.5,bias_medium,archived_original,0.1889956295490265,0.18886825442314148,0.1876443475484848,0.18952929973602295,False,-0.001884952187538147,1,0.0033113559087117514,0.12561647407710552
V1_abs_anchor_smooth,0.05,0.05,0.5,jump_medium,matched_protocol_recomputed,0.2633684277534485,0.24652285873889923,0.24626390635967255,0.259024053812027,False,-0.012760147452354431,1,0.0033113559087117514,0.12561647407710552
V1_abs_anchor_smooth,0.05,0.05,0.5,combined_medium,matched_protocol_recomputed,0.1990637630224228,0.197429358959198,0.19420389831066132,0.19583342969417572,False,-0.0016295313835144043,1,0.0033113559087117514,0.12561647407710552
V1_abs_anchor_smooth,0.05,0.05,1.0,gaussian_medium,archived_original,0.06256657093763351,0.05569539964199066,0.04826045036315918,0.04993055388331413,False,-0.001670103520154953,2,0.0023507370303074517,0.1265770929555098
V1_abs_anchor_smooth,0.05,0.05,1.0,drift_medium,archived_original,0.01764802448451519,0.03159075602889061,0.02327214553952217,0.031610678881406784,False,-0.008338533341884613,2,0.0023507370303074517,0.1265770929555098
V1_abs_anchor_smooth,0.05,0.05,1.0,burst_medium,archived_original,0.07475546002388,0.09188491106033325,0.07392223179340363,0.03926774859428406,True,0.03465448319911957,2,0.0023507370303074517,0.1265770929555098
V1_abs_anchor_smooth,0.05,0.05,1.0,bias_medium,archived_original,0.1889956295490265,0.18886825442314148,0.1876443475484848,0.19117645919322968,False,-0.003532111644744873,2,0.0023507370303074517,0.1265770929555098
V1_abs_anchor_smooth,0.05,0.05,1.0,jump_medium,matched_protocol_recomputed,0.2633684277534485,0.24652285873889923,0.24626390635967255,0.2540943920612335,False,-0.007830485701560974,2,0.0023507370303074517,0.1265770929555098
V1_abs_anchor_smooth,0.05,0.05,1.0,combined_medium,matched_protocol_recomputed,0.1990637630224228,0.197429358959198,0.19420389831066132,0.19338272511959076,True,0.0008211731910705566,2,0.0023507370303074517,0.1265770929555098
V1_abs_anchor_smooth,0.05,0.1,0.5,gaussian_medium,archived_original,0.06256657093763351,0.05569539964199066,0.04826045036315918,0.051243219524621964,False,-0.002982769161462784,1,0.00302765021721522,0.12590017976860204
V1_abs_anchor_smooth,0.05,0.1,0.5,drift_medium,archived_original,0.01764802448451519,0.03159075602889061,0.02327214553952217,0.027251455932855606,False,-0.003979310393333435,1,0.00302765021721522,0.12590017976860204
V1_abs_anchor_smooth,0.05,0.1,0.5,burst_medium,archived_original,0.07475546002388,0.09188491106033325,0.07392223179340363,0.03545346483588219,True,0.03846876695752144,1,0.00302765021721522,0.12590017976860204
V1_abs_anchor_smooth,0.05,0.1,0.5,bias_medium,archived_original,0.1889956295490265,0.18886825442314148,0.1876443475484848,0.19017215073108673,False,-0.0025278031826019287,1,0.00302765021721522,0.12590017976860204
V1_abs_anchor_smooth,0.05,0.1,0.5,jump_medium,matched_protocol_recomputed,0.2633684277534485,0.24652285873889923,0.24626390635967255,0.25675466656684875,False,-0.010490760207176208,1,0.00302765021721522,0.12590017976860204
V1_abs_anchor_smooth,0.05,0.1,0.5,combined_medium,matched_protocol_recomputed,0.1990637630224228,0.197429358959198,0.19420389831066132,0.19452612102031708,False,-0.0003222227096557617,1,0.00302765021721522,0.12590017976860204
V1_abs_anchor_smooth,0.05,0.1,1.0,gaussian_medium,archived_original,0.06256657093763351,0.05569539964199066,0.04826045036315918,0.049636248499155045,False,-0.0013757981359958649,2,0.0012894378354152043,0.12763839215040207
V1_abs_anchor_smooth,0.05,0.1,1.0,drift_medium,archived_original,0.01764802448451519,0.03159075602889061,0.02327214553952217,0.036153070628643036,False,-0.012880925089120865,2,0.0012894378354152043,0.12763839215040207
V1_abs_anchor_smooth,0.05,0.1,1.0,burst_medium,archived_original,0.07475546002388,0.09188491106033325,0.07392223179340363,0.04380786791443825,True,0.030114363878965378,2,0.0012894378354152043,0.12763839215040207
V1_abs_anchor_smooth,0.05,0.1,1.0,bias_medium,archived_original,0.1889956295490265,0.18886825442314148,0.1876443475484848,0.1924273669719696,False,-0.004783019423484802,2,0.0012894378354152043,0.12763839215040207
V1_abs_anchor_smooth,0.05,0.1,1.0,jump_medium,matched_protocol_recomputed,0.2633684277534485,0.24652285873889923,0.24626390635967255,0.25119975209236145,False,-0.004935845732688904,2,0.0012894378354152043,0.12763839215040207
V1_abs_anchor_smooth,0.05,0.1,1.0,combined_medium,matched_protocol_recomputed,0.1990637630224228,0.197429358959198,0.19420389831066132,0.19260604679584503,True,0.0015978515148162842,2,0.0012894378354152043,0.12763839215040207
V1_abs_anchor_smooth,0.05,0.2,0.5,gaussian_medium,archived_original,0.06256657093763351,0.05569539964199066,0.04826045036315918,0.049930572509765625,False,-0.0016701221466064453,2,0.0023504160344600677,0.12657741395135721
V1_abs_anchor_smooth,0.05,0.2,0.5,drift_medium,archived_original,0.01764802448451519,0.03159075602889061,0.02327214553952217,0.03161068633198738,False,-0.00833854079246521,2,0.0023504160344600677,0.12657741395135721
V1_abs_anchor_smooth,0.05,0.2,0.5,burst_medium,archived_original,0.07475546002388,0.09188491106033325,0.07392223179340363,0.03926945477724075,True,0.03465277701616287,2,0.0023504160344600677,0.12657741395135721
V1_abs_anchor_smooth,0.05,0.2,0.5,bias_medium,archived_original,0.1889956295490265,0.18886825442314148,0.1876443475484848,0.19117653369903564,False,-0.0035321861505508423,2,0.0023504160344600677,0.12657741395135721
V1_abs_anchor_smooth,0.05,0.2,0.5,jump_medium,matched_protocol_recomputed,0.2633684277534485,0.24652285873889923,0.24626390635967255,0.2540944218635559,False,-0.007830515503883362,2,0.0023504160344600677,0.12657741395135721
V1_abs_anchor_smooth,0.05,0.2,0.5,combined_medium,matched_protocol_recomputed,0.1990637630224228,0.197429358959198,0.19420389831066132,0.19338281452655792,True,0.0008210837841033936,2,0.0023504160344600677,0.12657741395135721
V1_abs_anchor_smooth,0.05,0.2,1.0,gaussian_medium,archived_original,0.06256657093763351,0.05569539964199066,0.04826045036315918,0.05053826421499252,False,-0.0022778138518333435,2,-0.00021456554532051086,0.1291423955311378
V1_abs_anchor_smooth,0.05,0.2,1.0,drift_medium,archived_original,0.01764802448451519,0.03159075602889061,0.02327214553952217,0.0409431979060173,False,-0.017671052366495132,2,-0.00021456554532051086,0.1291423955311378
V1_abs_anchor_smooth,0.05,0.2,1.0,burst_medium,archived_original,0.07475546002388,0.09188491106033325,0.07392223179340363,0.04916482791304588,True,0.024757403880357742,2,-0.00021456554532051086,0.1291423955311378
V1_abs_anchor_smooth,0.05,0.2,1.0,bias_medium,archived_original,0.1889956295490265,0.18886825442314148,0.1876443475484848,0.19375400245189667,False,-0.006109654903411865,2,-0.00021456554532051086,0.1291423955311378
V1_abs_anchor_smooth,0.05,0.2,1.0,jump_medium,matched_protocol_recomputed,0.2633684277534485,0.24652285873889923,0.24626390635967255,0.2482091188430786,False,-0.001945212483406067,2,-0.00021456554532051086,0.1291423955311378
V1_abs_anchor_smooth,0.05,0.2,1.0,combined_medium,matched_protocol_recomputed,0.1990637630224228,0.197429358959198,0.19420389831066132,0.19224496185779572,True,0.0019589364528656006,2,-0.00021456554532051086,0.1291423955311378
V1_abs_anchor_smooth,0.1,0.01,0.5,gaussian_medium,archived_original,0.06256657093763351,0.05569539964199066,0.04826045036315918,0.059394340962171555,False,-0.011133890599012375,2,0.0029418508832653365,0.12598597910255194
V1_abs_anchor_smooth,0.1,0.01,0.5,drift_medium,archived_original,0.01764802448451519,0.03159075602889061,0.02327214553952217,0.018330028280615807,True,0.0049421172589063644,2,0.0029418508832653365,0.12598597910255194
V1_abs_anchor_smooth,0.1,0.01,0.5,burst_medium,archived_original,0.07475546002388,0.09188491106033325,0.07392223179340363,0.028923235833644867,True,0.04499899595975876,2,0.0029418508832653365,0.12598597910255194
V1_abs_anchor_smooth,0.1,0.01,0.5,bias_medium,archived_original,0.1889956295490265,0.18886825442314148,0.1876443475484848,0.18904109299182892,False,-0.0013967454433441162,2,0.0029418508832653365,0.12598597910255194
V1_abs_anchor_smooth,0.1,0.01,0.5,jump_medium,matched_protocol_recomputed,0.2633684277534485,0.24652285873889923,0.24626390635967255,0.26216042041778564,False,-0.015896514058113098,2,0.0029418508832653365,0.12598597910255194
V1_abs_anchor_smooth,0.1,0.01,0.5,combined_medium,matched_protocol_recomputed,0.1990637630224228,0.197429358959198,0.19420389831066132,0.19806675612926483,False,-0.0038628578186035156,2,0.0029418508832653365,0.12598597910255194
V1_abs_anchor_smooth,0.1,0.01,1.0,gaussian_medium,archived_original,0.06256657093763351,0.05569539964199066,0.04826045036315918,0.05432569980621338,False,-0.006065249443054199,2,0.0033176693444450698,0.1256101606413722
V1_abs_anchor_smooth,0.1,0.01,1.0,drift_medium,archived_original,0.01764802448451519,0.03159075602889061,0.02327214553952217,0.022355003282427788,True,0.0009171422570943832,2,0.0033176693444450698,0.1256101606413722
V1_abs_anchor_smooth,0.1,0.01,1.0,burst_medium,archived_original,0.07475546002388,0.09188491106033325,0.07392223179340363,0.03170615807175636,True,0.04221607372164726,2,0.0033176693444450698,0.1256101606413722
V1_abs_anchor_smooth,0.1,0.01,1.0,bias_medium,archived_original,0.1889956295490265,0.18886825442314148,0.1876443475484848,0.1893937736749649,False,-0.0017494261264801025,2,0.0033176693444450698,0.1256101606413722
V1_abs_anchor_smooth,0.1,0.01,1.0,jump_medium,matched_protocol_recomputed,0.2633684277534485,0.24652285873889923,0.24626390635967255,0.2596432566642761,False,-0.013379350304603577,2,0.0033176693444450698,0.1256101606413722
V1_abs_anchor_smooth,0.1,0.01,1.0,combined_medium,matched_protocol_recomputed,0.1990637630224228,0.197429358959198,0.19420389831066132,0.19623707234859467,False,-0.0020331740379333496,2,0.0033176693444450698,0.1256101606413722
V1_abs_anchor_smooth,0.1,0.05,0.5,gaussian_medium,archived_original,0.06256657093763351,0.05569539964199066,0.04826045036315918,0.053432803601026535,False,-0.005172353237867355,1,0.0033113559087117514,0.12561647407710552
V1_abs_anchor_smooth,0.1,0.05,0.5,drift_medium,archived_original,0.01764802448451519,0.03159075602889061,0.02327214553952217,0.023411955684423447,False,-0.00013981014490127563,1,0.0033113559087117514,0.12561647407710552
V1_abs_anchor_smooth,0.1,0.05,0.5,burst_medium,archived_original,0.07475546002388,0.09188491106033325,0.07392223179340363,0.032467301934957504,True,0.04145492985844612,1,0.0033113559087117514,0.12561647407710552
V1_abs_anchor_smooth,0.1,0.05,0.5,bias_medium,archived_original,0.1889956295490265,0.18886825442314148,0.1876443475484848,0.18952929973602295,False,-0.001884952187538147,1,0.0033113559087117514,0.12561647407710552
V1_abs_anchor_smooth,0.1,0.05,0.5,jump_medium,matched_protocol_recomputed,0.2633684277534485,0.24652285873889923,0.24626390635967255,0.259024053812027,False,-0.012760147452354431,1,0.0033113559087117514,0.12561647407710552
V1_abs_anchor_smooth,0.1,0.05,0.5,combined_medium,matched_protocol_recomputed,0.1990637630224228,0.197429358959198,0.19420389831066132,0.19583342969417572,False,-0.0016295313835144043,1,0.0033113559087117514,0.12561647407710552
V1_abs_anchor_smooth,0.1,0.05,1.0,gaussian_medium,archived_original,0.06256657093763351,0.05569539964199066,0.04826045036315918,0.04993055388331413,False,-0.001670103520154953,2,0.0023507370303074517,0.1265770929555098
V1_abs_anchor_smooth,0.1,0.05,1.0,drift_medium,archived_original,0.01764802448451519,0.03159075602889061,0.02327214553952217,0.031610678881406784,False,-0.008338533341884613,2,0.0023507370303074517,0.1265770929555098
V1_abs_anchor_smooth,0.1,0.05,1.0,burst_medium,archived_original,0.07475546002388,0.09188491106033325,0.07392223179340363,0.03926774859428406,True,0.03465448319911957,2,0.0023507370303074517,0.1265770929555098
V1_abs_anchor_smooth,0.1,0.05,1.0,bias_medium,archived_original,0.1889956295490265,0.18886825442314148,0.1876443475484848,0.19117645919322968,False,-0.003532111644744873,2,0.0023507370303074517,0.1265770929555098
V1_abs_anchor_smooth,0.1,0.05,1.0,jump_medium,matched_protocol_recomputed,0.2633684277534485,0.24652285873889923,0.24626390635967255,0.2540943920612335,False,-0.007830485701560974,2,0.0023507370303074517,0.1265770929555098
V1_abs_anchor_smooth,0.1,0.05,1.0,combined_medium,matched_protocol_recomputed,0.1990637630224228,0.197429358959198,0.19420389831066132,0.19338272511959076,True,0.0008211731910705566,2,0.0023507370303074517,0.1265770929555098
V1_abs_anchor_smooth,0.1,0.1,0.5,gaussian_medium,archived_original,0.06256657093763351,0.05569539964199066,0.04826045036315918,0.051243219524621964,False,-0.002982769161462784,1,0.00302765021721522,0.12590017976860204
V1_abs_anchor_smooth,0.1,0.1,0.5,drift_medium,archived_original,0.01764802448451519,0.03159075602889061,0.02327214553952217,0.027251455932855606,False,-0.003979310393333435,1,0.00302765021721522,0.12590017976860204
V1_abs_anchor_smooth,0.1,0.1,0.5,burst_medium,archived_original,0.07475546002388,0.09188491106033325,0.07392223179340363,0.03545346483588219,True,0.03846876695752144,1,0.00302765021721522,0.12590017976860204
V1_abs_anchor_smooth,0.1,0.1,0.5,bias_medium,archived_original,0.1889956295490265,0.18886825442314148,0.1876443475484848,0.19017215073108673,False,-0.0025278031826019287,1,0.00302765021721522,0.12590017976860204
V1_abs_anchor_smooth,0.1,0.1,0.5,jump_medium,matched_protocol_recomputed,0.2633684277534485,0.24652285873889923,0.24626390635967255,0.25675466656684875,False,-0.010490760207176208,1,0.00302765021721522,0.12590017976860204
V1_abs_anchor_smooth,0.1,0.1,0.5,combined_medium,matched_protocol_recomputed,0.1990637630224228,0.197429358959198,0.19420389831066132,0.19452612102031708,False,-0.0003222227096557617,1,0.00302765021721522,0.12590017976860204
V1_abs_anchor_smooth,0.1,0.1,1.0,gaussian_medium,archived_original,0.06256657093763351,0.05569539964199066,0.04826045036315918,0.049636248499155045,False,-0.0013757981359958649,2,0.0012894378354152043,0.12763839215040207
V1_abs_anchor_smooth,0.1,0.1,1.0,drift_medium,archived_original,0.01764802448451519,0.03159075602889061,0.02327214553952217,0.036153070628643036,False,-0.012880925089120865,2,0.0012894378354152043,0.12763839215040207
V1_abs_anchor_smooth,0.1,0.1,1.0,burst_medium,archived_original,0.07475546002388,0.09188491106033325,0.07392223179340363,0.04380786791443825,True,0.030114363878965378,2,0.0012894378354152043,0.12763839215040207
V1_abs_anchor_smooth,0.1,0.1,1.0,bias_medium,archived_original,0.1889956295490265,0.18886825442314148,0.1876443475484848,0.1924273669719696,False,-0.004783019423484802,2,0.0012894378354152043,0.12763839215040207
V1_abs_anchor_smooth,0.1,0.1,1.0,jump_medium,matched_protocol_recomputed,0.2633684277534485,0.24652285873889923,0.24626390635967255,0.25119975209236145,False,-0.004935845732688904,2,0.0012894378354152043,0.12763839215040207
V1_abs_anchor_smooth,0.1,0.1,1.0,combined_medium,matched_protocol_recomputed,0.1990637630224228,0.197429358959198,0.19420389831066132,0.19260604679584503,True,0.0015978515148162842,2,0.0012894378354152043,0.12763839215040207
V1_abs_anchor_smooth,0.1,0.2,0.5,gaussian_medium,archived_original,0.06256657093763351,0.05569539964199066,0.04826045036315918,0.049930572509765625,False,-0.0016701221466064453,2,0.0023504160344600677,0.12657741395135721
V1_abs_anchor_smooth,0.1,0.2,0.5,drift_medium,archived_original,0.01764802448451519,0.03159075602889061,0.02327214553952217,0.03161068633198738,False,-0.00833854079246521,2,0.0023504160344600677,0.12657741395135721
V1_abs_anchor_smooth,0.1,0.2,0.5,burst_medium,archived_original,0.07475546002388,0.09188491106033325,0.07392223179340363,0.03926945477724075,True,0.03465277701616287,2,0.0023504160344600677,0.12657741395135721
V1_abs_anchor_smooth,0.1,0.2,0.5,bias_medium,archived_original,0.1889956295490265,0.18886825442314148,0.1876443475484848,0.19117653369903564,False,-0.0035321861505508423,2,0.0023504160344600677,0.12657741395135721
V1_abs_anchor_smooth,0.1,0.2,0.5,jump_medium,matched_protocol_recomputed,0.2633684277534485,0.24652285873889923,0.24626390635967255,0.2540944218635559,False,-0.007830515503883362,2,0.0023504160344600677,0.12657741395135721
V1_abs_anchor_smooth,0.1,0.2,0.5,combined_medium,matched_protocol_recomputed,0.1990637630224228,0.197429358959198,0.19420389831066132,0.19338281452655792,True,0.0008210837841033936,2,0.0023504160344600677,0.12657741395135721
V1_abs_anchor_smooth,0.1,0.2,1.0,gaussian_medium,archived_original,0.06256657093763351,0.05569539964199066,0.04826045036315918,0.05053826421499252,False,-0.0022778138518333435,2,-0.00021456554532051086,0.1291423955311378
V1_abs_anchor_smooth,0.1,0.2,1.0,drift_medium,archived_original,0.01764802448451519,0.03159075602889061,0.02327214553952217,0.0409431979060173,False,-0.017671052366495132,2,-0.00021456554532051086,0.1291423955311378
V1_abs_anchor_smooth,0.1,0.2,1.0,burst_medium,archived_original,0.07475546002388,0.09188491106033325,0.07392223179340363,0.04916482791304588,True,0.024757403880357742,2,-0.00021456554532051086,0.1291423955311378
V1_abs_anchor_smooth,0.1,0.2,1.0,bias_medium,archived_original,0.1889956295490265,0.18886825442314148,0.1876443475484848,0.19375400245189667,False,-0.006109654903411865,2,-0.00021456554532051086,0.1291423955311378
V1_abs_anchor_smooth,0.1,0.2,1.0,jump_medium,matched_protocol_recomputed,0.2633684277534485,0.24652285873889923,0.24626390635967255,0.2482091188430786,False,-0.001945212483406067,2,-0.00021456554532051086,0.1291423955311378
V1_abs_anchor_smooth,0.1,0.2,1.0,combined_medium,matched_protocol_recomputed,0.1990637630224228,0.197429358959198,0.19420389831066132,0.19224496185779572,True,0.0019589364528656006,2,-0.00021456554532051086,0.1291423955311378
V1_abs_anchor_smooth,0.2,0.01,0.5,gaussian_medium,archived_original,0.06256657093763351,0.05569539964199066,0.04826045036315918,0.059394340962171555,False,-0.011133890599012375,2,0.0029418508832653365,0.12598597910255194
V1_abs_anchor_smooth,0.2,0.01,0.5,drift_medium,archived_original,0.01764802448451519,0.03159075602889061,0.02327214553952217,0.018330028280615807,True,0.0049421172589063644,2,0.0029418508832653365,0.12598597910255194
V1_abs_anchor_smooth,0.2,0.01,0.5,burst_medium,archived_original,0.07475546002388,0.09188491106033325,0.07392223179340363,0.028923235833644867,True,0.04499899595975876,2,0.0029418508832653365,0.12598597910255194
V1_abs_anchor_smooth,0.2,0.01,0.5,bias_medium,archived_original,0.1889956295490265,0.18886825442314148,0.1876443475484848,0.18904109299182892,False,-0.0013967454433441162,2,0.0029418508832653365,0.12598597910255194
V1_abs_anchor_smooth,0.2,0.01,0.5,jump_medium,matched_protocol_recomputed,0.2633684277534485,0.24652285873889923,0.24626390635967255,0.26216042041778564,False,-0.015896514058113098,2,0.0029418508832653365,0.12598597910255194
V1_abs_anchor_smooth,0.2,0.01,0.5,combined_medium,matched_protocol_recomputed,0.1990637630224228,0.197429358959198,0.19420389831066132,0.19806675612926483,False,-0.0038628578186035156,2,0.0029418508832653365,0.12598597910255194
V1_abs_anchor_smooth,0.2,0.01,1.0,gaussian_medium,archived_original,0.06256657093763351,0.05569539964199066,0.04826045036315918,0.05432569980621338,False,-0.006065249443054199,2,0.0033176693444450698,0.1256101606413722
V1_abs_anchor_smooth,0.2,0.01,1.0,drift_medium,archived_original,0.01764802448451519,0.03159075602889061,0.02327214553952217,0.022355003282427788,True,0.0009171422570943832,2,0.0033176693444450698,0.1256101606413722
V1_abs_anchor_smooth,0.2,0.01,1.0,burst_medium,archived_original,0.07475546002388,0.09188491106033325,0.07392223179340363,0.03170615807175636,True,0.04221607372164726,2,0.0033176693444450698,0.1256101606413722
V1_abs_anchor_smooth,0.2,0.01,1.0,bias_medium,archived_original,0.1889956295490265,0.18886825442314148,0.1876443475484848,0.1893937736749649,False,-0.0017494261264801025,2,0.0033176693444450698,0.1256101606413722
V1_abs_anchor_smooth,0.2,0.01,1.0,jump_medium,matched_protocol_recomputed,0.2633684277534485,0.24652285873889923,0.24626390635967255,0.2596432566642761,False,-0.013379350304603577,2,0.0033176693444450698,0.1256101606413722
V1_abs_anchor_smooth,0.2,0.01,1.0,combined_medium,matched_protocol_recomputed,0.1990637630224228,0.197429358959198,0.19420389831066132,0.19623707234859467,False,-0.0020331740379333496,2,0.0033176693444450698,0.1256101606413722
V1_abs_anchor_smooth,0.2,0.05,0.5,gaussian_medium,archived_original,0.06256657093763351,0.05569539964199066,0.04826045036315918,0.053432803601026535,False,-0.005172353237867355,1,0.0033113559087117514,0.12561647407710552
V1_abs_anchor_smooth,0.2,0.05,0.5,drift_medium,archived_original,0.01764802448451519,0.03159075602889061,0.02327214553952217,0.023411955684423447,False,-0.00013981014490127563,1,0.0033113559087117514,0.12561647407710552
V1_abs_anchor_smooth,0.2,0.05,0.5,burst_medium,archived_original,0.07475546002388,0.09188491106033325,0.07392223179340363,0.032467301934957504,True,0.04145492985844612,1,0.0033113559087117514,0.12561647407710552
V1_abs_anchor_smooth,0.2,0.05,0.5,bias_medium,archived_original,0.1889956295490265,0.18886825442314148,0.1876443475484848,0.18952929973602295,False,-0.001884952187538147,1,0.0033113559087117514,0.12561647407710552
V1_abs_anchor_smooth,0.2,0.05,0.5,jump_medium,matched_protocol_recomputed,0.2633684277534485,0.24652285873889923,0.24626390635967255,0.259024053812027,False,-0.012760147452354431,1,0.0033113559087117514,0.12561647407710552
V1_abs_anchor_smooth,0.2,0.05,0.5,combined_medium,matched_protocol_recomputed,0.1990637630224228,0.197429358959198,0.19420389831066132,0.19583342969417572,False,-0.0016295313835144043,1,0.0033113559087117514,0.12561647407710552
V1_abs_anchor_smooth,0.2,0.05,1.0,gaussian_medium,archived_original,0.06256657093763351,0.05569539964199066,0.04826045036315918,0.04993055388331413,False,-0.001670103520154953,2,0.0023507370303074517,0.1265770929555098
V1_abs_anchor_smooth,0.2,0.05,1.0,drift_medium,archived_original,0.01764802448451519,0.03159075602889061,0.02327214553952217,0.031610678881406784,False,-0.008338533341884613,2,0.0023507370303074517,0.1265770929555098
V1_abs_anchor_smooth,0.2,0.05,1.0,burst_medium,archived_original,0.07475546002388,0.09188491106033325,0.07392223179340363,0.03926774859428406,True,0.03465448319911957,2,0.0023507370303074517,0.1265770929555098
V1_abs_anchor_smooth,0.2,0.05,1.0,bias_medium,archived_original,0.1889956295490265,0.18886825442314148,0.1876443475484848,0.19117645919322968,False,-0.003532111644744873,2,0.0023507370303074517,0.1265770929555098
V1_abs_anchor_smooth,0.2,0.05,1.0,jump_medium,matched_protocol_recomputed,0.2633684277534485,0.24652285873889923,0.24626390635967255,0.2540943920612335,False,-0.007830485701560974,2,0.0023507370303074517,0.1265770929555098
V1_abs_anchor_smooth,0.2,0.05,1.0,combined_medium,matched_protocol_recomputed,0.1990637630224228,0.197429358959198,0.19420389831066132,0.19338272511959076,True,0.0008211731910705566,2,0.0023507370303074517,0.1265770929555098
V1_abs_anchor_smooth,0.2,0.1,0.5,gaussian_medium,archived_original,0.06256657093763351,0.05569539964199066,0.04826045036315918,0.051243219524621964,False,-0.002982769161462784,1,0.00302765021721522,0.12590017976860204
V1_abs_anchor_smooth,0.2,0.1,0.5,drift_medium,archived_original,0.01764802448451519,0.03159075602889061,0.02327214553952217,0.027251455932855606,False,-0.003979310393333435,1,0.00302765021721522,0.12590017976860204
V1_abs_anchor_smooth,0.2,0.1,0.5,burst_medium,archived_original,0.07475546002388,0.09188491106033325,0.07392223179340363,0.03545346483588219,True,0.03846876695752144,1,0.00302765021721522,0.12590017976860204
V1_abs_anchor_smooth,0.2,0.1,0.5,bias_medium,archived_original,0.1889956295490265,0.18886825442314148,0.1876443475484848,0.19017215073108673,False,-0.0025278031826019287,1,0.00302765021721522,0.12590017976860204
V1_abs_anchor_smooth,0.2,0.1,0.5,jump_medium,matched_protocol_recomputed,0.2633684277534485,0.24652285873889923,0.24626390635967255,0.25675466656684875,False,-0.010490760207176208,1,0.00302765021721522,0.12590017976860204
V1_abs_anchor_smooth,0.2,0.1,0.5,combined_medium,matched_protocol_recomputed,0.1990637630224228,0.197429358959198,0.19420389831066132,0.19452612102031708,False,-0.0003222227096557617,1,0.00302765021721522,0.12590017976860204
V1_abs_anchor_smooth,0.2,0.1,1.0,gaussian_medium,archived_original,0.06256657093763351,0.05569539964199066,0.04826045036315918,0.049636248499155045,False,-0.0013757981359958649,2,0.0012894378354152043,0.12763839215040207
V1_abs_anchor_smooth,0.2,0.1,1.0,drift_medium,archived_original,0.01764802448451519,0.03159075602889061,0.02327214553952217,0.036153070628643036,False,-0.012880925089120865,2,0.0012894378354152043,0.12763839215040207
V1_abs_anchor_smooth,0.2,0.1,1.0,burst_medium,archived_original,0.07475546002388,0.09188491106033325,0.07392223179340363,0.04380786791443825,True,0.030114363878965378,2,0.0012894378354152043,0.12763839215040207
V1_abs_anchor_smooth,0.2,0.1,1.0,bias_medium,archived_original,0.1889956295490265,0.18886825442314148,0.1876443475484848,0.1924273669719696,False,-0.004783019423484802,2,0.0012894378354152043,0.12763839215040207
V1_abs_anchor_smooth,0.2,0.1,1.0,jump_medium,matched_protocol_recomputed,0.2633684277534485,0.24652285873889923,0.24626390635967255,0.25119975209236145,False,-0.004935845732688904,2,0.0012894378354152043,0.12763839215040207
V1_abs_anchor_smooth,0.2,0.1,1.0,combined_medium,matched_protocol_recomputed,0.1990637630224228,0.197429358959198,0.19420389831066132,0.19260604679584503,True,0.0015978515148162842,2,0.0012894378354152043,0.12763839215040207
V1_abs_anchor_smooth,0.2,0.2,0.5,gaussian_medium,archived_original,0.06256657093763351,0.05569539964199066,0.04826045036315918,0.049930572509765625,False,-0.0016701221466064453,2,0.0023504160344600677,0.12657741395135721
V1_abs_anchor_smooth,0.2,0.2,0.5,drift_medium,archived_original,0.01764802448451519,0.03159075602889061,0.02327214553952217,0.03161068633198738,False,-0.00833854079246521,2,0.0023504160344600677,0.12657741395135721
V1_abs_anchor_smooth,0.2,0.2,0.5,burst_medium,archived_original,0.07475546002388,0.09188491106033325,0.07392223179340363,0.03926945477724075,True,0.03465277701616287,2,0.0023504160344600677,0.12657741395135721
V1_abs_anchor_smooth,0.2,0.2,0.5,bias_medium,archived_original,0.1889956295490265,0.18886825442314148,0.1876443475484848,0.19117653369903564,False,-0.0035321861505508423,2,0.0023504160344600677,0.12657741395135721
V1_abs_anchor_smooth,0.2,0.2,0.5,jump_medium,matched_protocol_recomputed,0.2633684277534485,0.24652285873889923,0.24626390635967255,0.2540944218635559,False,-0.007830515503883362,2,0.0023504160344600677,0.12657741395135721
V1_abs_anchor_smooth,0.2,0.2,0.5,combined_medium,matched_protocol_recomputed,0.1990637630224228,0.197429358959198,0.19420389831066132,0.19338281452655792,True,0.0008210837841033936,2,0.0023504160344600677,0.12657741395135721
V1_abs_anchor_smooth,0.2,0.2,1.0,gaussian_medium,archived_original,0.06256657093763351,0.05569539964199066,0.04826045036315918,0.05053826421499252,False,-0.0022778138518333435,2,-0.00021456554532051086,0.1291423955311378
V1_abs_anchor_smooth,0.2,0.2,1.0,drift_medium,archived_original,0.01764802448451519,0.03159075602889061,0.02327214553952217,0.0409431979060173,False,-0.017671052366495132,2,-0.00021456554532051086,0.1291423955311378
V1_abs_anchor_smooth,0.2,0.2,1.0,burst_medium,archived_original,0.07475546002388,0.09188491106033325,0.07392223179340363,0.04916482791304588,True,0.024757403880357742,2,-0.00021456554532051086,0.1291423955311378
V1_abs_anchor_smooth,0.2,0.2,1.0,bias_medium,archived_original,0.1889956295490265,0.18886825442314148,0.1876443475484848,0.19375400245189667,False,-0.006109654903411865,2,-0.00021456554532051086,0.1291423955311378
V1_abs_anchor_smooth,0.2,0.2,1.0,jump_medium,matched_protocol_recomputed,0.2633684277534485,0.24652285873889923,0.24626390635967255,0.2482091188430786,False,-0.001945212483406067,2,-0.00021456554532051086,0.1291423955311378
V1_abs_anchor_smooth,0.2,0.2,1.0,combined_medium,matched_protocol_recomputed,0.1990637630224228,0.197429358959198,0.19420389831066132,0.19224496185779572,True,0.0019589364528656006,2,-0.00021456554532051086,0.1291423955311378
V1_abs_anchor_smooth,0.5,0.01,0.5,gaussian_medium,archived_original,0.06256657093763351,0.05569539964199066,0.04826045036315918,0.059394340962171555,False,-0.011133890599012375,2,0.0029418508832653365,0.12598597910255194
V1_abs_anchor_smooth,0.5,0.01,0.5,drift_medium,archived_original,0.01764802448451519,0.03159075602889061,0.02327214553952217,0.018330028280615807,True,0.0049421172589063644,2,0.0029418508832653365,0.12598597910255194
V1_abs_anchor_smooth,0.5,0.01,0.5,burst_medium,archived_original,0.07475546002388,0.09188491106033325,0.07392223179340363,0.028923235833644867,True,0.04499899595975876,2,0.0029418508832653365,0.12598597910255194
V1_abs_anchor_smooth,0.5,0.01,0.5,bias_medium,archived_original,0.1889956295490265,0.18886825442314148,0.1876443475484848,0.18904109299182892,False,-0.0013967454433441162,2,0.0029418508832653365,0.12598597910255194
V1_abs_anchor_smooth,0.5,0.01,0.5,jump_medium,matched_protocol_recomputed,0.2633684277534485,0.24652285873889923,0.24626390635967255,0.26216042041778564,False,-0.015896514058113098,2,0.0029418508832653365,0.12598597910255194
V1_abs_anchor_smooth,0.5,0.01,0.5,combined_medium,matched_protocol_recomputed,0.1990637630224228,0.197429358959198,0.19420389831066132,0.19806675612926483,False,-0.0038628578186035156,2,0.0029418508832653365,0.12598597910255194
V1_abs_anchor_smooth,0.5,0.01,1.0,gaussian_medium,archived_original,0.06256657093763351,0.05569539964199066,0.04826045036315918,0.05432569980621338,False,-0.006065249443054199,2,0.0033176693444450698,0.1256101606413722
V1_abs_anchor_smooth,0.5,0.01,1.0,drift_medium,archived_original,0.01764802448451519,0.03159075602889061,0.02327214553952217,0.022355003282427788,True,0.0009171422570943832,2,0.0033176693444450698,0.1256101606413722
V1_abs_anchor_smooth,0.5,0.01,1.0,burst_medium,archived_original,0.07475546002388,0.09188491106033325,0.07392223179340363,0.03170615807175636,True,0.04221607372164726,2,0.0033176693444450698,0.1256101606413722
V1_abs_anchor_smooth,0.5,0.01,1.0,bias_medium,archived_original,0.1889956295490265,0.18886825442314148,0.1876443475484848,0.1893937736749649,False,-0.0017494261264801025,2,0.0033176693444450698,0.1256101606413722
V1_abs_anchor_smooth,0.5,0.01,1.0,jump_medium,matched_protocol_recomputed,0.2633684277534485,0.24652285873889923,0.24626390635967255,0.2596432566642761,False,-0.013379350304603577,2,0.0033176693444450698,0.1256101606413722
V1_abs_anchor_smooth,0.5,0.01,1.0,combined_medium,matched_protocol_recomputed,0.1990637630224228,0.197429358959198,0.19420389831066132,0.19623707234859467,False,-0.0020331740379333496,2,0.0033176693444450698,0.1256101606413722
V1_abs_anchor_smooth,0.5,0.05,0.5,gaussian_medium,archived_original,0.06256657093763351,0.05569539964199066,0.04826045036315918,0.053432803601026535,False,-0.005172353237867355,1,0.0033113559087117514,0.12561647407710552
V1_abs_anchor_smooth,0.5,0.05,0.5,drift_medium,archived_original,0.01764802448451519,0.03159075602889061,0.02327214553952217,0.023411955684423447,False,-0.00013981014490127563,1,0.0033113559087117514,0.12561647407710552
V1_abs_anchor_smooth,0.5,0.05,0.5,burst_medium,archived_original,0.07475546002388,0.09188491106033325,0.07392223179340363,0.032467301934957504,True,0.04145492985844612,1,0.0033113559087117514,0.12561647407710552
V1_abs_anchor_smooth,0.5,0.05,0.5,bias_medium,archived_original,0.1889956295490265,0.18886825442314148,0.1876443475484848,0.18952929973602295,False,-0.001884952187538147,1,0.0033113559087117514,0.12561647407710552
V1_abs_anchor_smooth,0.5,0.05,0.5,jump_medium,matched_protocol_recomputed,0.2633684277534485,0.24652285873889923,0.24626390635967255,0.259024053812027,False,-0.012760147452354431,1,0.0033113559087117514,0.12561647407710552
V1_abs_anchor_smooth,0.5,0.05,0.5,combined_medium,matched_protocol_recomputed,0.1990637630224228,0.197429358959198,0.19420389831066132,0.19583342969417572,False,-0.0016295313835144043,1,0.0033113559087117514,0.12561647407710552
V1_abs_anchor_smooth,0.5,0.05,1.0,gaussian_medium,archived_original,0.06256657093763351,0.05569539964199066,0.04826045036315918,0.04993055388331413,False,-0.001670103520154953,2,0.0023507370303074517,0.1265770929555098
V1_abs_anchor_smooth,0.5,0.05,1.0,drift_medium,archived_original,0.01764802448451519,0.03159075602889061,0.02327214553952217,0.031610678881406784,False,-0.008338533341884613,2,0.0023507370303074517,0.1265770929555098
V1_abs_anchor_smooth,0.5,0.05,1.0,burst_medium,archived_original,0.07475546002388,0.09188491106033325,0.07392223179340363,0.03926774859428406,True,0.03465448319911957,2,0.0023507370303074517,0.1265770929555098
V1_abs_anchor_smooth,0.5,0.05,1.0,bias_medium,archived_original,0.1889956295490265,0.18886825442314148,0.1876443475484848,0.19117645919322968,False,-0.003532111644744873,2,0.0023507370303074517,0.1265770929555098
V1_abs_anchor_smooth,0.5,0.05,1.0,jump_medium,matched_protocol_recomputed,0.2633684277534485,0.24652285873889923,0.24626390635967255,0.2540943920612335,False,-0.007830485701560974,2,0.0023507370303074517,0.1265770929555098
V1_abs_anchor_smooth,0.5,0.05,1.0,combined_medium,matched_protocol_recomputed,0.1990637630224228,0.197429358959198,0.19420389831066132,0.19338272511959076,True,0.0008211731910705566,2,0.0023507370303074517,0.1265770929555098
V1_abs_anchor_smooth,0.5,0.1,0.5,gaussian_medium,archived_original,0.06256657093763351,0.05569539964199066,0.04826045036315918,0.051243219524621964,False,-0.002982769161462784,1,0.00302765021721522,0.12590017976860204
V1_abs_anchor_smooth,0.5,0.1,0.5,drift_medium,archived_original,0.01764802448451519,0.03159075602889061,0.02327214553952217,0.027251455932855606,False,-0.003979310393333435,1,0.00302765021721522,0.12590017976860204
V1_abs_anchor_smooth,0.5,0.1,0.5,burst_medium,archived_original,0.07475546002388,0.09188491106033325,0.07392223179340363,0.03545346483588219,True,0.03846876695752144,1,0.00302765021721522,0.12590017976860204
V1_abs_anchor_smooth,0.5,0.1,0.5,bias_medium,archived_original,0.1889956295490265,0.18886825442314148,0.1876443475484848,0.19017215073108673,False,-0.0025278031826019287,1,0.00302765021721522,0.12590017976860204
V1_abs_anchor_smooth,0.5,0.1,0.5,jump_medium,matched_protocol_recomputed,0.2633684277534485,0.24652285873889923,0.24626390635967255,0.25675466656684875,False,-0.010490760207176208,1,0.00302765021721522,0.12590017976860204
V1_abs_anchor_smooth,0.5,0.1,0.5,combined_medium,matched_protocol_recomputed,0.1990637630224228,0.197429358959198,0.19420389831066132,0.19452612102031708,False,-0.0003222227096557617,1,0.00302765021721522,0.12590017976860204
V1_abs_anchor_smooth,0.5,0.1,1.0,gaussian_medium,archived_original,0.06256657093763351,0.05569539964199066,0.04826045036315918,0.049636248499155045,False,-0.0013757981359958649,2,0.0012894378354152043,0.12763839215040207
V1_abs_anchor_smooth,0.5,0.1,1.0,drift_medium,archived_original,0.01764802448451519,0.03159075602889061,0.02327214553952217,0.036153070628643036,False,-0.012880925089120865,2,0.0012894378354152043,0.12763839215040207
V1_abs_anchor_smooth,0.5,0.1,1.0,burst_medium,archived_original,0.07475546002388,0.09188491106033325,0.07392223179340363,0.04380786791443825,True,0.030114363878965378,2,0.0012894378354152043,0.12763839215040207
V1_abs_anchor_smooth,0.5,0.1,1.0,bias_medium,archived_original,0.1889956295490265,0.18886825442314148,0.1876443475484848,0.1924273669719696,False,-0.004783019423484802,2,0.0012894378354152043,0.12763839215040207
V1_abs_anchor_smooth,0.5,0.1,1.0,jump_medium,matched_protocol_recomputed,0.2633684277534485,0.24652285873889923,0.24626390635967255,0.25119975209236145,False,-0.004935845732688904,2,0.0012894378354152043,0.12763839215040207
V1_abs_anchor_smooth,0.5,0.1,1.0,combined_medium,matched_protocol_recomputed,0.1990637630224228,0.197429358959198,0.19420389831066132,0.19260604679584503,True,0.0015978515148162842,2,0.0012894378354152043,0.12763839215040207
V1_abs_anchor_smooth,0.5,0.2,0.5,gaussian_medium,archived_original,0.06256657093763351,0.05569539964199066,0.04826045036315918,0.049930572509765625,False,-0.0016701221466064453,2,0.0023504160344600677,0.12657741395135721
V1_abs_anchor_smooth,0.5,0.2,0.5,drift_medium,archived_original,0.01764802448451519,0.03159075602889061,0.02327214553952217,0.03161068633198738,False,-0.00833854079246521,2,0.0023504160344600677,0.12657741395135721
V1_abs_anchor_smooth,0.5,0.2,0.5,burst_medium,archived_original,0.07475546002388,0.09188491106033325,0.07392223179340363,0.03926945477724075,True,0.03465277701616287,2,0.0023504160344600677,0.12657741395135721
V1_abs_anchor_smooth,0.5,0.2,0.5,bias_medium,archived_original,0.1889956295490265,0.18886825442314148,0.1876443475484848,0.19117653369903564,False,-0.0035321861505508423,2,0.0023504160344600677,0.12657741395135721
V1_abs_anchor_smooth,0.5,0.2,0.5,jump_medium,matched_protocol_recomputed,0.2633684277534485,0.24652285873889923,0.24626390635967255,0.2540944218635559,False,-0.007830515503883362,2,0.0023504160344600677,0.12657741395135721
V1_abs_anchor_smooth,0.5,0.2,0.5,combined_medium,matched_protocol_recomputed,0.1990637630224228,0.197429358959198,0.19420389831066132,0.19338281452655792,True,0.0008210837841033936,2,0.0023504160344600677,0.12657741395135721
V1_abs_anchor_smooth,0.5,0.2,1.0,gaussian_medium,archived_original,0.06256657093763351,0.05569539964199066,0.04826045036315918,0.05053826421499252,False,-0.0022778138518333435,2,-0.00021456554532051086,0.1291423955311378
V1_abs_anchor_smooth,0.5,0.2,1.0,drift_medium,archived_original,0.01764802448451519,0.03159075602889061,0.02327214553952217,0.0409431979060173,False,-0.017671052366495132,2,-0.00021456554532051086,0.1291423955311378
V1_abs_anchor_smooth,0.5,0.2,1.0,burst_medium,archived_original,0.07475546002388,0.09188491106033325,0.07392223179340363,0.04916482791304588,True,0.024757403880357742,2,-0.00021456554532051086,0.1291423955311378
V1_abs_anchor_smooth,0.5,0.2,1.0,bias_medium,archived_original,0.1889956295490265,0.18886825442314148,0.1876443475484848,0.19375400245189667,False,-0.006109654903411865,2,-0.00021456554532051086,0.1291423955311378
V1_abs_anchor_smooth,0.5,0.2,1.0,jump_medium,matched_protocol_recomputed,0.2633684277534485,0.24652285873889923,0.24626390635967255,0.2482091188430786,False,-0.001945212483406067,2,-0.00021456554532051086,0.1291423955311378
V1_abs_anchor_smooth,0.5,0.2,1.0,combined_medium,matched_protocol_recomputed,0.1990637630224228,0.197429358959198,0.19420389831066132,0.19224496185779572,True,0.0019589364528656006,2,-0.00021456554532051086,0.1291423955311378
V2_uniform_cond_motion,0.0,0.01,0.5,gaussian_medium,archived_original,0.06256657093763351,0.05569539964199066,0.04826045036315918,0.059394340962171555,False,-0.011133890599012375,2,0.0029418508832653365,0.12598597910255194
V2_uniform_cond_motion,0.0,0.01,0.5,drift_medium,archived_original,0.01764802448451519,0.03159075602889061,0.02327214553952217,0.018330028280615807,True,0.0049421172589063644,2,0.0029418508832653365,0.12598597910255194
V2_uniform_cond_motion,0.0,0.01,0.5,burst_medium,archived_original,0.07475546002388,0.09188491106033325,0.07392223179340363,0.028923235833644867,True,0.04499899595975876,2,0.0029418508832653365,0.12598597910255194
V2_uniform_cond_motion,0.0,0.01,0.5,bias_medium,archived_original,0.1889956295490265,0.18886825442314148,0.1876443475484848,0.18904109299182892,False,-0.0013967454433441162,2,0.0029418508832653365,0.12598597910255194
V2_uniform_cond_motion,0.0,0.01,0.5,jump_medium,matched_protocol_recomputed,0.2633684277534485,0.24652285873889923,0.24626390635967255,0.26216042041778564,False,-0.015896514058113098,2,0.0029418508832653365,0.12598597910255194
V2_uniform_cond_motion,0.0,0.01,0.5,combined_medium,matched_protocol_recomputed,0.1990637630224228,0.197429358959198,0.19420389831066132,0.19806675612926483,False,-0.0038628578186035156,2,0.0029418508832653365,0.12598597910255194
V2_uniform_cond_motion,0.0,0.01,1.0,gaussian_medium,archived_original,0.06256657093763351,0.05569539964199066,0.04826045036315918,0.05432569980621338,False,-0.006065249443054199,2,0.0033176693444450698,0.1256101606413722
V2_uniform_cond_motion,0.0,0.01,1.0,drift_medium,archived_original,0.01764802448451519,0.03159075602889061,0.02327214553952217,0.022355003282427788,True,0.0009171422570943832,2,0.0033176693444450698,0.1256101606413722
V2_uniform_cond_motion,0.0,0.01,1.0,burst_medium,archived_original,0.07475546002388,0.09188491106033325,0.07392223179340363,0.03170615807175636,True,0.04221607372164726,2,0.0033176693444450698,0.1256101606413722
V2_uniform_cond_motion,0.0,0.01,1.0,bias_medium,archived_original,0.1889956295490265,0.18886825442314148,0.1876443475484848,0.1893937736749649,False,-0.0017494261264801025,2,0.0033176693444450698,0.1256101606413722
V2_uniform_cond_motion,0.0,0.01,1.0,jump_medium,matched_protocol_recomputed,0.2633684277534485,0.24652285873889923,0.24626390635967255,0.2596432566642761,False,-0.013379350304603577,2,0.0033176693444450698,0.1256101606413722
V2_uniform_cond_motion,0.0,0.01,1.0,combined_medium,matched_protocol_recomputed,0.1990637630224228,0.197429358959198,0.19420389831066132,0.19623707234859467,False,-0.0020331740379333496,2,0.0033176693444450698,0.1256101606413722
V2_uniform_cond_motion,0.0,0.05,0.5,gaussian_medium,archived_original,0.06256657093763351,0.05569539964199066,0.04826045036315918,0.053432803601026535,False,-0.005172353237867355,1,0.0033113559087117514,0.12561647407710552
V2_uniform_cond_motion,0.0,0.05,0.5,drift_medium,archived_original,0.01764802448451519,0.03159075602889061,0.02327214553952217,0.023411955684423447,False,-0.00013981014490127563,1,0.0033113559087117514,0.12561647407710552
V2_uniform_cond_motion,0.0,0.05,0.5,burst_medium,archived_original,0.07475546002388,0.09188491106033325,0.07392223179340363,0.032467301934957504,True,0.04145492985844612,1,0.0033113559087117514,0.12561647407710552
V2_uniform_cond_motion,0.0,0.05,0.5,bias_medium,archived_original,0.1889956295490265,0.18886825442314148,0.1876443475484848,0.18952929973602295,False,-0.001884952187538147,1,0.0033113559087117514,0.12561647407710552
V2_uniform_cond_motion,0.0,0.05,0.5,jump_medium,matched_protocol_recomputed,0.2633684277534485,0.24652285873889923,0.24626390635967255,0.259024053812027,False,-0.012760147452354431,1,0.0033113559087117514,0.12561647407710552
V2_uniform_cond_motion,0.0,0.05,0.5,combined_medium,matched_protocol_recomputed,0.1990637630224228,0.197429358959198,0.19420389831066132,0.19583342969417572,False,-0.0016295313835144043,1,0.0033113559087117514,0.12561647407710552
V2_uniform_cond_motion,0.0,0.05,1.0,gaussian_medium,archived_original,0.06256657093763351,0.05569539964199066,0.04826045036315918,0.04993055388331413,False,-0.001670103520154953,2,0.0023507370303074517,0.1265770929555098
V2_uniform_cond_motion,0.0,0.05,1.0,drift_medium,archived_original,0.01764802448451519,0.03159075602889061,0.02327214553952217,0.031610678881406784,False,-0.008338533341884613,2,0.0023507370303074517,0.1265770929555098
V2_uniform_cond_motion,0.0,0.05,1.0,burst_medium,archived_original,0.07475546002388,0.09188491106033325,0.07392223179340363,0.03926774859428406,True,0.03465448319911957,2,0.0023507370303074517,0.1265770929555098
V2_uniform_cond_motion,0.0,0.05,1.0,bias_medium,archived_original,0.1889956295490265,0.18886825442314148,0.1876443475484848,0.19117645919322968,False,-0.003532111644744873,2,0.0023507370303074517,0.1265770929555098
V2_uniform_cond_motion,0.0,0.05,1.0,jump_medium,matched_protocol_recomputed,0.2633684277534485,0.24652285873889923,0.24626390635967255,0.2540943920612335,False,-0.007830485701560974,2,0.0023507370303074517,0.1265770929555098
V2_uniform_cond_motion,0.0,0.05,1.0,combined_medium,matched_protocol_recomputed,0.1990637630224228,0.197429358959198,0.19420389831066132,0.19338272511959076,True,0.0008211731910705566,2,0.0023507370303074517,0.1265770929555098
V2_uniform_cond_motion,0.0,0.1,0.5,gaussian_medium,archived_original,0.06256657093763351,0.05569539964199066,0.04826045036315918,0.051243219524621964,False,-0.002982769161462784,1,0.00302765021721522,0.12590017976860204
V2_uniform_cond_motion,0.0,0.1,0.5,drift_medium,archived_original,0.01764802448451519,0.03159075602889061,0.02327214553952217,0.027251455932855606,False,-0.003979310393333435,1,0.00302765021721522,0.12590017976860204
V2_uniform_cond_motion,0.0,0.1,0.5,burst_medium,archived_original,0.07475546002388,0.09188491106033325,0.07392223179340363,0.03545346483588219,True,0.03846876695752144,1,0.00302765021721522,0.12590017976860204
V2_uniform_cond_motion,0.0,0.1,0.5,bias_medium,archived_original,0.1889956295490265,0.18886825442314148,0.1876443475484848,0.19017215073108673,False,-0.0025278031826019287,1,0.00302765021721522,0.12590017976860204
V2_uniform_cond_motion,0.0,0.1,0.5,jump_medium,matched_protocol_recomputed,0.2633684277534485,0.24652285873889923,0.24626390635967255,0.25675466656684875,False,-0.010490760207176208,1,0.00302765021721522,0.12590017976860204
V2_uniform_cond_motion,0.0,0.1,0.5,combined_medium,matched_protocol_recomputed,0.1990637630224228,0.197429358959198,0.19420389831066132,0.19452612102031708,False,-0.0003222227096557617,1,0.00302765021721522,0.12590017976860204
V2_uniform_cond_motion,0.0,0.1,1.0,gaussian_medium,archived_original,0.06256657093763351,0.05569539964199066,0.04826045036315918,0.049636248499155045,False,-0.0013757981359958649,2,0.0012894378354152043,0.12763839215040207
V2_uniform_cond_motion,0.0,0.1,1.0,drift_medium,archived_original,0.01764802448451519,0.03159075602889061,0.02327214553952217,0.036153070628643036,False,-0.012880925089120865,2,0.0012894378354152043,0.12763839215040207
V2_uniform_cond_motion,0.0,0.1,1.0,burst_medium,archived_original,0.07475546002388,0.09188491106033325,0.07392223179340363,0.04380786791443825,True,0.030114363878965378,2,0.0012894378354152043,0.12763839215040207
V2_uniform_cond_motion,0.0,0.1,1.0,bias_medium,archived_original,0.1889956295490265,0.18886825442314148,0.1876443475484848,0.1924273669719696,False,-0.004783019423484802,2,0.0012894378354152043,0.12763839215040207
V2_uniform_cond_motion,0.0,0.1,1.0,jump_medium,matched_protocol_recomputed,0.2633684277534485,0.24652285873889923,0.24626390635967255,0.25119975209236145,False,-0.004935845732688904,2,0.0012894378354152043,0.12763839215040207
V2_uniform_cond_motion,0.0,0.1,1.0,combined_medium,matched_protocol_recomputed,0.1990637630224228,0.197429358959198,0.19420389831066132,0.19260604679584503,True,0.0015978515148162842,2,0.0012894378354152043,0.12763839215040207
V2_uniform_cond_motion,0.0,0.2,0.5,gaussian_medium,archived_original,0.06256657093763351,0.05569539964199066,0.04826045036315918,0.049930572509765625,False,-0.0016701221466064453,2,0.0023504160344600677,0.12657741395135721
V2_uniform_cond_motion,0.0,0.2,0.5,drift_medium,archived_original,0.01764802448451519,0.03159075602889061,0.02327214553952217,0.03161068633198738,False,-0.00833854079246521,2,0.0023504160344600677,0.12657741395135721
V2_uniform_cond_motion,0.0,0.2,0.5,burst_medium,archived_original,0.07475546002388,0.09188491106033325,0.07392223179340363,0.03926945477724075,True,0.03465277701616287,2,0.0023504160344600677,0.12657741395135721
V2_uniform_cond_motion,0.0,0.2,0.5,bias_medium,archived_original,0.1889956295490265,0.18886825442314148,0.1876443475484848,0.19117653369903564,False,-0.0035321861505508423,2,0.0023504160344600677,0.12657741395135721
V2_uniform_cond_motion,0.0,0.2,0.5,jump_medium,matched_protocol_recomputed,0.2633684277534485,0.24652285873889923,0.24626390635967255,0.2540944218635559,False,-0.007830515503883362,2,0.0023504160344600677,0.12657741395135721
V2_uniform_cond_motion,0.0,0.2,0.5,combined_medium,matched_protocol_recomputed,0.1990637630224228,0.197429358959198,0.19420389831066132,0.19338281452655792,True,0.0008210837841033936,2,0.0023504160344600677,0.12657741395135721
V2_uniform_cond_motion,0.0,0.2,1.0,gaussian_medium,archived_original,0.06256657093763351,0.05569539964199066,0.04826045036315918,0.05053826421499252,False,-0.0022778138518333435,2,-0.00021456554532051086,0.1291423955311378
V2_uniform_cond_motion,0.0,0.2,1.0,drift_medium,archived_original,0.01764802448451519,0.03159075602889061,0.02327214553952217,0.0409431979060173,False,-0.017671052366495132,2,-0.00021456554532051086,0.1291423955311378
V2_uniform_cond_motion,0.0,0.2,1.0,burst_medium,archived_original,0.07475546002388,0.09188491106033325,0.07392223179340363,0.04916482791304588,True,0.024757403880357742,2,-0.00021456554532051086,0.1291423955311378
V2_uniform_cond_motion,0.0,0.2,1.0,bias_medium,archived_original,0.1889956295490265,0.18886825442314148,0.1876443475484848,0.19375400245189667,False,-0.006109654903411865,2,-0.00021456554532051086,0.1291423955311378
V2_uniform_cond_motion,0.0,0.2,1.0,jump_medium,matched_protocol_recomputed,0.2633684277534485,0.24652285873889923,0.24626390635967255,0.2482091188430786,False,-0.001945212483406067,2,-0.00021456554532051086,0.1291423955311378
V2_uniform_cond_motion,0.0,0.2,1.0,combined_medium,matched_protocol_recomputed,0.1990637630224228,0.197429358959198,0.19420389831066132,0.19224496185779572,True,0.0019589364528656006,2,-0.00021456554532051086,0.1291423955311378
V2_uniform_cond_motion,0.05,0.01,0.5,gaussian_medium,archived_original,0.06256657093763351,0.05569539964199066,0.04826045036315918,0.05701702460646629,False,-0.008756574243307114,2,0.0009970730170607567,0.12793075696875653
V2_uniform_cond_motion,0.05,0.01,0.5,drift_medium,archived_original,0.01764802448451519,0.03159075602889061,0.02327214553952217,0.018023887649178505,True,0.005248257890343666,2,0.0009970730170607567,0.12793075696875653
V2_uniform_cond_motion,0.05,0.01,0.5,burst_medium,archived_original,0.07475546002388,0.09188491106033325,0.07392223179340363,0.044773686677217484,True,0.029148545116186142,2,0.0009970730170607567,0.12793075696875653
V2_uniform_cond_motion,0.05,0.01,0.5,bias_medium,archived_original,0.1889956295490265,0.18886825442314148,0.1876443475484848,0.189031720161438,False,-0.001387372612953186,2,0.0009970730170607567,0.12793075696875653
V2_uniform_cond_motion,0.05,0.01,0.5,jump_medium,matched_protocol_recomputed,0.2633684277534485,0.24652285873889923,0.24626390635967255,0.26147347688674927,False,-0.015209570527076721,2,0.0009970730170607567,0.12793075696875653
V2_uniform_cond_motion,0.05,0.01,0.5,combined_medium,matched_protocol_recomputed,0.1990637630224228,0.197429358959198,0.19420389831066132,0.19726474583148956,False,-0.003060847520828247,2,0.0009970730170607567,0.12793075696875653
V2_uniform_cond_motion,0.05,0.01,1.0,gaussian_medium,archived_original,0.06256657093763351,0.05569539964199066,0.04826045036315918,0.04962689429521561,False,-0.001366443932056427,2,0.002594755652050177,0.1263330743337671
V2_uniform_cond_motion,0.05,0.01,1.0,drift_medium,archived_original,0.01764802448451519,0.03159075602889061,0.02327214553952217,0.019966280087828636,True,0.003305865451693535,2,0.002594755652050177,0.1263330743337671
V2_uniform_cond_motion,0.05,0.01,1.0,burst_medium,archived_original,0.07475546002388,0.09188491106033325,0.07392223179340363,0.04634089395403862,True,0.027581337839365005,2,0.002594755652050177,0.1263330743337671
V2_uniform_cond_motion,0.05,0.01,1.0,bias_medium,archived_original,0.1889956295490265,0.18886825442314148,0.1876443475484848,0.1892155110836029,False,-0.001571163535118103,2,0.002594755652050177,0.1263330743337671
V2_uniform_cond_motion,0.05,0.01,1.0,jump_medium,matched_protocol_recomputed,0.2633684277534485,0.24652285873889923,0.24626390635967255,0.25831422209739685,False,-0.012050315737724304,2,0.002594755652050177,0.1263330743337671
V2_uniform_cond_motion,0.05,0.01,1.0,combined_medium,matched_protocol_recomputed,0.1990637630224228,0.197429358959198,0.19420389831066132,0.19453464448451996,False,-0.0003307461738586426,2,0.002594755652050177,0.1263330743337671
V2_uniform_cond_motion,0.05,0.05,0.5,gaussian_medium,archived_original,0.06256657093763351,0.05569539964199066,0.04826045036315918,0.05202169716358185,False,-0.0037612468004226685,2,0.0032744954029719033,0.12565333458284536
V2_uniform_cond_motion,0.05,0.05,0.5,drift_medium,archived_original,0.01764802448451519,0.03159075602889061,0.02327214553952217,0.02248387783765793,True,0.0007882677018642426,2,0.0032744954029719033,0.12565333458284536
V2_uniform_cond_motion,0.05,0.05,0.5,burst_medium,archived_original,0.07475546002388,0.09188491106033325,0.07392223179340363,0.035944681614637375,True,0.03797755017876625,2,0.0032744954029719033,0.12565333458284536
V2_uniform_cond_motion,0.05,0.05,0.5,bias_medium,archived_original,0.1889956295490265,0.18886825442314148,0.1876443475484848,0.18944627046585083,False,-0.0018019229173660278,2,0.0032744954029719033,0.12565333458284536
V2_uniform_cond_motion,0.05,0.05,0.5,jump_medium,matched_protocol_recomputed,0.2633684277534485,0.24652285873889923,0.24626390635967255,0.25867772102355957,False,-0.012413814663887024,2,0.0032744954029719033,0.12565333458284536
V2_uniform_cond_motion,0.05,0.05,0.5,combined_medium,matched_protocol_recomputed,0.1990637630224228,0.197429358959198,0.19420389831066132,0.19534575939178467,False,-0.001141861081123352,2,0.0032744954029719033,0.12565333458284536
V2_uniform_cond_motion,0.05,0.05,1.0,gaussian_medium,archived_original,0.06256657093763351,0.05569539964199066,0.04826045036315918,0.04707958176732063,True,0.0011808685958385468,3,0.0031695800522963205,0.12575824993352094
V2_uniform_cond_motion,0.05,0.05,1.0,drift_medium,archived_original,0.01764802448451519,0.03159075602889061,0.02327214553952217,0.028601758182048798,False,-0.005329612642526627,3,0.0031695800522963205,0.12575824993352094
V2_uniform_cond_motion,0.05,0.05,1.0,burst_medium,archived_original,0.07475546002388,0.09188491106033325,0.07392223179340363,0.04201003909111023,True,0.031912192702293396,3,0.0031695800522963205,0.12575824993352094
V2_uniform_cond_motion,0.05,0.05,1.0,bias_medium,archived_original,0.1889956295490265,0.18886825442314148,0.1876443475484848,0.19061177968978882,False,-0.002967432141304016,3,0.0031695800522963205,0.12575824993352094
V2_uniform_cond_motion,0.05,0.05,1.0,jump_medium,matched_protocol_recomputed,0.2633684277534485,0.24652285873889923,0.24626390635967255,0.2537710964679718,False,-0.007507190108299255,3,0.0031695800522963205,0.12575824993352094
V2_uniform_cond_motion,0.05,0.05,1.0,combined_medium,matched_protocol_recomputed,0.1990637630224228,0.197429358959198,0.19420389831066132,0.19247524440288544,True,0.001728653907775879,3,0.0031695800522963205,0.12575824993352094
V2_uniform_cond_motion,0.05,0.1,0.5,gaussian_medium,archived_original,0.06256657093763351,0.05569539964199066,0.04826045036315918,0.050122786313295364,False,-0.0018623359501361847,2,0.003432088221112887,0.12549574176470438
V2_uniform_cond_motion,0.05,0.1,0.5,drift_medium,archived_original,0.01764802448451519,0.03159075602889061,0.02327214553952217,0.026268620043992996,False,-0.002996474504470825,2,0.003432088221112887,0.12549574176470438
V2_uniform_cond_motion,0.05,0.1,0.5,burst_medium,archived_original,0.07475546002388,0.09188491106033325,0.07392223179340363,0.03581910580396652,True,0.0381031259894371,2,0.003432088221112887,0.12549574176470438
V2_uniform_cond_motion,0.05,0.1,0.5,bias_medium,archived_original,0.1889956295490265,0.18886825442314148,0.1876443475484848,0.1900380551815033,False,-0.0023937076330184937,2,0.003432088221112887,0.12549574176470438
V2_uniform_cond_motion,0.05,0.1,0.5,jump_medium,matched_protocol_recomputed,0.2633684277534485,0.24652285873889923,0.24626390635967255,0.2565586268901825,False,-0.010294720530509949,2,0.003432088221112887,0.12549574176470438
V2_uniform_cond_motion,0.05,0.1,0.5,combined_medium,matched_protocol_recomputed,0.1990637630224228,0.197429358959198,0.19420389831066132,0.19416725635528564,True,3.664195537567139e-05,2,0.003432088221112887,0.12549574176470438
V2_uniform_cond_motion,0.05,0.1,1.0,gaussian_medium,archived_original,0.06256657093763351,0.05569539964199066,0.04826045036315918,0.04747753217816353,True,0.0007829181849956512,3,0.0023936343689759574,0.12653419561684132
V2_uniform_cond_motion,0.05,0.1,1.0,drift_medium,archived_original,0.01764802448451519,0.03159075602889061,0.02327214553952217,0.03355172276496887,False,-0.010279577225446701,3,0.0023936343689759574,0.12653419561684132
V2_uniform_cond_motion,0.05,0.1,1.0,burst_medium,archived_original,0.07475546002388,0.09188491106033325,0.07392223179340363,0.0433475598692894,True,0.030574671924114227,3,0.0023936343689759574,0.12653419561684132
V2_uniform_cond_motion,0.05,0.1,1.0,bias_medium,archived_original,0.1889956295490265,0.18886825442314148,0.1876443475484848,0.1918361335992813,False,-0.004191786050796509,3,0.0023936343689759574,0.12653419561684132
V2_uniform_cond_motion,0.05,0.1,1.0,jump_medium,matched_protocol_recomputed,0.2633684277534485,0.24652285873889923,0.24626390635967255,0.25108590722084045,False,-0.004822000861167908,3,0.0023936343689759574,0.12653419561684132
V2_uniform_cond_motion,0.05,0.1,1.0,combined_medium,matched_protocol_recomputed,0.1990637630224228,0.197429358959198,0.19420389831066132,0.19190631806850433,True,0.0022975802421569824,3,0.0023936343689759574,0.12653419561684132
V2_uniform_cond_motion,0.05,0.2,0.5,gaussian_medium,archived_original,0.06256657093763351,0.05569539964199066,0.04826045036315918,0.04909854009747505,False,-0.0008380897343158722,2,0.0029079519833127656,0.1260198780025045
V2_uniform_cond_motion,0.05,0.2,0.5,drift_medium,archived_original,0.01764802448451519,0.03159075602889061,0.02327214553952217,0.030717426910996437,False,-0.007445281371474266,2,0.0029079519833127656,0.1260198780025045
V2_uniform_cond_motion,0.05,0.2,0.5,burst_medium,archived_original,0.07475546002388,0.09188491106033325,0.07392223179340363,0.03817521408200264,True,0.035747017711400986,2,0.0029079519833127656,0.1260198780025045
V2_uniform_cond_motion,0.05,0.2,0.5,bias_medium,archived_original,0.1889956295490265,0.18886825442314148,0.1876443475484848,0.19100719690322876,False,-0.0033628493547439575,2,0.0029079519833127656,0.1260198780025045
V2_uniform_cond_motion,0.05,0.2,0.5,jump_medium,matched_protocol_recomputed,0.2633684277534485,0.24652285873889923,0.24626390635967255,0.25400301814079285,False,-0.0077391117811203,2,0.0029079519833127656,0.1260198780025045
V2_uniform_cond_motion,0.05,0.2,0.5,combined_medium,matched_protocol_recomputed,0.1990637630224228,0.197429358959198,0.19420389831066132,0.1931178718805313,True,0.0010860264301300049,2,0.0029079519833127656,0.1260198780025045
V2_uniform_cond_motion,0.05,0.2,1.0,gaussian_medium,archived_original,0.06256657093763351,0.05569539964199066,0.04826045036315918,0.04891504347324371,False,-0.0006545931100845337,2,0.0009693882117668787,0.12795844177405039
V2_uniform_cond_motion,0.05,0.2,1.0,drift_medium,archived_original,0.01764802448451519,0.03159075602889061,0.02327214553952217,0.03879176452755928,False,-0.01551961898803711,2,0.0009693882117668787,0.12795844177405039
V2_uniform_cond_motion,0.05,0.2,1.0,burst_medium,archived_original,0.07475546002388,0.09188491106033325,0.07392223179340363,0.0469125472009182,True,0.027009684592485428,2,0.0009693882117668787,0.12795844177405039
V2_uniform_cond_motion,0.05,0.2,1.0,bias_medium,archived_original,0.1889956295490265,0.18886825442314148,0.1876443475484848,0.19323404133319855,False,-0.005589693784713745,2,0.0009693882117668787,0.12795844177405039
V2_uniform_cond_motion,0.05,0.2,1.0,jump_medium,matched_protocol_recomputed,0.2633684277534485,0.24652285873889923,0.24626390635967255,0.24818766117095947,False,-0.0019237548112869263,2,0.0009693882117668787,0.12795844177405039
V2_uniform_cond_motion,0.05,0.2,1.0,combined_medium,matched_protocol_recomputed,0.1990637630224228,0.197429358959198,0.19420389831066132,0.19170959293842316,True,0.002494305372238159,2,0.0009693882117668787,0.12795844177405039
V2_uniform_cond_motion,0.1,0.01,0.5,gaussian_medium,archived_original,0.06256657093763351,0.05569539964199066,0.04826045036315918,0.05517051741480827,False,-0.006910067051649094,2,0.0007940089950958887,0.12813382099072138
V2_uniform_cond_motion,0.1,0.01,0.5,drift_medium,archived_original,0.01764802448451519,0.03159075602889061,0.02327214553952217,0.017885610461235046,True,0.005386535078287125,2,0.0007940089950958887,0.12813382099072138
V2_uniform_cond_motion,0.1,0.01,0.5,burst_medium,archived_original,0.07475546002388,0.09188491106033325,0.07392223179340363,0.049190226942300797,True,0.02473200485110283,2,0.0007940089950958887,0.12813382099072138
V2_uniform_cond_motion,0.1,0.01,0.5,bias_medium,archived_original,0.1889956295490265,0.18886825442314148,0.1876443475484848,0.18902745842933655,False,-0.0013831108808517456,2,0.0007940089950958887,0.12813382099072138
V2_uniform_cond_motion,0.1,0.01,0.5,jump_medium,matched_protocol_recomputed,0.2633684277534485,0.24652285873889923,0.24626390635967255,0.2609085142612457,False,-0.014644607901573181,2,0.0007940089950958887,0.12813382099072138
V2_uniform_cond_motion,0.1,0.01,0.5,combined_medium,matched_protocol_recomputed,0.1990637630224228,0.197429358959198,0.19420389831066132,0.19662059843540192,False,-0.0024167001247406006,2,0.0007940089950958887,0.12813382099072138
V2_uniform_cond_motion,0.1,0.01,1.0,gaussian_medium,archived_original,0.06256657093763351,0.05569539964199066,0.04826045036315918,0.047038935124874115,True,0.0012215152382850647,4,0.002835662725071112,0.12609216726074615
V2_uniform_cond_motion,0.1,0.01,1.0,drift_medium,archived_original,0.01764802448451519,0.03159075602889061,0.02327214553952217,0.019068146124482155,True,0.004203999415040016,4,0.002835662725071112,0.12609216726074615
V2_uniform_cond_motion,0.1,0.01,1.0,burst_medium,archived_original,0.07475546002388,0.09188491106033325,0.07392223179340363,0.050323449075222015,True,0.02359878271818161,4,0.002835662725071112,0.12609216726074615
V2_uniform_cond_motion,0.1,0.01,1.0,bias_medium,archived_original,0.1889956295490265,0.18886825442314148,0.1876443475484848,0.18915332853794098,False,-0.0015089809894561768,4,0.002835662725071112,0.12609216726074615
V2_uniform_cond_motion,0.1,0.01,1.0,jump_medium,matched_protocol_recomputed,0.2633684277534485,0.24652285873889923,0.24626390635967255,0.2574445307254791,False,-0.01118062436580658,4,0.002835662725071112,0.12609216726074615
V2_uniform_cond_motion,0.1,0.01,1.0,combined_medium,matched_protocol_recomputed,0.1990637630224228,0.197429358959198,0.19420389831066132,0.19352461397647858,True,0.0006792843341827393,4,0.002835662725071112,0.12609216726074615
V2_uniform_cond_motion,0.1,0.05,0.5,gaussian_medium,archived_original,0.06256657093763351,0.05569539964199066,0.04826045036315918,0.050858307629823685,False,-0.002597857266664505,2,0.0029690234611431756,0.1259588065246741
V2_uniform_cond_motion,0.1,0.05,0.5,drift_medium,archived_original,0.01764802448451519,0.03159075602889061,0.02327214553952217,0.0217788927257061,True,0.0014932528138160706,2,0.0029690234611431756,0.1259588065246741
V2_uniform_cond_motion,0.1,0.05,0.5,burst_medium,archived_original,0.07475546002388,0.09188491106033325,0.07392223179340363,0.0404234305024147,True,0.03349880129098892,2,0.0029690234611431756,0.1259588065246741
V2_uniform_cond_motion,0.1,0.05,0.5,bias_medium,archived_original,0.1889956295490265,0.18886825442314148,0.1876443475484848,0.18938463926315308,False,-0.001740291714668274,2,0.0029690234611431756,0.1259588065246741
V2_uniform_cond_motion,0.1,0.05,0.5,jump_medium,matched_protocol_recomputed,0.2633684277534485,0.24652285873889923,0.24626390635967255,0.25837409496307373,False,-0.012110188603401184,2,0.0029690234611431756,0.1259588065246741
V2_uniform_cond_motion,0.1,0.05,0.5,combined_medium,matched_protocol_recomputed,0.1990637630224228,0.197429358959198,0.19420389831066132,0.1949334740638733,False,-0.0007295757532119751,2,0.0029690234611431756,0.1259588065246741
V2_uniform_cond_motion,0.1,0.05,1.0,gaussian_medium,archived_original,0.06256657093763351,0.05569539964199066,0.04826045036315918,0.04513392969965935,True,0.003126520663499832,3,0.0033920851225654283,0.12553574486325184
V2_uniform_cond_motion,0.1,0.05,1.0,drift_medium,archived_original,0.01764802448451519,0.03159075602889061,0.02327214553952217,0.026612522080540657,False,-0.003340376541018486,3,0.0033920851225654283,0.12553574486325184
V2_uniform_cond_motion,0.1,0.05,1.0,burst_medium,archived_original,0.07475546002388,0.09188491106033325,0.07392223179340363,0.04582754522562027,True,0.028094686567783356,3,0.0033920851225654283,0.12553574486325184
V2_uniform_cond_motion,0.1,0.05,1.0,bias_medium,archived_original,0.1889956295490265,0.18886825442314148,0.1876443475484848,0.1902572214603424,False,-0.002612873911857605,3,0.0033920851225654283,0.12553574486325184
V2_uniform_cond_motion,0.1,0.05,1.0,jump_medium,matched_protocol_recomputed,0.2633684277534485,0.24652285873889923,0.24626390635967255,0.2535250782966614,False,-0.007261171936988831,3,0.0033920851225654283,0.12553574486325184
V2_uniform_cond_motion,0.1,0.05,1.0,combined_medium,matched_protocol_recomputed,0.1990637630224228,0.197429358959198,0.19420389831066132,0.191858172416687,True,0.002345725893974304,3,0.0033920851225654283,0.12553574486325184
V2_uniform_cond_motion,0.1,0.1,0.5,gaussian_medium,archived_original,0.06256657093763351,0.05569539964199066,0.04826045036315918,0.04916226491332054,False,-0.0009018145501613617,2,0.0033541865025957427,0.12557364348322153
V2_uniform_cond_motion,0.1,0.1,0.5,drift_medium,archived_original,0.01764802448451519,0.03159075602889061,0.02327214553952217,0.02545495517551899,False,-0.0021828096359968185,2,0.0033541865025957427,0.12557364348322153
V2_uniform_cond_motion,0.1,0.1,0.5,burst_medium,archived_original,0.07475546002388,0.09188491106033325,0.07392223179340363,0.03865794092416763,True,0.03526429086923599,2,0.0033541865025957427,0.12557364348322153
V2_uniform_cond_motion,0.1,0.1,0.5,bias_medium,archived_original,0.1889956295490265,0.18886825442314148,0.1876443475484848,0.1899285912513733,False,-0.0022842437028884888,2,0.0033541865025957427,0.12557364348322153
V2_uniform_cond_motion,0.1,0.1,0.5,jump_medium,matched_protocol_recomputed,0.2633684277534485,0.24652285873889923,0.24626390635967255,0.25638216733932495,False,-0.010118260979652405,2,0.0033541865025957427,0.12557364348322153
V2_uniform_cond_motion,0.1,0.1,0.5,combined_medium,matched_protocol_recomputed,0.1990637630224228,0.197429358959198,0.19420389831066132,0.19385594129562378,True,0.0003479570150375366,2,0.0033541865025957427,0.12557364348322153
V2_uniform_cond_motion,0.1,0.1,1.0,gaussian_medium,archived_original,0.06256657093763351,0.05569539964199066,0.04826045036315918,0.04584726691246033,True,0.0024131834506988525,3,0.0027788374572992325,0.12614899252851805
V2_uniform_cond_motion,0.1,0.1,1.0,drift_medium,archived_original,0.01764802448451519,0.03159075602889061,0.02327214553952217,0.031603213399648666,False,-0.008331067860126495,3,0.0027788374572992325,0.12614899252851805
V2_uniform_cond_motion,0.1,0.1,1.0,burst_medium,archived_original,0.07475546002388,0.09188491106033325,0.07392223179340363,0.045654308050870895,True,0.02826792374253273,3,0.0027788374572992325,0.12614899252851805
V2_uniform_cond_motion,0.1,0.1,1.0,bias_medium,archived_original,0.1889956295490265,0.18886825442314148,0.1876443475484848,0.19139528274536133,False,-0.003750935196876526,3,0.0027788374572992325,0.12614899252851805
V2_uniform_cond_motion,0.1,0.1,1.0,jump_medium,matched_protocol_recomputed,0.2633684277534485,0.24652285873889923,0.24626390635967255,0.2510084807872772,False,-0.004744574427604675,3,0.0027788374572992325,0.12614899252851805
V2_uniform_cond_motion,0.1,0.1,1.0,combined_medium,matched_protocol_recomputed,0.1990637630224228,0.197429358959198,0.19420389831066132,0.1913854032754898,True,0.002818495035171509,3,0.0027788374572992325,0.12614899252851805
V2_uniform_cond_motion,0.1,0.2,0.5,gaussian_medium,archived_original,0.06256657093763351,0.05569539964199066,0.04826045036315918,0.04835522547364235,False,-9.477511048316956e-05,2,0.003039707119266192,0.12588812286655107
V2_uniform_cond_motion,0.1,0.2,0.5,drift_medium,archived_original,0.01764802448451519,0.03159075602889061,0.02327214553952217,0.029930267482995987,False,-0.006658121943473816,2,0.003039707119266192,0.12588812286655107
V2_uniform_cond_motion,0.1,0.2,0.5,burst_medium,archived_original,0.07475546002388,0.09188491106033325,0.07392223179340363,0.03938381373882294,True,0.03453841805458069,2,0.003039707119266192,0.12588812286655107
V2_uniform_cond_motion,0.1,0.2,0.5,bias_medium,archived_original,0.1889956295490265,0.18886825442314148,0.1876443475484848,0.19085878133773804,False,-0.003214433789253235,2,0.003039707119266192,0.12588812286655107
V2_uniform_cond_motion,0.1,0.2,0.5,jump_medium,matched_protocol_recomputed,0.2633684277534485,0.24652285873889923,0.24626390635967255,0.2539196014404297,False,-0.007655695080757141,2,0.003039707119266192,0.12588812286655107
V2_uniform_cond_motion,0.1,0.2,0.5,combined_medium,matched_protocol_recomputed,0.1990637630224228,0.197429358959198,0.19420389831066132,0.1928810477256775,True,0.0013228505849838257,2,0.003039707119266192,0.12588812286655107
V2_uniform_cond_motion,0.1,0.2,1.0,gaussian_medium,archived_original,0.06256657093763351,0.05569539964199066,0.04826045036315918,0.04758601635694504,True,0.0006744340062141418,3,0.001511792962749799,0.12741603702306747
V2_uniform_cond_motion,0.1,0.2,1.0,drift_medium,archived_original,0.01764802448451519,0.03159075602889061,0.02327214553952217,0.037061430513858795,False,-0.013789284974336624,3,0.001511792962749799,0.12741603702306747
V2_uniform_cond_motion,0.1,0.2,1.0,burst_medium,archived_original,0.07475546002388,0.09188491106033325,0.07392223179340363,0.04757604002952576,True,0.02634619176387787,3,0.001511792962749799,0.12741603702306747
V2_uniform_cond_motion,0.1,0.2,1.0,bias_medium,archived_original,0.1889956295490265,0.18886825442314148,0.1876443475484848,0.19280597567558289,False,-0.0051616281270980835,3,0.001511792962749799,0.12741603702306747
V2_uniform_cond_motion,0.1,0.2,1.0,jump_medium,matched_protocol_recomputed,0.2633684277534485,0.24652285873889923,0.24626390635967255,0.24819251894950867,False,-0.0019286125898361206,3,0.001511792962749799,0.12741603702306747
V2_uniform_cond_motion,0.1,0.2,1.0,combined_medium,matched_protocol_recomputed,0.1990637630224228,0.197429358959198,0.19420389831066132,0.1912742406129837,True,0.0029296576976776123,3,0.001511792962749799,0.12741603702306747
V2_uniform_cond_motion,0.2,0.01,0.5,gaussian_medium,archived_original,0.06256657093763351,0.05569539964199066,0.04826045036315918,0.05243459343910217,False,-0.004174143075942993,2,0.001093303474287192,0.12783452651153007
V2_uniform_cond_motion,0.2,0.01,0.5,drift_medium,archived_original,0.01764802448451519,0.03159075602889061,0.02327214553952217,0.017760494723916054,True,0.005511650815606117,2,0.001093303474287192,0.12783452651153007
V2_uniform_cond_motion,0.2,0.01,0.5,burst_medium,archived_original,0.07475546002388,0.09188491106033325,0.07392223179340363,0.05214271694421768,True,0.021779514849185944,2,0.001093303474287192,0.12783452651153007
V2_uniform_cond_motion,0.2,0.01,0.5,bias_medium,archived_original,0.1889956295490265,0.18886825442314148,0.1876443475484848,0.1890256553888321,False,-0.00138130784034729,2,0.001093303474287192,0.12783452651153007
V2_uniform_cond_motion,0.2,0.01,0.5,jump_medium,matched_protocol_recomputed,0.2633684277534485,0.24652285873889923,0.24626390635967255,0.2600143253803253,False,-0.013750419020652771,2,0.001093303474287192,0.12783452651153007
V2_uniform_cond_motion,0.2,0.01,0.5,combined_medium,matched_protocol_recomputed,0.1990637630224228,0.197429358959198,0.19420389831066132,0.19562937319278717,False,-0.0014254748821258545,2,0.001093303474287192,0.12783452651153007
V2_uniform_cond_motion,0.2,0.01,1.0,gaussian_medium,archived_original,0.06256657093763351,0.05569539964199066,0.04826045036315918,0.04415160045027733,True,0.004108849912881851,4,0.0033178733040889106,0.12560995668172836
V2_uniform_cond_motion,0.2,0.01,1.0,drift_medium,archived_original,0.01764802448451519,0.03159075602889061,0.02327214553952217,0.018473241478204727,True,0.004798904061317444,4,0.0033178733040889106,0.12560995668172836
V2_uniform_cond_motion,0.2,0.01,1.0,burst_medium,archived_original,0.07475546002388,0.09188491106033325,0.07392223179340363,0.05329392850399017,True,0.020628303289413452,4,0.0033178733040889106,0.12560995668172836
V2_uniform_cond_motion,0.2,0.01,1.0,bias_medium,archived_original,0.1889956295490265,0.18886825442314148,0.1876443475484848,0.18911436200141907,False,-0.0014700144529342651,4,0.0033178733040889106,0.12560995668172836
V2_uniform_cond_motion,0.2,0.01,1.0,jump_medium,matched_protocol_recomputed,0.2633684277534485,0.24652285873889923,0.24626390635967255,0.25630083680152893,False,-0.010036930441856384,4,0.0033178733040889106,0.12560995668172836
V2_uniform_cond_motion,0.2,0.01,1.0,combined_medium,matched_protocol_recomputed,0.1990637630224228,0.197429358959198,0.19420389831066132,0.19232577085494995,True,0.0018781274557113647,4,0.0033178733040889106,0.12560995668172836
V2_uniform_cond_motion,0.2,0.05,0.5,gaussian_medium,archived_original,0.06256657093763351,0.05569539964199066,0.04826045036315918,0.049040354788303375,False,-0.0007799044251441956,2,0.002828992592791716,0.12609883739302555
V2_uniform_cond_motion,0.2,0.05,0.5,drift_medium,archived_original,0.01764802448451519,0.03159075602889061,0.02327214553952217,0.020781131461262703,True,0.002491014078259468,2,0.002828992592791716,0.12609883739302555
V2_uniform_cond_motion,0.2,0.05,0.5,burst_medium,archived_original,0.07475546002388,0.09188491106033325,0.07392223179340363,0.045344602316617966,True,0.02857762947678566,2,0.002828992592791716,0.12609883739302555
V2_uniform_cond_motion,0.2,0.05,0.5,bias_medium,archived_original,0.1889956295490265,0.18886825442314148,0.1876443475484848,0.189300537109375,False,-0.0016561895608901978,2,0.002828992592791716,0.12609883739302555
V2_uniform_cond_motion,0.2,0.05,0.5,jump_medium,matched_protocol_recomputed,0.2633684277534485,0.24652285873889923,0.24626390635967255,0.25785964727401733,False,-0.011595740914344788,2,0.002828992592791716,0.12609883739302555
V2_uniform_cond_motion,0.2,0.05,0.5,combined_medium,matched_protocol_recomputed,0.1990637630224228,0.197429358959198,0.19420389831066132,0.19426675140857697,False,-6.285309791564941e-05,2,0.002828992592791716,0.12609883739302555
V2_uniform_cond_motion,0.2,0.05,1.0,gaussian_medium,archived_original,0.06256657093763351,0.05569539964199066,0.04826045036315918,0.04268256202340126,True,0.005577888339757919,3,0.0038178705920775733,0.1251099593937397
V2_uniform_cond_motion,0.2,0.05,1.0,drift_medium,archived_original,0.01764802448451519,0.03159075602889061,0.02327214553952217,0.02412765473127365,False,-0.0008555091917514801,3,0.0038178705920775733,0.1251099593937397
V2_uniform_cond_motion,0.2,0.05,1.0,burst_medium,archived_original,0.07475546002388,0.09188491106033325,0.07392223179340363,0.0497748963534832,True,0.024147335439920425,3,0.0038178705920775733,0.1251099593937397
V2_uniform_cond_motion,0.2,0.05,1.0,bias_medium,archived_original,0.1889956295490265,0.18886825442314148,0.1876443475484848,0.1898520290851593,False,-0.0022076815366744995,3,0.0038178705920775733,0.1251099593937397
V2_uniform_cond_motion,0.2,0.05,1.0,jump_medium,matched_protocol_recomputed,0.2633684277534485,0.24652285873889923,0.24626390635967255,0.25315266847610474,False,-0.00688876211643219,3,0.0038178705920775733,0.1251099593937397
V2_uniform_cond_motion,0.2,0.05,1.0,combined_medium,matched_protocol_recomputed,0.1990637630224228,0.197429358959198,0.19420389831066132,0.19106994569301605,True,0.0031339526176452637,3,0.0038178705920775733,0.1251099593937397
V2_uniform_cond_motion,0.2,0.1,0.5,gaussian_medium,archived_original,0.06256657093763351,0.05569539964199066,0.04826045036315918,0.04760345444083214,True,0.0006569959223270416,3,0.003292323090136051,0.12563550689568123
V2_uniform_cond_motion,0.2,0.1,0.5,drift_medium,archived_original,0.01764802448451519,0.03159075602889061,0.02327214553952217,0.024178804829716682,False,-0.0009066592901945114,3,0.003292323090136051,0.12563550689568123
V2_uniform_cond_motion,0.2,0.1,0.5,burst_medium,archived_original,0.07475546002388,0.09188491106033325,0.07392223179340363,0.04285590350627899,True,0.031066328287124634,3,0.003292323090136051,0.12563550689568123
V2_uniform_cond_motion,0.2,0.1,0.5,bias_medium,archived_original,0.1889956295490265,0.18886825442314148,0.1876443475484848,0.18976199626922607,False,-0.002117648720741272,3,0.003292323090136051,0.12563550689568123
V2_uniform_cond_motion,0.2,0.1,0.5,jump_medium,matched_protocol_recomputed,0.2633684277534485,0.24652285873889923,0.24626390635967255,0.2560732364654541,False,-0.009809330105781555,3,0.003292323090136051,0.12563550689568123
V2_uniform_cond_motion,0.2,0.1,0.5,combined_medium,matched_protocol_recomputed,0.1990637630224228,0.197429358959198,0.19420389831066132,0.19333964586257935,True,0.0008642524480819702,3,0.003292323090136051,0.12563550689568123
V2_uniform_cond_motion,0.2,0.1,1.0,gaussian_medium,archived_original,0.06256657093763351,0.05569539964199066,0.04826045036315918,0.0435531809926033,True,0.004707269370555878,3,0.003305833786725998,0.12562199619909128
V2_uniform_cond_motion,0.2,0.1,1.0,drift_medium,archived_original,0.01764802448451519,0.03159075602889061,0.02327214553952217,0.028834402561187744,False,-0.005562257021665573,3,0.003305833786725998,0.12562199619909128
V2_uniform_cond_motion,0.2,0.1,1.0,burst_medium,archived_original,0.07475546002388,0.09188491106033325,0.07392223179340363,0.048985470086336136,True,0.02493676170706749,3,0.003305833786725998,0.12562199619909128
V2_uniform_cond_motion,0.2,0.1,1.0,bias_medium,archived_original,0.1889956295490265,0.18886825442314148,0.1876443475484848,0.19078928232192993,False,-0.0031449347734451294,3,0.003305833786725998,0.12562199619909128
V2_uniform_cond_motion,0.2,0.1,1.0,jump_medium,matched_protocol_recomputed,0.2633684277534485,0.24652285873889923,0.24626390635967255,0.25090208649635315,False,-0.004638180136680603,3,0.003305833786725998,0.12562199619909128
V2_uniform_cond_motion,0.2,0.1,1.0,combined_medium,matched_protocol_recomputed,0.1990637630224228,0.197429358959198,0.19420389831066132,0.1906675547361374,True,0.0035363435745239258,3,0.003305833786725998,0.12562199619909128
V2_uniform_cond_motion,0.2,0.2,0.5,gaussian_medium,archived_original,0.06256657093763351,0.05569539964199066,0.04826045036315918,0.047079600393772125,True,0.0011808499693870544,3,0.003169500889877478,0.12575832909593979
V2_uniform_cond_motion,0.2,0.2,0.5,drift_medium,archived_original,0.01764802448451519,0.03159075602889061,0.02327214553952217,0.028601767495274544,False,-0.005329621955752373,3,0.003169500889877478,0.12575832909593979
V2_uniform_cond_motion,0.2,0.2,0.5,burst_medium,archived_original,0.07475546002388,0.09188491106033325,0.07392223179340363,0.04201023280620575,True,0.031911998987197876,3,0.003169500889877478,0.12575832909593979
V2_uniform_cond_motion,0.2,0.2,0.5,bias_medium,archived_original,0.1889956295490265,0.18886825442314148,0.1876443475484848,0.1906118541955948,False,-0.0029675066471099854,3,0.003169500889877478,0.12575832909593979
V2_uniform_cond_motion,0.2,0.2,0.5,jump_medium,matched_protocol_recomputed,0.2633684277534485,0.24652285873889923,0.24626390635967255,0.2537711560726166,False,-0.007507249712944031,3,0.003169500889877478,0.12575832909593979
V2_uniform_cond_motion,0.2,0.2,0.5,combined_medium,matched_protocol_recomputed,0.1990637630224228,0.197429358959198,0.19420389831066132,0.192475363612175,True,0.0017285346984863281,3,0.003169500889877478,0.12575832909593979
V2_uniform_cond_motion,0.2,0.2,1.0,gaussian_medium,archived_original,0.06256657093763351,0.05569539964199066,0.04826045036315918,0.04553361237049103,True,0.002726837992668152,3,0.002205943688750267,0.12672188629706702
V2_uniform_cond_motion,0.2,0.2,1.0,drift_medium,archived_original,0.01764802448451519,0.03159075602889061,0.02327214553952217,0.03438670560717583,False,-0.011114560067653656,3,0.002205943688750267,0.12672188629706702
V2_uniform_cond_motion,0.2,0.2,1.0,burst_medium,archived_original,0.07475546002388,0.09188491106033325,0.07392223179340363,0.04941609874367714,True,0.024506133049726486,3,0.002205943688750267,0.12672188629706702
V2_uniform_cond_motion,0.2,0.2,1.0,bias_medium,archived_original,0.1889956295490265,0.18886825442314148,0.1876443475484848,0.19214174151420593,False,-0.00449739396572113,3,0.002205943688750267,0.12672188629706702
V2_uniform_cond_motion,0.2,0.2,1.0,jump_medium,matched_protocol_recomputed,0.2633684277534485,0.24652285873889923,0.24626390635967255,0.24823711812496185,False,-0.0019732117652893066,3,0.002205943688750267,0.12672188629706702
V2_uniform_cond_motion,0.2,0.2,1.0,combined_medium,matched_protocol_recomputed,0.1990637630224228,0.197429358959198,0.19420389831066132,0.19061604142189026,True,0.003587856888771057,3,0.002205943688750267,0.12672188629706702
V2_uniform_cond_motion,0.5,0.01,0.5,gaussian_medium,archived_original,0.06256657093763351,0.05569539964199066,0.04826045036315918,0.04779088869690895,True,0.0004695616662502289,4,0.002067605343957742,0.12686022464185953
V2_uniform_cond_motion,0.5,0.01,0.5,drift_medium,archived_original,0.01764802448451519,0.03159075602889061,0.02327214553952217,0.01771143637597561,True,0.005560709163546562,4,0.002067605343957742,0.12686022464185953
V2_uniform_cond_motion,0.5,0.01,0.5,burst_medium,archived_original,0.07475546002388,0.09188491106033325,0.07392223179340363,0.05449150130152702,True,0.019430730491876602,4,0.002067605343957742,0.12686022464185953
V2_uniform_cond_motion,0.5,0.01,0.5,bias_medium,archived_original,0.1889956295490265,0.18886825442314148,0.1876443475484848,0.1890358328819275,False,-0.001391485333442688,4,0.002067605343957742,0.12686022464185953
V2_uniform_cond_motion,0.5,0.01,0.5,jump_medium,matched_protocol_recomputed,0.2633684277534485,0.24652285873889923,0.24626390635967255,0.25829529762268066,False,-0.012031391263008118,4,0.002067605343957742,0.12686022464185953
V2_uniform_cond_motion,0.5,0.01,0.5,combined_medium,matched_protocol_recomputed,0.1990637630224228,0.197429358959198,0.19420389831066132,0.19383639097213745,True,0.00036750733852386475,4,0.002067605343957742,0.12686022464185953
V2_uniform_cond_motion,0.5,0.01,1.0,gaussian_medium,archived_original,0.06256657093763351,0.05569539964199066,0.04826045036315918,0.04084813594818115,True,0.007412314414978027,4,0.003902400222917398,0.12502542976289988
V2_uniform_cond_motion,0.5,0.01,1.0,drift_medium,archived_original,0.01764802448451519,0.03159075602889061,0.02327214553952217,0.018357520923018456,True,0.0049146246165037155,4,0.003902400222917398,0.12502542976289988
V2_uniform_cond_motion,0.5,0.01,1.0,burst_medium,archived_original,0.07475546002388,0.09188491106033325,0.07392223179340363,0.0565384179353714,True,0.017383813858032227,4,0.003902400222917398,0.12502542976289988
V2_uniform_cond_motion,0.5,0.01,1.0,bias_medium,archived_original,0.1889956295490265,0.18886825442314148,0.1876443475484848,0.18911691009998322,False,-0.001472562551498413,4,0.003902400222917398,0.12502542976289988
V2_uniform_cond_motion,0.5,0.01,1.0,jump_medium,matched_protocol_recomputed,0.2633684277534485,0.24652285873889923,0.24626390635967255,0.25449684262275696,False,-0.008232936263084412,4,0.003902400222917398,0.12502542976289988
V2_uniform_cond_motion,0.5,0.01,1.0,combined_medium,matched_protocol_recomputed,0.1990637630224228,0.197429358959198,0.19420389831066132,0.19079475104808807,True,0.003409147262573242,4,0.003902400222917398,0.12502542976289988
V2_uniform_cond_motion,0.5,0.05,0.5,gaussian_medium,archived_original,0.06256657093763351,0.05569539964199066,0.04826045036315918,0.045723315328359604,True,0.002537135034799576,4,0.003143840469419956,0.12578398951639733
V2_uniform_cond_motion,0.5,0.05,0.5,drift_medium,archived_original,0.01764802448451519,0.03159075602889061,0.02327214553952217,0.0193383377045393,True,0.003933807834982872,4,0.003143840469419956,0.12578398951639733
V2_uniform_cond_motion,0.5,0.05,0.5,burst_medium,archived_original,0.07475546002388,0.09188491106033325,0.07392223179340363,0.050719548016786575,True,0.02320268377661705,4,0.003143840469419956,0.12578398951639733
V2_uniform_cond_motion,0.5,0.05,0.5,bias_medium,archived_original,0.1889956295490265,0.18886825442314148,0.1876443475484848,0.18918675184249878,False,-0.001542404294013977,4,0.003143840469419956,0.12578398951639733
V2_uniform_cond_motion,0.5,0.05,0.5,jump_medium,matched_protocol_recomputed,0.2633684277534485,0.24652285873889923,0.24626390635967255,0.2567663788795471,False,-0.010502472519874573,4,0.003143840469419956,0.12578398951639733
V2_uniform_cond_motion,0.5,0.05,0.5,combined_medium,matched_protocol_recomputed,0.1990637630224228,0.197429358959198,0.19420389831066132,0.19296960532665253,True,0.001234292984008789,4,0.003143840469419956,0.12578398951639733
V2_uniform_cond_motion,0.5,0.05,1.0,gaussian_medium,archived_original,0.06256657093763351,0.05569539964199066,0.04826045036315918,0.039722271263599396,True,0.008538179099559784,4,0.004449520880977313,0.12447830910483997
V2_uniform_cond_motion,0.5,0.05,1.0,drift_medium,archived_original,0.01764802448451519,0.03159075602889061,0.02327214553952217,0.021082639694213867,True,0.002189505845308304,4,0.004449520880977313,0.12447830910483997
V2_uniform_cond_motion,0.5,0.05,1.0,burst_medium,archived_original,0.07475546002388,0.09188491106033325,0.07392223179340363,0.05417540669441223,True,0.019746825098991394,4,0.004449520880977313,0.12447830910483997
V2_uniform_cond_motion,0.5,0.05,1.0,bias_medium,archived_original,0.1889956295490265,0.18886825442314148,0.1876443475484848,0.18943050503730774,False,-0.001786157488822937,4,0.004449520880977313,0.12447830910483997
V2_uniform_cond_motion,0.5,0.05,1.0,jump_medium,matched_protocol_recomputed,0.2633684277534485,0.24652285873889923,0.24626390635967255,0.25244131684303284,False,-0.0061774104833602905,4,0.004449520880977313,0.12447830910483997
V2_uniform_cond_motion,0.5,0.05,1.0,combined_medium,matched_protocol_recomputed,0.1990637630224228,0.197429358959198,0.19420389831066132,0.1900177150964737,True,0.004186183214187622,4,0.004449520880977313,0.12447830910483997
V2_uniform_cond_motion,0.5,0.1,0.5,gaussian_medium,archived_original,0.06256657093763351,0.05569539964199066,0.04826045036315918,0.044631119817495346,True,0.0036293305456638336,4,0.0035351173331340155,0.12539271265268326
V2_uniform_cond_motion,0.5,0.1,0.5,drift_medium,archived_original,0.01764802448451519,0.03159075602889061,0.02327214553952217,0.021888814866542816,True,0.0013833306729793549,4,0.0035351173331340155,0.12539271265268326
V2_uniform_cond_motion,0.5,0.1,0.5,burst_medium,archived_original,0.07475546002388,0.09188491106033325,0.07392223179340363,0.048681553453207016,True,0.02524067834019661,4,0.0035351173331340155,0.12539271265268326
V2_uniform_cond_motion,0.5,0.1,0.5,bias_medium,archived_original,0.1889956295490265,0.18886825442314148,0.1876443475484848,0.18948553502559662,False,-0.0018411874771118164,4,0.0035351173331340155,0.12539271265268326
V2_uniform_cond_motion,0.5,0.1,0.5,jump_medium,matched_protocol_recomputed,0.2633684277534485,0.24652285873889923,0.24626390635967255,0.2553698718547821,False,-0.009105965495109558,4,0.0035351173331340155,0.12539271265268326
V2_uniform_cond_motion,0.5,0.1,0.5,combined_medium,matched_protocol_recomputed,0.1990637630224228,0.197429358959198,0.19420389831066132,0.19229938089847565,True,0.001904517412185669,4,0.0035351173331340155,0.12539271265268326
V2_uniform_cond_motion,0.5,0.1,1.0,gaussian_medium,archived_original,0.06256657093763351,0.05569539964199066,0.04826045036315918,0.04017822444438934,True,0.008082225918769836,3,0.0041991909965872765,0.12472863898922999
V2_uniform_cond_motion,0.5,0.1,1.0,drift_medium,archived_original,0.01764802448451519,0.03159075602889061,0.02327214553952217,0.024555223062634468,False,-0.001283077523112297,3,0.0041991909965872765,0.12472863898922999
V2_uniform_cond_motion,0.5,0.1,1.0,burst_medium,archived_original,0.07475546002388,0.09188491106033325,0.07392223179340363,0.05333050340414047,True,0.020591728389263153,3,0.0041991909965872765,0.12472863898922999
V2_uniform_cond_motion,0.5,0.1,1.0,bias_medium,archived_original,0.1889956295490265,0.18886825442314148,0.1876443475484848,0.18996234238147736,False,-0.0023179948329925537,3,0.0041991909965872765,0.12472863898922999
V2_uniform_cond_motion,0.5,0.1,1.0,jump_medium,matched_protocol_recomputed,0.2633684277534485,0.24652285873889923,0.24626390635967255,0.25070324540138245,False,-0.0044393390417099,3,0.0041991909965872765,0.12472863898922999
V2_uniform_cond_motion,0.5,0.1,1.0,combined_medium,matched_protocol_recomputed,0.1990637630224228,0.197429358959198,0.19420389831066132,0.1896422952413559,True,0.00456160306930542,3,0.0041991909965872765,0.12472863898922999
V2_uniform_cond_motion,0.5,0.2,0.5,gaussian_medium,archived_original,0.06256657093763351,0.05569539964199066,0.04826045036315918,0.04437790811061859,True,0.0038825422525405884,3,0.0035070149848858514,0.1254208150009314
V2_uniform_cond_motion,0.5,0.2,0.5,drift_medium,archived_original,0.01764802448451519,0.03159075602889061,0.02327214553952217,0.02584712952375412,False,-0.002574983984231949,3,0.0035070149848858514,0.1254208150009314
V2_uniform_cond_motion,0.5,0.2,0.5,burst_medium,archived_original,0.07475546002388,0.09188491106033325,0.07392223179340363,0.047134608030319214,True,0.02678762376308441,3,0.0035070149848858514,0.1254208150009314
V2_uniform_cond_motion,0.5,0.2,0.5,bias_medium,archived_original,0.1889956295490265,0.18886825442314148,0.1876443475484848,0.1901274174451828,False,-0.002483069896697998,3,0.0035070149848858514,0.1254208150009314
V2_uniform_cond_motion,0.5,0.2,0.5,jump_medium,matched_protocol_recomputed,0.2633684277534485,0.24652285873889923,0.24626390635967255,0.2534199059009552,False,-0.007155999541282654,3,0.0035070149848858514,0.1254208150009314
V2_uniform_cond_motion,0.5,0.2,0.5,combined_medium,matched_protocol_recomputed,0.1990637630224228,0.197429358959198,0.19420389831066132,0.1916179209947586,True,0.00258597731590271,3,0.0035070149848858514,0.1254208150009314
V2_uniform_cond_motion,0.5,0.2,1.0,gaussian_medium,archived_original,0.06256657093763351,0.05569539964199066,0.04826045036315918,0.04197011888027191,True,0.006290331482887268,3,0.003352206200361252,0.12557562378545603
V2_uniform_cond_motion,0.5,0.2,1.0,drift_medium,archived_original,0.01764802448451519,0.03159075602889061,0.02327214553952217,0.029521513730287552,False,-0.006249368190765381,3,0.003352206200361252,0.12557562378545603
V2_uniform_cond_motion,0.5,0.2,1.0,burst_medium,archived_original,0.07475546002388,0.09188491106033325,0.07392223179340363,0.05304224044084549,True,0.020879991352558136,3,0.003352206200361252,0.12557562378545603
V2_uniform_cond_motion,0.5,0.2,1.0,bias_medium,archived_original,0.1889956295490265,0.18886825442314148,0.1876443475484848,0.1909816861152649,False,-0.0033373385667800903,3,0.003352206200361252,0.12557562378545603
V2_uniform_cond_motion,0.5,0.2,1.0,jump_medium,matched_protocol_recomputed,0.2633684277534485,0.24652285873889923,0.24626390635967255,0.24840816855430603,False,-0.002144262194633484,3,0.003352206200361252,0.12557562378545603
V2_uniform_cond_motion,0.5,0.2,1.0,combined_medium,matched_protocol_recomputed,0.1990637630224228,0.197429358959198,0.19420389831066132,0.18953001499176025,True,0.004673883318901062,3,0.003352206200361252,0.12557562378545603
V3_conf_mod_cond_motion,0.0,0.01,0.5,gaussian_medium,archived_original,0.06256657093763351,0.05569539964199066,0.04826045036315918,0.059394340962171555,False,-0.011133890599012375,2,0.0029418508832653365,0.12598597910255194
V3_conf_mod_cond_motion,0.0,0.01,0.5,drift_medium,archived_original,0.01764802448451519,0.03159075602889061,0.02327214553952217,0.018330028280615807,True,0.0049421172589063644,2,0.0029418508832653365,0.12598597910255194
V3_conf_mod_cond_motion,0.0,0.01,0.5,burst_medium,archived_original,0.07475546002388,0.09188491106033325,0.07392223179340363,0.028923235833644867,True,0.04499899595975876,2,0.0029418508832653365,0.12598597910255194
V3_conf_mod_cond_motion,0.0,0.01,0.5,bias_medium,archived_original,0.1889956295490265,0.18886825442314148,0.1876443475484848,0.18904109299182892,False,-0.0013967454433441162,2,0.0029418508832653365,0.12598597910255194
V3_conf_mod_cond_motion,0.0,0.01,0.5,jump_medium,matched_protocol_recomputed,0.2633684277534485,0.24652285873889923,0.24626390635967255,0.26216042041778564,False,-0.015896514058113098,2,0.0029418508832653365,0.12598597910255194
V3_conf_mod_cond_motion,0.0,0.01,0.5,combined_medium,matched_protocol_recomputed,0.1990637630224228,0.197429358959198,0.19420389831066132,0.19806675612926483,False,-0.0038628578186035156,2,0.0029418508832653365,0.12598597910255194
V3_conf_mod_cond_motion,0.0,0.01,1.0,gaussian_medium,archived_original,0.06256657093763351,0.05569539964199066,0.04826045036315918,0.05432569980621338,False,-0.006065249443054199,2,0.0033176693444450698,0.1256101606413722
V3_conf_mod_cond_motion,0.0,0.01,1.0,drift_medium,archived_original,0.01764802448451519,0.03159075602889061,0.02327214553952217,0.022355003282427788,True,0.0009171422570943832,2,0.0033176693444450698,0.1256101606413722
V3_conf_mod_cond_motion,0.0,0.01,1.0,burst_medium,archived_original,0.07475546002388,0.09188491106033325,0.07392223179340363,0.03170615807175636,True,0.04221607372164726,2,0.0033176693444450698,0.1256101606413722
V3_conf_mod_cond_motion,0.0,0.01,1.0,bias_medium,archived_original,0.1889956295490265,0.18886825442314148,0.1876443475484848,0.1893937736749649,False,-0.0017494261264801025,2,0.0033176693444450698,0.1256101606413722
V3_conf_mod_cond_motion,0.0,0.01,1.0,jump_medium,matched_protocol_recomputed,0.2633684277534485,0.24652285873889923,0.24626390635967255,0.2596432566642761,False,-0.013379350304603577,2,0.0033176693444450698,0.1256101606413722
V3_conf_mod_cond_motion,0.0,0.01,1.0,combined_medium,matched_protocol_recomputed,0.1990637630224228,0.197429358959198,0.19420389831066132,0.19623707234859467,False,-0.0020331740379333496,2,0.0033176693444450698,0.1256101606413722
V3_conf_mod_cond_motion,0.0,0.05,0.5,gaussian_medium,archived_original,0.06256657093763351,0.05569539964199066,0.04826045036315918,0.053432803601026535,False,-0.005172353237867355,1,0.0033113559087117514,0.12561647407710552
V3_conf_mod_cond_motion,0.0,0.05,0.5,drift_medium,archived_original,0.01764802448451519,0.03159075602889061,0.02327214553952217,0.023411955684423447,False,-0.00013981014490127563,1,0.0033113559087117514,0.12561647407710552
V3_conf_mod_cond_motion,0.0,0.05,0.5,burst_medium,archived_original,0.07475546002388,0.09188491106033325,0.07392223179340363,0.032467301934957504,True,0.04145492985844612,1,0.0033113559087117514,0.12561647407710552
V3_conf_mod_cond_motion,0.0,0.05,0.5,bias_medium,archived_original,0.1889956295490265,0.18886825442314148,0.1876443475484848,0.18952929973602295,False,-0.001884952187538147,1,0.0033113559087117514,0.12561647407710552
V3_conf_mod_cond_motion,0.0,0.05,0.5,jump_medium,matched_protocol_recomputed,0.2633684277534485,0.24652285873889923,0.24626390635967255,0.259024053812027,False,-0.012760147452354431,1,0.0033113559087117514,0.12561647407710552
V3_conf_mod_cond_motion,0.0,0.05,0.5,combined_medium,matched_protocol_recomputed,0.1990637630224228,0.197429358959198,0.19420389831066132,0.19583342969417572,False,-0.0016295313835144043,1,0.0033113559087117514,0.12561647407710552
V3_conf_mod_cond_motion,0.0,0.05,1.0,gaussian_medium,archived_original,0.06256657093763351,0.05569539964199066,0.04826045036315918,0.04993055388331413,False,-0.001670103520154953,2,0.0023507370303074517,0.1265770929555098
V3_conf_mod_cond_motion,0.0,0.05,1.0,drift_medium,archived_original,0.01764802448451519,0.03159075602889061,0.02327214553952217,0.031610678881406784,False,-0.008338533341884613,2,0.0023507370303074517,0.1265770929555098
V3_conf_mod_cond_motion,0.0,0.05,1.0,burst_medium,archived_original,0.07475546002388,0.09188491106033325,0.07392223179340363,0.03926774859428406,True,0.03465448319911957,2,0.0023507370303074517,0.1265770929555098
V3_conf_mod_cond_motion,0.0,0.05,1.0,bias_medium,archived_original,0.1889956295490265,0.18886825442314148,0.1876443475484848,0.19117645919322968,False,-0.003532111644744873,2,0.0023507370303074517,0.1265770929555098
V3_conf_mod_cond_motion,0.0,0.05,1.0,jump_medium,matched_protocol_recomputed,0.2633684277534485,0.24652285873889923,0.24626390635967255,0.2540943920612335,False,-0.007830485701560974,2,0.0023507370303074517,0.1265770929555098
V3_conf_mod_cond_motion,0.0,0.05,1.0,combined_medium,matched_protocol_recomputed,0.1990637630224228,0.197429358959198,0.19420389831066132,0.19338272511959076,True,0.0008211731910705566,2,0.0023507370303074517,0.1265770929555098
V3_conf_mod_cond_motion,0.0,0.1,0.5,gaussian_medium,archived_original,0.06256657093763351,0.05569539964199066,0.04826045036315918,0.051243219524621964,False,-0.002982769161462784,1,0.00302765021721522,0.12590017976860204
V3_conf_mod_cond_motion,0.0,0.1,0.5,drift_medium,archived_original,0.01764802448451519,0.03159075602889061,0.02327214553952217,0.027251455932855606,False,-0.003979310393333435,1,0.00302765021721522,0.12590017976860204
V3_conf_mod_cond_motion,0.0,0.1,0.5,burst_medium,archived_original,0.07475546002388,0.09188491106033325,0.07392223179340363,0.03545346483588219,True,0.03846876695752144,1,0.00302765021721522,0.12590017976860204
V3_conf_mod_cond_motion,0.0,0.1,0.5,bias_medium,archived_original,0.1889956295490265,0.18886825442314148,0.1876443475484848,0.19017215073108673,False,-0.0025278031826019287,1,0.00302765021721522,0.12590017976860204
V3_conf_mod_cond_motion,0.0,0.1,0.5,jump_medium,matched_protocol_recomputed,0.2633684277534485,0.24652285873889923,0.24626390635967255,0.25675466656684875,False,-0.010490760207176208,1,0.00302765021721522,0.12590017976860204
V3_conf_mod_cond_motion,0.0,0.1,0.5,combined_medium,matched_protocol_recomputed,0.1990637630224228,0.197429358959198,0.19420389831066132,0.19452612102031708,False,-0.0003222227096557617,1,0.00302765021721522,0.12590017976860204
V3_conf_mod_cond_motion,0.0,0.1,1.0,gaussian_medium,archived_original,0.06256657093763351,0.05569539964199066,0.04826045036315918,0.049636248499155045,False,-0.0013757981359958649,2,0.0012894378354152043,0.12763839215040207
V3_conf_mod_cond_motion,0.0,0.1,1.0,drift_medium,archived_original,0.01764802448451519,0.03159075602889061,0.02327214553952217,0.036153070628643036,False,-0.012880925089120865,2,0.0012894378354152043,0.12763839215040207
V3_conf_mod_cond_motion,0.0,0.1,1.0,burst_medium,archived_original,0.07475546002388,0.09188491106033325,0.07392223179340363,0.04380786791443825,True,0.030114363878965378,2,0.0012894378354152043,0.12763839215040207
V3_conf_mod_cond_motion,0.0,0.1,1.0,bias_medium,archived_original,0.1889956295490265,0.18886825442314148,0.1876443475484848,0.1924273669719696,False,-0.004783019423484802,2,0.0012894378354152043,0.12763839215040207
V3_conf_mod_cond_motion,0.0,0.1,1.0,jump_medium,matched_protocol_recomputed,0.2633684277534485,0.24652285873889923,0.24626390635967255,0.25119975209236145,False,-0.004935845732688904,2,0.0012894378354152043,0.12763839215040207
V3_conf_mod_cond_motion,0.0,0.1,1.0,combined_medium,matched_protocol_recomputed,0.1990637630224228,0.197429358959198,0.19420389831066132,0.19260604679584503,True,0.0015978515148162842,2,0.0012894378354152043,0.12763839215040207
V3_conf_mod_cond_motion,0.0,0.2,0.5,gaussian_medium,archived_original,0.06256657093763351,0.05569539964199066,0.04826045036315918,0.049930572509765625,False,-0.0016701221466064453,2,0.0023504160344600677,0.12657741395135721
V3_conf_mod_cond_motion,0.0,0.2,0.5,drift_medium,archived_original,0.01764802448451519,0.03159075602889061,0.02327214553952217,0.03161068633198738,False,-0.00833854079246521,2,0.0023504160344600677,0.12657741395135721
V3_conf_mod_cond_motion,0.0,0.2,0.5,burst_medium,archived_original,0.07475546002388,0.09188491106033325,0.07392223179340363,0.03926945477724075,True,0.03465277701616287,2,0.0023504160344600677,0.12657741395135721
V3_conf_mod_cond_motion,0.0,0.2,0.5,bias_medium,archived_original,0.1889956295490265,0.18886825442314148,0.1876443475484848,0.19117653369903564,False,-0.0035321861505508423,2,0.0023504160344600677,0.12657741395135721
V3_conf_mod_cond_motion,0.0,0.2,0.5,jump_medium,matched_protocol_recomputed,0.2633684277534485,0.24652285873889923,0.24626390635967255,0.2540944218635559,False,-0.007830515503883362,2,0.0023504160344600677,0.12657741395135721
V3_conf_mod_cond_motion,0.0,0.2,0.5,combined_medium,matched_protocol_recomputed,0.1990637630224228,0.197429358959198,0.19420389831066132,0.19338281452655792,True,0.0008210837841033936,2,0.0023504160344600677,0.12657741395135721
V3_conf_mod_cond_motion,0.0,0.2,1.0,gaussian_medium,archived_original,0.06256657093763351,0.05569539964199066,0.04826045036315918,0.05053826421499252,False,-0.0022778138518333435,2,-0.00021456554532051086,0.1291423955311378
V3_conf_mod_cond_motion,0.0,0.2,1.0,drift_medium,archived_original,0.01764802448451519,0.03159075602889061,0.02327214553952217,0.0409431979060173,False,-0.017671052366495132,2,-0.00021456554532051086,0.1291423955311378
V3_conf_mod_cond_motion,0.0,0.2,1.0,burst_medium,archived_original,0.07475546002388,0.09188491106033325,0.07392223179340363,0.04916482791304588,True,0.024757403880357742,2,-0.00021456554532051086,0.1291423955311378
V3_conf_mod_cond_motion,0.0,0.2,1.0,bias_medium,archived_original,0.1889956295490265,0.18886825442314148,0.1876443475484848,0.19375400245189667,False,-0.006109654903411865,2,-0.00021456554532051086,0.1291423955311378
V3_conf_mod_cond_motion,0.0,0.2,1.0,jump_medium,matched_protocol_recomputed,0.2633684277534485,0.24652285873889923,0.24626390635967255,0.2482091188430786,False,-0.001945212483406067,2,-0.00021456554532051086,0.1291423955311378
V3_conf_mod_cond_motion,0.0,0.2,1.0,combined_medium,matched_protocol_recomputed,0.1990637630224228,0.197429358959198,0.19420389831066132,0.19224496185779572,True,0.0019589364528656006,2,-0.00021456554532051086,0.1291423955311378
V3_conf_mod_cond_motion,0.05,0.01,0.5,gaussian_medium,archived_original,0.06256657093763351,0.05569539964199066,0.04826045036315918,0.05775722488760948,False,-0.009496774524450302,2,0.0007647313177585602,0.12816309866805872
V3_conf_mod_cond_motion,0.05,0.01,0.5,drift_medium,archived_original,0.01764802448451519,0.03159075602889061,0.02327214553952217,0.01806669682264328,True,0.005205448716878891,2,0.0007647313177585602,0.12816309866805872
V3_conf_mod_cond_motion,0.05,0.01,0.5,burst_medium,archived_original,0.07475546002388,0.09188491106033325,0.07392223179340363,0.04492204636335373,True,0.029000185430049896,2,0.0007647313177585602,0.12816309866805872
V3_conf_mod_cond_motion,0.05,0.01,0.5,bias_medium,archived_original,0.1889956295490265,0.18886825442314148,0.1876443475484848,0.18903350830078125,False,-0.0013891607522964478,2,0.0007647313177585602,0.12816309866805872
V3_conf_mod_cond_motion,0.05,0.01,0.5,jump_medium,matched_protocol_recomputed,0.2633684277534485,0.24652285873889923,0.24626390635967255,0.2616406977176666,False,-0.01537679135799408,2,0.0007647313177585602,0.12816309866805872
V3_conf_mod_cond_motion,0.05,0.01,0.5,combined_medium,matched_protocol_recomputed,0.1990637630224228,0.197429358959198,0.19420389831066132,0.1975584179162979,False,-0.0033545196056365967,2,0.0007647313177585602,0.12816309866805872
V3_conf_mod_cond_motion,0.05,0.01,1.0,gaussian_medium,archived_original,0.06256657093763351,0.05569539964199066,0.04826045036315918,0.05102696269750595,False,-0.0027665123343467712,2,0.002041669562458992,0.1268861604233583
V3_conf_mod_cond_motion,0.05,0.01,1.0,drift_medium,archived_original,0.01764802448451519,0.03159075602889061,0.02327214553952217,0.020337242633104324,True,0.0029349029064178467,2,0.002041669562458992,0.1268861604233583
V3_conf_mod_cond_motion,0.05,0.01,1.0,burst_medium,archived_original,0.07475546002388,0.09188491106033325,0.07392223179340363,0.046948011964559555,True,0.02697421982884407,2,0.002041669562458992,0.1268861604233583
V3_conf_mod_cond_motion,0.05,0.01,1.0,bias_medium,archived_original,0.1889956295490265,0.18886825442314148,0.1876443475484848,0.18925686180591583,False,-0.0016125142574310303,2,0.002041669562458992,0.1268861604233583
V3_conf_mod_cond_motion,0.05,0.01,1.0,jump_medium,matched_protocol_recomputed,0.2633684277534485,0.24652285873889923,0.24626390635967255,0.2585979700088501,False,-0.012334063649177551,2,0.002041669562458992,0.1268861604233583
V3_conf_mod_cond_motion,0.05,0.01,1.0,combined_medium,matched_protocol_recomputed,0.1990637630224228,0.197429358959198,0.19420389831066132,0.19514991343021393,False,-0.0009460151195526123,2,0.002041669562458992,0.1268861604233583
V3_conf_mod_cond_motion,0.05,0.05,0.5,gaussian_medium,archived_original,0.06256657093763351,0.05569539964199066,0.04826045036315918,0.0525057427585125,False,-0.004245292395353317,2,0.002967605988184611,0.12596022399763265
V3_conf_mod_cond_motion,0.05,0.05,0.5,drift_medium,archived_original,0.01764802448451519,0.03159075602889061,0.02327214553952217,0.022666778415441513,True,0.000605367124080658,2,0.002967605988184611,0.12596022399763265
V3_conf_mod_cond_motion,0.05,0.05,0.5,burst_medium,archived_original,0.07475546002388,0.09188491106033325,0.07392223179340363,0.03681070730090141,True,0.03711152449250221,2,0.002967605988184611,0.12596022399763265
V3_conf_mod_cond_motion,0.05,0.05,0.5,bias_medium,archived_original,0.1889956295490265,0.18886825442314148,0.1876443475484848,0.18947061896324158,False,-0.001826271414756775,2,0.002967605988184611,0.12596022399763265
V3_conf_mod_cond_motion,0.05,0.05,0.5,jump_medium,matched_protocol_recomputed,0.2633684277534485,0.24652285873889923,0.24626390635967255,0.258770227432251,False,-0.01250632107257843,2,0.002967605988184611,0.12596022399763265
V3_conf_mod_cond_motion,0.05,0.05,0.5,combined_medium,matched_protocol_recomputed,0.1990637630224228,0.197429358959198,0.19420389831066132,0.195537269115448,False,-0.0013333708047866821,2,0.002967605988184611,0.12596022399763265
V3_conf_mod_cond_motion,0.05,0.05,1.0,gaussian_medium,archived_original,0.06256657093763351,0.05569539964199066,0.04826045036315918,0.04807344451546669,True,0.00018700584769248962,3,0.0025155957167347274,0.12641223426908255
V3_conf_mod_cond_motion,0.05,0.05,1.0,drift_medium,archived_original,0.01764802448451519,0.03159075602889061,0.02327214553952217,0.02928808145225048,False,-0.00601593591272831,3,0.0025155957167347274,0.12641223426908255
V3_conf_mod_cond_motion,0.05,0.05,1.0,burst_medium,archived_original,0.07475546002388,0.09188491106033325,0.07392223179340363,0.0435444638133049,True,0.030377767980098724,3,0.0025155957167347274,0.12641223426908255
V3_conf_mod_cond_motion,0.05,0.05,1.0,bias_medium,archived_original,0.1889956295490265,0.18886825442314148,0.1876443475484848,0.19081372022628784,False,-0.0031693726778030396,3,0.0025155957167347274,0.12641223426908255
V3_conf_mod_cond_motion,0.05,0.05,1.0,jump_medium,matched_protocol_recomputed,0.2633684277534485,0.24652285873889923,0.24626390635967255,0.25391075015068054,False,-0.007646843791007996,3,0.0025155957167347274,0.12641223426908255
V3_conf_mod_cond_motion,0.05,0.05,1.0,combined_medium,matched_protocol_recomputed,0.1990637630224228,0.197429358959198,0.19420389831066132,0.19284294545650482,True,0.0013609528541564941,3,0.0025155957167347274,0.12641223426908255
V3_conf_mod_cond_motion,0.05,0.1,0.5,gaussian_medium,archived_original,0.06256657093763351,0.05569539964199066,0.04826045036315918,0.05052454397082329,False,-0.0022640936076641083,1,0.0031410176306962967,0.12578681235512099
V3_conf_mod_cond_motion,0.05,0.1,0.5,drift_medium,archived_original,0.01764802448451519,0.03159075602889061,0.02327214553952217,0.02648799866437912,False,-0.003215853124856949,1,0.0031410176306962967,0.12578681235512099
V3_conf_mod_cond_motion,0.05,0.1,0.5,burst_medium,archived_original,0.07475546002388,0.09188491106033325,0.07392223179340363,0.036691922694444656,True,0.03723030909895897,1,0.0031410176306962967,0.12578681235512099
V3_conf_mod_cond_motion,0.05,0.1,0.5,bias_medium,archived_original,0.1889956295490265,0.18886825442314148,0.1876443475484848,0.19008363783359528,False,-0.0024392902851104736,1,0.0031410176306962967,0.12578681235512099
V3_conf_mod_cond_motion,0.05,0.1,0.5,jump_medium,matched_protocol_recomputed,0.2633684277534485,0.24652285873889923,0.24626390635967255,0.25661972165107727,False,-0.010355815291404724,1,0.0031410176306962967,0.12578681235512099
V3_conf_mod_cond_motion,0.05,0.1,0.5,combined_medium,matched_protocol_recomputed,0.1990637630224228,0.197429358959198,0.19420389831066132,0.19431304931640625,False,-0.00010915100574493408,1,0.0031410176306962967,0.12578681235512099
V3_conf_mod_cond_motion,0.05,0.1,1.0,gaussian_medium,archived_original,0.06256657093763351,0.05569539964199066,0.04826045036315918,0.04826686903834343,False,-6.418675184249878e-06,2,0.0018034490446249645,0.1271243809411923
V3_conf_mod_cond_motion,0.05,0.1,1.0,drift_medium,archived_original,0.01764802448451519,0.03159075602889061,0.02327214553952217,0.03418903797864914,False,-0.010916892439126968,2,0.0018034490446249645,0.1271243809411923
V3_conf_mod_cond_motion,0.05,0.1,1.0,burst_medium,archived_original,0.07475546002388,0.09188491106033325,0.07392223179340363,0.044810689985752106,True,0.02911154180765152,2,0.0018034490446249645,0.1271243809411923
V3_conf_mod_cond_motion,0.05,0.1,1.0,bias_medium,archived_original,0.1889956295490265,0.18886825442314148,0.1876443475484848,0.19206756353378296,False,-0.004423215985298157,2,0.0018034490446249645,0.1271243809411923
V3_conf_mod_cond_motion,0.05,0.1,1.0,jump_medium,matched_protocol_recomputed,0.2633684277534485,0.24652285873889923,0.24626390635967255,0.2512044608592987,False,-0.00494055449962616,2,0.0018034490446249645,0.1271243809411923
V3_conf_mod_cond_motion,0.05,0.1,1.0,combined_medium,matched_protocol_recomputed,0.1990637630224228,0.197429358959198,0.19420389831066132,0.19220766425132751,True,0.0019962340593338013,2,0.0018034490446249645,0.1271243809411923
V3_conf_mod_cond_motion,0.05,0.2,0.5,gaussian_medium,archived_original,0.06256657093763351,0.05569539964199066,0.04826045036315918,0.04940824955701828,False,-0.0011477991938591003,2,0.0026632010315855346,0.12626462895423174
V3_conf_mod_cond_motion,0.05,0.2,0.5,drift_medium,archived_original,0.01764802448451519,0.03159075602889061,0.02327214553952217,0.030935535207390785,False,-0.007663389667868614,2,0.0026632010315855346,0.12626462895423174
V3_conf_mod_cond_motion,0.05,0.2,0.5,burst_medium,archived_original,0.07475546002388,0.09188491106033325,0.07392223179340363,0.038895245641469955,True,0.03502698615193367,2,0.0026632010315855346,0.12626462895423174
V3_conf_mod_cond_motion,0.05,0.2,0.5,bias_medium,archived_original,0.1889956295490265,0.18886825442314148,0.1876443475484848,0.19107240438461304,False,-0.003428056836128235,2,0.0026632010315855346,0.12626462895423174
V3_conf_mod_cond_motion,0.05,0.2,0.5,jump_medium,matched_protocol_recomputed,0.2633684277534485,0.24652285873889923,0.24626390635967255,0.254045307636261,False,-0.00778140127658844,2,0.0026632010315855346,0.12626462895423174
V3_conf_mod_cond_motion,0.05,0.2,0.5,combined_medium,matched_protocol_recomputed,0.1990637630224228,0.197429358959198,0.19420389831066132,0.1932310312986374,True,0.0009728670120239258,2,0.0026632010315855346,0.12626462895423174
V3_conf_mod_cond_motion,0.05,0.2,1.0,gaussian_medium,archived_original,0.06256657093763351,0.05569539964199066,0.04826045036315918,0.04952741786837578,False,-0.0012669675052165985,2,0.0004659164696931839,0.1284619135161241
V3_conf_mod_cond_motion,0.05,0.2,1.0,drift_medium,archived_original,0.01764802448451519,0.03159075602889061,0.02327214553952217,0.03932497650384903,False,-0.01605283096432686,2,0.0004659164696931839,0.1284619135161241
V3_conf_mod_cond_motion,0.05,0.2,1.0,burst_medium,archived_original,0.07475546002388,0.09188491106033325,0.07392223179340363,0.048229847103357315,True,0.02569238469004631,2,0.0004659164696931839,0.1284619135161241
V3_conf_mod_cond_motion,0.05,0.2,1.0,bias_medium,archived_original,0.1889956295490265,0.18886825442314148,0.1876443475484848,0.1934429556131363,False,-0.005798608064651489,2,0.0004659164696931839,0.1284619135161241
V3_conf_mod_cond_motion,0.05,0.2,1.0,jump_medium,matched_protocol_recomputed,0.2633684277534485,0.24652285873889923,0.24626390635967255,0.248296856880188,False,-0.002032950520515442,2,0.0004659164696931839,0.1284619135161241
V3_conf_mod_cond_motion,0.05,0.2,1.0,combined_medium,matched_protocol_recomputed,0.1990637630224228,0.197429358959198,0.19420389831066132,0.19194942712783813,True,0.002254471182823181,2,0.0004659164696931839,0.1284619135161241
V3_conf_mod_cond_motion,0.1,0.01,0.5,gaussian_medium,archived_original,0.06256657093763351,0.05569539964199066,0.04826045036315918,0.056412532925605774,False,-0.008152082562446594,2,0.0004432608063022296,0.12848456917951503
V3_conf_mod_cond_motion,0.1,0.01,0.5,drift_medium,archived_original,0.01764802448451519,0.03159075602889061,0.02327214553952217,0.017940232530236244,True,0.005331913009285927,2,0.0004432608063022296,0.12848456917951503
V3_conf_mod_cond_motion,0.1,0.01,0.5,burst_medium,archived_original,0.07475546002388,0.09188491106033325,0.07392223179340363,0.049206797033548355,True,0.02471543475985527,2,0.0004432608063022296,0.12848456917951503
V3_conf_mod_cond_motion,0.1,0.01,0.5,bias_medium,archived_original,0.1889956295490265,0.18886825442314148,0.1876443475484848,0.18902935087680817,False,-0.0013850033283233643,2,0.0004432608063022296,0.12848456917951503
V3_conf_mod_cond_motion,0.1,0.01,0.5,jump_medium,matched_protocol_recomputed,0.2633684277534485,0.24652285873889923,0.24626390635967255,0.2611842751502991,False,-0.014920368790626526,2,0.0004432608063022296,0.12848456917951503
V3_conf_mod_cond_motion,0.1,0.01,0.5,combined_medium,matched_protocol_recomputed,0.1990637630224228,0.197429358959198,0.19420389831066132,0.19713422656059265,False,-0.0029303282499313354,2,0.0004432608063022296,0.12848456917951503
V3_conf_mod_cond_motion,0.1,0.01,1.0,gaussian_medium,archived_original,0.06256657093763351,0.05569539964199066,0.04826045036315918,0.04894367605447769,False,-0.000683225691318512,2,0.0021646091093619666,0.1267632208764553
V3_conf_mod_cond_motion,0.1,0.01,1.0,drift_medium,archived_original,0.01764802448451519,0.03159075602889061,0.02327214553952217,0.019459322094917297,True,0.0038128234446048737,2,0.0021646091093619666,0.1267632208764553
V3_conf_mod_cond_motion,0.1,0.01,1.0,burst_medium,archived_original,0.07475546002388,0.09188491106033325,0.07392223179340363,0.05073907971382141,True,0.023183152079582214,2,0.0021646091093619666,0.1267632208764553
V3_conf_mod_cond_motion,0.1,0.01,1.0,bias_medium,archived_original,0.1889956295490265,0.18886825442314148,0.1876443475484848,0.18919800221920013,False,-0.001553654670715332,2,0.0021646091093619666,0.1267632208764553
V3_conf_mod_cond_motion,0.1,0.01,1.0,jump_medium,matched_protocol_recomputed,0.2633684277534485,0.24652285873889923,0.24626390635967255,0.25781306624412537,False,-0.01154915988445282,2,0.0021646091093619666,0.1267632208764553
V3_conf_mod_cond_motion,0.1,0.01,1.0,combined_medium,matched_protocol_recomputed,0.1990637630224228,0.197429358959198,0.19420389831066132,0.19442617893218994,False,-0.0002222806215286255,2,0.0021646091093619666,0.1267632208764553
V3_conf_mod_cond_motion,0.1,0.05,0.5,gaussian_medium,archived_original,0.06256657093763351,0.05569539964199066,0.04826045036315918,0.0517040453851223,False,-0.0034435950219631195,2,0.002538105472922325,0.12638972451289496
V3_conf_mod_cond_motion,0.1,0.05,0.5,drift_medium,archived_original,0.01764802448451519,0.03159075602889061,0.02327214553952217,0.022082585841417313,True,0.0011895596981048584,2,0.002538105472922325,0.12638972451289496
V3_conf_mod_cond_motion,0.1,0.05,0.5,burst_medium,archived_original,0.07475546002388,0.09188491106033325,0.07392223179340363,0.041312023997306824,True,0.0326102077960968,2,0.002538105472922325,0.12638972451289496
V3_conf_mod_cond_motion,0.1,0.05,0.5,bias_medium,archived_original,0.1889956295490265,0.18886825442314148,0.1876443475484848,0.18942470848560333,False,-0.0017803609371185303,2,0.002538105472922325,0.12638972451289496
V3_conf_mod_cond_motion,0.1,0.05,0.5,jump_medium,matched_protocol_recomputed,0.2633684277534485,0.24652285873889923,0.24626390635967255,0.2585366666316986,False,-0.012272760272026062,2,0.002538105472922325,0.12638972451289496
V3_conf_mod_cond_motion,0.1,0.05,0.5,combined_medium,matched_protocol_recomputed,0.1990637630224228,0.197429358959198,0.19420389831066132,0.1952783167362213,False,-0.0010744184255599976,2,0.002538105472922325,0.12638972451289496
V3_conf_mod_cond_motion,0.1,0.05,1.0,gaussian_medium,archived_original,0.06256657093763351,0.05569539964199066,0.04826045036315918,0.04667924717068672,True,0.0015812031924724579,3,0.0024706230809291205,0.12645720690488815
V3_conf_mod_cond_motion,0.1,0.05,1.0,drift_medium,archived_original,0.01764802448451519,0.03159075602889061,0.02327214553952217,0.02765725553035736,False,-0.00438510999083519,3,0.0024706230809291205,0.12645720690488815
V3_conf_mod_cond_motion,0.1,0.05,1.0,burst_medium,archived_original,0.07475546002388,0.09188491106033325,0.07392223179340363,0.047659989446401596,True,0.02626224234700203,3,0.0024706230809291205,0.12645720690488815
V3_conf_mod_cond_motion,0.1,0.05,1.0,bias_medium,archived_original,0.1889956295490265,0.18886825442314148,0.1876443475484848,0.19055713713169098,False,-0.0029127895832061768,3,0.0024706230809291205,0.12645720690488815
V3_conf_mod_cond_motion,0.1,0.05,1.0,jump_medium,matched_protocol_recomputed,0.2633684277534485,0.24652285873889923,0.24626390635967255,0.2537521719932556,False,-0.007488265633583069,3,0.0024706230809291205,0.12645720690488815
V3_conf_mod_cond_motion,0.1,0.05,1.0,combined_medium,matched_protocol_recomputed,0.1990637630224228,0.197429358959198,0.19420389831066132,0.19243744015693665,True,0.0017664581537246704,3,0.0024706230809291205,0.12645720690488815
V3_conf_mod_cond_motion,0.1,0.1,0.5,gaussian_medium,archived_original,0.06256657093763351,0.05569539964199066,0.04826045036315918,0.04988276585936546,False,-0.0016223154962062836,2,0.002904942569633325,0.12602288741618395
V3_conf_mod_cond_motion,0.1,0.1,0.5,drift_medium,archived_original,0.01764802448451519,0.03159075602889061,0.02327214553952217,0.02584092877805233,False,-0.002568783238530159,2,0.002904942569633325,0.12602288741618395
V3_conf_mod_cond_motion,0.1,0.1,0.5,burst_medium,archived_original,0.07475546002388,0.09188491106033325,0.07392223179340363,0.03979011997580528,True,0.03413211181759834,2,0.002904942569633325,0.12602288741618395
V3_conf_mod_cond_motion,0.1,0.1,0.5,bias_medium,archived_original,0.1889956295490265,0.18886825442314148,0.1876443475484848,0.1900082379579544,False,-0.0023638904094696045,2,0.002904942569633325,0.12602288741618395
V3_conf_mod_cond_motion,0.1,0.1,0.5,jump_medium,matched_protocol_recomputed,0.2633684277534485,0.24652285873889923,0.24626390635967255,0.25649288296699524,False,-0.010228976607322693,2,0.002904942569633325,0.12602288741618395
V3_conf_mod_cond_motion,0.1,0.1,0.5,combined_medium,matched_protocol_recomputed,0.1990637630224228,0.197429358959198,0.19420389831066132,0.19412238895893097,True,8.150935173034668e-05,2,0.002904942569633325,0.12602288741618395
V3_conf_mod_cond_motion,0.1,0.1,1.0,gaussian_medium,archived_original,0.06256657093763351,0.05569539964199066,0.04826045036315918,0.047159548848867416,True,0.0011009015142917633,3,0.0018578798820575078,0.12706995010375977
V3_conf_mod_cond_motion,0.1,0.1,1.0,drift_medium,archived_original,0.01764802448451519,0.03159075602889061,0.02327214553952217,0.032662950456142426,False,-0.009390804916620255,3,0.0018578798820575078,0.12706995010375977
V3_conf_mod_cond_motion,0.1,0.1,1.0,burst_medium,archived_original,0.07475546002388,0.09188491106033325,0.07392223179340363,0.04771779105067253,True,0.026204440742731094,3,0.0018578798820575078,0.12706995010375977
V3_conf_mod_cond_motion,0.1,0.1,1.0,bias_medium,archived_original,0.1889956295490265,0.18886825442314148,0.1876443475484848,0.1917790174484253,False,-0.004134669899940491,3,0.0018578798820575078,0.12706995010375977
V3_conf_mod_cond_motion,0.1,0.1,1.0,jump_medium,matched_protocol_recomputed,0.2633684277534485,0.24652285873889923,0.24626390635967255,0.25121432542800903,False,-0.004950419068336487,3,0.0018578798820575078,0.12706995010375977
V3_conf_mod_cond_motion,0.1,0.1,1.0,combined_medium,matched_protocol_recomputed,0.1990637630224228,0.197429358959198,0.19420389831066132,0.1918860673904419,True,0.0023178309202194214,3,0.0018578798820575078,0.12706995010375977
V3_conf_mod_cond_motion,0.1,0.2,0.5,gaussian_medium,archived_original,0.06256657093763351,0.05569539964199066,0.04826045036315918,0.04892856627702713,False,-0.0006681159138679504,2,0.0026230200504263244,0.12630480993539095
V3_conf_mod_cond_motion,0.1,0.2,0.5,drift_medium,archived_original,0.01764802448451519,0.03159075602889061,0.02327214553952217,0.03033110685646534,False,-0.007058961316943169,2,0.0026230200504263244,0.12630480993539095
V3_conf_mod_cond_motion,0.1,0.2,0.5,burst_medium,archived_original,0.07475546002388,0.09188491106033325,0.07392223179340363,0.040501032024621964,True,0.03342119976878166,2,0.0026230200504263244,0.12630480993539095
V3_conf_mod_cond_motion,0.1,0.2,0.5,bias_medium,archived_original,0.1889956295490265,0.18886825442314148,0.1876443475484848,0.19097809493541718,False,-0.003333747386932373,2,0.0026230200504263244,0.12630480993539095
V3_conf_mod_cond_motion,0.1,0.2,0.5,jump_medium,matched_protocol_recomputed,0.2633684277534485,0.24652285873889923,0.24626390635967255,0.2539985179901123,False,-0.007734611630439758,2,0.0026230200504263244,0.12630480993539095
V3_conf_mod_cond_motion,0.1,0.2,0.5,combined_medium,matched_protocol_recomputed,0.1990637630224228,0.197429358959198,0.19420389831066132,0.19309154152870178,True,0.0011123567819595337,2,0.0026230200504263244,0.12630480993539095
V3_conf_mod_cond_motion,0.1,0.2,1.0,gaussian_medium,archived_original,0.06256657093763351,0.05569539964199066,0.04826045036315918,0.048662155866622925,False,-0.0004017055034637451,2,0.0006876767923434576,0.12824015319347382
V3_conf_mod_cond_motion,0.1,0.2,1.0,drift_medium,archived_original,0.01764802448451519,0.03159075602889061,0.02327214553952217,0.03799867257475853,False,-0.014726527035236359,2,0.0006876767923434576,0.12824015319347382
V3_conf_mod_cond_motion,0.1,0.2,1.0,burst_medium,archived_original,0.07475546002388,0.09188491106033325,0.07392223179340363,0.04952054098248482,True,0.024401690810918808,2,0.0006876767923434576,0.12824015319347382
V3_conf_mod_cond_motion,0.1,0.2,1.0,bias_medium,archived_original,0.1889956295490265,0.18886825442314148,0.1876443475484848,0.19317513704299927,False,-0.005530789494514465,2,0.0006876767923434576,0.12824015319347382
V3_conf_mod_cond_motion,0.1,0.2,1.0,jump_medium,matched_protocol_recomputed,0.2633684277534485,0.24652285873889923,0.24626390635967255,0.24838858842849731,False,-0.002124682068824768,2,0.0006876767923434576,0.12824015319347382
V3_conf_mod_cond_motion,0.1,0.2,1.0,combined_medium,matched_protocol_recomputed,0.1990637630224228,0.197429358959198,0.19420389831066132,0.19169582426548004,True,0.0025080740451812744,2,0.0006876767923434576,0.12824015319347382
V3_conf_mod_cond_motion,0.2,0.01,0.5,gaussian_medium,archived_original,0.06256657093763351,0.05569539964199066,0.04826045036315918,0.05429325997829437,False,-0.006032809615135193,2,0.0005639701460798582,0.12836385983973742
V3_conf_mod_cond_motion,0.2,0.01,0.5,drift_medium,archived_original,0.01764802448451519,0.03159075602889061,0.02327214553952217,0.017809664830565453,True,0.0054624807089567184,2,0.0005639701460798582,0.12836385983973742
V3_conf_mod_cond_motion,0.2,0.01,0.5,burst_medium,archived_original,0.07475546002388,0.09188491106033325,0.07392223179340363,0.052195824682712555,True,0.02172640711069107,2,0.0005639701460798582,0.12836385983973742
V3_conf_mod_cond_motion,0.2,0.01,0.5,bias_medium,archived_original,0.1889956295490265,0.18886825442314148,0.1876443475484848,0.18902580440044403,False,-0.0013814568519592285,2,0.0005639701460798582,0.12836385983973742
V3_conf_mod_cond_motion,0.2,0.01,0.5,jump_medium,matched_protocol_recomputed,0.2633684277534485,0.24652285873889923,0.24626390635967255,0.2604103982448578,False,-0.014146491885185242,2,0.0005639701460798582,0.12836385983973742
V3_conf_mod_cond_motion,0.2,0.01,0.5,combined_medium,matched_protocol_recomputed,0.1990637630224228,0.197429358959198,0.19420389831066132,0.1964482069015503,False,-0.002244308590888977,2,0.0005639701460798582,0.12836385983973742
V3_conf_mod_cond_motion,0.2,0.01,1.0,gaussian_medium,archived_original,0.06256657093763351,0.05569539964199066,0.04826045036315918,0.04632015526294708,True,0.0019402951002120972,4,0.0026435693725943565,0.12628426061322293
V3_conf_mod_cond_motion,0.2,0.01,1.0,drift_medium,archived_original,0.01764802448451519,0.03159075602889061,0.02327214553952217,0.01872836984694004,True,0.00454377569258213,4,0.0026435693725943565,0.12628426061322293
V3_conf_mod_cond_motion,0.2,0.01,1.0,burst_medium,archived_original,0.07475546002388,0.09188491106033325,0.07392223179340363,0.053395986557006836,True,0.02052624523639679,4,0.0026435693725943565,0.12628426061322293
V3_conf_mod_cond_motion,0.2,0.01,1.0,bias_medium,archived_original,0.1889956295490265,0.18886825442314148,0.1876443475484848,0.18914760649204254,False,-0.0015032589435577393,4,0.0026435693725943565,0.12628426061322293
V3_conf_mod_cond_motion,0.2,0.01,1.0,jump_medium,matched_protocol_recomputed,0.2633684277534485,0.24652285873889923,0.24626390635967255,0.2566547393798828,False,-0.010390833020210266,4,0.0026435693725943565,0.12628426061322293
V3_conf_mod_cond_motion,0.2,0.01,1.0,combined_medium,matched_protocol_recomputed,0.1990637630224228,0.197429358959198,0.19420389831066132,0.1934587061405182,True,0.0007451921701431274,4,0.0026435693725943565,0.12628426061322293
V3_conf_mod_cond_motion,0.2,0.05,0.5,gaussian_medium,archived_original,0.06256657093763351,0.05569539964199066,0.04826045036315918,0.050376102328300476,False,-0.0021156519651412964,2,0.002255663275718689,0.1266721667100986
V3_conf_mod_cond_motion,0.2,0.05,0.5,drift_medium,archived_original,0.01764802448451519,0.03159075602889061,0.02327214553952217,0.021218400448560715,True,0.0020537450909614563,2,0.002255663275718689,0.1266721667100986
V3_conf_mod_cond_motion,0.2,0.05,0.5,burst_medium,archived_original,0.07475546002388,0.09188491106033325,0.07392223179340363,0.046122096478939056,True,0.02780013531446457,2,0.002255663275718689,0.1266721667100986
V3_conf_mod_cond_motion,0.2,0.05,0.5,bias_medium,archived_original,0.1889956295490265,0.18886825442314148,0.1876443475484848,0.18935763835906982,False,-0.001713290810585022,2,0.002255663275718689,0.1266721667100986
V3_conf_mod_cond_motion,0.2,0.05,0.5,jump_medium,matched_protocol_recomputed,0.2633684277534485,0.24652285873889923,0.24626390635967255,0.25811833143234253,False,-0.011854425072669983,2,0.002255663275718689,0.1266721667100986
V3_conf_mod_cond_motion,0.2,0.05,0.5,combined_medium,matched_protocol_recomputed,0.1990637630224228,0.197429358959198,0.19420389831066132,0.1948404312133789,False,-0.0006365329027175903,2,0.002255663275718689,0.1266721667100986
V3_conf_mod_cond_motion,0.2,0.05,1.0,gaussian_medium,archived_original,0.06256657093763351,0.05569539964199066,0.04826045036315918,0.044706325978040695,True,0.0035541243851184845,3,0.002694678803284963,0.1262331511825323
V3_conf_mod_cond_motion,0.2,0.05,1.0,drift_medium,archived_original,0.01764802448451519,0.03159075602889061,0.02327214553952217,0.02545781061053276,False,-0.0021856650710105896,3,0.002694678803284963,0.1262331511825323
V3_conf_mod_cond_motion,0.2,0.05,1.0,burst_medium,archived_original,0.07475546002388,0.09188491106033325,0.07392223179340363,0.051685553044080734,True,0.02223667874932289,3,0.002694678803284963,0.1262331511825323
V3_conf_mod_cond_motion,0.2,0.05,1.0,bias_medium,archived_original,0.1889956295490265,0.18886825442314148,0.1876443475484848,0.19021818041801453,False,-0.002573832869529724,3,0.002694678803284963,0.1262331511825323
V3_conf_mod_cond_motion,0.2,0.05,1.0,jump_medium,matched_protocol_recomputed,0.2633684277534485,0.24652285873889923,0.24626390635967255,0.25347626209259033,False,-0.007212355732917786,3,0.002694678803284963,0.1262331511825323
V3_conf_mod_cond_motion,0.2,0.05,1.0,combined_medium,matched_protocol_recomputed,0.1990637630224228,0.197429358959198,0.19420389831066132,0.19185477495193481,True,0.0023491233587265015,3,0.002694678803284963,0.1262331511825323
V3_conf_mod_cond_motion,0.2,0.1,0.5,gaussian_medium,archived_original,0.06256657093763351,0.05569539964199066,0.04826045036315918,0.04878542572259903,False,-0.0005249753594398499,2,0.002652378442386786,0.12627545154343048
V3_conf_mod_cond_motion,0.2,0.1,0.5,drift_medium,archived_original,0.01764802448451519,0.03159075602889061,0.02327214553952217,0.024792594835162163,False,-0.0015204492956399918,2,0.002652378442386786,0.12627545154343048
V3_conf_mod_cond_motion,0.2,0.1,0.5,burst_medium,archived_original,0.07475546002388,0.09188491106033325,0.07392223179340363,0.0441364087164402,True,0.029785823076963425,2,0.002652378442386786,0.12627545154343048
V3_conf_mod_cond_motion,0.2,0.1,0.5,bias_medium,archived_original,0.1889956295490265,0.18886825442314148,0.1876443475484848,0.18988658487796783,False,-0.0022422373294830322,2,0.002652378442386786,0.12627545154343048
V3_conf_mod_cond_motion,0.2,0.1,0.5,jump_medium,matched_protocol_recomputed,0.2633684277534485,0.24652285873889923,0.24626390635967255,0.25625908374786377,False,-0.009995177388191223,2,0.002652378442386786,0.12627545154343048
V3_conf_mod_cond_motion,0.2,0.1,0.5,combined_medium,matched_protocol_recomputed,0.1990637630224228,0.197429358959198,0.19420389831066132,0.19379261136054993,True,0.00041128695011138916,2,0.002652378442386786,0.12627545154343048
V3_conf_mod_cond_motion,0.2,0.1,1.0,gaussian_medium,archived_original,0.06256657093763351,0.05569539964199066,0.04826045036315918,0.045465003699064255,True,0.002795446664094925,3,0.0020403402547041574,0.1268874897311131
V3_conf_mod_cond_motion,0.2,0.1,1.0,drift_medium,archived_original,0.01764802448451519,0.03159075602889061,0.02327214553952217,0.030377492308616638,False,-0.007105346769094467,3,0.0020403402547041574,0.1268874897311131
V3_conf_mod_cond_motion,0.2,0.1,1.0,burst_medium,archived_original,0.07475546002388,0.09188491106033325,0.07392223179340363,0.0515144020318985,True,0.022407829761505127,3,0.0020403402547041574,0.1268874897311131
V3_conf_mod_cond_motion,0.2,0.1,1.0,bias_medium,archived_original,0.1889956295490265,0.18886825442314148,0.1876443475484848,0.19134221971035004,False,-0.0036978721618652344,3,0.0020403402547041574,0.1268874897311131
V3_conf_mod_cond_motion,0.2,0.1,1.0,jump_medium,matched_protocol_recomputed,0.2633684277534485,0.24652285873889923,0.24626390635967255,0.25123143196105957,False,-0.004967525601387024,3,0.0020403402547041574,0.1268874897311131
V3_conf_mod_cond_motion,0.2,0.1,1.0,combined_medium,matched_protocol_recomputed,0.1990637630224228,0.197429358959198,0.19420389831066132,0.1913943886756897,True,0.0028095096349716187,3,0.0020403402547041574,0.1268874897311131
V3_conf_mod_cond_motion,0.2,0.2,0.5,gaussian_medium,archived_original,0.06256657093763351,0.05569539964199066,0.04826045036315918,0.048073459416627884,True,0.00018699094653129578,3,0.002515507861971855,0.12641232212384543
V3_conf_mod_cond_motion,0.2,0.2,0.5,drift_medium,archived_original,0.01764802448451519,0.03159075602889061,0.02327214553952217,0.029288090765476227,False,-0.006015945225954056,3,0.002515507861971855,0.12641232212384543
V3_conf_mod_cond_motion,0.2,0.2,0.5,burst_medium,archived_original,0.07475546002388,0.09188491106033325,0.07392223179340363,0.04354475811123848,True,0.030377473682165146,3,0.002515507861971855,0.12641232212384543
V3_conf_mod_cond_motion,0.2,0.2,0.5,bias_medium,archived_original,0.1889956295490265,0.18886825442314148,0.1876443475484848,0.1908137947320938,False,-0.003169447183609009,3,0.002515507861971855,0.12641232212384543
V3_conf_mod_cond_motion,0.2,0.2,0.5,jump_medium,matched_protocol_recomputed,0.2633684277534485,0.24652285873889923,0.24626390635967255,0.25391077995300293,False,-0.007646873593330383,3,0.002515507861971855,0.12641232212384543
V3_conf_mod_cond_motion,0.2,0.2,0.5,combined_medium,matched_protocol_recomputed,0.1990637630224228,0.197429358959198,0.19420389831066132,0.19284304976463318,True,0.0013608485460281372,3,0.002515507861971855,0.12641232212384543
V3_conf_mod_cond_motion,0.2,0.2,1.0,gaussian_medium,archived_original,0.06256657093763351,0.05569539964199066,0.04826045036315918,0.04724322259426117,True,0.0010172277688980103,3,0.0009515838076670965,0.12797624617815018
V3_conf_mod_cond_motion,0.2,0.2,1.0,drift_medium,archived_original,0.01764802448451519,0.03159075602889061,0.02327214553952217,0.03588719666004181,False,-0.012615051120519638,3,0.0009515838076670965,0.12797624617815018
V3_conf_mod_cond_motion,0.2,0.2,1.0,burst_medium,archived_original,0.07475546002388,0.09188491106033325,0.07392223179340363,0.05214203894138336,True,0.021780192852020264,3,0.0009515838076670965,0.12797624617815018
V3_conf_mod_cond_motion,0.2,0.2,1.0,bias_medium,archived_original,0.1889956295490265,0.18886825442314148,0.1876443475484848,0.19273363053798676,False,-0.005089282989501953,3,0.0009515838076670965,0.12797624617815018
V3_conf_mod_cond_motion,0.2,0.2,1.0,jump_medium,matched_protocol_recomputed,0.2633684277534485,0.24652285873889923,0.24626390635967255,0.24857120215892792,False,-0.002307295799255371,3,0.0009515838076670965,0.12797624617815018
V3_conf_mod_cond_motion,0.2,0.2,1.0,combined_medium,matched_protocol_recomputed,0.1990637630224228,0.197429358959198,0.19420389831066132,0.19128018617630005,True,0.002923712134361267,3,0.0009515838076670965,0.12797624617815018
V3_conf_mod_cond_motion,0.5,0.01,0.5,gaussian_medium,archived_original,0.06256657093763351,0.05569539964199066,0.04826045036315918,0.05029034614562988,False,-0.002029895782470703,2,0.0013871537521481514,0.12754067623366913
V3_conf_mod_cond_motion,0.5,0.01,0.5,drift_medium,archived_original,0.01764802448451519,0.03159075602889061,0.02327214553952217,0.01768246479332447,True,0.0055896807461977005,2,0.0013871537521481514,0.12754067623366913
V3_conf_mod_cond_motion,0.5,0.01,0.5,burst_medium,archived_original,0.07475546002388,0.09188491106033325,0.07392223179340363,0.054421935230493546,True,0.01950029656291008,2,0.0013871537521481514,0.12754067623366913
V3_conf_mod_cond_motion,0.5,0.01,0.5,bias_medium,archived_original,0.1889956295490265,0.18886825442314148,0.1876443475484848,0.1890275925397873,False,-0.0013832449913024902,2,0.0013871537521481514,0.12754067623366913
V3_conf_mod_cond_motion,0.5,0.01,0.5,jump_medium,matched_protocol_recomputed,0.2633684277534485,0.24652285873889923,0.24626390635967255,0.25874796509742737,False,-0.012484058737754822,2,0.0013871537521481514,0.12754067623366913
V3_conf_mod_cond_motion,0.5,0.01,0.5,combined_medium,matched_protocol_recomputed,0.1990637630224228,0.197429358959198,0.19420389831066132,0.19507375359535217,False,-0.0008698552846908569,2,0.0013871537521481514,0.12754067623366913
V3_conf_mod_cond_motion,0.5,0.01,1.0,gaussian_medium,archived_original,0.06256657093763351,0.05569539964199066,0.04826045036315918,0.042713262140750885,True,0.005547188222408295,4,0.0035000493129094443,0.12542778067290783
V3_conf_mod_cond_motion,0.5,0.01,1.0,drift_medium,archived_original,0.01764802448451519,0.03159075602889061,0.02327214553952217,0.018240641802549362,True,0.005031503736972809,4,0.0035000493129094443,0.12542778067290783
V3_conf_mod_cond_motion,0.5,0.01,1.0,burst_medium,archived_original,0.07475546002388,0.09188491106033325,0.07392223179340363,0.05594244599342346,True,0.017979785799980164,4,0.0035000493129094443,0.12542778067290783
V3_conf_mod_cond_motion,0.5,0.01,1.0,bias_medium,archived_original,0.1889956295490265,0.18886825442314148,0.1876443475484848,0.18911601603031158,False,-0.0014716684818267822,4,0.0035000493129094443,0.12542778067290783
V3_conf_mod_cond_motion,0.5,0.01,1.0,jump_medium,matched_protocol_recomputed,0.2633684277534485,0.24652285873889923,0.24626390635967255,0.25457894802093506,False,-0.008315041661262512,4,0.0035000493129094443,0.12542778067290783
V3_conf_mod_cond_motion,0.5,0.01,1.0,combined_medium,matched_protocol_recomputed,0.1990637630224228,0.197429358959198,0.19420389831066132,0.19197537004947662,True,0.0022285282611846924,4,0.0035000493129094443,0.12542778067290783
V3_conf_mod_cond_motion,0.5,0.05,0.5,gaussian_medium,archived_original,0.06256657093763351,0.05569539964199066,0.04826045036315918,0.047671977430582047,True,0.0005884729325771332,4,0.002427522403498491,0.12650030758231878
V3_conf_mod_cond_motion,0.5,0.05,0.5,drift_medium,archived_original,0.01764802448451519,0.03159075602889061,0.02327214553952217,0.019825095310807228,True,0.003447050228714943,4,0.002427522403498491,0.12650030758231878
V3_conf_mod_cond_motion,0.5,0.05,0.5,burst_medium,archived_original,0.07475546002388,0.09188491106033325,0.07392223179340363,0.051224466413259506,True,0.02269776538014412,4,0.002427522403498491,0.12650030758231878
V3_conf_mod_cond_motion,0.5,0.05,0.5,bias_medium,archived_original,0.1889956295490265,0.18886825442314148,0.1876443475484848,0.18925146758556366,False,-0.0016071200370788574,4,0.002427522403498491,0.12650030758231878
V3_conf_mod_cond_motion,0.5,0.05,0.5,jump_medium,matched_protocol_recomputed,0.2633684277534485,0.24652285873889923,0.24626390635967255,0.25712668895721436,False,-0.010862782597541809,4,0.002427522403498491,0.12650030758231878
V3_conf_mod_cond_motion,0.5,0.05,0.5,combined_medium,matched_protocol_recomputed,0.1990637630224228,0.197429358959198,0.19420389831066132,0.1939021497964859,True,0.00030174851417541504,4,0.002427522403498491,0.12650030758231878
V3_conf_mod_cond_motion,0.5,0.05,1.0,gaussian_medium,archived_original,0.06256657093763351,0.05569539964199066,0.04826045036315918,0.04173331707715988,True,0.006527133285999298,4,0.003419026111563047,0.12550880387425423
V3_conf_mod_cond_motion,0.5,0.05,1.0,drift_medium,archived_original,0.01764802448451519,0.03159075602889061,0.02327214553952217,0.022298984229564667,True,0.0009731613099575043,4,0.003419026111563047,0.12550880387425423
V3_conf_mod_cond_motion,0.5,0.05,1.0,burst_medium,archived_original,0.07475546002388,0.09188491106033325,0.07392223179340363,0.05555544048547745,True,0.018366791307926178,4,0.003419026111563047,0.12550880387425423
V3_conf_mod_cond_motion,0.5,0.05,1.0,bias_medium,archived_original,0.1889956295490265,0.18886825442314148,0.1876443475484848,0.18975558876991272,False,-0.0021112412214279175,4,0.003419026111563047,0.12550880387425423
V3_conf_mod_cond_motion,0.5,0.05,1.0,jump_medium,matched_protocol_recomputed,0.2633684277534485,0.24652285873889923,0.24626390635967255,0.25281018018722534,False,-0.006546273827552795,4,0.003419026111563047,0.12550880387425423
V3_conf_mod_cond_motion,0.5,0.05,1.0,combined_medium,matched_protocol_recomputed,0.1990637630224228,0.197429358959198,0.19420389831066132,0.1908993124961853,True,0.003304585814476013,4,0.003419026111563047,0.12550880387425423
V3_conf_mod_cond_motion,0.5,0.1,0.5,gaussian_medium,archived_original,0.06256657093763351,0.05569539964199066,0.04826045036315918,0.04646090418100357,True,0.0017995461821556091,4,0.0026761945337057114,0.12625163545211157
V3_conf_mod_cond_motion,0.5,0.1,0.5,drift_medium,archived_original,0.01764802448451519,0.03159075602889061,0.02327214553952217,0.022763285785913467,True,0.0005088597536087036,4,0.0026761945337057114,0.12625163545211157
V3_conf_mod_cond_motion,0.5,0.1,0.5,burst_medium,archived_original,0.07475546002388,0.09188491106033325,0.07392223179340363,0.049893129616975784,True,0.02402910217642784,4,0.0026761945337057114,0.12625163545211157
V3_conf_mod_cond_motion,0.5,0.1,0.5,bias_medium,archived_original,0.1889956295490265,0.18886825442314148,0.1876443475484848,0.1896575540304184,False,-0.0020132064819335938,4,0.0026761945337057114,0.12625163545211157
V3_conf_mod_cond_motion,0.5,0.1,0.5,jump_medium,matched_protocol_recomputed,0.2633684277534485,0.24652285873889923,0.24626390635967255,0.25567105412483215,False,-0.009407147765159607,4,0.0026761945337057114,0.12625163545211157
V3_conf_mod_cond_motion,0.5,0.1,0.5,combined_medium,matched_protocol_recomputed,0.1990637630224228,0.197429358959198,0.19420389831066132,0.193063884973526,True,0.001140013337135315,4,0.0026761945337057114,0.12625163545211157
V3_conf_mod_cond_motion,0.5,0.1,1.0,gaussian_medium,archived_original,0.06256657093763351,0.05569539964199066,0.04826045036315918,0.04253130406141281,True,0.005729146301746368,3,0.0027181596184770265,0.12620967036734024
V3_conf_mod_cond_motion,0.5,0.1,1.0,drift_medium,archived_original,0.01764802448451519,0.03159075602889061,0.02327214553952217,0.02643403597176075,False,-0.003161890432238579,3,0.0027181596184770265,0.12620967036734024
V3_conf_mod_cond_motion,0.5,0.1,1.0,burst_medium,archived_original,0.07475546002388,0.09188491106033325,0.07392223179340363,0.05594781041145325,True,0.01797442138195038,3,0.0027181596184770265,0.12620967036734024
V3_conf_mod_cond_motion,0.5,0.1,1.0,bias_medium,archived_original,0.1889956295490265,0.18886825442314148,0.1876443475484848,0.19059714674949646,False,-0.0029527992010116577,3,0.0027181596184770265,0.12620967036734024
V3_conf_mod_cond_motion,0.5,0.1,1.0,jump_medium,matched_protocol_recomputed,0.2633684277534485,0.24652285873889923,0.24626390635967255,0.25121569633483887,False,-0.004951789975166321,3,0.0027181596184770265,0.12620967036734024
V3_conf_mod_cond_motion,0.5,0.1,1.0,combined_medium,matched_protocol_recomputed,0.1990637630224228,0.197429358959198,0.19420389831066132,0.19053202867507935,True,0.00367186963558197,3,0.0027181596184770265,0.12620967036734024
V3_conf_mod_cond_motion,0.5,0.2,0.5,gaussian_medium,archived_original,0.06256657093763351,0.05569539964199066,0.04826045036315918,0.04610070213675499,True,0.00215974822640419,3,0.0025062384083867073,0.12642159157743058
V3_conf_mod_cond_motion,0.5,0.2,0.5,drift_medium,archived_original,0.01764802448451519,0.03159075602889061,0.02327214553952217,0.027002496644854546,False,-0.0037303511053323746,3,0.0025062384083867073,0.12642159157743058
V3_conf_mod_cond_motion,0.5,0.2,0.5,burst_medium,archived_original,0.07475546002388,0.09188491106033325,0.07392223179340363,0.049023520201444626,True,0.024898711591959,3,0.0025062384083867073,0.12642159157743058
V3_conf_mod_cond_motion,0.5,0.2,0.5,bias_medium,archived_original,0.1889956295490265,0.18886825442314148,0.1876443475484848,0.1904551386833191,False,-0.0028107911348342896,3,0.0025062384083867073,0.12642159157743058
V3_conf_mod_cond_motion,0.5,0.2,0.5,jump_medium,matched_protocol_recomputed,0.2633684277534485,0.24652285873889923,0.24626390635967255,0.2536790370941162,False,-0.0074151307344436646,3,0.0025062384083867073,0.12642159157743058
V3_conf_mod_cond_motion,0.5,0.2,0.5,combined_medium,matched_protocol_recomputed,0.1990637630224228,0.197429358959198,0.19420389831066132,0.19226865470409393,True,0.0019352436065673828,3,0.0025062384083867073,0.12642159157743058
V3_conf_mod_cond_motion,0.5,0.2,1.0,gaussian_medium,archived_original,0.06256657093763351,0.05569539964199066,0.04826045036315918,0.04447544738650322,True,0.00378500297665596,3,0.0015732080986102421,0.12735462188720703
V3_conf_mod_cond_motion,0.5,0.2,1.0,drift_medium,archived_original,0.01764802448451519,0.03159075602889061,0.02327214553952217,0.03175318241119385,False,-0.008481036871671677,3,0.0015732080986102421,0.12735462188720703
V3_conf_mod_cond_motion,0.5,0.2,1.0,burst_medium,archived_original,0.07475546002388,0.09188491106033325,0.07392223179340363,0.05655406787991524,True,0.017368163913488388,3,0.0015732080986102421,0.12735462188720703
V3_conf_mod_cond_motion,0.5,0.2,1.0,bias_medium,archived_original,0.1889956295490265,0.18886825442314148,0.1876443475484848,0.19185104966163635,False,-0.00420670211315155,3,0.0015732080986102421,0.12735462188720703
V3_conf_mod_cond_motion,0.5,0.2,1.0,jump_medium,matched_protocol_recomputed,0.2633684277534485,0.24652285873889923,0.24626390635967255,0.24902549386024475,False,-0.0027615875005722046,3,0.0015732080986102421,0.12735462188720703
V3_conf_mod_cond_motion,0.5,0.2,1.0,combined_medium,matched_protocol_recomputed,0.1990637630224228,0.197429358959198,0.19420389831066132,0.19046849012374878,True,0.0037354081869125366,3,0.0015732080986102421,0.12735462188720703
