condition,zeta,seed,trajectory_id,t,loss_mean,loss_isfinite,grad_norm,grad_max_abs,grad_isfinite,x_base_norm_after_ddpm,x_base_max_abs_after_ddpm,x_base_isfinite_after_ddpm,update_norm,update_max_abs,update_to_x_ratio,x_after_norm,x_after_max_abs,x_after_isfinite,first_nonfinite_stage
drift_medium,0.3,42,0,99,0.4809487760066986,True,1.0066908597946167,0.6982002258300781,True,6.631767272949219,2.3315041065216064,True,0.302007257938385,0.2094600796699524,0.04553948374669571,6.543964385986328,2.3297157287597656,True,none
drift_medium,0.3,42,0,98,1.0409144163131714,True,1.5041298866271973,0.6744136810302734,True,6.441277027130127,2.4016103744506836,True,0.4512390196323395,0.20232410728931427,0.07005427925730999,6.370673179626465,2.436385154724121,True,none
drift_medium,0.3,42,0,97,0.4030380845069885,True,0.4117392301559448,0.15480482578277588,True,6.297392845153809,2.4816863536834717,True,0.12352176755666733,0.046441450715065,0.019614747022127503,6.261511325836182,2.4634573459625244,True,none
drift_medium,0.3,42,0,96,0.5556429624557495,True,0.6905648708343506,0.2927260398864746,True,6.229394435882568,2.423750400543213,True,0.20716947317123413,0.08781781792640686,0.03325675959413694,6.237383842468262,2.4258508682250977,True,none
drift_medium,0.3,42,0,95,0.5809482932090759,True,0.7184737920761108,0.4054238796234131,True,6.078890800476074,2.5122454166412354,True,0.21554213762283325,0.12162716686725616,0.035457478131687675,6.094558238983154,2.517538547515869,True,none
drift_medium,0.3,42,0,94,0.437004417181015,True,0.6460752487182617,0.4051312208175659,True,6.0757269859313965,2.541785955429077,True,0.19382259249687195,0.12153936922550201,0.0319011359374186,6.052599906921387,2.53019642829895,True,none
drift_medium,0.3,42,0,93,0.46551933884620667,True,0.5090417265892029,0.30089282989501953,True,5.912455081939697,2.3978207111358643,True,0.15271253883838654,0.0902678519487381,0.025828955437621752,5.8919219970703125,2.402846336364746,True,none
drift_medium,0.3,42,0,92,0.3698199391365051,True,0.30800721049308777,0.1611013412475586,True,5.727600574493408,2.2648773193359375,True,0.09240216016769409,0.0483304038643837,0.016132787013670328,5.720582485198975,2.2609965801239014,True,none
drift_medium,0.3,42,0,91,0.4574078917503357,True,0.49590587615966797,0.2216205596923828,True,5.678518772125244,2.196242094039917,True,0.1487717628479004,0.0664861723780632,0.026199043944023948,5.689815998077393,2.1976468563079834,True,none
drift_medium,0.3,42,0,90,0.7150265574455261,True,0.672078549861908,0.2667730450630188,True,5.599411487579346,2.029998540878296,True,0.2016235738992691,0.08003191649913788,0.03600799375907199,5.628308296203613,2.054164409637451,True,none
drift_medium,0.3,42,0,89,0.42523545026779175,True,0.48619553446769714,0.22053110599517822,True,5.49662446975708,2.1179234981536865,True,0.14585866034030914,0.06615933775901794,0.026536042464390647,5.502438068389893,2.1257684230804443,True,none
drift_medium,0.3,42,0,88,0.5507584810256958,True,0.5624698996543884,0.29550623893737793,True,5.293885707855225,1.9919120073318481,True,0.16874097287654877,0.0886518731713295,0.031874691330440706,5.278980731964111,2.0117857456207275,True,none
drift_medium,0.3,42,0,87,0.31539514660835266,True,0.1969899833202362,0.07915735244750977,True,5.19961404800415,1.9797333478927612,True,0.05909699574112892,0.02374720759689808,0.011365650449344733,5.1800537109375,1.9710208177566528,True,none
drift_medium,0.3,42,0,86,0.40784841775894165,True,0.47354885935783386,0.22615861892700195,True,4.853403091430664,1.7431374788284302,True,0.1420646607875824,0.0678475871682167,0.02927114400169798,4.849984645843506,1.7282663583755493,True,none
drift_medium,0.3,42,0,85,0.5135008096694946,True,0.5670034885406494,0.3255937099456787,True,4.971235275268555,1.725261926651001,True,0.17010104656219482,0.09767811745405197,0.034217058164275165,4.955133438110352,1.7057708501815796,True,none
drift_medium,0.3,42,0,84,0.5373424887657166,True,0.5254390835762024,0.22278285026550293,True,4.818771839141846,1.8077104091644287,True,0.15763172507286072,0.06683485954999924,0.03271201259051517,4.828114986419678,1.8362609148025513,True,none
drift_medium,0.3,42,0,83,0.7569495439529419,True,0.9101397395133972,0.5037884712219238,True,4.855325222015381,1.9436054229736328,True,0.27304190397262573,0.15113654732704163,0.05623555405403584,4.8846869468688965,1.966033935546875,True,none
drift_medium,0.3,42,0,82,0.4182959496974945,True,0.48276883363723755,0.1796020269393921,True,5.114993095397949,2.134104013442993,True,0.14483065903186798,0.053880609571933746,0.028314927572853695,5.158821105957031,2.1465365886688232,True,none
drift_medium,0.3,42,0,81,0.29120373725891113,True,0.2598298490047455,0.1423467993736267,True,5.183422088623047,2.1185965538024902,True,0.07794895768165588,0.04270404204726219,0.015038126617689287,5.191624641418457,2.113802194595337,True,none
drift_medium,0.3,42,0,80,0.3505282998085022,True,0.3835969865322113,0.17285597324371338,True,5.250241279602051,2.0622644424438477,True,0.11507908999919891,0.05185679346323013,0.021918819320985487,5.253967761993408,2.0582175254821777,True,none
drift_medium,0.3,42,0,79,0.3343506455421448,True,0.3594225347042084,0.17647218704223633,True,5.164977073669434,2.204355478286743,True,0.10782676190137863,0.05294165760278702,0.020876522850614077,5.170030117034912,2.2132983207702637,True,none
drift_medium,0.3,42,0,78,0.297116219997406,True,0.360115647315979,0.14401549100875854,True,4.962140083312988,2.073129415512085,True,0.10803468525409698,0.0432046502828598,0.021771792702382862,4.968257904052734,2.0781233310699463,True,none
drift_medium,0.3,42,0,77,0.24405331909656525,True,0.09709038585424423,0.04424390196800232,True,5.015201568603516,2.239583730697632,True,0.02912711538374424,0.01327317114919424,0.005807765647163985,5.013200759887695,2.2334110736846924,True,none
drift_medium,0.3,42,0,76,0.4362927973270416,True,0.6592520475387573,0.38500726222991943,True,5.0427327156066895,2.094503402709961,True,0.19777563214302063,0.11550218611955643,0.039219931592029085,5.05536413192749,2.093702554702759,True,none
drift_medium,0.3,42,0,75,0.2782588303089142,True,0.20275652408599854,0.10591256618499756,True,4.945183277130127,2.073613405227661,True,0.06082696467638016,0.03177377209067345,0.012300244756887554,4.919386863708496,2.057908058166504,True,none
drift_medium,0.3,42,0,74,0.34025710821151733,True,0.26455292105674744,0.1456131935119629,True,4.875244617462158,2.159296989440918,True,0.07936587929725647,0.043683961033821106,0.01627936350372397,4.887091636657715,2.158299207687378,True,none
drift_medium,0.3,42,0,73,0.36256346106529236,True,0.4660237729549408,0.23068416118621826,True,4.73484468460083,1.9874733686447144,True,0.13980713486671448,0.06920525431632996,0.029527290582810607,4.715066909790039,1.972177267074585,True,none
drift_medium,0.3,42,0,72,0.3406760096549988,True,0.276366651058197,0.1649562120437622,True,4.591967582702637,2.069573402404785,True,0.08290999382734299,0.04948686435818672,0.018055439707291582,4.572179794311523,2.0557901859283447,True,none
drift_medium,0.3,42,0,71,0.585601270198822,True,0.7506260871887207,0.3475942611694336,True,4.676756858825684,2.0913686752319336,True,0.22518782317638397,0.10427828133106232,0.04815042346094504,4.712018966674805,2.0979745388031006,True,none
drift_medium,0.3,42,0,70,0.3101333975791931,True,0.2683410346508026,0.12811535596847534,True,4.677412986755371,1.9089549779891968,True,0.08050231635570526,0.03843460977077484,0.017210863480227115,4.678138256072998,1.9063975811004639,True,none
drift_medium,0.3,42,0,69,0.2597111165523529,True,0.2397243231534958,0.12622785568237305,True,4.655472278594971,1.9616187810897827,True,0.07191729545593262,0.03786835819482803,0.015447905422309147,4.6472883224487305,1.9662349224090576,True,none
drift_medium,0.3,42,0,68,0.36028605699539185,True,0.5026600956916809,0.307358980178833,True,4.596778392791748,1.938834309577942,True,0.150798037648201,0.09220770001411438,0.03280515716934191,4.555565357208252,1.9214951992034912,True,none
drift_medium,0.3,42,0,67,0.2748780846595764,True,0.21639928221702576,0.08437663316726685,True,4.601856231689453,1.8694133758544922,True,0.06491978466510773,0.025312991812825203,0.014107303965308796,4.587960243225098,1.8573909997940063,True,none
drift_medium,0.3,42,0,66,0.2604139447212219,True,0.21404865384101868,0.08719462156295776,True,4.545618534088135,1.8367297649383545,True,0.06421459466218948,0.02615838684141636,0.014126701169625753,4.541815757751465,1.8274545669555664,True,none
drift_medium,0.3,42,0,65,0.2525443136692047,True,0.18714098632335663,0.09393090009689331,True,4.643543243408203,1.968256950378418,True,0.05614229664206505,0.028179271146655083,0.012090400304067463,4.617981433868408,1.9543784856796265,True,none
drift_medium,0.3,42,0,64,0.3098817467689514,True,0.30335161089897156,0.13445258140563965,True,4.690470218658447,2.023658514022827,True,0.09100548923015594,0.040335774421691895,0.019402210223640567,4.679540157318115,2.005168914794922,True,none
drift_medium,0.3,42,0,63,0.2969967722892761,True,0.19623489677906036,0.07487806677818298,True,4.517542839050293,1.9197288751602173,True,0.05887047201395035,0.022463420405983925,0.013031524904435316,4.497486591339111,1.8995453119277954,True,none
drift_medium,0.3,42,0,62,0.2634032666683197,True,0.1947234719991684,0.07355007529258728,True,4.521895408630371,1.9396555423736572,True,0.05841704457998276,0.022065022960305214,0.012918707599577955,4.491743087768555,1.9175904989242554,True,none
drift_medium,0.3,42,0,61,0.32754430174827576,True,0.26925572752952576,0.09674698114395142,True,4.254919528961182,1.8101857900619507,True,0.08077672123908997,0.029024096205830574,0.018984312321129192,4.228368759155273,1.8014951944351196,True,none
drift_medium,0.3,42,0,60,0.24989542365074158,True,0.249833345413208,0.1295953392982483,True,4.339582443237305,1.7537586688995361,True,0.07495000958442688,0.038878604769706726,0.017271249150067378,4.31874942779541,1.7426447868347168,True,none
drift_medium,0.3,42,0,59,0.2956698536872864,True,0.37537577748298645,0.12841373682022095,True,4.165400505065918,1.7395575046539307,True,0.11261273175477982,0.038524121046066284,0.027035271066442306,4.117024898529053,1.7365546226501465,True,none
drift_medium,0.3,42,0,58,0.31301870942115784,True,0.4047639071941376,0.17019736766815186,True,4.159765243530273,1.625749945640564,True,0.12142916768789291,0.051059212535619736,0.029191351092882893,4.143192768096924,1.6036304235458374,True,none
drift_medium,0.3,42,0,57,0.29214152693748474,True,0.24915741384029388,0.10918465256690979,True,4.248827934265137,1.7933871746063232,True,0.0747472271323204,0.032755397260189056,0.017592434499287588,4.205968379974365,1.760631799697876,True,none
drift_medium,0.3,42,0,56,0.2750246524810791,True,0.29844939708709717,0.1591811180114746,True,4.1492533683776855,1.788201093673706,True,0.08953482657670975,0.04775433614850044,0.021578539228057636,4.109253406524658,1.7587168216705322,True,none
drift_medium,0.3,42,0,55,0.25842392444610596,True,0.30834585428237915,0.1509578824043274,True,4.005619525909424,1.8582627773284912,True,0.09250375628471375,0.0452873669564724,0.023093495447171528,3.974350690841675,1.8281491994857788,True,none
drift_medium,0.3,42,0,54,0.30270665884017944,True,0.4771556854248047,0.20120716094970703,True,3.8665478229522705,1.771149754524231,True,0.14314670860767365,0.06036214902997017,0.03702183838459242,3.8456509113311768,1.746192216873169,True,none
drift_medium,0.3,42,0,53,0.28360095620155334,True,0.27368083596229553,0.1109883189201355,True,3.9861340522766113,1.8153536319732666,True,0.08210424333810806,0.03329649567604065,0.02059746166619636,3.953221559524536,1.7858878374099731,True,none
drift_medium,0.3,42,0,52,0.2846476137638092,True,0.24653789401054382,0.10660572350025177,True,3.9663360118865967,1.6624939441680908,True,0.07396136969327927,0.03198171779513359,0.018647277858357927,3.9316399097442627,1.6305122375488281,True,none
drift_medium,0.3,42,0,51,0.3235775828361511,True,0.45830070972442627,0.20667016506195068,True,3.8467376232147217,1.736655354499817,True,0.13749022781848907,0.062001053243875504,0.035742034234077194,3.786524772644043,1.674654245376587,True,none
drift_medium,0.3,42,0,50,0.345953106880188,True,0.5351613163948059,0.2920273542404175,True,3.589742422103882,1.4823331832885742,True,0.1605483889579773,0.0876082107424736,0.04472420861434345,3.552213668823242,1.4316365718841553,True,none
drift_medium,0.3,42,0,49,0.2578837275505066,True,0.23400409519672394,0.14826750755310059,True,3.447037696838379,1.4192187786102295,True,0.07020123302936554,0.044480253010988235,0.02036567023729787,3.4093711376190186,1.3747385740280151,True,none
drift_medium,0.3,42,0,48,0.2121886909008026,True,0.21162627637386322,0.13318952918052673,True,3.4410769939422607,1.3334519863128662,True,0.06348788738250732,0.03995686024427414,0.01845000489505297,3.4155924320220947,1.2934951782226562,True,none
drift_medium,0.3,42,0,47,0.30419737100601196,True,0.6091841459274292,0.3461495637893677,True,3.376049757003784,1.3422337770462036,True,0.1827552318572998,0.10384487360715866,0.05413286089107863,3.332850933074951,1.2948403358459473,True,none
drift_medium,0.3,42,0,46,0.22813868522644043,True,0.3991096317768097,0.19688695669174194,True,3.27371883392334,1.304194688796997,True,0.11973290145397186,0.05906609073281288,0.036573972148500965,3.2397403717041016,1.2660006284713745,True,none
drift_medium,0.3,42,0,45,0.22335278987884521,True,0.4835319221019745,0.2320154309272766,True,3.246755361557007,1.5226256847381592,True,0.14505958557128906,0.06960463523864746,0.04467832325429038,3.215822458267212,1.4806079864501953,True,none
drift_medium,0.3,42,0,44,0.19606724381446838,True,0.27761054039001465,0.11777782440185547,True,3.2525534629821777,1.4405490159988403,True,0.08328317105770111,0.03533335030078888,0.025605473362862244,3.2236931324005127,1.405853271484375,True,none
drift_medium,0.3,42,0,43,0.22586925327777863,True,0.32453957200050354,0.12990665435791016,True,3.0312557220458984,1.30268394947052,True,0.09736187756061554,0.038971997797489166,0.032119321656857956,2.9975807666778564,1.264241099357605,True,none
drift_medium,0.3,42,0,42,0.19623246788978577,True,0.22300727665424347,0.0995188057422638,True,2.7810328006744385,1.3051167726516724,True,0.06690218299627304,0.029855642467737198,0.024056596160974546,2.7617223262786865,1.2796978950500488,True,none
drift_medium,0.3,42,0,41,0.19539698958396912,True,0.2427092343568802,0.10036194324493408,True,2.619145631790161,1.1211565732955933,True,0.0728127732872963,0.030108584091067314,0.02780020034147611,2.5940048694610596,1.1012564897537231,True,none
drift_medium,0.3,42,0,40,0.20101721584796906,True,0.4451620578765869,0.20359519124031067,True,2.6928627490997314,1.2290678024291992,True,0.13354861736297607,0.06107855960726738,0.049593547761605745,2.676361560821533,1.2113440036773682,True,none
drift_medium,0.3,42,0,39,0.19181063771247864,True,0.3365779221057892,0.1628323793411255,True,2.6345953941345215,1.126836895942688,True,0.10097337514162064,0.048849716782569885,0.038325951440734446,2.6151232719421387,1.1056658029556274,True,none
drift_medium,0.3,42,0,38,0.25467124581336975,True,0.8244232535362244,0.39416176080703735,True,2.5834274291992188,0.9970316886901855,True,0.24732698500156403,0.11824852973222733,0.09573599095761395,2.54925274848938,0.958708643913269,True,none
drift_medium,0.3,42,0,37,0.26526087522506714,True,0.9585229158401489,0.6107181310653687,True,2.5699331760406494,1.0491689443588257,True,0.287556916475296,0.1832154393196106,0.11189276015270046,2.5041263103485107,1.0180740356445312,True,none
drift_medium,0.3,42,0,36,0.17883363366127014,True,0.2828651964664459,0.1450158953666687,True,2.4778878688812256,1.0535666942596436,True,0.08485956490039825,0.04350477084517479,0.03424673326266308,2.452571392059326,1.0221147537231445,True,none
drift_medium,0.3,42,0,35,0.21411006152629852,True,0.40002894401550293,0.14341485500335693,True,2.2590444087982178,0.9594932198524475,True,0.1200086921453476,0.0430244579911232,0.05312365338100526,2.242999315261841,0.9327526092529297,True,none
drift_medium,0.3,42,0,34,0.18815651535987854,True,0.39605051279067993,0.20037126541137695,True,2.221148729324341,0.7830482125282288,True,0.11881515383720398,0.060111381113529205,0.053492660022498036,2.206542730331421,0.7857630848884583,True,none
drift_medium,0.3,42,0,33,0.16192872822284698,True,0.5376767516136169,0.2574407160282135,True,2.097670316696167,0.8463650941848755,True,0.16130302846431732,0.07723221927881241,0.07689627258409837,2.0807652473449707,0.830807089805603,True,none
drift_medium,0.3,42,0,32,0.18200281262397766,True,0.47212710976600647,0.2623612880706787,True,2.0994410514831543,0.8390849232673645,True,0.1416381299495697,0.07870838791131973,0.0674646853501515,2.0729780197143555,0.8105008602142334,True,none
drift_medium,0.3,42,0,31,0.1714157909154892,True,0.4400555193424225,0.18230462074279785,True,1.9180604219436646,0.6568303108215332,True,0.13201667368412018,0.054691389203071594,0.06882821425941962,1.893072247505188,0.6457291841506958,True,none
drift_medium,0.3,42,0,30,0.17970462143421173,True,0.616455614566803,0.3130838871002197,True,1.8421159982681274,0.6766393184661865,True,0.18493668735027313,0.09392517060041428,0.10039361664739987,1.8419345617294312,0.6464457511901855,True,none
drift_medium,0.3,42,0,29,0.19552141427993774,True,0.5979286432266235,0.3734318017959595,True,1.8898380994796753,0.6901212930679321,True,0.17937859892845154,0.1120295450091362,0.09491744238712539,1.8820273876190186,0.7154302000999451,True,none
drift_medium,0.3,42,0,28,0.1457182914018631,True,0.31166359782218933,0.17771577835083008,True,1.9167667627334595,0.6124609708786011,True,0.0934990793466568,0.05331473425030708,0.04877958088821981,1.8975954055786133,0.6197142601013184,True,none
drift_medium,0.3,42,0,27,0.20116479694843292,True,0.7058172225952148,0.43774521350860596,True,1.7879725694656372,0.5985369682312012,True,0.21174517273902893,0.13132357597351074,0.1184275286741081,1.7689783573150635,0.5893614292144775,True,none
drift_medium,0.3,42,0,26,0.14247842133045197,True,0.36667996644973755,0.16817224025726318,True,1.7778226137161255,0.5757328867912292,True,0.1100040078163147,0.050451673567295074,0.06187569387831949,1.7515138387680054,0.5824649930000305,True,none
drift_medium,0.3,42,0,25,0.13376812636852264,True,0.36065512895584106,0.22074159979820251,True,1.6911516189575195,0.5637806057929993,True,0.10819654911756516,0.06622248142957687,0.06397803006225841,1.6838250160217285,0.5630422830581665,True,none
drift_medium,0.3,42,0,24,0.23897138237953186,True,1.0777769088745117,0.6352506279945374,True,1.5812768936157227,0.522843599319458,True,0.32333311438560486,0.19057519733905792,0.20447596223712092,1.5546667575836182,0.4843825697898865,True,none
drift_medium,0.3,42,0,23,0.1460069864988327,True,0.5403242707252502,0.35183683037757874,True,1.634131908416748,0.5778021812438965,True,0.1620972901582718,0.10555105656385422,0.09919474023074604,1.6050817966461182,0.5782580971717834,True,none
drift_medium,0.3,42,0,22,0.19995848834514618,True,0.9721235036849976,0.5574507117271423,True,1.7037913799285889,0.5484665036201477,True,0.29163703322410583,0.16723522543907166,0.17116944988661584,1.7212884426116943,0.5754730105400085,True,none
drift_medium,0.3,42,0,21,0.3701569139957428,True,1.7963283061981201,1.282822847366333,True,1.7452216148376465,0.5889217853546143,True,0.5388985276222229,0.38484686613082886,0.30878515544402446,1.6806684732437134,0.58101886510849,True,none
drift_medium,0.3,42,0,20,0.27424776554107666,True,1.5823655128479004,0.9794352650642395,True,1.6248629093170166,0.6729881167411804,True,0.474709689617157,0.29383060336112976,0.2921536868709748,1.6025581359863281,0.6661874055862427,True,none
drift_medium,0.3,42,0,19,0.39029115438461304,True,2.148052215576172,1.4594781398773193,True,1.4701420068740845,0.6442250609397888,True,0.6444157361984253,0.4378434717655182,0.43833570715266296,1.5101399421691895,0.637173593044281,True,none
drift_medium,0.3,42,0,18,0.5022839307785034,True,2.570775270462036,1.520850419998169,True,1.5015239715576172,0.5843116641044617,True,0.7712326049804688,0.45625513792037964,0.5136332283659188,1.557726502418518,0.5868460536003113,True,none
drift_medium,0.3,42,0,17,0.5742506980895996,True,3.2569401264190674,2.1064274311065674,True,1.3996906280517578,0.5029360055923462,True,0.9770821332931519,0.6319282650947571,0.6980700689926482,1.5689938068389893,0.534846305847168,True,none
drift_medium,0.3,42,0,16,2.3894248008728027,True,6.589339256286621,4.433568954467773,True,1.4614073038101196,0.5552070736885071,True,1.976801872253418,1.3300707340240479,1.3526700373661953,1.66677725315094,0.8770789504051208,True,none
drift_medium,0.3,42,0,15,5.84677791595459,True,10.284723281860352,7.622069835662842,True,1.6091926097869873,0.83597332239151,True,3.0854172706604004,2.28662109375,1.9173697740675724,2.6584208011627197,1.4506478309631348,True,none
drift_medium,0.3,42,0,14,27.68426513671875,True,31.07044219970703,17.12493896484375,True,2.4447970390319824,1.373194694519043,True,9.32113265991211,5.137481689453125,3.812640685951992,7.587179660797119,4.403549671173096,True,none
drift_medium,0.3,42,0,13,548.9298095703125,True,172.31910705566406,84.3642578125,True,7.24112606048584,4.294576644897461,True,51.695735931396484,25.30927848815918,7.139184637799393,45.06652069091797,22.133928298950195,True,none
drift_medium,0.3,42,0,12,28922.537109375,True,1379.3021240234375,557.7508544921875,True,43.00718307495117,21.35112190246582,True,413.7906494140625,167.32525634765625,9.621431115191044,373.07696533203125,145.97413635253906,True,none
drift_medium,0.3,42,0,11,2341514.75,True,12912.2529296875,6215.2060546875,True,353.86590576171875,140.55397033691406,True,3873.67578125,1864.5618896484375,10.946733545611457,3528.939453125,1728.80615234375,True,none
drift_medium,0.3,42,0,10,231001040.0,True,135275.375,50517.44921875,True,3357.851806640625,1653.061279296875,True,40582.61328125,15155.2353515625,12.085885744270236,37344.2578125,14186.0087890625,True,none
drift_medium,0.3,42,0,9,28020752384.0,True,1518213.25,657866.875,True,35386.6953125,13599.4462890625,True,455464.03125,197360.078125,12.871053010963468,420537.46875,185455.90625,True,none
drift_medium,0.3,42,0,8,3923123372032.0,True,18938272.0,6920180.0,True,399891.0,177158.21875,True,5681482.0,2076054.125,14.207576564613857,5287988.0,1940444.375,True,none
drift_medium,0.3,42,0,7,652000530268160.0,True,247416656.0,85207920.0,True,5009208.5,1858203.75,True,74224992.0,25562378.0,14.817708626023453,69235968.0,23920304.0,True,none
drift_medium,0.3,42,0,6,1.2438953715669402e+17,True,3604462080.0,1280395904.0,True,65852340.0,22873552.0,True,1081338624.0,384118784.0,16.420656031357428,1015695296.0,361245248.0,True,none
drift_medium,0.3,42,0,5,2.7761360182506947e+19,True,54795886592.0,18726553600.0,True,963162624.0,347854656.0,True,16438767616.0,5617966080.0,17.06748913047523,15478386688.0,5305298944.0,True,none
drift_medium,0.3,42,0,4,7.039866496768834e+21,True,911795814400.0,317226156032.0,True,14741321728.0,5062985728.0,True,273538727936.0,95167848448.0,18.555916015077152,258832678912.0,90118995968.0,True,none
drift_medium,0.3,42,0,3,2.0594230431961734e+24,True,15924925038592.0,5363383926784.0,True,245996617728.0,86903816192.0,True,4777477406720.0,1609015230464.0,19.42090688418524,4531723173888.0,1522111348736.0,True,none
drift_medium,0.3,42,0,2,6.808927880190813e+26,True,300641100496896.0,102685671948288.0,True,4331315920896.0,1472129269760.0,True,90192333504512.0,30805703262208.0,20.823309855877312,85862956138496.0,29333573861376.0,True,none
drift_medium,0.3,42,0,1,2.5674526204080417e+29,True,5981364193067008.0,1994724143529984.0,True,82198224961536.0,28434833080320.0,True,1794409150545920.0,598417256480768.0,21.830266424677653,1712234346577920.0,569982425497600.0,True,none
drift_medium,0.3,42,0,0,1.0880647664385418e+32,True,1.2710056346360218e+17,4.241604904327578e+16,True,1666686352621568.0,558773634596864.0,True,3.813016989807411e+16,1.2724815571976192e+16,22.87783171566643,3.646358944323994e+16,1.216604247425024e+16,True,none
drift_medium,0.3,42,1,99,0.9333017468452454,True,1.0427473783493042,0.4261782169342041,True,6.624917507171631,2.3194265365600586,True,0.3128242492675781,0.12785346806049347,0.047219342569758974,6.445720195770264,2.2388548851013184,True,none
drift_medium,0.3,42,1,98,0.46101027727127075,True,0.5836861729621887,0.23003017902374268,True,6.331719875335693,2.30024790763855,True,0.17510586977005005,0.06900905817747116,0.027655340605342034,6.253031253814697,2.2430338859558105,True,none
drift_medium,0.3,42,1,97,0.5246698260307312,True,0.6642141938209534,0.44821596145629883,True,6.185985088348389,2.2777037620544434,True,0.199264258146286,0.1344648003578186,0.032212211200052514,6.124820709228516,2.227456569671631,True,none
drift_medium,0.3,42,1,96,0.32528895139694214,True,0.596372663974762,0.31573784351348877,True,6.1012420654296875,2.180330514907837,True,0.17891182005405426,0.09472135454416275,0.02932383572645955,6.058073997497559,2.1574866771698,True,none
drift_medium,0.3,42,1,95,0.4053424894809723,True,0.7858933806419373,0.4077489376068115,True,5.878071308135986,2.2217204570770264,True,0.23576802015304565,0.12232468277215958,0.04010975842138442,5.816313743591309,2.194664239883423,True,none
drift_medium,0.3,42,1,94,0.1044502705335617,True,0.2240540087223053,0.1587749719619751,True,5.787100791931152,2.212075710296631,True,0.06721620261669159,0.04763249307870865,0.011614831853351904,5.759396553039551,2.206843376159668,True,none
drift_medium,0.3,42,1,93,0.23022937774658203,True,0.31540927290916443,0.11685580015182495,True,5.6217875480651855,2.067678451538086,True,0.09462278336286545,0.035056740045547485,0.016831440632333095,5.592910289764404,2.0326216220855713,True,none
drift_medium,0.3,42,1,92,0.34898313879966736,True,0.5548748970031738,0.29955172538757324,True,5.442763805389404,1.8896416425704956,True,0.1664624661207199,0.08986552059650421,0.030584179669134057,5.3790740966796875,1.8619301319122314,True,none
drift_medium,0.3,42,1,91,0.17469008266925812,True,0.27837905287742615,0.12001645565032959,True,5.321598052978516,2.002164125442505,True,0.08351372927427292,0.036004938185214996,0.01569335534981157,5.296245574951172,1.998218297958374,True,none
drift_medium,0.3,42,1,90,0.08439604938030243,True,0.13920308649539948,0.07071578502655029,True,5.199832439422607,1.9989562034606934,True,0.04176092520356178,0.021214736625552177,0.008031205945588298,5.1786346435546875,1.995832920074463,True,none
drift_medium,0.3,42,1,89,0.08535553514957428,True,0.167362779378891,0.11226028203964233,True,5.044039726257324,2.003267526626587,True,0.050208836793899536,0.0336780846118927,0.009954092259131457,5.024377346038818,2.0032131671905518,True,none
drift_medium,0.3,42,1,88,0.1252250373363495,True,0.23549778759479523,0.1585855484008789,True,4.867001056671143,1.9763413667678833,True,0.07064934074878693,0.04757566750049591,0.01451599042739762,4.846752166748047,1.9681659936904907,True,none
drift_medium,0.3,42,1,87,0.07919985055923462,True,0.09689444303512573,0.04275941848754883,True,4.800658702850342,2.0917110443115234,True,0.02906833402812481,0.012827825732529163,0.0060550719864463035,4.797124862670898,2.0892536640167236,True,none
drift_medium,0.3,42,1,86,0.09022567421197891,True,0.09601336717605591,0.03600245714187622,True,4.532684326171875,1.9681763648986816,True,0.02880401536822319,0.010800737887620926,0.0063547366848164255,4.533945083618164,1.9607948064804077,True,none
drift_medium,0.3,42,1,85,0.08601977676153183,True,0.06738034635782242,0.03622736036777496,True,4.7237138748168945,1.9574668407440186,True,0.020214105024933815,0.010868208482861519,0.004279282268279447,4.712018013000488,1.9513367414474487,True,none
drift_medium,0.3,42,1,84,0.1188892126083374,True,0.12288328260183334,0.07967579364776611,True,4.580000877380371,2.0084891319274902,True,0.03686498478055,0.023902738466858864,0.00804912177257653,4.563781261444092,1.9997889995574951,True,none
drift_medium,0.3,42,1,83,0.1648605614900589,True,0.2344006448984146,0.10587954521179199,True,4.599691867828369,2.1936264038085938,True,0.07032019644975662,0.031763866543769836,0.015288023300339307,4.563965320587158,2.1819875240325928,True,none
drift_medium,0.3,42,1,82,0.12215246260166168,True,0.20198731124401093,0.08666801452636719,True,4.772012233734131,2.1162447929382324,True,0.06059619039297104,0.026000404730439186,0.012698247075854922,4.756816387176514,2.109215497970581,True,none
drift_medium,0.3,42,1,81,0.16609664261341095,True,0.21337629854679108,0.10342693328857422,True,4.78934907913208,1.9881727695465088,True,0.06401289254426956,0.031028080731630325,0.01336567693993534,4.78645133972168,1.9935007095336914,True,none
drift_medium,0.3,42,1,80,0.11226602643728256,True,0.1037558913230896,0.05028563737869263,True,4.864026069641113,2.0444412231445312,True,0.03112676925957203,0.015085691586136818,0.006399383723258351,4.85407829284668,2.0401864051818848,True,none
drift_medium,0.3,42,1,79,0.14910884201526642,True,0.1890791356563568,0.13700252771377563,True,4.7727179527282715,1.837877869606018,True,0.05672374367713928,0.04110075905919075,0.011884998074252825,4.761781692504883,1.8462213277816772,True,none
drift_medium,0.3,42,1,78,0.12526722252368927,True,0.11524268984794617,0.05127289891242981,True,4.5625762939453125,1.688889980316162,True,0.03457280993461609,0.015381869859993458,0.007577475467202106,4.55216121673584,1.6819710731506348,True,none
drift_medium,0.3,42,1,77,0.13898688554763794,True,0.2743435502052307,0.11425566673278809,True,4.613523960113525,1.6658751964569092,True,0.08230306953191757,0.034276701509952545,0.017839523592693012,4.6170806884765625,1.6620237827301025,True,none
drift_medium,0.3,42,1,76,0.17188525199890137,True,0.3785002529621124,0.18128496408462524,True,4.6832427978515625,1.6748085021972656,True,0.11355007439851761,0.05438549071550369,0.024246036197522036,4.673227787017822,1.6381871700286865,True,none
drift_medium,0.3,42,1,75,0.13030371069908142,True,0.1451181173324585,0.07319280505180359,True,4.514525890350342,1.506057858467102,True,0.04353543370962143,0.021957842633128166,0.009643412124995764,4.512108325958252,1.496744155883789,True,none
drift_medium,0.3,42,1,74,0.12031827867031097,True,0.10486232489347458,0.06125009059906006,True,4.460517883300781,1.5710043907165527,True,0.03145870193839073,0.018375027924776077,0.007052701673085604,4.461270809173584,1.5694656372070312,True,none
drift_medium,0.3,42,1,73,0.1234542578458786,True,0.18489420413970947,0.06842303276062012,True,4.340925216674805,1.670438528060913,True,0.05546826124191284,0.020526910200715065,0.012777981299661584,4.312404155731201,1.6709882020950317,True,none
drift_medium,0.3,42,1,72,0.11068912595510483,True,0.08042071759700775,0.03899601101875305,True,4.227058410644531,1.7806086540222168,True,0.024126218631863594,0.01169880386441946,0.005707566891222395,4.2205681800842285,1.7813222408294678,True,none
drift_medium,0.3,42,1,71,0.12769943475723267,True,0.15124543011188507,0.05514627695083618,True,4.2783966064453125,1.7723082304000854,True,0.04537363350391388,0.016543883830308914,0.010605289242130772,4.266308307647705,1.7681598663330078,True,none
drift_medium,0.3,42,1,70,0.12718242406845093,True,0.09948745369911194,0.06396809220314026,True,4.24907922744751,1.793744683265686,True,0.02984623983502388,0.019190428778529167,0.007024166469342576,4.239207744598389,1.7857224941253662,True,none
drift_medium,0.3,42,1,69,0.13562548160552979,True,0.22209766507148743,0.1449122428894043,True,4.226560592651367,1.6960583925247192,True,0.06662929803133011,0.04347367584705353,0.015764425132615233,4.1977105140686035,1.6826696395874023,True,none
drift_medium,0.3,42,1,68,0.10191557556390762,True,0.06341579556465149,0.023275867104530334,True,4.2320637702941895,1.6354000568389893,True,0.019024740904569626,0.00698276050388813,0.004495381434964208,4.220773696899414,1.6303917169570923,True,none
drift_medium,0.3,42,1,67,0.11561967432498932,True,0.14461272954940796,0.06125137209892273,True,4.2825927734375,1.6722139120101929,True,0.043383821845054626,0.01837541162967682,0.010130270175144786,4.267051696777344,1.662592887878418,True,none
drift_medium,0.3,42,1,66,0.11821088939905167,True,0.12550126016139984,0.05320003628730774,True,4.220190048217773,1.6840553283691406,True,0.03765037655830383,0.01596001163125038,0.008921488399366049,4.216742515563965,1.6752229928970337,True,none
drift_medium,0.3,42,1,65,0.13868044316768646,True,0.22176554799079895,0.10372030735015869,True,4.336658000946045,1.6587722301483154,True,0.06652966141700745,0.031116092577576637,0.015341228522627011,4.325050354003906,1.653000831604004,True,none
drift_medium,0.3,42,1,64,0.15491417050361633,True,0.29829272627830505,0.16586554050445557,True,4.374573707580566,1.757136583328247,True,0.08948782831430435,0.04975966364145279,0.020456353989238573,4.349644184112549,1.752133846282959,True,none
drift_medium,0.3,42,1,63,0.14699235558509827,True,0.18298408389091492,0.08474671840667725,True,4.19601583480835,1.799444556236267,True,0.05489522963762283,0.025424016639590263,0.013082703163849489,4.184627056121826,1.797766923904419,True,none
drift_medium,0.3,42,1,62,0.12488050758838654,True,0.12313270568847656,0.058885276317596436,True,4.177849292755127,1.8230640888214111,True,0.03693981468677521,0.01766558364033699,0.008841825565805896,4.173449516296387,1.820841670036316,True,none
drift_medium,0.3,42,1,61,0.11928647756576538,True,0.10048652440309525,0.032405786216259,True,3.9201695919036865,1.7802361249923706,True,0.030145959928631783,0.009721736423671246,0.007689963207429711,3.91170597076416,1.7747793197631836,True,none
drift_medium,0.3,42,1,60,0.1523716151714325,True,0.21535445749759674,0.10981395840644836,True,4.0324625968933105,1.9135918617248535,True,0.06460633873939514,0.03294418752193451,0.016021559329317307,4.020722389221191,1.899304747581482,True,none
drift_medium,0.3,42,1,59,0.1535695642232895,True,0.2694629430770874,0.11252927780151367,True,3.8756844997406006,1.8931522369384766,True,0.0808388888835907,0.03375878557562828,0.020857964287077646,3.8618996143341064,1.8771851062774658,True,none
drift_medium,0.3,42,1,58,0.12100674211978912,True,0.10932550579309464,0.04801110923290253,True,3.886627435684204,1.7272776365280151,True,0.03279765322804451,0.014403332956135273,0.008438589437956343,3.8716750144958496,1.7169169187545776,True,none
drift_medium,0.3,42,1,57,0.12251724302768707,True,0.08035854250192642,0.03765013813972473,True,3.9736108779907227,1.7226121425628662,True,0.024107566103339195,0.011295042000710964,0.006066916676935223,3.9619367122650146,1.7173722982406616,True,none
drift_medium,0.3,42,1,56,0.28814220428466797,True,0.51020348072052,0.2826436758041382,True,3.8865034580230713,1.6891802549362183,True,0.15306104719638824,0.0847931057214737,0.03938271221150686,3.890676975250244,1.6790741682052612,True,none
drift_medium,0.3,42,1,55,0.1701170653104782,True,0.3465076982975006,0.17193585634231567,True,3.7993855476379395,1.6271560192108154,True,0.1039523109793663,0.051580760627985,0.02736029541512722,3.8032381534576416,1.6153594255447388,True,none
drift_medium,0.3,42,1,54,0.16552308201789856,True,0.2853880822658539,0.14839929342269897,True,3.6805481910705566,1.5516844987869263,True,0.08561643958091736,0.04451978951692581,0.023261871638743832,3.670311450958252,1.5375076532363892,True,none
drift_medium,0.3,42,1,53,0.17496077716350555,True,0.27864235639572144,0.1211850643157959,True,3.8055899143218994,1.5225309133529663,True,0.08359270542860031,0.03635552152991295,0.02196576807027652,3.8098418712615967,1.532206654548645,True,none
drift_medium,0.3,42,1,52,0.13370758295059204,True,0.1403319388628006,0.06015518307685852,True,3.8524720668792725,1.3957527875900269,True,0.04209958389401436,0.018046556040644646,0.010927940076696403,3.8445777893066406,1.3996254205703735,True,none
drift_medium,0.3,42,1,51,0.15496787428855896,True,0.27495276927948,0.1274901032447815,True,3.7429451942443848,1.490944504737854,True,0.08248583227396011,0.03824703395366669,0.022037681022094174,3.7214975357055664,1.4900401830673218,True,none
drift_medium,0.3,42,1,50,0.1625472456216812,True,0.279401957988739,0.13187718391418457,True,3.5169596672058105,1.279214859008789,True,0.08382058888673782,0.03956315666437149,0.0238332528144426,3.515427589416504,1.2817671298980713,True,none
drift_medium,0.3,42,1,49,0.1545114517211914,True,0.3683531582355499,0.1815124750137329,True,3.392148017883301,1.250827431678772,True,0.11050596088171005,0.05445374548435211,0.03257698670550148,3.3836777210235596,1.2516874074935913,True,none
drift_medium,0.3,42,1,48,0.12969627976417542,True,0.1622433215379715,0.06196635961532593,True,3.4221253395080566,1.191709041595459,True,0.04867299646139145,0.018589908257126808,0.014223031488488422,3.399689197540283,1.1916433572769165,True,none
drift_medium,0.3,42,1,47,0.14573287963867188,True,0.2485378086566925,0.10780808329582214,True,3.3693900108337402,1.2214305400848389,True,0.07456134259700775,0.03234242647886276,0.022129032957670505,3.348771572113037,1.2183513641357422,True,none
drift_medium,0.3,42,1,46,0.12071679532527924,True,0.15500406920909882,0.05638113617897034,True,3.281500816345215,1.2073100805282593,True,0.046501219272613525,0.01691434159874916,0.01417071696004948,3.272601366043091,1.2081373929977417,True,none
drift_medium,0.3,42,1,45,0.11915013939142227,True,0.13186313211917877,0.042276203632354736,True,3.2558412551879883,1.4446247816085815,True,0.03955894708633423,0.012682861648499966,0.012150146148337933,3.244680643081665,1.4446648359298706,True,none
drift_medium,0.3,42,1,44,0.11403830349445343,True,0.1478581577539444,0.0484478659927845,True,3.236886978149414,1.3806394338607788,True,0.04435745254158974,0.014534360729157925,0.01370373845024888,3.23164963722229,1.382351279258728,True,none
drift_medium,0.3,42,1,43,0.13286902010440826,True,0.19366763532161713,0.09819084405899048,True,3.0306873321533203,1.2529447078704834,True,0.058100294321775436,0.029457254335284233,0.019170665909794028,3.0199995040893555,1.2556403875350952,True,none
drift_medium,0.3,42,1,42,0.12773752212524414,True,0.28033962845802307,0.15099504590034485,True,2.7956857681274414,1.270290732383728,True,0.08410189300775528,0.04529851675033569,0.03008274176108744,2.8004374504089355,1.2730863094329834,True,none
drift_medium,0.3,42,1,41,0.12738829851150513,True,0.4059377610683441,0.16310155391693115,True,2.67155385017395,1.0868899822235107,True,0.12178134173154831,0.048930469900369644,0.04558446078995312,2.648965358734131,1.0844765901565552,True,none
drift_medium,0.3,42,1,40,0.11778123676776886,True,0.32365119457244873,0.13169044256210327,True,2.739990472793579,1.1843104362487793,True,0.09709536284208298,0.03950713574886322,0.03543638702621224,2.7179434299468994,1.1823883056640625,True,none
drift_medium,0.3,42,1,39,0.08668870478868484,True,0.1854129433631897,0.09141568839550018,True,2.6930603981018066,1.0715293884277344,True,0.05562388524413109,0.027424708008766174,0.02065452571480265,2.6785151958465576,1.0686644315719604,True,none
drift_medium,0.3,42,1,38,0.08949925750494003,True,0.2235247939825058,0.12633317708969116,True,2.6492605209350586,0.9345229864120483,True,0.06705744564533234,0.03789995610713959,0.025311759683656572,2.6579949855804443,0.9339247941970825,True,none
drift_medium,0.3,42,1,37,0.11755368858575821,True,0.14433708786964417,0.054767340421676636,True,2.6614320278167725,0.9982986450195312,True,0.04330113157629967,0.01643020287156105,0.01626986191032059,2.645141124725342,0.9946776628494263,True,none
drift_medium,0.3,42,1,36,0.18094530701637268,True,0.5722672343254089,0.26995325088500977,True,2.6114985942840576,1.0038179159164429,True,0.17168018221855164,0.08098597824573517,0.06574010133271851,2.535228967666626,0.9965323209762573,True,none
drift_medium,0.3,42,1,35,0.19015157222747803,True,0.6460374593734741,0.30817317962646484,True,2.3203186988830566,0.9063354730606079,True,0.19381123781204224,0.09245195984840393,0.08352785240460915,2.255202293395996,0.9024854302406311,True,none
drift_medium,0.3,42,1,34,0.12755368649959564,True,0.4181705713272095,0.18414992094039917,True,2.1543424129486084,0.7979152798652649,True,0.12545116245746613,0.05524497851729393,0.05823176562063095,2.1527864933013916,0.7899478077888489,True,none
drift_medium,0.3,42,1,33,0.14583104848861694,True,0.6163148283958435,0.2838100790977478,True,2.029325246810913,0.8521885871887207,True,0.18489447236061096,0.08514302968978882,0.09111130542089382,1.9844659566879272,0.8386225700378418,True,none
drift_medium,0.3,42,1,32,0.10355710983276367,True,0.3458695113658905,0.12838250398635864,True,2.0099403858184814,0.8479371666908264,True,0.10376085340976715,0.03851475194096565,0.05162384623037582,2.0037176609039307,0.8490195274353027,True,none
drift_medium,0.3,42,1,31,0.13502249121665955,True,0.37850886583328247,0.2069249153137207,True,1.8086633682250977,0.6957215666770935,True,0.11355265974998474,0.06207747757434845,0.06278263923781184,1.7750043869018555,0.6792412400245667,True,none
drift_medium,0.3,42,1,30,0.08574327826499939,True,0.1986396610736847,0.09736329317092896,True,1.7411051988601685,0.6715723872184753,True,0.05959190055727959,0.029208989813923836,0.03422647901818786,1.7225159406661987,0.6694967150688171,True,none
drift_medium,0.3,42,1,29,0.1191532164812088,True,0.5744526982307434,0.26165032386779785,True,1.7566276788711548,0.6715824007987976,True,0.17233583331108093,0.0784951001405716,0.09810606731514636,1.7475124597549438,0.6731646060943604,True,none
drift_medium,0.3,42,1,28,0.06606008112430573,True,0.24125050008296967,0.14168956875801086,True,1.7484363317489624,0.688727617263794,True,0.07237515598535538,0.0425068736076355,0.041394218749113414,1.7362086772918701,0.6861263513565063,True,none
drift_medium,0.3,42,1,27,0.08631014823913574,True,0.34180817008018494,0.1773369312286377,True,1.6407549381256104,0.6742652654647827,True,0.1025424599647522,0.05320108309388161,0.06249712103980236,1.6329600811004639,0.6911352276802063,True,none
drift_medium,0.3,42,1,26,0.10562145709991455,True,0.7809062600135803,0.33399057388305664,True,1.6158889532089233,0.6485466361045837,True,0.23427189886569977,0.10019717365503311,0.14498019706139115,1.5846527814865112,0.5867305397987366,True,none
drift_medium,0.3,42,1,25,0.1334046572446823,True,0.8426487445831299,0.48321664333343506,True,1.478562831878662,0.506493330001831,True,0.25279465317726135,0.14496499300003052,0.17097322327241882,1.4621657133102417,0.4723447263240814,True,none
drift_medium,0.3,42,1,24,0.2228870689868927,True,1.4490424394607544,0.7079079747200012,True,1.3625432252883911,0.4681984782218933,True,0.4347127676010132,0.21237240731716156,0.31904512057493395,1.3339394330978394,0.48315078020095825,True,none
drift_medium,0.3,42,1,23,0.10580277442932129,True,0.7233362793922424,0.3107900619506836,True,1.4288369417190552,0.5114567875862122,True,0.21700088679790497,0.0932370200753212,0.15187239387629217,1.3836525678634644,0.5155658721923828,True,none
drift_medium,0.3,42,1,22,0.07927638292312622,True,0.5335996747016907,0.359550416469574,True,1.5265226364135742,0.5514113903045654,True,0.1600799262523651,0.10786513239145279,0.10486574023451983,1.5172890424728394,0.5435975193977356,True,none
drift_medium,0.3,42,1,21,0.08346718549728394,True,0.7160741686820984,0.31624433398246765,True,1.513399362564087,0.5838794708251953,True,0.21482223272323608,0.09487330168485641,0.14194682384372762,1.5023943185806274,0.5824840664863586,True,none
drift_medium,0.3,42,1,20,0.07960257679224014,True,0.4563196003437042,0.18627339601516724,True,1.5142641067504883,0.6411293745040894,True,0.13689588010311127,0.05588202178478241,0.09040422968011205,1.478297233581543,0.6198927164077759,True,none
drift_medium,0.3,42,1,19,0.0770149752497673,True,0.5748437643051147,0.33818715810775757,True,1.3535834550857544,0.6661834120750427,True,0.1724531352519989,0.10145615041255951,0.12740487821709223,1.356563687324524,0.6752802729606628,True,none
drift_medium,0.3,42,1,18,0.10453134775161743,True,0.8634710907936096,0.42438632249832153,True,1.3342409133911133,0.6252838373184204,True,0.25904136896133423,0.12731590867042542,0.1941488724871727,1.3183406591415405,0.5885346531867981,True,none
drift_medium,0.3,42,1,17,0.18292346596717834,True,1.3094607591629028,0.8038570880889893,True,1.1422630548477173,0.49690893292427063,True,0.3928382098674774,0.24115712940692902,0.34391220848817994,1.1651860475540161,0.5322682857513428,True,none
drift_medium,0.3,42,1,16,0.26404744386672974,True,1.8538063764572144,1.0545316934585571,True,1.089601755142212,0.48603612184524536,True,0.5561419129371643,0.3163595199584961,0.5104084224461144,1.102317452430725,0.5260516405105591,True,none
drift_medium,0.3,42,1,15,0.5356581211090088,True,3.1388566493988037,1.7409582138061523,True,1.0661535263061523,0.4651620090007782,True,0.9416569471359253,0.5222874879837036,0.8832282817630897,1.2211767435073853,0.42290258407592773,True,none
drift_medium,0.3,42,1,14,2.4749138355255127,True,8.15514087677002,3.2383227348327637,True,1.0889283418655396,0.3431225121021271,True,2.446542501449585,0.9714968800544739,2.2467433414910936,2.068596124649048,0.8119201064109802,True,none
drift_medium,0.3,42,1,13,22.121280670166016,True,28.214134216308594,11.452237129211426,True,1.9330031871795654,0.7348240613937378,True,8.464241027832031,3.435671329498291,4.37880345152342,7.025903224945068,2.8403208255767822,True,none
drift_medium,0.3,42,1,12,467.12841796875,True,155.8682098388672,57.87369918823242,True,6.75037956237793,2.821256399154663,True,46.76046371459961,17.362110137939453,6.927086585649794,40.7906379699707,14.877679824829102,True,none
drift_medium,0.3,42,1,11,24668.130859375,True,1337.806396484375,380.1734313964844,True,38.67343521118164,14.084237098693848,True,401.3419494628906,114.05203247070312,10.377716571369909,365.2726745605469,102.41463470458984,True,none
drift_medium,0.3,42,1,10,2320628.5,True,12923.568359375,3658.465576171875,True,345.8752136230469,97.49092864990234,True,3877.07080078125,1097.5396728515625,11.20944967454845,3536.300537109375,1012.4308471679688,True,none
drift_medium,0.3,42,1,9,263947296.0,True,151612.703125,38406.0546875,True,3372.83251953125,966.3881225585938,True,45483.81640625,11521.81640625,13.485346853976385,42163.91015625,10657.8720703125,True,none
drift_medium,0.3,42,1,8,36752080896.0,True,1750668.0,467665.8125,True,39914.88671875,10150.8271484375,True,525200.375,140299.75,13.158007404622982,485452.84375,130683.5625,True,none
drift_medium,0.3,42,1,7,5777398956032.0,True,23954514.0,6186690.5,True,464060.53125,125954.671875,True,7186354.5,1856007.25,15.485812768094572,6725285.0,1730463.125,True,none
drift_medium,0.3,42,1,6,1081835287216128.0,True,322159424.0,86661784.0,True,6369516.5,1649567.0,True,96647824.0,25998536.0,15.173494565874819,90286328.0,24393396.0,True,none
drift_medium,0.3,42,1,5,2.26583800019157e+17,True,5037703680.0,1352496640.0,True,86502056.0,23528210.0,True,1511311232.0,405749024.0,17.471390876535928,1425117696.0,382442016.0,True,none
drift_medium,0.3,42,1,4,5.577734086972775e+19,True,78349484032.0,22118037504.0,True,1351807488.0,367944160.0,True,23504844800.0,6635411456.0,17.387716082839155,22154289152.0,6270154752.0,True,none
drift_medium,0.3,42,1,3,1.5244853623635155e+22,True,1377861894144.0,386624815104.0,True,21293649920.0,6053875200.0,True,413358587904.0,115987447808.0,19.412293780398546,392088190976.0,109933576192.0,True,none
drift_medium,0.3,42,1,2,4.809761679913734e+24,True,24537626312704.0,7008793657344.0,True,373360066560.0,105430728704.0,True,7361288208384.0,2102638149632.0,19.71632444842898,6987978375168.0,1998035615744.0,True,none
drift_medium,0.3,42,1,1,1.671753447832381e+27,True,478555792211968.0,134596624646144.0,True,6757427970048.0,1942112305152.0,True,143566747729920.0,40378988232704.0,21.245768118620465,136810512515072.0,38438384435200.0,True,none
drift_medium,0.3,42,1,0,6.615839747633323e+29,True,9671789609222144.0,2737641950806016.0,True,132883360514048.0,37745955176448.0,True,2901536829079552.0,821292638928896.0,21.835215619587004,2768658325569536.0,783546654392320.0,True,none
drift_medium,0.3,42,2,99,0.4676615297794342,True,0.6338174343109131,0.35576915740966797,True,6.6231255531311035,2.327760696411133,True,0.19014522433280945,0.10673075169324875,0.02870928881046034,6.5567193031311035,2.275118112564087,True,none
drift_medium,0.3,42,2,98,0.6328256130218506,True,0.9488043785095215,0.5362839698791504,True,6.443014621734619,2.342625141143799,True,0.2846413254737854,0.16088519990444183,0.04417828333239274,6.4087629318237305,2.307295799255371,True,none
drift_medium,0.3,42,2,97,0.8414923548698425,True,0.77337247133255,0.31351304054260254,True,6.34197473526001,2.3492496013641357,True,0.23201172053813934,0.09405391663312912,0.03658351384595837,6.282802104949951,2.30653977394104,True,none
drift_medium,0.3,42,2,96,0.3110640048980713,True,0.36420151591300964,0.18903255462646484,True,6.257067680358887,2.266657829284668,True,0.1092604547739029,0.05670977011322975,0.01746192631364003,6.238791465759277,2.2668917179107666,True,none
drift_medium,0.3,42,2,95,0.3533819317817688,True,0.42559224367141724,0.19813203811645508,True,6.081969261169434,2.3498990535736084,True,0.12767767906188965,0.05943961441516876,0.020992818868229356,6.040590286254883,2.330495834350586,True,none
drift_medium,0.3,42,2,94,0.27321553230285645,True,0.33605891466140747,0.13625770807266235,True,6.0235114097595215,2.3541061878204346,True,0.10081768035888672,0.040877312421798706,0.01673736023733953,5.995614051818848,2.3509361743927,True,none
drift_medium,0.3,42,2,93,0.20997290313243866,True,0.26410821080207825,0.09492015838623047,True,5.857505798339844,2.2143843173980713,True,0.07923246175050735,0.0284760482609272,0.013526655282688784,5.82640266418457,2.192152738571167,True,none
drift_medium,0.3,42,2,92,0.32838374376296997,True,0.4684489369392395,0.19883179664611816,True,5.685791015625,2.0521745681762695,True,0.1405346840620041,0.05964954197406769,0.0247168219295748,5.6736321449279785,2.0452959537506104,True,none
drift_medium,0.3,42,2,91,0.2925615906715393,True,0.358796626329422,0.1730046272277832,True,5.613264560699463,1.9984097480773926,True,0.10763898491859436,0.05190138891339302,0.019175826073154552,5.578425884246826,1.9939991235733032,True,none
drift_medium,0.3,42,2,90,0.2607702612876892,True,0.34612569212913513,0.14408767223358154,True,5.480066299438477,1.993998646736145,True,0.10383770614862442,0.04322630167007446,0.01894825727915835,5.460505962371826,1.9925140142440796,True,none
drift_medium,0.3,42,2,89,0.14530234038829803,True,0.13633333146572113,0.040149033069610596,True,5.322774410247803,1.9987207651138306,True,0.04089999943971634,0.012044710107147694,0.007683962589315249,5.31445837020874,2.0031180381774902,True,none
drift_medium,0.3,42,2,88,0.38955360651016235,True,0.4461420774459839,0.1931537240743637,True,5.103690147399902,1.9735708236694336,True,0.1338426172733307,0.05794611945748329,0.0262246753638622,5.08919095993042,1.9656436443328857,True,none
drift_medium,0.3,42,2,87,0.23059625923633575,True,0.3704308569431305,0.17881560325622559,True,5.006463527679443,2.0846898555755615,True,0.11112925410270691,0.053644683212041855,0.022197156433534326,4.965742111206055,2.07779860496521,True,none
drift_medium,0.3,42,2,86,0.1419433057308197,True,0.1691998839378357,0.07459414005279541,True,4.679687023162842,1.9522428512573242,True,0.05075996741652489,0.022378243505954742,0.010846872272711755,4.665869235992432,1.9499694108963013,True,none
drift_medium,0.3,42,2,85,0.20996251702308655,True,0.19768568873405457,0.09009918570518494,True,4.8365349769592285,1.9424779415130615,True,0.05930570140480995,0.02702975645661354,0.012262022643757184,4.826344013214111,1.9413914680480957,True,none
drift_medium,0.3,42,2,84,0.12694314122200012,True,0.11764128506183624,0.05564960837364197,True,4.642874717712402,1.9936467409133911,True,0.035292383283376694,0.01669488288462162,0.007601407625480373,4.626143455505371,1.9890445470809937,True,none
drift_medium,0.3,42,2,83,0.15105941891670227,True,0.14005674421787262,0.07634156942367554,True,4.672391891479492,2.177710771560669,True,0.042017024010419846,0.02290247194468975,0.008992615556719997,4.6622490882873535,2.174741506576538,True,none
drift_medium,0.3,42,2,82,0.13846229016780853,True,0.08992140740156174,0.04956984519958496,True,4.830967903137207,2.1041462421417236,True,0.02697642333805561,0.014870953746140003,0.00558406180271487,4.816338062286377,2.1006274223327637,True,none
drift_medium,0.3,42,2,81,0.19618280231952667,True,0.15597006678581238,0.07701647281646729,True,4.844954013824463,1.974987506866455,True,0.04679102450609207,0.023104943335056305,0.009657681862938255,4.829102993011475,1.9692697525024414,True,none
drift_medium,0.3,42,2,80,0.20151500403881073,True,0.18574932217597961,0.07304003834724426,True,4.882887840270996,2.016187906265259,True,0.05572479963302612,0.02191201224923134,0.01141226287719155,4.878149509429932,2.021454095840454,True,none
drift_medium,0.3,42,2,79,0.2575828433036804,True,0.25187283754348755,0.12720072269439697,True,4.78638219833374,1.8142943382263184,True,0.07556185871362686,0.03816021978855133,0.01578684183221224,4.770396709442139,1.815938115119934,True,none
drift_medium,0.3,42,2,78,0.1958380788564682,True,0.10620951652526855,0.05964386463165283,True,4.548703193664551,1.65558660030365,True,0.031862854957580566,0.01789315976202488,0.007004821726322406,4.5480804443359375,1.6591235399246216,True,none
drift_medium,0.3,42,2,77,0.15920276939868927,True,0.0962822213768959,0.047710686922073364,True,4.627338409423828,1.7958089113235474,True,0.02888467349112034,0.014313207007944584,0.006242178750594267,4.618018627166748,1.791121006011963,True,none
drift_medium,0.3,42,2,76,0.18017612397670746,True,0.19212613999843597,0.10485486686229706,True,4.6448259353637695,1.6556475162506104,True,0.05763784423470497,0.031456463038921356,0.01240904288702447,4.624942302703857,1.6484380960464478,True,none
drift_medium,0.3,42,2,75,0.1761777698993683,True,0.2298746407032013,0.12815415859222412,True,4.432110786437988,1.6307342052459717,True,0.06896239519119263,0.038446247577667236,0.01555971827288211,4.439528942108154,1.6228350400924683,True,none
drift_medium,0.3,42,2,74,0.18586120009422302,True,0.20664826035499573,0.1131872832775116,True,4.3986382484436035,1.7244877815246582,True,0.061994485557079315,0.03395618498325348,0.014094017751744212,4.372626304626465,1.7159284353256226,True,none
drift_medium,0.3,42,2,73,0.19341304898262024,True,0.2854689657688141,0.1815391182899475,True,4.267529487609863,1.5973519086837769,True,0.08564068377017975,0.05446173623204231,0.020067977038894437,4.253505229949951,1.605394959449768,True,none
drift_medium,0.3,42,2,72,0.16246052086353302,True,0.13248904049396515,0.0547022670507431,True,4.14628267288208,1.7120957374572754,True,0.039746712893247604,0.01641068048775196,0.009586107853473986,4.132069110870361,1.6991117000579834,True,none
drift_medium,0.3,42,2,71,0.25567227602005005,True,0.41447100043296814,0.20248103141784668,True,4.194581031799316,1.6881531476974487,True,0.12434130162000656,0.06074431166052818,0.029643318528677753,4.167403697967529,1.6541712284088135,True,none
drift_medium,0.3,42,2,70,0.17282068729400635,True,0.19635753333568573,0.08378690481185913,True,4.1488165855407715,1.6781634092330933,True,0.05890726298093796,0.0251360721886158,0.0141985700660338,4.140809535980225,1.6713231801986694,True,none
drift_medium,0.3,42,2,69,0.14850667119026184,True,0.12800848484039307,0.0638396143913269,True,4.117661952972412,1.5651612281799316,True,0.03840254992246628,0.01915188506245613,0.009326299817967171,4.106120586395264,1.5665584802627563,True,none
drift_medium,0.3,42,2,68,0.16374115645885468,True,0.1770297884941101,0.07730722427368164,True,4.140143394470215,1.4680204391479492,True,0.05310893431305885,0.023192167282104492,0.012827800695014817,4.133034706115723,1.473934292793274,True,none
drift_medium,0.3,42,2,67,0.1763494312763214,True,0.14450274407863617,0.058992743492126465,True,4.241481304168701,1.5627635717391968,True,0.04335082322359085,0.01769782416522503,0.010220680020674302,4.2328972816467285,1.5620145797729492,True,none
drift_medium,0.3,42,2,66,0.1570415049791336,True,0.13925449550151825,0.05212348699569702,True,4.176259517669678,1.5808095932006836,True,0.041776347905397415,0.015637047588825226,0.010003293073295002,4.169249057769775,1.5712124109268188,True,none
drift_medium,0.3,42,2,65,0.15229003131389618,True,0.07083404064178467,0.0265980064868927,True,4.281932353973389,1.5532416105270386,True,0.02125021256506443,0.00797940231859684,0.004962762325131195,4.2762603759765625,1.547837495803833,True,none
drift_medium,0.3,42,2,64,0.17659404873847961,True,0.1589483916759491,0.09452968835830688,True,4.290444850921631,1.6472493410110474,True,0.04768451675772667,0.028358908370137215,0.011114119494502403,4.276026725769043,1.6444852352142334,True,none
drift_medium,0.3,42,2,63,0.1929057240486145,True,0.1644030660390854,0.058057427406311035,True,4.103718280792236,1.6891624927520752,True,0.04932091757655144,0.01741722971200943,0.012018592457330637,4.091864109039307,1.690597414970398,True,none
drift_medium,0.3,42,2,62,0.1491977721452713,True,0.07304372638463974,0.033029913902282715,True,4.063293933868408,1.7132396697998047,True,0.02191311866044998,0.009908974170684814,0.005392944497023496,4.057531356811523,1.7076020240783691,True,none
drift_medium,0.3,42,2,61,0.16246482729911804,True,0.10457263141870499,0.04006519913673401,True,3.7744815349578857,1.6646555662155151,True,0.031371790915727615,0.012019560672342777,0.008311549712235997,3.7632358074188232,1.6532090902328491,True,none
drift_medium,0.3,42,2,60,0.15652474761009216,True,0.10991936922073364,0.06770849227905273,True,3.8664486408233643,1.7911003828048706,True,0.03297581151127815,0.02031254768371582,0.008528708014662103,3.8617441654205322,1.7819809913635254,True,none
drift_medium,0.3,42,2,59,0.16008500754833221,True,0.09232477098703384,0.052168697118759155,True,3.7330493927001953,1.7739638090133667,True,0.027697430923581123,0.015650609508156776,0.007419519007097721,3.7280759811401367,1.7583131790161133,True,none
drift_medium,0.3,42,2,58,0.16794908046722412,True,0.18421974778175354,0.07767295837402344,True,3.772752285003662,1.6056559085845947,True,0.05526592954993248,0.02330188825726509,0.014648703486204152,3.749776601791382,1.5889990329742432,True,none
drift_medium,0.3,42,2,57,0.1618691086769104,True,0.15646198391914368,0.07065105438232422,True,3.826859951019287,1.5937130451202393,True,0.04693859815597534,0.021195316687226295,0.012265564655288977,3.8135340213775635,1.5896483659744263,True,none
drift_medium,0.3,42,2,56,0.19241054356098175,True,0.2210618108510971,0.0855531096458435,True,3.744920492172241,1.5600417852401733,True,0.06631854176521301,0.02566593326628208,0.017708931846167775,3.7415478229522705,1.5504406690597534,True,none
drift_medium,0.3,42,2,55,0.17945373058319092,True,0.23489044606685638,0.1141083836555481,True,3.686243772506714,1.5902018547058105,True,0.07046714425086975,0.03423251584172249,0.019116246401396204,3.6731388568878174,1.586225152015686,True,none
drift_medium,0.3,42,2,54,0.20481173694133759,True,0.3864217698574066,0.1869523525238037,True,3.568743944168091,1.5201044082641602,True,0.11592653393745422,0.05608570948243141,0.03248384746876127,3.5430831909179688,1.521634578704834,True,none
drift_medium,0.3,42,2,53,0.14386257529258728,True,0.14541299641132355,0.051149070262908936,True,3.6825196743011475,1.582743763923645,True,0.0436239056289196,0.015344721265137196,0.011846211150843751,3.680055856704712,1.583121418952942,True,none
drift_medium,0.3,42,2,52,0.13319191336631775,True,0.0635647401213646,0.022568851709365845,True,3.7219555377960205,1.449521780014038,True,0.019069422036409378,0.006770655978471041,0.0051234953891191115,3.7141077518463135,1.44620943069458,True,none
drift_medium,0.3,42,2,51,0.16933885216712952,True,0.2000410407781601,0.10378199815750122,True,3.6336119174957275,1.5392234325408936,True,0.060012318193912506,0.031134599819779396,0.01651588544856388,3.6270761489868164,1.5361310243606567,True,none
drift_medium,0.3,42,2,50,0.16245843470096588,True,0.26992589235305786,0.12563997507095337,True,3.426138401031494,1.3306081295013428,True,0.08097776770591736,0.03769199550151825,0.02363528796195567,3.4231464862823486,1.3288933038711548,True,none
drift_medium,0.3,42,2,49,0.15443667769432068,True,0.2391628623008728,0.09570848941802979,True,3.306636333465576,1.3000961542129517,True,0.07174886763095856,0.028712548315525055,0.021698445306726318,3.310213088989258,1.2977964878082275,True,none
drift_medium,0.3,42,2,48,0.12390585243701935,True,0.07312414795160294,0.02554786205291748,True,3.359851121902466,1.2427341938018799,True,0.02193724550306797,0.007664358709007502,0.006529231417444414,3.3549416065216064,1.2392313480377197,True,none
drift_medium,0.3,42,2,47,0.15172572433948517,True,0.2448960244655609,0.10828852653503418,True,3.3132879734039307,1.2737237215042114,True,0.07346880435943604,0.032486557960510254,0.022173986972806092,3.3059985637664795,1.272045612335205,True,none
drift_medium,0.3,42,2,46,0.13534966111183167,True,0.1522272825241089,0.08114218711853027,True,3.2394027709960938,1.2649701833724976,True,0.045668188482522964,0.02434265799820423,0.014097718533612977,3.2273123264312744,1.2612091302871704,True,none
drift_medium,0.3,42,2,45,0.13140051066875458,True,0.11478313058614731,0.03918534517288208,True,3.2011256217956543,1.5018820762634277,True,0.03443494066596031,0.011755604296922684,0.010757135062582598,3.2037601470947266,1.499234676361084,True,none
drift_medium,0.3,42,2,44,0.12429475784301758,True,0.10949500650167465,0.05631718039512634,True,3.192324638366699,1.4409887790679932,True,0.032848503440618515,0.016895154491066933,0.010289838021428367,3.1793832778930664,1.4354310035705566,True,none
drift_medium,0.3,42,2,43,0.12967029213905334,True,0.1516610085964203,0.05693387985229492,True,2.991342067718506,1.311189889907837,True,0.045498304069042206,0.017080165445804596,0.01520999706453783,2.9785261154174805,1.3076330423355103,True,none
drift_medium,0.3,42,2,42,0.11072864383459091,True,0.13629500567913055,0.06153589487075806,True,2.7588613033294678,1.327610731124878,True,0.04088849946856499,0.018460769206285477,0.014820788351775723,2.7492434978485107,1.3233386278152466,True,none
drift_medium,0.3,42,2,41,0.15094733238220215,True,0.20801393687725067,0.08352935314178467,True,2.5645761489868164,1.1427955627441406,True,0.06240418180823326,0.02505880780518055,0.024333136620982326,2.551194667816162,1.1378551721572876,True,none
drift_medium,0.3,42,2,40,0.12112150341272354,True,0.1517450362443924,0.08983442187309265,True,2.6417324542999268,1.242279291152954,True,0.0455235131084919,0.026950327679514885,0.017232446470639526,2.6338961124420166,1.2371951341629028,True,none
drift_medium,0.3,42,2,39,0.1340114325284958,True,0.17611576616764069,0.07695192098617554,True,2.6255578994750977,1.1291422843933105,True,0.052834730595350266,0.02308557741343975,0.020123239562110925,2.614779233932495,1.1273359060287476,True,none
drift_medium,0.3,42,2,38,0.19474798440933228,True,0.40733981132507324,0.2156890630722046,True,2.586242198944092,0.9972289800643921,True,0.12220192700624466,0.0647067204117775,0.04725076679055422,2.569836378097534,0.995822548866272,True,none
drift_medium,0.3,42,2,37,0.1540176421403885,True,0.30726101994514465,0.1633850336074829,True,2.560553550720215,1.0661473274230957,True,0.09217830747365952,0.04901551082730293,0.035999367186714856,2.5571768283843994,1.0634703636169434,True,none
drift_medium,0.3,42,2,36,0.15848366916179657,True,0.22402885556221008,0.10478079319000244,True,2.543203115463257,1.0773042440414429,True,0.0672086626291275,0.03143423795700073,0.026426777405413285,2.5331199169158936,1.0700916051864624,True,none
drift_medium,0.3,42,2,35,0.15374231338500977,True,0.2613157331943512,0.11441570520401001,True,2.353785991668701,0.9853996634483337,True,0.07839471846818924,0.03432471305131912,0.0333057970204753,2.355247974395752,0.9803858399391174,True,none
drift_medium,0.3,42,2,34,0.13657715916633606,True,0.1691596806049347,0.0716259777545929,True,2.2746546268463135,0.8893362283706665,True,0.05074790492653847,0.021487794816493988,0.022310158354402754,2.2738184928894043,0.8829100728034973,True,none
drift_medium,0.3,42,2,33,0.1548539102077484,True,0.3311884105205536,0.13014250993728638,True,2.1802902221679688,0.9454507827758789,True,0.0993565246462822,0.03904275596141815,0.04557032070136131,2.1678974628448486,0.9370718598365784,True,none
drift_medium,0.3,42,2,32,0.14412567019462585,True,0.33571821451187134,0.15727081894874573,True,2.217581033706665,0.9467417001724243,True,0.10071547329425812,0.04718124866485596,0.04541681758788664,2.2176733016967773,0.9445552825927734,True,none
drift_medium,0.3,42,2,31,0.13270707428455353,True,0.2029934674501419,0.08854562044143677,True,2.00278377532959,0.7896699905395508,True,0.06089803948998451,0.02656368725001812,0.030406697038442086,2.0055179595947266,0.7887134552001953,True,none
drift_medium,0.3,42,2,30,0.12695914506912231,True,0.26075679063796997,0.1288551688194275,True,1.973593831062317,0.7792141437530518,True,0.07822704315185547,0.03865655139088631,0.03963685025794235,1.9488985538482666,0.7763360142707825,True,none
drift_medium,0.3,42,2,29,0.15538296103477478,True,0.45463064312934875,0.22582322359085083,True,1.971750020980835,0.7613365054130554,True,0.13638918101787567,0.06774696707725525,0.0691716391867771,1.9568884372711182,0.7688831686973572,True,none
drift_medium,0.3,42,2,28,0.12044967710971832,True,0.18318282067775726,0.10130620002746582,True,2.0171658992767334,0.7847853899002075,True,0.05495484545826912,0.030391860753297806,0.027243592348029606,1.9990317821502686,0.7803412675857544,True,none
drift_medium,0.3,42,2,27,0.12324261665344238,True,0.25765544176101685,0.1323499083518982,True,1.8389437198638916,0.7717743515968323,True,0.07729663699865341,0.03970497474074364,0.04203317163199124,1.8317186832427979,0.7659724950790405,True,none
drift_medium,0.3,42,2,26,0.10057520866394043,True,0.08369189500808716,0.03857196867465973,True,1.8313629627227783,0.7260236740112305,True,0.025107571855187416,0.011571590788662434,0.013709773740233902,1.820452332496643,0.7209048867225647,True,none
drift_medium,0.3,42,2,25,0.12102208286523819,True,0.23059336841106415,0.09871107339859009,True,1.687962532043457,0.5783289074897766,True,0.0691780149936676,0.029613323509693146,0.04098314605945626,1.6645148992538452,0.5788407325744629,True,none
drift_medium,0.3,42,2,24,0.1632615327835083,True,0.6031578779220581,0.2312195897102356,True,1.587362289428711,0.525152325630188,True,0.18094737827777863,0.06936588138341904,0.11399248897539785,1.5527327060699463,0.5350427627563477,True,none
drift_medium,0.3,42,2,23,0.14412471652030945,True,0.4910842180252075,0.16716179251670837,True,1.648141622543335,0.633625864982605,True,0.14732526242733002,0.05014853924512863,0.08938871539443023,1.619149088859558,0.6306374073028564,True,none
drift_medium,0.3,42,2,22,0.11137416213750839,True,0.18681465089321136,0.08119642734527588,True,1.7371774911880493,0.7107199430465698,True,0.05604439228773117,0.024358930066227913,0.032261753661895744,1.722974181175232,0.7051683068275452,True,none
drift_medium,0.3,42,2,21,0.13077647984027863,True,0.40563517808914185,0.25504833459854126,True,1.731778621673584,0.7453165054321289,True,0.1216905489563942,0.07651450484991074,0.07026911375007197,1.7143135070800781,0.735629677772522,True,none
drift_medium,0.3,42,2,20,0.12081513553857803,True,0.18635617196559906,0.07950848340988159,True,1.6849074363708496,0.6970037817955017,True,0.05590685456991196,0.023852545768022537,0.03318096493793005,1.6618578433990479,0.6848063468933105,True,none
drift_medium,0.3,42,2,19,0.1313621699810028,True,0.4239649474620819,0.2112913727760315,True,1.5315200090408325,0.5611791610717773,True,0.127189502120018,0.0633874163031578,0.08304788796040072,1.5041733980178833,0.5554855465888977,True,none
drift_medium,0.3,42,2,18,0.1192891001701355,True,0.23254774510860443,0.11556801199913025,True,1.5009827613830566,0.5609850883483887,True,0.06976433098316193,0.034670405089855194,0.04647910207764959,1.4868834018707275,0.5548006892204285,True,none
drift_medium,0.3,42,2,17,0.10473039001226425,True,0.210801362991333,0.11398419737815857,True,1.3197990655899048,0.42901700735092163,True,0.0632404088973999,0.03419525921344757,0.04791669470464861,1.308236002922058,0.420829713344574,True,none
drift_medium,0.3,42,2,16,0.16212479770183563,True,0.9259482622146606,0.3471841812133789,True,1.1992026567459106,0.4011163115501404,True,0.27778446674346924,0.10415525734424591,0.23164097009009135,1.1872206926345825,0.3958650529384613,True,none
drift_medium,0.3,42,2,15,0.18513505160808563,True,1.1837477684020996,0.43364399671554565,True,1.2085250616073608,0.38870906829833984,True,0.3551243245601654,0.13009320199489594,0.293849367167901,1.2214272022247314,0.41619017720222473,True,none
drift_medium,0.3,42,2,14,0.2964368462562561,True,2.068201780319214,0.8655749559402466,True,1.0850955247879028,0.3098021447658539,True,0.6204606294631958,0.25967249274253845,0.5718027724645733,1.0731985569000244,0.32343676686286926,True,none
drift_medium,0.3,42,2,13,0.8777414560317993,True,4.827361106872559,2.249617099761963,True,1.0676591396331787,0.33704644441604614,True,1.4482083320617676,0.6748851537704468,1.3564332269547934,1.5109362602233887,0.5928637981414795,True,none
drift_medium,0.3,42,2,12,9.205862045288086,True,18.635164260864258,7.555536270141602,True,1.5602025985717773,0.6943451166152954,True,5.590548992156982,2.2666609287261963,3.5832198954616756,4.576425075531006,1.8259131908416748,True,none
drift_medium,0.3,42,2,11,224.5915985107422,True,111.39810180664062,43.928043365478516,True,4.3159871101379395,1.6971083879470825,True,33.41943359375,13.178413391113281,7.743172706712317,29.421297073364258,11.481305122375488,True,none
drift_medium,0.3,42,2,10,14746.103515625,True,1089.587890625,393.56732177734375,True,27.863956451416016,11.023933410644531,True,326.8763732910156,118.07019805908203,11.731154326951025,300.06298828125,107.0462646484375,True,none
drift_medium,0.3,42,2,9,1871301.0,True,12676.2490234375,4287.83349609375,True,284.2047424316406,102.7289810180664,True,3802.874755859375,1286.35009765625,13.380757559927282,3522.47998046875,1199.2900390625,True,none
drift_medium,0.3,42,2,8,285869888.0,True,163665.296875,55479.6953125,True,3340.259521484375,1142.3992919921875,True,49099.59375,16643.91015625,14.699335016993128,45787.20703125,15623.4921875,True,none
drift_medium,0.3,42,2,7,51536879616.0,True,2258781.25,749526.125,True,43375.33984375,15011.7392578125,True,677634.375,224857.84375,15.622572121417997,634425.625,211164.21875,True,none
drift_medium,0.3,42,2,6,10757525733376.0,True,33993724.0,10974747.0,True,601983.4375,201290.90625,True,10198118.0,3292424.25,16.940861433583876,9597517.0,3099688.25,True,none
drift_medium,0.3,42,2,5,2613505853227008.0,True,546047808.0,170409120.0,True,9101922.0,2979274.25,True,163814336.0,51122740.0,17.997774096504013,154738592.0,48300888.0,True,none
drift_medium,0.3,42,2,4,7.303537598461379e+17,True,9451002880.0,3000448000.0,True,147006416.0,46380664.0,True,2835301376.0,900134464.0,19.286922660572856,2688455168.0,853753792.0,True,none
drift_medium,0.3,42,2,3,2.3481895120849286e+20,True,175097315328.0,53636751360.0,True,2557259776.0,821969088.0,True,52529197056.0,16091026432.0,20.541204905731096,49978159104.0,15269057536.0,True,none
drift_medium,0.3,42,2,2,8.635727945956666e+22,True,3457273823232.0,1044682113024.0,True,47650480128.0,14782788608.0,True,1037182238720.0,313404653568.0,21.766459350123927,989551460352.0,298621861888.0,True,none
drift_medium,0.3,42,2,1,3.606813931238717e+25,True,72928116867072.0,22022495141888.0,True,948989591552.0,288974733312.0,True,21878435479552.0,6606748647424.0,23.054452519096117,20929822326784.0,6317773684736.0,True,none
drift_medium,0.3,42,2,0,1.7059414331921832e+28,True,1630315361599488.0,477646433550336.0,True,20343808851968.0,6197140783104.0,True,489094668877824.0,143293933420544.0,24.04145027299106,468753401774080.0,137096790540288.0,True,none
drift_medium,1.0,42,0,99,0.4809487760066986,True,1.0066908597946167,0.6982002258300781,True,6.631767272949219,2.3315041065216064,True,1.0066908597946167,0.6982002258300781,0.15179827915565236,6.390108108520508,2.325542688369751,True,none
drift_medium,1.0,42,0,98,1.2147228717803955,True,1.3420343399047852,0.6268507242202759,True,6.308133125305176,2.3974993228912354,True,1.3420343399047852,0.6268507242202759,0.21274667373790518,6.553005218505859,2.519336223602295,True,none
drift_medium,1.0,42,0,97,0.37855443358421326,True,0.36697056889533997,0.22513508796691895,True,6.4292473793029785,2.562371253967285,True,0.36697056889533997,0.22513508796691895,0.05707830905319242,6.303386688232422,2.518052577972412,True,none
drift_medium,1.0,42,0,96,0.358804315328598,True,0.27518409490585327,0.14161503314971924,True,6.238622188568115,2.476879596710205,True,0.27518409490585327,0.14161503314971924,0.044109754780481306,6.219802379608154,2.4565978050231934,True,none
drift_medium,1.0,42,0,95,0.3869131803512573,True,0.24807532131671906,0.13942408561706543,True,6.056612491607666,2.5419812202453613,True,0.24807532131671906,0.13942408561706543,0.04095941777031686,6.049691200256348,2.54097843170166,True,none
drift_medium,1.0,42,0,94,0.340129554271698,True,0.33981961011886597,0.17752492427825928,True,6.028840065002441,2.564281702041626,True,0.33981961011886597,0.17752492427825928,0.05636567008825967,5.923234462738037,2.5107789039611816,True,none
drift_medium,1.0,42,0,93,0.3146417737007141,True,0.19039122760295868,0.0831904411315918,True,5.77233362197876,2.3784396648406982,True,0.19039122760295868,0.0831904411315918,0.032983406724446995,5.799127578735352,2.3822109699249268,True,none
drift_medium,1.0,42,0,92,0.29715973138809204,True,0.2002933770418167,0.10771071910858154,True,5.63776159286499,2.244065046310425,True,0.2002933770418167,0.10771071910858154,0.03552711013804973,5.5762553215026855,2.2354929447174072,True,none
drift_medium,1.0,42,0,91,0.4084811210632324,True,0.4930054247379303,0.23086237907409668,True,5.562119007110596,2.1708414554595947,True,0.4930054247379303,0.23086237907409668,0.08863625968944301,5.669919013977051,2.1648688316345215,True,none
drift_medium,1.0,42,0,90,0.46351784467697144,True,0.44569820165634155,0.23296189308166504,True,5.6081390380859375,1.9971585273742676,True,0.44569820165634155,0.23296189308166504,0.07947345788494917,5.564985275268555,2.031959056854248,True,none
drift_medium,1.0,42,0,89,0.32935047149658203,True,0.344293475151062,0.17054903507232666,True,5.490095138549805,2.0951733589172363,True,0.344293475151062,0.17054903507232666,0.06271175024517764,5.48414945602417,2.126959800720215,True,none
drift_medium,1.0,42,0,88,0.35788843035697937,True,0.498421311378479,0.3047347068786621,True,5.322143077850342,1.9919408559799194,True,0.498421311378479,0.3047347068786621,0.09365049080561395,5.275627136230469,2.0596518516540527,True,none
drift_medium,1.0,42,0,87,0.2866310477256775,True,0.15300357341766357,0.0755797028541565,True,5.201013088226318,1.9717134237289429,True,0.15300357341766357,0.0755797028541565,0.029418032760577494,5.17018985748291,1.9494132995605469,True,none
drift_medium,1.0,42,0,86,0.3168797492980957,True,0.29514408111572266,0.15026581287384033,True,4.871391296386719,1.670141339302063,True,0.29514408111572266,0.15026581287384033,0.0605872251187419,4.9347004890441895,1.7572377920150757,True,none
drift_medium,1.0,42,0,85,0.36303168535232544,True,0.4188750088214874,0.21671903133392334,True,5.068926811218262,1.71650230884552,True,0.4188750088214874,0.21671903133392334,0.08263583681941794,5.141308784484863,1.7719361782073975,True,none
drift_medium,1.0,42,0,84,0.4093388020992279,True,0.4252247214317322,0.19568359851837158,True,4.949813365936279,1.7833240032196045,True,0.4252247214317322,0.19568359851837158,0.08590722316076924,5.002740383148193,1.8475918769836426,True,none
drift_medium,1.0,42,0,83,0.4099830687046051,True,0.5433886647224426,0.2712755799293518,True,5.036967754364014,1.9335315227508545,True,0.5433886647224426,0.2712755799293518,0.10788011581998802,5.18681001663208,2.0011394023895264,True,none
drift_medium,1.0,42,0,82,0.25181907415390015,True,0.18831899762153625,0.10937885195016861,True,5.43225622177124,2.170642614364624,True,0.18831899762153625,0.10937885195016861,0.034666810609330634,5.419184684753418,2.187445878982544,True,none
drift_medium,1.0,42,0,81,0.23473647236824036,True,0.23869609832763672,0.1387927532196045,True,5.4423136711120605,2.2318813800811768,True,0.23869609832763672,0.1387927532196045,0.043859305573399385,5.3417816162109375,2.1368539333343506,True,none
drift_medium,1.0,42,0,80,0.2585752308368683,True,0.2791515588760376,0.17221832275390625,True,5.402134418487549,2.1848998069763184,True,0.2791515588760376,0.17221832275390625,0.05167430819948771,5.477880001068115,2.2104713916778564,True,none
drift_medium,1.0,42,0,79,0.22630827128887177,True,0.09646108001470566,0.05249512940645218,True,5.395601272583008,2.1577706336975098,True,0.09646108001470566,0.05249512940645218,0.017877725788382703,5.409301280975342,2.1462209224700928,True,none
drift_medium,1.0,42,0,78,0.19940881431102753,True,0.2309565246105194,0.1274765133857727,True,5.187050819396973,2.057175636291504,True,0.2309565246105194,0.1274765133857727,0.04452559511212289,5.220206260681152,2.0723202228546143,True,none
drift_medium,1.0,42,0,77,0.19153377413749695,True,0.0941559299826622,0.050837889313697815,True,5.232590198516846,2.1822686195373535,True,0.0941559299826622,0.050837889313697815,0.017994134149724218,5.239011764526367,2.183218002319336,True,none
drift_medium,1.0,42,0,76,0.3243315815925598,True,0.4841330349445343,0.26799166202545166,True,5.2379560470581055,2.0433380603790283,True,0.4841330349445343,0.26799166202545166,0.09242785365034799,5.433064937591553,2.100813865661621,True,none
drift_medium,1.0,42,0,75,0.3000050187110901,True,0.5244889855384827,0.295984148979187,True,5.328085899353027,2.1381912231445312,True,0.5244889855384827,0.295984148979187,0.09843853786255047,5.185294151306152,2.209683895111084,True,none
drift_medium,1.0,42,0,74,0.2933935523033142,True,0.38664066791534424,0.2085164189338684,True,5.135366916656494,2.296689987182617,True,0.38664066791534424,0.2085164189338684,0.07528978438935008,5.209002494812012,2.226349353790283,True,none
drift_medium,1.0,42,0,73,0.21523813903331757,True,0.26538220047950745,0.10870188474655151,True,5.041896343231201,2.253713607788086,True,0.26538220047950745,0.10870188474655151,0.05263539398935347,4.9823150634765625,2.2584269046783447,True,none
drift_medium,1.0,42,0,72,0.20502109825611115,True,0.1568467915058136,0.06017768383026123,True,4.861050128936768,2.274515151977539,True,0.1568467915058136,0.06017768383026123,0.03226603045545791,4.854480266571045,2.280965566635132,True,none
drift_medium,1.0,42,0,71,0.31092870235443115,True,0.6894892454147339,0.42331206798553467,True,5.002839088439941,2.381666898727417,True,0.6894892454147339,0.42331206798553467,0.13781959268044391,5.2396416664123535,2.428370952606201,True,none
drift_medium,1.0,42,0,70,0.3311743438243866,True,0.6891778111457825,0.2849694490432739,True,5.186686992645264,2.448582410812378,True,0.6891778111457825,0.2849694490432739,0.13287437860100398,4.973024845123291,2.2276649475097656,True,none
drift_medium,1.0,42,0,69,0.17328663170337677,True,0.2435755431652069,0.08548283576965332,True,4.926226615905762,2.2743382453918457,True,0.2435755431652069,0.08548283576965332,0.049444648441202985,4.910863876342773,2.303154230117798,True,none
drift_medium,1.0,42,0,68,0.2559681534767151,True,0.5079813599586487,0.3515315055847168,True,4.868957996368408,2.2656118869781494,True,0.5079813599586487,0.3515315055847168,0.10433061043809179,4.762827396392822,2.1712310314178467,True,none
drift_medium,1.0,42,0,67,0.17938293516635895,True,0.3030964434146881,0.14585834741592407,True,4.766897678375244,2.1122372150421143,True,0.3030964434146881,0.14585834741592407,0.06358358493609041,4.783249855041504,2.0448169708251953,True,none
drift_medium,1.0,42,0,66,0.1461217701435089,True,0.16485446691513062,0.06498497724533081,True,4.68485689163208,1.808469295501709,True,0.16485446691513062,0.06498497724533081,0.035188794605349086,4.651443004608154,1.8062437772750854,True,none
drift_medium,1.0,42,0,65,0.15341314673423767,True,0.18257303535938263,0.08862406015396118,True,4.738485336303711,1.8313978910446167,True,0.18257303535938263,0.08862406015396118,0.03852983018868251,4.6421589851379395,1.7825438976287842,True,none
drift_medium,1.0,42,0,64,0.2436666041612625,True,0.5063308477401733,0.28154683113098145,True,4.638122081756592,1.8433400392532349,True,0.5063308477401733,0.28154683113098145,0.10916721009385374,4.588011741638184,1.8209885358810425,True,none
drift_medium,1.0,42,0,63,0.26960834860801697,True,0.4961637854576111,0.275959849357605,True,4.4037065505981445,1.827924132347107,True,0.4961637854576111,0.275959849357605,0.1126695840780094,4.36099910736084,1.8011507987976074,True,none
drift_medium,1.0,42,0,62,0.18694300949573517,True,0.2350296825170517,0.1019212007522583,True,4.342501163482666,1.9250229597091675,True,0.2350296825170517,0.1019212007522583,0.054123113309313395,4.259707450866699,1.876547932624817,True,none
drift_medium,1.0,42,0,61,0.1880062371492386,True,0.1765022575855255,0.06532014906406403,True,4.05262565612793,1.8748047351837158,True,0.1765022575855255,0.06532014906406403,0.04355256876948278,4.008224964141846,1.8684474229812622,True,none
drift_medium,1.0,42,0,60,0.1459190547466278,True,0.2062022089958191,0.111569344997406,True,4.063303470611572,1.7927485704421997,True,0.2062022089958191,0.111569344997406,0.050747430135887096,4.055306434631348,1.7761518955230713,True,none
drift_medium,1.0,42,0,59,0.20837946236133575,True,0.4816443622112274,0.25783026218414307,True,3.9103331565856934,1.5555068254470825,True,0.4816443622112274,0.25783026218414307,0.12317220628629298,3.831671953201294,1.4767236709594727,True,none
drift_medium,1.0,42,0,58,0.19425076246261597,True,0.274251252412796,0.14124524593353271,True,3.8637120723724365,1.4278634786605835,True,0.274251252412796,0.14124524593353271,0.07098128620239717,3.8515193462371826,1.4240145683288574,True,none
drift_medium,1.0,42,0,57,0.18670743703842163,True,0.20697034895420074,0.11789697408676147,True,3.9255475997924805,1.4671850204467773,True,0.20697034895420074,0.11789697408676147,0.052723943269746436,3.833571672439575,1.415226936340332,True,none
drift_medium,1.0,42,0,56,0.16693682968616486,True,0.2503594756126404,0.1335262656211853,True,3.790557622909546,1.4490246772766113,True,0.2503594756126404,0.1335262656211853,0.06604819145854432,3.7495086193084717,1.4253995418548584,True,none
drift_medium,1.0,42,0,55,0.12224937975406647,True,0.14714333415031433,0.08090165257453918,True,3.677248239517212,1.531124472618103,True,0.14714333415031433,0.08090165257453918,0.04001452297101184,3.6377179622650146,1.4848575592041016,True,none
drift_medium,1.0,42,0,54,0.2443895787000656,True,0.4608575105667114,0.21907544136047363,True,3.5106699466705322,1.433671236038208,True,0.4608575105667114,0.21907544136047363,0.13127338017168222,3.5208544731140137,1.401282787322998,True,none
drift_medium,1.0,42,0,53,0.1326930820941925,True,0.1329551786184311,0.062335193157196045,True,3.6361453533172607,1.476685881614685,True,0.1329551786184311,0.062335193157196045,0.0365648690300841,3.5907671451568604,1.4143507480621338,True,none
drift_medium,1.0,42,0,52,0.16816815733909607,True,0.31385430693626404,0.13438403606414795,True,3.571537494659424,1.2980880737304688,True,0.31385430693626404,0.13438403606414795,0.08787652583949837,3.505504608154297,1.2348034381866455,True,none
drift_medium,1.0,42,0,51,0.18475909531116486,True,0.3711729347705841,0.19565832614898682,True,3.4453845024108887,1.348835825920105,True,0.3711729347705841,0.19565832614898682,0.1077304824790238,3.372786521911621,1.2614696025848389,True,none
drift_medium,1.0,42,0,50,0.14324839413166046,True,0.28127703070640564,0.15563881397247314,True,3.192661762237549,1.076189637184143,True,0.28127703070640564,0.15563881397247314,0.08810110548922884,3.1642606258392334,0.9824438095092773,True,none
drift_medium,1.0,42,0,49,0.15816645324230194,True,0.49628710746765137,0.2984126806259155,True,3.065870761871338,0.9784108400344849,True,0.49628710746765137,0.2984126806259155,0.16187476446807794,3.0511388778686523,0.9943081140518188,True,none
drift_medium,1.0,42,0,48,0.14743572473526,True,0.4883260428905487,0.3440302014350891,True,3.0974879264831543,0.9547991156578064,True,0.4883260428905487,0.3440302014350891,0.15765228290811445,3.0670740604400635,0.8792805671691895,True,none
drift_medium,1.0,42,0,47,0.08987028151750565,True,0.2174961119890213,0.102367103099823,True,3.0231175422668457,0.9565021395683289,True,0.2174961119890213,0.102367103099823,0.07194431210433938,2.99322247505188,0.9480140805244446,True,none
drift_medium,1.0,42,0,46,0.09290185570716858,True,0.17076413333415985,0.0988539606332779,True,2.928173065185547,1.0711863040924072,True,0.17076413333415985,0.0988539606332779,0.05831763681061006,2.8848133087158203,1.0443694591522217,True,none
drift_medium,1.0,42,0,45,0.09065160155296326,True,0.3012250065803528,0.16981947422027588,True,2.870772123336792,1.0995196104049683,True,0.3012250065803528,0.16981947422027588,0.10492821918241431,2.843559980392456,1.072560429573059,True,none
drift_medium,1.0,42,0,44,0.10021854937076569,True,0.3889412581920624,0.27264106273651123,True,2.8644940853118896,1.0423475503921509,True,0.3889412581920624,0.27264106273651123,0.13578008772518663,2.8539459705352783,1.0427782535552979,True,none
drift_medium,1.0,42,0,43,0.17752042412757874,True,0.6226141452789307,0.38592201471328735,True,2.6765763759613037,0.9145765900611877,True,0.6226141452789307,0.38592201471328735,0.2326158711070158,2.694580554962158,0.881344199180603,True,none
drift_medium,1.0,42,0,42,0.21985992789268494,True,0.9087490439414978,0.5465319156646729,True,2.4679946899414062,0.8976540565490723,True,0.9087490439414978,0.5465319156646729,0.36821353289163866,2.480712413787842,0.9327819347381592,True,none
drift_medium,1.0,42,0,41,0.2896423935890198,True,0.7209105491638184,0.43442225456237793,True,2.3582260608673096,0.8085007667541504,True,0.7209105491638184,0.43442225456237793,0.30570035719916344,2.3129496574401855,0.8341561555862427,True,none
drift_medium,1.0,42,0,40,0.13812921941280365,True,0.5561783909797668,0.28610873222351074,True,2.3749663829803467,0.8870171904563904,True,0.5561783909797668,0.28610873222351074,0.23418368991041635,2.448699951171875,0.9449318647384644,True,none
drift_medium,1.0,42,0,39,0.11372916400432587,True,0.39742693305015564,0.2303863763809204,True,2.419832944869995,0.8683820962905884,True,0.39742693305015564,0.2303863763809204,0.16423734286803962,2.371004104614258,0.8840007781982422,True,none
drift_medium,1.0,42,0,38,0.14968913793563843,True,0.6854557991027832,0.36418038606643677,True,2.321208953857422,0.7421098947525024,True,0.6854557991027832,0.36418038606643677,0.2953012041261458,2.15503191947937,0.7358643412590027,True,none
drift_medium,1.0,42,0,37,0.08786062151193619,True,0.2931976914405823,0.12589427828788757,True,2.1621220111846924,0.6884881258010864,True,0.2931976914405823,0.12589427828788757,0.1356064504795429,2.1633737087249756,0.6658376455307007,True,none
drift_medium,1.0,42,0,36,0.1073131337761879,True,0.5034729242324829,0.3092990517616272,True,2.1351118087768555,0.750887393951416,True,0.5034729242324829,0.3092990517616272,0.23580635082556745,2.1851022243499756,0.767757773399353,True,none
drift_medium,1.0,42,0,35,0.3322850167751312,True,1.380746603012085,0.9522271156311035,True,1.961724877357483,0.7890491485595703,True,1.380746603012085,0.9522271156311035,0.7038431428117986,2.227123498916626,0.925198495388031,True,none
drift_medium,1.0,42,0,34,1.4863696098327637,True,2.8332648277282715,2.029951572418213,True,2.1842243671417236,0.899400532245636,True,2.8332648277282715,2.029951572418213,1.2971491712797734,2.7489936351776123,1.318106770515442,True,none
drift_medium,1.0,42,0,33,4.275296211242676,True,5.2008867263793945,3.4815235137939453,True,2.675934076309204,1.2366976737976074,True,5.2008867263793945,3.4815235137939453,1.943578047165796,4.172688007354736,2.244825839996338,True,none
drift_medium,1.0,42,0,32,6.171871185302734,True,6.858622074127197,4.524847507476807,True,4.025015354156494,2.1822285652160645,True,6.858622074127197,4.524847507476807,1.703998984014516,6.398676872253418,2.541964054107666,True,none
drift_medium,1.0,42,0,31,25.34783935546875,True,18.829357147216797,14.019132614135742,True,6.151870250701904,2.365013360977173,True,18.829357147216797,14.019132614135742,3.060753296132242,17.32098388671875,11.701634407043457,True,none
drift_medium,1.0,42,0,30,412.72479248046875,True,79.31898498535156,49.76726150512695,True,16.840654373168945,11.373883247375488,True,79.31898498535156,49.76726150512695,4.7099704814155166,68.63697052001953,38.39337921142578,True,none
drift_medium,1.0,42,0,29,5633.34326171875,True,391.9797668457031,265.38653564453125,True,66.60844421386719,37.30237579345703,True,391.9797668457031,265.38653564453125,5.884835946432316,366.5462951660156,247.68603515625,True,none
drift_medium,1.0,42,0,28,155856.875,True,1728.997314453125,1274.67529296875,True,358.5499572753906,241.40155029296875,True,1728.997314453125,1274.67529296875,4.822193614501349,1582.947998046875,1124.4183349609375,True,none
drift_medium,1.0,42,0,27,7839549.0,True,12840.3876953125,9999.521484375,True,1528.896484375,1092.87744140625,True,12840.3876953125,9999.521484375,8.39846767033514,11701.3359375,9449.5048828125,True,none
drift_medium,1.0,42,0,26,284998784.0,True,79069.7109375,42314.5,True,11295.5712890625,9142.3076171875,True,79069.7109375,42314.5,7.00006302594568,72729.953125,38675.3046875,True,none
drift_medium,1.0,42,0,25,17201180672.0,True,635584.6875,409499.5625,True,69679.4140625,37493.46875,True,635584.6875,409499.5625,9.121556144687192,585544.0,372006.09375,True,none
drift_medium,1.0,42,0,24,1173096235008.0,True,4903099.0,2656960.75,True,566991.6875,362495.90625,True,4903099.0,2656960.75,8.647567694720392,4453278.0,2294464.75,True,none
drift_medium,1.0,42,0,23,82510029520896.0,True,43734484.0,26519034.0,True,4300636.5,2229196.5,True,43734484.0,26519034.0,10.169304938931713,40165928.0,24289838.0,True,none
drift_medium,1.0,42,0,22,8386970006847488.0,True,488923200.0,232441440.0,True,38656124.0,23624494.0,True,488923200.0,232441440.0,12.648014063696609,456466208.0,217882528.0,True,none
drift_medium,1.0,42,0,21,1.05689565659503e+18,True,6053723648.0,3279348224.0,True,437741376.0,209098976.0,True,6053723648.0,3279348224.0,13.829452685779469,5727128064.0,3075945984.0,True,none
drift_medium,1.0,42,0,20,2.1253097090417112e+20,True,85737889792.0,37024817152.0,True,5500133376.0,2977328384.0,True,85737889792.0,37024817152.0,15.588329215091383,81053155328.0,35273760768.0,True,none
drift_medium,1.0,42,0,19,4.97243020325928e+22,True,1340580954112.0,712699740160.0,True,77011910656.0,33874851840.0,True,1340580954112.0,712699740160.0,17.407449609972186,1270527033344.0,683434311680.0,True,none
drift_medium,1.0,42,0,18,1.3879932066084471e+25,True,23601921130496.0,9843109789696.0,True,1212160278528.0,662814261248.0,True,23601921130496.0,9843109789696.0,19.470957387877164,22488069177344.0,9180295462912.0,True,none
drift_medium,1.0,42,0,17,4.8044807621612137e+27,True,454798549712896.0,196222862229504.0,True,21329518526464.0,8826808958976.0,True,454798549712896.0,196222862229504.0,21.322494886540337,434844500754432.0,189964776112128.0,True,none
drift_medium,1.0,42,0,16,2.023965473311518e+30,True,1.013525308768256e+16,4030224169697280.0,True,414499676880896.0,181411583623168.0,True,1.013525308768256e+16,4030224169697280.0,24.45177560559321,9757197181386752.0,3887601996005376.0,True,none
drift_medium,1.0,42,0,15,1.1253743062556656e+33,True,2.3907739602675302e+17,1.0210669706923213e+17,True,9252411822571520.0,3729234740641792.0,True,2.3907739602675302e+17,1.0210669706923213e+17,25.83946765572161,2.3017152364045926e+17,9.886603257525043e+16,True,none
drift_medium,1.0,42,0,14,7.171151736078353e+35,True,6.575519888507404e+18,2.5597548786834473e+18,True,2.1907819005057434e+17,9.456663287300096e+16,True,6.575519888507404e+18,2.5597548786834473e+18,30.014488831542025,6.36860444454368e+18,2.488522468122165e+18,True,none
drift_medium,1.0,42,0,13,,False,,,False,6.036883985466917e+18,2.3834094313846866e+18,True,,,,,,False,likelihood_loss
drift_medium,1.0,42,1,99,0.9333017468452454,True,1.0427473783493042,0.4261782169342041,True,6.624917507171631,2.3194265365600586,True,1.0427473783493042,0.4261782169342041,0.15739779057178416,6.069863319396973,2.0508546829223633,True,none
drift_medium,1.0,42,1,98,0.26269397139549255,True,0.37777313590049744,0.15640270709991455,True,5.967647552490234,2.1170241832733154,True,0.37777313590049744,0.15640270709991455,0.06330352665394817,5.815226078033447,1.9892656803131104,True,none
drift_medium,1.0,42,1,97,0.256772518157959,True,0.3550162613391876,0.16959607601165771,True,5.747758865356445,2.0302069187164307,True,0.3550162613391876,0.16959607601165771,0.06176603257991924,5.654288291931152,2.0025548934936523,True,none
drift_medium,1.0,42,1,96,0.09803793579339981,True,0.19482548534870148,0.09439176321029663,True,5.617742538452148,2.1846156120300293,True,0.19482548534870148,0.09439176321029663,0.0346803870086839,5.631280899047852,2.220705270767212,True,none
drift_medium,1.0,42,1,95,0.14603915810585022,True,0.41222673654556274,0.2608833312988281,True,5.465054512023926,2.007655620574951,True,0.41222673654556274,0.2608833312988281,0.07542957451541017,5.369060516357422,1.9932137727737427,True,none
drift_medium,1.0,42,1,94,0.17887051403522491,True,0.4064154326915741,0.21992146968841553,True,5.350185871124268,1.9524568319320679,True,0.4064154326915741,0.21992146968841553,0.07596286231567793,5.454214572906494,1.9792929887771606,True,none
drift_medium,1.0,42,1,93,0.13120844960212708,True,0.21938273310661316,0.07617062330245972,True,5.3020453453063965,1.845612645149231,True,0.21938273310661316,0.07617062330245972,0.04137700053825059,5.317802906036377,1.7984426021575928,True,none
drift_medium,1.0,42,1,92,0.2628646492958069,True,0.4823679029941559,0.2725210189819336,True,5.196930885314941,1.9824717044830322,True,0.4823679029941559,0.2725210189819336,0.09281784069076202,5.027073383331299,1.9475992918014526,True,none
drift_medium,1.0,42,1,91,0.08277247846126556,True,0.0855473205447197,0.04605168104171753,True,5.017317771911621,2.085890293121338,True,0.0855473205447197,0.04605168104171753,0.017050409089817073,4.978771686553955,2.063917636871338,True,none
drift_medium,1.0,42,1,90,0.1549648493528366,True,0.2677302062511444,0.12924158573150635,True,4.883379936218262,2.062962770462036,True,0.2677302062511444,0.12924158573150635,0.05482477500172197,4.998249530792236,2.0577335357666016,True,none
drift_medium,1.0,42,1,89,0.07524507492780685,True,0.11486435681581497,0.04835498332977295,True,4.85080099105835,2.063523769378662,True,0.11486435681581497,0.04835498332977295,0.023679461810023696,4.864114761352539,2.0585179328918457,True,none
drift_medium,1.0,42,1,88,0.08961120992898941,True,0.1091611459851265,0.08044135570526123,True,4.719472885131836,2.0300443172454834,True,0.1091611459851265,0.08044135570526123,0.02312994451753355,4.672273635864258,2.001267910003662,True,none
drift_medium,1.0,42,1,87,0.07850242406129837,True,0.09861964732408524,0.06263643503189087,True,4.64362907409668,2.123883008956909,True,0.09861964732408524,0.06263643503189087,0.021237623796049723,4.65982723236084,2.1126461029052734,True,none
drift_medium,1.0,42,1,86,0.09434746205806732,True,0.11194047331809998,0.05910933017730713,True,4.405498027801514,1.9907221794128418,True,0.11194047331809998,0.05910933017730713,0.025409266469229697,4.421037197113037,1.971804141998291,True,none
drift_medium,1.0,42,1,85,0.07868465036153793,True,0.08246064186096191,0.03373637795448303,True,4.610836029052734,1.9678417444229126,True,0.08246064186096191,0.03373637795448303,0.017884097665013914,4.585944175720215,1.9506170749664307,True,none
drift_medium,1.0,42,1,84,0.09965121746063232,True,0.08449632674455643,0.04635074734687805,True,4.46428108215332,2.007362127304077,True,0.08449632674455643,0.04635074734687805,0.01892719682959147,4.423666000366211,1.9799705743789673,True,none
drift_medium,1.0,42,1,83,0.13811659812927246,True,0.2176455706357956,0.09665144234895706,True,4.47756814956665,2.173887252807617,True,0.2176455706357956,0.09665144234895706,0.04860798615802447,4.380679607391357,2.131669759750366,True,none
drift_medium,1.0,42,1,82,0.1000843495130539,True,0.18837064504623413,0.08870947360992432,True,4.579052925109863,2.0666720867156982,True,0.18837064504623413,0.08870947360992432,0.041137468408202225,4.542320251464844,2.044987440109253,True,none
drift_medium,1.0,42,1,81,0.11101043224334717,True,0.12128917127847672,0.051489055156707764,True,4.584985733032227,1.9250752925872803,True,0.12128917127847672,0.051489055156707764,0.0264535547852702,4.584388256072998,1.911040186882019,True,none
drift_medium,1.0,42,1,80,0.10650839656591415,True,0.1390925645828247,0.08805727958679199,True,4.674725532531738,1.963608741760254,True,0.1390925645828247,0.08805727958679199,0.029754167087423674,4.670130252838135,1.9443614482879639,True,none
drift_medium,1.0,42,1,79,0.1212209016084671,True,0.11028482019901276,0.06276702880859375,True,4.5765252113342285,1.7441068887710571,True,0.11028482019901276,0.06276702880859375,0.024097937869075235,4.537136077880859,1.7413978576660156,True,none
drift_medium,1.0,42,1,78,0.09637119621038437,True,0.06804817914962769,0.024337923154234886,True,4.335864543914795,1.5860813856124878,True,0.06804817914962769,0.024337923154234886,0.015694258540690523,4.32388162612915,1.5669145584106445,True,none
drift_medium,1.0,42,1,77,0.0952179878950119,True,0.15649113059043884,0.06488037109375,True,4.398499011993408,1.5531672239303589,True,0.15649113059043884,0.06488037109375,0.03557830299920454,4.410857200622559,1.5356063842773438,True,none
drift_medium,1.0,42,1,76,0.1214367151260376,True,0.1855386346578598,0.06552833318710327,True,4.4668755531311035,1.5516823530197144,True,0.1855386346578598,0.06552833318710327,0.041536557813383224,4.448706150054932,1.489081621170044,True,none
drift_medium,1.0,42,1,75,0.1004265546798706,True,0.08383507281541824,0.030172348022460938,True,4.26765775680542,1.4066822528839111,True,0.08383507281541824,0.030172348022460938,0.019644282084642566,4.267619609832764,1.4113686084747314,True,none
drift_medium,1.0,42,1,74,0.09916917234659195,True,0.06076110526919365,0.028079628944396973,True,4.220590591430664,1.5146727561950684,True,0.06076110526919365,0.028079628944396973,0.01439635139986011,4.208639621734619,1.5084021091461182,True,none
drift_medium,1.0,42,1,73,0.10774508863687515,True,0.17330101132392883,0.08090126514434814,True,4.106301307678223,1.5092647075653076,True,0.17330101132392883,0.08090126514434814,0.042203676335157723,4.026823997497559,1.5146335363388062,True,none
drift_medium,1.0,42,1,72,0.08891171216964722,True,0.09349776804447174,0.04012817144393921,True,3.934783458709717,1.6278637647628784,True,0.09349776804447174,0.04012817144393921,0.023761858568732395,3.8978946208953857,1.6087238788604736,True,none
drift_medium,1.0,42,1,71,0.09525959938764572,True,0.1681603342294693,0.06935262680053711,True,3.968665838241577,1.6040010452270508,True,0.1681603342294693,0.06935262680053711,0.042372006382864126,3.9222960472106934,1.579188585281372,True,none
drift_medium,1.0,42,1,70,0.09271484613418579,True,0.09628241509199142,0.06742316484451294,True,3.9070863723754883,1.6093121767044067,True,0.09628241509199142,0.06742316484451294,0.024643021913392606,3.8866028785705566,1.5711417198181152,True,none
drift_medium,1.0,42,1,69,0.0948275625705719,True,0.16836468875408173,0.08390682935714722,True,3.875544786453247,1.560477375984192,True,0.16836468875408173,0.08390682935714722,0.04344284430476659,3.7944259643554688,1.4765706062316895,True,none
drift_medium,1.0,42,1,68,0.07400519400835037,True,0.0639883428812027,0.023592516779899597,True,3.8604965209960938,1.4644758701324463,True,0.0639883428812027,0.023592516779899597,0.0165751587996965,3.848496913909912,1.477015733718872,True,none
drift_medium,1.0,42,1,67,0.08954373002052307,True,0.15234701335430145,0.06749182939529419,True,3.918314218521118,1.4394384622573853,True,0.15234701335430145,0.06749182939529419,0.03888075454340734,3.8755686283111572,1.4044678211212158,True,none
drift_medium,1.0,42,1,66,0.10581396520137787,True,0.22671444714069366,0.09701132774353027,True,3.8249590396881104,1.4331059455871582,True,0.22671444714069366,0.09701132774353027,0.05927238560942102,3.8383126258850098,1.4167717695236206,True,none
drift_medium,1.0,42,1,65,0.10953672975301743,True,0.20497533679008484,0.10563796758651733,True,3.9689218997955322,1.4079418182373047,True,0.20497533679008484,0.10563796758651733,0.0516450920338324,3.923170804977417,1.394205927848816,True,none
drift_medium,1.0,42,1,64,0.10361161082983017,True,0.1898415982723236,0.12895286083221436,True,3.9808452129364014,1.505491852760315,True,0.1898415982723236,0.12895286083221436,0.04768876661050645,3.9398536682128906,1.4943811893463135,True,none
drift_medium,1.0,42,1,63,0.08953732252120972,True,0.1425057053565979,0.07167607545852661,True,3.7959914207458496,1.5489665269851685,True,0.1425057053565979,0.07167607545852661,0.037541103116761086,3.7353157997131348,1.5211995840072632,True,none
drift_medium,1.0,42,1,62,0.11861944198608398,True,0.2594453990459442,0.11032649874687195,True,3.739093542098999,1.5544534921646118,True,0.2594453990459442,0.11032649874687195,0.06938724482945967,3.7485415935516357,1.5233319997787476,True,none
drift_medium,1.0,42,1,61,0.0796760693192482,True,0.0778270810842514,0.03600524365901947,True,3.5338237285614014,1.4914106130599976,True,0.0778270810842514,0.03600524365901947,0.0220234757198578,3.5101802349090576,1.4565098285675049,True,none
drift_medium,1.0,42,1,60,0.12530459463596344,True,0.22636692225933075,0.15425938367843628,True,3.6168181896209717,1.604493498802185,True,0.22636692225933075,0.15425938367843628,0.06258731027975463,3.6385788917541504,1.5875803232192993,True,none
drift_medium,1.0,42,1,59,0.1026787981390953,True,0.2429310381412506,0.11862915754318237,True,3.5089833736419678,1.5904672145843506,True,0.2429310381412506,0.11862915754318237,0.0692311738966844,3.473398208618164,1.5478614568710327,True,none
drift_medium,1.0,42,1,58,0.07873715460300446,True,0.10828602313995361,0.06553485989570618,True,3.508859395980835,1.407456874847412,True,0.10828602313995361,0.06553485989570618,0.03086074730265829,3.4817965030670166,1.3856604099273682,True,none
drift_medium,1.0,42,1,57,0.09224952757358551,True,0.14869524538516998,0.08266544342041016,True,3.5773115158081055,1.401713490486145,True,0.14869524538516998,0.08266544342041016,0.0415661998481389,3.53711199760437,1.3923331499099731,True,none
drift_medium,1.0,42,1,56,0.2547244429588318,True,0.5283108949661255,0.33509325981140137,True,3.4532761573791504,1.3742491006851196,True,0.5283108949661255,0.33509325981140137,0.15298831338381344,3.4478883743286133,1.3789790868759155,True,none
drift_medium,1.0,42,1,55,0.13691067695617676,True,0.2312909960746765,0.08529826998710632,True,3.3653645515441895,1.470137119293213,True,0.2312909960746765,0.08529826998710632,0.06872687714276911,3.315448760986328,1.466921091079712,True,none
drift_medium,1.0,42,1,54,0.11518986523151398,True,0.20451635122299194,0.09509944915771484,True,3.2619550228118896,1.3993046283721924,True,0.20451635122299194,0.09509944915771484,0.06269747736945522,3.250673770904541,1.4089399576187134,True,none
drift_medium,1.0,42,1,53,0.12939301133155823,True,0.28855761885643005,0.14469867944717407,True,3.418370246887207,1.4668604135513306,True,0.28855761885643005,0.14469867944717407,0.08441379897894569,3.4736557006835938,1.4798203706741333,True,none
drift_medium,1.0,42,1,52,0.11871274560689926,True,0.21726560592651367,0.11417865753173828,True,3.5782761573791504,1.3448835611343384,True,0.21726560592651367,0.11417865753173828,0.06071795366559566,3.5232856273651123,1.3363838195800781,True,none
drift_medium,1.0,42,1,51,0.13258075714111328,True,0.3523506820201874,0.1560889482498169,True,3.434774398803711,1.4293807744979858,True,0.3523506820201874,0.1560889482498169,0.10258335515217655,3.364987373352051,1.42697012424469,True,none
drift_medium,1.0,42,1,50,0.10562968254089355,True,0.26521050930023193,0.12321162223815918,True,3.190389394760132,1.217716932296753,True,0.26521050930023193,0.12321162223815918,0.08312794348418041,3.2482542991638184,1.2268327474594116,True,none
drift_medium,1.0,42,1,49,0.1181270107626915,True,0.3302886486053467,0.1660388708114624,True,3.1201746463775635,1.1970490217208862,True,0.3302886486053467,0.1660388708114624,0.10585582091973499,3.1030349731445312,1.1982498168945312,True,none
drift_medium,1.0,42,1,48,0.09099608659744263,True,0.15811499953269958,0.08645331859588623,True,3.1078336238861084,1.1397628784179688,True,0.15811499953269958,0.08645331859588623,0.05087627545999003,3.09222149848938,1.13978910446167,True,none
drift_medium,1.0,42,1,47,0.09575573354959488,True,0.1620536744594574,0.06743249297142029,True,3.082944393157959,1.1713324785232544,True,0.1620536744594574,0.06743249297142029,0.05256457911438618,3.04266357421875,1.1689435243606567,True,none
drift_medium,1.0,42,1,46,0.07239289581775665,True,0.09381142258644104,0.0430351197719574,True,3.0313451290130615,1.1583243608474731,True,0.09381142258644104,0.0430351197719574,0.030947126966355362,3.0176589488983154,1.1596636772155762,True,none
drift_medium,1.0,42,1,45,0.07342583686113358,True,0.1467241644859314,0.06826534867286682,True,3.006747245788574,1.3971140384674072,True,0.1467241644859314,0.06826534867286682,0.048798303446155315,2.973860740661621,1.3956921100616455,True,none
drift_medium,1.0,42,1,44,0.06025946885347366,True,0.14896130561828613,0.057096660137176514,True,2.9589240550994873,1.3331873416900635,True,0.14896130561828613,0.057096660137176514,0.050343064858833386,2.9678633213043213,1.3356401920318604,True,none
drift_medium,1.0,42,1,43,0.06852302700281143,True,0.13859248161315918,0.07167692482471466,True,2.800872564315796,1.2081551551818848,True,0.13859248161315918,0.07167692482471466,0.049481894813363424,2.781338691711426,1.2017405033111572,True,none
drift_medium,1.0,42,1,42,0.06528294086456299,True,0.17135213315486908,0.08736398816108704,True,2.619882583618164,1.2191643714904785,True,0.17135213315486908,0.08736398816108704,0.06540450867006392,2.645672082901001,1.217570185661316,True,none
drift_medium,1.0,42,1,41,0.10415707528591156,True,0.5847688317298889,0.257387638092041,True,2.5307657718658447,1.0344692468643188,True,0.5847688317298889,0.257387638092041,0.23106398791640378,2.4590773582458496,1.021103024482727,True,none
drift_medium,1.0,42,1,40,0.06658083200454712,True,0.2550197243690491,0.16490626335144043,True,2.513279438018799,1.1240137815475464,True,0.2550197243690491,0.16490626335144043,0.10146890970865456,2.5079846382141113,1.1303601264953613,True,none
drift_medium,1.0,42,1,39,0.04976268857717514,True,0.11112169921398163,0.053036779165267944,True,2.435715436935425,1.0214207172393799,True,0.11112169921398163,0.053036779165267944,0.045621790431212034,2.3957302570343018,1.0103785991668701,True,none
drift_medium,1.0,42,1,38,0.08678582310676575,True,0.4204760193824768,0.1639135479927063,True,2.350074291229248,0.8797492980957031,True,0.4204760193824768,0.1639135479927063,0.17892030943513723,2.41678786277771,0.8778861165046692,True,none
drift_medium,1.0,42,1,37,0.08393194526433945,True,0.33974072337150574,0.19534730911254883,True,2.441960573196411,0.9403918981552124,True,0.33974072337150574,0.19534730911254883,0.13912621157788066,2.3699941635131836,0.9310534596443176,True,none
drift_medium,1.0,42,1,36,0.08837508410215378,True,0.3846457898616791,0.16887551546096802,True,2.343315839767456,0.9440210461616516,True,0.3846457898616791,0.16887551546096802,0.16414594368110705,2.2459864616394043,0.9313752055168152,True,none
drift_medium,1.0,42,1,35,0.0560983344912529,True,0.19420629739761353,0.09550473093986511,True,2.081491231918335,0.8448538184165955,True,0.19420629739761353,0.09550473093986511,0.09330152076525283,2.0700368881225586,0.8289543390274048,True,none
drift_medium,1.0,42,1,34,0.027875080704689026,True,0.12306903302669525,0.05244804918766022,True,1.9672520160675049,0.6924070715904236,True,0.12306903302669525,0.05244804918766022,0.06255885469755171,1.9777625799179077,0.6894351840019226,True,none
drift_medium,1.0,42,1,33,0.05914599448442459,True,0.46255677938461304,0.229814350605011,True,1.8963661193847656,0.7564148306846619,True,0.46255677938461304,0.229814350605011,0.24391744540048813,1.8571467399597168,0.7158329486846924,True,none
drift_medium,1.0,42,1,32,0.10950885713100433,True,0.6025721430778503,0.23421335220336914,True,1.8633368015289307,0.7315697073936462,True,0.6025721430778503,0.23421335220336914,0.3233833746980665,1.9063432216644287,0.7696971297264099,True,none
drift_medium,1.0,42,1,31,0.14862707257270813,True,0.7048556804656982,0.32100415229797363,True,1.7661106586456299,0.6206552982330322,True,0.7048556804656982,0.32100415229797363,0.39910051899342985,1.8429648876190186,0.5763018727302551,True,none
drift_medium,1.0,42,1,30,0.3784239590167999,True,1.6076107025146484,0.7711730003356934,True,1.8178880214691162,0.6119600534439087,True,1.6076107025146484,0.7711730003356934,0.8843287834718127,2.253770589828491,1.0276936292648315,True,none
drift_medium,1.0,42,1,29,2.107851505279541,True,4.251580238342285,2.4747471809387207,True,2.237461805343628,1.054075002670288,True,4.251580238342285,2.4747471809387207,1.900180029078722,3.9527604579925537,1.7587380409240723,True,none
drift_medium,1.0,42,1,28,11.4410400390625,True,12.927254676818848,7.061342239379883,True,3.722429037094116,1.6983845233917236,True,12.927254676818848,7.061342239379883,3.4728008373013686,11.134565353393555,5.534507751464844,True,none
drift_medium,1.0,42,1,27,159.33468627929688,True,45.56687927246094,27.684595108032227,True,10.682320594787598,5.422623157501221,True,45.56687927246094,27.684595108032227,4.265634874756603,40.938514709472656,22.261972427368164,True,none
drift_medium,1.0,42,1,26,3568.815185546875,True,242.38775634765625,140.21514892578125,True,39.567264556884766,21.47461700439453,True,242.38775634765625,140.21514892578125,6.125966984631346,212.67425537109375,118.74053192138672,True,none
drift_medium,1.0,42,1,25,150705.40625,True,1964.5218505859375,1057.7269287109375,True,204.80418395996094,114.8468246459961,True,1964.5218505859375,1057.7269287109375,9.59219588487504,1819.4722900390625,986.6487426757812,True,none
drift_medium,1.0,42,1,24,8237049.5,True,13388.453125,7544.93115234375,True,1763.3167724609375,957.431884765625,True,13388.453125,7544.93115234375,7.592766843767197,12266.314453125,6626.775390625,True,none
drift_medium,1.0,42,1,23,644764736.0,True,125369.09375,63170.171875,True,11748.8671875,6404.8642578125,True,125369.09375,63170.171875,10.67073886777648,115687.34375,56765.30859375,True,none
drift_medium,1.0,42,1,22,56446246912.0,True,1129585.125,530892.25,True,111377.1953125,55170.40234375,True,1129585.125,530892.25,10.14197854265078,1035378.5625,475721.84375,True,none
drift_medium,1.0,42,1,21,6792052998144.0,True,15260967.0,6268101.0,True,989138.6875,459596.84375,True,15260967.0,6268101.0,15.428541207473497,14418840.0,5901615.0,True,none
drift_medium,1.0,42,1,20,1220130415575040.0,True,187266960.0,85089136.0,True,13765007.0,5702833.5,True,187266960.0,85089136.0,13.604567000946675,174938016.0,80543696.0,True,none
drift_medium,1.0,42,1,19,2.7781013265658675e+17,True,3563151104.0,1263006976.0,True,167514336.0,77758632.0,True,3563151104.0,1263006976.0,21.270723384534683,3414828800.0,1207551616.0,True,none
drift_medium,1.0,42,1,18,9.231793416314238e+19,True,55973945344.0,19391176704.0,True,3233357056.0,1168688512.0,True,55973945344.0,19391176704.0,17.3114024756813,52856102912.0,18484377600.0,True,none
drift_medium,1.0,42,1,17,3.856786343848067e+22,True,1498931134464.0,495553019904.0,True,50764406784.0,17851035648.0,True,1498931134464.0,495553019904.0,29.527206746291288,1449577152512.0,477701996544.0,True,none
drift_medium,1.0,42,1,16,2.1855185869697013e+25,True,30925352075264.0,11476753448960.0,True,1372448620544.0,456958246912.0,True,30925352075264.0,11476753448960.0,22.532976180198325,29587989856256.0,11036505669632.0,True,none
drift_medium,1.0,42,1,15,1.4149091884618133e+28,True,971778025324544.0,336684298272768.0,True,28427467882496.0,10683258241024.0,True,971778025324544.0,336684298272768.0,34.18447359931445,943828995407872.0,326001036886016.0,True,none
drift_medium,1.0,42,1,14,1.1346636825821778e+31,True,2.448840243072205e+16,9102112663273472.0,True,894198769254400.0,315449308872704.0,True,2.448840243072205e+16,9102112663273472.0,27.385860138390647,2.361096852943667e+16,8803310177878016.0,True,none
drift_medium,1.0,42,1,13,1.0232307285196925e+34,True,8.808026846537974e+17,2.977126675088671e+17,True,2.2668036376887296e+16,8481547871059968.0,True,8.808026846537974e+17,2.977126675088671e+17,38.85659392852741,8.585125603018015e+17,2.8978814361010176e+17,True,none
drift_medium,1.0,42,1,12,1.119860160584961e+37,True,inf,1.0395992391784858e+19,True,8.129992385426883e+17,2.8035931600584704e+17,True,inf,1.0395992391784858e+19,inf,inf,1.0128886932537606e+19,True,none
drift_medium,1.0,42,1,11,,False,,,False,inf,9.770262523440792e+18,True,,,,,,False,likelihood_loss
drift_medium,1.0,42,2,99,0.4676615297794342,True,0.6338174343109131,0.35576915740966797,True,6.6231255531311035,2.327760696411133,True,0.6338174343109131,0.35576915740966797,0.09569763236802573,6.421027660369873,2.15228533744812,True,none
drift_medium,1.0,42,2,98,0.39469265937805176,True,0.628140926361084,0.24176597595214844,True,6.3219475746154785,2.2227790355682373,True,0.628140926361084,0.24176597595214844,0.09935876863059723,6.264369964599609,2.1526436805725098,True,none
drift_medium,1.0,42,2,97,0.5603731274604797,True,0.603463351726532,0.27000856399536133,True,6.200259208679199,2.1983017921447754,True,0.603463351726532,0.27000856399536133,0.09732872956048341,6.260302543640137,2.117082357406616,True,none
drift_medium,1.0,42,2,96,0.1921762228012085,True,0.3078518509864807,0.11348778009414673,True,6.210838317871094,2.150055170059204,True,0.3078518509864807,0.11348778009414673,0.04956687571476734,6.207882404327393,2.1086480617523193,True,none
drift_medium,1.0,42,2,95,0.16961196064949036,True,0.21590282022953033,0.08888477087020874,True,6.067785263061523,2.1879024505615234,True,0.21590282022953033,0.08888477087020874,0.03558181624254781,6.062887191772461,2.1399312019348145,True,none
drift_medium,1.0,42,2,94,0.17871570587158203,True,0.1596403867006302,0.0838620662689209,True,6.060666561126709,2.16778826713562,True,0.1596403867006302,0.0838620662689209,0.02634040086028522,6.051336765289307,2.1451401710510254,True,none
drift_medium,1.0,42,2,93,0.19027180969715118,True,0.3121214210987091,0.1643141508102417,True,5.903334617614746,2.0136053562164307,True,0.3121214210987091,0.1643141508102417,0.052872053054104105,5.877819061279297,1.9667456150054932,True,none
drift_medium,1.0,42,2,92,0.1875838041305542,True,0.24817043542861938,0.11542689800262451,True,5.726775169372559,2.0143210887908936,True,0.24817043542861938,0.11542689800262451,0.043335110614402955,5.6733479499816895,2.0459537506103516,True,none
drift_medium,1.0,42,2,91,0.17698033154010773,True,0.19525958597660065,0.11500868201255798,True,5.640051364898682,1.912283182144165,True,0.19525958597660065,0.11500868201255798,0.03462017867280073,5.631465911865234,1.9228620529174805,True,none
drift_medium,1.0,42,2,90,0.1829729974269867,True,0.25156500935554504,0.1184854507446289,True,5.5694355964660645,1.9236505031585693,True,0.25156500935554504,0.1184854507446289,0.04516885149280184,5.563331127166748,1.9225000143051147,True,none
drift_medium,1.0,42,2,89,0.11503738164901733,True,0.07536720484495163,0.03706058859825134,True,5.405429840087891,1.9293023347854614,True,0.07536720484495163,0.03706058859825134,0.01394286986873781,5.397943019866943,1.931586742401123,True,none
drift_medium,1.0,42,2,88,0.3037208616733551,True,0.5656777620315552,0.21204018592834473,True,5.201900482177734,1.9023683071136475,True,0.5656777620315552,0.21204018592834473,0.10874444137666969,5.233133792877197,1.874617576599121,True,none
drift_medium,1.0,42,2,87,0.18275967240333557,True,0.3281475007534027,0.16350030899047852,True,5.145773410797119,1.9948420524597168,True,0.3281475007534027,0.16350030899047852,0.06377029739879402,5.093689918518066,1.9816409349441528,True,none
drift_medium,1.0,42,2,86,0.10982588678598404,True,0.07698249816894531,0.02533683180809021,True,4.858331203460693,1.9037349224090576,True,0.07698249816894531,0.02533683180809021,0.015845461115144472,4.840052604675293,1.8886617422103882,True,none
drift_medium,1.0,42,2,85,0.13395974040031433,True,0.14551721513271332,0.061845362186431885,True,5.043632984161377,1.935382604598999,True,0.14551721513271332,0.061845362186431885,0.028851666167949794,5.045510292053223,1.9288036823272705,True,none
drift_medium,1.0,42,2,84,0.12914855778217316,True,0.16694951057434082,0.07019412517547607,True,4.855745315551758,1.8883330821990967,True,0.16694951057434082,0.07019412517547607,0.03438185072013728,4.808256149291992,1.8735332489013672,True,none
drift_medium,1.0,42,2,83,0.1790173053741455,True,0.1995478868484497,0.1039496660232544,True,4.8106794357299805,2.063941717147827,True,0.1995478868484497,0.1039496660232544,0.041480187884963174,4.810643672943115,2.062666416168213,True,none
drift_medium,1.0,42,2,82,0.13154394924640656,True,0.09962206333875656,0.040120385587215424,True,4.965742588043213,1.9937533140182495,True,0.09962206333875656,0.040120385587215424,0.020061866190690586,4.94293737411499,1.9944597482681274,True,none
drift_medium,1.0,42,2,81,0.17410819232463837,True,0.09036378562450409,0.04871630668640137,True,4.936485290527344,1.8707584142684937,True,0.09036378562450409,0.04871630668640137,0.018305288136457223,4.906861782073975,1.85848069190979,True,none
drift_medium,1.0,42,2,80,0.22182051837444305,True,0.23002870380878448,0.07812309265136719,True,4.9419074058532715,1.9071812629699707,True,0.23002870380878448,0.07812309265136719,0.04654654264389664,4.95067024230957,1.9193958044052124,True,none
drift_medium,1.0,42,2,79,0.2846810221672058,True,0.33119043707847595,0.12838959693908691,True,4.820776462554932,1.7149392366409302,True,0.33119043707847595,0.12838959693908691,0.06870064182625091,4.781440258026123,1.8212467432022095,True,none
drift_medium,1.0,42,2,78,0.20122067630290985,True,0.17551089823246002,0.11656856536865234,True,4.506102561950684,1.660159707069397,True,0.17551089823246002,0.11656856536865234,0.03894960130611025,4.504464149475098,1.6796555519104004,True,none
drift_medium,1.0,42,2,77,0.15841558575630188,True,0.08984268456697464,0.04591327905654907,True,4.598851203918457,1.6582492589950562,True,0.08984268456697464,0.04591327905654907,0.019535897245469593,4.574108123779297,1.6420286893844604,True,none
drift_medium,1.0,42,2,76,0.1616934835910797,True,0.11930554360151291,0.0438498854637146,True,4.57702112197876,1.6513298749923706,True,0.11930554360151291,0.0438498854637146,0.02606619904561596,4.560831069946289,1.6168129444122314,True,none
drift_medium,1.0,42,2,75,0.16733452677726746,True,0.15632778406143188,0.06048119068145752,True,4.334198474884033,1.4790836572647095,True,0.15632778406143188,0.06048119068145752,0.03606844148169254,4.316436290740967,1.4628183841705322,True,none
drift_medium,1.0,42,2,74,0.15206274390220642,True,0.10812325030565262,0.05322793126106262,True,4.273140907287598,1.4721449613571167,True,0.10812325030565262,0.05322793126106262,0.02530299202659788,4.240117073059082,1.4444382190704346,True,none
drift_medium,1.0,42,2,73,0.17328384518623352,True,0.20817378163337708,0.10160237550735474,True,4.140554428100586,1.6006816625595093,True,0.20817378163337708,0.10160237550735474,0.05027678907455474,4.102710247039795,1.6262184381484985,True,none
drift_medium,1.0,42,2,72,0.15229235589504242,True,0.1293284296989441,0.06244450807571411,True,4.0040459632873535,1.7322694063186646,True,0.1293284296989441,0.06244450807571411,0.03229943684081292,3.9576213359832764,1.6698248386383057,True,none
drift_medium,1.0,42,2,71,0.22283896803855896,True,0.3142256438732147,0.1161888837814331,True,4.0057692527771,1.6595298051834106,True,0.3142256438732147,0.1161888837814331,0.07844327120322557,3.948411226272583,1.5631484985351562,True,none
drift_medium,1.0,42,2,70,0.13633301854133606,True,0.08936350792646408,0.03499552607536316,True,3.9548416137695312,1.5899828672409058,True,0.08936350792646408,0.03499552607536316,0.02259597643943704,3.923860549926758,1.5727221965789795,True,none
drift_medium,1.0,42,2,69,0.14154109358787537,True,0.10750710219144821,0.0625775158405304,True,3.9311296939849854,1.4699956178665161,True,0.10750710219144821,0.0625775158405304,0.02734763555522406,3.926100969314575,1.498826265335083,True,none
drift_medium,1.0,42,2,68,0.15821585059165955,True,0.17322368919849396,0.07843530178070068,True,3.9707391262054443,1.402563452720642,True,0.17322368919849396,0.07843530178070068,0.04362504906334353,3.9449825286865234,1.4312925338745117,True,none
drift_medium,1.0,42,2,67,0.15503451228141785,True,0.10635195672512054,0.037284672260284424,True,4.0822672843933105,1.521654725074768,True,0.10635195672512054,0.037284672260284424,0.02605217868307711,4.038003921508789,1.5102194547653198,True,none
drift_medium,1.0,42,2,66,0.1524207890033722,True,0.09872985631227493,0.03685660660266876,True,3.9948015213012695,1.530629277229309,True,0.09872985631227493,0.03685660660266876,0.02471458363720906,3.9708163738250732,1.5070791244506836,True,none
drift_medium,1.0,42,2,65,0.15548066794872284,True,0.12127280235290527,0.05075347423553467,True,4.06561803817749,1.4907582998275757,True,0.12127280235290527,0.05075347423553467,0.029828872563552197,4.05212926864624,1.459246039390564,True,none
drift_medium,1.0,42,2,64,0.1428573727607727,True,0.08737585693597794,0.03146061301231384,True,4.033951759338379,1.5640037059783936,True,0.08737585693597794,0.03146061301231384,0.021660114485426336,4.018340110778809,1.5396770238876343,True,none
drift_medium,1.0,42,2,63,0.16560304164886475,True,0.10311035811901093,0.03848397731781006,True,3.843817710876465,1.5877963304519653,True,0.10311035811901093,0.03848397731781006,0.026824986478214893,3.8180439472198486,1.5715948343276978,True,none
drift_medium,1.0,42,2,62,0.1417008340358734,True,0.09762632101774216,0.04601666331291199,True,3.776707887649536,1.5982102155685425,True,0.09762632101774216,0.04601666331291199,0.02584958220808409,3.7747786045074463,1.5768338441848755,True,none
drift_medium,1.0,42,2,61,0.13933014869689941,True,0.08627258986234665,0.032612383365631104,True,3.4815540313720703,1.5384572744369507,True,0.08627258986234665,0.032612383365631104,0.0247799083641744,3.479968309402466,1.5128889083862305,True,none
drift_medium,1.0,42,2,60,0.14306160807609558,True,0.13402104377746582,0.0634508728981018,True,3.616997003555298,1.655586838722229,True,0.13402104377746582,0.0634508728981018,0.03705312546449274,3.622462511062622,1.6360878944396973,True,none
drift_medium,1.0,42,2,59,0.14163370430469513,True,0.0960254892706871,0.03602764010429382,True,3.5173914432525635,1.6331168413162231,True,0.0960254892706871,0.03602764010429382,0.027300199827024134,3.4896352291107178,1.603132963180542,True,none
drift_medium,1.0,42,2,58,0.12944039702415466,True,0.10935644060373306,0.04229480028152466,True,3.5472254753112793,1.4561623334884644,True,0.10935644060373306,0.04229480028152466,0.030828725539107683,3.5360798835754395,1.4202094078063965,True,none
drift_medium,1.0,42,2,57,0.15813878178596497,True,0.16867102682590485,0.06457787752151489,True,3.581465005874634,1.43099844455719,True,0.16867102682590485,0.06457787752151489,0.047095539548533544,3.568695545196533,1.4459586143493652,True,none
drift_medium,1.0,42,2,56,0.1503782570362091,True,0.1688281148672104,0.06754666566848755,True,3.499363422393799,1.4215562343597412,True,0.1688281148672104,0.06754666566848755,0.048245379084311396,3.4849562644958496,1.3821744918823242,True,none
drift_medium,1.0,42,2,55,0.16776123642921448,True,0.22587160766124725,0.11466670036315918,True,3.467231512069702,1.473630666732788,True,0.22587160766124725,0.11466670036315918,0.06514465701955739,3.4414145946502686,1.4788256883621216,True,none
drift_medium,1.0,42,2,54,0.14306798577308655,True,0.17021030187606812,0.06766051054000854,True,3.3257572650909424,1.4159140586853027,True,0.17021030187606812,0.06766051054000854,0.05117941217858621,3.3215584754943848,1.4095728397369385,True,none
drift_medium,1.0,42,2,53,0.13941165804862976,True,0.19040639698505402,0.10497629642486572,True,3.447798728942871,1.4738434553146362,True,0.19040639698505402,0.10497629642486572,0.05522549660066127,3.4384844303131104,1.4847530126571655,True,none
drift_medium,1.0,42,2,52,0.11738459765911102,True,0.06750043481588364,0.02367216721177101,True,3.4949371814727783,1.3535988330841064,True,0.06750043481588364,0.02367216721177101,0.01931377627434763,3.476879119873047,1.3546035289764404,True,none
drift_medium,1.0,42,2,51,0.16339825093746185,True,0.23935724794864655,0.14045143127441406,True,3.386552095413208,1.443565845489502,True,0.23935724794864655,0.14045143127441406,0.07067874380930521,3.3586604595184326,1.4273087978363037,True,none
drift_medium,1.0,42,2,50,0.12588730454444885,True,0.19379642605781555,0.0841447114944458,True,3.189296007156372,1.225171446800232,True,0.19379642605781555,0.0841447114944458,0.06076464073039956,3.180769920349121,1.219659686088562,True,none
drift_medium,1.0,42,2,49,0.11354698985815048,True,0.06308546662330627,0.03522282838821411,True,3.0801947116851807,1.1941860914230347,True,0.06308546662330627,0.03522282838821411,0.0204809995887473,3.0641069412231445,1.1933271884918213,True,none
drift_medium,1.0,42,2,48,0.11889934539794922,True,0.07762396335601807,0.02861642837524414,True,3.1265389919281006,1.1417497396469116,True,0.07762396335601807,0.02861642837524414,0.024827441319746162,3.1216306686401367,1.1325379610061646,True,none
drift_medium,1.0,42,2,47,0.1306723654270172,True,0.20638717710971832,0.09351968765258789,True,3.117867946624756,1.1707192659378052,True,0.20638717710971832,0.09351968765258789,0.06619497061544133,3.1021506786346436,1.1597696542739868,True,none
drift_medium,1.0,42,2,46,0.11749458312988281,True,0.1087149977684021,0.04760235548019409,True,3.057298183441162,1.156361699104309,True,0.1087149977684021,0.04760235548019409,0.03555917389974754,3.037838935852051,1.1478068828582764,True,none
drift_medium,1.0,42,2,45,0.12796881794929504,True,0.14949257671833038,0.059685200452804565,True,3.018707036972046,1.3925044536590576,True,0.14949257671833038,0.059685200452804565,0.049522055266492955,3.029700994491577,1.3885661363601685,True,none
drift_medium,1.0,42,2,44,0.11169986426830292,True,0.1519940346479416,0.0919443666934967,True,3.033329486846924,1.3343278169631958,True,0.1519940346479416,0.0919443666934967,0.050107987050851434,2.9907634258270264,1.3148609399795532,True,none
drift_medium,1.0,42,2,43,0.1219562441110611,True,0.18893858790397644,0.08310061693191528,True,2.8473238945007324,1.1946876049041748,True,0.18893858790397644,0.08310061693191528,0.06635654913331866,2.799757242202759,1.188852310180664,True,none
drift_medium,1.0,42,2,42,0.09993302822113037,True,0.12740644812583923,0.05659829080104828,True,2.566538095474243,1.213382363319397,True,0.12740644812583923,0.05659829080104828,0.049641362561675714,2.551981210708618,1.20820152759552,True,none
drift_medium,1.0,42,2,41,0.11294969171285629,True,0.06039709597826004,0.026271313428878784,True,2.3928494453430176,1.0319087505340576,True,0.06039709597826004,0.026271313428878784,0.025240658619697157,2.375370502471924,1.019856572151184,True,none
drift_medium,1.0,42,2,40,0.10357149690389633,True,0.10114730149507523,0.0526638925075531,True,2.4738616943359375,1.1290216445922852,True,0.10114730149507523,0.0526638925075531,0.04088640109777255,2.469181776046753,1.1215585470199585,True,none
drift_medium,1.0,42,2,39,0.12073962390422821,True,0.15066251158714294,0.062074482440948486,True,2.4510669708251953,1.017896294593811,True,0.15066251158714294,0.062074482440948486,0.06146813342124155,2.4114303588867188,1.0080000162124634,True,none
drift_medium,1.0,42,2,38,0.14428123831748962,True,0.30747270584106445,0.14233183860778809,True,2.3930487632751465,0.8824682235717773,True,0.30747270584106445,0.14233183860778809,0.12848576700966438,2.3653924465179443,0.872359037399292,True,none
drift_medium,1.0,42,2,37,0.10941873490810394,True,0.12530581653118134,0.05721672624349594,True,2.3701322078704834,0.9475042223930359,True,0.12530581653118134,0.05721672624349594,0.05286870332170763,2.3571465015411377,0.9468207955360413,True,none
drift_medium,1.0,42,2,36,0.12243016809225082,True,0.2258441299200058,0.14490321278572083,True,2.346761465072632,0.9651390910148621,True,0.2258441299200058,0.14490321278572083,0.09623650860183172,2.309760332107544,0.9557969570159912,True,none
drift_medium,1.0,42,2,35,0.15407802164554596,True,0.32518285512924194,0.14044147729873657,True,2.1575613021850586,0.8759217858314514,True,0.32518285512924194,0.14044147729873657,0.15071778252593057,2.1613283157348633,0.8792146444320679,True,none
drift_medium,1.0,42,2,34,0.11420327425003052,True,0.19725555181503296,0.10648983716964722,True,2.0753021240234375,0.8078444004058838,True,0.19725555181503296,0.10648983716964722,0.09504907720737735,2.0634970664978027,0.8156295418739319,True,none
drift_medium,1.0,42,2,33,0.11619523912668228,True,0.22944243252277374,0.12541040778160095,True,1.985975742340088,0.8040613532066345,True,0.22944243252277374,0.12541040778160095,0.11553133687942468,1.9730829000473022,0.7998291254043579,True,none
drift_medium,1.0,42,2,32,0.13375091552734375,True,0.35562583804130554,0.17700272798538208,True,2.0453126430511475,0.8181137442588806,True,0.35562583804130554,0.17700272798538208,0.17387358321445553,2.102067470550537,0.8912942409515381,True,none
drift_medium,1.0,42,2,31,0.12290730327367783,True,0.27925655245780945,0.12547117471694946,True,1.9441230297088623,0.7401202917098999,True,0.27925655245780945,0.12547117471694946,0.14364139933031153,1.895848035812378,0.7129666209220886,True,none
drift_medium,1.0,42,2,30,0.11267808824777603,True,0.4197409451007843,0.1546313762664795,True,1.8439860343933105,0.7092187404632568,True,0.4197409451007843,0.1546313762664795,0.227626965319537,1.8105388879776,0.6931353807449341,True,none
drift_medium,1.0,42,2,29,0.2847382426261902,True,1.010298252105713,0.3865065574645996,True,1.8589205741882324,0.6846811175346375,True,1.010298252105713,0.3865065574645996,0.5434865083175241,1.9364712238311768,0.7430342435836792,True,none
drift_medium,1.0,42,2,28,0.3986889719963074,True,1.169060468673706,0.5034986734390259,True,1.9843052625656128,0.7603268027305603,True,1.169060468673706,0.5034986734390259,0.5891535393912009,1.854173183441162,0.7321452498435974,True,none
drift_medium,1.0,42,2,27,0.5163777470588684,True,1.6086562871932983,0.8243918418884277,True,1.7505286931991577,0.7287510633468628,True,1.6086562871932983,0.8243918418884277,0.9189545383871993,2.0314478874206543,0.7145256996154785,True,none
drift_medium,1.0,42,2,26,0.7090630531311035,True,1.9818764925003052,1.0695407390594482,True,2.0041444301605225,0.6783082485198975,True,1.9818764925003052,1.0695407390594482,0.9888890554362778,2.1654469966888428,0.7975622415542603,True,none
drift_medium,1.0,42,2,25,2.9336771965026855,True,5.394698143005371,2.205749034881592,True,2.061176061630249,0.6609696745872498,True,5.394698143005371,2.205749034881592,2.6172912850229384,4.782134532928467,2.2888169288635254,True,none
drift_medium,1.0,42,2,24,33.900657653808594,True,24.364627838134766,14.044503211975098,True,4.558396816253662,2.187485456466675,True,24.364627838134766,14.044503211975098,5.344999310120086,20.95264434814453,12.164578437805176,True,none
drift_medium,1.0,42,2,23,1327.8203125,True,175.7383270263672,99.22761535644531,True,20.191097259521484,11.832979202270508,True,175.7383270263672,99.22761535644531,8.703753182283634,161.94029235839844,91.09040069580078,True,none
drift_medium,1.0,42,2,22,109864.515625,True,1766.5146484375,1006.2617797851562,True,155.77490234375,87.80184173583984,True,1766.5146484375,1006.2617797851562,11.340174969516614,1646.4937744140625,946.16357421875,True,none
drift_medium,1.0,42,2,21,13845162.0,True,21750.46484375,11739.470703125,True,1579.9178466796875,913.6263427734375,True,21750.46484375,11739.470703125,13.766832806819782,20556.630859375,11047.21484375,True,none
drift_medium,1.0,42,2,20,2819732992.0,True,323942.375,135640.96875,True,19707.873046875,10716.3955078125,True,323942.375,135640.96875,16.437206299711082,307536.15625,124924.5703125,True,none
drift_medium,1.0,42,2,19,732045836288.0,True,5100999.0,2186760.0,True,291478.03125,120069.5546875,True,5100999.0,2186760.0,17.500457849685713,4830216.5,2095855.0,True,none
drift_medium,1.0,42,2,18,217641528590336.0,True,99243176.0,42276184.0,True,4610991.5,2000654.5,True,99243176.0,42276184.0,21.523174787895403,95089184.0,40538448.0,True,none
drift_medium,1.0,42,2,17,8.975973983505613e+16,True,2025724032.0,856782720.0,True,90129928.0,38891092.0,True,2025724032.0,856782720.0,22.475598027771643,1942044672.0,832059520.0,True,none
drift_medium,1.0,42,2,16,4.158265894927912e+19,True,47418851328.0,19620710400.0,True,1850634112.0,797590848.0,True,47418851328.0,19620710400.0,25.623028896162484,45759033344.0,19099940864.0,True,none
drift_medium,1.0,42,2,15,2.5510543261848186e+22,True,1171579600896.0,481850523648.0,True,43416776704.0,18404630528.0,True,1171579600896.0,481850523648.0,26.98449055496241,1130419978240.0,469019394048.0,True,none
drift_medium,1.0,42,2,14,1.8518077633042586e+25,True,33586751209472.0,13978245791744.0,True,1074835226624.0,446986289152.0,True,33586751209472.0,13978245791744.0,31.248279157137592,32539376877568.0,13570691563520.0,True,none
drift_medium,1.0,42,2,13,1.5923933117032033e+28,True,1002562203418624.0,412343099981824.0,True,30824818802688.0,13076276445184.0,True,1002562203418624.0,412343099981824.0,32.52451246627273,972519376945152.0,401589810495488.0,True,none
drift_medium,1.0,42,2,12,1.601188760834373e+31,True,3.397771176443904e+16,1.2948555450810368e+16,True,923679827427328.0,382892207243264.0,True,3.397771176443904e+16,1.2948555450810368e+16,36.78516164965429,3.3082977734885376e+16,1.2649798599442432e+16,True,none
drift_medium,1.0,42,2,11,1.9444429421958807e+34,True,1.1928013411020964e+18,4.366903875039396e+17,True,3.131368313716736e+16,1.2171965234151424e+16,True,1.1928013411020964e+18,4.366903875039396e+17,38.092016703276805,1.161972959204606e+18,4.269444195145482e+17,True,none
drift_medium,1.0,42,2,10,,False,,,False,1.1039262356809974e+18,4.0698759627564646e+17,True,,,,,,False,likelihood_loss
drift_medium,3.0,42,0,99,0.4809487760066986,True,1.0066908597946167,0.6982002258300781,True,6.631767272949219,2.3315041065216064,True,3.0200724601745605,2.0946006774902344,0.4553948194914636,6.373407363891602,2.6868391036987305,True,none
drift_medium,3.0,42,0,98,1.6430866718292236,True,1.436468243598938,0.6781101226806641,True,6.3407745361328125,2.7127678394317627,True,4.3094048500061035,2.034330368041992,0.6796338247714601,7.61007022857666,2.8505444526672363,True,none
drift_medium,3.0,42,0,97,1.1094093322753906,True,1.904412031173706,0.8084254264831543,True,7.370625972747803,2.883920907974243,True,5.713236331939697,2.425276279449463,0.7751358369103353,6.484384059906006,2.732247829437256,True,none
drift_medium,3.0,42,0,96,0.9649685025215149,True,1.199988603591919,0.6959800720214844,True,6.578230381011963,2.68575119972229,True,3.599966049194336,2.087940216064453,0.5472544804124034,5.35460090637207,2.4818828105926514,True,none
drift_medium,3.0,42,0,95,0.9467874765396118,True,0.8446496725082397,0.33312368392944336,True,5.20212984085083,2.566370964050293,True,2.5339488983154297,0.9993710517883301,0.487098356987665,5.742387294769287,2.613034248352051,True,none
drift_medium,3.0,42,0,94,0.5099769830703735,True,0.855857789516449,0.6191370487213135,True,5.699326038360596,2.6335995197296143,True,2.567573308944702,1.8574111461639404,0.4505047248854728,4.833749294281006,2.3212928771972656,True,none
drift_medium,3.0,42,0,93,0.5975485444068909,True,0.5869824886322021,0.40751218795776367,True,4.731072902679443,2.193528652191162,True,1.7609474658966064,1.222536563873291,0.3722089052778962,5.438360691070557,2.2986745834350586,True,none
drift_medium,3.0,42,0,92,0.512283205986023,True,0.5408667922019958,0.25031208992004395,True,5.4271931648254395,2.2561991214752197,True,1.6226004362106323,0.7509362697601318,0.2989759875743289,5.111258506774902,2.1319496631622314,True,none
drift_medium,3.0,42,0,91,0.4051694869995117,True,0.25976184010505676,0.1623363494873047,True,5.1356425285339355,2.068448781967163,True,0.7792854905128479,0.48700904846191406,0.15174060230690503,5.029953479766846,1.8939077854156494,True,none
drift_medium,3.0,42,0,90,0.36181551218032837,True,0.3348175287246704,0.16354012489318848,True,4.818802356719971,1.7310279607772827,True,1.0044525861740112,0.49062037467956543,0.20844444569781165,5.17897891998291,1.7008637189865112,True,none
drift_medium,3.0,42,0,89,0.3773350119590759,True,0.4894406199455261,0.2745852470397949,True,5.168520927429199,1.729190468788147,True,1.4683219194412231,0.8237557411193848,0.2840893826410946,4.567230224609375,1.6577495336532593,True,none
drift_medium,3.0,42,0,88,0.36073845624923706,True,0.48438355326652527,0.27101826667785645,True,4.649789810180664,1.796556830406189,True,1.4531506299972534,0.8130548000335693,0.3125196383748967,4.956085681915283,1.4660141468048096,True,none
drift_medium,3.0,42,0,87,0.4003915786743164,True,0.49330052733421326,0.29436397552490234,True,4.878959655761719,1.529242753982544,True,1.4799015522003174,0.883091926574707,0.30332317883636345,5.119173526763916,2.1525447368621826,True,none
drift_medium,3.0,42,0,86,0.4010210633277893,True,0.6879383325576782,0.2986469268798828,True,5.059499740600586,2.1481008529663086,True,2.063815116882324,0.8959407806396484,0.4079089282919761,5.203214645385742,1.7672715187072754,True,none
drift_medium,3.0,42,0,85,1.166827917098999,True,1.0595850944519043,0.46051979064941406,True,5.319503307342529,1.796796202659607,True,3.178755283355713,1.3815593719482422,0.5975661823477895,6.494441032409668,2.70870304107666,True,none
drift_medium,3.0,42,0,84,0.4660836160182953,True,1.207487940788269,0.7164496183395386,True,6.556108474731445,2.794759511947632,True,3.6224634647369385,2.149348735809326,0.5525325699991215,5.022841453552246,2.019683361053467,True,none
drift_medium,3.0,42,0,83,0.9588620066642761,True,1.1718188524246216,0.513238787651062,True,5.029889106750488,2.126534938812256,True,3.515456199645996,1.539716362953186,0.6989132613137119,6.403855323791504,3.6662511825561523,True,none
drift_medium,3.0,42,0,82,0.4377199113368988,True,0.6930631399154663,0.3993954658508301,True,6.344119548797607,3.7314884662628174,True,2.0791890621185303,1.1981863975524902,0.32773484896139266,5.930157661437988,3.67337703704834,True,none
drift_medium,3.0,42,0,81,0.334727942943573,True,0.39260903000831604,0.16774773597717285,True,6.064614772796631,3.6865811347961426,True,1.1778271198272705,0.5032432079315186,0.19421301499813717,5.991573333740234,3.6840896606445312,True,none
drift_medium,3.0,42,0,80,0.2595907151699066,True,0.3071068525314331,0.15386837720870972,True,6.033198356628418,3.8779871463775635,True,0.9213205575942993,0.46160513162612915,0.15270848116272043,6.249901294708252,3.92444109916687,True,none
drift_medium,3.0,42,0,79,0.24947622418403625,True,0.49289384484291077,0.28569650650024414,True,6.144960880279541,3.844269275665283,True,1.4786815643310547,0.8570895195007324,0.24063319411458112,5.588793754577637,3.3866443634033203,True,none
drift_medium,3.0,42,0,78,0.3218930661678314,True,0.7400156259536743,0.5077412128448486,True,5.47282075881958,3.276965618133545,True,2.2200467586517334,1.523223638534546,0.4056494550956506,6.0152812004089355,2.972025156021118,True,none
drift_medium,3.0,42,0,77,0.6489250659942627,True,1.0658257007598877,0.6033275127410889,True,5.92745304107666,2.8575689792633057,True,3.197477340698242,1.8099825382232666,0.5394352884011906,5.72285270690918,3.3875749111175537,True,none
drift_medium,3.0,42,0,76,0.7784972190856934,True,0.9305932521820068,0.42159533500671387,True,5.6289963722229,3.221823215484619,True,2.7917797565460205,1.2647860050201416,0.49596403549342594,6.288867473602295,3.226691722869873,True,none
drift_medium,3.0,42,0,75,0.5939158201217651,True,0.6909344792366028,0.2821075916290283,True,6.239781856536865,3.144544839859009,True,2.072803258895874,0.846322774887085,0.3321916224882205,5.229211330413818,2.836050510406494,True,none
drift_medium,3.0,42,0,74,0.39257702231407166,True,0.568336546421051,0.3939213752746582,True,4.9925537109375,2.634721040725708,True,1.7050098180770874,1.1817641258239746,0.3415105608862002,5.243314266204834,2.685276985168457,True,none
drift_medium,3.0,42,0,73,0.2568359971046448,True,0.49141567945480347,0.22332441806793213,True,5.163055896759033,2.5155346393585205,True,1.4742470979690552,0.6699732542037964,0.28553769849638616,4.608392238616943,2.1935336589813232,True,none
drift_medium,3.0,42,0,72,0.1534748077392578,True,0.23122505843639374,0.11639034748077393,True,4.364831447601318,1.8947803974151611,True,0.69367516040802,0.3491710424423218,0.15892369928489872,4.46605920791626,1.9158564805984497,True,none
drift_medium,3.0,42,0,71,0.21366123855113983,True,0.40140312910079956,0.1738443374633789,True,4.598201274871826,1.946598768234253,True,1.2042094469070435,0.5215330123901367,0.26188706733816225,4.91686487197876,2.2231569290161133,True,none
drift_medium,3.0,42,0,70,0.28773826360702515,True,0.5296732187271118,0.2418210506439209,True,4.983858585357666,2.2354230880737305,True,1.5890196561813354,0.7254631519317627,0.31883321506141427,4.696567058563232,1.801924467086792,True,none
drift_medium,3.0,42,0,69,0.1661052703857422,True,0.35482242703437805,0.21304583549499512,True,4.611586570739746,1.8522140979766846,True,1.0644673109054565,0.6391375064849854,0.23082453176943704,4.986092567443848,2.386540174484253,True,none
drift_medium,3.0,42,0,68,0.24322715401649475,True,0.5713415741920471,0.3020857572555542,True,4.93872594833374,2.092989206314087,True,1.7140247821807861,0.9062572717666626,0.34705808747268674,4.378651142120361,1.4418201446533203,True,none
drift_medium,3.0,42,0,67,0.5122122168540955,True,0.8745328187942505,0.4437074661254883,True,4.45714807510376,1.3838763236999512,True,2.623598337173462,1.3311223983764648,0.5886271429543649,5.591275691986084,2.1298415660858154,True,none
drift_medium,3.0,42,0,66,0.8050147891044617,True,1.0785032510757446,0.5051605701446533,True,5.501438617706299,2.066328763961792,True,3.2355103492736816,1.51548171043396,0.5881207760565847,5.241552352905273,1.977827787399292,True,none
drift_medium,3.0,42,0,65,0.7742812037467957,True,1.5089199542999268,1.2298729419708252,True,5.288707256317139,2.1879734992980957,True,4.526759147644043,3.6896188259124756,0.8559292334126006,5.672516822814941,2.0104026794433594,True,none
drift_medium,3.0,42,0,64,0.832737147808075,True,0.9228809475898743,0.69252610206604,True,5.47133207321167,1.89706289768219,True,2.7686426639556885,2.07757830619812,0.5060271661284836,5.214567184448242,1.730727195739746,True,none
drift_medium,3.0,42,0,63,0.9361528158187866,True,1.6474130153656006,0.8009240627288818,True,5.056017875671387,1.7313203811645508,True,4.942238807678223,2.4027721881866455,0.9774963082030178,4.85699462890625,2.1791868209838867,True,none
drift_medium,3.0,42,0,62,2.0552425384521484,True,2.2714216709136963,1.27728271484375,True,4.689114093780518,2.2179951667785645,True,6.814265251159668,3.83184814453125,1.453209522070795,6.138559818267822,3.0390465259552,True,none
drift_medium,3.0,42,0,61,2.3650879859924316,True,2.6239213943481445,1.5228114128112793,True,5.781420707702637,3.045664072036743,True,7.871764183044434,4.568434238433838,1.3615622493196962,8.32280158996582,4.724238395690918,True,none
drift_medium,3.0,42,0,60,20.823556900024414,True,17.163009643554688,8.381597518920898,True,8.034933090209961,4.578199863433838,True,51.4890251159668,25.144792556762695,6.4081460962875205,46.4584846496582,20.566593170166016,True,none
drift_medium,3.0,42,0,59,15661.828125,True,1085.9608154296875,508.04144287109375,True,44.30242156982422,19.562135696411133,True,3257.882568359375,1524.124267578125,73.53734746134843,3228.689208984375,1508.240234375,True,none
drift_medium,3.0,42,0,58,105340552.0,True,107891.9453125,42804.859375,True,3079.705078125,1444.7666015625,True,323675.84375,128414.578125,105.0996233532406,321841.15625,126969.8125,True,none
drift_medium,3.0,42,0,57,962643820544.0,True,8046340.0,2789112.75,True,306694.375,121790.3828125,True,24139020.0,8367338.0,78.70708421046196,23913898.0,8245547.5,True,none
drift_medium,3.0,42,0,56,6638129654005760.0,True,903576896.0,427037408.0,True,22691644.0,7786810.5,True,2710730752.0,1281112192.0,119.45942532854825,2696930816.0,1273364096.0,True,none
drift_medium,3.0,42,0,55,3.676770401720153e+19,True,54888284160.0,27095525376.0,True,2589104640.0,1225109760.0,True,164664852480.0,81286578176.0,63.59914927192746,163420635136.0,81016971264.0,True,none
drift_medium,3.0,42,0,54,2.007351091239026e+23,True,4448333594624.0,2452786249728.0,True,155703574528.0,77604192256.0,True,13345001308160.0,7358359011328.0,85.70773887891818,13260960038912.0,7327008161792.0,True,none
drift_medium,3.0,42,0,53,8.932839507042665e+26,True,234035099992064.0,91761078697984.0,True,12688506748928.0,7058277007360.0,True,702105350307840.0,275283244482560.0,55.33396200204236,695011607838720.0,277069414006784.0,True,none
drift_medium,3.0,42,0,52,4.314603964162913e+30,True,1.73309178150912e+16,7848275344359424.0,True,658355404144640.0,265393578967040.0,True,5.199275237153178e+16,2.354482603307827e+16,78.97368510110843,5.152576916737229e+16,2.327943141392384e+16,True,none
drift_medium,3.0,42,0,51,1.1511509103931726e+34,True,9.345096357825741e+17,4.157724880231465e+17,True,4.929905196269568e+16,2.234043559890125e+16,True,2.803528976067199e+18,1.2473174640694395e+18,56.867807076464956,2.7807743080524677e+18,1.2425231810554757e+18,True,none
drift_medium,3.0,42,0,50,,False,,,False,2.656877214666064e+18,1.1918035342998897e+18,True,,,,,,False,likelihood_loss
drift_medium,3.0,42,1,99,0.9333017468452454,True,1.0427473783493042,0.4261782169342041,True,6.624917507171631,2.3194265365600586,True,3.128242254257202,1.2785346508026123,0.4721933897094316,5.410598278045654,1.6985243558883667,True,none
drift_medium,3.0,42,1,98,0.13425682485103607,True,0.26443788409233093,0.10736291855573654,True,5.3333539962768555,1.7472952604293823,True,0.7933136224746704,0.32208874821662903,0.14874572792811494,5.299664497375488,1.8459622859954834,True,none
drift_medium,3.0,42,1,97,0.13379301130771637,True,0.2513551414012909,0.15616309642791748,True,5.187854766845703,1.8723864555358887,True,0.7540654540061951,0.46848928928375244,0.1453520747776317,4.915732383728027,1.8822166919708252,True,none
drift_medium,3.0,42,1,96,0.078923299908638,True,0.07634398341178894,0.033234238624572754,True,4.845032691955566,2.067078113555908,True,0.22903195023536682,0.09970271587371826,0.04727149738650721,4.906977653503418,2.082655429840088,True,none
drift_medium,3.0,42,1,95,0.06940512359142303,True,0.0991479828953743,0.04607361555099487,True,4.742036819458008,1.872962236404419,True,0.2974439859390259,0.13822084665298462,0.06272494231138416,4.728051662445068,1.841980218887329,True,none
drift_medium,3.0,42,1,94,0.17485710978507996,True,0.31357404589653015,0.12996089458465576,True,4.736279487609863,1.7188587188720703,True,0.9407221674919128,0.3898826837539673,0.19862049314290875,5.14544153213501,1.8442511558532715,True,none
drift_medium,3.0,42,1,93,0.11506346613168716,True,0.23558931052684784,0.12007975578308105,True,4.928940773010254,1.7138333320617676,True,0.7067679166793823,0.36023926734924316,0.14339144031702258,4.871309757232666,1.617415189743042,True,none
drift_medium,3.0,42,1,92,0.2185702621936798,True,0.5652901530265808,0.35612940788269043,True,4.75075626373291,1.8371129035949707,True,1.6958703994750977,1.0683882236480713,0.3569685130809488,4.194182872772217,1.7119795083999634,True,none
drift_medium,3.0,42,1,91,0.1477770060300827,True,0.37255626916885376,0.20180904865264893,True,4.329759120941162,1.855184555053711,True,1.117668867111206,0.6054271459579468,0.25813650041298364,4.5551910400390625,1.8980357646942139,True,none
drift_medium,3.0,42,1,90,0.1885887235403061,True,0.3068421185016632,0.13299694657325745,True,4.53446626663208,1.9002388715744019,True,0.9205263257026672,0.39899083971977234,0.2030065440063741,4.5852274894714355,1.79607093334198,True,none
drift_medium,3.0,42,1,89,0.06627286225557327,True,0.12046533077955246,0.051209211349487305,True,4.3879570960998535,1.8075628280639648,True,0.3613959848880768,0.15362763404846191,0.08236087476999579,4.331608295440674,1.7875010967254639,True,none
drift_medium,3.0,42,1,88,0.0743979662656784,True,0.07636943459510803,0.03209954500198364,True,4.237667560577393,1.7644853591918945,True,0.2291082888841629,0.09629863500595093,0.05406471498979318,4.169523239135742,1.7327427864074707,True,none
drift_medium,3.0,42,1,87,0.05471787601709366,True,0.05595896393060684,0.02586260437965393,True,4.155483245849609,1.860912799835205,True,0.16787688434123993,0.07758781313896179,0.04039888369394117,4.131105899810791,1.8430097103118896,True,none
drift_medium,3.0,42,1,86,0.08676493167877197,True,0.1975555419921875,0.11636698246002197,True,3.839071035385132,1.7264691591262817,True,0.5926666855812073,0.3491009473800659,0.15437762941044333,3.7394795417785645,1.7106537818908691,True,none
drift_medium,3.0,42,1,85,0.13020503520965576,True,0.20469863712787628,0.10812968015670776,True,3.93786358833313,1.7117842435836792,True,0.61409592628479,0.3243890404701233,0.15594647008698861,4.03953742980957,1.7266077995300293,True,none
drift_medium,3.0,42,1,84,0.08584313839673996,True,0.16158156096935272,0.07091838121414185,True,4.011517524719238,1.7876094579696655,True,0.48474469780921936,0.21275514364242554,0.12083823511229089,4.047732353210449,1.7528173923492432,True,none
drift_medium,3.0,42,1,83,0.10266760736703873,True,0.20368483662605286,0.11735886335372925,True,4.134268283843994,1.9513691663742065,True,0.6110544800758362,0.35207659006118774,0.14780232876119426,4.096606254577637,1.907363772392273,True,none
drift_medium,3.0,42,1,82,0.11186043173074722,True,0.2951035499572754,0.1579219102859497,True,4.23176383972168,1.846659541130066,True,0.8853105902671814,0.4737657308578491,0.2092060483047179,4.106505393981934,1.7929372787475586,True,none
drift_medium,3.0,42,1,81,0.11689861118793488,True,0.20812800526618958,0.09968972206115723,True,4.223054885864258,1.6779155731201172,True,0.6243840456008911,0.2990691661834717,0.1478512741311345,4.220658779144287,1.591655969619751,True,none
drift_medium,3.0,42,1,80,0.0850721150636673,True,0.12252113968133926,0.04883211851119995,True,4.286413192749023,1.6512333154678345,True,0.367563396692276,0.14649635553359985,0.08575080846474795,4.293349742889404,1.5853043794631958,True,none
drift_medium,3.0,42,1,79,0.13032305240631104,True,0.18523067235946655,0.0980573296546936,True,4.310450553894043,1.477728009223938,True,0.5556919574737549,0.2941719889640808,0.1289173719836819,4.132653713226318,1.5139076709747314,True,none
drift_medium,3.0,42,1,78,0.06947563588619232,True,0.05950194224715233,0.018115751445293427,True,4.052387237548828,1.417397379875183,True,0.1785058230161667,0.05434725433588028,0.044049547230361835,4.014156341552734,1.3997790813446045,True,none
drift_medium,3.0,42,1,77,0.09331123530864716,True,0.1868208795785904,0.09019804000854492,True,4.15443229675293,1.3541127443313599,True,0.5604626536369324,0.27059412002563477,0.134907157850388,4.364193916320801,1.428468942642212,True,none
drift_medium,3.0,42,1,76,0.08505027741193771,True,0.17177075147628784,0.10914677381515503,True,4.340275287628174,1.4039207696914673,True,0.5153121948242188,0.3274403214454651,0.11872799780534248,4.140207290649414,1.4055461883544922,True,none
drift_medium,3.0,42,1,75,0.06582256406545639,True,0.05825849622488022,0.021500974893569946,True,3.9681529998779297,1.461469292640686,True,0.17477548122406006,0.06450292468070984,0.04404454193913202,3.919250726699829,1.4424653053283691,True,none
drift_medium,3.0,42,1,74,0.08075695484876633,True,0.08385510742664337,0.02983790636062622,True,3.950666904449463,1.549963116645813,True,0.2515653371810913,0.08951371908187866,0.0636766761828745,3.946270704269409,1.535846471786499,True,none
drift_medium,3.0,42,1,73,0.06109250709414482,True,0.09858044236898422,0.044354796409606934,True,3.8370935916900635,1.582435965538025,True,0.29574131965637207,0.1330643892288208,0.07707430444145995,3.7594833374023438,1.5000892877578735,True,none
drift_medium,3.0,42,1,72,0.07452404499053955,True,0.16784736514091492,0.11506843566894531,True,3.6302554607391357,1.5371254682540894,True,0.5035420656204224,0.34520530700683594,0.13870706099502988,3.850644111633301,1.8823307752609253,True,none
drift_medium,3.0,42,1,71,0.14626559615135193,True,0.42869821190834045,0.299274206161499,True,4.0023112297058105,1.9946717023849487,True,1.2860945463180542,0.8978226184844971,0.3213379651167875,3.4909894466400146,1.2756438255310059,True,none
drift_medium,3.0,42,1,70,0.06695791333913803,True,0.0960363894701004,0.03923356533050537,True,3.404120922088623,1.1549997329711914,True,0.2881092131137848,0.11770069599151611,0.08463542268555156,3.450415849685669,1.1962496042251587,True,none
drift_medium,3.0,42,1,69,0.04891340807080269,True,0.10715481638908386,0.053739845752716064,True,3.3877224922180176,1.2733509540557861,True,0.3214644491672516,0.1612195372581482,0.09489102189025132,3.2467763423919678,1.1121313571929932,True,none
drift_medium,3.0,42,1,68,0.10460352897644043,True,0.2838312089443207,0.20281517505645752,True,3.3941123485565186,1.1105107069015503,True,0.8514935970306396,0.6084455251693726,0.25087372178252154,3.6770784854888916,1.342651605606079,True,none
drift_medium,3.0,42,1,67,0.09518034756183624,True,0.29028207063674927,0.1775912046432495,True,3.7441234588623047,1.3086841106414795,True,0.8708462119102478,0.5327736139297485,0.23259014332145764,3.3951022624969482,1.1400350332260132,True,none
drift_medium,3.0,42,1,66,0.15148663520812988,True,0.266305536031723,0.10446453094482422,True,3.3274078369140625,1.1488940715789795,True,0.7989165782928467,0.31339359283447266,0.24010179017716857,3.4504716396331787,1.0798075199127197,True,none
drift_medium,3.0,42,1,65,0.08181132376194,True,0.20660997927188873,0.12064796686172485,True,3.5505077838897705,1.2057627439498901,True,0.6198298931121826,0.36194390058517456,0.17457499908166693,3.509049892425537,1.149057149887085,True,none
drift_medium,3.0,42,1,64,0.0867815911769867,True,0.2358957827091217,0.13583320379257202,True,3.5393972396850586,1.2261720895767212,True,0.7076873779296875,0.40749961137771606,0.1999457336957348,3.690337896347046,1.1919039487838745,True,none
drift_medium,3.0,42,1,63,0.08408230543136597,True,0.1655295193195343,0.08928060531616211,True,3.5717132091522217,1.2122219800949097,True,0.4965885579586029,0.26784181594848633,0.13903371544109322,3.37465238571167,1.0691988468170166,True,none
drift_medium,3.0,42,1,62,0.11313748359680176,True,0.2874637246131897,0.13411754369735718,True,3.4250175952911377,1.2182276248931885,True,0.8623911738395691,0.40235263109207153,0.2517917499241376,3.56874680519104,1.5091103315353394,True,none
drift_medium,3.0,42,1,61,0.11599202454090118,True,0.27529677748680115,0.13439327478408813,True,3.3146204948425293,1.5228127241134644,True,0.825890302658081,0.4031798243522644,0.24916587100782656,3.1311135292053223,1.338868260383606,True,none
drift_medium,3.0,42,1,60,0.1892874389886856,True,0.3446858525276184,0.20904040336608887,True,3.222568988800049,1.28481125831604,True,1.0340576171875,0.6271212100982666,0.3208799007192765,3.4715359210968018,1.52313232421875,True,none
drift_medium,3.0,42,1,59,0.13022398948669434,True,0.3257981538772583,0.16169047355651855,True,3.341702461242676,1.3146103620529175,True,0.9773944020271301,0.48507142066955566,0.29248396988144026,3.1859347820281982,1.0809589624404907,True,none
drift_medium,3.0,42,1,58,0.1510230302810669,True,0.3583011329174042,0.20603042840957642,True,3.2859909534454346,1.0079536437988281,True,1.0749033689498901,0.6180912852287292,0.3271169592912308,3.511470317840576,1.416351318359375,True,none
drift_medium,3.0,42,1,57,0.09467795491218567,True,0.19763115048408508,0.10298097133636475,True,3.4458940029144287,1.347642421722412,True,0.5928934216499329,0.30894291400909424,0.17205793943409467,3.3935749530792236,1.1674656867980957,True,none
drift_medium,3.0,42,1,56,0.0877508670091629,True,0.27412447333335876,0.16216671466827393,True,3.284027338027954,1.193459153175354,True,0.8223734498023987,0.4865001440048218,0.2504161400483287,3.4409055709838867,1.2398641109466553,True,none
drift_medium,3.0,42,1,55,0.30128544569015503,True,0.5974161028862,0.4103415012359619,True,3.3677589893341064,1.3359464406967163,True,1.7922483682632446,1.2310245037078857,0.5321783340015928,3.1474833488464355,1.22282075881958,True,none
drift_medium,3.0,42,1,54,0.4408823847770691,True,0.5879311561584473,0.2504539489746094,True,3.2188291549682617,1.1647093296051025,True,1.7637933492660522,0.7513618469238281,0.5479611574112562,3.4757606983184814,1.5389370918273926,True,none
drift_medium,3.0,42,1,53,0.07597880810499191,True,0.1588425487279892,0.09743374586105347,True,3.5754172801971436,1.5911601781845093,True,0.4765276312828064,0.2923012375831604,0.13327888577424957,3.571403980255127,1.6035971641540527,True,none
drift_medium,3.0,42,1,52,0.08692652732133865,True,0.2645721733570099,0.13611561059951782,True,3.645362138748169,1.4633480310440063,True,0.7937164306640625,0.40834683179855347,0.21773321838921877,3.615177631378174,1.4587092399597168,True,none
drift_medium,3.0,42,1,51,0.0712849423289299,True,0.2902131676673889,0.17775839567184448,True,3.5611355304718018,1.527195692062378,True,0.8706395030021667,0.5332751870155334,0.24448367537603222,3.469980001449585,1.5040696859359741,True,none
drift_medium,3.0,42,1,50,0.1048169955611229,True,0.3452069163322449,0.18522822856903076,True,3.31516695022583,1.2909610271453857,True,1.0356208086013794,0.5556846857070923,0.3123887346097367,3.512657880783081,1.344203233718872,True,none
drift_medium,3.0,42,1,49,0.06945838779211044,True,0.20395027101039886,0.10913240909576416,True,3.3580451011657715,1.3103666305541992,True,0.6118507981300354,0.3273972272872925,0.18220446113646432,3.3362884521484375,1.3430768251419067,True,none
drift_medium,3.0,42,1,48,0.07489375025033951,True,0.28836825489997864,0.12103819847106934,True,3.2885427474975586,1.3501979112625122,True,0.8651047945022583,0.363114595413208,0.26306630654574986,3.251288414001465,1.4000686407089233,True,none
drift_medium,3.0,42,1,47,0.14783626794815063,True,0.4559779167175293,0.14596664905548096,True,3.1569976806640625,1.3235362768173218,True,1.3679336309432983,0.43789994716644287,0.43330207029329376,3.0444107055664062,1.2019439935684204,True,none
drift_medium,3.0,42,1,46,0.15563984215259552,True,0.5571630597114563,0.39218032360076904,True,3.0905416011810303,1.1899269819259644,True,1.6714892387390137,1.1765409708023071,0.5408402326956945,3.1624486446380615,1.2629002332687378,True,none
drift_medium,3.0,42,1,45,0.277229368686676,True,0.6292228698730469,0.2981851100921631,True,3.1152679920196533,1.4950515031814575,True,1.8876686096191406,0.8945553302764893,0.605941002332433,3.4376683235168457,1.4728881120681763,True,none
drift_medium,3.0,42,1,44,0.9186817407608032,True,2.2146477699279785,1.3982181549072266,True,3.4390335083007812,1.465404987335205,True,6.6439433097839355,4.19465446472168,1.9319216558214813,5.741672515869141,3.4595844745635986,True,none
drift_medium,3.0,42,1,43,1.9591515064239502,True,2.505434274673462,1.343663215637207,True,5.437311172485352,3.2341835498809814,True,7.516303539276123,4.030989646911621,1.3823567018400196,8.790303230285645,3.455350399017334,True,none
drift_medium,3.0,42,1,42,18.003894805908203,True,9.384286880493164,4.866782188415527,True,8.61560344696045,3.49526309967041,True,28.15285873413086,14.600346565246582,3.2676595327817473,23.606477737426758,12.938461303710938,True,none
drift_medium,3.0,42,1,41,248.40408325195312,True,52.284996032714844,29.304767608642578,True,22.8070011138916,12.776241302490234,True,156.85498046875,87.914306640625,6.877492559651069,149.23709106445312,88.2838134765625,True,none
drift_medium,3.0,42,1,40,32504.43359375,True,951.7446899414062,377.0206298828125,True,144.98802185058594,85.39424133300781,True,2855.234130859375,1131.0618896484375,19.69289665736492,2791.069091796875,1089.147705078125,True,none
drift_medium,3.0,42,1,39,2605236.0,True,4522.93798828125,2420.55126953125,True,2711.366455078125,1070.31787109375,True,13568.8134765625,7261.65380859375,5.004418879325379,12680.9228515625,6419.07861328125,True,none
drift_medium,3.0,42,1,38,122990744.0,True,51815.47265625,26819.091796875,True,12426.712890625,6279.69775390625,True,155446.40625,80457.2734375,12.509052684984164,151270.46875,74637.1171875,True,none
drift_medium,3.0,42,1,37,7959453696.0,True,373285.34375,172749.40625,True,145806.15625,72473.3203125,True,1119855.875,518248.21875,7.680443019702743,1085940.75,520025.21875,True,none
drift_medium,3.0,42,1,36,1119721226240.0,True,4255955.0,2652012.5,True,1048017.0625,501096.15625,True,12767865.0,7956037.5,12.182878940484807,12291479.0,7526659.0,True,none
drift_medium,3.0,42,1,35,106334892589056.0,True,32611726.0,20851782.0,True,12035545.0,7366167.5,True,97835168.0,62555344.0,8.1288523286648,91979648.0,55189176.0,True,none
drift_medium,3.0,42,1,34,1.894855604384563e+16,True,586622208.0,338079424.0,True,89363584.0,54062896.0,True,1759866624.0,1014238272.0,19.693330831493956,1698038272.0,960175360.0,True,none
drift_medium,3.0,42,1,33,3.1848714944171213e+18,True,6641183232.0,3706892288.0,True,1659215616.0,938905728.0,True,19923550208.0,11120676864.0,12.007812616922719,19025035264.0,10181771264.0,True,none
drift_medium,3.0,42,1,32,4.834151525489259e+20,True,92247695360.0,46671687680.0,True,18632886272.0,9989707776.0,True,276743061504.0,140015058944.0,14.852399003790795,266927095808.0,130025349120.0,True,none
drift_medium,3.0,42,1,31,1.09493405652475e+23,True,1092449861632.0,531679477760.0,True,258999222272.0,126828945408.0,True,3277349715968.0,1595038498816.0,12.653897904473782,3087618015232.0,1468209561600.0,True,none
drift_medium,3.0,42,1,30,2.3650164748533395e+25,True,23682535653376.0,10756313579520.0,True,2992120266752.0,1432633999360.0,True,71047609057280.0,32268940738560.0,23.744904189430677,69143441178624.0,31749698486272.0,True,none
drift_medium,3.0,42,1,29,5.667898770127358e+27,True,307257430507520.0,183433288482816.0,True,67322903527424.0,30883201417216.0,True,921772257968128.0,550299865448448.0,13.691807834649376,887712965984256.0,532365726187520.0,True,none
drift_medium,3.0,42,1,28,2.755229590023662e+30,True,8720334094073856.0,4117590246948864.0,True,860624540139520.0,517855246286848.0,True,2.616100228222157e+16,1.2352770472411136e+16,30.39769500179542,2.555729738412851e+16,1.2084573387096064e+16,True,none
drift_medium,3.0,42,1,27,1.2964294565490114e+33,True,1.4051539559645184e+17,9.586901298603622e+16,True,2.461531871431885e+16,1.1611822041858048e+16,True,4.2154616101955174e+17,2.8760703895810867e+17,17.125358639956847,4.040523812658217e+17,2.773155242227794e+17,True,none
drift_medium,3.0,42,1,26,6.878132715272348e+35,True,4.287230307553247e+18,2.116702545102504e+18,True,3.940659294675927e+17,2.71303652340138e+17,True,1.286169009802602e+19,6.350107360429605e+18,32.638421990459705,1.2552332605946593e+19,6.078803965787505e+18,True,none
drift_medium,3.0,42,1,25,,False,,,False,1.203694312749636e+19,5.917396208585802e+18,True,,,,,,False,likelihood_loss
drift_medium,3.0,42,2,99,0.4676615297794342,True,0.6338174343109131,0.35576915740966797,True,6.6231255531311035,2.327760696411133,True,1.9014523029327393,1.067307472229004,0.28709289710407715,6.194153308868408,2.4197771549224854,True,none
drift_medium,3.0,42,2,98,0.16267608106136322,True,0.39403146505355835,0.21941208839416504,True,6.1340532302856445,2.4496021270751953,True,1.1820944547653198,0.6582362651824951,0.19271017227708023,6.5634636878967285,2.4940576553344727,True,none
drift_medium,3.0,42,2,97,0.3305930197238922,True,0.5632036924362183,0.21340155601501465,True,6.472280979156494,2.3908371925354004,True,1.6896111965179443,0.640204668045044,0.2610534372594379,6.479792594909668,2.731416940689087,True,none
drift_medium,3.0,42,2,96,0.23700933158397675,True,0.35203298926353455,0.15646862983703613,True,6.451483726501465,2.7373712062835693,True,1.0560989379882812,0.4694058895111084,0.16369861302600278,6.65390682220459,2.6356887817382812,True,none
drift_medium,3.0,42,2,95,0.11395440250635147,True,0.2757112979888916,0.1391153335571289,True,6.488854885101318,2.588454484939575,True,0.82713383436203,0.4173460006713867,0.1274699232773777,6.599647045135498,2.4442005157470703,True,none
drift_medium,3.0,42,2,94,0.24595312774181366,True,0.3641432821750641,0.1777784824371338,True,6.589168071746826,2.4393727779388428,True,1.092429757118225,0.5333354473114014,0.16579175780963953,6.489975929260254,2.748413562774658,True,none
drift_medium,3.0,42,2,93,0.1296432912349701,True,0.25164252519607544,0.12975728511810303,True,6.350285053253174,2.6715385913848877,True,0.7549275755882263,0.3892718553543091,0.11888089577984648,6.206050872802734,2.521488666534424,True,none
drift_medium,3.0,42,2,92,0.22422680258750916,True,0.46088942885398865,0.17872297763824463,True,6.0206475257873535,2.619317054748535,True,1.382668375968933,0.5361689329147339,0.22965443003373365,6.351792335510254,2.6327731609344482,True,none
drift_medium,3.0,42,2,91,0.2598472237586975,True,0.6408435702323914,0.331204891204834,True,6.254328727722168,2.4326906204223633,True,1.9225307703018188,0.993614673614502,0.3073920246276692,6.003936290740967,2.4888131618499756,True,none
drift_medium,3.0,42,2,90,0.14002756774425507,True,0.255571186542511,0.09687447547912598,True,5.986734390258789,2.3610727787017822,True,0.7667135000228882,0.29062342643737793,0.1280687349801763,6.1413044929504395,2.65169620513916,True,none
drift_medium,3.0,42,2,89,0.13079199194908142,True,0.21555551886558533,0.11516362428665161,True,5.997428894042969,2.5673272609710693,True,0.6466665267944336,0.34549087285995483,0.1078239589362429,5.78999137878418,2.2218363285064697,True,none
drift_medium,3.0,42,2,88,0.433220773935318,True,0.718980610370636,0.2857620120048523,True,5.629107475280762,2.195328712463379,True,2.1569416522979736,0.8572860360145569,0.38317649143659477,6.53312873840332,2.9435877799987793,True,none
drift_medium,3.0,42,2,87,0.6971490979194641,True,3.1232001781463623,1.6137187480926514,True,6.394476890563965,2.8669965267181396,True,9.369600296020508,4.841156005859375,1.4652645488242095,8.255430221557617,3.6418538093566895,True,none
drift_medium,3.0,42,2,86,138.0073699951172,True,125.00689697265625,56.884185791015625,True,7.924610137939453,3.5454823970794678,True,375.0206604003906,170.65255737304688,47.32354701020733,369.07080078125,167.10707092285156,True,none
drift_medium,3.0,42,2,85,3477014.5,True,28956.716796875,9402.298828125,True,352.51031494140625,159.93666076660156,True,86870.1484375,28206.896484375,246.43292623065278,86639.65625,28191.669921875,True,none
drift_medium,3.0,42,2,84,690576162816.0,True,19021380.0,8109882.5,True,81546.65625,26653.607421875,True,57064140.0,24329648.0,699.7728984135999,56996192.0,24304442.0,True,none
drift_medium,3.0,42,2,83,1.168094782250025e+17,True,5052804096.0,2016140416.0,True,54370408.0,23252846.0,True,15158412288.0,6048421376.0,278.7989431309767,15114421248.0,6036448256.0,True,none
drift_medium,3.0,42,2,82,1.6030155297859003e+22,True,3314073993216.0,1429636907008.0,True,14407105536.0,5766903808.0,True,9942222241792.0,4288910721024.0,690.0915813345507,9933262159872.0,4290096922624.0,True,none
drift_medium,3.0,42,2,81,3.136838724647981e+27,True,790362163511296.0,348716917587968.0,True,9467615772672.0,4098272788480.0,True,2371086624751616.0,1046150752763904.0,250.44178826898417,2363552178372608.0,1042572508135424.0,True,none
drift_medium,3.0,42,2,80,3.9878110656136004e+32,True,3.9068510301087334e+17,1.547065430680535e+17,True,2228226080374784.0,989838832566272.0,True,1.172055205953405e+18,4.641196292041605e+17,526.0037194054686,1.1701382074303775e+18,4.6332447613884826e+17,True,none
drift_medium,3.0,42,2,79,,False,,,False,1.1181320633508168e+18,4.436803265190953e+17,True,,,,,,False,likelihood_loss
burst_medium,0.3,42,0,99,1.2216968536376953,True,1.594360589981079,1.0637435913085938,True,6.632119655609131,2.327484369277954,True,0.47830814123153687,0.3191230893135071,0.07211995049379642,6.505547523498535,2.3452632427215576,True,none
burst_medium,0.3,42,0,98,1.3960983753204346,True,1.3913606405258179,0.7194380760192871,True,6.41807746887207,2.4152393341064453,True,0.4174082279205322,0.2158314287662506,0.06503633369103343,6.38529634475708,2.4691543579101562,True,none
burst_medium,0.3,42,0,97,0.8340039253234863,True,0.2552381157875061,0.1057124137878418,True,6.329867362976074,2.5123870372772217,True,0.07657143473625183,0.03171372413635254,0.012096846639174857,6.337212562561035,2.5015339851379395,True,none
burst_medium,0.3,42,0,96,1.0284762382507324,True,0.6699384450912476,0.30120182037353516,True,6.311629295349121,2.459413766860962,True,0.20098154246807098,0.09036055207252502,0.031843052413762216,6.310490131378174,2.459249496459961,True,none
burst_medium,0.3,42,0,95,1.0809402465820312,True,0.7316246628761292,0.35069751739501953,True,6.149262428283691,2.5428519248962402,True,0.21948739886283875,0.10520926117897034,0.0356932886541425,6.1418070793151855,2.5560531616210938,True,none
burst_medium,0.3,42,0,94,0.8518199920654297,True,0.6671046614646912,0.3555384874343872,True,6.1089677810668945,2.577692747116089,True,0.20013141632080078,0.10666155070066452,0.03276026711763346,6.073943138122559,2.580228328704834,True,none
burst_medium,0.3,42,0,93,0.9649029970169067,True,0.6452096104621887,0.2425365447998047,True,5.93972110748291,2.444707155227661,True,0.19356289505958557,0.07276096940040588,0.03258787602261339,5.924785137176514,2.454535961151123,True,none
burst_medium,0.3,42,0,92,0.751092255115509,True,0.3863961100578308,0.19023966789245605,True,5.783187389373779,2.312580108642578,True,0.1159188374876976,0.057071901857852936,0.020044108842239953,5.800732135772705,2.3213326930999756,True,none
burst_medium,0.3,42,0,91,0.9298197627067566,True,0.588153064250946,0.20922613143920898,True,5.756776809692383,2.2532918453216553,True,0.17644593119621277,0.06276784092187881,0.030650125413774834,5.793272495269775,2.2546122074127197,True,none
burst_medium,0.3,42,0,90,1.1657483577728271,True,0.8396677374839783,0.4054889678955078,True,5.70154333114624,2.0847063064575195,True,0.251900315284729,0.1216466948390007,0.04418107530791013,5.72120475769043,2.101414680480957,True,none
burst_medium,0.3,42,0,89,0.8471897840499878,True,0.6823948621749878,0.3632676601409912,True,5.600618362426758,2.16290545463562,True,0.2047184705734253,0.10898030549287796,0.03655283351331296,5.604017734527588,2.1729214191436768,True,none
burst_medium,0.3,42,0,88,0.854888916015625,True,0.6535040736198425,0.37111783027648926,True,5.397796154022217,2.0373756885528564,True,0.196051225066185,0.11133535206317902,0.036320605571601536,5.406123161315918,2.0620057582855225,True,none
burst_medium,0.3,42,0,87,0.664078414440155,True,0.19297944009304047,0.0900689959526062,True,5.3266520500183105,2.1752214431762695,True,0.05789383128285408,0.02702070027589798,0.01086870903885006,5.315873146057129,2.176171064376831,True,none
burst_medium,0.3,42,0,86,0.7289738655090332,True,0.47829946875572205,0.16689366102218628,True,4.984007835388184,2.070850133895874,True,0.14348985254764557,0.050068099051713943,0.028790053564681235,5.003772258758545,2.065727710723877,True,none
burst_medium,0.3,42,0,85,0.818762481212616,True,0.7320786714553833,0.2761584520339966,True,5.10522985458374,2.0784339904785156,True,0.2196236103773117,0.08284753561019897,0.04301933833205947,5.134796619415283,2.0799574851989746,True,none
burst_medium,0.3,42,0,84,0.8401237726211548,True,0.7145348191261292,0.33579349517822266,True,5.002298831939697,2.152106523513794,True,0.21436047554016113,0.1007380560040474,0.04285239301807117,5.0514302253723145,2.155902862548828,True,none
burst_medium,0.3,42,0,83,0.9276260137557983,True,0.8508844971656799,0.44612765312194824,True,5.07200288772583,2.365267038345337,True,0.25526535511016846,0.13383829593658447,0.050328314230233664,5.093602657318115,2.3374884128570557,True,none
burst_medium,0.3,42,0,82,0.6603031754493713,True,0.23850588500499725,0.10537952184677124,True,5.304772853851318,2.287837028503418,True,0.07155176997184753,0.03161385655403137,0.013488187325473652,5.3173747062683105,2.2792139053344727,True,none
burst_medium,0.3,42,0,81,0.6894739866256714,True,0.378081351518631,0.16708588600158691,True,5.3330912590026855,2.2288386821746826,True,0.1134244054555893,0.050125766545534134,0.021268041356708182,5.340812683105469,2.2247610092163086,True,none
burst_medium,0.3,42,0,80,0.6885067224502563,True,0.31240934133529663,0.1042671799659729,True,5.398935794830322,2.22552752494812,True,0.09372281283140182,0.03128015622496605,0.017359497573786204,5.4207563400268555,2.211604356765747,True,none
burst_medium,0.3,42,0,79,0.6605408787727356,True,0.2725837230682373,0.14985841512680054,True,5.376001358032227,2.3410518169403076,True,0.08177512139081955,0.04495752602815628,0.015211142249550402,5.382748603820801,2.325258731842041,True,none
burst_medium,0.3,42,0,78,0.6899383068084717,True,0.2877954840660095,0.11452090740203857,True,5.178618907928467,2.1818478107452393,True,0.08633864670991898,0.03435627371072769,0.016672137541868123,5.1666717529296875,2.1701483726501465,True,none
burst_medium,0.3,42,0,77,0.61851966381073,True,0.17534732818603516,0.07004758715629578,True,5.194063186645508,2.328885793685913,True,0.052604202181100845,0.021014276891946793,0.010127755533729691,5.188214302062988,2.3140337467193604,True,none
burst_medium,0.3,42,0,76,0.8536900281906128,True,0.5897436141967773,0.32671236991882324,True,5.193815231323242,2.1731019020080566,True,0.17692309617996216,0.09801371395587921,0.03406418755771813,5.181807518005371,2.168323040008545,True,none
burst_medium,0.3,42,0,75,0.6333609819412231,True,0.19118689000606537,0.08213788270950317,True,5.048644542694092,2.1457479000091553,True,0.05735606327652931,0.0246413666754961,0.011360685584315511,5.034286022186279,2.1350409984588623,True,none
burst_medium,0.3,42,0,74,0.720554530620575,True,0.2832410931587219,0.17001521587371826,True,4.993001937866211,2.2318782806396484,True,0.0849723294377327,0.0510045662522316,0.017018284890558066,5.001406669616699,2.223942995071411,True,none
burst_medium,0.3,42,0,73,0.7461488246917725,True,0.5400139689445496,0.2798987627029419,True,4.898601055145264,2.050720691680908,True,0.16200420260429382,0.08396963030099869,0.033071524049524105,4.890778064727783,2.0597546100616455,True,none
burst_medium,0.3,42,0,72,0.716739296913147,True,0.32166576385498047,0.16237926483154297,True,4.818173885345459,2.153675079345703,True,0.0964997261762619,0.04871378093957901,0.020028278030759142,4.798173904418945,2.138807773590088,True,none
burst_medium,0.3,42,0,71,0.987038791179657,True,0.7767922282218933,0.4089236259460449,True,4.903731822967529,2.172105312347412,True,0.23303766548633575,0.12267709523439407,0.04752251426042784,4.890913486480713,2.170820951461792,True,none
burst_medium,0.3,42,0,70,0.7274160981178284,True,0.271200567483902,0.1318575143814087,True,4.829079627990723,2.0621509552001953,True,0.08136017620563507,0.03955725580453873,0.016847967412678688,4.82551383972168,2.042310953140259,True,none
burst_medium,0.3,42,0,69,0.7010173797607422,True,0.338126003742218,0.1550917625427246,True,4.753142356872559,1.955320954322815,True,0.10143780708312988,0.04652753099799156,0.021341209555072516,4.755980014801025,1.939691185951233,True,none
burst_medium,0.3,42,0,68,0.7283015251159668,True,0.4449271559715271,0.20084011554718018,True,4.705082416534424,1.9119741916656494,True,0.13347816467285156,0.06025203689932823,0.028368932328105292,4.678182125091553,1.90675687789917,True,none
burst_medium,0.3,42,0,67,0.7898300290107727,True,0.6734480261802673,0.40474560856819153,True,4.721378803253174,1.9578546285629272,True,0.20203441381454468,0.12142368406057358,0.0427914010363443,4.724659442901611,1.9517337083816528,True,none
burst_medium,0.3,42,0,66,0.771360456943512,True,0.4770776927471161,0.2052159309387207,True,4.680267810821533,1.9918670654296875,True,0.1431233137845993,0.06156478077173233,0.030580154719703125,4.704328536987305,2.019791841506958,True,none
burst_medium,0.3,42,0,65,0.6920832395553589,True,0.15680746734142303,0.07090942561626434,True,4.801889896392822,2.1542227268218994,True,0.04704224690794945,0.021272828802466393,0.00979661090173637,4.7885847091674805,2.144357204437256,True,none
burst_medium,0.3,42,0,64,0.7461140155792236,True,0.5317168831825256,0.20251250267028809,True,4.8451828956604,2.2073171138763428,True,0.15951506793498993,0.060753751546144485,0.0329224038328516,4.86266565322876,2.2429378032684326,True,none
burst_medium,0.3,42,0,63,0.7193559408187866,True,0.29607293009757996,0.0938500165939331,True,4.7371673583984375,2.172666549682617,True,0.0888218879699707,0.02815500646829605,0.01874999999999604,4.718153476715088,2.149303674697876,True,none
burst_medium,0.3,42,0,62,0.7144699692726135,True,0.23200255632400513,0.10411626100540161,True,4.767051696777344,2.193685531616211,True,0.06960076838731766,0.031234879046678543,0.01460038044780489,4.736504554748535,2.1687257289886475,True,none
burst_medium,0.3,42,0,61,0.7831665277481079,True,0.36570486426353455,0.15107929706573486,True,4.561163902282715,2.146735668182373,True,0.10971146076917648,0.04532378911972046,0.02405339144121644,4.5318098068237305,2.1230552196502686,True,none
burst_medium,0.3,42,0,60,0.7395676374435425,True,0.3879260718822479,0.14722296595573425,True,4.6352691650390625,2.2825074195861816,True,0.1163778156042099,0.044166892766952515,0.025107024308739154,4.625022888183594,2.264899730682373,True,none
burst_medium,0.3,42,0,59,0.7979403138160706,True,0.6216530203819275,0.33194267749786377,True,4.500514984130859,2.278592348098755,True,0.18649591505527496,0.09958280622959137,0.041438794385271815,4.464925765991211,2.288334608078003,True,none
burst_medium,0.3,42,0,58,0.7898044586181641,True,0.4358665645122528,0.18744683265686035,True,4.50722074508667,2.156285047531128,True,0.13075996935367584,0.056234050542116165,0.02901121927435849,4.503923416137695,2.142838716506958,True,none
burst_medium,0.3,42,0,57,0.7348364591598511,True,0.27434927225112915,0.11296576261520386,True,4.591508388519287,2.1674535274505615,True,0.08230478316545486,0.03388972952961922,0.01792543456334169,4.574594497680664,2.1567740440368652,True,none
burst_medium,0.3,42,0,56,0.7345688939094543,True,0.2398369312286377,0.07966494560241699,True,4.528859615325928,2.147144317626953,True,0.07195108383893967,0.023899484425783157,0.015887240928254227,4.5044169425964355,2.148315191268921,True,none
burst_medium,0.3,42,0,55,0.7323007583618164,True,0.33263126015663147,0.16312718391418457,True,4.412810325622559,2.113332986831665,True,0.09978938102722168,0.04893815889954567,0.022613566789350004,4.386453628540039,2.1099512577056885,True,none
burst_medium,0.3,42,0,54,0.8127599954605103,True,0.6634218096733093,0.25974953174591064,True,4.308664798736572,2.0622940063476562,True,0.19902655482292175,0.07792486250400543,0.04619216488626268,4.284167766571045,2.0177760124206543,True,none
burst_medium,0.3,42,0,53,0.6656250953674316,True,0.17817848920822144,0.10202619433403015,True,4.4317779541015625,2.0579700469970703,True,0.05345354229211807,0.030607858672738075,0.012061421588740776,4.4057722091674805,2.027362108230591,True,none
burst_medium,0.3,42,0,52,0.7158545255661011,True,0.276934415102005,0.1488851010799408,True,4.3522772789001465,1.8960129022598267,True,0.08308032155036926,0.04466553032398224,0.019088931202321097,4.328330039978027,1.8654803037643433,True,none
burst_medium,0.3,42,0,51,0.7284801006317139,True,0.32414716482162476,0.14451587200164795,True,4.323638916015625,1.9629113674163818,True,0.09724415093660355,0.043354764580726624,0.02249127478623833,4.287635326385498,1.9430018663406372,True,none
burst_medium,0.3,42,0,50,0.7972234487533569,True,0.5514403581619263,0.36353158950805664,True,4.105164051055908,1.7393007278442383,True,0.1654321402311325,0.10905948281288147,0.040298545484081356,4.073333263397217,1.6944379806518555,True,none
burst_medium,0.3,42,0,49,0.658057689666748,True,0.19604314863681793,0.11310061812400818,True,3.9600234031677246,1.6711888313293457,True,0.0588129498064518,0.03393018618226051,0.014851667229893378,3.938143491744995,1.6372586488723755,True,none
burst_medium,0.3,42,0,48,0.7207973599433899,True,0.25229987502098083,0.12505227327346802,True,3.9894096851348877,1.6825170516967773,True,0.07568996399641037,0.037515684962272644,0.018972722776109723,3.9777424335479736,1.6728116273880005,True,none
burst_medium,0.3,42,0,47,0.837917149066925,True,0.8384674787521362,0.49330174922943115,True,3.937711238861084,1.6013851165771484,True,0.25154024362564087,0.14799052476882935,0.06387980945457308,3.881570339202881,1.5721138715744019,True,none
burst_medium,0.3,42,0,46,0.6790939569473267,True,0.2930963337421417,0.13673049211502075,True,3.829407215118408,1.558955430984497,True,0.087928906083107,0.041019149124622345,0.02296149276993651,3.8018383979797363,1.5294774770736694,True,none
burst_medium,0.3,42,0,45,0.7148593664169312,True,0.547639787197113,0.27320125699043274,True,3.802725076675415,1.776060938835144,True,0.16429194808006287,0.08196038007736206,0.04320374067737081,3.755234718322754,1.739218831062317,True,none
burst_medium,0.3,42,0,44,0.6898096799850464,True,0.3583705723285675,0.16437777876853943,True,3.7528367042541504,1.6903904676437378,True,0.10751117020845413,0.04931333661079407,0.028647974500609817,3.7232260704040527,1.6522095203399658,True,none
burst_medium,0.3,42,0,43,0.7030321359634399,True,0.30699118971824646,0.10762917995452881,True,3.576050281524658,1.5398781299591064,True,0.09209735691547394,0.03228875622153282,0.025753932317803496,3.5546631813049316,1.507943868637085,True,none
burst_medium,0.3,42,0,42,0.6837644577026367,True,0.27937567234039307,0.10842981934547424,True,3.3581552505493164,1.540065884590149,True,0.08381270617246628,0.03252894803881645,0.02495796052273983,3.3311142921447754,1.5138815641403198,True,none
burst_medium,0.3,42,0,41,0.683114230632782,True,0.5106580853462219,0.24505853652954102,True,3.186901569366455,1.3445701599121094,True,0.15319745242595673,0.0735175609588623,0.04807097084468905,3.158545732498169,1.3074756860733032,True,none
burst_medium,0.3,42,0,40,0.6713550686836243,True,0.6036892533302307,0.2711561918258667,True,3.2124342918395996,1.425830364227295,True,0.1811067909002304,0.08134686201810837,0.0563768078806254,3.202780246734619,1.4024074077606201,True,none
burst_medium,0.3,42,0,39,0.6558147668838501,True,0.3156719505786896,0.11572536826133728,True,3.1736338138580322,1.311370611190796,True,0.09470158815383911,0.0347176119685173,0.02984011190588027,3.1472363471984863,1.2794044017791748,True,none
burst_medium,0.3,42,0,38,0.7550255060195923,True,0.8969449996948242,0.4395056962966919,True,3.1558308601379395,1.1621302366256714,True,0.26908352971076965,0.13185171782970428,0.08526551061704331,3.1202244758605957,1.1411848068237305,True,none
burst_medium,0.3,42,0,37,0.7571161985397339,True,1.0771703720092773,0.5083893537521362,True,3.1276323795318604,1.2031636238098145,True,0.3231511116027832,0.15251681208610535,0.1033213218143779,3.074065923690796,1.1586474180221558,True,none
burst_medium,0.3,42,0,36,0.7039278745651245,True,0.5275282859802246,0.2839645743370056,True,3.039473295211792,1.1883043050765991,True,0.15825848281383514,0.08518937230110168,0.05206773261113832,3.0188615322113037,1.1523886919021606,True,none
burst_medium,0.3,42,0,35,0.6964468955993652,True,0.4596260190010071,0.17794840037822723,True,2.756269693374634,1.0850045680999756,True,0.13788780570030212,0.05338452383875847,0.05002696435392337,2.7238292694091797,1.0434902906417847,True,none
burst_medium,0.3,42,0,34,0.6355098485946655,True,0.37626445293426514,0.15761053562164307,True,2.655879020690918,1.0201256275177002,True,0.11287934333086014,0.04728316143155098,0.042501688688158866,2.6247012615203857,1.0231752395629883,True,none
burst_medium,0.3,42,0,33,0.6145466566085815,True,0.4550183415412903,0.18560738861560822,True,2.5713417530059814,1.0754691362380981,True,0.13650551438331604,0.0556822195649147,0.05308727018634672,2.540769338607788,1.0713448524475098,True,none
burst_medium,0.3,42,0,32,0.6005796194076538,True,0.3369840383529663,0.18859130144119263,True,2.5842504501342773,1.0713531970977783,True,0.10109521448612213,0.05657739192247391,0.039119743398256974,2.5514822006225586,1.0819332599639893,True,none
burst_medium,0.3,42,0,31,0.5837247967720032,True,0.5373371839523315,0.22159737348556519,True,2.381249189376831,0.9173605442047119,True,0.16120117902755737,0.06647921353578568,0.06769605623243309,2.3426570892333984,0.8747628331184387,True,none
burst_medium,0.3,42,0,30,0.609948992729187,True,0.6952968835830688,0.37721967697143555,True,2.3636975288391113,0.9327394962310791,True,0.2085890769958496,0.11316590756177902,0.0882469412650299,2.340697765350342,0.9040467143058777,True,none
burst_medium,0.3,42,0,29,0.627367377281189,True,0.7204927206039429,0.47116369009017944,True,2.412485361099243,0.9126979112625122,True,0.21614782512187958,0.14134910702705383,0.08959549707829222,2.372431993484497,0.8944684863090515,True,none
burst_medium,0.3,42,0,28,0.5889557003974915,True,0.39787620306015015,0.19028699398040771,True,2.483290910720825,1.0143818855285645,True,0.11936286091804504,0.057086098939180374,0.04806640269276768,2.47074556350708,0.994965672492981,True,none
burst_medium,0.3,42,0,27,0.6463099718093872,True,0.8294261693954468,0.5208179354667664,True,2.349259376525879,1.0072463750839233,True,0.24882785975933075,0.1562453806400299,0.10591757651179212,2.2997348308563232,0.9976545572280884,True,none
burst_medium,0.3,42,0,26,0.5665214657783508,True,0.5830954313278198,0.3142605423927307,True,2.369311809539795,1.1739428043365479,True,0.17492863535881042,0.09427816420793533,0.07383098951113319,2.3404898643493652,1.1330022811889648,True,none
burst_medium,0.3,42,0,25,0.586490273475647,True,0.6260988712310791,0.37659838795661926,True,2.2694625854492188,1.1800916194915771,True,0.1878296583890915,0.11297952383756638,0.08276393697489823,2.244445323944092,1.144012451171875,True,none
burst_medium,0.3,42,0,24,0.7597614526748657,True,1.5751218795776367,1.0486093759536743,True,2.186702013015747,1.217449426651001,True,0.47253653407096863,0.31458282470703125,0.21609553165365364,2.205357551574707,1.179815411567688,True,none
burst_medium,0.3,42,0,23,0.717528223991394,True,1.4920339584350586,1.1687986850738525,True,2.2306487560272217,1.1375858783721924,True,0.44761019945144653,0.35063961148262024,0.20066368505655646,2.2076187133789062,1.105642318725586,True,none
burst_medium,0.3,42,0,22,0.8276978731155396,True,1.913196325302124,1.1816229820251465,True,2.298692226409912,0.9884724020957947,True,0.5739588737487793,0.3544869124889374,0.24968930905767064,2.324178457260132,0.9217542409896851,True,none
burst_medium,0.3,42,0,21,1.1504801511764526,True,3.151374340057373,2.192972421646118,True,2.354583501815796,1.0680582523345947,True,0.9454123973846436,0.6578917503356934,0.4015200126286299,2.22721791267395,1.081488013267517,True,none
burst_medium,0.3,42,0,20,1.200474739074707,True,3.186779022216797,1.9875941276550293,True,2.1899850368499756,1.0464149713516235,True,0.9560338258743286,0.5962782502174377,0.4365481086797877,2.261460542678833,0.9571517109870911,True,none
burst_medium,0.3,42,0,19,1.525996446609497,True,3.672191619873047,2.551546096801758,True,2.1821937561035156,0.9603691697120667,True,1.101657509803772,0.7654638886451721,0.5048394564973764,2.115283489227295,0.973459005355835,True,none
burst_medium,0.3,42,0,18,1.7146657705307007,True,4.4298787117004395,3.1054575443267822,True,2.0450937747955322,0.9388095140457153,True,1.3289635181427002,0.9316372871398926,0.6498301126924704,2.0473711490631104,0.7626053094863892,True,none
burst_medium,0.3,42,0,17,2.9053306579589844,True,8.510951042175293,5.552339553833008,True,1.9928902387619019,0.8854987025260925,True,2.5532853603363037,1.665701985359192,1.2811971832032607,2.692361831665039,1.4151663780212402,True,none
burst_medium,0.3,42,0,16,21.182052612304688,True,24.61665153503418,14.281323432922363,True,2.563551664352417,1.307676911354065,True,7.384994983673096,4.284397125244141,2.880766979016883,5.887722015380859,2.9767203330993652,True,none
burst_medium,0.3,42,0,15,218.7465362548828,True,96.9214096069336,47.635643005371094,True,5.576266765594482,2.87304425239563,True,29.076425552368164,14.290693283081055,5.2143175308190495,24.411865234375,11.612107276916504,True,none
burst_medium,0.3,42,0,14,7287.27587890625,True,668.609130859375,265.33319091796875,True,23.241600036621094,11.200319290161133,True,200.58274841308594,79.59996032714844,8.63033302771862,178.75706481933594,69.93539428710938,True,none
burst_medium,0.3,42,0,13,480902.8125,True,5594.04443359375,2180.50927734375,True,169.69256591796875,67.46273040771484,True,1678.21337890625,654.15283203125,9.889728343889306,1513.79541015625,591.1233520507812,True,none
burst_medium,0.3,42,0,12,40190552.0,True,54776.4140625,21326.125,True,1442.8658447265625,569.0029296875,True,16432.92578125,6397.837890625,11.389087794481817,15038.9970703125,5874.89208984375,True,none
burst_medium,0.3,42,0,11,4199904512.0,True,569075.0625,248170.90625,True,14243.404296875,5654.81982421875,True,170722.515625,74451.2734375,11.986075243434357,156772.9375,69783.890625,True,none
burst_medium,0.3,42,0,10,512000720896.0,True,6692641.0,2497588.25,True,149059.546875,66607.5,True,2007792.25,749276.5,13.469732681286873,1862639.25,699517.0625,True,none
burst_medium,0.3,42,0,9,76059659730944.0,True,82358432.0,29098148.0,True,1763889.875,673011.625,True,24707532.0,8729445.0,14.007411885620128,22960712.0,8176348.0,True,none
burst_medium,0.3,42,0,8,1.3025907811811328e+16,True,1140893696.0,402469728.0,True,21816940.0,7786041.5,True,342268096.0,120740920.0,15.688180652282126,320573856.0,113367536.0,True,none
burst_medium,0.3,42,0,7,2.6341632285815603e+18,True,16483598336.0,5693248000.0,True,303712544.0,109106384.0,True,4945079808.0,1707974528.0,16.282105911305397,4642450944.0,1606993280.0,True,none
burst_medium,0.3,42,0,6,6.107760704016613e+20,True,264039153664.0,91933450240.0,True,4414422528.0,1531564032.0,True,79211749376.0,27580037120.0,17.94385310277213,74812432384.0,26072829952.0,True,none
burst_medium,0.3,42,0,5,1.650410376436433e+23,True,4419189473280.0,1493281931264.0,True,70942187520.0,25103816704.0,True,1325756841984.0,447984599040.0,18.68784834990101,1254955155456.0,424948629504.0,True,none
burst_medium,0.3,42,0,4,5.073183894651842e+25,True,80957709221888.0,27535849029632.0,True,1194990108672.0,405508620288.0,True,24287314444288.0,8260755128320.0,20.32428073507541,23093850406912.0,7859901300736.0,True,none
burst_medium,0.3,42,0,3,1.7956562432787682e+28,True,1556020212006912.0,513973434712064.0,True,21947461140480.0,7579178106880.0,True,466806070312960.0,154192043835392.0,21.269251478567636,444876336398336.0,146612869398528.0,True,none
burst_medium,0.3,42,0,2,7.186862106997095e+30,True,3.231834255969485e+16,1.08101105614848e+16,True,425114420117504.0,141787607859200.0,True,9695504271147008.0,3243033168445440.0,22.806811089746418,9270491487404032.0,3101245560586240.0,True,none
burst_medium,0.3,42,0,1,3.278650460181259e+33,True,7.074457786788086e+17,2.3094667933804134e+17,True,8874130430492672.0,3006316851232768.0,True,2.1223374734753792e+17,6.928400723738624e+16,23.91600495506298,2.0336201136131277e+17,6.627768904397619e+16,True,none
burst_medium,0.3,42,0,0,1.6812219254653393e+36,True,1.653548829991397e+19,5.406389933239697e+18,True,1.9793030366101504e+17,6.497178705775821e+16,True,4.960646819827679e+18,1.621917089923072e+18,25.062593893270236,4.762730878537302e+18,1.5569452985703465e+18,True,none
burst_medium,0.3,42,1,99,2.7728335857391357,True,0.6063194274902344,0.19858622550964355,True,6.6382622718811035,2.3191850185394287,True,0.18189583718776703,0.059575870633125305,0.02740112242299147,6.613047122955322,2.306457757949829,True,none
burst_medium,0.3,42,1,98,2.6690502166748047,True,0.6269552111625671,0.3041170537471771,True,6.508688449859619,2.3659369945526123,True,0.18808656930923462,0.09123511612415314,0.02889776807695603,6.459328651428223,2.382005453109741,True,none
burst_medium,0.3,42,1,97,2.9318954944610596,True,0.7792112827301025,0.524930477142334,True,6.41693639755249,2.413642168045044,True,0.23376339673995972,0.1574791520833969,0.036429127898023723,6.407383918762207,2.3866167068481445,True,none
burst_medium,0.3,42,1,96,2.5384039878845215,True,0.5673472285270691,0.32779645919799805,True,6.383934020996094,2.335921049118042,True,0.17020416259765625,0.09833893924951553,0.026661328584826508,6.332035541534424,2.3171684741973877,True,none
burst_medium,0.3,42,1,95,2.7398078441619873,True,0.8881824016571045,0.42830395698547363,True,6.1695404052734375,2.391669750213623,True,0.2664547264575958,0.12849119305610657,0.04318874810023117,6.152775764465332,2.3672869205474854,True,none
burst_medium,0.3,42,1,94,2.4349913597106934,True,0.48459261655807495,0.17679008841514587,True,6.138119220733643,2.381525754928589,True,0.14537778496742249,0.05303702875971794,0.023684418588080618,6.1027655601501465,2.3921940326690674,True,none
burst_medium,0.3,42,1,93,2.4824283123016357,True,0.45281046628952026,0.177200049161911,True,5.96919584274292,2.2484381198883057,True,0.13584314286708832,0.05316001549363136,0.02275736069745769,5.906696796417236,2.209296703338623,True,none
burst_medium,0.3,42,1,92,2.5243847370147705,True,0.7408009767532349,0.362534761428833,True,5.789778709411621,2.062628984451294,True,0.22224029898643494,0.10876043140888214,0.03838493837858294,5.73898983001709,2.0330893993377686,True,none
burst_medium,0.3,42,1,91,2.4949421882629395,True,0.6085044145584106,0.32168591022491455,True,5.698819637298584,1.9790892601013184,True,0.1825513392686844,0.0965057760477066,0.03203318421833531,5.677455425262451,1.9346280097961426,True,none
burst_medium,0.3,42,1,90,2.485663652420044,True,0.7165094614028931,0.4488556683063507,True,5.566989421844482,1.9520399570465088,True,0.21495284140110016,0.13465671241283417,0.038612044161176494,5.5193281173706055,1.8988804817199707,True,none
burst_medium,0.3,42,1,89,2.4528603553771973,True,0.35519295930862427,0.15582427382469177,True,5.349075794219971,1.923401951789856,True,0.10655789077281952,0.04674728214740753,0.01992080405514957,5.318869113922119,1.8944519758224487,True,none
burst_medium,0.3,42,1,88,2.3706161975860596,True,0.3693362772464752,0.21135252714157104,True,5.130795478820801,1.884208083152771,True,0.11080087721347809,0.06340575963258743,0.021595262892630755,5.108598709106445,1.876237154006958,True,none
burst_medium,0.3,42,1,87,2.2908947467803955,True,0.35549119114875793,0.21858040988445282,True,5.113577365875244,2.016047239303589,True,0.10664735734462738,0.06557412445545197,0.020855723833632205,5.105186939239502,2.011381149291992,True,none
burst_medium,0.3,42,1,86,2.3098626136779785,True,0.33665668964385986,0.15074720978736877,True,4.826204299926758,1.9050277471542358,True,0.10099700093269348,0.04522416368126869,0.020926797677049285,4.7990007400512695,1.8618659973144531,True,none
burst_medium,0.3,42,1,85,2.2488536834716797,True,0.3640984892845154,0.1562999188899994,True,4.932357311248779,1.874725580215454,True,0.10922955721616745,0.046889979392290115,0.022145507781245972,4.896335601806641,1.8379877805709839,True,none
burst_medium,0.3,42,1,84,2.2439682483673096,True,0.33585789799690247,0.1356925666332245,True,4.915421962738037,1.900781512260437,True,0.10075736790895462,0.040707770735025406,0.020498213311641967,4.894763469696045,1.870301365852356,True,none
burst_medium,0.3,42,1,83,2.181175708770752,True,0.46463313698768616,0.15135101974010468,True,4.966546058654785,2.080563545227051,True,0.13938994705677032,0.0454053059220314,0.02806577154637256,4.903803825378418,2.037109613418579,True,none
burst_medium,0.3,42,1,82,2.0869250297546387,True,0.5213272571563721,0.24277019500732422,True,5.127750873565674,1.9884744882583618,True,0.15639819204807281,0.07283106446266174,0.030500349159764857,5.101512432098389,1.9866371154785156,True,none
burst_medium,0.3,42,1,81,2.140671491622925,True,0.4330745339393616,0.20796363055706024,True,5.195704936981201,1.8820687532424927,True,0.12992236018180847,0.06238909065723419,0.025005723334487643,5.151800155639648,1.8779892921447754,True,none
burst_medium,0.3,42,1,80,2.0623960494995117,True,0.37471503019332886,0.2065047174692154,True,5.149129867553711,1.9158910512924194,True,0.11241451650857925,0.0619514174759388,0.021831750101491264,5.118758201599121,1.890317678451538,True,none
burst_medium,0.3,42,1,79,2.2635087966918945,True,0.7743216156959534,0.3119199275970459,True,5.070196151733398,1.8267327547073364,True,0.23229651153087616,0.09357598423957825,0.04581607980815749,4.959794521331787,1.7888274192810059,True,none
burst_medium,0.3,42,1,78,2.015611171722412,True,0.4699849486351013,0.23116254806518555,True,4.698503017425537,1.6902635097503662,True,0.14099548757076263,0.0693487673997879,0.030008597855065048,4.659939289093018,1.6760118007659912,True,none
burst_medium,0.3,42,1,77,1.9572391510009766,True,0.4418908953666687,0.18074452877044678,True,4.797964096069336,1.712607741355896,True,0.13256727159023285,0.05422336235642433,0.027629900711180617,4.774866580963135,1.69976007938385,True,none
burst_medium,0.3,42,1,76,1.8429481983184814,True,0.3172944486141205,0.13718730211257935,True,4.863974571228027,1.5838274955749512,True,0.09518833458423615,0.04115619137883186,0.019570072415116265,4.85168981552124,1.590551495552063,True,none
burst_medium,0.3,42,1,75,1.8118606805801392,True,0.35237523913383484,0.13969844579696655,True,4.7096452713012695,1.560704231262207,True,0.10571257025003433,0.041909534484148026,0.022445972925855543,4.688406944274902,1.5509532690048218,True,none
burst_medium,0.3,42,1,74,1.7878061532974243,True,0.24083100259304047,0.11801785230636597,True,4.665029048919678,1.627355694770813,True,0.07224930077791214,0.03540535643696785,0.015487427842411413,4.641618728637695,1.6241708993911743,True,none
burst_medium,0.3,42,1,73,1.8281259536743164,True,0.29181423783302307,0.11691945791244507,True,4.546036243438721,1.5214953422546387,True,0.0875442773103714,0.0350758396089077,0.019257276586103884,4.503335952758789,1.4864195585250854,True,none
burst_medium,0.3,42,1,72,1.8256785869598389,True,0.29526397585868835,0.1454462707042694,True,4.547735214233398,1.6155067682266235,True,0.0885792002081871,0.04363388195633888,0.01947765119018681,4.549633979797363,1.5926212072372437,True,none
burst_medium,0.3,42,1,71,1.8030351400375366,True,0.40185967087745667,0.1835843175649643,True,4.709748268127441,1.6063276529312134,True,0.12055789679288864,0.05507529899477959,0.025597524523491337,4.683897972106934,1.5904145240783691,True,none
burst_medium,0.3,42,1,70,1.8800048828125,True,0.2837119698524475,0.156682550907135,True,4.672624588012695,1.6002418994903564,True,0.08511359244585037,0.04700476676225662,0.018215371434757537,4.669620037078857,1.5682955980300903,True,none
burst_medium,0.3,42,1,69,1.8384841680526733,True,0.33308762311935425,0.135398268699646,True,4.672412872314453,1.5807924270629883,True,0.09992629289627075,0.04061948135495186,0.02138644328465593,4.646186828613281,1.613821268081665,True,none
burst_medium,0.3,42,1,68,1.8094583749771118,True,0.19336701929569244,0.07120531797409058,True,4.713362693786621,1.6245317459106445,True,0.05801010504364967,0.021361596882343292,0.012307583526323796,4.702441692352295,1.6436293125152588,True,none
burst_medium,0.3,42,1,67,1.8509639501571655,True,0.4554086923599243,0.18163102865219116,True,4.821926116943359,1.6795732975006104,True,0.1366226226091385,0.05448931083083153,0.028333620071249836,4.778367519378662,1.7187888622283936,True,none
burst_medium,0.3,42,1,66,1.881544828414917,True,0.31363731622695923,0.15137940645217896,True,4.767814636230469,1.7220079898834229,True,0.09409119933843613,0.045413821935653687,0.019734659695748325,4.739744186401367,1.742628812789917,True,none
burst_medium,0.3,42,1,65,1.8628047704696655,True,0.34647515416145325,0.12590232491493225,True,4.852022171020508,1.7270700931549072,True,0.10394255071878433,0.037770699709653854,0.02142252179711311,4.829261779785156,1.745266318321228,True,none
burst_medium,0.3,42,1,64,1.8751649856567383,True,0.40606412291526794,0.1421276330947876,True,4.856621742248535,1.7015165090560913,True,0.12181925028562546,0.04263829067349434,0.025083125009690396,4.816139221191406,1.717207908630371,True,none
burst_medium,0.3,42,1,63,1.8847606182098389,True,0.32490554451942444,0.16503259539604187,True,4.788970947265625,1.6363087892532349,True,0.09747166186571121,0.04950978234410286,0.020353362536338748,4.754753589630127,1.6476854085922241,True,none
burst_medium,0.3,42,1,62,1.8167177438735962,True,0.2760598361492157,0.1678452491760254,True,4.842038154602051,1.6362528800964355,True,0.08281794935464859,0.05035357549786568,0.017103943981919736,4.810378551483154,1.6250783205032349,True,none
burst_medium,0.3,42,1,61,1.8213386535644531,True,0.31087541580200195,0.12130707502365112,True,4.721495151519775,1.675683856010437,True,0.09326263517141342,0.03639212250709534,0.019752775800558408,4.703758239746094,1.6710491180419922,True,none
burst_medium,0.3,42,1,60,1.8652074337005615,True,0.483121395111084,0.18034636974334717,True,4.810029029846191,1.758664846420288,True,0.14493641257286072,0.05410391464829445,0.030132128449433738,4.800405979156494,1.7051254510879517,True,none
burst_medium,0.3,42,1,59,1.9099515676498413,True,0.5082913637161255,0.18363125622272491,True,4.696639060974121,1.7291821241378784,True,0.15248741209506989,0.05508938059210777,0.03246734741915856,4.670271396636963,1.6740927696228027,True,none
burst_medium,0.3,42,1,58,1.833298921585083,True,0.3410329818725586,0.1458219736814499,True,4.654860973358154,1.5533925294876099,True,0.10230990499258041,0.043746594339609146,0.021979153744467055,4.631132125854492,1.5150059461593628,True,none
burst_medium,0.3,42,1,57,1.8795162439346313,True,0.4744974374771118,0.2065069079399109,True,4.821350574493408,1.6029255390167236,True,0.1423492282629013,0.061952073127031326,0.029524762006718164,4.7983012199401855,1.5869388580322266,True,none
burst_medium,0.3,42,1,56,1.955975890159607,True,0.4844209849834442,0.1893574297428131,True,4.871729373931885,1.7081302404403687,True,0.14532630145549774,0.05680723115801811,0.029830536612541283,4.860095024108887,1.6861368417739868,True,none
burst_medium,0.3,42,1,55,1.962148904800415,True,0.4987751543521881,0.23386651277542114,True,4.811230659484863,1.791872501373291,True,0.1496325582265854,0.07015995681285858,0.031100682718582316,4.746334552764893,1.7535264492034912,True,none
burst_medium,0.3,42,1,54,1.936600685119629,True,0.4785500168800354,0.18935911357402802,True,4.735540866851807,1.9900237321853638,True,0.14356499910354614,0.0568077377974987,0.030316494596943053,4.681675434112549,1.942224144935608,True,none
burst_medium,0.3,42,1,53,1.9882471561431885,True,0.43523386120796204,0.1901007890701294,True,4.865726470947266,2.0298526287078857,True,0.1305701583623886,0.05703023821115494,0.026834668808857685,4.8377251625061035,1.9926776885986328,True,none
burst_medium,0.3,42,1,52,2.0118248462677,True,0.3627895712852478,0.15463405847549438,True,4.819443225860596,1.8076517581939697,True,0.10883688181638718,0.046390220522880554,0.022582874559525467,4.782613754272461,1.7612615823745728,True,none
burst_medium,0.3,42,1,51,2.0131821632385254,True,0.5797063708305359,0.3103299140930176,True,4.708582878112793,1.8209772109985352,True,0.1739119440317154,0.09309897571802139,0.03693509247550563,4.634676933288574,1.7880363464355469,True,none
burst_medium,0.3,42,1,50,1.957154631614685,True,0.46833232045173645,0.19841298460960388,True,4.583520889282227,1.8701889514923096,True,0.14049969613552094,0.05952389910817146,0.030653224787089896,4.558904647827148,1.8357714414596558,True,none
burst_medium,0.3,42,1,49,1.939003348350525,True,0.6961814761161804,0.2425445318222046,True,4.438662528991699,1.7890684604644775,True,0.20885445177555084,0.0727633610367775,0.04705346495962328,4.391936779022217,1.7373791933059692,True,none
burst_medium,0.3,42,1,48,1.811510682106018,True,0.5042969584465027,0.20604979991912842,True,4.455741882324219,1.8258243799209595,True,0.15128909051418304,0.061814941465854645,0.03395373756148396,4.370882987976074,1.7890769243240356,True,none
burst_medium,0.3,42,1,47,1.8408714532852173,True,0.31726014614105225,0.1237412691116333,True,4.281578063964844,1.7404487133026123,True,0.09517805278301239,0.03712238371372223,0.02222966657645219,4.220830917358398,1.7033263444900513,True,none
burst_medium,0.3,42,1,46,1.8210691213607788,True,0.3662169277667999,0.14460065960884094,True,4.257856369018555,1.8979549407958984,True,0.10986508429050446,0.04338020086288452,0.025802909907879958,4.218657493591309,1.855254054069519,True,none
burst_medium,0.3,42,1,45,1.8551247119903564,True,0.42429059743881226,0.25594550371170044,True,4.250680923461914,1.9054781198501587,True,0.12728719413280487,0.07678365707397461,0.02994513030376024,4.205386161804199,1.8742948770523071,True,none
burst_medium,0.3,42,1,44,1.782667875289917,True,0.5565420389175415,0.2219022512435913,True,4.261833667755127,1.8738309144973755,True,0.1669626235961914,0.06657067686319351,0.039176241170411026,4.226196765899658,1.831169605255127,True,none
burst_medium,0.3,42,1,43,1.7330763339996338,True,0.48973584175109863,0.17631471157073975,True,4.135372161865234,1.959633708000183,True,0.14692075550556183,0.05289441719651222,0.03552781944521738,4.0710039138793945,1.9086002111434937,True,none
burst_medium,0.3,42,1,42,1.7601324319839478,True,0.5180763602256775,0.22052723169326782,True,3.94647479057312,2.0630035400390625,True,0.15542294085025787,0.06615817546844482,0.039382727395465625,3.930367946624756,2.0519163608551025,True,none
burst_medium,0.3,42,1,41,1.7090299129486084,True,0.6860682368278503,0.2615259289741516,True,3.95078444480896,2.1077792644500732,True,0.2058204859495163,0.0784577801823616,0.05209610618465838,3.8549256324768066,2.050851583480835,True,none
burst_medium,0.3,42,1,40,1.5605357885360718,True,0.4279687702655792,0.15120625495910645,True,3.9454598426818848,2.0063400268554688,True,0.12839064002037048,0.045361876487731934,0.03254136276623861,3.9017865657806396,1.9747164249420166,True,none
burst_medium,0.3,42,1,39,1.4815113544464111,True,0.25863638520240784,0.15764659643173218,True,3.885881185531616,1.926805853843689,True,0.07759091258049011,0.04729397967457771,0.01996739191856046,3.834256172180176,1.879511833190918,True,none
burst_medium,0.3,42,1,38,1.5504610538482666,True,0.5558484196662903,0.2585061192512512,True,3.9007816314697266,2.008516550064087,True,0.16675452888011932,0.07755184173583984,0.042749003823945725,3.8679912090301514,1.972152829170227,True,none
burst_medium,0.3,42,1,37,1.5838767290115356,True,0.38806775212287903,0.19596785306930542,True,3.9369144439697266,1.9118849039077759,True,0.11642033606767654,0.058790359646081924,0.029571467128520153,3.8960273265838623,1.8804792165756226,True,none
burst_medium,0.3,42,1,36,1.6366384029388428,True,0.7603896260261536,0.337371826171875,True,3.935717821121216,1.9092482328414917,True,0.22811691462993622,0.1012115553021431,0.057960688493895074,3.834984302520752,1.859767198562622,True,none
burst_medium,0.3,42,1,35,1.5516393184661865,True,0.5197950005531311,0.22768282890319824,True,3.675887107849121,1.7625553607940674,True,0.155938521027565,0.06830485165119171,0.042422010375277056,3.6293017864227295,1.7168279886245728,True,none
burst_medium,0.3,42,1,34,1.506984829902649,True,0.41984739899635315,0.18974299728870392,True,3.6466264724731445,1.7145195007324219,True,0.12595421075820923,0.056922901421785355,0.034539926616819754,3.621062994003296,1.676825761795044,True,none
burst_medium,0.3,42,1,33,1.5203701257705688,True,0.6315540075302124,0.26292067766189575,True,3.6701672077178955,1.8578150272369385,True,0.1894662231206894,0.07887620478868484,0.051623321880870814,3.5960769653320312,1.802524209022522,True,none
burst_medium,0.3,42,1,32,1.4972107410430908,True,0.42685598134994507,0.17074716091156006,True,3.6313741207122803,1.846875548362732,True,0.12805680930614471,0.05122414976358414,0.035264008898370294,3.5504260063171387,1.8018418550491333,True,none
burst_medium,0.3,42,1,31,1.4998023509979248,True,0.7590012550354004,0.3183513879776001,True,3.6973586082458496,2.022365093231201,True,0.2277003973722458,0.09550542384386063,0.06158461255674977,3.6360740661621094,1.978164792060852,True,none
burst_medium,0.3,42,1,30,1.4925687313079834,True,0.5797144174575806,0.19337213039398193,True,3.7754297256469727,2.159163236618042,True,0.1739143431186676,0.05801163986325264,0.04606478090088642,3.7335047721862793,2.101151704788208,True,none
burst_medium,0.3,42,1,29,1.6351118087768555,True,1.1223284006118774,0.4060777425765991,True,3.8024563789367676,2.138176202774048,True,0.3366985619068146,0.12182332575321198,0.08854764614048584,3.723878860473633,2.0997636318206787,True,none
burst_medium,0.3,42,1,28,1.4470245838165283,True,0.5203729271888733,0.21395725011825562,True,3.827688694000244,2.244349956512451,True,0.15611189603805542,0.0641871765255928,0.040784898803999936,3.7659993171691895,2.1869378089904785,True,none
burst_medium,0.3,42,1,27,1.4942058324813843,True,0.7263749241828918,0.2879289984703064,True,3.85048246383667,2.228858232498169,True,0.2179124802350998,0.08637870103120804,0.05659355217992927,3.7709195613861084,2.165505886077881,True,none
burst_medium,0.3,42,1,26,1.5201325416564941,True,1.1817728281021118,0.518519401550293,True,3.942877769470215,2.372035026550293,True,0.354531854391098,0.1555558294057846,0.08991702891125758,3.882333993911743,2.304874897003174,True,none
burst_medium,0.3,42,1,25,1.7002708911895752,True,1.6228156089782715,0.7951682806015015,True,3.91540789604187,2.3872087001800537,True,0.4868447184562683,0.23855049908161163,0.12434074083272416,3.7576892375946045,2.3269400596618652,True,none
burst_medium,0.3,42,1,24,1.8120644092559814,True,2.2600700855255127,1.0314178466796875,True,3.720654010772705,2.4336612224578857,True,0.6780210733413696,0.30942535400390625,0.18223169135804057,3.722592830657959,2.324740409851074,True,none
burst_medium,0.3,42,1,23,1.7546837329864502,True,1.9474936723709106,0.876733660697937,True,3.7751874923706055,2.318199634552002,True,0.5842481255531311,0.2630200982093811,0.15476002893464275,3.5950913429260254,2.242738962173462,True,none
burst_medium,0.3,42,1,22,1.5873665809631348,True,1.6026713848114014,1.0797861814498901,True,3.6403298377990723,2.158356189727783,True,0.48080143332481384,0.323935866355896,0.13207633779014163,3.610835075378418,2.103846788406372,True,none
burst_medium,0.3,42,1,21,1.4554587602615356,True,1.1085724830627441,0.4434390664100647,True,3.7880895137786865,2.2767224311828613,True,0.33257174491882324,0.1330317258834839,0.08779405653141212,3.662330389022827,2.212297201156616,True,none
burst_medium,0.3,42,1,20,1.451451063156128,True,0.8877260088920593,0.3829105496406555,True,3.691756248474121,2.2105917930603027,True,0.26631781458854675,0.11487317085266113,0.0721385152929718,3.5851659774780273,2.139777183532715,True,none
burst_medium,0.3,42,1,19,1.3840702772140503,True,1.0437986850738525,0.4593634605407715,True,3.589719533920288,2.170184373855591,True,0.3131396174430847,0.13780903816223145,0.08723233514040625,3.515807867050171,2.0917561054229736,True,none
burst_medium,0.3,42,1,18,1.351177453994751,True,1.2970305681228638,0.6570373773574829,True,3.498250722885132,2.091947078704834,True,0.38910919427871704,0.19711121916770935,0.11122964735863575,3.383896827697754,2.009047269821167,True,none
burst_medium,0.3,42,1,17,1.542180061340332,True,2.5117275714874268,1.4537265300750732,True,3.4648079872131348,2.15200138092041,True,0.7535183429718018,0.4361179769039154,0.2174776627600842,3.4478096961975098,2.0585696697235107,True,none
burst_medium,0.3,42,1,16,2.7228775024414062,True,5.484142303466797,2.7171521186828613,True,3.4272899627685547,2.028210401535034,True,1.6452428102493286,0.8151456713676453,0.48004190719825357,3.3808858394622803,1.8610655069351196,True,none
burst_medium,0.3,42,1,15,7.301612854003906,True,11.868975639343262,5.311243534088135,True,3.42972469329834,1.9009580612182617,True,3.56069278717041,1.59337317943573,1.0381861827355832,4.206647872924805,2.0148513317108154,True,none
burst_medium,0.3,42,1,14,52.60474395751953,True,48.21003723144531,23.84250259399414,True,4.162026882171631,2.1115243434906006,True,14.463011741638184,7.1527509689331055,3.47499238978685,12.467174530029297,5.836536407470703,True,none
burst_medium,0.3,42,1,13,1343.66796875,True,279.4051818847656,109.3438949584961,True,11.987398147583008,5.698767185211182,True,83.82156372070312,32.80316925048828,6.992473486633702,74.77965545654297,27.739938735961914,True,none
burst_medium,0.3,42,1,12,87870.2421875,True,2449.21875,838.65380859375,True,70.96182250976562,26.81515121459961,True,734.7656860351562,251.5961456298828,10.35438014481701,665.5584716796875,225.81195068359375,True,none
burst_medium,0.3,42,1,11,8412301.0,True,26151.3203125,8696.4130859375,True,632.169677734375,215.43052673339844,True,7845.39599609375,2608.924072265625,12.41026938243978,7233.96484375,2398.712646484375,True,none
burst_medium,0.3,42,1,10,1025626624.0,True,286562.125,84483.1875,True,6851.0263671875,2318.3466796875,True,85968.640625,25344.95703125,12.548286346807922,79194.1328125,23026.609375,True,none
burst_medium,0.3,42,1,9,145847484416.0,True,3737418.75,929359.0,True,75460.046875,22077.96875,True,1121225.75,278807.71875,14.8585350318867,1046891.625,258789.859375,True,none
burst_medium,0.3,42,1,8,25236072300544.0,True,48395324.0,12397258.0,True,991035.0,248721.171875,True,14518597.0,3719177.5,14.649933655219039,13531272.0,3474934.5,True,none
burst_medium,0.3,42,1,7,4966321687101440.0,True,739116224.0,180168224.0,True,12927438.0,3332581.5,True,221734880.0,54050468.0,17.152267912636674,208896352.0,50726084.0,True,none
burst_medium,0.3,42,1,6,1.1603192937164308e+18,True,11122814976.0,2894992896.0,True,197802928.0,48335872.0,True,3336844544.0,868497920.0,16.869540697597763,3139261184.0,820162048.0,True,none
burst_medium,0.3,42,1,5,3.0368746894466115e+20,True,193946517504.0,50407837696.0,True,3006067200.0,790288192.0,True,58183954432.0,15122352128.0,19.355506900178412,55184740352.0,14332063744.0,True,none
burst_medium,0.3,42,1,4,9.29723557434328e+22,True,3371078254592.0,897604321280.0,True,52339195904.0,13685411840.0,True,1011323502592.0,269281312768.0,19.322488340228972,959008210944.0,255669878784.0,True,none
burst_medium,0.3,42,1,3,3.1660197582253906e+25,True,66123789762560.0,17556310065152.0,True,920988483584.0,247027466240.0,True,19837136928768.0,5266893438976.0,21.538963062352696,18917384781824.0,5021552869376.0,True,none
burst_medium,0.3,42,1,2,1.2445151081986418e+28,True,1315930197983232.0,358035520225280.0,True,18009492029440.0,4811878563840.0,True,394779066105856.0,107410664456192.0,21.920610834581744,376772080173056.0,102615710957568.0,True,none
burst_medium,0.3,42,1,1,5.40045660186895e+30,True,2.867435057184768e+16,7714132241416192.0,True,364181081554944.0,99689554771968.0,True,8602305171554304.0,2314239779799040.0,23.620955637852028,8238205761486848.0,2214550233415680.0,True,none
burst_medium,0.3,42,1,0,2.668165591052841e+33,True,6.477684794112082e+17,1.7584817598522982e+17,True,8000559852290048.0,2174476175278080.0,True,1.9433057131115315e+17,5.275445623154278e+16,24.289621588860278,1.8633019828994048e+17,5.057997871408742e+16,True,none
burst_medium,0.3,42,2,99,8.7523832321167,True,5.061327934265137,1.896824836730957,True,6.6266608238220215,2.3271851539611816,True,1.518398404121399,0.5690474510192871,0.22913477005835522,6.775634765625,2.1737747192382812,True,none
burst_medium,0.3,42,2,98,3.316030979156494,True,4.390544414520264,2.315673351287842,True,6.633210182189941,2.166991949081421,True,1.3171635866165161,0.6947020292282104,0.19857106143762485,7.11550760269165,2.5947928428649902,True,none
burst_medium,0.3,42,2,97,3.092907190322876,True,3.0397462844848633,1.5558276176452637,True,7.028060436248779,2.604123592376709,True,0.9119239449501038,0.46674829721450806,0.12975471016818868,6.892512321472168,2.291079521179199,True,none
burst_medium,0.3,42,2,96,1.9435741901397705,True,1.147184133529663,0.8171416521072388,True,6.8196282386779785,2.2871334552764893,True,0.34415528178215027,0.24514250457286835,0.05046540217987251,6.891406536102295,2.405945301055908,True,none
burst_medium,0.3,42,2,95,2.0012898445129395,True,2.056493043899536,1.1679728031158447,True,6.707050323486328,2.3349192142486572,True,0.6169480085372925,0.35039186477661133,0.09198499769366732,6.922116756439209,2.5721628665924072,True,none
burst_medium,0.3,42,2,94,2.0839524269104004,True,2.63490891456604,1.6282298564910889,True,6.885250568389893,2.5338151454925537,True,0.790472686290741,0.4884689748287201,0.11480666947978296,7.1307854652404785,3.0222840309143066,True,none
burst_medium,0.3,42,2,93,3.528428316116333,True,5.520803928375244,4.283695220947266,True,6.9484710693359375,2.9109294414520264,True,1.6562411785125732,1.2851085662841797,0.23836052017564507,6.3615007400512695,2.1963164806365967,True,none
burst_medium,0.3,42,2,92,3.5058512687683105,True,2.562912940979004,1.0400609970092773,True,6.252835750579834,1.9418933391571045,True,0.768873929977417,0.3120183050632477,0.12296403754184576,6.424335956573486,2.2432124614715576,True,none
burst_medium,0.3,42,2,91,1.99063241481781,True,1.71809720993042,1.2159671783447266,True,6.405755996704102,2.1310877799987793,True,0.5154291987419128,0.3647901713848114,0.080463445533522,6.524930000305176,2.211677312850952,True,none
burst_medium,0.3,42,2,90,3.1111292839050293,True,3.7344212532043457,2.20872163772583,True,6.404215335845947,2.1268882751464844,True,1.1203263998031616,0.662616491317749,0.17493577917848077,6.298046588897705,2.1903092861175537,True,none
burst_medium,0.3,42,2,89,1.6723299026489258,True,1.244212031364441,0.7476757764816284,True,6.041906833648682,2.099653482437134,True,0.3732635974884033,0.224302738904953,0.06177910513441818,6.023446559906006,1.9885836839675903,True,none
burst_medium,0.3,42,2,88,2.1806085109710693,True,2.4330906867980957,1.6780328750610352,True,5.786423683166504,1.8768924474716187,True,0.7299272418022156,0.5034098625183105,0.1261447971612496,5.893491268157959,2.1777842044830322,True,none
burst_medium,0.3,42,2,87,1.7848789691925049,True,2.650538444519043,1.3482623100280762,True,5.882831573486328,2.069488286972046,True,0.7951615452766418,0.40447869896888733,0.13516646454069262,5.690458297729492,1.9430912733078003,True,none
burst_medium,0.3,42,2,86,1.6202014684677124,True,1.8193353414535522,0.9195215702056885,True,5.3224005699157715,2.0136704444885254,True,0.5458006858825684,0.27585649490356445,0.1025478407182538,5.450967788696289,2.0134036540985107,True,none
burst_medium,0.3,42,2,85,1.5946877002716064,True,1.017513632774353,0.44701600074768066,True,5.527979850769043,2.0554416179656982,True,0.30525410175323486,0.13410480320453644,0.055219828941799276,5.595783710479736,2.0618844032287598,True,none
burst_medium,0.3,42,2,84,1.221160888671875,True,0.8420336246490479,0.45275211334228516,True,5.3751091957092285,1.8843955993652344,True,0.25261011719703674,0.13582563400268555,0.04699627635446737,5.438754081726074,1.8791120052337646,True,none
burst_medium,0.3,42,2,83,1.2462342977523804,True,0.4939720034599304,0.28039705753326416,True,5.386178493499756,1.9635860919952393,True,0.14819160103797913,0.08411911875009537,0.027513310451332953,5.42582893371582,1.966129183769226,True,none
burst_medium,0.3,42,2,82,1.4722764492034912,True,1.8700670003890991,0.979640007019043,True,5.589568614959717,1.8991012573242188,True,0.5610201358795166,0.2938920259475708,0.10036912944908172,5.46010684967041,1.9250239133834839,True,none
burst_medium,0.3,42,2,81,1.5474077463150024,True,1.1001396179199219,0.7727658748626709,True,5.503264427185059,1.9645525217056274,True,0.33004191517829895,0.23182977735996246,0.059972025612270406,5.550551414489746,1.9578338861465454,True,none
burst_medium,0.3,42,2,80,1.2697060108184814,True,0.4293704926967621,0.13031280040740967,True,5.484072208404541,1.849287509918213,True,0.12881115078926086,0.03909384086728096,0.02348823025922773,5.478280067443848,1.8398997783660889,True,none
burst_medium,0.3,42,2,79,1.468847632408142,True,0.8426535725593567,0.33628153800964355,True,5.385509014129639,1.6356867551803589,True,0.2527960538864136,0.10088446736335754,0.04694004841940116,5.5015130043029785,1.67059326171875,True,none
burst_medium,0.3,42,2,78,1.2022336721420288,True,0.5951361656188965,0.2861274480819702,True,5.223501682281494,1.5194083452224731,True,0.17854085564613342,0.08583823591470718,0.034180300209670285,5.177656173706055,1.4727427959442139,True,none
burst_medium,0.3,42,2,77,1.1817837953567505,True,0.4533698260784149,0.21293461322784424,True,5.30095911026001,1.6130315065383911,True,0.13601095974445343,0.06388038396835327,0.02565780209116846,5.315694332122803,1.6043736934661865,True,none
burst_medium,0.3,42,2,76,1.58564031124115,True,1.6961171627044678,0.7386476993560791,True,5.313918113708496,1.55941641330719,True,0.5088351964950562,0.22159431874752045,0.09575518207220786,5.087220668792725,1.5364353656768799,True,none
burst_medium,0.3,42,2,75,1.3416893482208252,True,1.1097769737243652,0.5350457429885864,True,4.871490001678467,1.4741549491882324,True,0.33293309807777405,0.1605137288570404,0.06834317589956952,4.845943450927734,1.5004371404647827,True,none
burst_medium,0.3,42,2,74,1.4209531545639038,True,1.1358457803726196,0.48782360553741455,True,4.774261951446533,1.5178883075714111,True,0.3407537341117859,0.14634709060192108,0.07137307034618638,4.875331878662109,1.5262529850006104,True,none
burst_medium,0.3,42,2,73,1.081855058670044,True,0.6080222129821777,0.32329750061035156,True,4.778383255004883,1.4862700700759888,True,0.18240667879581451,0.09698925167322159,0.03817330445495836,4.7970147132873535,1.524120807647705,True,none
burst_medium,0.3,42,2,72,1.232898473739624,True,0.6148994565010071,0.4944688081741333,True,4.734527111053467,1.5755866765975952,True,0.18446983397006989,0.14834064245224,0.03896267349264054,4.729600429534912,1.5625789165496826,True,none
burst_medium,0.3,42,2,71,1.3552136421203613,True,0.7673520445823669,0.5816683769226074,True,4.803078651428223,1.7004157304763794,True,0.23020562529563904,0.17450052499771118,0.047928764445099845,4.7584662437438965,1.6766926050186157,True,none
burst_medium,0.3,42,2,70,1.3557177782058716,True,0.8758673667907715,0.7068681716918945,True,4.768514156341553,1.7349162101745605,True,0.2627602219581604,0.21206046640872955,0.05510316491535747,4.79556131362915,1.6996642351150513,True,none
burst_medium,0.3,42,2,69,1.2401341199874878,True,0.47816574573516846,0.2401949167251587,True,4.703323841094971,1.7783660888671875,True,0.14344973862171173,0.07205847650766373,0.030499651622603347,4.7238569259643555,1.7542998790740967,True,none
burst_medium,0.3,42,2,68,1.2504562139511108,True,0.6402507424354553,0.45397448539733887,True,4.693507194519043,1.7504067420959473,True,0.19207525253295898,0.13619235157966614,0.04092360884355703,4.709804058074951,1.730493187904358,True,none
burst_medium,0.3,42,2,67,1.3342583179473877,True,1.0280004739761353,0.6204005479812622,True,4.84329080581665,1.703197956085205,True,0.30840015411376953,0.1861201673746109,0.06367574578493744,4.841511249542236,1.6868630647659302,True,none
burst_medium,0.3,42,2,66,1.2472355365753174,True,0.77650386095047,0.2768319249153137,True,4.786158561706543,1.4818401336669922,True,0.23295114934444427,0.08304958045482635,0.0486718411730461,4.796885967254639,1.4463043212890625,True,none
burst_medium,0.3,42,2,65,1.2108154296875,True,0.37045228481292725,0.14997795224189758,True,4.853747367858887,1.5029006004333496,True,0.11113568395376205,0.044993385672569275,0.022896882662181896,4.867327690124512,1.4868556261062622,True,none
burst_medium,0.3,42,2,64,1.440159559249878,True,0.9790352582931519,0.7846922874450684,True,4.855990409851074,1.536489486694336,True,0.2937105596065521,0.23540769517421722,0.060484172087872656,4.89584493637085,1.4914164543151855,True,none
burst_medium,0.3,42,2,63,1.305863380432129,True,0.9223522543907166,0.5794723629951477,True,4.6502366065979,1.5293736457824707,True,0.27670565247535706,0.1738417148590088,0.059503564202023386,4.63770055770874,1.5692379474639893,True,none
burst_medium,0.3,42,2,62,1.2762969732284546,True,0.4890342950820923,0.33554160594940186,True,4.665396213531494,1.722820520401001,True,0.14671029150485992,0.1006624847650528,0.03144648059671987,4.680680751800537,1.7022119760513306,True,none
burst_medium,0.3,42,2,61,1.3016704320907593,True,0.7378204464912415,0.34162843227386475,True,4.468099594116211,1.7287371158599854,True,0.22134613990783691,0.10248853266239166,0.04953921353930106,4.462192535400391,1.7420567274093628,True,none
burst_medium,0.3,42,2,60,1.340827226638794,True,0.6870490312576294,0.6155803203582764,True,4.537924766540527,1.6946380138397217,True,0.20611472427845,0.18467409908771515,0.045420480700374306,4.548579216003418,1.6669217348098755,True,none
burst_medium,0.3,42,2,59,1.3407574892044067,True,0.6593347787857056,0.24160335958003998,True,4.427591323852539,1.5306364297866821,True,0.1978004425764084,0.07248101383447647,0.04467450315722758,4.440277576446533,1.4822447299957275,True,none
burst_medium,0.3,42,2,58,1.3562167882919312,True,0.8698848485946655,0.6248651742935181,True,4.361716270446777,1.4633464813232422,True,0.2609654664993286,0.1874595582485199,0.05983091295219386,4.328858375549316,1.4365180730819702,True,none
burst_medium,0.3,42,2,57,1.322991967201233,True,0.43652409315109253,0.32596123218536377,True,4.457545757293701,1.3863351345062256,True,0.1309572458267212,0.09778837114572525,0.029378777685548554,4.4658026695251465,1.3696030378341675,True,none
burst_medium,0.3,42,2,56,1.3515446186065674,True,0.6391590237617493,0.3844239115715027,True,4.377903461456299,1.3858345746994019,True,0.19174771010875702,0.11532717943191528,0.04379898090419034,4.353812217712402,1.3806391954421997,True,none
burst_medium,0.3,42,2,55,1.2662863731384277,True,0.51356440782547,0.4164171814918518,True,4.2664995193481445,1.472930669784546,True,0.15406934916973114,0.1249251589179039,0.03611141838197944,4.266397476196289,1.4683939218521118,True,none
burst_medium,0.3,42,2,54,1.198164463043213,True,0.30247169733047485,0.14216426014900208,True,4.153556823730469,1.4035723209381104,True,0.09074151515960693,0.0426492802798748,0.021846701275675975,4.144481182098389,1.4016828536987305,True,none
burst_medium,0.3,42,2,53,1.3605133295059204,True,1.0968126058578491,0.8493462800979614,True,4.323806285858154,1.464443325996399,True,0.32904377579689026,0.2548038959503174,0.07610048971736212,4.274048328399658,1.469085931777954,True,none
burst_medium,0.3,42,2,52,1.4231188297271729,True,1.0615609884262085,0.6345453262329102,True,4.409928321838379,1.4584989547729492,True,0.318468302488327,0.19036360085010529,0.07221620834768898,4.396306991577148,1.4154417514801025,True,none
burst_medium,0.3,42,2,51,1.4451731443405151,True,0.752289354801178,0.4003552198410034,True,4.283992767333984,1.4292861223220825,True,0.22568680346012115,0.12010657042264938,0.05268141561324763,4.270638465881348,1.4254624843597412,True,none
burst_medium,0.3,42,2,50,1.290299654006958,True,0.37510088086128235,0.19750848412513733,True,4.184352397918701,1.4664208889007568,True,0.11253026872873306,0.0592525489628315,0.026893114639359433,4.150335788726807,1.4606757164001465,True,none
burst_medium,0.3,42,2,49,1.490415334701538,True,1.2406126260757446,0.9211690425872803,True,3.928009510040283,1.4141161441802979,True,0.37218374013900757,0.276350736618042,0.0947512319375968,3.860945463180542,1.4079911708831787,True,none
burst_medium,0.3,42,2,48,1.3709526062011719,True,0.6289757490158081,0.47927844524383545,True,3.8935370445251465,1.3862000703811646,True,0.18869273364543915,0.1437835395336151,0.04846306365845905,3.854116678237915,1.342780590057373,True,none
burst_medium,0.3,42,2,47,1.3817687034606934,True,0.8345255851745605,0.6836886405944824,True,3.896286725997925,1.3608776330947876,True,0.25035765767097473,0.20510660111904144,0.06425545019579851,3.8616981506347656,1.3513553142547607,True,none
burst_medium,0.3,42,2,46,1.417222261428833,True,1.5801271200180054,1.1321340799331665,True,3.776087522506714,1.3314584493637085,True,0.47403818368911743,0.33964022994041443,0.12553686345021656,3.72381329536438,1.3690022230148315,True,none
burst_medium,0.3,42,2,45,1.2479056119918823,True,0.33595433831214905,0.13641740381717682,True,3.7437450885772705,1.3995085954666138,True,0.10078629851341248,0.040925223380327225,0.026921250279806633,3.7189443111419678,1.3962311744689941,True,none
burst_medium,0.3,42,2,44,1.3416993618011475,True,0.7016744017601013,0.4284839630126953,True,3.765195846557617,1.3419328927993774,True,0.21050234138965607,0.12854519486427307,0.055907408264580676,3.7143869400024414,1.3419355154037476,True,none
burst_medium,0.3,42,2,43,1.328882098197937,True,0.6958479881286621,0.39052844047546387,True,3.5558764934539795,1.2549000978469849,True,0.20875439047813416,0.11715853959321976,0.05870687321743931,3.5007219314575195,1.2345079183578491,True,none
burst_medium,0.3,42,2,42,1.1932599544525146,True,0.4231663644313812,0.1787087619304657,True,3.3254666328430176,1.262046456336975,True,0.12694990634918213,0.05361263081431389,0.03817506544656308,3.2938601970672607,1.2584705352783203,True,none
burst_medium,0.3,42,2,41,1.2600700855255127,True,0.7317108511924744,0.35659247636795044,True,3.1331262588500977,1.1361292600631714,True,0.21951328217983246,0.10697774589061737,0.07006206071641904,3.1043848991394043,1.1394339799880981,True,none
burst_medium,0.3,42,2,40,1.2512058019638062,True,0.7174280881881714,0.3534156084060669,True,3.1989426612854004,1.1482245922088623,True,0.21522842347621918,0.10602468997240067,0.06728111325061036,3.177682399749756,1.1430060863494873,True,none
burst_medium,0.3,42,2,39,1.193721890449524,True,0.5922785997390747,0.3696451187133789,True,3.1600046157836914,1.2110834121704102,True,0.17768359184265137,0.11089354008436203,0.05622890262726057,3.1284213066101074,1.2032305002212524,True,none
burst_medium,0.3,42,2,38,1.1165271997451782,True,0.6307916641235352,0.4536004066467285,True,3.1319327354431152,1.220425009727478,True,0.18923747539520264,0.13608013093471527,0.060421947525756275,3.1351547241210938,1.2055692672729492,True,none
burst_medium,0.3,42,2,37,1.1144139766693115,True,0.5108883380889893,0.3303043246269226,True,3.2401010990142822,1.1646316051483154,True,0.15326650440692902,0.0990912988781929,0.04730300065436511,3.17393159866333,1.1600961685180664,True,none
burst_medium,0.3,42,2,36,1.1903735399246216,True,0.7508881688117981,0.5641087293624878,True,3.13702130317688,1.1880985498428345,True,0.2252664417028427,0.16923262178897858,0.07180902516493663,3.0675535202026367,1.181251049041748,True,none
burst_medium,0.3,42,2,35,1.2492207288742065,True,1.073411226272583,0.8266227841377258,True,2.911543607711792,1.2108607292175293,True,0.3220233619213104,0.24798683822155,0.11060228020224669,2.8733136653900146,1.216569423675537,True,none
burst_medium,0.3,42,2,34,1.1324163675308228,True,0.600492000579834,0.34233108162879944,True,2.8730082511901855,1.2151992321014404,True,0.18014761805534363,0.10269933193922043,0.06270348091783312,2.843900203704834,1.210707426071167,True,none
burst_medium,0.3,42,2,33,1.1654703617095947,True,1.097320318222046,0.7314614653587341,True,2.8324577808380127,1.275635838508606,True,0.32919612526893616,0.21943844854831696,0.11622278273514945,2.820101499557495,1.285508632659912,True,none
burst_medium,0.3,42,2,32,1.1394327878952026,True,1.1463291645050049,0.8158326148986816,True,2.8723931312561035,1.2977184057235718,True,0.343898743391037,0.24474979937076569,0.11972551377064797,2.8723883628845215,1.3056057691574097,True,none
burst_medium,0.3,42,2,31,1.2120187282562256,True,1.4641660451889038,0.9019261598587036,True,2.7277417182922363,1.1526416540145874,True,0.43924984335899353,0.2705778479576111,0.16103058453563363,2.6944987773895264,1.1438225507736206,True,none
burst_medium,0.3,42,2,30,1.0912764072418213,True,1.0467021465301514,0.5875657796859741,True,2.6406025886535645,1.136067509651184,True,0.3140106499195099,0.1762697398662567,0.1189162849679338,2.619591474533081,1.1301604509353638,True,none
burst_medium,0.3,42,2,29,1.1247373819351196,True,1.3294609785079956,0.8505382537841797,True,2.721327543258667,1.1169428825378418,True,0.3988382816314697,0.25516149401664734,0.14656018994087433,2.6699259281158447,1.1154459714889526,True,none
burst_medium,0.3,42,2,28,1.0992517471313477,True,1.3490405082702637,0.8221297264099121,True,2.7558956146240234,1.1337292194366455,True,0.4047122001647949,0.2466389238834381,0.1468532400200729,2.6907341480255127,1.1226730346679688,True,none
burst_medium,0.3,42,2,27,1.005649447441101,True,0.9535695314407349,0.5946646928787231,True,2.6071665287017822,1.11719810962677,True,0.28607088327407837,0.17839941382408142,0.10972482199532355,2.5405030250549316,1.1128145456314087,True,none
burst_medium,0.3,42,2,26,0.9182451367378235,True,0.8593811988830566,0.40672266483306885,True,2.5069057941436768,1.075357437133789,True,0.2578144073486328,0.1220168024301529,0.10284168154655196,2.5009169578552246,1.0711450576782227,True,none
burst_medium,0.3,42,2,25,0.9786035418510437,True,1.0470316410064697,0.7819506525993347,True,2.4970452785491943,0.9315168857574463,True,0.3141095042228699,0.2345852106809616,0.12579247437805555,2.4158267974853516,0.9182315468788147,True,none
burst_medium,0.3,42,2,24,1.1776647567749023,True,2.4757769107818604,1.8932209014892578,True,2.342257499694824,0.8868883848190308,True,0.7427331209182739,0.5679662823677063,0.3171013951347059,2.4852488040924072,0.9179545640945435,True,none
burst_medium,0.3,42,2,23,1.931431770324707,True,3.967991828918457,2.7211616039276123,True,2.643223762512207,0.993441641330719,True,1.1903976202011108,0.8163484930992126,0.4503582470328835,2.4427947998046875,0.9441421627998352,True,none
burst_medium,0.3,42,2,22,3.171239137649536,True,6.868130683898926,3.943488597869873,True,2.523475170135498,1.0305856466293335,True,2.060439348220825,1.183046579360962,0.8165086673348854,2.9308652877807617,1.2125892639160156,True,none
burst_medium,0.3,42,2,21,7.698685646057129,True,10.681984901428223,6.356396198272705,True,2.964984655380249,1.2192672491073608,True,3.2045955657958984,1.9069188833236694,1.0808135414730635,3.0570619106292725,1.5000674724578857,True,none
burst_medium,0.3,42,2,20,16.462528228759766,True,17.043567657470703,7.8310627937316895,True,2.974548578262329,1.4708040952682495,True,5.113070487976074,2.3493189811706543,1.7189399848232794,4.5630574226379395,2.4539761543273926,True,none
burst_medium,0.3,42,2,19,54.2847785949707,True,41.969688415527344,26.60577964782715,True,4.425171375274658,2.3179850578308105,True,12.59090518951416,7.981734275817871,2.8452921077502524,10.015844345092773,6.6803741455078125,True,none
burst_medium,0.3,42,2,18,678.6285400390625,True,171.16358947753906,81.49100494384766,True,9.689061164855957,6.47489070892334,True,51.34907913208008,24.447301864624023,5.299696044682587,43.20840835571289,20.789369583129883,True,none
burst_medium,0.3,42,2,17,14932.767578125,True,857.6304321289062,313.0631103515625,True,41.234275817871094,19.895336151123047,True,257.2891540527344,93.91893768310547,6.2396913477796065,222.3076629638672,76.61699676513672,True,none
burst_medium,0.3,42,2,16,607562.625,True,6115.6728515625,2355.48486328125,True,211.71287536621094,73.75515747070312,True,1834.7020263671875,706.6455078125,8.665991726736497,1645.0924072265625,647.700439453125,True,none
burst_medium,0.3,42,2,15,36951352.0,True,49748.90234375,20773.529296875,True,1558.8828125,621.5934448242188,True,14924.669921875,6232.05908203125,9.573952449921563,13534.3466796875,5779.8271484375,True,none
burst_medium,0.3,42,2,14,2838879744.0,True,461074.59375,125295.015625,True,12913.435546875,5614.4794921875,True,138322.390625,37588.5078125,10.711509739054177,126716.984375,36228.73828125,True,none
burst_medium,0.3,42,2,13,266876747776.0,True,4414185.0,1285909.125,True,119978.5625,34713.16796875,True,1324255.5,385772.75,11.037434291646893,1210364.0,355603.8125,True,none
burst_medium,0.3,42,2,12,30816333725696.0,True,52432372.0,13995986.0,True,1155132.5,342642.71875,True,15729711.0,4198796.0,13.61723525223297,14610462.0,3900636.25,True,none
burst_medium,0.3,42,2,11,4380193942667264.0,True,609923072.0,177246560.0,True,13838112.0,3731745.75,True,182976928.0,53173972.0,13.222680088150753,169391632.0,49792528.0,True,none
burst_medium,0.3,42,2,10,7.203474481191322e+17,True,8651607040.0,2441738752.0,True,161863872.0,47824000.0,True,2595482368.0,732521664.0,16.0349702248566,2436506368.0,686205696.0,True,none
burst_medium,0.3,42,2,9,1.432763046843279e+20,True,118888153088.0,36773568512.0,True,2308698880.0,664019776.0,True,35666448384.0,11032071168.0,15.448722522012051,33384517632.0,10395658240.0,True,none
burst_medium,0.3,42,2,8,3.214834470943403e+22,True,1944006557696.0,550097256448.0,True,31938906112.0,10002622464.0,True,583201980416.0,165029183488.0,18.259923441676072,551581777920.0,156450488320.0,True,none
burst_medium,0.3,42,2,7,8.550588151605964e+24,True,31183901556736.0,9804978323456.0,True,522914201600.0,150735077376.0,True,9355171725312.0,2941493706752.0,17.890452576516903,8835369533440.0,2796612222976.0,True,none
burst_medium,0.3,42,2,6,2.5439464981674125e+27,True,577999787261952.0,171270159204352.0,True,8461363445760.0,2692878434304.0,True,173399926112256.0,51381050277888.0,20.49314241419885,164972680183808.0,48873288499200.0,True,none
burst_medium,0.3,42,2,5,8.786938293399676e+29,True,1.068557798473728e+16,3290130437636096.0,True,156590078427136.0,47348608663552.0,True,3205673126985728.0,987039184977920.0,20.47175120662183,3049592941707264.0,941392473882624.0,True,none
burst_medium,0.3,42,2,4,3.3833059884736976e+32,True,2.2221145459235226e+17,6.511569852694528e+16,True,2923865827180544.0,907290366443520.0,True,6.666344153166643e+16,1.9534709558083584e+16,22.7997608207451,6.374431976429978e+16,1.8663894201401344e+16,True,none
burst_medium,0.3,42,2,3,1.4945017259344313e+35,True,4.69245009528986e+18,1.4061520891842396e+18,True,6.064068190692966e+16,1.8112355976085504e+16,True,1.4077348361724232e+18,4.218456404991672e+17,23.214363557668957,1.3471377267087114e+18,4.043346808762532e+17,True,none
burst_medium,0.3,42,2,2,,False,,,False,1.295409278034641e+18,3.90625969901142e+17,True,,,,,,False,likelihood_loss
burst_medium,1.0,42,0,99,1.2216968536376953,True,1.594360589981079,1.0637435913085938,True,6.632119655609131,2.327484369277954,True,1.594360589981079,1.0637435913085938,0.24039985295385985,6.34204626083374,2.3867475986480713,True,none
burst_medium,1.0,42,0,98,1.813072919845581,True,1.360471487045288,0.8353195190429688,True,6.299530506134033,2.4561855792999268,True,1.360471487045288,0.8353195190429688,0.21596394933246885,6.663603782653809,2.5833864212036133,True,none
burst_medium,1.0,42,0,97,0.9229737520217896,True,0.4171624481678009,0.1672673225402832,True,6.564590930938721,2.6238508224487305,True,0.4171624481678009,0.1672673225402832,0.06354736381236845,6.699917793273926,2.5818889141082764,True,none
burst_medium,1.0,42,0,96,0.8712442517280579,True,0.3710377514362335,0.16840171813964844,True,6.622756004333496,2.538050889968872,True,0.3710377514362335,0.16840171813964844,0.05602467480206047,6.709889888763428,2.54890513420105,True,none
burst_medium,1.0,42,0,95,1.008117437362671,True,0.663510262966156,0.34777069091796875,True,6.565365791320801,2.630110502243042,True,0.663510262966156,0.34777069091796875,0.10106219273314426,6.578958988189697,2.6803741455078125,True,none
burst_medium,1.0,42,0,94,0.8473659753799438,True,0.5349751710891724,0.2849982976913452,True,6.5288920402526855,2.698963165283203,True,0.5349751710891724,0.2849982976913452,0.08193965649773334,6.3290534019470215,2.7656216621398926,True,none
burst_medium,1.0,42,0,93,0.8313909769058228,True,0.398924857378006,0.15159133076667786,True,6.172109127044678,2.625643730163574,True,0.398924857378006,0.15159133076667786,0.06463347441961936,6.317322254180908,2.646101713180542,True,none
burst_medium,1.0,42,0,92,0.7385183572769165,True,0.2272166907787323,0.1210518479347229,True,6.162269115447998,2.5004663467407227,True,0.2272166907787323,0.1210518479347229,0.03687224405845779,6.136276721954346,2.4548959732055664,True,none
burst_medium,1.0,42,0,91,0.8678013682365417,True,0.5364331603050232,0.2906332015991211,True,6.078442573547363,2.383437395095825,True,0.5364331603050232,0.2906332015991211,0.08825174439245774,6.1868414878845215,2.330082893371582,True,none
burst_medium,1.0,42,0,90,1.0757405757904053,True,0.6690069437026978,0.3089621067047119,True,6.112642288208008,2.1582634449005127,True,0.6690069437026978,0.3089621067047119,0.10944644102488704,6.160048007965088,2.200059175491333,True,none
burst_medium,1.0,42,0,89,0.8044613599777222,True,0.5790106654167175,0.37976932525634766,True,6.075134754180908,2.258822202682495,True,0.5790106654167175,0.37976932525634766,0.09530828349414752,6.02500581741333,2.303499221801758,True,none
burst_medium,1.0,42,0,88,0.8020132780075073,True,0.4371882379055023,0.16656792163848877,True,5.905052661895752,2.167609214782715,True,0.4371882379055023,0.16656792163848877,0.07403629788545761,5.886776447296143,2.3123769760131836,True,none
burst_medium,1.0,42,0,87,0.6661120057106018,True,0.24159900844097137,0.1066550761461258,True,5.766097545623779,2.092172622680664,True,0.24159900844097137,0.1066550761461258,0.041899916976654815,5.731112957000732,2.1135523319244385,True,none
burst_medium,1.0,42,0,86,0.683733344078064,True,0.3096400201320648,0.11607611179351807,True,5.405021667480469,1.9340438842773438,True,0.3096400201320648,0.11607611179351807,0.05728747064881705,5.401779651641846,1.9079186916351318,True,none
burst_medium,1.0,42,0,85,0.6573963761329651,True,0.5477356910705566,0.25810790061950684,True,5.524910926818848,1.9243619441986084,True,0.5477356910705566,0.25810790061950684,0.09913927994959272,5.647041320800781,1.93759024143219,True,none
burst_medium,1.0,42,0,84,0.7043783068656921,True,0.5320243239402771,0.27873170375823975,True,5.51426887512207,1.9764020442962646,True,0.5320243239402771,0.27873170375823975,0.09648138964359135,5.503041744232178,1.943616271018982,True,none
burst_medium,1.0,42,0,83,0.6939650774002075,True,0.33383509516716003,0.16891765594482422,True,5.4928436279296875,2.1579806804656982,True,0.33383509516716003,0.16891765594482422,0.06077636972398672,5.59742546081543,2.1087894439697266,True,none
burst_medium,1.0,42,0,82,0.6252739429473877,True,0.39849916100502014,0.1566111445426941,True,5.783933639526367,2.1376500129699707,True,0.39849916100502014,0.1566111445426941,0.0688976025384661,5.709593296051025,2.0718913078308105,True,none
burst_medium,1.0,42,0,81,0.5997300744056702,True,0.26074105501174927,0.13625669479370117,True,5.740563869476318,2.1174395084381104,True,0.26074105501174927,0.13625669479370117,0.04542080899023076,5.783819675445557,2.1583662033081055,True,none
burst_medium,1.0,42,0,80,0.6435202360153198,True,0.31575265526771545,0.13420629501342773,True,5.792416572570801,2.204765796661377,True,0.31575265526771545,0.13420629501342773,0.054511385932231565,5.877292156219482,2.248589515686035,True,none
burst_medium,1.0,42,0,79,0.6134012937545776,True,0.37597131729125977,0.16629761457443237,True,5.839565753936768,2.165083885192871,True,0.37597131729125977,0.16629761457443237,0.06438343759340885,5.862761497497559,2.1673383712768555,True,none
burst_medium,1.0,42,0,78,0.6589421033859253,True,0.47416386008262634,0.16920709609985352,True,5.692589282989502,2.1442906856536865,True,0.47416386008262634,0.16920709609985352,0.08329493601434261,5.705900192260742,2.125668525695801,True,none
burst_medium,1.0,42,0,77,0.5652643442153931,True,0.4048943519592285,0.15919151902198792,True,5.70401668548584,2.068824529647827,True,0.4048943519592285,0.15919151902198792,0.07098407565837452,5.636768817901611,1.977337121963501,True,none
burst_medium,1.0,42,0,76,0.6555565595626831,True,0.443693071603775,0.24102246761322021,True,5.616126537322998,2.0832839012145996,True,0.443693071603775,0.24102246761322021,0.07900339649668725,5.720150470733643,2.0343661308288574,True,none
burst_medium,1.0,42,0,75,0.5163691639900208,True,0.26433634757995605,0.10343166440725327,True,5.617227077484131,2.0722758769989014,True,0.26433634757995605,0.10343166440725327,0.04705815590746977,5.609966278076172,2.143907308578491,True,none
burst_medium,1.0,42,0,74,0.6747453808784485,True,0.7632901668548584,0.39584314823150635,True,5.518910884857178,2.2328102588653564,True,0.7632901668548584,0.39584314823150635,0.13830449209626494,5.753102779388428,2.2082371711730957,True,none
burst_medium,1.0,42,0,73,0.6640287637710571,True,0.5418741703033447,0.20743155479431152,True,5.604586601257324,2.2361040115356445,True,0.5418741703033447,0.20743155479431152,0.0966840569796325,5.426272392272949,2.2526626586914062,True,none
burst_medium,1.0,42,0,72,0.5517330765724182,True,0.21983866393566132,0.09751278162002563,True,5.282325744628906,2.269050359725952,True,0.21983866393566132,0.09751278162002563,0.041617778714073565,5.240940093994141,2.282973051071167,True,none
burst_medium,1.0,42,0,71,0.8564355969429016,True,0.7420295476913452,0.35173940658569336,True,5.341063976287842,2.3831608295440674,True,0.7420295476913452,0.35173940658569336,0.1389291629880332,5.5356903076171875,2.477372407913208,True,none
burst_medium,1.0,42,0,70,0.6367937922477722,True,0.39058294892311096,0.14058583974838257,True,5.458566665649414,2.4964168071746826,True,0.39058294892311096,0.14058583974838257,0.0715541226932274,5.3958048820495605,2.447273015975952,True,none
burst_medium,1.0,42,0,69,0.6708066463470459,True,0.5716913342475891,0.2047959566116333,True,5.331053256988525,2.487985134124756,True,0.5716913342475891,0.2047959566116333,0.10723797093905348,5.4399847984313965,2.5959677696228027,True,none
burst_medium,1.0,42,0,68,0.80157071352005,True,1.08683443069458,0.48535168170928955,True,5.295290470123291,2.552133560180664,True,1.08683443069458,0.48535168170928955,0.2052454793228878,5.325626373291016,2.465752601623535,True,none
burst_medium,1.0,42,0,67,0.8958282470703125,True,1.2421480417251587,0.5768235921859741,True,5.25872802734375,2.3998141288757324,True,1.2421480417251587,0.5768235921859741,0.2362069373555999,5.235969066619873,2.17863130569458,True,none
burst_medium,1.0,42,0,66,0.7156809568405151,True,0.5641127824783325,0.24839675426483154,True,5.100546836853027,1.972924828529358,True,0.5641127824783325,0.24839675426483154,0.11059849081324628,5.047295570373535,1.9641759395599365,True,none
burst_medium,1.0,42,0,65,0.5800662636756897,True,0.1515055149793625,0.058024726808071136,True,5.1197004318237305,1.9845763444900513,True,0.1515055149793625,0.058024726808071136,0.02959265234301294,5.0898542404174805,1.9594911336898804,True,none
burst_medium,1.0,42,0,64,0.7427018284797668,True,0.7167070508003235,0.28835105895996094,True,5.119498252868652,2.0245041847229004,True,0.7167070508003235,0.28835105895996094,0.1399955650729219,5.280077934265137,2.1776866912841797,True,none
burst_medium,1.0,42,0,63,0.6937575340270996,True,0.4745282530784607,0.21945416927337646,True,5.1221232414245605,2.086284637451172,True,0.4745282530784607,0.21945416927337646,0.09264288083517347,5.013082981109619,2.0191609859466553,True,none
burst_medium,1.0,42,0,62,0.5791999101638794,True,0.20821073651313782,0.08639395236968994,True,4.99275016784668,2.0530903339385986,True,0.20821073651313782,0.08639395236968994,0.041702614693996436,4.958501815795898,2.0207624435424805,True,none
burst_medium,1.0,42,0,61,0.6137312054634094,True,0.24045231938362122,0.08309274911880493,True,4.765697956085205,1.9905400276184082,True,0.24045231938362122,0.08309274911880493,0.050454796254249173,4.714423656463623,1.9209812879562378,True,none
burst_medium,1.0,42,0,60,0.6143916845321655,True,0.2839457094669342,0.1105736494064331,True,4.754820823669434,1.9713422060012817,True,0.2839457094669342,0.1105736494064331,0.05971743626035214,4.774307727813721,1.9270899295806885,True,none
burst_medium,1.0,42,0,59,0.6737093925476074,True,0.5605274438858032,0.24925768375396729,True,4.677209854125977,1.9517866373062134,True,0.5605274438858032,0.24925768375396729,0.11984226950843717,4.585251331329346,1.9828921556472778,True,none
burst_medium,1.0,42,0,58,0.7830228209495544,True,0.6308936476707458,0.3338207006454468,True,4.6026482582092285,1.8611547946929932,True,0.6308936476707458,0.3338207006454468,0.13707187955224567,4.715691566467285,1.8996751308441162,True,none
burst_medium,1.0,42,0,57,0.5684057474136353,True,0.19997374713420868,0.09147614240646362,True,4.722410678863525,1.931598424911499,True,0.19997374713420868,0.09147614240646362,0.04234569179449068,4.696609020233154,1.9006526470184326,True,none
burst_medium,1.0,42,0,56,0.6020934581756592,True,0.3660910725593567,0.14653891324996948,True,4.621485710144043,1.8991864919662476,True,0.3660910725593567,0.14653891324996948,0.07921501774975025,4.655984401702881,1.9234070777893066,True,none
burst_medium,1.0,42,0,55,0.5493692755699158,True,0.31452590227127075,0.1486702561378479,True,4.557689666748047,1.8946893215179443,True,0.31452590227127075,0.1486702561378479,0.06900994259567893,4.530618667602539,1.9101994037628174,True,none
burst_medium,1.0,42,0,54,0.642051100730896,True,0.5325806736946106,0.23907029628753662,True,4.426149845123291,1.8690241575241089,True,0.5325806736946106,0.23907029628753662,0.12032594745550354,4.355016708374023,1.7079875469207764,True,none
burst_medium,1.0,42,0,53,0.5249072909355164,True,0.2917666733264923,0.10203737020492554,True,4.444887161254883,1.6958541870117188,True,0.2917666733264923,0.10203737020492554,0.06564096291795514,4.426421642303467,1.6882312297821045,True,none
burst_medium,1.0,42,0,52,0.5553621053695679,True,0.26296931505203247,0.12592098116874695,True,4.391061305999756,1.5306041240692139,True,0.26296931505203247,0.12592098116874695,0.059887415985894504,4.3932576179504395,1.5181028842926025,True,none
burst_medium,1.0,42,0,51,0.5790999531745911,True,0.4978777766227722,0.1986386775970459,True,4.360910892486572,1.580946922302246,True,0.4978777766227722,0.1986386775970459,0.11416829852690943,4.373185634613037,1.5295355319976807,True,none
burst_medium,1.0,42,0,50,0.5290114283561707,True,0.2972254753112793,0.132096529006958,True,4.207241058349609,1.369314193725586,True,0.2972254753112793,0.132096529006958,0.07064617196614886,4.1787333488464355,1.3449095487594604,True,none
burst_medium,1.0,42,0,49,0.5103143453598022,True,0.47482916712760925,0.23329460620880127,True,4.014341354370117,1.417229413986206,True,0.47482916712760925,0.23329460620880127,0.1182832064369861,4.103229522705078,1.3983697891235352,True,none
burst_medium,1.0,42,0,48,0.5365432500839233,True,0.34050068259239197,0.18571925163269043,True,4.163907051086426,1.4756855964660645,True,0.34050068259239197,0.18571925163269043,0.08177432358954037,4.150102615356445,1.4703223705291748,True,none
burst_medium,1.0,42,0,47,0.5087815523147583,True,0.4089936912059784,0.22332632541656494,True,4.063671588897705,1.4051542282104492,True,0.4089936912059784,0.22332632541656494,0.10064634463160929,4.028772354125977,1.387397050857544,True,none
burst_medium,1.0,42,0,46,0.544447124004364,True,0.6582126021385193,0.38870102167129517,True,3.896109104156494,1.3804150819778442,True,0.6582126021385193,0.38870102167129517,0.16894100871973736,4.134311199188232,1.5901336669921875,True,none
burst_medium,1.0,42,0,45,0.7311508059501648,True,1.119441032409668,0.6093049049377441,True,4.026278018951416,1.4832968711853027,True,1.119441032409668,0.6093049049377441,0.2780337142989772,3.8215789794921875,1.4535503387451172,True,none
burst_medium,1.0,42,0,44,0.8182059526443481,True,1.480510950088501,1.0733991861343384,True,3.7501823902130127,1.3814102411270142,True,1.480510950088501,1.0733991861343384,0.39478371877374535,4.035264492034912,1.3668670654296875,True,none
burst_medium,1.0,42,0,43,1.0710875988006592,True,1.439172625541687,0.7746715545654297,True,3.8343238830566406,1.2788434028625488,True,1.439172625541687,0.7746715545654297,0.3753393478054426,3.8401622772216797,1.4398267269134521,True,none
burst_medium,1.0,42,0,42,0.7038781642913818,True,0.7819442749023438,0.35714542865753174,True,3.6006553173065186,1.3435132503509521,True,0.7819442749023438,0.35714542865753174,0.2171672115194471,3.5981807708740234,1.3744462728500366,True,none
burst_medium,1.0,42,0,41,0.5189214944839478,True,0.4671931862831116,0.19630926847457886,True,3.3833885192871094,1.1996318101882935,True,0.4671931862831116,0.19630926847457886,0.13808440373303996,3.5000531673431396,1.2995872497558594,True,none
burst_medium,1.0,42,0,40,0.5009872317314148,True,0.6736804246902466,0.27433258295059204,True,3.5017826557159424,1.2684664726257324,True,0.6736804246902466,0.27433258295059204,0.1923821353076865,3.383471727371216,1.2698540687561035,True,none
burst_medium,1.0,42,0,39,0.5329532623291016,True,0.7085832953453064,0.268388569355011,True,3.392544984817505,1.3397548198699951,True,0.7085832953453064,0.268388569355011,0.2088648193365708,3.4863717555999756,1.4331326484680176,True,none
burst_medium,1.0,42,0,38,0.5131789445877075,True,0.8552298545837402,0.5113922357559204,True,3.3741304874420166,1.3836420774459839,True,0.8552298545837402,0.5113922357559204,0.25346673988054635,3.38787579536438,1.4702835083007812,True,none
burst_medium,1.0,42,0,37,1.1035897731781006,True,2.532442092895508,1.8817572593688965,True,3.279451847076416,1.4906425476074219,True,2.532442092895508,1.8817572593688965,0.7722150563522898,3.9534966945648193,2.056985855102539,True,none
burst_medium,1.0,42,0,36,5.116230010986328,True,5.76806116104126,3.1787543296813965,True,3.8369433879852295,2.075287342071533,True,5.76806116104126,3.1787543296813965,1.503295873246791,4.9291229248046875,2.5873684883117676,True,none
burst_medium,1.0,42,0,35,11.624737739562988,True,10.691947937011719,7.45609188079834,True,4.684085845947266,2.5136990547180176,True,10.691947937011719,7.45609188079834,2.2826114398095956,9.852405548095703,4.942392826080322,True,none
burst_medium,1.0,42,0,34,30.668621063232422,True,16.852407455444336,11.538431167602539,True,9.61111831665039,4.8577656745910645,True,16.852407455444336,11.538431167602539,1.7534283628833613,15.268486022949219,7.314955711364746,True,none
burst_medium,1.0,42,0,33,232.6040496826172,True,47.03606033325195,27.849246978759766,True,14.749855995178223,6.999212265014648,True,47.03606033325195,27.849246978759766,3.188916579838136,37.84298324584961,22.239259719848633,True,none
burst_medium,1.0,42,0,32,1696.4443359375,True,152.3594970703125,99.34366607666016,True,36.73960494995117,21.588041305541992,True,152.3594970703125,99.34366607666016,4.14700967192928,133.63014221191406,80.5794448852539,True,none
burst_medium,1.0,42,0,31,35131.73046875,True,896.876220703125,364.3516845703125,True,129.73915100097656,78.62015533447266,True,896.876220703125,364.3516845703125,6.912918835859865,823.5848388671875,362.53411865234375,True,none
burst_medium,1.0,42,0,30,1131957.25,True,4001.8466796875,2422.2939453125,True,799.354248046875,349.14056396484375,True,4001.8466796875,2422.2939453125,5.006349424507996,3496.800537109375,2140.0302734375,True,none
burst_medium,1.0,42,0,29,35349756.0,True,33832.765625,13854.765625,True,3415.326416015625,2093.003173828125,True,33832.765625,13854.765625,9.906158739717137,31915.998046875,12831.0849609375,True,none
burst_medium,1.0,42,0,28,1577604480.0,True,193565.15625,97911.671875,True,30561.63671875,12242.5712890625,True,193565.15625,97911.671875,6.333599146908418,179798.4375,87788.0234375,True,none
burst_medium,1.0,42,0,27,79536504832.0,True,1686259.75,773033.25,True,175576.3125,85763.1953125,True,1686259.75,773033.25,9.604141503997015,1601334.0,699663.0625,True,none
burst_medium,1.0,42,0,26,5900220235776.0,True,9945678.0,5709812.0,True,1524712.125,671492.5,True,9945678.0,5709812.0,6.522987413115771,8872961.0,5038319.5,True,none
burst_medium,1.0,42,0,25,372867619356672.0,True,105558320.0,49201784.0,True,8620113.0,4913292.0,True,105558320.0,49201784.0,12.245584251621759,98847704.0,44288492.0,True,none
burst_medium,1.0,42,0,24,3.456574647435264e+16,True,980529600.0,528801312.0,True,95158496.0,43251880.0,True,980529600.0,528801312.0,10.30417294531431,915857408.0,508581568.0,True,none
burst_medium,1.0,42,0,23,5.552063129292112e+18,True,15226781696.0,7088414720.0,True,884576768.0,491582176.0,True,15226781696.0,7088414720.0,17.21363509288998,14532765696.0,6666915328.0,True,none
burst_medium,1.0,42,0,22,1.1927440213619172e+21,True,181984247808.0,98072936448.0,True,13947982848.0,6480916992.0,True,181984247808.0,98072936448.0,13.047352423013246,169524871168.0,92064858112.0,True,none
burst_medium,1.0,42,0,21,2.6690720101039917e+23,True,3548028862464.0,1694606163968.0,True,163421143040.0,89177767936.0,True,3548028862464.0,1694606163968.0,21.71095365301393,3404298452992.0,1647776759808.0,True,none
burst_medium,1.0,42,0,20,7.870880742137687e+25,True,51310053294080.0,22591865618432.0,True,3243457642496.0,1584653664256.0,True,51310053294080.0,22591865618432.0,15.81955399133697,48404726022144.0,21573444567040.0,True,none
burst_medium,1.0,42,0,19,2.5721242686748854e+28,True,1166987711479808.0,418605934051328.0,True,46658213642240.0,20861627138048.0,True,1166987711479808.0,418605934051328.0,25.011410004418302,1124829050699776.0,398599137525760.0,True,none
burst_medium,1.0,42,0,18,1.1631416227593479e+31,True,2.3467555276455936e+16,1.0881538015100928e+16,True,1067305614180352.0,385869525549056.0,True,2.3467555276455936e+16,1.0881538015100928e+16,21.98766216973203,2.2533133601603584e+16,1.0524701394731008e+16,True,none
burst_medium,1.0,42,0,17,6.304082142236753e+33,True,6.38933147567784e+17,2.4068701233034035e+17,True,2.161376793460736e+16,1.0160070482460672e+16,True,6.38933147567784e+17,2.4068701233034035e+17,29.56139575019412,6.201549320743813e+17,2.355428612804444e+17,True,none
burst_medium,1.0,42,0,16,4.4687897152316665e+36,True,1.5419144248628347e+19,5.886776459019682e+18,True,5.875213582425129e+17,2.2501476256658227e+17,True,1.5419144248628347e+19,5.886776459019682e+18,26.244397811770686,1.4871689712577282e+19,5.724517130062266e+18,True,none
burst_medium,1.0,42,0,15,,False,,,False,1.424068768597803e+19,5.509896308611088e+18,True,,,,,,False,likelihood_loss
burst_medium,1.0,42,1,99,2.7728335857391357,True,0.6063194274902344,0.19858622550964355,True,6.6382622718811035,2.3191850185394287,True,0.6063194274902344,0.19858622550964355,0.09133707025382842,6.573437213897705,2.2767605781555176,True,none
burst_medium,1.0,42,1,98,2.5922436714172363,True,0.6525104641914368,0.27129003405570984,True,6.463193893432617,2.3370673656463623,True,0.6525104641914368,0.27129003405570984,0.10095789712488201,6.268308639526367,2.3793892860412598,True,none
burst_medium,1.0,42,1,97,2.878164768218994,True,0.9015008807182312,0.5479302406311035,True,6.228287696838379,2.411555290222168,True,0.9015008807182312,0.5479302406311035,0.14474297344609,6.267990589141846,2.2161412239074707,True,none
burst_medium,1.0,42,1,96,2.2621359825134277,True,0.3083602488040924,0.1883343905210495,True,6.236220359802246,2.215994119644165,True,0.3083602488040924,0.1883343905210495,0.04944665695133025,6.1732611656188965,2.170588970184326,True,none
burst_medium,1.0,42,1,95,2.369164228439331,True,0.5824816823005676,0.2803187370300293,True,6.006540775299072,2.1992530822753906,True,0.5824816823005676,0.2803187370300293,0.09697456557621857,6.005971908569336,2.1362552642822266,True,none
burst_medium,1.0,42,1,94,2.4302101135253906,True,0.9175184369087219,0.5347079634666443,True,5.983652591705322,2.1565101146698,True,0.9175184369087219,0.5347079634666443,0.1533375179869991,5.996164321899414,2.2284293174743652,True,none
burst_medium,1.0,42,1,93,2.342151165008545,True,0.6523146033287048,0.3024500608444214,True,5.813719749450684,2.089409589767456,True,0.6523146033287048,0.3024500608444214,0.11220262266515811,5.768007755279541,2.1521432399749756,True,none
burst_medium,1.0,42,1,92,2.233165979385376,True,0.7893252372741699,0.3530452251434326,True,5.623177528381348,1.9655449390411377,True,0.7893252372741699,0.3530452251434326,0.1403699657871623,5.578601360321045,1.9411379098892212,True,none
burst_medium,1.0,42,1,91,2.0446009635925293,True,0.3294983208179474,0.14245322346687317,True,5.530170440673828,1.909378170967102,True,0.3294983208179474,0.14245322346687317,0.05958194676866773,5.487490653991699,1.9187545776367188,True,none
burst_medium,1.0,42,1,90,2.3324620723724365,True,0.7542024850845337,0.3579343557357788,True,5.358660697937012,1.7994697093963623,True,0.7542024850845337,0.3579343557357788,0.14074458667904602,5.1441497802734375,1.8204008340835571,True,none
burst_medium,1.0,42,1,89,2.1685378551483154,True,0.38611510396003723,0.21765777468681335,True,4.947383403778076,1.845184087753296,True,0.38611510396003723,0.21765777468681335,0.07804430593859005,4.973258972167969,1.7140471935272217,True,none
burst_medium,1.0,42,1,88,2.009611129760742,True,0.3587026596069336,0.1871049404144287,True,4.844059467315674,1.7067443132400513,True,0.3587026596069336,0.1871049404144287,0.07405001157131416,4.7917351722717285,1.7104288339614868,True,none
burst_medium,1.0,42,1,87,1.9731719493865967,True,0.2919226288795471,0.12862110137939453,True,4.770502090454102,1.8129445314407349,True,0.2919226288795471,0.12862110137939453,0.061193271346349616,4.76156759262085,1.7330180406570435,True,none
burst_medium,1.0,42,1,86,1.8974177837371826,True,0.4564230144023895,0.3148210048675537,True,4.461203575134277,1.6320878267288208,True,0.4564230144023895,0.3148210048675537,0.10230938954372853,4.449407577514648,1.6381852626800537,True,none
burst_medium,1.0,42,1,85,1.7456108331680298,True,0.3945568799972534,0.20053136348724365,True,4.552242755889893,1.5888028144836426,True,0.3945568799972534,0.20053136348724365,0.0866730754827764,4.571600437164307,1.776652216911316,True,none
burst_medium,1.0,42,1,84,1.7643873691558838,True,0.2983396053314209,0.17290782928466797,True,4.692790508270264,1.7672579288482666,True,0.2983396053314209,0.17290782928466797,0.06357403016511888,4.75770378112793,1.9401657581329346,True,none
burst_medium,1.0,42,1,83,1.7069088220596313,True,0.35975930094718933,0.25158679485321045,True,4.813765048980713,1.875951886177063,True,0.35975930094718933,0.25158679485321045,0.07473553388803045,4.696775436401367,1.8748857975006104,True,none
burst_medium,1.0,42,1,82,1.6523582935333252,True,0.3257002532482147,0.11384321749210358,True,4.858676910400391,1.984300136566162,True,0.3257002532482147,0.11384321749210358,0.06703476260192563,4.85455846786499,1.9593653678894043,True,none
burst_medium,1.0,42,1,81,1.6394256353378296,True,0.38811734318733215,0.2336443066596985,True,4.879217147827148,1.7803294658660889,True,0.38811734318733215,0.2336443066596985,0.07954500310774078,4.810752868652344,1.9168533086776733,True,none
burst_medium,1.0,42,1,80,1.6636930704116821,True,0.3269522488117218,0.16523563861846924,True,4.8775634765625,2.0271923542022705,True,0.3269522488117218,0.16523563861846924,0.0670318798274414,4.9216203689575195,1.976519227027893,True,none
burst_medium,1.0,42,1,79,1.8168147802352905,True,0.5018966197967529,0.22488319873809814,True,4.835951328277588,1.9619934558868408,True,0.5018966197967529,0.22488319873809814,0.10378446467438057,4.771047592163086,1.9234663248062134,True,none
burst_medium,1.0,42,1,78,1.7119213342666626,True,0.3303251266479492,0.13451562821865082,True,4.407223224639893,1.8197346925735474,True,0.3303251266479492,0.13451562821865082,0.07495084995946957,4.439363479614258,1.7872869968414307,True,none
burst_medium,1.0,42,1,77,1.7316926717758179,True,0.3188297152519226,0.12448537349700928,True,4.590682029724121,1.6746739149093628,True,0.3188297152519226,0.12448537349700928,0.06945149177997269,4.578258037567139,1.6477470397949219,True,none
burst_medium,1.0,42,1,76,1.6742222309112549,True,0.26255813241004944,0.1513538956642151,True,4.586503982543945,1.5064486265182495,True,0.26255813241004944,0.1513538956642151,0.05724580931560905,4.517106056213379,1.5276193618774414,True,none
burst_medium,1.0,42,1,75,1.715839147567749,True,0.24840137362480164,0.15592464804649353,True,4.358257293701172,1.4362637996673584,True,0.24840137362480164,0.15592464804649353,0.056995573433388146,4.337306022644043,1.4135133028030396,True,none
burst_medium,1.0,42,1,74,1.7709505558013916,True,0.29161933064460754,0.2029717117547989,True,4.288222312927246,1.517397165298462,True,0.29161933064460754,0.2029717117547989,0.06800471369346357,4.269499778747559,1.536893367767334,True,none
burst_medium,1.0,42,1,73,1.701730489730835,True,0.16747908294200897,0.12259840965270996,True,4.1399688720703125,1.3852488994598389,True,0.16747908294200897,0.12259840965270996,0.04045418893650176,4.130202293395996,1.369890570640564,True,none
burst_medium,1.0,42,1,72,1.7540175914764404,True,0.23071300983428955,0.10371211171150208,True,4.2434797286987305,1.5483381748199463,True,0.23071300983428955,0.10371211171150208,0.054368825724303314,4.18212890625,1.5000019073486328,True,none
burst_medium,1.0,42,1,71,1.6890119314193726,True,0.41618701815605164,0.21912285685539246,True,4.267268180847168,1.5400744676589966,True,0.41618701815605164,0.21912285685539246,0.09753008260036981,4.218054294586182,1.5052868127822876,True,none
burst_medium,1.0,42,1,70,1.7224222421646118,True,0.18436375260353088,0.07932525873184204,True,4.099899768829346,1.3162307739257812,True,0.18436375260353088,0.07932525873184204,0.04496786824038085,4.080493450164795,1.3430942296981812,True,none
burst_medium,1.0,42,1,69,1.70138680934906,True,0.29522213339805603,0.13365399837493896,True,4.0837836265563965,1.3365458250045776,True,0.29522213339805603,0.13365399837493896,0.0722913259846057,4.002903461456299,1.3892464637756348,True,none
burst_medium,1.0,42,1,68,1.6755053997039795,True,0.22029075026512146,0.11362743377685547,True,4.118398189544678,1.5104036331176758,True,0.22029075026512146,0.11362743377685547,0.053489424802176035,4.108094215393066,1.4669145345687866,True,none
burst_medium,1.0,42,1,67,1.6414247751235962,True,0.18095731735229492,0.1050981879234314,True,4.162885665893555,1.4642424583435059,True,0.18095731735229492,0.1050981879234314,0.04346920186514643,4.1204938888549805,1.4462344646453857,True,none
burst_medium,1.0,42,1,66,1.7028872966766357,True,0.25049763917922974,0.11492852866649628,True,4.03438138961792,1.568665623664856,True,0.25049763917922974,0.11492852866649628,0.0620907184987018,3.9752614498138428,1.527678370475769,True,none
burst_medium,1.0,42,1,65,1.667250633239746,True,0.2754563093185425,0.1456347107887268,True,4.056890964508057,1.4490922689437866,True,0.2754563093185425,0.1456347107887268,0.0678983763005513,4.001377105712891,1.4800564050674438,True,none
burst_medium,1.0,42,1,64,1.6795768737792969,True,0.22777995467185974,0.09675198793411255,True,4.028294563293457,1.5495458841323853,True,0.22777995467185974,0.09675198793411255,0.05654500957982939,4.028443813323975,1.578688621520996,True,none
burst_medium,1.0,42,1,63,1.688751220703125,True,0.26709550619125366,0.1356581449508667,True,4.04376220703125,1.5103286504745483,True,0.26709550619125366,0.1356581449508667,0.06605123954291002,3.957775831222534,1.4837185144424438,True,none
burst_medium,1.0,42,1,62,1.6636215448379517,True,0.34819966554641724,0.14316654205322266,True,4.013955593109131,1.5973933935165405,True,0.34819966554641724,0.14316654205322266,0.0867472640066309,3.9503633975982666,1.5067476034164429,True,none
burst_medium,1.0,42,1,61,1.5984382629394531,True,0.20783743262290955,0.09005779027938843,True,3.8949058055877686,1.6760461330413818,True,0.20783743262290955,0.09005779027938843,0.05336135018327922,3.927452564239502,1.622493028640747,True,none
burst_medium,1.0,42,1,60,1.6564273834228516,True,0.41341283917427063,0.24104434251785278,True,4.003974914550781,1.6125521659851074,True,0.41341283917427063,0.24104434251785278,0.10325060670879589,4.163491249084473,1.5898032188415527,True,none
burst_medium,1.0,42,1,59,1.606001853942871,True,0.32575687766075134,0.14970576763153076,True,4.046240329742432,1.6062021255493164,True,0.32575687766075134,0.14970576763153076,0.08050853412392518,3.984679698944092,1.5388562679290771,True,none
burst_medium,1.0,42,1,58,1.5739758014678955,True,0.2867535650730133,0.1775239109992981,True,3.9037585258483887,1.4216198921203613,True,0.2867535650730133,0.1775239109992981,0.0734557640218335,3.8828046321868896,1.3593418598175049,True,none
burst_medium,1.0,42,1,57,1.5683856010437012,True,0.3001871705055237,0.14843234419822693,True,3.9874649047851562,1.4605311155319214,True,0.3001871705055237,0.14843234419822693,0.07528271161589632,4.000089645385742,1.4375327825546265,True,none
burst_medium,1.0,42,1,56,1.6417512893676758,True,0.4900655150413513,0.2535681128501892,True,4.082746982574463,1.5432184934616089,True,0.4900655150413513,0.2535681128501892,0.12003328081139382,4.008387088775635,1.45988130569458,True,none
burst_medium,1.0,42,1,55,1.668015480041504,True,0.6591612696647644,0.24968791007995605,True,3.9562857151031494,1.5481984615325928,True,0.6591612696647644,0.24968791007995605,0.16661113911673386,3.823702573776245,1.488109827041626,True,none
burst_medium,1.0,42,1,54,1.6615959405899048,True,0.5641454458236694,0.32102978229522705,True,3.8691799640655518,1.6451525688171387,True,0.5641454458236694,0.32102978229522705,0.14580491242664922,3.907405376434326,1.5811630487442017,True,none
burst_medium,1.0,42,1,53,1.6372222900390625,True,0.5658770799636841,0.18374788761138916,True,4.059543132781982,1.6774744987487793,True,0.5658770799636841,0.18374788761138916,0.13939427700470133,4.012154579162598,1.5207716226577759,True,none
burst_medium,1.0,42,1,52,1.5959217548370361,True,0.42168644070625305,0.18168091773986816,True,3.9602036476135254,1.346225380897522,True,0.42168644070625305,0.18168091773986816,0.10648099901636643,3.9568095207214355,1.3435783386230469,True,none
burst_medium,1.0,42,1,51,1.5820119380950928,True,0.6417989730834961,0.36375856399536133,True,3.959946870803833,1.436169981956482,True,0.6417989730834961,0.36375856399536133,0.16207262218976556,3.862915277481079,1.4188565015792847,True,none
burst_medium,1.0,42,1,50,1.5911448001861572,True,0.7072257995605469,0.29312264919281006,True,3.845247745513916,1.344221830368042,True,0.7072257995605469,0.29312264919281006,0.1839220373733923,3.920647621154785,1.2083483934402466,True,none
burst_medium,1.0,42,1,49,1.501997947692871,True,0.48223021626472473,0.23885464668273926,True,3.7812113761901855,1.180325984954834,True,0.48223021626472473,0.23885464668273926,0.1275332607166953,3.673819065093994,1.1180475950241089,True,none
burst_medium,1.0,42,1,48,1.4640452861785889,True,0.5177260041236877,0.2677963376045227,True,3.8010809421539307,1.144057035446167,True,0.5177260041236877,0.2677963376045227,0.1362049406477978,3.7753212451934814,1.0537596940994263,True,none
burst_medium,1.0,42,1,47,1.4890859127044678,True,0.6098356246948242,0.2796039581298828,True,3.7097907066345215,1.1711772680282593,True,0.6098356246948242,0.2796039581298828,0.16438545268983532,3.54473876953125,1.1857848167419434,True,none
burst_medium,1.0,42,1,46,1.3833866119384766,True,0.37026792764663696,0.20018169283866882,True,3.511725664138794,1.1074192523956299,True,0.37026792764663696,0.20018169283866882,0.10543760050155712,3.58426570892334,1.1816251277923584,True,none
burst_medium,1.0,42,1,45,1.5868031978607178,True,0.6864716410636902,0.2636069059371948,True,3.670452833175659,1.2891030311584473,True,0.6864716410636902,0.2636069059371948,0.18702641670226042,3.8015999794006348,1.292925238609314,True,none
burst_medium,1.0,42,1,44,1.370417833328247,True,0.2224077582359314,0.07870826125144958,True,3.85063099861145,1.2881087064743042,True,0.2224077582359314,0.07870826125144958,0.057758782473852875,3.823007106781006,1.3161941766738892,True,none
burst_medium,1.0,42,1,43,1.4672387838363647,True,0.7703814506530762,0.3327186107635498,True,3.7659428119659424,1.3606269359588623,True,0.7703814506530762,0.3327186107635498,0.2045653609515934,3.79525089263916,1.3558478355407715,True,none
burst_medium,1.0,42,1,42,1.546817421913147,True,0.8768286108970642,0.5551167130470276,True,3.605677843093872,1.4098706245422363,True,0.8768286108970642,0.5551167130470276,0.2431799647814496,3.7427217960357666,1.484029769897461,True,none
burst_medium,1.0,42,1,41,1.5393908023834229,True,1.126426339149475,0.5099784135818481,True,3.7276015281677246,1.5601955652236938,True,1.126426339149475,0.5099784135818481,0.3021852874126435,3.5030839443206787,1.5000189542770386,True,none
burst_medium,1.0,42,1,40,1.5644936561584473,True,0.9914159178733826,0.46178555488586426,True,3.5980875492095947,1.4761523008346558,True,0.9914159178733826,0.46178555488586426,0.27553968721269584,3.8548734188079834,1.4350250959396362,True,none
burst_medium,1.0,42,1,39,1.4211618900299072,True,0.7481566071510315,0.3215861916542053,True,3.8070783615112305,1.4068329334259033,True,0.7481566071510315,0.3215861916542053,0.1965172597219281,3.4832046031951904,1.3121306896209717,True,none
burst_medium,1.0,42,1,38,1.4376566410064697,True,1.1315244436264038,0.5739001035690308,True,3.492414951324463,1.462335467338562,True,1.1315244436264038,0.5739001035690308,0.3239948458006001,3.814174175262451,1.2294260263442993,True,none
burst_medium,1.0,42,1,37,1.5894006490707397,True,1.2995972633361816,0.6749787330627441,True,3.797394275665283,1.2181518077850342,True,1.2995972633361816,0.6749787330627441,0.34223395544255325,3.541712522506714,1.141525387763977,True,none
burst_medium,1.0,42,1,36,1.5611798763275146,True,1.1444863080978394,0.625253438949585,True,3.58170223236084,1.1762632131576538,True,1.1444863080978394,0.625253438949585,0.3195369781879227,4.015461444854736,1.5429768562316895,True,none
burst_medium,1.0,42,1,35,3.0131452083587646,True,5.676351547241211,3.77976655960083,True,3.916499137878418,1.5369889736175537,True,5.676351547241211,3.77976655960083,1.4493432393080168,4.869167327880859,2.9899511337280273,True,none
burst_medium,1.0,42,1,34,4.512533664703369,True,5.274179458618164,2.937929630279541,True,4.68524694442749,2.832659959793091,True,5.274179458618164,2.937929630279541,1.1256993539881626,6.496143817901611,2.7905523777008057,True,none
burst_medium,1.0,42,1,33,11.263448715209961,True,7.468858242034912,4.469206809997559,True,6.283015727996826,2.63615083694458,True,7.468858242034912,4.469206809997559,1.1887377917506776,7.86541223526001,4.0204010009765625,True,none
burst_medium,1.0,42,1,32,24.989322662353516,True,16.48374366760254,9.846376419067383,True,7.71049165725708,3.9595863819122314,True,16.48374366760254,9.846376419067383,2.1378330202959206,12.541338920593262,7.855651378631592,True,none
burst_medium,1.0,42,1,31,159.5920867919922,True,47.15262985229492,25.031497955322266,True,12.19242000579834,7.4894490242004395,True,47.15262985229492,25.031497955322266,3.8673725011004145,41.09782791137695,19.530872344970703,True,none
burst_medium,1.0,42,1,30,3466.42578125,True,300.3687438964844,185.29751586914062,True,40.14372253417969,18.96194839477539,True,300.3687438964844,185.29751586914062,7.48233409696206,276.9264831542969,181.00259399414062,True,none
burst_medium,1.0,42,1,29,88439.875,True,1106.413330078125,579.1242065429688,True,265.6141052246094,174.1581268310547,True,1106.413330078125,579.1242065429688,4.165491622301128,969.673583984375,517.9324340820312,True,none
burst_medium,1.0,42,1,28,2108134.5,True,7058.65185546875,3802.701904296875,True,942.580078125,506.8784484863281,True,7058.65185546875,3802.701904296875,7.488649526213158,6519.81298828125,3295.823486328125,True,none
burst_medium,1.0,42,1,27,105593168.0,True,42782.5859375,25635.8984375,True,6275.287109375,3218.68359375,True,42782.5859375,25635.8984375,6.817630044940049,38202.9453125,22417.21484375,True,none
burst_medium,1.0,42,1,26,4234249728.0,True,432471.34375,187264.90625,True,37317.00390625,21928.48828125,True,432471.34375,187264.90625,11.589122879116456,414747.9375,165336.421875,True,none
burst_medium,1.0,42,1,25,514358312960.0,True,3419651.0,1595291.75,True,393158.34375,160315.75,True,3419651.0,1595291.75,8.69789756306043,3145031.5,1449716.125,True,none
burst_medium,1.0,42,1,24,54254572142592.0,True,48525260.0,18456366.0,True,3042707.5,1404316.75,True,48525260.0,18456366.0,15.94805284438284,46425516.0,18190622.0,True,none
burst_medium,1.0,42,1,23,9170765568016384.0,True,466323712.0,211869120.0,True,44021408.0,17188534.0,True,466323712.0,211869120.0,10.5931121512515,429639232.0,196683504.0,True,none
burst_medium,1.0,42,1,22,1.6015993519923528e+18,True,8576822272.0,3362016256.0,True,414451616.0,190854704.0,True,8576822272.0,3362016256.0,20.694387332295985,8220086784.0,3171161600.0,True,none
burst_medium,1.0,42,1,21,3.9895112670001077e+20,True,110391844864.0,45978771456.0,True,7792265216.0,3067512832.0,True,110391844864.0,45978771456.0,14.166849023225033,103608016896.0,43593936896.0,True,none
burst_medium,1.0,42,1,20,1.184521822040225e+23,True,2563013869568.0,913714577408.0,True,99653263360.0,42033115136.0,True,2563013869568.0,913714577408.0,25.719316991246398,2474739761152.0,876386910208.0,True,none
burst_medium,1.0,42,1,19,4.9870910953854326e+25,True,43075036512256.0,19164209086464.0,True,2344208564224.0,848855367680.0,True,43075036512256.0,19164209086464.0,18.375087084674597,40888176738304.0,18377175203840.0,True,none
burst_medium,1.0,42,1,18,2.3221417848926702e+28,True,1192379960786944.0,430287506898944.0,True,39313718902784.0,17748801355776.0,True,1192379960786944.0,430287506898944.0,30.32986942129521,1155045420695552.0,415750888095744.0,True,none
burst_medium,1.0,42,1,17,1.3673542184567248e+31,True,2.446389964229837e+16,1.0218003148832768e+16,True,1094384040804352.0,402426792247296.0,True,2.446389964229837e+16,1.0218003148832768e+16,22.354035448395113,2.3406105031868416e+16,9865070653734912.0,True,none
burst_medium,1.0,42,1,16,9.088122634786823e+33,True,7.993739530123346e+17,2.7611815606013133e+17,True,2.2476815842934784e+16,9507655286521856.0,True,7.993739530123346e+17,2.7611815606013133e+17,35.564377027345024,7.775689881660948e+17,2.679754478227292e+17,True,none
burst_medium,1.0,42,1,15,7.711853838536452e+36,True,inf,8.586288611442295e+18,True,7.363019115939758e+17,2.5941884217694618e+17,True,inf,8.586288611442295e+18,inf,inf,8.345777589691875e+18,True,none
burst_medium,1.0,42,1,14,,False,,,False,inf,8.061087640981602e+18,True,,,,,,False,likelihood_loss
burst_medium,1.0,42,2,99,8.7523832321167,True,5.061327934265137,1.896824836730957,True,6.6266608238220215,2.3271851539611816,True,5.061327934265137,1.896824836730957,0.7637825548682873,8.27646541595459,3.2168421745300293,True,none
burst_medium,1.0,42,2,98,7.428484916687012,True,10.058189392089844,4.753206253051758,True,8.071247100830078,3.204638957977295,True,10.058189392089844,4.753206253051758,1.2461753761762757,9.951105117797852,3.93082332611084,True,none
burst_medium,1.0,42,2,97,3.9751975536346436,True,3.0145576000213623,1.2563190460205078,True,9.850054740905762,3.838080644607544,True,3.0145576000213623,1.2563190460205078,0.30604475602577746,9.442292213439941,3.735192060470581,True,none
burst_medium,1.0,42,2,96,2.3298885822296143,True,1.032732367515564,0.6182632446289062,True,9.255901336669922,3.5988407135009766,True,1.032732367515564,0.6182632446289062,0.11157555919745875,9.32907485961914,3.5485644340515137,True,none
burst_medium,1.0,42,2,95,2.077836275100708,True,1.1546722650527954,0.5585384368896484,True,9.3785982131958,3.520200252532959,True,1.1546722650527954,0.5585384368896484,0.12311778784040822,9.039990425109863,3.478367567062378,True,none
burst_medium,1.0,42,2,94,2.5514159202575684,True,1.7274401187896729,0.6764044761657715,True,8.957796096801758,3.3725943565368652,True,1.7274401187896729,0.6764044761657715,0.19284208974194397,9.187955856323242,3.5186915397644043,True,none
burst_medium,1.0,42,2,93,2.5424609184265137,True,1.6021006107330322,0.6942260265350342,True,8.964043617248535,3.5509727001190186,True,1.6021006107330322,0.6942260265350342,0.1787252136580533,9.450313568115234,3.48337459564209,True,none
burst_medium,1.0,42,2,92,2.2165160179138184,True,1.8074579238891602,1.010282278060913,True,9.161694526672363,3.5291337966918945,True,1.8074579238891602,1.010282278060913,0.1972842380442751,8.448498725891113,3.6497223377227783,True,none
burst_medium,1.0,42,2,91,1.7850348949432373,True,0.7247503399848938,0.4499804973602295,True,8.285137176513672,3.4722445011138916,True,0.7247503399848938,0.4499804973602295,0.08747596141670357,8.259208679199219,3.3258397579193115,True,none
burst_medium,1.0,42,2,90,2.2186875343322754,True,1.512535810470581,0.9224538803100586,True,8.127752304077148,2.887305736541748,True,1.512535810470581,0.9224538803100586,0.18609521475102744,8.404833793640137,3.465097188949585,True,none
burst_medium,1.0,42,2,89,1.8040730953216553,True,0.6707786917686462,0.3334767818450928,True,8.322678565979004,3.240140914916992,True,0.6707786917686462,0.3334767818450928,0.08059649143612713,8.348803520202637,3.2426493167877197,True,none
burst_medium,1.0,42,2,88,1.6317310333251953,True,0.483821302652359,0.2209668755531311,True,8.191147804260254,3.221205949783325,True,0.483821302652359,0.2209668755531311,0.05906636215264755,8.343062400817871,3.4421727657318115,True,none
burst_medium,1.0,42,2,87,1.9648516178131104,True,1.3216615915298462,0.8027052879333496,True,8.319405555725098,3.503772735595703,True,1.3216615915298462,0.8027052879333496,0.15886490719522264,8.565010070800781,3.4092063903808594,True,none
burst_medium,1.0,42,2,86,2.0702102184295654,True,1.5655564069747925,0.8555431365966797,True,8.372504234313965,3.573441505432129,True,1.5655564069747925,0.8555431365966797,0.18698783101933966,8.272841453552246,3.7086987495422363,True,none
burst_medium,1.0,42,2,85,1.6868994235992432,True,0.42794668674468994,0.20214900374412537,True,8.093450546264648,3.529893159866333,True,0.42794668674468994,0.20214900374412537,0.05287567821640009,8.229899406433105,3.732042074203491,True,none
burst_medium,1.0,42,2,84,1.4833414554595947,True,0.3549289405345917,0.15435266494750977,True,8.39913272857666,3.8130290508270264,True,0.3549289405345917,0.15435266494750977,0.04225780827667628,8.606178283691406,3.934217691421509,True,none
burst_medium,1.0,42,2,83,1.4859914779663086,True,0.45436224341392517,0.23318064212799072,True,8.554728507995605,3.967841863632202,True,0.45436224341392517,0.23318064212799072,0.05311240946912648,8.716887474060059,4.149107933044434,True,none
burst_medium,1.0,42,2,82,2.206892728805542,True,2.4176018238067627,1.6077065467834473,True,8.699728965759277,4.082939624786377,True,2.4176018238067627,1.6077065467834473,0.27789392443394195,8.55432415008545,4.363679885864258,True,none
burst_medium,1.0,42,2,81,2.080582857131958,True,0.5372874140739441,0.27668237686157227,True,8.468766212463379,4.257344722747803,True,0.5372874140739441,0.27668237686157227,0.06344341083393723,8.494527816772461,4.444153785705566,True,none
burst_medium,1.0,42,2,80,1.978449821472168,True,0.6479315161705017,0.3611915111541748,True,8.499839782714844,4.554792881011963,True,0.6479315161705017,0.3611915111541748,0.07622867403783892,8.821465492248535,4.7818450927734375,True,none
burst_medium,1.0,42,2,79,2.1215786933898926,True,0.9271451234817505,0.4291386604309082,True,8.317119598388672,4.564991474151611,True,0.9271451234817505,0.4291386604309082,0.1114743045971421,8.025003433227539,4.241109371185303,True,none
burst_medium,1.0,42,2,78,2.0928714275360107,True,0.8674917817115784,0.33092641830444336,True,7.917675018310547,4.085437297821045,True,0.8674917817115784,0.33092641830444336,0.10956395402757664,7.891625881195068,4.103653907775879,True,none
burst_medium,1.0,42,2,77,1.8229515552520752,True,0.38354992866516113,0.15998011827468872,True,7.691522121429443,3.995868444442749,True,0.38354992866516113,0.15998011827468872,0.04986658331209867,7.894984722137451,4.155848503112793,True,none
burst_medium,1.0,42,2,76,1.8730131387710571,True,1.0176196098327637,0.6741626262664795,True,7.693029403686523,3.928278684616089,True,1.0176196098327637,0.6741626262664795,0.13227813861532686,8.024048805236816,3.9831206798553467,True,none
burst_medium,1.0,42,2,75,1.7777290344238281,True,1.1347733736038208,0.7831891775131226,True,7.714919567108154,3.8764443397521973,True,1.1347733736038208,0.7831891775131226,0.14708816647184178,7.29923677444458,3.6241047382354736,True,none
burst_medium,1.0,42,2,74,1.8869476318359375,True,0.7364724278450012,0.46580934524536133,True,7.076721668243408,3.609882116317749,True,0.7364724278450012,0.46580934524536133,0.104069717924586,7.270634651184082,3.676872968673706,True,none
burst_medium,1.0,42,2,73,1.7358440160751343,True,0.3629373013973236,0.14301979541778564,True,7.2674760818481445,3.783524990081787,True,0.3629373013973236,0.14301979541778564,0.049939937511975604,7.386294841766357,3.897890329360962,True,none
burst_medium,1.0,42,2,72,1.724321722984314,True,0.3531719446182251,0.17782318592071533,True,7.386314868927002,3.8690025806427,True,0.3531719446182251,0.17782318592071533,0.047814363574441285,7.54481315612793,3.954745054244995,True,none
burst_medium,1.0,42,2,71,1.7659294605255127,True,0.6662041544914246,0.32579106092453003,True,7.526909828186035,4.014520168304443,True,0.6662041544914246,0.32579106092453003,0.08850965000226255,7.5145063400268555,4.092149257659912,True,none
burst_medium,1.0,42,2,70,1.787912130355835,True,0.4446659982204437,0.23794829845428467,True,7.481695652008057,4.082172393798828,True,0.4446659982204437,0.23794829845428467,0.0594338528193188,7.616373538970947,4.101666450500488,True,none
burst_medium,1.0,42,2,69,1.7222753763198853,True,0.7131645679473877,0.29628539085388184,True,7.433032512664795,4.075438976287842,True,0.7131645679473877,0.29628539085388184,0.09594530452169611,7.482771396636963,4.270752429962158,True,none
burst_medium,1.0,42,2,68,1.971451759338379,True,1.080214262008667,0.5970885753631592,True,7.362428188323975,3.959031581878662,True,1.080214262008667,0.5970885753631592,0.14671983676820438,7.737954616546631,4.068136215209961,True,none
burst_medium,1.0,42,2,67,1.9233839511871338,True,1.1147377490997314,0.6988956928253174,True,7.637524604797363,4.116026878356934,True,1.1147377490997314,0.6988956928253174,0.14595537255610078,7.623130798339844,4.179593086242676,True,none
burst_medium,1.0,42,2,66,1.9462223052978516,True,1.2340728044509888,0.677727460861206,True,7.594086647033691,4.089737415313721,True,1.2340728044509888,0.677727460861206,0.16250444086424332,7.824257850646973,4.073494911193848,True,none
burst_medium,1.0,42,2,65,2.018350601196289,True,1.1903635263442993,0.5324336290359497,True,7.978503704071045,4.245668411254883,True,1.1903635263442993,0.5324336290359497,0.14919633686912562,7.906466007232666,4.332149505615234,True,none
burst_medium,1.0,42,2,64,1.8551511764526367,True,0.8174622058868408,0.48987913131713867,True,7.783019065856934,4.188189506530762,True,0.8174622058868408,0.48987913131713867,0.10503150499435797,8.215056419372559,4.676976203918457,True,none
burst_medium,1.0,42,2,63,1.7231333255767822,True,0.4118504226207733,0.21973979473114014,True,7.989906311035156,4.5252861976623535,True,0.4118504226207733,0.21973979473114014,0.05154633941725948,8.0004301071167,4.553683757781982,True,none
burst_medium,1.0,42,2,62,1.7137467861175537,True,0.6420056819915771,0.3825836181640625,True,7.826327323913574,4.562403678894043,True,0.6420056819915771,0.3825836181640625,0.08203153988075962,8.102136611938477,4.711206436157227,True,none
burst_medium,1.0,42,2,61,1.9498331546783447,True,1.4270272254943848,0.7304093837738037,True,7.805322170257568,4.588927745819092,True,1.4270272254943848,0.7304093837738037,0.18282745982375143,7.551845073699951,4.13299036026001,True,none
burst_medium,1.0,42,2,60,2.744260311126709,True,1.7895148992538452,0.7185320854187012,True,7.637070655822754,4.3526763916015625,True,1.7895148992538452,0.7185320854187012,0.23431954212564812,8.276591300964355,4.833237171173096,True,none
burst_medium,1.0,42,2,59,2.011190176010132,True,1.2214457988739014,0.5591540336608887,True,8.084980964660645,4.692736625671387,True,1.2214457988739014,0.5591540336608887,0.15107590286392453,7.770723342895508,4.5060272216796875,True,none
burst_medium,1.0,42,2,58,1.6903362274169922,True,0.4737798571586609,0.18884730339050293,True,7.595466136932373,4.44461727142334,True,0.4737798571586609,0.18884730339050293,0.06237666637138703,7.661078929901123,4.41330623626709,True,none
burst_medium,1.0,42,2,57,1.670933485031128,True,0.3911345899105072,0.26999419927597046,True,7.6935577392578125,4.350851535797119,True,0.3911345899105072,0.26999419927597046,0.050839235002373376,7.757251739501953,4.403939247131348,True,none
burst_medium,1.0,42,2,56,1.8281795978546143,True,0.895988941192627,0.534433126449585,True,7.493166923522949,4.231557369232178,True,0.895988941192627,0.534433126449585,0.11957413338541427,7.582910060882568,4.092964172363281,True,none
burst_medium,1.0,42,2,55,1.759304404258728,True,0.6570332646369934,0.4533799886703491,True,7.482410430908203,4.0041422843933105,True,0.6570332646369934,0.4533799886703491,0.08781037483894824,7.601107597351074,4.117382049560547,True,none
burst_medium,1.0,42,2,54,1.7203664779663086,True,0.6235717535018921,0.43088066577911377,True,7.510132789611816,4.10179328918457,True,0.6235717535018921,0.43088066577911377,0.0830307227542431,7.708484172821045,4.226483345031738,True,none
burst_medium,1.0,42,2,53,1.9357277154922485,True,1.2692493200302124,0.7527413368225098,True,7.686306476593018,4.093279838562012,True,1.2692493200302124,0.7527413368225098,0.16513124006898128,7.453523635864258,3.8296186923980713,True,none
burst_medium,1.0,42,2,52,1.8254051208496094,True,0.7525491118431091,0.5484991073608398,True,7.4719390869140625,3.824113368988037,True,0.7525491118431091,0.5484991073608398,0.10071670861998606,7.482043266296387,3.931215286254883,True,none
burst_medium,1.0,42,2,51,1.6430943012237549,True,0.3091626465320587,0.15140433609485626,True,7.294124126434326,3.8424232006073,True,0.3091626465320587,0.15140433609485626,0.042385163889875836,7.282303810119629,3.8754186630249023,True,none
burst_medium,1.0,42,2,50,1.746411919593811,True,1.1645407676696777,0.9238277673721313,True,7.264558792114258,3.8810365200042725,True,1.1645407676696777,0.9238277673721313,0.160304404024321,7.234879493713379,3.951812267303467,True,none
burst_medium,1.0,42,2,49,1.7969624996185303,True,0.5410216450691223,0.3837907314300537,True,6.97910737991333,3.895442247390747,True,0.5410216450691223,0.3837907314300537,0.07752017781330704,7.075092792510986,3.9874985218048096,True,none
burst_medium,1.0,42,2,48,1.6998355388641357,True,0.4031415581703186,0.1818925142288208,True,6.9322614669799805,3.8658065795898438,True,0.4031415581703186,0.1818925142288208,0.05815440748888658,6.946251392364502,3.9562034606933594,True,none
burst_medium,1.0,42,2,47,1.6834090948104858,True,0.4272838234901428,0.22908103466033936,True,6.894703388214111,3.9785096645355225,True,0.4272838234901428,0.22908103466033936,0.061972763646436904,7.028121471405029,4.086826801300049,True,none
burst_medium,1.0,42,2,46,1.683842658996582,True,0.7898716926574707,0.4822453260421753,True,7.050472736358643,4.147697925567627,True,0.7898716926574707,0.4822453260421753,0.11203102574726126,6.889517784118652,3.9381039142608643,True,none
burst_medium,1.0,42,2,45,1.730510950088501,True,1.011843204498291,0.5251882076263428,True,6.843481540679932,3.8981802463531494,True,1.011843204498291,0.5251882076263428,0.14785503525996388,7.029270648956299,3.9441299438476562,True,none
burst_medium,1.0,42,2,44,1.8223460912704468,True,1.4437505006790161,0.8179887533187866,True,7.04481840133667,3.856635093688965,True,1.4437505006790161,0.8179887533187866,0.20493793004016636,7.027411937713623,4.04558801651001,True,none
burst_medium,1.0,42,2,43,3.9193177223205566,True,5.804854869842529,3.6024651527404785,True,6.741180419921875,3.8531103134155273,True,5.804854869842529,3.6024651527404785,0.8611036210641788,7.579753875732422,4.06385612487793,True,none
burst_medium,1.0,42,2,42,24.51057243347168,True,10.657327651977539,6.023822784423828,True,7.366022109985352,4.0016770362854,True,10.657327651977539,6.023822784423828,1.4468226531018769,9.636942863464355,4.92887020111084,True,none
burst_medium,1.0,42,2,41,21.20892906188965,True,11.571403503417969,7.294620037078857,True,9.421441078186035,4.870059967041016,True,11.571403503417969,7.294620037078857,1.2281988930768382,13.530640602111816,7.863772392272949,True,none
burst_medium,1.0,42,2,40,24.62442970275879,True,15.17144775390625,7.1104583740234375,True,13.030847549438477,7.4802141189575195,True,15.17144775390625,7.1104583740234375,1.164271755643312,16.043066024780273,8.070222854614258,True,none
burst_medium,1.0,42,2,39,80.8316650390625,True,26.688926696777344,11.885824203491211,True,15.619036674499512,7.866852760314941,True,26.688926696777344,11.885824203491211,1.7087434553725984,25.13382339477539,9.731865882873535,True,none
burst_medium,1.0,42,2,38,75.86614990234375,True,29.281665802001953,25.051639556884766,True,24.338346481323242,9.425674438476562,True,29.281665802001953,25.051639556884766,1.2031082647488363,33.624366760253906,22.742233276367188,True,none
burst_medium,1.0,42,2,37,949.6163940429688,True,115.41629791259766,55.34813690185547,True,32.78150939941406,22.170251846313477,True,115.41629791259766,55.34813690185547,3.5207743641803475,102.77986907958984,47.79027557373047,True,none
burst_medium,1.0,42,2,36,4319.4345703125,True,274.5982666015625,132.77987670898438,True,100.02661895751953,46.72148132324219,True,274.5982666015625,132.77987670898438,2.7452519085762495,262.3227233886719,100.52655029296875,True,none
burst_medium,1.0,42,2,35,43290.1953125,True,870.2620849609375,420.3882751464844,True,256.1304931640625,98.13182830810547,True,870.2620849609375,420.3882751464844,3.3977293145002228,807.792724609375,393.28814697265625,True,none
burst_medium,1.0,42,2,34,255521.78125,True,2666.125732421875,2233.859375,True,779.2915649414062,382.7984924316406,True,2666.125732421875,2233.859375,3.4212172341713125,2587.10986328125,2002.8458251953125,True,none
burst_medium,1.0,42,2,33,5839461.5,True,14922.19140625,8948.3369140625,True,2520.8330078125,1965.9736328125,True,14922.19140625,8948.3369140625,5.919547768536641,14356.6591796875,9204.5751953125,True,none
burst_medium,1.0,42,2,32,244946128.0,True,71981.8203125,53879.2578125,True,13930.0205078125,8886.408203125,True,71981.8203125,53879.2578125,5.16738796415481,66553.109375,49077.69921875,True,none
burst_medium,1.0,42,2,31,6317759488.0,True,330548.5625,182124.03125,True,64516.57421875,47952.76171875,True,330548.5625,182124.03125,5.123467364823829,298038.375,139162.671875,True,none
burst_medium,1.0,42,2,30,71966466048.0,True,1195139.875,614352.25,True,291138.84375,135728.15625,True,1195139.875,614352.25,4.105051251856529,1110154.125,482742.0,True,none
burst_medium,1.0,42,2,29,2571346116608.0,True,7609865.5,3520453.0,True,1067486.5,471103.28125,True,7609865.5,3520453.0,7.128769778353169,7010347.5,3310577.0,True,none
burst_medium,1.0,42,2,28,72283410399232.0,True,35340616.0,22055640.0,True,6757042.0,3164057.75,True,35340616.0,22055640.0,5.230190370283328,31884772.0,20598782.0,True,none
burst_medium,1.0,42,2,27,3331633511923712.0,True,289084608.0,127736904.0,True,31062556.0,20015054.0,True,289084608.0,127736904.0,9.306529958449008,267547856.0,114587032.0,True,none
burst_medium,1.0,42,2,26,2.1133103112126464e+17,True,2073534592.0,1222022528.0,True,256900336.0,111513256.0,True,2073534592.0,1222022528.0,8.071358038239389,1884331136.0,1117441280.0,True,none
burst_medium,1.0,42,2,25,1.529129523557381e+19,True,24448610304.0,11660157952.0,True,1830924544.0,1086996224.0,True,24448610304.0,11660157952.0,13.353150125229847,23280189440.0,10646724608.0,True,none
burst_medium,1.0,42,2,24,2.1664979775681536e+21,True,240766877696.0,126546198528.0,True,22257598464.0,10319183872.0,True,240766877696.0,126546198528.0,10.81728911973241,223983566848.0,118773604352.0,True,none
burst_medium,1.0,42,2,23,3.305851453800624e+23,True,4235025448960.0,1722525024256.0,True,216651268096.0,115343491072.0,True,4235025448960.0,1722525024256.0,19.547660561503957,4087802494976.0,1674382278656.0,True,none
burst_medium,1.0,42,2,22,9.779557972746785e+25,True,55109811699712.0,22885173297152.0,True,3870870470656.0,1598747049984.0,True,55109811699712.0,22885173297152.0,14.237059110472506,51781035884544.0,21661847912448.0,True,none
burst_medium,1.0,42,2,21,3.060765001413394e+28,True,1315189584560128.0,463152428875776.0,True,49821213786112.0,20984499273728.0,True,1315189584560128.0,463152428875776.0,26.398184319763523,1270653458055168.0,442167923310592.0,True,none
burst_medium,1.0,42,2,20,1.1728750472108111e+31,True,2.015789428034765e+16,7738333845258240.0,True,1204467475152896.0,427712372015104.0,True,2.015789428034765e+16,7738333845258240.0,16.73593907364646,1.906225886055629e+16,7395149315309568.0,True,none
burst_medium,1.0,42,2,19,5.307783046859721e+33,True,5.860707588080927e+17,1.9215864070930432e+17,True,1.832024957308109e+16,7135097635471360.0,True,5.860707588080927e+17,1.9215864070930432e+17,31.99032613994721,5.68710810235306e+17,1.8511047911748403e+17,True,none
burst_medium,1.0,42,2,18,3.322655784628665e+36,True,1.2141694699786207e+19,5.319000199308247e+18,True,5.384239721742336e+17,1.7903875257060557e+17,True,1.2141694699786207e+19,5.319000199308247e+18,22.550434838100344,1.1624195258522272e+19,5.157299972013556e+18,True,none
burst_medium,1.0,42,2,17,,False,,,False,1.115897539613583e+19,4.968641368873239e+18,True,,,,,,False,likelihood_loss
burst_medium,3.0,42,0,99,1.2216968536376953,True,1.594360589981079,1.0637435913085938,True,6.632119655609131,2.327484369277954,True,4.783081531524658,3.1912307739257812,0.7211995229125027,6.924343109130859,3.446441173553467,True,none
burst_medium,3.0,42,0,98,1.4748896360397339,True,1.843207597732544,1.295717716217041,True,6.965322017669678,3.4594578742980957,True,5.529622554779053,3.887153148651123,0.7938789535861621,7.994045257568359,3.1678290367126465,True,none
burst_medium,3.0,42,0,97,1.3617432117462158,True,2.3895843029022217,1.165778636932373,True,7.963832855224609,3.253427267074585,True,7.168752670288086,3.497335910797119,0.9001636273147273,11.863018035888672,5.444489479064941,True,none
burst_medium,3.0,42,0,96,1488.9791259765625,True,755.1688232421875,319.587890625,True,11.314241409301758,4.998541831970215,True,2265.50634765625,958.763671875,200.2349309776538,2257.392822265625,956.1595458984375,True,none
burst_medium,3.0,42,0,95,549849792.0,True,731958.625,282551.84375,True,2132.52587890625,900.2560424804688,True,2195876.0,847655.5,1029.7066130452965,2194457.0,847392.0625,True,none
burst_medium,3.0,42,0,94,522590883938304.0,True,618156288.0,226749376.0,True,2075232.625,801857.5625,True,1854468864.0,680248128.0,893.6197521470635,1852884224.0,679521664.0,True,none
burst_medium,3.0,42,0,93,3.963187727178127e+20,True,600314019840.0,286537220096.0,True,1752510336.0,650955008.0,True,1800941993984.0,859611660288.0,1027.635590495028,1799707557888.0,859427897344.0,True,none
burst_medium,3.0,42,0,92,2.559873859722511e+26,True,425003287838720.0,217064593686528.0,True,1711186509824.0,820181860352.0,True,1275009897070592.0,651193814614016.0,745.1028217851776,1273882468155392.0,650990541864960.0,True,none
burst_medium,3.0,42,0,91,2.0363005303053083e+32,True,4.139726905676923e+17,1.474937811495813e+17,True,1198840531124224.0,618452339392512.0,True,1.241918174782292e+18,4.4248134344874394e+17,1035.932755474718,1.240999532817285e+18,4.421869492104069e+17,True,none
burst_medium,3.0,42,0,90,,False,,,False,1.175846734362837e+18,4.19044084871594e+17,True,,,,,,False,likelihood_loss
burst_medium,3.0,42,1,99,2.7728335857391357,True,0.6063194274902344,0.19858622550964355,True,6.6382622718811035,2.3191850185394287,True,1.8189582824707031,0.5957586765289307,0.27401121076148527,6.610818386077881,2.1919119358062744,True,none
burst_medium,3.0,42,1,98,2.553795576095581,True,0.8599518537521362,0.3790065050125122,True,6.480276107788086,2.254653215408325,True,2.5798556804656982,1.1370195150375366,0.3981089135021259,6.22070837020874,2.533676862716675,True,none
burst_medium,3.0,42,1,97,2.624105930328369,True,1.1058566570281982,0.3897244930267334,True,6.223106384277344,2.5628485679626465,True,3.3175699710845947,1.1691734790802002,0.5331051353172895,5.49901008605957,2.194300651550293,True,none
burst_medium,3.0,42,1,96,1.9821279048919678,True,0.6274320483207703,0.3685450553894043,True,5.318533420562744,1.9529978036880493,True,1.8822963237762451,1.105635166168213,0.3539126625581548,5.9073381423950195,2.261160373687744,True,none
burst_medium,3.0,42,1,95,1.7374557256698608,True,0.20790745317935944,0.08103775978088379,True,5.822571754455566,2.2829086780548096,True,0.6237223744392395,0.24311327934265137,0.10712145779257175,5.687125205993652,2.416201591491699,True,none
burst_medium,3.0,42,1,94,1.8099172115325928,True,0.3905441462993622,0.1981295347213745,True,5.769678592681885,2.490994691848755,True,1.1716325283050537,0.5943886041641235,0.20306720894139924,5.995813369750977,2.5784432888031006,True,none
burst_medium,3.0,42,1,93,1.8596702814102173,True,0.5340080261230469,0.22766977548599243,True,5.817241191864014,2.458505630493164,True,1.602023959159851,0.6830093264579773,0.2753923907092187,5.419973373413086,2.1141438484191895,True,none
burst_medium,3.0,42,1,92,1.8655030727386475,True,0.5018167495727539,0.2561817169189453,True,5.285007476806641,2.0971086025238037,True,1.5054502487182617,0.7685451507568359,0.2848530026352233,5.542098045349121,2.2356953620910645,True,none
burst_medium,3.0,42,1,91,1.9635696411132812,True,0.728693962097168,0.26694798469543457,True,5.554443359375,2.3702592849731445,True,2.186081647872925,0.8008439540863037,0.39357348818451443,5.611940383911133,2.4785361289978027,True,none
burst_medium,3.0,42,1,90,2.025747299194336,True,0.8509522080421448,0.3937873840332031,True,5.510797023773193,2.366736650466919,True,2.552856683731079,1.1813621520996094,0.4632463639502182,5.455935001373291,2.639137029647827,True,none
burst_medium,3.0,42,1,89,2.034348249435425,True,0.8536158800125122,0.34592026472091675,True,5.310520172119141,2.6244051456451416,True,2.560847520828247,1.0377607345581055,0.48222159747599064,4.955766677856445,1.8248977661132812,True,none
burst_medium,3.0,42,1,88,2.642641305923462,True,1.705428957939148,1.0444672107696533,True,4.637492656707764,1.8218759298324585,True,5.116286754608154,3.13340163230896,1.1032441738116285,6.242503643035889,3.029191255569458,True,none
burst_medium,3.0,42,1,87,2.5291731357574463,True,0.9002249836921692,0.40920865535736084,True,6.117502689361572,2.8309485912323,True,2.7006747722625732,1.2276259660720825,0.4414668712706322,6.3249711990356445,3.2970356941223145,True,none
burst_medium,3.0,42,1,86,2.053675889968872,True,0.4225431978702545,0.21178346872329712,True,6.109189987182617,3.1265690326690674,True,1.267629623413086,0.6353504061698914,0.20749553149802644,6.467487335205078,3.549605369567871,True,none
burst_medium,3.0,42,1,85,1.8280274868011475,True,0.2954466938972473,0.10664033889770508,True,6.385712146759033,3.399700880050659,True,0.8863400816917419,0.31992101669311523,0.13880050671270094,6.46564245223999,3.7196218967437744,True,none
burst_medium,3.0,42,1,84,1.772729516029358,True,0.5849902033805847,0.32251524925231934,True,6.573710918426514,3.784209728240967,True,1.7549704313278198,0.967545747756958,0.2669679961752293,7.243655681610107,4.70932674407959,True,none
burst_medium,3.0,42,1,83,5.58976411819458,True,10.931410789489746,7.1802778244018555,True,7.213679790496826,4.635956287384033,True,32.79423141479492,21.54083251953125,4.5461168733872706,29.458255767822266,16.904876708984375,True,none
burst_medium,3.0,42,1,82,6545.001953125,True,910.0045776367188,382.0777282714844,True,28.342987060546875,16.28870964050293,True,2730.013916015625,1146.233154296875,96.32061399116532,2713.04638671875,1144.58984375,True,none
burst_medium,3.0,42,1,81,584809792.0,True,576596.3125,175585.78125,True,2547.88720703125,1082.7181396484375,True,1729789.0,526757.375,678.9111367357258,1727889.75,525674.6875,True,none
burst_medium,3.0,42,1,80,76986374422528.0,True,120630384.0,48201320.0,True,1650416.25,501065.03125,True,361891168.0,144603968.0,219.2726640930735,360679328.0,144102896.0,True,none
burst_medium,3.0,42,1,79,9.452978652036727e+18,True,66981777408.0,27635904512.0,True,340397312.0,135913584.0,True,200945336320.0,82907709440.0,590.3258610925811,200682078208.0,82873458688.0,True,none
burst_medium,3.0,42,1,78,1.091647401574289e+24,True,13346451488768.0,5790174281728.0,True,191385976832.0,79050063872.0,True,40039354466304.0,17370523369472.0,209.20735745153803,39884014223360.0,17291473321984.0,True,none
burst_medium,3.0,42,1,77,1.0202998629527186e+29,True,6735522869280768.0,3314057163571200.0,True,37610336550912.0,16388920967168.0,True,2.0206569144713216e+16,9942171759149056.0,537.26105634179,2.017835765202944e+16,9938264412651520.0,True,none
burst_medium,3.0,42,1,76,9.810714425417896e+33,True,1.1171180387521004e+18,4.7646140670777754e+17,True,1.922924718902477e+16,9488162577448960.0,True,3.3513540475368243e+18,1.4293842201233326e+18,174.28420439930866,3.334665385172533e+18,1.424412365981483e+18,True,none
burst_medium,3.0,42,1,75,,False,,,False,3.1389844761435177e+18,1.3521424287604408e+18,True,,,,,,False,likelihood_loss
burst_medium,3.0,42,2,99,8.7523832321167,True,5.061327934265137,1.896824836730957,True,6.6266608238220215,2.3271851539611816,True,15.18398380279541,5.690474510192871,2.291347664604862,16.473512649536133,7.010491847991943,True,none
burst_medium,3.0,42,2,98,141.83177185058594,True,122.86036682128906,62.49150848388672,True,16.10345458984375,6.919649600982666,True,368.5810852050781,187.47451782226562,22.888323939977127,364.9039001464844,185.88516235351562,True,none
burst_medium,3.0,42,2,97,7715411.0,True,59566.01953125,22525.296875,True,348.48858642578125,177.72947692871094,True,178698.0625,67575.890625,512.7802443482819,178446.71875,67569.8125,True,none
burst_medium,3.0,42,2,96,6079848120320.0,True,83507816.0,32406878.0,True,167249.109375,63865.57421875,True,250523456.0,97220632.0,1497.9060691933805,250387936.0,97156768.0,True,none
burst_medium,3.0,42,2,95,4.044342416541483e+18,True,42518097920.0,16528152576.0,True,238912768.0,93793632.0,True,127554297856.0,49584455680.0,533.8948559501014,127373484032.0,49565937664.0,True,none
burst_medium,3.0,42,2,94,2.432730667706962e+24,True,48851310346240.0,17239968317440.0,True,120097341440.0,47111077888.0,True,146553914261504.0,51719903903744.0,1220.292743405328,146461153034240.0,51710122786816.0,True,none
burst_medium,3.0,42,2,93,1.3728102215732275e+30,True,2.1435994943258624e+16,8840960398065664.0,True,139537984520192.0,49313350680576.0,True,6.430798697725952e+16,2.652288119419699e+16,460.86366517608514,6.418625901415629e+16,2.6477094695337984e+16,True,none
burst_medium,3.0,42,2,92,6.703516221935784e+35,True,inf,9.565976561534894e+18,True,6.024322992832512e+16,2.496012727877632e+16,True,inf,2.869793078411631e+19,inf,inf,2.867296967114254e+19,True,none
burst_medium,3.0,42,2,91,,False,,,False,inf,2.733496737423216e+19,True,,,,,,False,likelihood_loss
gaussian_medium,0.3,42,0,99,1.1779080629348755,True,0.6569860577583313,0.37883567810058594,True,6.6309685707092285,2.317976236343384,True,0.1970958262681961,0.11365070939064026,0.029723534980815872,6.6361403465271,2.298204183578491,True,none
gaussian_medium,0.3,42,0,98,0.9946638345718384,True,0.28562062978744507,0.1613408327102661,True,6.517483711242676,2.3559730052948,True,0.08568619191646576,0.04840225353837013,0.013147127896713223,6.507742881774902,2.3327908515930176,True,none
gaussian_medium,0.3,42,0,97,1.111923098564148,True,0.4498419463634491,0.2251979112625122,True,6.452773571014404,2.366265058517456,True,0.1349526047706604,0.0675593763589859,0.02091389125706209,6.452608108520508,2.338042974472046,True,none
gaussian_medium,0.3,42,0,96,1.1093757152557373,True,0.7936515212059021,0.4173758029937744,True,6.441466808319092,2.2871274948120117,True,0.2380954623222351,0.12521274387836456,0.036962926210331495,6.370100498199463,2.287400245666504,True,none
gaussian_medium,0.3,42,0,95,1.0184475183486938,True,0.6614949703216553,0.41680288314819336,True,6.198165416717529,2.3614630699157715,True,0.19844850897789001,0.12504087388515472,0.032017297964105296,6.146649360656738,2.3239011764526367,True,none
gaussian_medium,0.3,42,0,94,1.0072968006134033,True,0.31029534339904785,0.11666113138198853,True,6.1221137046813965,2.3382649421691895,True,0.09308861196041107,0.034998342394828796,0.015205305953271303,6.124449253082275,2.324889898300171,True,none
gaussian_medium,0.3,42,0,93,1.0319989919662476,True,0.25405675172805786,0.108612060546875,True,5.999633312225342,2.182467460632324,True,0.07621703296899796,0.03258362039923668,0.012703615204895808,5.992428302764893,2.164956569671631,True,none
gaussian_medium,0.3,42,0,92,1.0369184017181396,True,0.22982627153396606,0.1075361892580986,True,5.8455939292907715,2.0176303386688232,True,0.06894788146018982,0.03226085752248764,0.01179484621993633,5.818237781524658,2.0056281089782715,True,none
gaussian_medium,0.3,42,0,91,1.0441484451293945,True,0.2702181339263916,0.10560816526412964,True,5.7368998527526855,1.9318783283233643,True,0.08106543868780136,0.03168245032429695,0.014130530559791857,5.707198619842529,1.914615273475647,True,none
gaussian_medium,0.3,42,0,90,1.0363435745239258,True,0.40285542607307434,0.1721287965774536,True,5.61422872543335,1.8926036357879639,True,0.1208566427230835,0.0516386404633522,0.021526846987113678,5.598267078399658,1.872757077217102,True,none
gaussian_medium,0.3,42,0,89,1.0237891674041748,True,0.48894795775413513,0.3681662082672119,True,5.450161933898926,1.8825085163116455,True,0.14668439328670502,0.11044986546039581,0.02691376789638676,5.474400997161865,1.8780502080917358,True,none
gaussian_medium,0.3,42,0,88,0.8610736727714539,True,0.2740221321582794,0.13687488436698914,True,5.202258110046387,1.8521723747253418,True,0.08220664411783218,0.04106246680021286,0.015802107926760168,5.2103800773620605,1.8537768125534058,True,none
gaussian_medium,0.3,42,0,87,1.2560441493988037,True,0.9373374581336975,0.3795478343963623,True,5.182517051696777,1.9770268201828003,True,0.28120124340057373,0.11386435478925705,0.05425958865074125,5.213372230529785,2.002194404602051,True,none
gaussian_medium,0.3,42,0,86,0.9687040448188782,True,0.3987104892730713,0.18168067932128906,True,4.990427017211914,1.8804951906204224,True,0.11961314082145691,0.05450420454144478,0.02396851820673639,5.0082173347473145,1.8806300163269043,True,none
gaussian_medium,0.3,42,0,85,0.8513051271438599,True,0.20327363908290863,0.10663524270057678,True,5.137217998504639,1.8764387369155884,True,0.06098209321498871,0.031990572810173035,0.011870645402380772,5.133484840393066,1.8706881999969482,True,none
gaussian_medium,0.3,42,0,84,0.8294887542724609,True,0.19356998801231384,0.07839745283126831,True,5.023999214172363,1.9257895946502686,True,0.05807100236415863,0.023519236594438553,0.01155872043139113,5.00601053237915,1.9160518646240234,True,none
gaussian_medium,0.3,42,0,83,0.8078104257583618,True,0.39535602927207947,0.189070463180542,True,5.022006511688232,2.1092028617858887,True,0.1186068207025528,0.05672113969922066,0.02361741674895947,4.973791599273682,2.0961098670959473,True,none
gaussian_medium,0.3,42,0,82,0.9899265170097351,True,0.43620046973228455,0.16703438758850098,True,5.079717636108398,2.0300161838531494,True,0.13086014986038208,0.05011031776666641,0.02576130392172921,5.102356433868408,2.042665481567383,True,none
gaussian_medium,0.3,42,0,81,1.015570044517517,True,0.5104914903640747,0.23664750158786774,True,5.164340019226074,1.9198042154312134,True,0.15314744412899017,0.07099425047636032,0.02965479491257648,5.150692462921143,1.920242190361023,True,none
gaussian_medium,0.3,42,0,80,1.1758406162261963,True,0.8774328231811523,0.37638092041015625,True,5.205513000488281,1.9695179462432861,True,0.2632298469543457,0.11291427910327911,0.050567513121109096,5.232151508331299,1.994702935218811,True,none
gaussian_medium,0.3,42,0,79,0.8623111844062805,True,0.19416001439094543,0.0690021812915802,True,5.215266704559326,1.7907456159591675,True,0.05824801325798035,0.02070065587759018,0.01116875062344313,5.213920593261719,1.7959649562835693,True,none
gaussian_medium,0.3,42,0,78,0.8420790433883667,True,0.34406808018684387,0.14274966716766357,True,5.0322346687316895,1.6357812881469727,True,0.10322044044733047,0.04282490164041519,0.020511849554370118,5.031033992767334,1.6542177200317383,True,none
gaussian_medium,0.3,42,0,77,0.8963068127632141,True,0.23437680304050446,0.09618091583251953,True,5.01981782913208,1.6363898515701294,True,0.07031304389238358,0.02885427512228489,0.014007090752240823,5.021157741546631,1.640561819076538,True,none
gaussian_medium,0.3,42,0,76,0.8365082740783691,True,0.24086393415927887,0.09753280878067017,True,5.143571376800537,1.651566743850708,True,0.07225918024778366,0.02925984375178814,0.01404844512777367,5.147768974304199,1.6576770544052124,True,none
gaussian_medium,0.3,42,0,75,0.9694839715957642,True,0.6153095364570618,0.29973411560058594,True,5.043523788452148,1.5212883949279785,True,0.1845928579568863,0.08992023766040802,0.036599977654413134,5.066694736480713,1.5207202434539795,True,none
gaussian_medium,0.3,42,0,74,0.7895009517669678,True,0.178530752658844,0.06337451934814453,True,4.961131572723389,1.5087308883666992,True,0.05355922877788544,0.01901235617697239,0.010795768665428392,4.943290710449219,1.503053069114685,True,none
gaussian_medium,0.3,42,0,73,0.9064216613769531,True,0.3427985608577728,0.1136925220489502,True,4.838785648345947,1.6832588911056519,True,0.10283958166837692,0.0341077595949173,0.021253179855881724,4.843514442443848,1.6702485084533691,True,none
gaussian_medium,0.3,42,0,72,0.8171297311782837,True,0.21461133658885956,0.10012885928153992,True,4.798425674438477,1.7769924402236938,True,0.06438340246677399,0.030038658529520035,0.01341760961511504,4.791182041168213,1.7771327495574951,True,none
gaussian_medium,0.3,42,0,71,0.9888728260993958,True,0.5879974961280823,0.23854994773864746,True,4.79214334487915,1.7656773328781128,True,0.17639924585819244,0.07156498730182648,0.03681009376454788,4.7114667892456055,1.7580862045288086,True,none
gaussian_medium,0.3,42,0,70,0.872511088848114,True,0.32190248370170593,0.14599132537841797,True,4.670984268188477,1.7805265188217163,True,0.09657074511051178,0.04379739984869957,0.020674602945717827,4.66532564163208,1.7821005582809448,True,none
gaussian_medium,0.3,42,0,69,0.7989304661750793,True,0.24517488479614258,0.10204136371612549,True,4.6451568603515625,1.675482153892517,True,0.07355247437953949,0.030612410977482796,0.01583422833517767,4.647719383239746,1.6788480281829834,True,none
gaussian_medium,0.3,42,0,68,1.0239800214767456,True,0.8996217250823975,0.4534323215484619,True,4.72670841217041,1.5806827545166016,True,0.2698865234851837,0.1360297054052353,0.05709819602796275,4.862321853637695,1.6092945337295532,True,none
gaussian_medium,0.3,42,0,67,0.7774766683578491,True,0.22206473350524902,0.07310207188129425,True,4.841849327087402,1.6975661516189575,True,0.06661942601203918,0.021930621936917305,0.013759086975162052,4.817481994628906,1.6918338537216187,True,none
gaussian_medium,0.3,42,0,66,0.7345153093338013,True,0.2342972755432129,0.09432530403137207,True,4.779852390289307,1.709985613822937,True,0.07028918713331223,0.02829759195446968,0.014705304974709309,4.7786383628845215,1.7128608226776123,True,none
gaussian_medium,0.3,42,0,65,0.8324506878852844,True,0.4101601243019104,0.2122277021408081,True,4.887824535369873,1.6934391260147095,True,0.12304803729057312,0.06366831064224243,0.025174397403207236,4.896050930023193,1.7040077447891235,True,none
gaussian_medium,0.3,42,0,64,0.8196198344230652,True,0.46025264263153076,0.19411730766296387,True,4.869085788726807,1.8042948246002197,True,0.1380757987499237,0.05823519453406334,0.028357643455282005,4.788339614868164,1.8010836839675903,True,none
gaussian_medium,0.3,42,0,63,0.8454985618591309,True,0.33477747440338135,0.12216043472290039,True,4.701878070831299,1.8447577953338623,True,0.10043326020240784,0.03664813190698624,0.021360243436646525,4.692033767700195,1.8598144054412842,True,none
gaussian_medium,0.3,42,0,62,0.9686503410339355,True,0.7522520422935486,0.41454243659973145,True,4.634772777557373,1.8816227912902832,True,0.22567559778690338,0.12436273694038391,0.048691836389396996,4.690928936004639,1.8856126070022583,True,none
gaussian_medium,0.3,42,0,61,0.8626570701599121,True,0.4253719747066498,0.20684099197387695,True,4.433532238006592,1.8424354791641235,True,0.12761160731315613,0.062052298337221146,0.028783281695613467,4.437530517578125,1.8557381629943848,True,none
gaussian_medium,0.3,42,0,60,0.7138956189155579,True,0.22238798439502716,0.09266962856054306,True,4.573906421661377,1.9901310205459595,True,0.06671639531850815,0.027800889685750008,0.01458630526469324,4.575061321258545,2.0001871585845947,True,none
gaussian_medium,0.3,42,0,59,0.824087917804718,True,0.5459261536598206,0.3019990921020508,True,4.444491863250732,1.9903911352157593,True,0.16377785801887512,0.09059973061084747,0.03684962489706303,4.464024543762207,2.004554033279419,True,none
gaussian_medium,0.3,42,0,58,0.7558948993682861,True,0.41742172837257385,0.22266989946365356,True,4.52420711517334,1.8492454290390015,True,0.12522651255130768,0.06680097430944443,0.02767921745476546,4.567377090454102,1.8592582941055298,True,none
gaussian_medium,0.3,42,0,57,0.8138052225112915,True,0.526597797870636,0.24898838996887207,True,4.546167850494385,1.8580139875411987,True,0.157979354262352,0.07469651848077774,0.03475000471993953,4.602161884307861,1.88157057762146,True,none
gaussian_medium,0.3,42,0,56,0.8562072515487671,True,0.6662182807922363,0.2968233823776245,True,4.566267490386963,1.8453246355056763,True,0.19986549019813538,0.08904701471328735,0.04376999170960837,4.646050453186035,1.8801301717758179,True,none
gaussian_medium,0.3,42,0,55,0.8612504005432129,True,0.6767597198486328,0.296539306640625,True,4.6248955726623535,1.8171626329421997,True,0.20302793383598328,0.08896179497241974,0.04389892282888128,4.700226783752441,1.83017897605896,True,none
gaussian_medium,0.3,42,0,54,0.7386918067932129,True,0.29977214336395264,0.12350332736968994,True,4.5950140953063965,1.75492525100708,True,0.08993164449930191,0.0370509997010231,0.01957157097540648,4.55106258392334,1.761727213859558,True,none
gaussian_medium,0.3,42,0,53,0.8191825747489929,True,0.43519482016563416,0.17169523239135742,True,4.528965473175049,1.704209327697754,True,0.13055843114852905,0.051508571952581406,0.028827429116383113,4.559370040893555,1.7190003395080566,True,none
gaussian_medium,0.3,42,0,52,0.8906699419021606,True,0.5628255605697632,0.24630796909332275,True,4.526430606842041,1.488324522972107,True,0.1688476800918579,0.07389239221811295,0.037302610988135906,4.5540595054626465,1.506226897239685,True,none
gaussian_medium,0.3,42,0,51,0.9699123501777649,True,0.6392636299133301,0.2547438144683838,True,4.496695041656494,1.485514760017395,True,0.19177910685539246,0.07642314583063126,0.04264890215563787,4.556076526641846,1.473361849784851,True,none
gaussian_medium,0.3,42,0,50,0.8855900764465332,True,0.6018400192260742,0.2265641689300537,True,4.461373329162598,1.4647243022918701,True,0.18055200576782227,0.06796925514936447,0.04047005091180556,4.481043815612793,1.4708043336868286,True,none
gaussian_medium,0.3,42,0,49,0.879440188407898,True,0.4881550371646881,0.2003244161605835,True,4.3374505043029785,1.354349136352539,True,0.14644652605056763,0.06009732559323311,0.03376327312674836,4.392694473266602,1.3310582637786865,True,none
gaussian_medium,0.3,42,0,48,0.7476438879966736,True,0.2924329936504364,0.10341432690620422,True,4.497507572174072,1.3514329195022583,True,0.08772990107536316,0.031024299561977386,0.019506337603103906,4.499211311340332,1.3529949188232422,True,none
gaussian_medium,0.3,42,0,47,0.7881839871406555,True,0.49565014243125916,0.2557969093322754,True,4.4918622970581055,1.34093177318573,True,0.14869505167007446,0.07673907279968262,0.03310320794282307,4.427102088928223,1.3072900772094727,True,none
gaussian_medium,0.3,42,0,46,0.7102168798446655,True,0.3131665289402008,0.1405649185180664,True,4.401863098144531,1.338160753250122,True,0.09394996613264084,0.0421694777905941,0.02134322763745678,4.357620716094971,1.3078428506851196,True,none
gaussian_medium,0.3,42,0,45,0.791380763053894,True,0.5010302066802979,0.25846266746520996,True,4.20672082901001,1.236186146736145,True,0.15030908584594727,0.07753880321979523,0.03573070140746292,4.132457733154297,1.2491083145141602,True,none
gaussian_medium,0.3,42,0,44,0.7254818677902222,True,0.22335092723369598,0.1074158325791359,True,4.146049499511719,1.231078028678894,True,0.06700528413057327,0.03222475200891495,0.016161235927947395,4.116528511047363,1.223275899887085,True,none
gaussian_medium,0.3,42,0,43,0.7956331372261047,True,0.4207962453365326,0.17691457271575928,True,3.9559059143066406,1.1923768520355225,True,0.1262388825416565,0.05307437479496002,0.03191149771410848,3.9771883487701416,1.2401585578918457,True,none
gaussian_medium,0.3,42,0,42,0.741449236869812,True,0.33567219972610474,0.15688210725784302,True,3.8338098526000977,1.1478955745697021,True,0.10070166736841202,0.047064635902643204,0.02626673498167617,3.780550718307495,1.1200412511825562,True,none
gaussian_medium,0.3,42,0,41,0.7373395562171936,True,0.27124181389808655,0.08600886166095734,True,3.6536672115325928,1.121986746788025,True,0.08137255162000656,0.02580265887081623,0.022271473264761622,3.660574436187744,1.1210345029830933,True,none
gaussian_medium,0.3,42,0,40,0.713699221611023,True,0.39970436692237854,0.21875399351119995,True,3.672520875930786,1.1197211742401123,True,0.1199113205075264,0.06562620401382446,0.03265095681099503,3.692044258117676,1.132220983505249,True,none
gaussian_medium,0.3,42,0,39,0.7373164892196655,True,0.3962971866130829,0.16925358772277832,True,3.728943347930908,1.0941181182861328,True,0.11888916045427322,0.050776079297065735,0.03188280146980774,3.740288496017456,1.1377872228622437,True,none
gaussian_medium,0.3,42,0,38,0.7711264491081238,True,0.6745288968086243,0.37915825843811035,True,3.7072813510894775,1.1911696195602417,True,0.2023586928844452,0.1137474849820137,0.05458412073983067,3.6318016052246094,1.1913561820983887,True,none
gaussian_medium,0.3,42,0,37,0.8188492059707642,True,0.8326331973075867,0.42464542388916016,True,3.5835978984832764,1.144268274307251,True,0.24978996813297272,0.12739363312721252,0.06970368194451287,3.6810383796691895,1.128255844116211,True,none
gaussian_medium,0.3,42,0,36,0.7848063707351685,True,0.5611234903335571,0.253537118434906,True,3.57460355758667,1.2043086290359497,True,0.16833704710006714,0.07606113702058792,0.047092508130795296,3.477128028869629,1.1486080884933472,True,none
gaussian_medium,0.3,42,0,35,0.7540148496627808,True,0.29343098402023315,0.12940603494644165,True,3.294529914855957,1.0586121082305908,True,0.08802930265665054,0.038821812719106674,0.026719837103216175,3.251569986343384,1.044167160987854,True,none
gaussian_medium,0.3,42,0,34,0.727519154548645,True,0.40690878033638,0.219375878572464,True,3.1228930950164795,1.0446311235427856,True,0.12207264453172684,0.06581276655197144,0.03908960083407644,3.1339938640594482,1.1078217029571533,True,none
gaussian_medium,0.3,42,0,33,0.722417950630188,True,0.6997218132019043,0.47589311003685,True,3.134592056274414,1.1660712957382202,True,0.20991654694080353,0.14276793599128723,0.06696774035414058,3.0262062549591064,1.0743739604949951,True,none
gaussian_medium,0.3,42,0,32,0.6779869794845581,True,0.28546908497810364,0.1329307109117508,True,3.0297558307647705,1.089033603668213,True,0.08564072847366333,0.0398792140185833,0.028266544651559478,2.979860782623291,1.0614948272705078,True,none
gaussian_medium,0.3,42,0,31,0.7376922369003296,True,0.4443413317203522,0.18469810485839844,True,2.823187828063965,0.9128330945968628,True,0.13330240547657013,0.05540943518280983,0.04721698080142852,2.8208658695220947,0.8851334452629089,True,none
gaussian_medium,0.3,42,0,30,0.6880544424057007,True,0.2754460275173187,0.16136491298675537,True,2.9462814331054688,0.9623544216156006,True,0.08263380825519562,0.04840947687625885,0.02804681430859409,2.9455740451812744,0.994242787361145,True,none
gaussian_medium,0.3,42,0,29,0.738584041595459,True,0.5269480347633362,0.2825586795806885,True,2.978876829147339,0.9716495871543884,True,0.1580844223499298,0.08476760983467102,0.05306846553810892,2.917527437210083,0.967205822467804,True,none
gaussian_medium,0.3,42,0,28,0.6856679916381836,True,0.2844940721988678,0.1249760091304779,True,2.9404847621917725,0.9659212231636047,True,0.0853482261300087,0.03749280422925949,0.029025223060963248,2.9125256538391113,0.9699289798736572,True,none
gaussian_medium,0.3,42,0,27,0.7564714550971985,True,0.6977623105049133,0.3717120885848999,True,2.851444721221924,0.9672202467918396,True,0.20932868123054504,0.11151362955570221,0.0734114463705151,2.7761003971099854,0.9799370765686035,True,none
gaussian_medium,0.3,42,0,26,0.6616197228431702,True,0.5215609073638916,0.24050307273864746,True,2.8380212783813477,0.8848686814308167,True,0.15646827220916748,0.07215092331171036,0.05513287493684801,2.8119781017303467,0.8819809556007385,True,none
gaussian_medium,0.3,42,0,25,0.6737278699874878,True,0.4980546236038208,0.30942249298095703,True,2.815567970275879,0.888114333152771,True,0.14941637217998505,0.09282675385475159,0.053067932920579305,2.7776341438293457,0.8976361751556396,True,none
gaussian_medium,0.3,42,0,24,0.83180171251297,True,1.3000767230987549,0.8107088208198547,True,2.8090693950653076,1.0190421342849731,True,0.39002302289009094,0.24321265518665314,0.13884421067528824,2.8489060401916504,1.0228747129440308,True,none
gaussian_medium,0.3,42,0,23,0.6962992548942566,True,0.6667090654373169,0.38981735706329346,True,2.9557864665985107,1.1979330778121948,True,0.2000127136707306,0.11694521456956863,0.06766818778382037,2.9311513900756836,1.2033360004425049,True,none
gaussian_medium,0.3,42,0,22,0.7546490430831909,True,1.2418768405914307,0.6360529065132141,True,3.0603578090667725,1.1376124620437622,True,0.37256309390068054,0.19081588089466095,0.12173841006328878,3.1133780479431152,1.1410906314849854,True,none
gaussian_medium,0.3,42,0,21,1.0764726400375366,True,2.325211763381958,1.5945689678192139,True,3.1262850761413574,1.1279476881027222,True,0.6975635290145874,0.47837069630622864,0.22312857337864328,3.015193223953247,1.1404346227645874,True,none
gaussian_medium,0.3,42,0,20,1.0121128559112549,True,2.185828447341919,1.488006591796875,True,3.1096091270446777,1.1823618412017822,True,0.6557485461235046,0.446401983499527,0.2108781262635753,3.147890329360962,1.1838388442993164,True,none
gaussian_medium,0.3,42,0,19,1.0130698680877686,True,2.461136817932129,1.620470643043518,True,3.0757124423980713,1.0956777334213257,True,0.7383410334587097,0.4861412048339844,0.24005528712001437,2.9078354835510254,1.0902308225631714,True,none
gaussian_medium,0.3,42,0,18,1.1240761280059814,True,3.0657739639282227,2.028822183609009,True,2.913862943649292,1.0758470296859741,True,0.9197321534156799,0.6086466908454895,0.3156401557663866,3.003675937652588,1.0428439378738403,True,none
gaussian_medium,0.3,42,0,17,1.6017614603042603,True,4.341494560241699,2.8857169151306152,True,2.901301383972168,1.0450423955917358,True,1.3024485111236572,0.8657150864601135,0.44891872258373505,2.87459135055542,1.0588781833648682,True,none
gaussian_medium,0.3,42,0,16,4.703530788421631,True,10.37853717803955,6.639129638671875,True,2.844968795776367,1.065140724182129,True,3.1135611534118652,1.9917389154434204,1.0944095970518746,3.779585123062134,1.7525792121887207,True,none
gaussian_medium,0.3,42,0,15,27.184371948242188,True,29.332128524780273,22.598146438598633,True,3.625319480895996,1.650657057762146,True,8.799639701843262,6.779444217681885,2.427272892282036,7.269782066345215,5.550655841827393,True,none
gaussian_medium,0.3,42,0,14,318.37200927734375,True,121.25499725341797,55.30766296386719,True,6.9755024909973145,5.379121780395508,True,36.376502990722656,16.592300415039062,5.214893556079363,31.881338119506836,14.511981964111328,True,none
gaussian_medium,0.3,42,0,13,12343.0654296875,True,903.4596557617188,400.2103576660156,True,30.352903366088867,13.97952651977539,True,271.0379333496094,120.0631103515625,8.9295554392471,244.42608642578125,109.4820785522461,True,none
gaussian_medium,0.3,42,0,12,1039017.0,True,8874.1865234375,3076.740966796875,True,232.5632781982422,105.60492706298828,True,2662.25634765625,923.0223388671875,11.447449349191196,2438.65576171875,851.453125,True,none
gaussian_medium,0.3,42,0,11,112740200.0,True,94827.21875,30331.90234375,True,2311.011962890625,816.5406494140625,True,28448.1640625,9099.5712890625,12.309829857789609,26201.412109375,8382.6083984375,True,none
gaussian_medium,0.3,42,0,10,14623703040.0,True,1140027.625,373363.4375,True,24891.841796875,7990.55517578125,True,342008.3125,112009.0390625,13.739775276208642,317673.59375,104798.984375,True,none
gaussian_medium,0.3,42,0,9,2284878561280.0,True,14589929.0,4411017.0,True,301168.6875,100679.3515625,True,4376978.5,1323305.125,14.533311999774213,4080470.75,1232734.75,True,none
gaussian_medium,0.3,42,0,8,415391151030272.0,True,205967264.0,63217552.0,True,3877905.25,1173678.625,True,61790176.0,18965266.0,15.933905553778034,57959048.0,17867526.0,True,none
gaussian_medium,0.3,42,0,7,8.82919691213865e+16,True,3071603200.0,920106880.0,True,54964312.0,17139832.0,True,921480960.0,276032064.0,16.7650776744008,867002624.0,260715168.0,True,none
gaussian_medium,0.3,42,0,6,2.1703893339368063e+19,True,50293456896.0,14599417856.0,True,824977472.0,248078944.0,True,15088038912.0,4379825664.0,18.289031427030288,14266839040.0,4155871488.0,True,none
gaussian_medium,0.3,42,0,5,6.171017982907683e+21,True,867414048768.0,244278329344.0,True,13545451520.0,3988271360.0,True,260224221184.0,73283502080.0,19.21118840518356,246716710912.0,69426798592.0,True,none
gaussian_medium,0.3,42,0,4,2.0051901920802196e+24,True,16305033838592.0,4440113807360.0,True,235209506816.0,66790932480.0,True,4891510046720.0,1332034142208.0,20.796396000041515,4657008082944.0,1270702145536.0,True,none
gaussian_medium,0.3,42,0,3,7.480464627189662e+26,True,321556114833408.0,86050735128576.0,True,4431250194432.0,1221470060544.0,True,96466836127744.0,25815221796864.0,21.76966587193779,92039765032960.0,24613056675840.0,True,none
gaussian_medium,0.3,42,0,2,3.1496386163583857e+29,True,6850188295536640.0,1757228692406272.0,True,88111497347072.0,23750143639552.0,True,2055056488660992.0,527168614432768.0,23.323363585186907,1967020262293504.0,504194532376576.0,True,none
gaussian_medium,0.3,42,0,1,1.5072600845321112e+32,True,1.5327123371720704e+17,3.910217683173376e+16,True,1884988937076736.0,487136700661760.0,True,4.598137441012941e+16,1.1730653049520128e+16,24.393445237635127,4.409660961665843e+16,1.1243561882222592e+16,True,none
gaussian_medium,0.3,42,0,0,8.066478202633471e+34,True,3.659026538046685e+18,9.107762649801687e+17,True,4.297338547444122e+16,1.1007991515971584e+16,True,1.0977080851090637e+18,2.7323288293002445e+17,25.543905209933595,1.0547402014877286e+18,2.6222489893024563e+17,True,none
gaussian_medium,0.3,42,1,99,1.9604610204696655,True,1.4929150342941284,0.7927441596984863,True,6.632959842681885,2.3459253311157227,True,0.4478745460510254,0.2378232628107071,0.06752257765363917,6.4943389892578125,2.2862117290496826,True,none
gaussian_medium,0.3,42,1,98,1.4209848642349243,True,0.7283596396446228,0.39330387115478516,True,6.391505718231201,2.3726789951324463,True,0.21850790083408356,0.11799116432666779,0.0341872338799252,6.410927772521973,2.344097137451172,True,none
gaussian_medium,0.3,42,1,97,1.2079956531524658,True,0.6941491961479187,0.35751938819885254,True,6.360161304473877,2.4029200077056885,True,0.20824475586414337,0.10725582391023636,0.03274205572704999,6.294572353363037,2.3876750469207764,True,none
gaussian_medium,0.3,42,1,96,1.052262306213379,True,0.639394223690033,0.29420042037963867,True,6.257561206817627,2.362964630126953,True,0.19181828200817108,0.08826012909412384,0.030653840317079756,6.223198413848877,2.3611772060394287,True,none
gaussian_medium,0.3,42,1,95,1.3353615999221802,True,1.1828014850616455,0.7107954025268555,True,6.064009189605713,2.4604969024658203,True,0.35484039783477783,0.21323862671852112,0.05851580806357441,6.046781539916992,2.474874496459961,True,none
gaussian_medium,0.3,42,1,94,0.9044097661972046,True,0.3343619406223297,0.15903696417808533,True,6.01994514465332,2.512669563293457,True,0.10030858963727951,0.0477110929787159,0.016662708251810734,6.033427715301514,2.5189239978790283,True,none
gaussian_medium,0.3,42,1,93,0.9050233960151672,True,0.32151979207992554,0.12547487020492554,True,5.877242088317871,2.399089813232422,True,0.09645593911409378,0.0376424640417099,0.016411768932540958,5.878377914428711,2.398663282394409,True,none
gaussian_medium,0.3,42,1,92,1.1050134897232056,True,0.7015366554260254,0.2920112609863281,True,5.724057674407959,2.27493953704834,True,0.21046100556850433,0.0876033827662468,0.036767799616944916,5.699069023132324,2.2611746788024902,True,none
gaussian_medium,0.3,42,1,91,0.9543107748031616,True,0.2604960501194,0.12030744552612305,True,5.676637649536133,2.209599733352661,True,0.07814881205558777,0.03609223663806915,0.013766743075799446,5.676957130432129,2.205291509628296,True,none
gaussian_medium,0.3,42,1,90,0.9701930284500122,True,0.5123109221458435,0.27419450879096985,True,5.57406759262085,2.049286365509033,True,0.1536932736635208,0.08225835859775543,0.02757291172194573,5.610640525817871,2.07088303565979,True,none
gaussian_medium,0.3,42,1,89,0.9678668975830078,True,0.4045739769935608,0.16922539472579956,True,5.494427680969238,2.145878553390503,True,0.12137219309806824,0.05076761916279793,0.0220900519845655,5.47166633605957,2.14365553855896,True,none
gaussian_medium,0.3,42,1,88,0.9710874557495117,True,0.2715926468372345,0.11745762825012207,True,5.286848545074463,2.0235066413879395,True,0.08147779852151871,0.03523728996515274,0.015411411510438061,5.29215145111084,2.0301103591918945,True,none
gaussian_medium,0.3,42,1,87,0.9276629686355591,True,0.2832033634185791,0.13299775123596191,True,5.218997478485107,2.012204885482788,True,0.08496101200580597,0.039899326860904694,0.01627918242076846,5.213928699493408,2.0282480716705322,True,none
gaussian_medium,0.3,42,1,86,1.0126913785934448,True,0.39635464549064636,0.201635479927063,True,4.888411045074463,1.780733346939087,True,0.11890639364719391,0.060490645468235016,0.02432413979732311,4.909776210784912,1.7637159824371338,True,none
gaussian_medium,0.3,42,1,85,0.9452406167984009,True,0.2422647774219513,0.09498858451843262,True,5.075809955596924,1.7933166027069092,True,0.07267943769693375,0.028496576473116875,0.014318786229728375,5.073170185089111,1.7791715860366821,True,none
gaussian_medium,0.3,42,1,84,0.9550162553787231,True,0.24811606109142303,0.09827899932861328,True,5.036086559295654,1.9019025564193726,True,0.07443481683731079,0.029483700171113014,0.014780289409423185,5.034834384918213,1.913947343826294,True,none
gaussian_medium,0.3,42,1,83,0.9341262578964233,True,0.16498179733753204,0.06423288583755493,True,5.044824123382568,2.0140230655670166,True,0.04949453845620155,0.01926986686885357,0.009810954206864503,5.042046546936035,2.0224640369415283,True,none
gaussian_medium,0.3,42,1,82,0.9540866613388062,True,0.3315998315811157,0.12087774276733398,True,5.236364364624023,2.2027454376220703,True,0.09947994351387024,0.036263324320316315,0.01899790323720034,5.250863552093506,2.209456205368042,True,none
gaussian_medium,0.3,42,1,81,0.9569715261459351,True,0.37042492628097534,0.13380324840545654,True,5.273667812347412,2.1955692768096924,True,0.11112748086452484,0.04014097526669502,0.02107214273229674,5.251407146453857,2.2190945148468018,True,none
gaussian_medium,0.3,42,1,80,1.0793758630752563,True,0.4954157769680023,0.16660261154174805,True,5.296704292297363,2.1814515590667725,True,0.1486247479915619,0.04998078569769859,0.028059853786375932,5.307605743408203,2.2154223918914795,True,none
gaussian_medium,0.3,42,1,79,1.002732276916504,True,0.41523003578186035,0.16232675313949585,True,5.3181047439575195,2.372107744216919,True,0.12456902116537094,0.048698026686906815,0.023423574217278063,5.3305792808532715,2.3729660511016846,True,none
gaussian_medium,0.3,42,1,78,0.9522145390510559,True,0.3371063768863678,0.16587507724761963,True,5.113224506378174,2.2445554733276367,True,0.10113192349672318,0.04976252466440201,0.019778502463670952,5.098666191101074,2.2558352947235107,True,none
gaussian_medium,0.3,42,1,77,0.8831051588058472,True,0.20045247673988342,0.07565426826477051,True,5.209072589874268,2.4298105239868164,True,0.060135748237371445,0.022696280851960182,0.011544425077557117,5.201460838317871,2.421221971511841,True,none
gaussian_medium,0.3,42,1,76,1.1146152019500732,True,0.6238529086112976,0.27005231380462646,True,5.20162296295166,2.2942192554473877,True,0.18715587258338928,0.0810156986117363,0.03598028421443905,5.231561660766602,2.3223698139190674,True,none
gaussian_medium,0.3,42,1,75,0.8995329737663269,True,0.18752837181091309,0.07158401608467102,True,5.063007831573486,2.313832998275757,True,0.056258510798215866,0.021475205197930336,0.011111677617279268,5.078018665313721,2.3284153938293457,True,none
gaussian_medium,0.3,42,1,74,0.9265525937080383,True,0.48885780572891235,0.25235986709594727,True,5.04573917388916,2.4376602172851562,True,0.14665734767913818,0.07570796459913254,0.029065582390393044,5.095704078674316,2.4451301097869873,True,none
gaussian_medium,0.3,42,1,73,0.8923065066337585,True,0.40888315439224243,0.23179101943969727,True,4.9472336769104,2.2829089164733887,True,0.12266495823860168,0.06953731179237366,0.024794656215871826,4.959147930145264,2.2784316539764404,True,none
gaussian_medium,0.3,42,1,72,0.9871833920478821,True,0.42608243227005005,0.22568881511688232,True,4.887217044830322,2.3836610317230225,True,0.12782473862171173,0.0677066445350647,0.026154913409646506,4.867753505706787,2.374603033065796,True,none
gaussian_medium,0.3,42,1,71,1.0695831775665283,True,0.6207290887832642,0.3179352283477783,True,4.944163799285889,2.4181549549102783,True,0.186218723654747,0.09538057446479797,0.03766435158997076,4.973415851593018,2.42755126953125,True,none
gaussian_medium,0.3,42,1,70,0.9466760754585266,True,0.22282898426055908,0.0887569785118103,True,4.851328372955322,2.2348825931549072,True,0.06684870272874832,0.02662709541618824,0.01377946360040184,4.871617794036865,2.242011547088623,True,none
gaussian_medium,0.3,42,1,69,0.9770897626876831,True,0.3694826662540436,0.23805493116378784,True,4.802262306213379,2.105252265930176,True,0.11084479093551636,0.07141648232936859,0.023081786014078697,4.8111958503723145,2.09159779548645,True,none
gaussian_medium,0.3,42,1,68,0.9699630737304688,True,0.42424413561820984,0.22347164154052734,True,4.831624984741211,2.1145472526550293,True,0.12727324664592743,0.06704149395227432,0.026341706371633484,4.8278350830078125,2.106250047683716,True,none
gaussian_medium,0.3,42,1,67,0.8933669924736023,True,0.2851976454257965,0.16651952266693115,True,4.894493579864502,2.1822545528411865,True,0.08555930107831955,0.049955859780311584,0.0174807259795549,4.882542610168457,2.16512393951416,True,none
gaussian_medium,0.3,42,1,66,0.8673508763313293,True,0.1477273553609848,0.07948257029056549,True,4.833374500274658,2.233954668045044,True,0.04431821033358574,0.023844772949814796,0.009169206799733431,4.833431720733643,2.2296814918518066,True,none
gaussian_medium,0.3,42,1,65,0.9316824674606323,True,0.40813755989074707,0.23354530334472656,True,4.958801746368408,2.3775486946105957,True,0.12244126945734024,0.07006359100341797,0.024691704915806675,4.977431297302246,2.3905234336853027,True,none
gaussian_medium,0.3,42,1,64,0.923434853553772,True,0.35651811957359314,0.27052628993988037,True,4.991232395172119,2.4654455184936523,True,0.10695543885231018,0.08115789294242859,0.021428663380960538,5.0046844482421875,2.475231409072876,True,none
gaussian_medium,0.3,42,1,63,0.8661276698112488,True,0.18989767134189606,0.09047037363052368,True,4.864714622497559,2.3925087451934814,True,0.056969307363033295,0.027141112834215164,0.011710719288559907,4.85656213760376,2.3970160484313965,True,none
gaussian_medium,0.3,42,1,62,0.9108594059944153,True,0.33916470408439636,0.20915016531944275,True,4.8458967208862305,2.4396374225616455,True,0.10174941271543503,0.06274504959583282,0.020997024611949598,4.83770751953125,2.4552783966064453,True,none
gaussian_medium,0.3,42,1,61,0.8795298337936401,True,0.23613549768924713,0.15388616919517517,True,4.547424793243408,2.294689178466797,True,0.07084064930677414,0.04616585373878479,0.015578190410540496,4.539255619049072,2.2876532077789307,True,none
gaussian_medium,0.3,42,1,60,1.081352949142456,True,0.8882374167442322,0.6466977596282959,True,4.6045331954956055,2.1763553619384766,True,0.2664712369441986,0.19400933384895325,0.057871498723218416,4.657307147979736,2.204209327697754,True,none
gaussian_medium,0.3,42,1,59,0.9078737497329712,True,0.4196130633354187,0.272685706615448,True,4.580515384674072,2.256382942199707,True,0.12588392198085785,0.08180571347475052,0.027482479897791602,4.592467308044434,2.2507412433624268,True,none
gaussian_medium,0.3,42,1,58,0.9077327847480774,True,0.4203777313232422,0.18628424406051636,True,4.609325885772705,2.24326491355896,True,0.12611331045627594,0.05588527396321297,0.027360467361510283,4.6167449951171875,2.2310972213745117,True,none
gaussian_medium,0.3,42,1,57,0.9534088373184204,True,0.16918610036373138,0.052368808537721634,True,4.736721515655518,2.419318675994873,True,0.05075583606958389,0.01571064256131649,0.010715393738436626,4.7341837882995605,2.4235074520111084,True,none
gaussian_medium,0.3,42,1,56,1.014021873474121,True,0.5043668150901794,0.19516393542289734,True,4.692854881286621,2.4466569423675537,True,0.1513100564479828,0.0585491843521595,0.032242645527207625,4.7063307762146,2.4695725440979004,True,none
gaussian_medium,0.3,42,1,55,0.9645093083381653,True,0.3877023160457611,0.2547113001346588,True,4.699413776397705,2.5635900497436523,True,0.11631070822477341,0.07641339302062988,0.02475004623106536,4.676143646240234,2.5555832386016846,True,none
gaussian_medium,0.3,42,1,54,0.8941399455070496,True,0.33526578545570374,0.15202391147613525,True,4.5842437744140625,2.4906253814697266,True,0.10057973861694336,0.045607175678014755,0.02194031198303303,4.612509727478027,2.5362324714660645,True,none
gaussian_medium,0.3,42,1,53,0.9086593389511108,True,0.1961420774459839,0.10151728987693787,True,4.739399433135986,2.596898317337036,True,0.05884262174367905,0.03045518882572651,0.012415628303506673,4.7529377937316895,2.619058609008789,True,none
gaussian_medium,0.3,42,1,52,0.8645684123039246,True,0.1767343431711197,0.08090054988861084,True,4.817631244659424,2.4832639694213867,True,0.053020305931568146,0.02427016571164131,0.011005472033654028,4.830770015716553,2.5075340270996094,True,none
gaussian_medium,0.3,42,1,51,0.9258324503898621,True,0.38974529504776,0.24417084455490112,True,4.740052700042725,2.5986955165863037,True,0.11692359298467636,0.07325125485658646,0.024667150427166728,4.72507381439209,2.611398458480835,True,none
gaussian_medium,0.3,42,1,50,0.8865442276000977,True,0.18917913734912872,0.06881833076477051,True,4.587451457977295,2.400712013244629,True,0.056753743439912796,0.020645499229431152,0.012371519123370596,4.592453956604004,2.4213576316833496,True,none
gaussian_medium,0.3,42,1,49,0.9324959516525269,True,0.2460978478193283,0.09331095218658447,True,4.4434027671813965,2.3908531665802,True,0.07382935285568237,0.02799328602850437,0.016615498689644615,4.444830417633057,2.413403034210205,True,none
gaussian_medium,0.3,42,1,48,0.9692234992980957,True,0.44127094745635986,0.23024845123291016,True,4.4859843254089355,2.3532638549804688,True,0.13238129019737244,0.06907454133033752,0.02950997609321233,4.480561256408691,2.3738186359405518,True,none
gaussian_medium,0.3,42,1,47,0.9344074130058289,True,0.16901887953281403,0.07279738783836365,True,4.510433197021484,2.402919292449951,True,0.05070566385984421,0.021839216351509094,0.011241861179391155,4.502647876739502,2.4133572578430176,True,none
gaussian_medium,0.3,42,1,46,0.9046502113342285,True,0.2311156988143921,0.06920459866523743,True,4.472848892211914,2.3994195461273193,True,0.06933470815420151,0.020761379972100258,0.015501240892557538,4.470455646514893,2.417309522628784,True,none
gaussian_medium,0.3,42,1,45,0.9576988220214844,True,0.38848355412483215,0.17164331674575806,True,4.482227325439453,2.6499974727630615,True,0.11654508113861084,0.051492996513843536,0.02600159980220511,4.484804153442383,2.6610944271087646,True,none
gaussian_medium,0.3,42,1,44,0.9460946321487427,True,0.3422502279281616,0.15403681993484497,True,4.426812648773193,2.5934298038482666,True,0.10267506539821625,0.04621104896068573,0.02319390350225178,4.408094882965088,2.596062421798706,True,none
gaussian_medium,0.3,42,1,43,0.9510580897331238,True,0.40763506293296814,0.2259615659713745,True,4.254273414611816,2.462240695953369,True,0.12229052186012268,0.06778847426176071,0.028745336733664636,4.262249946594238,2.456062078475952,True,none
gaussian_medium,0.3,42,1,42,0.9427726864814758,True,0.24910250306129456,0.11132615804672241,True,4.132884502410889,2.468233585357666,True,0.0747307538986206,0.0333978496491909,0.018081984593329156,4.120723724365234,2.471484661102295,True,none
gaussian_medium,0.3,42,1,41,0.9206161499023438,True,0.4786669909954071,0.19661569595336914,True,3.906768798828125,2.282456874847412,True,0.14360010623931885,0.05898471176624298,0.0367567454420022,3.8850791454315186,2.291332244873047,True,none
gaussian_medium,0.3,42,1,40,0.9780644178390503,True,0.6517759561538696,0.2903720736503601,True,3.984717845916748,2.389430284500122,True,0.19553278386592865,0.08711162209510803,0.049070672360465244,4.03389835357666,2.4258856773376465,True,none
gaussian_medium,0.3,42,1,39,0.902483344078064,True,0.21090324223041534,0.0868270993232727,True,3.915797233581543,2.3112595081329346,True,0.06327097862958908,0.02604813128709793,0.016157879189189473,3.914985179901123,2.3129959106445312,True,none
gaussian_medium,0.3,42,1,38,0.9039546251296997,True,0.3547661006450653,0.1831739842891693,True,3.7924976348876953,2.1730189323425293,True,0.10642983019351959,0.05495219677686691,0.028063255521751474,3.788045883178711,2.1796834468841553,True,none
gaussian_medium,0.3,42,1,37,0.9056597948074341,True,0.1893729567527771,0.0904705822467804,True,3.8093440532684326,2.241135358810425,True,0.05681189149618149,0.027141176164150238,0.014913825241755661,3.813633680343628,2.2575771808624268,True,none
gaussian_medium,0.3,42,1,36,1.0655066967010498,True,0.8839489817619324,0.445023775100708,True,3.7765541076660156,2.2604641914367676,True,0.2651847004890442,0.1335071325302124,0.07021869485483509,3.773761510848999,2.293487071990967,True,none
gaussian_medium,0.3,42,1,35,1.040302038192749,True,0.9043708443641663,0.44105207920074463,True,3.5898427963256836,2.1951491832733154,True,0.2713112235069275,0.13231563568115234,0.07557746645188682,3.5955440998077393,2.203221321105957,True,none
gaussian_medium,0.3,42,1,34,0.9100918769836426,True,0.41852208971977234,0.21585458517074585,True,3.508751392364502,2.006479024887085,True,0.12555661797523499,0.064756378531456,0.03578384557208204,3.5026023387908936,2.025559663772583,True,none
gaussian_medium,0.3,42,1,33,1.0350226163864136,True,1.0259182453155518,0.6336307525634766,True,3.5028934478759766,1.929115891456604,True,0.30777549743652344,0.19008924067020416,0.08786321993980693,3.5596084594726562,1.9758714437484741,True,none
gaussian_medium,0.3,42,1,32,0.9418634176254272,True,0.3786258101463318,0.1752685308456421,True,3.5225629806518555,1.8392674922943115,True,0.11358774453401566,0.052580561488866806,0.03224576683451202,3.532628059387207,1.868257761001587,True,none
gaussian_medium,0.3,42,1,31,0.9001878499984741,True,0.3748212158679962,0.15291869640350342,True,3.368441581726074,1.7846897840499878,True,0.1124463677406311,0.045875608921051025,0.033382311971988356,3.3616726398468018,1.805517315864563,True,none
gaussian_medium,0.3,42,1,30,0.8838573694229126,True,0.28354611992836,0.1274954229593277,True,3.3111159801483154,1.6733638048171997,True,0.08506384491920471,0.03824862837791443,0.025690385184081874,3.306523561477661,1.6958388090133667,True,none
gaussian_medium,0.3,42,1,29,0.9179728627204895,True,0.6184603571891785,0.2825731635093689,True,3.3777942657470703,1.7858924865722656,True,0.1855381280183792,0.08477195352315903,0.054928782933820454,3.4015116691589355,1.8195432424545288,True,none
gaussian_medium,0.3,42,1,28,0.8567659258842468,True,0.24886803328990936,0.08728356659412384,True,3.4890849590301514,1.9630376100540161,True,0.07466041296720505,0.02618507109582424,0.021398278873649652,3.4748947620391846,1.9703047275543213,True,none
gaussian_medium,0.3,42,1,27,0.8946563601493835,True,0.4985784888267517,0.30338984727859497,True,3.4323205947875977,1.9608949422836304,True,0.14957356452941895,0.09101695567369461,0.04357797018044331,3.4313371181488037,1.9728468656539917,True,none
gaussian_medium,0.3,42,1,26,0.8582664728164673,True,0.5205197930335999,0.20648324489593506,True,3.4117133617401123,1.8893781900405884,True,0.15615592896938324,0.061944976449012756,0.04577053005698333,3.363318920135498,1.8893312215805054,True,none
gaussian_medium,0.3,42,1,25,0.8497315645217896,True,0.41234880685806274,0.256504088640213,True,3.270009756088257,1.7371211051940918,True,0.12370464950799942,0.07695122808218002,0.03783005517877813,3.2573022842407227,1.749263048171997,True,none
gaussian_medium,0.3,42,1,24,0.8859720230102539,True,0.8761625289916992,0.4639815092086792,True,3.267202138900757,1.7845712900161743,True,0.26284879446029663,0.13919445872306824,0.08045072918220209,3.2572176456451416,1.7949097156524658,True,none
gaussian_medium,0.3,42,1,23,0.8643442988395691,True,0.7093738913536072,0.35383278131484985,True,3.2730579376220703,1.744492769241333,True,0.21281218528747559,0.1061498373746872,0.06501937617456967,3.248833179473877,1.7646119594573975,True,none
gaussian_medium,0.3,42,1,22,0.9160442352294922,True,1.20376718044281,0.5875523090362549,True,3.2246246337890625,1.6741048097610474,True,0.3611301779747009,0.17626570165157318,0.11199138473064586,3.238996744155884,1.6701589822769165,True,none
gaussian_medium,0.3,42,1,21,0.891476035118103,True,0.9203565120697021,0.3722301125526428,True,3.318783760070801,1.6232256889343262,True,0.27610698342323303,0.11166904121637344,0.08319523156195616,3.2539048194885254,1.6205304861068726,True,none
gaussian_medium,0.3,42,1,20,0.8447802662849426,True,0.5462289452552795,0.27360814809799194,True,3.2928519248962402,1.6541032791137695,True,0.16386868059635162,0.08208245038986206,0.04976497101413555,3.2770802974700928,1.6432095766067505,True,none
gaussian_medium,0.3,42,1,19,0.8762894868850708,True,0.7032870054244995,0.2777988314628601,True,3.184401512145996,1.617887258529663,True,0.21098609268665314,0.08333965390920639,0.06625612124659541,3.171062707901001,1.6038662195205688,True,none
gaussian_medium,0.3,42,1,18,0.8753827214241028,True,1.006426215171814,0.4728132486343384,True,3.11873722076416,1.552972435951233,True,0.3019278943538666,0.1418439745903015,0.09681094397552055,3.077131509780884,1.5460007190704346,True,none
gaussian_medium,0.3,42,1,17,0.9686896204948425,True,1.697523593902588,1.0628516674041748,True,3.0130584239959717,1.4959663152694702,True,0.5092571377754211,0.31885552406311035,0.16901668209269777,3.0332648754119873,1.473459243774414,True,none
gaussian_medium,0.3,42,1,16,1.2748239040374756,True,3.240108013153076,1.755679726600647,True,2.9365575313568115,1.4545267820358276,True,0.9720324873924255,0.526703953742981,0.331010878217998,2.842418909072876,1.4394102096557617,True,none
gaussian_medium,0.3,42,1,15,2.737032651901245,True,6.255624771118164,3.4665565490722656,True,2.819826602935791,1.3681254386901855,True,1.8766875267028809,1.0399670600891113,0.6655329532490932,3.133770227432251,1.4210468530654907,True,none
gaussian_medium,0.3,42,1,14,9.017634391784668,True,15.307680130004883,7.707314491271973,True,3.0700647830963135,1.515870213508606,True,4.592304229736328,2.312194347381592,1.495833004899416,4.331557750701904,2.0526814460754395,True,none
gaussian_medium,0.3,42,1,13,111.6753921508789,True,74.8978271484375,30.330360412597656,True,4.18704891204834,2.0715537071228027,True,22.469348907470703,9.099108695983887,5.36639274568998,19.528406143188477,7.345022678375244,True,none
gaussian_medium,0.3,42,1,12,5362.6572265625,True,607.1346435546875,230.85089111328125,True,18.47813606262207,6.933762550354004,True,182.1404266357422,69.2552719116211,9.857077901064356,164.40542602539062,62.6214714050293,True,none
gaussian_medium,0.3,42,1,11,597058.375,True,7472.443359375,2474.82177734375,True,157.8072509765625,60.38764572143555,True,2241.733154296875,742.446533203125,14.20551426138082,2087.46923828125,683.6783447265625,True,none
gaussian_medium,0.3,42,1,10,86587536.0,True,83820.8359375,30413.75,True,1977.5494384765625,661.1390380859375,True,25146.251953125,9124.125,12.715865132806396,23190.435546875,8500.22265625,True,none
gaussian_medium,0.3,42,1,9,13745883136.0,True,1193821.375,395602.03125,True,22266.41796875,8192.0400390625,True,358146.4375,118680.6171875,16.084600495806903,336048.34375,111364.0390625,True,none
gaussian_medium,0.3,42,1,8,2626717745152.0,True,15688282.0,5290572.0,True,318447.8125,107768.4375,True,4706485.0,1587171.625,14.779454639839926,4389193.5,1486276.5,True,none
gaussian_medium,0.3,42,1,7,549863557169152.0,True,251114592.0,81559952.0,True,4215037.5,1431921.125,True,75334384.0,24467986.0,17.87276720551122,71129552.0,23090718.0,True,none
gaussian_medium,0.3,42,1,6,1.3596082329721242e+17,True,3828851712.0,1267168000.0,True,67456320.0,22353072.0,True,1148655488.0,380150400.0,17.02813743767819,1081304832.0,358432704.0,True,none
gaussian_medium,0.3,42,1,5,3.689478117309337e+19,True,68336095232.0,21898235904.0,True,1039123776.0,345512512.0,True,20500828160.0,6569470976.0,19.728956870677937,19463266304.0,6234993664.0,True,none
gaussian_medium,0.3,42,1,4,1.1633588219232595e+22,True,1196630867968.0,386502721536.0,True,18484027392.0,6040448000.0,True,358989266944.0,115950821376.0,19.42159353753029,340523941888.0,110068621312.0,True,none
gaussian_medium,0.3,42,1,3,4.0258321263955563e+24,True,23660689620992.0,7446664839168.0,True,327795343360.0,106254123008.0,True,7098207830016.0,2233999556608.0,21.654388855122995,6770652086272.0,2129693900800.0,True,none
gaussian_medium,0.3,42,1,2,1.597319064607532e+27,True,471936945618944.0,148416134905856.0,True,6454116876288.0,2067839451136.0,True,141581097107456.0,44524843827200.0,21.936556127084653,135128412061696.0,42487607459840.0,True,none
gaussian_medium,0.3,42,1,1,6.950184805777768e+29,True,1.0287948838731776e+16,3211341678510080.0,True,130778709098496.0,41216645267456.0,True,3086384973742080.0,963402570661888.0,23.60005688248206,2955624157544448.0,922215444905984.0,True,none
gaussian_medium,0.3,42,1,0,3.429230469081087e+32,True,2.320554680951767e+17,7.202454855955251e+16,True,2872563516571648.0,906043416641536.0,True,6.961663956955955e+16,2.160736628585267e+16,24.23502184301419,6.674420839166771e+16,2.070132360740864e+16,True,none
gaussian_medium,0.3,42,2,99,1.788629174232483,True,1.1663577556610107,0.5138750076293945,True,6.619852542877197,2.311908721923828,True,0.3499073386192322,0.15416251122951508,0.05285727081574819,6.555659770965576,2.254197597503662,True,none
gaussian_medium,0.3,42,2,98,2.210696220397949,True,1.398952841758728,0.658564567565918,True,6.4459428787231445,2.305755376815796,True,0.41968587040901184,0.19756938517093658,0.06510853079295063,6.4078898429870605,2.2473602294921875,True,none
gaussian_medium,0.3,42,2,97,2.2474632263183594,True,1.0940388441085815,0.45148277282714844,True,6.330811977386475,2.2744526863098145,True,0.3282116949558258,0.13544483482837677,0.05184353857422067,6.301581382751465,2.2293033599853516,True,none
gaussian_medium,0.3,42,2,96,1.4792029857635498,True,0.9139872193336487,0.49012327194213867,True,6.2753214836120605,2.232984781265259,True,0.27419620752334595,0.14703698456287384,0.043694368207168814,6.341348171234131,2.253549575805664,True,none
gaussian_medium,0.3,42,2,95,1.7248016595840454,True,1.0971438884735107,0.4239201545715332,True,6.170126914978027,2.2057137489318848,True,0.3291431963443756,0.12717604637145996,0.053344639564110875,6.2270588874816895,2.166757822036743,True,none
gaussian_medium,0.3,42,2,94,1.402296781539917,True,0.7339730262756348,0.30713343620300293,True,6.1934685707092285,2.1774160861968994,True,0.22019192576408386,0.09214003384113312,0.0355522795102896,6.182818412780762,2.1415419578552246,True,none
gaussian_medium,0.3,42,2,93,1.1599664688110352,True,0.6413971781730652,0.22702550888061523,True,6.030656337738037,2.109696626663208,True,0.1924191564321518,0.06810765713453293,0.031906834953936695,6.051374912261963,2.1769859790802,True,none
gaussian_medium,0.3,42,2,92,1.2099262475967407,True,0.6513221859931946,0.29874372482299805,True,5.9114556312561035,2.068160057067871,True,0.19539664685726166,0.08962312340736389,0.03305389722018593,5.926731109619141,2.0679924488067627,True,none
gaussian_medium,0.3,42,2,91,1.1635797023773193,True,0.6444396376609802,0.2789433002471924,True,5.836538791656494,2.1345596313476562,True,0.19333191215991974,0.08368299156427383,0.03312441141250707,5.864564895629883,2.1379268169403076,True,none
gaussian_medium,0.3,42,2,90,1.0630462169647217,True,0.6967371106147766,0.27742791175842285,True,5.790966987609863,2.139960289001465,True,0.20902113616466522,0.08322837948799133,0.03609434082629774,5.8276238441467285,2.1405911445617676,True,none
gaussian_medium,0.3,42,2,89,0.9810943603515625,True,0.34368905425071716,0.1469423770904541,True,5.682177543640137,2.1494147777557373,True,0.10310673713684082,0.04408271610736847,0.01814563806655891,5.659391403198242,2.1617565155029297,True,none
gaussian_medium,0.3,42,2,88,1.3698078393936157,True,0.79940265417099,0.487579345703125,True,5.421884536743164,2.134838581085205,True,0.23982080817222595,0.14627380669116974,0.04423200209206928,5.434572696685791,2.1354360580444336,True,none
gaussian_medium,0.3,42,2,87,1.3120285272598267,True,0.673568606376648,0.32440662384033203,True,5.3371992111206055,2.2571210861206055,True,0.20207059383392334,0.0973219946026802,0.03786079286919824,5.29012393951416,2.2547292709350586,True,none
gaussian_medium,0.3,42,2,86,1.0234756469726562,True,0.47824835777282715,0.22926950454711914,True,5.011730670928955,2.280432939529419,True,0.1434745043516159,0.06878085434436798,0.028627736359382896,4.994573593139648,2.301419734954834,True,none
gaussian_medium,0.3,42,2,85,1.0667717456817627,True,0.38475558161735535,0.19360864162445068,True,5.118078231811523,2.3523519039154053,True,0.1154266744852066,0.058082595467567444,0.02255273742549442,5.142597675323486,2.3636515140533447,True,none
gaussian_medium,0.3,42,2,84,1.0589964389801025,True,0.4148772358894348,0.1471860408782959,True,4.931379318237305,2.1930463314056396,True,0.12446318566799164,0.04415581375360489,0.02523902089779926,4.905577182769775,2.203948736190796,True,none
gaussian_medium,0.3,42,2,83,1.0944712162017822,True,0.5441323518753052,0.33320045471191406,True,4.8895392417907715,2.3565762042999268,True,0.16323970258235931,0.09996014088392258,0.0333854980009405,4.850610256195068,2.3576560020446777,True,none
gaussian_medium,0.3,42,2,82,1.0309414863586426,True,0.5500496029853821,0.2702944278717041,True,4.902221202850342,2.28963303565979,True,0.16501489281654358,0.08108833432197571,0.03366124986782805,4.8502607345581055,2.287165403366089,True,none
gaussian_medium,0.3,42,2,81,1.0321093797683716,True,0.41723930835723877,0.2257225513458252,True,4.888167381286621,2.332310199737549,True,0.12517179548740387,0.06771676987409592,0.025607100928371162,4.875246524810791,2.3491783142089844,True,none
gaussian_medium,0.3,42,2,80,0.9394865036010742,True,0.33454862236976624,0.17229747772216797,True,4.841830730438232,2.1991281509399414,True,0.10036458820104599,0.05168924480676651,0.02072864455382175,4.819446563720703,2.2005796432495117,True,none
gaussian_medium,0.3,42,2,79,1.0858676433563232,True,0.589983344078064,0.3305778503417969,True,4.661820888519287,1.995931625366211,True,0.17699500918388367,0.09917335957288742,0.03796692610386063,4.642276763916016,2.0088343620300293,True,none
gaussian_medium,0.3,42,2,78,0.9769392013549805,True,0.3466426134109497,0.13961970806121826,True,4.451920986175537,1.8512091636657715,True,0.10399278998374939,0.04188591241836548,0.023359082586293153,4.465320587158203,1.8713923692703247,True,none
gaussian_medium,0.3,42,2,77,0.8738113641738892,True,0.48355230689048767,0.25028395652770996,True,4.58878231048584,1.8719972372055054,True,0.14506569504737854,0.07508519291877747,0.03161311329061239,4.5808281898498535,1.8931055068969727,True,none
gaussian_medium,0.3,42,2,76,0.8081334233283997,True,0.2595905363559723,0.10604143142700195,True,4.597995281219482,1.9692754745483398,True,0.07787716388702393,0.031812429428100586,0.016937199610686068,4.5928635597229,1.9805964231491089,True,none
gaussian_medium,0.3,42,2,75,0.8261772990226746,True,0.30537962913513184,0.16026121377944946,True,4.44640588760376,1.9185664653778076,True,0.09161389619112015,0.04807836562395096,0.020604033573838162,4.432680606842041,1.9136133193969727,True,none
gaussian_medium,0.3,42,2,74,0.7870362401008606,True,0.3892095983028412,0.18618756532669067,True,4.373598098754883,1.8423199653625488,True,0.11676288396120071,0.05585627257823944,0.026697213901390522,4.359724044799805,1.8400373458862305,True,none
gaussian_medium,0.3,42,2,73,0.9654730558395386,True,0.5961745381355286,0.30069470405578613,True,4.242425441741943,1.9329482316970825,True,0.1788523644208908,0.09020841121673584,0.04215804540984737,4.221630573272705,1.9584722518920898,True,none
gaussian_medium,0.3,42,2,72,0.8385993242263794,True,0.3965616226196289,0.22153353691101074,True,4.094581127166748,2.062070608139038,True,0.11896850168704987,0.06646006554365158,0.029055109177758862,4.086815357208252,2.070368528366089,True,none
gaussian_medium,0.3,42,2,71,0.7911931276321411,True,0.41823187470436096,0.2440328598022461,True,4.202459335327148,2.0572962760925293,True,0.12546956539154053,0.07320985943078995,0.029856223553854627,4.184839725494385,2.049576997756958,True,none
gaussian_medium,0.3,42,2,70,0.7991986274719238,True,0.3550933301448822,0.18428337574005127,True,4.186472415924072,2.0706918239593506,True,0.10652799904346466,0.0552850142121315,0.025445766377974684,4.183285236358643,2.0744411945343018,True,none
gaussian_medium,0.3,42,2,69,0.7545828819274902,True,0.1558557003736496,0.08250856399536133,True,4.123376846313477,1.9636484384536743,True,0.04675671085715294,0.024752570316195488,0.011339422177467152,4.12400484085083,1.9594693183898926,True,none
gaussian_medium,0.3,42,2,68,0.774039089679718,True,0.3065899610519409,0.12878882884979248,True,4.141521453857422,1.8564385175704956,True,0.09197699278593063,0.03863665089011192,0.022208503278484976,4.134542465209961,1.853768229484558,True,none
gaussian_medium,0.3,42,2,67,0.8183590173721313,True,0.3473984897136688,0.2210012674331665,True,4.208576679229736,1.938075304031372,True,0.10421954840421677,0.06630038470029831,0.02476360925500982,4.190854549407959,1.9406707286834717,True,none
gaussian_medium,0.3,42,2,66,0.8472108840942383,True,0.31995394825935364,0.16715645790100098,True,4.152354717254639,1.9553296566009521,True,0.09598618000745773,0.05014694109559059,0.023116083895379877,4.151683330535889,1.9582003355026245,True,none
gaussian_medium,0.3,42,2,65,0.8262435793876648,True,0.19106757640838623,0.08717513084411621,True,4.179477691650391,1.9355754852294922,True,0.05732027068734169,0.026152539998292923,0.013714697126351538,4.177314281463623,1.9332351684570312,True,none
gaussian_medium,0.3,42,2,64,0.8407333493232727,True,0.21119558811187744,0.07833337783813477,True,4.195596218109131,2.0305774211883545,True,0.06335867941379547,0.02350001409649849,0.015101233798502856,4.192538261413574,2.0225985050201416,True,none
gaussian_medium,0.3,42,2,63,0.8771117329597473,True,0.36915379762649536,0.20260488986968994,True,4.057458877563477,2.06160831451416,True,0.11074614524841309,0.06078146770596504,0.027294459066678052,4.0663533210754395,2.0663931369781494,True,none
gaussian_medium,0.3,42,2,62,0.7702547311782837,True,0.19956433773040771,0.130662739276886,True,4.0198493003845215,2.0842766761779785,True,0.05986930802464485,0.039198823273181915,0.014893421009315726,4.023335933685303,2.0824098587036133,True,none
gaussian_medium,0.3,42,2,61,0.7552022933959961,True,0.15986694395542145,0.07411390542984009,True,3.8396942615509033,2.0352437496185303,True,0.047960083931684494,0.022234171628952026,0.012490599684439534,3.837548017501831,2.0252559185028076,True,none
gaussian_medium,0.3,42,2,60,0.7694849967956543,True,0.21688702702522278,0.09226298332214355,True,3.9083738327026367,2.1594855785369873,True,0.06506611406803131,0.027678895741701126,0.01664787373295392,3.9204063415527344,2.1573760509490967,True,none
gaussian_medium,0.3,42,2,59,0.7413759827613831,True,0.14376981556415558,0.04266573488712311,True,3.848855495452881,2.146296262741089,True,0.04313094541430473,0.012799721211194992,0.011206174267973774,3.8482258319854736,2.136199712753296,True,none
gaussian_medium,0.3,42,2,58,0.7543643712997437,True,0.23988576233386993,0.07958471775054932,True,3.7810447216033936,1.9791045188903809,True,0.07196573913097382,0.023875417187809944,0.019033294877410737,3.7747066020965576,1.9711313247680664,True,none
gaussian_medium,0.3,42,2,57,0.7359333038330078,True,0.19162136316299438,0.0888713002204895,True,3.8494482040405273,1.9713650941848755,True,0.057486407458782196,0.02666139043867588,0.014933674753287326,3.8585472106933594,1.9711247682571411,True,none
gaussian_medium,0.3,42,2,56,0.6819919943809509,True,0.1429235339164734,0.06258723139762878,True,3.763773202896118,1.9357635974884033,True,0.042877063155174255,0.018776170909404755,0.011392042199081008,3.7685179710388184,1.9397900104522705,True,none
gaussian_medium,0.3,42,2,55,0.6902157068252563,True,0.1415107399225235,0.04903046786785126,True,3.7470192909240723,1.8797789812088013,True,0.04245322197675705,0.014709141105413437,0.01132986480202404,3.7482635974884033,1.874842882156372,True,none
gaussian_medium,0.3,42,2,54,0.7348834276199341,True,0.3487298786640167,0.1451493501663208,True,3.6296825408935547,1.8061801195144653,True,0.10461896657943726,0.04354480654001236,0.028823172660618786,3.6253130435943604,1.8004969358444214,True,none
gaussian_medium,0.3,42,2,53,0.6880735754966736,True,0.20593929290771484,0.08931487798690796,True,3.7479665279388428,1.751183271408081,True,0.06178179010748863,0.026794465258717537,0.016484082674411833,3.7548956871032715,1.7581398487091064,True,none
gaussian_medium,0.3,42,2,52,0.6742986440658569,True,0.1615792065858841,0.06082719564437866,True,3.7615532875061035,1.5349905490875244,True,0.048473767936229706,0.01824815943837166,0.012886635980200284,3.7744994163513184,1.5430339574813843,True,none
gaussian_medium,0.3,42,2,51,0.767684817314148,True,0.3923717439174652,0.19293522834777832,True,3.6663167476654053,1.5052005052566528,True,0.11771152913570404,0.057880569249391556,0.032106208284002444,3.6766302585601807,1.5161737203598022,True,none
gaussian_medium,0.3,42,2,50,0.7036013007164001,True,0.3409058153629303,0.15804755687713623,True,3.4837608337402344,1.3739032745361328,True,0.10227175056934357,0.04741426929831505,0.029356708296049486,3.4979135990142822,1.372104287147522,True,none
gaussian_medium,0.3,42,2,49,0.7220785021781921,True,0.5141627192497253,0.2934759855270386,True,3.393524646759033,1.3762705326080322,True,0.15424881875514984,0.08804279565811157,0.045453867235771765,3.425938844680786,1.367831826210022,True,none
gaussian_medium,0.3,42,2,48,0.6393927335739136,True,0.18986958265304565,0.09405794739723206,True,3.4619696140289307,1.4133721590042114,True,0.056960877031087875,0.028217384591698647,0.016453315130279887,3.468550682067871,1.4128936529159546,True,none
gaussian_medium,0.3,42,2,47,0.6458929777145386,True,0.3124796152114868,0.14605721831321716,True,3.3442306518554688,1.3183002471923828,True,0.09374388307332993,0.04381716623902321,0.028031524387018662,3.365175485610962,1.3271533250808716,True,none
gaussian_medium,0.3,42,2,46,0.643877387046814,True,0.2958957552909851,0.1319785714149475,True,3.3339827060699463,1.3189566135406494,True,0.08876872807741165,0.03959357365965843,0.026625431474425493,3.3563852310180664,1.3183491230010986,True,none
gaussian_medium,0.3,42,2,45,0.637648344039917,True,0.1452943980693817,0.05230531096458435,True,3.3140695095062256,1.2487229108810425,True,0.04358832165598869,0.015691593289375305,0.013152506768776226,3.322096586227417,1.2599232196807861,True,none
gaussian_medium,0.3,42,2,44,0.6323888301849365,True,0.1063314825296402,0.04605305194854736,True,3.2640151977539062,1.1912633180618286,True,0.03189944475889206,0.013815916143357754,0.009773068697974665,3.267634391784668,1.1928008794784546,True,none
gaussian_medium,0.3,42,2,43,0.6293632984161377,True,0.101577989757061,0.04140132665634155,True,3.0722291469573975,1.1754226684570312,True,0.03047339804470539,0.01242039818316698,0.009918986047923867,3.077362537384033,1.1737680435180664,True,none
gaussian_medium,0.3,42,2,42,0.675260603427887,True,0.27766963839530945,0.18374091386795044,True,2.8640546798706055,1.0420864820480347,True,0.0833008885383606,0.05512227490544319,0.029084950480797015,2.883836269378662,1.0470104217529297,True,none
gaussian_medium,0.3,42,2,41,0.6865748167037964,True,0.46203699707984924,0.2306758165359497,True,2.7590293884277344,1.0397098064422607,True,0.1386111080646515,0.06920275092124939,0.050239083587141645,2.783728837966919,1.0881012678146362,True,none
gaussian_medium,0.3,42,2,40,0.6738244295120239,True,0.1807231903076172,0.08415025472640991,True,2.824709892272949,1.1333247423171997,True,0.054216958582401276,0.025245077908039093,0.01919381481641483,2.844691276550293,1.1335936784744263,True,none
gaussian_medium,0.3,42,2,39,0.6754776835441589,True,0.27228137850761414,0.12897324562072754,True,2.8837692737579346,1.0446242094039917,True,0.0816844180226326,0.03869197517633438,0.028325573327216507,2.892296314239502,1.0608564615249634,True,none
gaussian_medium,0.3,42,2,38,0.7125765085220337,True,0.37564122676849365,0.16299176216125488,True,2.941376209259033,1.1683474779129028,True,0.11269238591194153,0.048897530883550644,0.03831280934317876,2.945286750793457,1.185093641281128,True,none
gaussian_medium,0.3,42,2,37,0.6810809969902039,True,0.31696954369544983,0.12089890241622925,True,2.948620319366455,1.238200068473816,True,0.09509087353944778,0.036269672214984894,0.03224927703131575,2.971764087677002,1.2428522109985352,True,none
gaussian_medium,0.3,42,2,36,0.6938366889953613,True,0.32481175661087036,0.16525691747665405,True,2.9183807373046875,1.1983611583709717,True,0.09744352847337723,0.049577075988054276,0.03338958732414716,2.94683837890625,1.207873821258545,True,none
gaussian_medium,0.3,42,2,35,0.6840254068374634,True,0.24301496148109436,0.13003066182136536,True,2.7388782501220703,1.2448890209197998,True,0.07290449738502502,0.03900919854640961,0.02661837830204723,2.734358549118042,1.2300190925598145,True,none
gaussian_medium,0.3,42,2,34,0.6902045011520386,True,0.19150230288505554,0.0718381479382515,True,2.58864688873291,1.169580101966858,True,0.05745069310069084,0.02155144512653351,0.02219332939951095,2.5926713943481445,1.1732053756713867,True,none
gaussian_medium,0.3,42,2,33,0.7066277265548706,True,0.3382779061794281,0.14497816562652588,True,2.441845417022705,1.117033839225769,True,0.10148338228464127,0.043493449687957764,0.04156011743296037,2.4576244354248047,1.1200047731399536,True,none
gaussian_medium,0.3,42,2,32,0.6756628751754761,True,0.29659026861190796,0.1562618613243103,True,2.429403066635132,1.1058721542358398,True,0.08897709101438522,0.04687856137752533,0.03662508384727907,2.442747116088867,1.0955214500427246,True,none
gaussian_medium,0.3,42,2,31,0.6770813465118408,True,0.3427979350090027,0.18322217464447021,True,2.293499231338501,0.9995786547660828,True,0.1028393879532814,0.054966654628515244,0.04483951271839704,2.2920026779174805,0.963104248046875,True,none
gaussian_medium,0.3,42,2,30,0.6675366759300232,True,0.29095691442489624,0.09980210661888123,True,2.295985460281372,0.9598143100738525,True,0.08728707581758499,0.029940633103251457,0.03801725983354005,2.280428171157837,0.9732789397239685,True,none
gaussian_medium,0.3,42,2,29,0.681742250919342,True,0.3973096013069153,0.17271703481674194,True,2.3429906368255615,1.04505455493927,True,0.11919289082288742,0.05181511119008064,0.05087211572656003,2.3270182609558105,0.9932394623756409,True,none
gaussian_medium,0.3,42,2,28,0.6848534345626831,True,0.43099281191825867,0.22837769985198975,True,2.4126431941986084,1.10118567943573,True,0.1292978674173355,0.06851331144571304,0.05359179000367268,2.4065825939178467,1.05996835231781,True,none
gaussian_medium,0.3,42,2,27,0.6518064737319946,True,0.31271564960479736,0.1533290445804596,True,2.3641674518585205,1.030623197555542,True,0.09381470084190369,0.045998714864254,0.039681918794759796,2.3628809452056885,0.9980089664459229,True,none
gaussian_medium,0.3,42,2,26,0.6515871286392212,True,0.16965287923812866,0.07718947529792786,True,2.48943829536438,0.9808549880981445,True,0.05089586600661278,0.023156844079494476,0.020444718835315692,2.490211009979248,0.9873778820037842,True,none
gaussian_medium,0.3,42,2,25,0.6600341796875,True,0.21060031652450562,0.07466289401054382,True,2.3844141960144043,0.9518910646438599,True,0.0631800964474678,0.022398868575692177,0.026497114701400492,2.3730733394622803,0.9319235682487488,True,none
gaussian_medium,0.3,42,2,24,0.7293830513954163,True,0.759052038192749,0.2885776162147522,True,2.3286166191101074,0.9434117078781128,True,0.2277156263589859,0.0865732878446579,0.09779008896960925,2.269251823425293,0.8745887279510498,True,none
gaussian_medium,0.3,42,2,23,0.6845903992652893,True,0.3250604569911957,0.1338062286376953,True,2.3943734169006348,0.9862610101699829,True,0.09751813858747482,0.04014186933636665,0.04072804095597802,2.374234676361084,1.0038330554962158,True,none
gaussian_medium,0.3,42,2,22,0.67023104429245,True,0.2831778824329376,0.13029634952545166,True,2.4035301208496094,0.9534335136413574,True,0.08495336771011353,0.0390889048576355,0.03534524779745574,2.3992888927459717,0.9457040429115295,True,none
gaussian_medium,0.3,42,2,21,0.6583406925201416,True,0.40456175804138184,0.21402353048324585,True,2.4282946586608887,0.9946197271347046,True,0.12136853486299515,0.064207062125206,0.04998097509709767,2.4289209842681885,1.0106194019317627,True,none
gaussian_medium,0.3,42,2,20,0.6523249745368958,True,0.2578941881656647,0.11185276508331299,True,2.4590513706207275,1.1060070991516113,True,0.07736826688051224,0.033555831760168076,0.031462647671712134,2.447007656097412,1.1168005466461182,True,none
gaussian_medium,0.3,42,2,19,0.7061396837234497,True,0.8229479193687439,0.405348002910614,True,2.288654327392578,1.010405421257019,True,0.24688437581062317,0.12160440534353256,0.10787316059729567,2.2436015605926514,0.9011228680610657,True,none
gaussian_medium,0.3,42,2,18,0.6514626741409302,True,0.4597943425178528,0.22412893176078796,True,2.200869083404541,0.9098601341247559,True,0.13793830573558807,0.06723868101835251,0.06267447108764307,2.1805012226104736,0.9304625391960144,True,none
gaussian_medium,0.3,42,2,17,0.6339321136474609,True,0.5871060490608215,0.26837143301963806,True,2.1079745292663574,0.8460447788238525,True,0.17613182961940765,0.0805114358663559,0.08355500845668358,2.0789027214050293,0.7660763263702393,True,none
gaussian_medium,0.3,42,2,16,0.7184532880783081,True,1.2663755416870117,0.5222493410110474,True,2.030438184738159,0.7229752540588379,True,0.37991267442703247,0.1566748023033142,0.18710871243580265,1.9964261054992676,0.861877977848053,True,none
gaussian_medium,0.3,42,2,15,0.7864233255386353,True,1.6870802640914917,0.7497495412826538,True,2.029919147491455,0.8337289094924927,True,0.5061240792274475,0.22492487728595734,0.24933213712115532,2.035693645477295,0.6580079197883606,True,none
gaussian_medium,0.3,42,2,14,1.0549039840698242,True,3.4965555667877197,1.177412748336792,True,1.926531195640564,0.6318919658660889,True,1.0489667654037476,0.3532238304615021,0.5444847027532433,1.9566017389297485,0.8513713479042053,True,none
gaussian_medium,0.3,42,2,13,3.757284641265869,True,10.391119956970215,4.2489166259765625,True,1.9225351810455322,0.733860433101654,True,3.117335796356201,1.2746750116348267,1.6214713920913941,3.106769561767578,1.3448033332824707,True,none
gaussian_medium,0.3,42,2,12,53.900001525878906,True,48.60507583618164,19.88106918334961,True,3.042104721069336,1.261663794517517,True,14.581523895263672,5.964321136474609,4.793235352573037,12.404651641845703,4.99607515335083,True,none
gaussian_medium,0.3,42,2,11,2013.220947265625,True,372.3004150390625,137.6617431640625,True,11.77585220336914,4.807446002960205,True,111.69013977050781,41.29852294921875,9.48467574504231,100.97958374023438,36.4910774230957,True,none
gaussian_medium,0.3,42,2,10,197805.578125,True,4092.769287109375,1394.142333984375,True,95.82733154296875,35.14558410644531,True,1227.830810546875,418.2427062988281,12.812950029776273,1135.30517578125,383.09710693359375,True,none
gaussian_medium,0.3,42,2,9,29481376.0,True,53090.609375,16174.015625,True,1077.3323974609375,367.7889709472656,True,15927.18359375,4852.205078125,14.783908505199745,14873.3984375,4484.416015625,True,none
gaussian_medium,0.3,42,2,8,5334836224.0,True,720691.375,214758.34375,True,14085.6318359375,4326.900390625,True,216207.421875,64427.50390625,15.349501136567923,202186.125,60100.6015625,True,none
gaussian_medium,0.3,42,2,7,1121245462528.0,True,11177832.0,3183229.5,True,192492.484375,57672.60546875,True,3353349.75,954968.875,17.420678843061975,3162352.0,897296.25,True,none
gaussian_medium,0.3,42,2,6,280271177908224.0,True,177669008.0,47361696.0,True,2997430.5,866679.3125,True,53300704.0,14208509.0,17.782131729159357,50310324.0,13400026.0,True,none
gaussian_medium,0.3,42,2,5,7.981339444143718e+16,True,3186300416.0,787779712.0,True,48028660.0,12805270.0,True,955890112.0,236333920.0,19.902493885942267,908058880.0,223529200.0,True,none
gaussian_medium,0.3,42,2,4,2.6450909447965377e+19,True,58299527168.0,14513466368.0,True,861658496.0,215044112.0,True,17489858560.0,4354040320.0,20.297900666205464,16628741120.0,4139494144.0,True,none
gaussian_medium,0.3,42,2,3,9.828599531778028e+21,True,1183716999168.0,277866741760.0,True,15924361216.0,3980262144.0,True,355115073536.0,83360022528.0,22.30011419102941,339210633216.0,79441043456.0,True,none
gaussian_medium,0.3,42,2,2,4.1946005232347965e+24,True,24736465682432.0,5840162521088.0,True,323044507648.0,76652314624.0,True,7420940648448.0,1752048861184.0,22.971883046326553,7097947258880.0,1676163416064.0,True,none
gaussian_medium,0.3,42,2,1,1.9917635795263745e+27,True,561434568163328.0,127780100505600.0,True,6842570244096.0,1620644724736.0,True,168430380515328.0,38334030151680.0,24.61507511167392,161590074671104.0,36735488622592.0,True,none
gaussian_medium,0.3,42,2,0,1.0748337322074314e+30,True,1.3303599996076032e+16,3078916025614336.0,True,156950218145792.0,35928559058944.0,True,3991080374632448.0,923674861371392.0,25.428957167330022,3834133948137472.0,887746319089664.0,True,none
gaussian_medium,1.0,42,0,99,1.1779080629348755,True,0.6569860577583313,0.37883567810058594,True,6.6309685707092285,2.317976236343384,True,0.6569860577583313,0.37883567810058594,0.09907844544163824,6.670877933502197,2.307164192199707,True,none
gaussian_medium,1.0,42,0,98,1.194956660270691,True,1.3241301774978638,0.9707930088043213,True,6.536881923675537,2.3108696937561035,True,1.3241301774978638,0.9707930088043213,0.20256296395715429,6.674722194671631,2.3458244800567627,True,none
gaussian_medium,1.0,42,0,97,1.9272127151489258,True,1.8284348249435425,1.3006634712219238,True,6.622389793395996,2.392821788787842,True,1.8284348249435425,1.3006634712219238,0.2760989434307574,6.2028727531433105,2.081059455871582,True,none
gaussian_medium,1.0,42,0,96,1.1139265298843384,True,0.7799049019813538,0.4359760284423828,True,6.186507225036621,2.080493927001953,True,0.7799049019813538,0.4359760284423828,0.12606546369573035,6.179897785186768,2.090792179107666,True,none
gaussian_medium,1.0,42,0,95,0.9006847143173218,True,0.21852801740169525,0.11925745010375977,True,6.0127434730529785,2.0778303146362305,True,0.21852801740169525,0.11925745010375977,0.03634414446267754,5.972937107086182,2.033458948135376,True,none
gaussian_medium,1.0,42,0,94,0.9687891006469727,True,0.4825719892978668,0.19420313835144043,True,5.932185173034668,2.0535621643066406,True,0.4825719892978668,0.19420313835144043,0.08134809943077367,5.985755920410156,1.9722940921783447,True,none
gaussian_medium,1.0,42,0,93,0.9291931986808777,True,0.18347874283790588,0.13318592309951782,True,5.8546271324157715,1.873033881187439,True,0.18347874283790588,0.13318592309951782,0.03133909960243129,5.829196929931641,1.8450003862380981,True,none
gaussian_medium,1.0,42,0,92,0.9149513244628906,True,0.255798876285553,0.11541680991649628,True,5.71309232711792,1.7723145484924316,True,0.255798876285553,0.11541680991649628,0.044774154107632094,5.7910847663879395,1.7644124031066895,True,none
gaussian_medium,1.0,42,0,91,0.9451252222061157,True,0.40274134278297424,0.17273402214050293,True,5.719513893127441,1.9030075073242188,True,0.40274134278297424,0.17273402214050293,0.07041530981624805,5.622000694274902,1.8054320812225342,True,none
gaussian_medium,1.0,42,0,90,0.896216094493866,True,0.2492559403181076,0.08492410182952881,True,5.5341796875,1.80636727809906,True,0.2492559403181076,0.08492410182952881,0.045039365252460925,5.535370826721191,1.7615137100219727,True,none
gaussian_medium,1.0,42,0,89,0.8473497629165649,True,0.2348102331161499,0.12482547014951706,True,5.432816982269287,1.772536039352417,True,0.2348102331161499,0.12482547014951706,0.04322071475671659,5.368248462677002,1.7544163465499878,True,none
gaussian_medium,1.0,42,0,88,0.7486324906349182,True,0.1947776973247528,0.07706348598003387,True,5.164294719696045,1.7457566261291504,True,0.1947776973247528,0.07706348598003387,0.03771622416936327,5.185994625091553,1.7470043897628784,True,none
gaussian_medium,1.0,42,0,87,0.9977594614028931,True,0.729529619216919,0.3166816234588623,True,5.199245929718018,1.8717137575149536,True,0.729529619216919,0.3166816234588623,0.14031450504137719,5.408931255340576,1.9252269268035889,True,none
gaussian_medium,1.0,42,0,86,0.797771155834198,True,0.197004497051239,0.08635342121124268,True,5.3099541664123535,1.8050556182861328,True,0.197004497051239,0.08635342121124268,0.03710097881773377,5.231705665588379,1.765425682067871,True,none
gaussian_medium,1.0,42,0,85,0.7701404094696045,True,0.23653453588485718,0.12882381677627563,True,5.358447074890137,1.7637956142425537,True,0.23653453588485718,0.12882381677627563,0.0441423667303204,5.259339332580566,1.720330834388733,True,none
gaussian_medium,1.0,42,0,84,0.7520642876625061,True,0.2249011993408203,0.10832145810127258,True,5.145011901855469,1.77851140499115,True,0.2249011993408203,0.10832145810127258,0.0437124740682659,5.0625691413879395,1.7500321865081787,True,none
gaussian_medium,1.0,42,0,83,0.7178531289100647,True,0.267466276884079,0.11844873428344727,True,5.004995346069336,1.9464380741119385,True,0.267466276884079,0.11844873428344727,0.05343986525263798,4.868686676025391,1.924290657043457,True,none
gaussian_medium,1.0,42,0,82,0.9485304951667786,True,0.550333559513092,0.27052533626556396,True,4.943557262420654,1.8617199659347534,True,0.550333559513092,0.27052533626556396,0.11132339129485581,5.051083564758301,1.9047937393188477,True,none
gaussian_medium,1.0,42,0,81,0.8173615336418152,True,0.39339956641197205,0.19548249244689941,True,5.086864948272705,1.7842499017715454,True,0.39339956641197205,0.19548249244689941,0.07733634967947742,5.020670413970947,1.8008723258972168,True,none
gaussian_medium,1.0,42,0,80,0.835896372795105,True,0.4134688973426819,0.19666409492492676,True,5.079363822937012,1.8522675037384033,True,0.4134688973426819,0.19666409492492676,0.08140170929979233,5.157207012176514,1.8677308559417725,True,none
gaussian_medium,1.0,42,0,79,0.767938494682312,True,0.28531551361083984,0.19491791725158691,True,5.177154541015625,1.6661306619644165,True,0.28531551361083984,0.19491791725158691,0.05511048807803468,5.0657548904418945,1.6399869918823242,True,none
gaussian_medium,1.0,42,0,78,0.7191605567932129,True,0.2034590095281601,0.10436806082725525,True,4.933554649353027,1.4829795360565186,True,0.2034590095281601,0.10436806082725525,0.04123984104540119,4.951696395874023,1.5090410709381104,True,none
gaussian_medium,1.0,42,0,77,0.7722822427749634,True,0.15537451207637787,0.07313176244497299,True,4.897002696990967,1.4943246841430664,True,0.15537451207637787,0.07313176244497299,0.03172849224114543,4.8968706130981445,1.4812718629837036,True,none
gaussian_medium,1.0,42,0,76,0.7316478490829468,True,0.15123261511325836,0.05494222044944763,True,5.022091865539551,1.495912790298462,True,0.15123261511325836,0.05494222044944763,0.030113470474515205,5.045148849487305,1.5033262968063354,True,none
gaussian_medium,1.0,42,0,75,0.7353054285049438,True,0.29687944054603577,0.11010414361953735,True,4.9637370109558105,1.3700149059295654,True,0.29687944054603577,0.11010414361953735,0.05980966354396146,5.028861999511719,1.3497058153152466,True,none
gaussian_medium,1.0,42,0,74,0.6608459949493408,True,0.1813265085220337,0.058632344007492065,True,4.868465423583984,1.4029265642166138,True,0.1813265085220337,0.058632344007492065,0.037245105540569,4.806933403015137,1.3554518222808838,True,none
gaussian_medium,1.0,42,0,73,0.742285430431366,True,0.20937654376029968,0.07807204127311707,True,4.733906269073486,1.4873977899551392,True,0.20937654376029968,0.07807204127311707,0.04422912746036147,4.725485324859619,1.4470210075378418,True,none
gaussian_medium,1.0,42,0,72,0.6833450198173523,True,0.20270593464374542,0.07737141847610474,True,4.713195323944092,1.5588431358337402,True,0.20270593464374542,0.07737141847610474,0.043008176133484365,4.679952621459961,1.5307101011276245,True,none
gaussian_medium,1.0,42,0,71,0.7780457735061646,True,0.445587694644928,0.19088426232337952,True,4.671426296234131,1.524919033050537,True,0.445587694644928,0.19088426232337952,0.09538579148814635,4.562920093536377,1.5577635765075684,True,none
gaussian_medium,1.0,42,0,70,0.7546306848526001,True,0.4012150764465332,0.259100079536438,True,4.5027923583984375,1.5851258039474487,True,0.4012150764465332,0.259100079536438,0.0891036149375427,4.59515380859375,1.5908148288726807,True,none
gaussian_medium,1.0,42,0,69,0.7254638075828552,True,0.4842735826969147,0.23648113012313843,True,4.564985752105713,1.4883452653884888,True,0.4842735826969147,0.23648113012313843,0.10608435797930484,4.777917861938477,1.508795976638794,True,none
gaussian_medium,1.0,42,0,68,0.7622361183166504,True,0.5600921511650085,0.25499534606933594,True,4.846285343170166,1.735817790031433,True,0.5600921511650085,0.25499534606933594,0.11557143492473605,4.867765426635742,1.4830142259597778,True,none
gaussian_medium,1.0,42,0,67,0.6331133246421814,True,0.11397774517536163,0.04543799161911011,True,4.799656867980957,1.5217028856277466,True,0.11397774517536163,0.04543799161911011,0.023747061156745613,4.749149322509766,1.5185823440551758,True,none
gaussian_medium,1.0,42,0,66,0.6155468225479126,True,0.1807224005460739,0.086963951587677,True,4.71856164932251,1.5405676364898682,True,0.1807224005460739,0.086963951587677,0.03830031564215839,4.771606922149658,1.5246775150299072,True,none
gaussian_medium,1.0,42,0,65,0.6821192502975464,True,0.27847176790237427,0.10152691602706909,True,4.910447120666504,1.5099797248840332,True,0.27847176790237427,0.10152691602706909,0.05671006347473304,4.795769214630127,1.5013092756271362,True,none
gaussian_medium,1.0,42,0,64,0.6486659049987793,True,0.14331229031085968,0.06935875117778778,True,4.705644607543945,1.6061184406280518,True,0.14331229031085968,0.06935875117778778,0.03045540032519144,4.654663562774658,1.5685944557189941,True,none
gaussian_medium,1.0,42,0,63,0.7182842493057251,True,0.2894825041294098,0.10013461112976074,True,4.555551528930664,1.6171659231185913,True,0.2894825041294098,0.10013461112976074,0.06354499609782642,4.590778350830078,1.668013334274292,True,none
gaussian_medium,1.0,42,0,62,0.7144856452941895,True,0.4085995554924011,0.18906784057617188,True,4.517798900604248,1.6943914890289307,True,0.4085995554924011,0.18906784057617188,0.0904421742715598,4.591585636138916,1.655927062034607,True,none
gaussian_medium,1.0,42,0,61,0.6517757773399353,True,0.19751155376434326,0.09763985872268677,True,4.318459987640381,1.618215799331665,True,0.19751155376434326,0.09763985872268677,0.04573657144666944,4.362847328186035,1.630521535873413,True,none
gaussian_medium,1.0,42,0,60,0.622364342212677,True,0.22469867765903473,0.11030188202857971,True,4.527059555053711,1.7709696292877197,True,0.22469867765903473,0.11030188202857971,0.04963457514230099,4.51105260848999,1.7910817861557007,True,none
gaussian_medium,1.0,42,0,59,0.7628427743911743,True,0.6934812664985657,0.37961769104003906,True,4.408027648925781,1.7867822647094727,True,0.6934812664985657,0.37961769104003906,0.1573223495246013,4.709285259246826,1.869800329208374,True,none
gaussian_medium,1.0,42,0,58,0.6164390444755554,True,0.17214980721473694,0.0904516875743866,True,4.827517509460449,1.8587788343429565,True,0.17214980721473694,0.0904516875743866,0.03566011037294854,4.750686168670654,1.8069531917572021,True,none
gaussian_medium,1.0,42,0,57,0.6401815414428711,True,0.20544128119945526,0.0850975513458252,True,4.655231952667236,1.719205617904663,True,0.20544128119945526,0.0850975513458252,0.044131266344677546,4.721805572509766,1.7636175155639648,True,none
gaussian_medium,1.0,42,0,56,0.6839354038238525,True,0.44993022084236145,0.17641299962997437,True,4.656218528747559,1.7307119369506836,True,0.44993022084236145,0.17641299962997437,0.0966299622890097,4.920454978942871,1.8156819343566895,True,none
gaussian_medium,1.0,42,0,55,0.6589392423629761,True,0.4138038158416748,0.21755552291870117,True,4.9230852127075195,1.7547907829284668,True,0.4138038158416748,0.21755552291870117,0.08405375856048072,5.1076340675354,1.8238366842269897,True,none
gaussian_medium,1.0,42,0,54,0.746233344078064,True,0.6484352350234985,0.29878759384155273,True,4.918396472930908,1.8154857158660889,True,0.6484352350234985,0.29878759384155273,0.13183874837909507,4.623373985290527,1.679634690284729,True,none
gaussian_medium,1.0,42,0,53,0.7277994155883789,True,0.6221030354499817,0.3125683069229126,True,4.540355682373047,1.6253701448440552,True,0.6221030354499817,0.3125683069229126,0.13701636589067806,4.825911045074463,1.7241138219833374,True,none
gaussian_medium,1.0,42,0,52,0.6303485631942749,True,0.260568767786026,0.11644071340560913,True,4.755955696105957,1.6701195240020752,True,0.260568767786026,0.11644071340560913,0.05478788795263959,4.779475212097168,1.6960313320159912,True,none
gaussian_medium,1.0,42,0,51,0.7657543420791626,True,0.49634698033332825,0.20401537418365479,True,4.656599998474121,1.7605056762695312,True,0.49634698033332825,0.20401537418365479,0.1065899971000011,4.878191947937012,1.7610623836517334,True,none
gaussian_medium,1.0,42,0,50,0.6867513656616211,True,0.5152302384376526,0.29930663108825684,True,4.765106678009033,1.760473370552063,True,0.5152302384376526,0.29930663108825684,0.10812564612988246,4.756218910217285,1.731993317604065,True,none
gaussian_medium,1.0,42,0,49,0.7016869187355042,True,0.43230634927749634,0.2692234516143799,True,4.620517253875732,1.5622159242630005,True,0.43230634927749634,0.2692234516143799,0.09356232766251013,4.74574089050293,1.6227881908416748,True,none
gaussian_medium,1.0,42,0,48,0.6472723484039307,True,0.3757622539997101,0.2017894983291626,True,4.794556617736816,1.6001267433166504,True,0.3757622539997101,0.2017894983291626,0.07837268051221877,4.601425647735596,1.536142349243164,True,none
gaussian_medium,1.0,42,0,47,0.5934453010559082,True,0.11624892801046371,0.049849733710289,True,4.517780303955078,1.470044732093811,True,0.11624892801046371,0.049849733710289,0.025731425653582177,4.516117095947266,1.4725013971328735,True,none
gaussian_medium,1.0,42,0,46,0.5874449610710144,True,0.16305702924728394,0.0635937750339508,True,4.444905757904053,1.5561933517456055,True,0.16305702924728394,0.0635937750339508,0.036684023942981196,4.5035858154296875,1.5948435068130493,True,none
gaussian_medium,1.0,42,0,45,0.614190399646759,True,0.31742599606513977,0.13705503940582275,True,4.2766642570495605,1.5142858028411865,True,0.31742599606513977,0.13705503940582275,0.07422280005773832,4.1954345703125,1.4263694286346436,True,none
gaussian_medium,1.0,42,0,44,0.679632306098938,True,0.5580064058303833,0.29648566246032715,True,4.087287902832031,1.3187073469161987,True,0.5580064058303833,0.29648566246032715,0.13652241268436485,4.191590309143066,1.3465684652328491,True,none
gaussian_medium,1.0,42,0,43,0.6188395619392395,True,0.3128109574317932,0.17995542287826538,True,4.059502601623535,1.4238691329956055,True,0.3128109574317932,0.17995542287826538,0.07705647418642182,4.145420074462891,1.4067853689193726,True,none
gaussian_medium,1.0,42,0,42,0.6744659543037415,True,0.6404720544815063,0.40525227785110474,True,3.997365713119507,1.316303014755249,True,0.6404720544815063,0.40525227785110474,0.16022353230761258,3.808953285217285,1.342223048210144,True,none
gaussian_medium,1.0,42,0,41,0.7442879676818848,True,0.8898115158081055,0.5292012691497803,True,3.7062530517578125,1.2627760171890259,True,0.8898115158081055,0.5292012691497803,0.24008385379563948,3.9637556076049805,1.335622787475586,True,none
gaussian_medium,1.0,42,0,40,0.8184393048286438,True,1.0685029029846191,0.555903434753418,True,3.908562421798706,1.3159366846084595,True,1.0685029029846191,0.555903434753418,0.27337491068970177,3.562347888946533,1.2813189029693604,True,none
gaussian_medium,1.0,42,0,39,1.1330959796905518,True,2.0121452808380127,1.071366310119629,True,3.5324738025665283,1.19309401512146,True,2.0121452808380127,1.071366310119629,0.569613645648416,4.430459499359131,1.8347699642181396,True,none
gaussian_medium,1.0,42,0,38,2.029798984527588,True,2.885579824447632,1.7420711517333984,True,4.308562755584717,1.6329741477966309,True,2.885579824447632,1.7420711517333984,0.6697314134990147,4.208741664886475,1.6082838773727417,True,none
gaussian_medium,1.0,42,0,37,2.501953125,True,3.2925326824188232,1.7230138778686523,True,3.982891798019409,1.397788405418396,True,3.2925326824188232,1.7230138778686523,0.8266688751261807,5.1913628578186035,2.549190044403076,True,none
gaussian_medium,1.0,42,0,36,7.402493953704834,True,9.747427940368652,4.981842041015625,True,4.973194122314453,2.3570873737335205,True,9.747427940368652,4.981842041015625,1.9599934570481594,10.495867729187012,7.338929176330566,True,none
gaussian_medium,1.0,42,0,35,32.80859375,True,14.412330627441406,7.525958061218262,True,10.209558486938477,7.161449909210205,True,14.412330627441406,7.525958061218262,1.4116507237681535,14.27816390991211,6.71408748626709,True,none
gaussian_medium,1.0,42,0,34,64.02101135253906,True,29.429399490356445,22.246355056762695,True,13.90372085571289,6.610236167907715,True,29.429399490356445,22.246355056762695,2.116656382543965,27.63946533203125,18.70643424987793,True,none
gaussian_medium,1.0,42,0,33,902.7166137695312,True,105.09930419921875,48.584228515625,True,27.009613037109375,18.322805404663086,True,105.09930419921875,48.584228515625,3.891181412144467,88.88760375976562,42.468772888183594,True,none
gaussian_medium,1.0,42,0,32,8260.734375,True,426.6694030761719,215.92430114746094,True,86.7208023071289,41.61054229736328,True,426.6694030761719,215.92430114746094,4.920035236356346,395.1964416503906,186.34620666503906,True,none
gaussian_medium,1.0,42,0,31,330448.75,True,3215.40625,1737.813232421875,True,382.9040832519531,181.75697326660156,True,3215.40625,1737.813232421875,8.397419590545958,3032.78173828125,1596.307861328125,True,none
gaussian_medium,1.0,42,0,30,9564482.0,True,13897.5732421875,7375.953125,True,2961.055419921875,1555.6865234375,True,13897.5732421875,7375.953125,4.693452594195002,12814.1552734375,5820.2666015625,True,none
gaussian_medium,1.0,42,0,29,163771184.0,True,56721.40234375,24276.44921875,True,12468.7197265625,5742.505859375,True,56721.40234375,24276.44921875,4.549095944703499,52318.4375,18533.943359375,True,none
gaussian_medium,1.0,42,0,28,4229568512.0,True,293387.9375,151194.09375,True,50237.62109375,17901.703125,True,293387.9375,151194.09375,5.840004584462699,268967.125,133292.390625,True,none
gaussian_medium,1.0,42,0,27,217990479872.0,True,2426172.75,1040691.875,True,261804.21875,129730.4921875,True,2426172.75,1040691.875,9.267126257872802,2260209.0,912998.875,True,none
gaussian_medium,1.0,42,0,26,16390524239872.0,True,17886038.0,8656431.0,True,2170841.0,888484.625,True,17886038.0,8656431.0,8.239220652272552,16174152.0,7767946.5,True,none
gaussian_medium,1.0,42,0,25,1314920343797760.0,True,208308384.0,92851944.0,True,15663956.0,7554612.5,True,208308384.0,92851944.0,13.298580767208488,196385616.0,89351760.0,True,none
gaussian_medium,1.0,42,0,24,1.4031896956213658e+17,True,1885799808.0,859063040.0,True,187192288.0,85810528.0,True,1885799808.0,859063040.0,10.074131942871492,1748638208.0,778932224.0,True,none
gaussian_medium,1.0,42,0,23,1.980591196945462e+19,True,27338399744.0,12525694976.0,True,1692586240.0,757897152.0,True,27338399744.0,12525694976.0,16.1518504037939,25959622656.0,11767797760.0,True,none
gaussian_medium,1.0,42,0,22,3.5984616706619463e+21,True,310634610688.0,165415927808.0,True,24693635072.0,11394590720.0,True,310634610688.0,165415927808.0,12.579541642300658,288781795328.0,154021330944.0,True,none
gaussian_medium,1.0,42,0,21,7.915287473854178e+23,True,6072449368064.0,2685052125184.0,True,278966665216.0,149716762624.0,True,6072449368064.0,2685052125184.0,21.767652286921763,5822889328640.0,2535335395328.0,True,none
gaussian_medium,1.0,42,0,20,2.5326931357322223e+26,True,93234906791936.0,43965650829312.0,True,5532115009536.0,2453152989184.0,True,93234906791936.0,43965650829312.0,16.85339271349602,88089963790336.0,41512498888704.0,True,none
gaussian_medium,1.0,42,0,19,9.58497591660096e+28,True,2330589109682176.0,996717960888320.0,True,84900195598336.0,40290329034752.0,True,2330589109682176.0,996717960888320.0,27.450927447896884,2251748274077696.0,956427610882048.0,True,none
gaussian_medium,1.0,42,0,18,4.842284187050171e+31,True,4.502906419648922e+16,1.993232045047808e+16,True,2135990986604544.0,925346006302720.0,True,4.502906419648922e+16,1.993232045047808e+16,21.081111521013113,4.299325828811981e+16,1.925466265799885e+16,True,none
gaussian_medium,1.0,42,0,17,2.8970767975372183e+34,True,1.4229399824729375e+18,5.045368863672238e+17,True,4.130113995774362e+16,1.8596300006096896e+16,True,1.4229399824729375e+18,5.045368863672238e+17,34.45280164007067,1.3839398927188623e+18,4.8807379568531866e+17,True,none
gaussian_medium,1.0,42,0,16,,False,,,False,1.3104386399136645e+18,4.7213390073954304e+17,True,,,,,,False,likelihood_loss
gaussian_medium,1.0,42,1,99,1.9604610204696655,True,1.4929150342941284,0.7927441596984863,True,6.632959842681885,2.3459253311157227,True,1.4929150342941284,0.7927441596984863,0.2250752408732023,6.284152984619141,2.1468801498413086,True,none
gaussian_medium,1.0,42,1,98,1.1805204153060913,True,0.4439930319786072,0.2366032600402832,True,6.188906192779541,2.236452341079712,True,0.4439930319786072,0.2366032600402832,0.07174014569755997,6.295030117034912,2.2576324939727783,True,none
gaussian_medium,1.0,42,1,97,0.9754651188850403,True,0.30857017636299133,0.20708215236663818,True,6.273367404937744,2.3182809352874756,True,0.30857017636299133,0.20708215236663818,0.04918732738657514,6.187702655792236,2.326101064682007,True,none
gaussian_medium,1.0,42,1,96,0.9629808664321899,True,0.5217769145965576,0.386155366897583,True,6.116086483001709,2.302741050720215,True,0.5217769145965576,0.386155366897583,0.08531221983970211,6.101709842681885,2.2916314601898193,True,none
gaussian_medium,1.0,42,1,95,0.9526327252388,True,0.6143867373466492,0.3213801383972168,True,5.918259143829346,2.392446756362915,True,0.6143867373466492,0.3213801383972168,0.10381207081598205,5.981711387634277,2.386660099029541,True,none
gaussian_medium,1.0,42,1,94,0.930937647819519,True,0.5263489484786987,0.23293447494506836,True,5.945018768310547,2.426229238510132,True,0.5263489484786987,0.23293447494506836,0.08853612898318701,6.067782878875732,2.426213502883911,True,none
gaussian_medium,1.0,42,1,93,0.8046501874923706,True,0.2296726107597351,0.10793614387512207,True,5.899535655975342,2.3084909915924072,True,0.2296726107597351,0.10793614387512207,0.03893062507844535,5.925298690795898,2.3118746280670166,True,none
gaussian_medium,1.0,42,1,92,0.9813011288642883,True,0.6619616746902466,0.3127257823944092,True,5.759098529815674,2.1901204586029053,True,0.6619616746902466,0.3127257823944092,0.11494189086417982,5.8814921379089355,2.1574959754943848,True,none
gaussian_medium,1.0,42,1,91,0.8750765919685364,True,0.2675747275352478,0.11562800407409668,True,5.864980697631836,2.1079812049865723,True,0.2675747275352478,0.11562800407409668,0.04562243958334656,5.783371448516846,2.102032423019409,True,none
gaussian_medium,1.0,42,1,90,1.0393612384796143,True,0.6259998083114624,0.2357935905456543,True,5.635400295257568,1.954978585243225,True,0.6259998083114624,0.2357935905456543,0.11108346799040293,5.626612186431885,2.059403657913208,True,none
gaussian_medium,1.0,42,1,89,0.8609991073608398,True,0.25006237626075745,0.09705120325088501,True,5.491298198699951,2.134321451187134,True,0.25006237626075745,0.09705120325088501,0.045537934239286704,5.506338119506836,2.1242258548736572,True,none
gaussian_medium,1.0,42,1,88,0.897931694984436,True,0.3483498990535736,0.1452610045671463,True,5.320118427276611,2.003990411758423,True,0.3483498990535736,0.1452610045671463,0.06547784674632323,5.408796787261963,2.030416250228882,True,none
gaussian_medium,1.0,42,1,87,1.0410525798797607,True,0.7958497405052185,0.35323333740234375,True,5.327834606170654,1.986864686012268,True,0.7958497405052185,0.35323333740234375,0.14937583452446562,5.246379375457764,2.0517783164978027,True,none
gaussian_medium,1.0,42,1,86,0.8851141929626465,True,0.3163764476776123,0.16053569316864014,True,4.8981404304504395,1.734922170639038,True,0.3163764476776123,0.16053569316864014,0.06459113456827804,4.853621482849121,1.7193584442138672,True,none
gaussian_medium,1.0,42,1,85,0.8924837112426758,True,0.3240010440349579,0.1598292589187622,True,5.022022247314453,1.7831305265426636,True,0.3240010440349579,0.1598292589187622,0.06451605112027416,5.05128288269043,1.7813751697540283,True,none
gaussian_medium,1.0,42,1,84,0.8810610771179199,True,0.1993030160665512,0.0950448215007782,True,5.065956115722656,1.921230435371399,True,0.1993030160665512,0.0950448215007782,0.039341638876017264,5.050826072692871,1.950690746307373,True,none
gaussian_medium,1.0,42,1,83,0.8553112745285034,True,0.1885141283273697,0.09324309229850769,True,5.017751693725586,2.0492961406707764,True,0.1885141283273697,0.09324309229850769,0.03756944142195365,5.062889575958252,2.0457959175109863,True,none
gaussian_medium,1.0,42,1,82,0.8591362237930298,True,0.3090943694114685,0.1301666498184204,True,5.265263080596924,2.224910259246826,True,0.3090943694114685,0.1301666498184204,0.058704449270627464,5.32298469543457,2.2693071365356445,True,none
gaussian_medium,1.0,42,1,81,0.8183155059814453,True,0.19954130053520203,0.07725083827972412,True,5.300967216491699,2.2535877227783203,True,0.19954130053520203,0.07725083827972412,0.03764243248182647,5.336399078369141,2.2833807468414307,True,none
gaussian_medium,1.0,42,1,80,0.8687752485275269,True,0.31377455592155457,0.15157359838485718,True,5.357666015625,2.243326425552368,True,0.31377455592155457,0.15157359838485718,0.05856553114852803,5.417234420776367,2.2834086418151855,True,none
gaussian_medium,1.0,42,1,79,0.9999333620071411,True,0.8439122438430786,0.48949742317199707,True,5.440069675445557,2.437591075897217,True,0.8439122438430786,0.48949742317199707,0.15512894028766364,5.31413459777832,2.4359309673309326,True,none
gaussian_medium,1.0,42,1,78,0.9461563229560852,True,0.44623368978500366,0.23312360048294067,True,5.1241774559021,2.3054399490356445,True,0.44623368978500366,0.23312360048294067,0.08708396491439584,5.064602375030518,2.2983977794647217,True,none
gaussian_medium,1.0,42,1,77,0.8692961931228638,True,0.33422747254371643,0.11010777950286865,True,5.176568984985352,2.4705097675323486,True,0.33422747254371643,0.11010777950286865,0.0645654435424466,5.160457134246826,2.431819438934326,True,none
gaussian_medium,1.0,42,1,76,0.9151366353034973,True,0.28978845477104187,0.13598525524139404,True,5.130031585693359,2.304136037826538,True,0.28978845477104187,0.13598525524139404,0.05648862973459031,5.210445880889893,2.285041332244873,True,none
gaussian_medium,1.0,42,1,75,0.8316322565078735,True,0.23194696009159088,0.14316612482070923,True,5.036871910095215,2.2770938873291016,True,0.23194696009159088,0.14316612482070923,0.046049803177774316,5.066695213317871,2.2555174827575684,True,none
gaussian_medium,1.0,42,1,74,0.794446587562561,True,0.23068881034851074,0.09593024849891663,True,4.988966941833496,2.3660888671875,True,0.23068881034851074,0.09593024849891663,0.046239795340011616,5.036865711212158,2.3292248249053955,True,none
gaussian_medium,1.0,42,1,73,0.8016824722290039,True,0.18091465532779694,0.06893765926361084,True,4.848642349243164,2.169771432876587,True,0.18091465532779694,0.06893765926361084,0.03731243558436497,4.83475923538208,2.1316280364990234,True,none
gaussian_medium,1.0,42,1,72,0.8512738943099976,True,0.3620564043521881,0.23691654205322266,True,4.789635181427002,2.239992141723633,True,0.3620564043521881,0.23691654205322266,0.07559164542553805,4.839858531951904,2.221057891845703,True,none
gaussian_medium,1.0,42,1,71,0.8829601407051086,True,0.5130854845046997,0.26969707012176514,True,4.9040303230285645,2.2684926986694336,True,0.5130854845046997,0.26969707012176514,0.10462526752643134,5.048564910888672,2.251429557800293,True,none
gaussian_medium,1.0,42,1,70,0.8416684865951538,True,0.3940444886684418,0.23361605405807495,True,4.945440292358398,2.063184976577759,True,0.3940444886684418,0.23361605405807495,0.07967834315525602,4.885045051574707,2.010667085647583,True,none
gaussian_medium,1.0,42,1,69,0.8077254295349121,True,0.33426931500434875,0.1360839605331421,True,4.786452293395996,1.8794050216674805,True,0.33426931500434875,0.1360839605331421,0.06983655001962095,4.791319370269775,1.8300961256027222,True,none
gaussian_medium,1.0,42,1,68,0.7761110067367554,True,0.2731401026248932,0.12453058362007141,True,4.8228759765625,1.8592097759246826,True,0.2731401026248932,0.12453058362007141,0.05663427878971022,4.878223419189453,1.8436884880065918,True,none
gaussian_medium,1.0,42,1,67,0.7544800043106079,True,0.36269018054008484,0.21733587980270386,True,4.8516340255737305,1.926921010017395,True,0.36269018054008484,0.21733587980270386,0.07475629419453585,4.911799907684326,1.8836562633514404,True,none
gaussian_medium,1.0,42,1,66,0.7345636487007141,True,0.1874541938304901,0.08102479577064514,True,4.864628314971924,1.961125135421753,True,0.1874541938304901,0.08102479577064514,0.03853412464288825,4.8902506828308105,1.9216766357421875,True,none
gaussian_medium,1.0,42,1,65,0.7700114250183105,True,0.335584431886673,0.19940507411956787,True,4.990870952606201,2.079636573791504,True,0.335584431886673,0.19940507411956787,0.06723965317343372,4.97946310043335,2.055027723312378,True,none
gaussian_medium,1.0,42,1,64,0.7720229029655457,True,0.30473124980926514,0.1866896152496338,True,5.008707523345947,2.1401705741882324,True,0.30473124980926514,0.1866896152496338,0.060840296301756476,5.028233528137207,2.110116958618164,True,none
gaussian_medium,1.0,42,1,63,0.8618081212043762,True,0.6867578625679016,0.5076106786727905,True,4.884922981262207,2.040105104446411,True,0.6867578625679016,0.5076106786727905,0.14058724471236408,4.875093936920166,2.0259578227996826,True,none
gaussian_medium,1.0,42,1,62,0.7531794309616089,True,0.20085908472537994,0.09514117240905762,True,4.810906887054443,2.0815677642822266,True,0.20085908472537994,0.09514117240905762,0.04175077369836968,4.842155933380127,2.074399948120117,True,none
gaussian_medium,1.0,42,1,61,0.7513898015022278,True,0.1274586021900177,0.04668992757797241,True,4.571125030517578,1.9280223846435547,True,0.1274586021900177,0.04668992757797241,0.027883420676322643,4.571578025817871,1.8979098796844482,True,none
gaussian_medium,1.0,42,1,60,0.9362682104110718,True,0.795471727848053,0.41412901878356934,True,4.546230792999268,1.800132393836975,True,0.795471727848053,0.41412901878356934,0.1749738990534364,4.548084259033203,1.804152250289917,True,none
gaussian_medium,1.0,42,1,59,0.8368520736694336,True,0.5562580227851868,0.343868613243103,True,4.4726481437683105,1.869968295097351,True,0.5562580227851868,0.343868613243103,0.12436883137344266,4.43950891494751,1.8370882272720337,True,none
gaussian_medium,1.0,42,1,58,0.8177223205566406,True,0.35541799664497375,0.14960336685180664,True,4.420282363891602,1.8443998098373413,True,0.35541799664497375,0.14960336685180664,0.0804061748516863,4.4839019775390625,1.839679479598999,True,none
gaussian_medium,1.0,42,1,57,0.8374730348587036,True,0.15620337426662445,0.06440675258636475,True,4.666261672973633,2.0422046184539795,True,0.15620337426662445,0.06440675258636475,0.03347505674002385,4.669445514678955,2.0310280323028564,True,none
gaussian_medium,1.0,42,1,56,0.8812817335128784,True,0.6448909044265747,0.21837812662124634,True,4.651745319366455,2.068711757659912,True,0.6448909044265747,0.21837812662124634,0.13863418139887912,4.762237071990967,2.121540069580078,True,none
gaussian_medium,1.0,42,1,55,1.0899778604507446,True,1.2393298149108887,0.5182794332504272,True,4.7439799308776855,2.2289369106292725,True,1.2393298149108887,0.5182794332504272,0.2612426344479367,4.575993061065674,2.139270305633545,True,none
gaussian_medium,1.0,42,1,54,1.0102405548095703,True,1.0544246435165405,0.5047399997711182,True,4.5052947998046875,2.0903451442718506,True,1.0544246435165405,0.5047399997711182,0.2340412093703652,4.694309711456299,2.1632487773895264,True,none
gaussian_medium,1.0,42,1,53,0.859890341758728,True,0.4831511974334717,0.21305346488952637,True,4.824014663696289,2.2372565269470215,True,0.4831511974334717,0.21305346488952637,0.10015541641475197,4.833050727844238,2.2061755657196045,True,none
gaussian_medium,1.0,42,1,52,0.7513953447341919,True,0.1971873939037323,0.06969082355499268,True,4.856318950653076,2.087592601776123,True,0.1971873939037323,0.06969082355499268,0.04060429224426744,4.874273777008057,2.1526942253112793,True,none
gaussian_medium,1.0,42,1,51,0.9121120572090149,True,0.7602294683456421,0.4204709529876709,True,4.770218849182129,2.259162664413452,True,0.7602294683456421,0.4204709529876709,0.15936993508711383,4.6966328620910645,2.2532856464385986,True,none
gaussian_medium,1.0,42,1,50,0.7585229873657227,True,0.37152352929115295,0.1495426893234253,True,4.635770797729492,2.057722568511963,True,0.37152352929115295,0.1495426893234253,0.0801427735540846,4.734542369842529,2.2072653770446777,True,none
gaussian_medium,1.0,42,1,49,0.7296859622001648,True,0.20023764669895172,0.09633737802505493,True,4.527273178100586,2.1858832836151123,True,0.20023764669895172,0.09633737802505493,0.044229194665676666,4.516748428344727,2.214926242828369,True,none
gaussian_medium,1.0,42,1,48,0.7464828491210938,True,0.32494476437568665,0.1306447982788086,True,4.488522529602051,2.1627776622772217,True,0.32494476437568665,0.1306447982788086,0.07239459359568451,4.46873664855957,2.1754329204559326,True,none
gaussian_medium,1.0,42,1,47,0.7200329899787903,True,0.20586399734020233,0.09692643582820892,True,4.458973407745361,2.212053060531616,True,0.20586399734020233,0.09692643582820892,0.046168473887411986,4.475988388061523,2.2206289768218994,True,none
gaussian_medium,1.0,42,1,46,0.7230108380317688,True,0.26886865496635437,0.14365577697753906,True,4.4111857414245605,2.215453863143921,True,0.26886865496635437,0.14365577697753906,0.060951560584130884,4.447352886199951,2.2650821208953857,True,none
gaussian_medium,1.0,42,1,45,0.7488842606544495,True,0.22163434326648712,0.08249032497406006,True,4.43497371673584,2.5047948360443115,True,0.22163434326648712,0.08249032497406006,0.04997421798241478,4.457159519195557,2.5389797687530518,True,none
gaussian_medium,1.0,42,1,44,0.7245235443115234,True,0.24184562265872955,0.1115553081035614,True,4.441868305206299,2.4769670963287354,True,0.24184562265872955,0.1115553081035614,0.054446824183240344,4.450366497039795,2.453246593475342,True,none
gaussian_medium,1.0,42,1,43,0.7348302602767944,True,0.27419421076774597,0.10778969526290894,True,4.289170742034912,2.3263659477233887,True,0.27419421076774597,0.10778969526290894,0.06392709156586199,4.368799209594727,2.3825128078460693,True,none
gaussian_medium,1.0,42,1,42,0.7201350927352905,True,0.2621658444404602,0.13665276765823364,True,4.270406723022461,2.3989148139953613,True,0.2621658444404602,0.13665276765823364,0.06139130566346757,4.281664848327637,2.439520835876465,True,none
gaussian_medium,1.0,42,1,41,0.6931989789009094,True,0.24584031105041504,0.08601638674736023,True,3.9963936805725098,2.2524492740631104,True,0.24584031105041504,0.08601638674736023,0.06151553893337537,4.029096603393555,2.2805066108703613,True,none
gaussian_medium,1.0,42,1,40,0.7358259558677673,True,0.4214470088481903,0.17064553499221802,True,4.06093692779541,2.3795218467712402,True,0.4214470088481903,0.17064553499221802,0.10378073246187561,4.1294264793396,2.4653005599975586,True,none
gaussian_medium,1.0,42,1,39,0.9145838022232056,True,0.8726187348365784,0.36694109439849854,True,3.9837100505828857,2.3494765758514404,True,0.8726187348365784,0.36694109439849854,0.21904674882367006,3.8089475631713867,2.3269054889678955,True,none
gaussian_medium,1.0,42,1,38,0.7894843816757202,True,0.7360652089118958,0.3151658773422241,True,3.6274170875549316,2.1866543292999268,True,0.7360652089118958,0.3151658773422241,0.20291716975062252,3.746426820755005,2.244372606277466,True,none
gaussian_medium,1.0,42,1,37,0.7354771494865417,True,0.31955787539482117,0.1589401215314865,True,3.6976401805877686,2.3026881217956543,True,0.31955787539482117,0.1589401215314865,0.08642211242521129,3.7368178367614746,2.3913755416870117,True,none
gaussian_medium,1.0,42,1,36,0.8028515577316284,True,0.49186819791793823,0.23823827505111694,True,3.674668550491333,2.387796401977539,True,0.49186819791793823,0.23823827505111694,0.13385375882459863,3.674300193786621,2.374911069869995,True,none
gaussian_medium,1.0,42,1,35,0.7166404724121094,True,0.2764947712421417,0.12089002132415771,True,3.5138585567474365,2.272905111312866,True,0.2764947712421417,0.12089002132415771,0.07868693824090554,3.517817974090576,2.278463840484619,True,none
gaussian_medium,1.0,42,1,34,0.6797183156013489,True,0.34048476815223694,0.2251783311367035,True,3.405658006668091,2.077763795852661,True,0.34048476815223694,0.2251783311367035,0.09997620650267482,3.348012924194336,2.1114330291748047,True,none
gaussian_medium,1.0,42,1,33,0.7027760148048401,True,0.44244498014450073,0.19558650255203247,True,3.3478190898895264,2.008748769760132,True,0.44244498014450073,0.19558650255203247,0.13215916639001205,3.407479763031006,2.0899109840393066,True,none
gaussian_medium,1.0,42,1,32,0.7764531373977661,True,0.8317887783050537,0.3670635223388672,True,3.3243417739868164,1.946303367614746,True,0.8317887783050537,0.3670635223388672,0.25021157114879194,3.3274996280670166,2.0148677825927734,True,none
gaussian_medium,1.0,42,1,31,0.7430707812309265,True,0.7532073855400085,0.39023590087890625,True,3.2154505252838135,1.919987440109253,True,0.7532073855400085,0.39023590087890625,0.2342462991164487,3.383434295654297,1.9899382591247559,True,none
gaussian_medium,1.0,42,1,30,0.8080520629882812,True,1.2153217792510986,0.5284498929977417,True,3.317495107650757,1.8435745239257812,True,1.2153217792510986,0.5284498929977417,0.366337173021891,3.2566864490509033,1.8953943252563477,True,none
gaussian_medium,1.0,42,1,29,1.0576708316802979,True,1.4515594244003296,0.8643419742584229,True,3.2816121578216553,1.968103289604187,True,1.4515594244003296,0.8643419742584229,0.4423311941175392,3.583665132522583,2.0565056800842285,True,none
gaussian_medium,1.0,42,1,28,1.3738620281219482,True,2.1017837524414062,1.1170437335968018,True,3.6007437705993652,2.17991042137146,True,2.1017837524414062,1.1170437335968018,0.5837082242847199,3.87121319770813,2.1865200996398926,True,none
gaussian_medium,1.0,42,1,27,2.3692831993103027,True,3.6640048027038574,2.6007239818573,True,3.7300868034362793,2.159771680831909,True,3.6640048027038574,2.6007239818573,0.9822840581960379,4.742018222808838,2.14496111869812,True,none
gaussian_medium,1.0,42,1,26,9.964644432067871,True,11.83190631866455,6.7616071701049805,True,4.5251054763793945,2.047264575958252,True,11.83190631866455,6.7616071701049805,2.614724978328864,10.503363609313965,5.558811187744141,True,none
gaussian_medium,1.0,42,1,25,250.05099487304688,True,66.01055145263672,41.326637268066406,True,9.93303108215332,5.272662162780762,True,66.01055145263672,41.326637268066406,6.645559739688245,58.635467529296875,36.48927688598633,True,none
gaussian_medium,1.0,42,1,24,13433.037109375,True,657.9127807617188,365.4643249511719,True,56.57902526855469,35.439456939697266,True,657.9127807617188,365.4643249511719,11.628209882352989,619.1640625,355.81390380859375,True,none
gaussian_medium,1.0,42,1,23,910188.8125,True,5668.48974609375,3705.641845703125,True,598.421630859375,344.785888671875,True,5668.48974609375,3705.641845703125,9.472401152935257,5383.69970703125,3529.804443359375,True,none
gaussian_medium,1.0,42,1,22,144795424.0,True,65652.4921875,32577.783203125,True,5197.18115234375,3449.8662109375,True,65652.4921875,32577.783203125,12.632327075590384,61503.07421875,29127.91796875,True,none
gaussian_medium,1.0,42,1,21,25206181888.0,True,947536.5625,637691.9375,True,58644.23046875,28088.119140625,True,947536.5625,637691.9375,16.157370553355932,897231.125,617081.6875,True,none
gaussian_medium,1.0,42,1,20,4698001637376.0,True,13585782.0,7453980.0,True,862790.125,596439.4375,True,13585782.0,7453980.0,15.746334602519935,12935665.0,7221192.5,True,none
gaussian_medium,1.0,42,1,19,1273670135709696.0,True,221288416.0,102010944.0,True,12375122.0,6973350.0,True,221288416.0,102010944.0,17.881715913588568,210397280.0,99517576.0,True,none
gaussian_medium,1.0,42,1,18,4.226843960724685e+17,True,4205126656.0,1841772544.0,True,201264576.0,95576952.0,True,4205126656.0,1841772544.0,20.893526022184847,4013592320.0,1756440064.0,True,none
gaussian_medium,1.0,42,1,17,1.6629501162037654e+20,True,86942793728.0,36931457024.0,True,3814966528.0,1695924480.0,True,86942793728.0,36931457024.0,22.789923080551862,83312107520.0,35508113408.0,True,none
gaussian_medium,1.0,42,1,16,7.874602495252468e+22,True,2027985960960.0,850820333568.0,True,79735496704.0,34094743552.0,True,2027985960960.0,850820333568.0,25.433916446127366,1954090582016.0,819280281600.0,True,none
gaussian_medium,1.0,42,1,15,4.644662801639357e+25,True,51662660042752.0,25496135925760.0,True,1855217205248.0,789245984768.0,True,51662660042752.0,25496135925760.0,27.847229907425252,49961660055552.0,24898898493440.0,True,none
gaussian_medium,1.0,42,1,14,3.3722445027187792e+28,True,1435946213965824.0,563014445039616.0,True,47748099342336.0,23880391458816.0,True,1435946213965824.0,563014445039616.0,30.07336907110432,1391300700012544.0,546832853762048.0,True,none
gaussian_medium,1.0,42,1,13,2.9087710271325474e+31,True,4.310309778174771e+16,1.9828719396847616e+16,True,1317918230970368.0,525812780498944.0,True,4.310309778174771e+16,1.9828719396847616e+16,32.70544163427453,4.182650465235763e+16,1.938468205546701e+16,True,none
gaussian_medium,1.0,42,1,12,2.937035026125272e+34,True,1.4462798655515525e+18,5.36241235434668e+17,True,3.98011398094848e+16,1.852515816780595e+16,True,1.4462798655515525e+18,5.36241235434668e+17,36.33764943603191,1.4077006138730086e+18,5.1909892144470426e+17,True,none
gaussian_medium,1.0,42,1,11,,False,,,False,1.3336278898992742e+18,4.9991608567228006e+17,True,,,,,,False,likelihood_loss
gaussian_medium,1.0,42,2,99,1.788629174232483,True,1.1663577556610107,0.5138750076293945,True,6.619852542877197,2.311908721923828,True,1.1663577556610107,0.5138750076293945,0.1761908967165451,6.477305889129639,2.3926286697387695,True,none
gaussian_medium,1.0,42,2,98,1.4310286045074463,True,0.9973039031028748,0.4936213493347168,True,6.392114639282227,2.2853288650512695,True,0.9973039031028748,0.4936213493347168,0.15602096635968757,6.45857572555542,2.3523356914520264,True,none
gaussian_medium,1.0,42,2,97,1.574634313583374,True,0.9482690691947937,0.5584864616394043,True,6.370718955993652,2.2536673545837402,True,0.9482690691947937,0.5584864616394043,0.14884804615380207,6.410899639129639,2.3487017154693604,True,none
gaussian_medium,1.0,42,2,96,1.0296756029129028,True,0.4281232953071594,0.15755629539489746,True,6.368484973907471,2.349083423614502,True,0.4281232953071594,0.15755629539489746,0.0672252972349264,6.5073137283325195,2.3573880195617676,True,none
gaussian_medium,1.0,42,2,95,0.9181726574897766,True,0.38420289754867554,0.1611248254776001,True,6.333914279937744,2.3102734088897705,True,0.38420289754867554,0.1611248254776001,0.06065805133573598,6.313262462615967,2.4117789268493652,True,none
gaussian_medium,1.0,42,2,94,1.0951006412506104,True,0.5491294860839844,0.22502613067626953,True,6.275513172149658,2.3386003971099854,True,0.5491294860839844,0.22502613067626953,0.08750351899839838,6.259128570556641,2.456695795059204,True,none
gaussian_medium,1.0,42,2,93,0.8943042755126953,True,0.4177758991718292,0.17091751098632812,True,6.118555545806885,2.4054596424102783,True,0.4177758991718292,0.17091751098632812,0.06828015142529309,6.045424938201904,2.357950210571289,True,none
gaussian_medium,1.0,42,2,92,0.9183546900749207,True,0.3053681552410126,0.21374332904815674,True,5.934399127960205,2.3440895080566406,True,0.3053681552410126,0.21374332904815674,0.05145729983044188,6.056865692138672,2.389749526977539,True,none
gaussian_medium,1.0,42,2,91,0.9901350140571594,True,0.5030306577682495,0.2119431495666504,True,6.030444145202637,2.450643539428711,True,0.5030306577682495,0.2119431495666504,0.08341519225716386,5.956912994384766,2.4311118125915527,True,none
gaussian_medium,1.0,42,2,90,0.8439164161682129,True,0.42889896035194397,0.2080935835838318,True,5.915327072143555,2.5181596279144287,True,0.42889896035194397,0.2080935835838318,0.07250638132448187,5.975709915161133,2.5568695068359375,True,none
gaussian_medium,1.0,42,2,89,0.7833921313285828,True,0.3237164318561554,0.2489321231842041,True,5.818966388702393,2.484096050262451,True,0.3237164318561554,0.2489321231842041,0.05563125995788529,5.854849338531494,2.492854118347168,True,none
gaussian_medium,1.0,42,2,88,0.9613634347915649,True,0.5362515449523926,0.2782113552093506,True,5.667196750640869,2.5040712356567383,True,0.5362515449523926,0.2782113552093506,0.09462377407166188,5.852538585662842,2.60671329498291,True,none
gaussian_medium,1.0,42,2,87,0.9214574098587036,True,0.48532015085220337,0.2162611484527588,True,5.810563087463379,2.8059160709381104,True,0.48532015085220337,0.2162611484527588,0.08352377274746844,5.852351188659668,2.827932834625244,True,none
gaussian_medium,1.0,42,2,86,0.6272372007369995,True,0.2014867067337036,0.10008865594863892,True,5.663036346435547,2.893198013305664,True,0.2014867067337036,0.10008865594863892,0.03557927133215182,5.757184982299805,2.9125893115997314,True,none
gaussian_medium,1.0,42,2,85,0.6925549507141113,True,0.2110835611820221,0.08158493041992188,True,5.84168004989624,2.948728322982788,True,0.2110835611820221,0.08158493041992188,0.036134050372329994,5.905908107757568,2.9203786849975586,True,none
gaussian_medium,1.0,42,2,84,0.8223045468330383,True,0.6426737308502197,0.22685599327087402,True,5.625970363616943,2.736199140548706,True,0.6426737308502197,0.22685599327087402,0.11423340140685166,5.446573734283447,2.566861152648926,True,none
gaussian_medium,1.0,42,2,83,0.8439706563949585,True,0.37823760509490967,0.1763925552368164,True,5.412368297576904,2.4963393211364746,True,0.37823760509490967,0.1763925552368164,0.069883936993751,5.54612922668457,2.51776123046875,True,none
gaussian_medium,1.0,42,2,82,0.7634490728378296,True,0.29072868824005127,0.16379283368587494,True,5.5145955085754395,2.4805917739868164,True,0.29072868824005127,0.16379283368587494,0.05271985729286991,5.6160173416137695,2.5252037048339844,True,none
gaussian_medium,1.0,42,2,81,0.7613692283630371,True,0.23040203750133514,0.1062096357345581,True,5.608670711517334,2.708789825439453,True,0.23040203750133514,0.1062096357345581,0.04107961571503323,5.640483379364014,2.7204020023345947,True,none
gaussian_medium,1.0,42,2,80,0.8177485466003418,True,0.28212401270866394,0.09665518999099731,True,5.554783821105957,2.425229072570801,True,0.28212401270866394,0.09665518999099731,0.050789377551769835,5.518715858459473,2.45023512840271,True,none
gaussian_medium,1.0,42,2,79,0.8166384696960449,True,0.2629479169845581,0.12864840030670166,True,5.326951026916504,2.266834259033203,True,0.2629479169845581,0.12864840030670166,0.04936180484030387,5.397867679595947,2.269111156463623,True,none
gaussian_medium,1.0,42,2,78,0.7981213331222534,True,0.24610084295272827,0.15557584166526794,True,5.208442687988281,2.134047269821167,True,0.24610084295272827,0.15557584166526794,0.04725036977372126,5.2260661125183105,2.154186487197876,True,none
gaussian_medium,1.0,42,2,77,0.7354093790054321,True,0.30958524346351624,0.12790268659591675,True,5.355353355407715,2.2522695064544678,True,0.30958524346351624,0.12790268659591675,0.05780855583522724,5.355781078338623,2.291374683380127,True,none
gaussian_medium,1.0,42,2,76,0.6871471405029297,True,0.15959611535072327,0.06060019135475159,True,5.29643440246582,2.357356309890747,True,0.15959611535072327,0.06060019135475159,0.03013274652781335,5.278125286102295,2.3716118335723877,True,none
gaussian_medium,1.0,42,2,75,0.6986798048019409,True,0.12832143902778625,0.04720413684844971,True,5.113606929779053,2.299159526824951,True,0.12832143902778625,0.04720413684844971,0.025094114739340288,5.153392314910889,2.3036224842071533,True,none
gaussian_medium,1.0,42,2,74,0.7165120840072632,True,0.2971402108669281,0.11051630973815918,True,5.04799222946167,2.2223503589630127,True,0.2971402108669281,0.11051630973815918,0.05886304838836033,5.055746078491211,2.162806987762451,True,none
gaussian_medium,1.0,42,2,73,0.7505669593811035,True,0.32414692640304565,0.18871736526489258,True,4.9134979248046875,2.0979440212249756,True,0.32414692640304565,0.18871736526489258,0.06597070587261204,4.900752067565918,2.1217570304870605,True,none
gaussian_medium,1.0,42,2,72,0.6899247765541077,True,0.1760224848985672,0.07690444588661194,True,4.6582350730896,1.972118854522705,True,0.1760224848985672,0.07690444588661194,0.037787377007957985,4.68838357925415,1.9847421646118164,True,none
gaussian_medium,1.0,42,2,71,0.6782228350639343,True,0.20953580737113953,0.09145699441432953,True,4.760614395141602,2.090313673019409,True,0.20953580737113953,0.09145699441432953,0.044014446451478034,4.816707611083984,2.0806145668029785,True,none
gaussian_medium,1.0,42,2,70,0.7782977223396301,True,0.405051052570343,0.2010514736175537,True,4.791525840759277,2.048889636993408,True,0.405051052570343,0.2010514736175537,0.08453487803919953,4.715218544006348,2.071206569671631,True,none
gaussian_medium,1.0,42,2,69,0.7079434990882874,True,0.2503036558628082,0.11609631776809692,True,4.663342475891113,2.1369354724884033,True,0.2503036558628082,0.11609631776809692,0.0536747316236782,4.686279773712158,2.1863560676574707,True,none
gaussian_medium,1.0,42,2,68,0.7642539739608765,True,0.3869374692440033,0.12634098529815674,True,4.576152801513672,2.1810038089752197,True,0.3869374692440033,0.12634098529815674,0.08455518992196456,4.6221604347229,2.11466121673584,True,none
gaussian_medium,1.0,42,2,67,0.7148990631103516,True,0.21853317320346832,0.08426982164382935,True,4.6760382652282715,2.1374704837799072,True,0.21853317320346832,0.08426982164382935,0.04673468453593876,4.715917110443115,2.0903360843658447,True,none
gaussian_medium,1.0,42,2,66,0.7101526260375977,True,0.19941997528076172,0.0908886194229126,True,4.736069202423096,2.079603672027588,True,0.19941997528076172,0.0908886194229126,0.042106643031882045,4.721864223480225,2.1209285259246826,True,none
gaussian_medium,1.0,42,2,65,0.7083163261413574,True,0.12719565629959106,0.04968199133872986,True,4.6872639656066895,2.090738534927368,True,0.12719565629959106,0.04968199133872986,0.027136439772301266,4.706441879272461,2.1057260036468506,True,none
gaussian_medium,1.0,42,2,64,0.7455316781997681,True,0.24705298244953156,0.11413010954856873,True,4.577792167663574,2.047189712524414,True,0.24705298244953156,0.11413010954856873,0.053967714872379,4.595114707946777,2.0103490352630615,True,none
gaussian_medium,1.0,42,2,63,0.7251268029212952,True,0.28110888600349426,0.1254958212375641,True,4.421327114105225,1.9165910482406616,True,0.28110888600349426,0.1254958212375641,0.0635802053882459,4.525822162628174,1.943232774734497,True,none
gaussian_medium,1.0,42,2,62,0.6896463632583618,True,0.20960234105587006,0.1218920350074768,True,4.439474582672119,1.79124915599823,True,0.20960234105587006,0.1218920350074768,0.0472133215660091,4.3997979164123535,1.791304111480713,True,none
gaussian_medium,1.0,42,2,61,0.6988512873649597,True,0.1836777925491333,0.06370407342910767,True,4.158753395080566,1.7844130992889404,True,0.1836777925491333,0.06370407342910767,0.044166550670295464,4.202744483947754,1.801251769065857,True,none
gaussian_medium,1.0,42,2,60,0.6684798002243042,True,0.12221617251634598,0.060680091381073,True,4.295753002166748,1.838024377822876,True,0.12221617251634598,0.060680091381073,0.028450465484089176,4.348409652709961,1.8987045288085938,True,none
gaussian_medium,1.0,42,2,59,0.7073885202407837,True,0.22460737824440002,0.09856623411178589,True,4.273448944091797,1.883113980293274,True,0.22460737824440002,0.09856623411178589,0.05255880699238857,4.295163154602051,1.8593454360961914,True,none
gaussian_medium,1.0,42,2,58,0.6806338429450989,True,0.265793114900589,0.154230535030365,True,4.203610897064209,1.7732906341552734,True,0.265793114900589,0.154230535030365,0.0632297140266134,4.253934860229492,1.9275212287902832,True,none
gaussian_medium,1.0,42,2,57,0.671110987663269,True,0.14983782172203064,0.05981096625328064,True,4.194361209869385,1.7961833477020264,True,0.14983782172203064,0.05981096625328064,0.03572363328399677,4.231680870056152,1.8201029300689697,True,none
gaussian_medium,1.0,42,2,56,0.6484110951423645,True,0.23831550776958466,0.13215112686157227,True,4.069175720214844,1.7084585428237915,True,0.23831550776958466,0.13215112686157227,0.058566039944066006,4.093410015106201,1.6770601272583008,True,none
gaussian_medium,1.0,42,2,55,0.6980563998222351,True,0.28723013401031494,0.14170002937316895,True,4.184561252593994,1.8181498050689697,True,0.28723013401031494,0.14170002937316895,0.06864044201341142,4.196885585784912,1.9598498344421387,True,none
gaussian_medium,1.0,42,2,54,0.6805668473243713,True,0.34952542185783386,0.20771688222885132,True,4.076852798461914,1.9027974605560303,True,0.34952542185783386,0.20771688222885132,0.08573412853895893,4.143099308013916,1.8744195699691772,True,none
gaussian_medium,1.0,42,2,53,0.6397272944450378,True,0.09127356857061386,0.03573724627494812,True,4.2007036209106445,1.9408636093139648,True,0.09127356857061386,0.03573724627494812,0.02172816194797516,4.233543395996094,1.9517765045166016,True,none
gaussian_medium,1.0,42,2,52,0.6199018359184265,True,0.07855786383152008,0.03472472354769707,True,4.195754528045654,1.9187116622924805,True,0.07855786383152008,0.03472472354769707,0.018723179181812842,4.215177059173584,1.9315614700317383,True,none
gaussian_medium,1.0,42,2,51,0.6899968385696411,True,0.25491395592689514,0.10817593336105347,True,4.096547603607178,1.6778769493103027,True,0.25491395592689514,0.10817593336105347,0.06222653331365434,4.096778392791748,1.770802617073059,True,none
gaussian_medium,1.0,42,2,50,0.6440223455429077,True,0.14372806251049042,0.08103233575820923,True,3.928666591644287,1.5665644407272339,True,0.14372806251049042,0.08103233575820923,0.03658443880581338,3.9403061866760254,1.587316632270813,True,none
gaussian_medium,1.0,42,2,49,0.6620565056800842,True,0.2173110395669937,0.08074694871902466,True,3.8220396041870117,1.614524006843567,True,0.2173110395669937,0.08074694871902466,0.056857348973797774,3.797792434692383,1.5337769985198975,True,none
gaussian_medium,1.0,42,2,48,0.6198416948318481,True,0.15683294832706451,0.08962687849998474,True,3.842741012573242,1.5460529327392578,True,0.15683294832706451,0.08962687849998474,0.040812781244917294,3.897592067718506,1.5684306621551514,True,none
gaussian_medium,1.0,42,2,47,0.6264155507087708,True,0.32360216975212097,0.17332684993743896,True,3.7962746620178223,1.4994124174118042,True,0.32360216975212097,0.17332684993743896,0.08524203293026023,3.8548731803894043,1.6051636934280396,True,none
gaussian_medium,1.0,42,2,46,0.6222898364067078,True,0.1660650670528412,0.06775438785552979,True,3.784205913543701,1.4292736053466797,True,0.1660650670528412,0.06775438785552979,0.043883729069406394,3.826139211654663,1.4331746101379395,True,none
gaussian_medium,1.0,42,2,45,0.6527827978134155,True,0.21437133848667145,0.09883400797843933,True,3.7621724605560303,1.29715895652771,True,0.21437133848667145,0.09883400797843933,0.05698073140829154,3.7564640045166016,1.2685166597366333,True,none
gaussian_medium,1.0,42,2,44,0.6273854374885559,True,0.12080339342355728,0.04243651032447815,True,3.6425883769989014,1.178038477897644,True,0.12080339342355728,0.04243651032447815,0.03316416265596637,3.6795170307159424,1.1938104629516602,True,none
gaussian_medium,1.0,42,2,43,0.6377881765365601,True,0.16914543509483337,0.060624122619628906,True,3.5135226249694824,1.213559627532959,True,0.16914543509483337,0.060624122619628906,0.04814126822258741,3.5182344913482666,1.2164925336837769,True,none
gaussian_medium,1.0,42,2,42,0.62934410572052,True,0.15006627142429352,0.056772589683532715,True,3.3551652431488037,1.204128384590149,True,0.15006627142429352,0.056772589683532715,0.04472693907719801,3.417142868041992,1.2558329105377197,True,none
gaussian_medium,1.0,42,2,41,0.6340126991271973,True,0.18504679203033447,0.0949823260307312,True,3.2662529945373535,1.4553277492523193,True,0.18504679203033447,0.0949823260307312,0.05665415151237807,3.320565938949585,1.5159653425216675,True,none
gaussian_medium,1.0,42,2,40,0.6353572010993958,True,0.16453686356544495,0.07261604070663452,True,3.299623966217041,1.5405179262161255,True,0.16453686356544495,0.07261604070663452,0.049865337762725004,3.3499085903167725,1.556667685508728,True,none
gaussian_medium,1.0,42,2,39,0.6294813752174377,True,0.29818516969680786,0.12063050270080566,True,3.3485398292541504,1.4461051225662231,True,0.29818516969680786,0.12063050270080566,0.08904931250679977,3.3537111282348633,1.462363839149475,True,none
gaussian_medium,1.0,42,2,38,0.6180576682090759,True,0.26154133677482605,0.09138411283493042,True,3.3752009868621826,1.5493226051330566,True,0.26154133677482605,0.09138411283493042,0.07748911480909919,3.446044921875,1.6153178215026855,True,none
gaussian_medium,1.0,42,2,37,0.5897448658943176,True,0.10926274210214615,0.042222436517477036,True,3.393980026245117,1.645952582359314,True,0.10926274210214615,0.042222436517477036,0.03219310109582326,3.4106664657592773,1.6319042444229126,True,none
gaussian_medium,1.0,42,2,36,0.6166787147521973,True,0.2680804133415222,0.10715049505233765,True,3.316453456878662,1.5668970346450806,True,0.2680804133415222,0.10715049505233765,0.08083346165628084,3.3152997493743896,1.5181206464767456,True,none
gaussian_medium,1.0,42,2,35,0.6693506836891174,True,0.41151493787765503,0.18652725219726562,True,3.10495662689209,1.538440227508545,True,0.41151493787765503,0.18652725219726562,0.13253484261692533,3.0728554725646973,1.4416568279266357,True,none
gaussian_medium,1.0,42,2,34,0.6489289402961731,True,0.3625124394893646,0.2005200982093811,True,2.9007656574249268,1.3689836263656616,True,0.3625124394893646,0.2005200982093811,0.1249712945826344,2.999661684036255,1.4211175441741943,True,none
gaussian_medium,1.0,42,2,33,0.6312531232833862,True,0.23375648260116577,0.10438346862792969,True,2.8570556640625,1.351024866104126,True,0.23375648260116577,0.10438346862792969,0.08181726577517964,2.8593785762786865,1.3031824827194214,True,none
gaussian_medium,1.0,42,2,32,0.593829333782196,True,0.23385421931743622,0.1539578139781952,True,2.830002546310425,1.2778189182281494,True,0.23385421931743622,0.1539578139781952,0.0826339254083844,2.9058125019073486,1.3300130367279053,True,none
gaussian_medium,1.0,42,2,31,0.5932291150093079,True,0.2033309042453766,0.0815686583518982,True,2.7429261207580566,1.220076560974121,True,0.2033309042453766,0.0815686583518982,0.07412919462413677,2.7573390007019043,1.1385078430175781,True,none
gaussian_medium,1.0,42,2,30,0.6789106130599976,True,0.6280444264411926,0.2630080580711365,True,2.7200927734375,1.1236307621002197,True,0.6280444264411926,0.2630080580711365,0.23089081099512446,2.651864528656006,1.2404841184616089,True,none
gaussian_medium,1.0,42,2,29,0.8233243227005005,True,1.3040716648101807,0.6338343620300293,True,2.685807228088379,1.2953948974609375,True,1.3040716648101807,0.6338343620300293,0.4855417958413445,2.916365623474121,1.1313124895095825,True,none
gaussian_medium,1.0,42,2,28,1.169824242591858,True,1.4815927743911743,0.6747729778289795,True,2.8880457878112793,1.170365571975708,True,1.4815927743911743,0.6747729778289795,0.5130087551394031,2.597529411315918,1.179509162902832,True,none
gaussian_medium,1.0,42,2,27,1.3141406774520874,True,2.332435369491577,1.253554105758667,True,2.4741716384887695,1.1413097381591797,True,2.332435369491577,1.253554105758667,0.9427136473503883,3.0539848804473877,1.2435036897659302,True,none
gaussian_medium,1.0,42,2,26,4.121438980102539,True,4.932802677154541,2.554678440093994,True,3.03611421585083,1.260190725326538,True,4.932802677154541,2.554678440093994,1.6247091928887019,3.8351080417633057,1.785496473312378,True,none
gaussian_medium,1.0,42,2,25,17.522062301635742,True,13.474759101867676,7.839969635009766,True,3.606266736984253,1.625367283821106,True,13.474759101867676,7.839969635009766,3.736484315947253,11.381428718566895,6.709360122680664,True,none
gaussian_medium,1.0,42,2,24,435.8916015625,True,115.9067153930664,61.11063766479492,True,10.995736122131348,6.469271183013916,True,115.9067153930664,61.11063766479492,10.541060107814701,106.5543212890625,55.2022705078125,True,none
gaussian_medium,1.0,42,2,23,42490.3984375,True,978.0715942382812,602.5398559570312,True,101.97777557373047,53.42837905883789,True,978.0715942382812,602.5398559570312,9.591026954016277,893.9246826171875,549.1114501953125,True,none
gaussian_medium,1.0,42,2,22,4111727.25,True,12231.798828125,5297.8681640625,True,861.9140625,531.3919677734375,True,12231.798828125,5297.8681640625,14.191436664400618,11599.4443359375,4766.47607421875,True,none
gaussian_medium,1.0,42,2,21,835462656.0,True,172004.90625,95633.9140625,True,11073.37890625,4598.56298828125,True,172004.90625,95633.9140625,15.533190700529314,162850.328125,91702.90625,True,none
gaussian_medium,1.0,42,2,20,185356550144.0,True,2659278.0,1218380.0,True,156477.859375,88449.015625,True,2659278.0,1218380.0,16.99459598068137,2527238.75,1163164.875,True,none
gaussian_medium,1.0,42,2,19,53387978604544.0,True,49818144.0,29350768.0,True,2406172.5,1123290.0,True,49818144.0,29350768.0,20.70431109988997,47792028.0,28518306.0,True,none
gaussian_medium,1.0,42,2,18,1.6680061692280832e+16,True,902637760.0,419877760.0,True,45925796.0,27427060.0,True,902637760.0,419877760.0,19.65426489287197,867859968.0,407710624.0,True,none
gaussian_medium,1.0,42,2,17,7.809836589651067e+18,True,18849431552.0,7551403008.0,True,825426688.0,393859360.0,True,18849431552.0,7551403008.0,22.83598510446999,18064340992.0,7253895680.0,True,none
gaussian_medium,1.0,42,2,16,4.055258684641392e+21,True,468744404992.0,201433497600.0,True,17199448064.0,6911741440.0,True,468744404992.0,201433497600.0,27.253456229977775,452307615744.0,194545958912.0,True,none
gaussian_medium,1.0,42,2,15,2.649684842370493e+24,True,12271470247936.0,5023436111872.0,True,428805292032.0,187457077248.0,True,12271470247936.0,5023436111872.0,28.617814369278424,11863025778688.0,4917309210624.0,True,none
gaussian_medium,1.0,42,2,14,2.0459562766921658e+27,True,363879024558080.0,144471240998912.0,True,11300554932224.0,4708160241664.0,True,363879024558080.0,144471240998912.0,32.200102272894924,353197105348608.0,139930084835328.0,True,none
gaussian_medium,1.0,42,2,13,2.002200879549541e+30,True,1.156643282747392e+16,4844684455182336.0,True,335184683597824.0,134833074339840.0,True,1.156643282747392e+16,4844684455182336.0,34.507641289934554,1.1238214647939072e+16,4727996099330048.0,True,none
gaussian_medium,1.0,42,2,12,2.2492161974852007e+33,True,4.1255634779242496e+17,1.5502112365268173e+17,True,1.0688811021369344e+16,4506770386976768.0,True,4.1255634779242496e+17,1.5502112365268173e+17,38.59702889008251,4.02199601093804e+17,1.514228344118313e+17,True,none
gaussian_medium,1.0,42,2,11,3.0631737281022976e+36,True,1.5442479183904637e+19,5.967092484893835e+18,True,3.809379667903775e+17,1.4566084372647117e+17,True,1.5442479183904637e+19,5.967092484893835e+18,40.53804170273824,1.50671213073447e+19,5.844068128861979e+18,True,none
gaussian_medium,1.0,42,2,10,,False,,,False,1.431550285517842e+19,5.568846074778485e+18,True,,,,,,False,likelihood_loss
gaussian_medium,3.0,42,0,99,1.1779080629348755,True,0.6569860577583313,0.37883567810058594,True,6.6309685707092285,2.317976236343384,True,1.9709581136703491,1.1365070343017578,0.2972353273360854,6.939174175262451,2.548534393310547,True,none
gaussian_medium,3.0,42,0,98,2.4984307289123535,True,2.757624626159668,1.289494514465332,True,6.762234210968018,2.4332571029663086,True,8.272873878479004,3.868483543395996,1.2233935738368213,9.642705917358398,4.519309043884277,True,none
gaussian_medium,3.0,42,0,97,10.39915657043457,True,11.343120574951172,5.825078964233398,True,9.586958885192871,4.51377534866333,True,34.02935791015625,17.475236892700195,3.5495466620506004,33.502685546875,14.931806564331055,True,none
gaussian_medium,3.0,42,0,96,43170.3046875,True,4816.650390625,1794.3038330078125,True,32.257869720458984,14.42662239074707,True,14449.9501953125,5382.91162109375,447.95116108201734,14423.6689453125,5370.3427734375,True,none
gaussian_medium,3.0,42,0,95,27957194752.0,True,4621559.5,1877641.0,True,13563.716796875,5064.44189453125,True,13864679.0,5632923.0,1022.1887707943253,13853319.0,5628841.5,True,none
gaussian_medium,3.0,42,0,94,2.909913142735667e+16,True,5034416640.0,2206095616.0,True,13020685.0,5352452.5,True,15103251456.0,6618287104.0,1159.9429258906118,15092428800.0,6615428608.0,True,none
gaussian_medium,3.0,42,0,93,2.409888770684909e+22,True,4091229241344.0,1242732167168.0,True,14279945216.0,6293627392.0,True,12273687986176.0,3728196501504.0,859.5052572347348,12262646480896.0,3725664714752.0,True,none
gaussian_medium,3.0,42,0,92,1.89649671268067e+28,True,3609828207362048.0,1228086171402240.0,True,11549477437440.0,3496113864704.0,True,1.0829485158957056e+16,3684258379988992.0,937.6601857198368,1.0819624987787264e+16,3680762276610048.0,True,none
gaussian_medium,3.0,42,0,91,1.2427933832093986e+34,True,2.7437933339638497e+18,1.0027195575985766e+18,True,1.0213637314576384e+16,3469587056164864.0,True,8.231380001891549e+18,3.0081588102346834e+18,805.9205304014606,8.222878028229771e+18,3.004689301293236e+18,True,none
gaussian_medium,3.0,42,0,90,,False,,,False,7.745305152705266e+18,2.8639408178216305e+18,True,,,,,,False,likelihood_loss
gaussian_medium,3.0,42,1,99,1.9604610204696655,True,1.4929150342941284,0.7927441596984863,True,6.632959842681885,2.3459253311157227,True,4.478744983673096,2.378232479095459,0.6752257046473453,6.62209939956665,2.77731990814209,True,none
gaussian_medium,3.0,42,1,98,1.8787845373153687,True,0.919861376285553,0.36258935928344727,True,6.529306411743164,2.734729290008545,True,2.7595841884613037,1.0877680778503418,0.42264583930349503,6.337482929229736,2.2856593132019043,True,none
gaussian_medium,3.0,42,1,97,0.9252836108207703,True,0.328336238861084,0.11821472644805908,True,6.295644283294678,2.384385347366333,True,0.985008716583252,0.35464417934417725,0.15645876295723848,6.116285800933838,2.4016945362091064,True,none
gaussian_medium,3.0,42,1,96,0.844205379486084,True,0.3798021078109741,0.21354788541793823,True,5.942990779876709,2.069971799850464,True,1.1394063234329224,0.6406436562538147,0.1917227143092368,5.918602466583252,1.9882919788360596,True,none
gaussian_medium,3.0,42,1,95,1.2950809001922607,True,0.944632887840271,0.42887258529663086,True,5.616260528564453,1.9994736909866333,True,2.8338987827301025,1.2866177558898926,0.5045881985560164,5.506131649017334,2.0571377277374268,True,none
gaussian_medium,3.0,42,1,94,1.5088971853256226,True,1.2516251802444458,0.8585000038146973,True,5.483664035797119,2.10378360748291,True,3.754875421524048,2.575500011444092,0.6847384152296166,6.807592391967773,2.9534058570861816,True,none
gaussian_medium,3.0,42,1,93,1.954507827758789,True,1.4720124006271362,0.9566059112548828,True,6.342899799346924,2.969233274459839,True,4.416037082672119,2.8698177337646484,0.6962173804363275,5.2271342277526855,2.337392807006836,True,none
gaussian_medium,3.0,42,1,92,0.9400774836540222,True,0.4093843698501587,0.201818585395813,True,5.311856746673584,2.359569787979126,True,1.228153109550476,0.605455756187439,0.23120975736390947,5.443698406219482,2.097442626953125,True,none
gaussian_medium,3.0,42,1,91,0.935620903968811,True,0.24946695566177368,0.08828675746917725,True,5.582786560058594,2.038416862487793,True,0.748400866985321,0.26486027240753174,0.13405507427769767,5.4555583000183105,1.990199327468872,True,none
gaussian_medium,3.0,42,1,90,0.876500129699707,True,0.3785737156867981,0.15678167343139648,True,5.314145088195801,2.1182847023010254,True,1.135721206665039,0.47034502029418945,0.21371663509669298,5.400568008422852,1.9375550746917725,True,none
gaussian_medium,3.0,42,1,89,0.8613786697387695,True,0.3920252323150635,0.22829782962799072,True,5.363150119781494,1.8660732507705688,True,1.1760756969451904,0.6848934888839722,0.21928822999138553,5.375411033630371,2.0862674713134766,True,none
gaussian_medium,3.0,42,1,88,0.7965267896652222,True,0.13934169709682465,0.06961993873119354,True,5.3349761962890625,2.085139751434326,True,0.4180251359939575,0.20885981619358063,0.07835557659744607,5.228291988372803,2.0399248600006104,True,none
gaussian_medium,3.0,42,1,87,0.7926299571990967,True,0.22546344995498657,0.0980122983455658,True,5.1730546951293945,1.9864556789398193,True,0.6763903498649597,0.2940368950366974,0.13075259971669606,5.45944881439209,2.013105630874634,True,none
gaussian_medium,3.0,42,1,86,0.7568548917770386,True,0.15607097744941711,0.058248937129974365,True,5.25671911239624,1.9630393981933594,True,0.46821293234825134,0.1747468113899231,0.08906942188408666,5.21584939956665,1.909172534942627,True,none
gaussian_medium,3.0,42,1,85,0.7268339991569519,True,0.13366329669952393,0.05589643120765686,True,5.44035530090332,2.063890218734741,True,0.4009898900985718,0.16768929362297058,0.0737065628842141,5.540291786193848,2.115043878555298,True,none
gaussian_medium,3.0,42,1,84,0.7921379208564758,True,0.23206588625907898,0.16510140895843506,True,5.553834438323975,2.2882416248321533,True,0.6961976289749146,0.4953042268753052,0.1253544081492077,5.498773097991943,2.205545425415039,True,none
gaussian_medium,3.0,42,1,83,0.8073043823242188,True,0.40253546833992004,0.16529928147792816,True,5.509634971618652,2.053565502166748,True,1.2076064348220825,0.4958978295326233,0.21918084247731673,5.516921520233154,2.017920970916748,True,none
gaussian_medium,3.0,42,1,82,0.8331939578056335,True,0.3009560704231262,0.11948263645172119,True,5.66877555847168,2.003098487854004,True,0.9028681516647339,0.3584479093551636,0.1592704001687431,5.898454189300537,2.098845958709717,True,none
gaussian_medium,3.0,42,1,81,0.7809584736824036,True,0.3114507794380188,0.17107141017913818,True,5.823112964630127,1.896376609802246,True,0.9343523383140564,0.5132142305374146,0.1604558152983117,5.563072681427002,1.4580092430114746,True,none
gaussian_medium,3.0,42,1,80,0.774624228477478,True,0.29804202914237976,0.1290677785873413,True,5.6203227043151855,1.6353449821472168,True,0.8941261172294617,0.3872033357620239,0.15908803893819268,5.926026344299316,1.9417437314987183,True,none
gaussian_medium,3.0,42,1,79,0.9572310447692871,True,0.6942164897918701,0.2787806987762451,True,5.6842265129089355,1.7556169033050537,True,2.0826497077941895,0.8363420963287354,0.3663910477642129,5.157923221588135,1.6221587657928467,True,none
gaussian_medium,3.0,42,1,78,1.0146385431289673,True,0.47783705592155457,0.2879432439804077,True,5.036588668823242,1.7143418788909912,True,1.4335111379623413,0.8638297319412231,0.2846194581732609,4.990880489349365,1.612060546875,True,none
gaussian_medium,3.0,42,1,77,0.764009416103363,True,0.1677696406841278,0.09667682647705078,True,5.003307819366455,1.7880501747131348,True,0.503308892250061,0.29003047943115234,0.10059522828113582,5.065478324890137,1.7524161338806152,True,none
gaussian_medium,3.0,42,1,76,0.8321512341499329,True,0.3787412941455841,0.2201836109161377,True,4.84334135055542,1.6403368711471558,True,1.1362239122390747,0.6605508327484131,0.23459505122605934,5.382911682128906,1.938614845275879,True,none
gaussian_medium,3.0,42,1,75,1.1665782928466797,True,0.9927277565002441,0.5714602470397949,True,5.2998175621032715,1.8159130811691284,True,2.9781835079193115,1.7143807411193848,0.5619407598507665,5.4409284591674805,2.1043753623962402,True,none
gaussian_medium,3.0,42,1,74,1.1730376482009888,True,0.6302196383476257,0.24461352825164795,True,5.415733337402344,2.12443208694458,True,1.8906588554382324,0.7338405847549438,0.3491048649645549,6.065753936767578,2.7319226264953613,True,none
gaussian_medium,3.0,42,1,73,0.7746857404708862,True,0.26967576146125793,0.1361180543899536,True,5.919863224029541,2.653384208679199,True,0.8090273141860962,0.40835416316986084,0.13666317676090997,6.014232635498047,2.789503812789917,True,none
gaussian_medium,3.0,42,1,72,0.806117057800293,True,0.24171322584152222,0.128533273935318,True,5.87000036239624,2.685514450073242,True,0.7251396775245667,0.385599821805954,0.12353315719872085,5.983558654785156,2.700796604156494,True,none
gaussian_medium,3.0,42,1,71,0.8956381678581238,True,0.4161967635154724,0.15391063690185547,True,5.894972801208496,2.665799140930176,True,1.248590350151062,0.4617319107055664,0.2118059560673263,6.067530632019043,2.641890525817871,True,none
gaussian_medium,3.0,42,1,70,0.7370789647102356,True,0.17814747989177704,0.063833087682724,True,5.954527854919434,2.5003485679626465,True,0.5344424247741699,0.191499263048172,0.08975395493910429,6.153345108032227,2.4814109802246094,True,none
gaussian_medium,3.0,42,1,69,0.7460665702819824,True,0.24838045239448547,0.09003794193267822,True,6.062479019165039,2.5789237022399902,True,0.7451414465904236,0.27011382579803467,0.12291035469726475,6.113590240478516,2.5405924320220947,True,none
gaussian_medium,3.0,42,1,68,0.6965327262878418,True,0.14936621487140656,0.0698237419128418,True,5.878857612609863,2.4629218578338623,True,0.44809865951538086,0.2094712257385254,0.07622206371424184,6.011021137237549,2.4561681747436523,True,none
gaussian_medium,3.0,42,1,67,0.6801608800888062,True,0.2273014336824417,0.09492315351963043,True,5.942046165466309,2.267857313156128,True,0.6819042563438416,0.2847694754600525,0.1147591650005657,5.841032028198242,2.2393884658813477,True,none
gaussian_medium,3.0,42,1,66,0.7760758399963379,True,0.39089125394821167,0.19551241397857666,True,5.671914577484131,2.17549467086792,True,1.1726738214492798,0.58653724193573,0.20675096661438638,6.217593193054199,2.2943339347839355,True,none
gaussian_medium,3.0,42,1,65,0.7776605486869812,True,0.45228657126426697,0.1819925308227539,True,6.25841760635376,2.237790822982788,True,1.3568596839904785,0.5459775924682617,0.21680555203167193,6.448382377624512,2.78376841545105,True,none
gaussian_medium,3.0,42,1,64,0.7591903805732727,True,0.2855229377746582,0.12436282634735107,True,6.447211742401123,2.711897611618042,True,0.8565688133239746,0.3730884790420532,0.13285879967156647,6.373965740203857,2.7260589599609375,True,none
gaussian_medium,3.0,42,1,63,0.6955167055130005,True,0.356700599193573,0.1563887596130371,True,6.197679042816162,2.7793526649475098,True,1.0701018571853638,0.46916627883911133,0.172661709293508,6.328690528869629,2.6452245712280273,True,none
gaussian_medium,3.0,42,1,62,0.6795281171798706,True,0.43998461961746216,0.22697877883911133,True,6.244905948638916,2.633627414703369,True,1.3199539184570312,0.680936336517334,0.2113648995377593,6.148005962371826,2.5308327674865723,True,none
gaussian_medium,3.0,42,1,61,0.9498778581619263,True,0.7048943638801575,0.41937828063964844,True,6.058321475982666,2.4036448001861572,True,2.114683151245117,1.2581348419189453,0.34905429822899325,6.451420307159424,2.275120258331299,True,none
gaussian_medium,3.0,42,1,60,0.9015437960624695,True,0.8239667415618896,0.3257192373275757,True,6.308645248413086,2.356940269470215,True,2.471900224685669,0.977157711982727,0.3918274252791554,6.410399436950684,2.264925479888916,True,none
gaussian_medium,3.0,42,1,59,1.2020620107650757,True,0.9738749265670776,0.3782208263874054,True,6.404549598693848,2.2374870777130127,True,2.9216246604919434,1.1346625089645386,0.4561795666454558,6.488954544067383,2.2159035205841064,True,none
gaussian_medium,3.0,42,1,58,1.0798919200897217,True,0.9031385779380798,0.3133353590965271,True,6.498378753662109,2.237319231033325,True,2.7094156742095947,0.9400060772895813,0.4169371741655268,6.787598133087158,2.52398943901062,True,none
gaussian_medium,3.0,42,1,57,0.7891454696655273,True,0.5684454441070557,0.2068570852279663,True,6.758247375488281,2.2781319618225098,True,1.705336332321167,0.6205712556838989,0.25233410935889344,6.439513683319092,2.521010637283325,True,none
gaussian_medium,3.0,42,1,56,0.6856309175491333,True,0.4118201434612274,0.19622689485549927,True,6.308972358703613,2.537668466567993,True,1.2354605197906494,0.5886806845664978,0.1958259522386495,6.404297828674316,2.556223154067993,True,none
gaussian_medium,3.0,42,1,55,1.0982846021652222,True,2.5100221633911133,1.155210256576538,True,6.372434139251709,2.6433897018432617,True,7.53006649017334,3.4656307697296143,1.1816625053509593,8.301806449890137,2.9182205200195312,True,none
gaussian_medium,3.0,42,1,54,10.770723342895508,True,9.88056755065918,4.49751091003418,True,8.051342964172363,2.8939313888549805,True,29.641706466674805,13.492532730102539,3.6815853701144796,26.7038516998291,11.38914966583252,True,none
gaussian_medium,3.0,42,1,53,3599.86767578125,True,536.4498901367188,188.78306579589844,True,25.579687118530273,10.9275484085083,True,1609.349609375,566.3491821289062,62.91514051433031,1595.310302734375,564.6705322265625,True,none
gaussian_medium,3.0,42,1,52,4335358.5,True,10250.1484375,4576.0380859375,True,1530.4151611328125,545.8527221679688,True,30750.447265625,13728.1142578125,20.092879400687274,29968.923828125,13591.5126953125,True,none
gaussian_medium,3.0,42,1,51,4207768320.0,True,617090.0,215078.453125,True,28956.50390625,13160.7763671875,True,1851270.0,645235.375,63.93278712076909,1838585.25,639155.4375,True,none
gaussian_medium,3.0,42,1,50,3524392386560.0,True,7900332.0,3376384.5,True,1771707.0,612587.875,True,23700996.0,10129154.0,13.377491876478446,22899904.0,9575742.0,True,none
gaussian_medium,3.0,42,1,49,1916510373150720.0,True,343555296.0,159024416.0,True,22186608.0,9221467.0,True,1030665792.0,477073248.0,46.454410336181176,1020308864.0,476636160.0,True,none
gaussian_medium,3.0,42,1,48,7.309208329681633e+17,True,3976413440.0,1535511808.0,True,981557056.0,458649696.0,True,11929240576.0,4606535680.0,12.153384770737159,11611749376.0,4518427136.0,True,none
gaussian_medium,3.0,42,1,47,1.9806797736021957e+20,True,107054202880.0,57700696064.0,True,11296269312.0,4413718528.0,True,321162608640.0,173102088192.0,28.43085622071968,317814243328.0,172146835456.0,True,none
gaussian_medium,3.0,42,1,46,3.2335816051122583e+22,True,751274229760.0,329958162432.0,True,305737662464.0,165521063936.0,True,2253822885888.0,989874487296.0,7.37175416245417,2190212595712.0,994403024896.0,True,none
gaussian_medium,3.0,42,1,45,4.185757615294462e+24,True,9706105995264.0,5402870153216.0,True,2131256672256.0,958865932288.0,True,29118317985792.0,16208610983936.0,13.66251112071329,28366006648832.0,16479727648768.0,True,none
gaussian_medium,3.0,42,1,44,9.411039618753778e+26,True,151381189066752.0,67166468571136.0,True,27318099640320.0,15819852480512.0,True,454143567200256.0,201499397324800.0,16.624273766465265,442948399398912.0,198380126994432.0,True,none
gaussian_medium,3.0,42,1,43,2.630024165200724e+29,True,2925208809766912.0,1095656626192384.0,True,427275459756032.0,190411670814720.0,True,8775626966171648.0,3286969878577152.0,20.53857006246603,8612929310031872.0,3270087435878400.0,True,none
gaussian_medium,3.0,42,1,42,5.304710402310963e+31,True,3.5571333609816064e+16,1.3010018580299776e+16,True,8301700947378176.0,3132241265819648.0,True,1.0671399438699725e+17,3.903005574089933e+16,12.854473446276021,1.041669241616466e+17,3.683143191730586e+16,True,none
gaussian_medium,3.0,42,1,41,7.282946709070508e+33,True,2.9577704600764416e+17,1.1850672045136282e+17,True,1.0044821262775091e+17,3.626860222296883e+16,True,8.873311036631941e+17,3.5552014417421926e+17,8.833717200638873,8.452052397903053e+17,3.19251550541185e+17,True,none
gaussian_medium,3.0,42,1,40,6.051211745196843e+35,True,2.6979233581204767e+18,1.5010573974083994e+18,True,8.146994271166136e+17,3.134825848289362e+17,True,8.093769524605616e+18,4.503172192225198e+18,9.934669468531611,7.692445581444121e+18,4.189689607396262e+18,True,none
gaussian_medium,3.0,42,1,39,,False,,,False,7.467478905331384e+18,4.087389946036355e+18,True,,,,,,False,likelihood_loss
gaussian_medium,3.0,42,2,99,1.788629174232483,True,1.1663577556610107,0.5138750076293945,True,6.619852542877197,2.311908721923828,True,3.499073028564453,1.5416250228881836,0.5285726541339419,6.810575008392334,2.7918481826782227,True,none
gaussian_medium,3.0,42,2,98,1.11374831199646,True,0.7344079613685608,0.31888771057128906,True,6.77515172958374,2.781637191772461,True,2.203223705291748,0.9566631317138672,0.3251917880556141,6.338473796844482,3.1456797122955322,True,none
gaussian_medium,3.0,42,2,97,1.1165268421173096,True,0.7404997944831848,0.34694886207580566,True,6.137791633605957,3.02016019821167,True,2.221498966217041,1.040846586227417,0.3619378269626183,7.374118328094482,4.061006546020508,True,none
gaussian_medium,3.0,42,2,96,0.9912602305412292,True,0.4047078490257263,0.19195270538330078,True,7.317776203155518,4.0285444259643555,True,1.2141236066818237,0.5758581161499023,0.1659142850198278,7.534509658813477,4.139163017272949,True,none
gaussian_medium,3.0,42,2,95,1.0701700448989868,True,0.6839796900749207,0.4351003170013428,True,7.2624945640563965,4.050558090209961,True,2.0519392490386963,1.3053009510040283,0.2825391786444688,7.079406261444092,4.001042366027832,True,none
gaussian_medium,3.0,42,2,94,0.9414899945259094,True,0.6718147993087769,0.32207560539245605,True,6.99379301071167,3.9525041580200195,True,2.015444278717041,0.9662268161773682,0.28817614070503733,6.334771633148193,3.1674373149871826,True,none
gaussian_medium,3.0,42,2,93,0.7066053152084351,True,0.21536658704280853,0.14092934131622314,True,6.165909767150879,3.0715906620025635,True,0.6460996866226196,0.42278802394866943,0.10478578361049584,6.261746883392334,3.0596554279327393,True,none
gaussian_medium,3.0,42,2,92,0.823928713798523,True,0.38419491052627563,0.1576979160308838,True,6.184261798858643,3.136988401412964,True,1.1525846719741821,0.47309374809265137,0.18637384856293032,6.5816450119018555,3.5666353702545166,True,none
gaussian_medium,3.0,42,2,91,0.7087165117263794,True,0.1746770292520523,0.10479381680488586,True,6.572331428527832,3.3351011276245117,True,0.5240311026573181,0.3143814504146576,0.07973290884002461,6.547094821929932,3.351984977722168,True,none
gaussian_medium,3.0,42,2,90,0.7406481504440308,True,0.5634986162185669,0.2822089195251465,True,6.451546669006348,3.1949188709259033,True,1.6904957294464111,0.8466267585754395,0.2620295281389502,6.582695007324219,3.006121873855591,True,none
gaussian_medium,3.0,42,2,89,1.3176788091659546,True,1.1852097511291504,0.7047791481018066,True,6.423307418823242,2.9074020385742188,True,3.555629253387451,2.11433744430542,0.5535511569891969,6.341916084289551,2.896127939224243,True,none
gaussian_medium,3.0,42,2,88,1.4604977369308472,True,1.3305658102035522,0.8145031332969666,True,6.213023662567139,2.941188335418701,True,3.9916975498199463,2.443509340286255,0.6424726134344042,6.4804205894470215,2.643841505050659,True,none
gaussian_medium,3.0,42,2,87,3.0026700496673584,True,4.819000720977783,2.480294704437256,True,6.437283039093018,2.8400895595550537,True,14.457001686096191,7.440884113311768,2.245823524971316,12.185236930847168,5.517879009246826,True,none
gaussian_medium,3.0,42,2,86,1573.3043212890625,True,534.9728393554688,243.7501678466797,True,11.597545623779297,5.330472946166992,True,1604.9183349609375,731.25048828125,138.3843088032452,1595.9573974609375,728.2026977539062,True,none
gaussian_medium,3.0,42,2,85,85024424.0,True,142665.9375,43982.3828125,True,1521.2210693359375,695.628173828125,True,427997.8125,131947.15625,281.351488700347,426858.84375,131677.890625,True,none
gaussian_medium,3.0,42,2,84,19292124872704.0,True,108378656.0,41990796.0,True,401678.375,123462.53125,True,325135936.0,125972384.0,809.4434658076875,324803168.0,125851160.0,True,none
gaussian_medium,3.0,42,2,83,3.472463878946816e+18,True,30956668928.0,11077819392.0,True,310578560.0,120354824.0,True,92870008832.0,33233457152.0,299.0226010192075,92657631232.0,33113102336.0,True,none
gaussian_medium,3.0,42,2,82,7.189780632314883e+23,True,21424909582336.0,7228488679424.0,True,87495589888.0,31245674496.0,True,64274726649856.0,21685466038272.0,734.6053296186905,64212197965824.0,21666375663616.0,True,none
gaussian_medium,3.0,42,2,81,1.0652810648333596e+29,True,4605010247680000.0,1897597484662784.0,True,61468099739648.0,20892757262336.0,True,1.3815031816781824e+16,5692792319770624.0,224.75124292594467,1.3771182348173312e+16,5680784128081920.0,True,none
gaussian_medium,3.0,42,2,80,1.5281666635035705e+34,True,2.761604047944286e+18,1.3442741861131223e+18,True,1.2963377382948864e+16,5374372571250688.0,True,8.284811868954952e+18,4.032822558339367e+18,639.0936269318383,8.274441825037582e+18,4.0283324277294367e+18,True,none
gaussian_medium,3.0,42,2,79,,False,,,False,7.9230587995213e+18,3.8799970391482696e+18,True,,,,,,False,likelihood_loss
bias_medium,0.3,42,0,99,0.48723235726356506,True,1.098018765449524,0.684412956237793,True,6.631663799285889,2.3310489654541016,True,0.32940566539764404,0.20532388985157013,0.049671647322209765,6.543157577514648,2.3278181552886963,True,none
bias_medium,0.3,42,0,98,0.938996434211731,True,1.522468090057373,0.7476553916931152,True,6.442085266113281,2.39932918548584,True,0.45674043893814087,0.22429662942886353,0.070899471222559,6.401038646697998,2.4363417625427246,True,none
bias_medium,0.3,42,0,97,0.3855045437812805,True,0.31958016753196716,0.12623590230941772,True,6.329594612121582,2.4812798500061035,True,0.09587404876947403,0.03787077218294144,0.015146949314234737,6.3116631507873535,2.467952251434326,True,none
bias_medium,0.3,42,0,96,0.500744104385376,True,0.42431703209877014,0.16118252277374268,True,6.28137731552124,2.427626848220825,True,0.12729512155056,0.04835475981235504,0.02026547923430652,6.2742018699646,2.4356582164764404,True,none
bias_medium,0.3,42,0,95,0.5367658734321594,True,0.6690559983253479,0.32389116287231445,True,6.1180853843688965,2.521324396133423,True,0.2007167935371399,0.09716735035181046,0.03280712525685219,6.144573211669922,2.529236316680908,True,none
bias_medium,0.3,42,0,94,0.47281163930892944,True,0.7965118288993835,0.45968544483184814,True,6.128767967224121,2.5527942180633545,True,0.23895354568958282,0.13790564239025116,0.0389888386976693,6.102147579193115,2.5386393070220947,True,none
bias_medium,0.3,42,0,93,0.41498464345932007,True,0.43082374334335327,0.27596378326416016,True,5.960742473602295,2.405508518218994,True,0.12924711406230927,0.08278913795948029,0.02168305620225509,5.953707218170166,2.4110212326049805,True,none
bias_medium,0.3,42,0,92,0.35895055532455444,True,0.29556798934936523,0.15401428937911987,True,5.785750389099121,2.2723348140716553,True,0.08867040276527405,0.04620428755879402,0.015325652992621633,5.785449028015137,2.2685182094573975,True,none
bias_medium,0.3,42,0,91,0.4490971565246582,True,0.4423132836818695,0.1707059144973755,True,5.74138069152832,2.2031028270721436,True,0.13269399106502533,0.051211778074502945,0.02311186075168269,5.741089820861816,2.1939589977264404,True,none
bias_medium,0.3,42,0,90,0.7117885947227478,True,0.711661696434021,0.31172776222229004,True,5.645485877990723,2.0258922576904297,True,0.21349851787090302,0.09351833164691925,0.03781756300254021,5.685952663421631,2.046780824661255,True,none
bias_medium,0.3,42,0,89,0.4061409831047058,True,0.42583656311035156,0.19901633262634277,True,5.537922382354736,2.1100971698760986,True,0.12775097787380219,0.05970490351319313,0.02306839443630106,5.54481840133667,2.1144967079162598,True,none
bias_medium,0.3,42,0,88,0.5001877546310425,True,0.5382904410362244,0.3373255729675293,True,5.335679054260254,1.98033607006073,True,0.1614871472120285,0.10119767487049103,0.030265528636520857,5.316168785095215,1.9949121475219727,True,none
bias_medium,0.3,42,0,87,0.3256808817386627,True,0.22070473432540894,0.08733780682086945,True,5.232213497161865,1.9627012014389038,True,0.06621142476797104,0.026201343163847923,0.012654572448902127,5.212510585784912,1.9516489505767822,True,none
bias_medium,0.3,42,0,86,0.42036181688308716,True,0.5638049840927124,0.24002349376678467,True,4.896852970123291,1.7564843893051147,True,0.1691415011882782,0.07200705260038376,0.034540857612064484,4.900705337524414,1.7316861152648926,True,none
bias_medium,0.3,42,0,85,0.5079480409622192,True,0.6109203100204468,0.3721332550048828,True,5.02440881729126,1.7285436391830444,True,0.18327611684799194,0.11163998395204544,0.036477150548979924,5.003272533416748,1.705460548400879,True,none
bias_medium,0.3,42,0,84,0.5368648767471313,True,0.6268697381019592,0.3533494472503662,True,4.867895603179932,1.7874703407287598,True,0.1880609393119812,0.10600484162569046,0.03863290313561626,4.8849287033081055,1.8197484016418457,True,none
bias_medium,0.3,42,0,83,0.7585228681564331,True,0.8993269801139832,0.45050597190856934,True,4.897653579711914,1.940527319908142,True,0.2697981297969818,0.13515180349349976,0.05508722195349647,4.914034366607666,1.9513133764266968,True,none
bias_medium,0.3,42,0,82,0.3940146267414093,True,0.4171851873397827,0.2040715217590332,True,5.141599655151367,2.1190459728240967,True,0.12515556812286377,0.06122145801782608,0.024341756752190167,5.167578220367432,2.1350035667419434,True,none
bias_medium,0.3,42,0,81,0.3047598898410797,True,0.2758447229862213,0.14119386672973633,True,5.181868553161621,2.10664439201355,True,0.08275341987609863,0.0423581600189209,0.015969802982669676,5.184841156005859,2.0947468280792236,True,none
bias_medium,0.3,42,0,80,0.33712732791900635,True,0.32835692167282104,0.17977488040924072,True,5.242500305175781,2.0430972576141357,True,0.09850709140300751,0.053932465612888336,0.018790097409385993,5.245880603790283,2.0355169773101807,True,none
bias_medium,0.3,42,0,79,0.33997780084609985,True,0.313755601644516,0.14566367864608765,True,5.1613593101501465,2.181440830230713,True,0.09412668645381927,0.043699104338884354,0.018236801741102353,5.1779398918151855,2.190939426422119,True,none
bias_medium,0.3,42,0,78,0.2852076590061188,True,0.3209042251110077,0.14796346426010132,True,4.977521896362305,2.050649642944336,True,0.09627126902341843,0.044389039278030396,0.019341204524636346,4.978914260864258,2.055579662322998,True,none
bias_medium,0.3,42,0,77,0.2519981861114502,True,0.10722842067480087,0.043695930391550064,True,5.037498950958252,2.216907262802124,True,0.03216852620244026,0.013108779676258564,0.006385812982911819,5.0309062004089355,2.2083866596221924,True,none
bias_medium,0.3,42,0,76,0.4703785479068756,True,0.7430941462516785,0.4575260877609253,True,5.055139064788818,2.06933331489563,True,0.2229282557964325,0.13725782930850983,0.044099331974698376,5.077847957611084,2.0722508430480957,True,none
bias_medium,0.3,42,0,75,0.2886844575405121,True,0.21670277416706085,0.07389578223228455,True,4.946757793426514,2.0520310401916504,True,0.06501083821058273,0.022168735042214394,0.013142110635972329,4.917851448059082,2.029862403869629,True,none
bias_medium,0.3,42,0,74,0.3177148401737213,True,0.2473764717578888,0.13306313753128052,True,4.869087219238281,2.131227493286133,True,0.074212945997715,0.039918944239616394,0.01524165467902824,4.881162643432617,2.134972333908081,True,none
bias_medium,0.3,42,0,73,0.38955143094062805,True,0.4617646634578705,0.255104660987854,True,4.7195563316345215,1.9640005826950073,True,0.13852940499782562,0.07653140276670456,0.029352209246715243,4.694055080413818,1.9459704160690308,True,none
bias_medium,0.3,42,0,72,0.36174431443214417,True,0.30690762400627136,0.12958097457885742,True,4.560152053833008,2.043339490890503,True,0.09207230061292648,0.038874294608831406,0.020190620735007176,4.530435085296631,2.0263426303863525,True,none
bias_medium,0.3,42,0,71,0.6059566736221313,True,0.7620973587036133,0.37104249000549316,True,4.634378433227539,2.061947822570801,True,0.2286292016506195,0.11131275445222855,0.049333304335128496,4.66349458694458,2.068908452987671,True,none
bias_medium,0.3,42,0,70,0.32035109400749207,True,0.26588550209999084,0.11016154289245605,True,4.64107608795166,1.8695589303970337,True,0.07976564764976501,0.033048465847969055,0.017186886432829937,4.637041091918945,1.8564095497131348,True,none
bias_medium,0.3,42,0,69,0.27863240242004395,True,0.27619829773902893,0.11108192801475525,True,4.611315727233887,1.892602801322937,True,0.08285950124263763,0.033324580639600754,0.017968733034969004,4.597171783447266,1.8989455699920654,True,none
bias_medium,0.3,42,0,68,0.38727322220802307,True,0.5455912947654724,0.33159172534942627,True,4.5425567626953125,1.8730416297912598,True,0.1636774092912674,0.09947752207517624,0.03603200088447851,4.494344711303711,1.8574813604354858,True,none
bias_medium,0.3,42,0,67,0.2763389050960541,True,0.1930985301733017,0.07733452320098877,True,4.546152114868164,1.8068822622299194,True,0.05792955681681633,0.02320035733282566,0.012742546961274196,4.528922080993652,1.7989574670791626,True,none
bias_medium,0.3,42,0,66,0.26680508255958557,True,0.20689523220062256,0.07354605942964554,True,4.491649627685547,1.7936958074569702,True,0.06206856667995453,0.02206381782889366,0.013818657247298104,4.485335826873779,1.7808668613433838,True,none
bias_medium,0.3,42,0,65,0.2700749635696411,True,0.20929905772209167,0.08423852920532227,True,4.586440086364746,1.9221447706222534,True,0.06278971582651138,0.02527155913412571,0.013690294573599323,4.559798240661621,1.906315803527832,True,none
bias_medium,0.3,42,0,64,0.31595322489738464,True,0.2805858850479126,0.0795753002166748,True,4.604996204376221,1.97622549533844,True,0.08417576551437378,0.02387259155511856,0.01827922581876649,4.579619407653809,1.9545512199401855,True,none
bias_medium,0.3,42,0,63,0.30334967374801636,True,0.18717148900032043,0.07014358043670654,True,4.416947364807129,1.8695800304412842,True,0.05615144595503807,0.021043075248599052,0.012712726984800117,4.392598628997803,1.8485369682312012,True,none
bias_medium,0.3,42,0,62,0.2700251638889313,True,0.19984237849712372,0.07705986499786377,True,4.412058353424072,1.8891940116882324,True,0.059952717274427414,0.02311795949935913,0.013588378138264249,4.3830437660217285,1.8660759925842285,True,none
bias_medium,0.3,42,0,61,0.32937443256378174,True,0.22287142276763916,0.08832355588674545,True,4.133584499359131,1.754141926765442,True,0.06686142832040787,0.026497067883610725,0.01617516911309249,4.106887340545654,1.7476383447647095,True,none
bias_medium,0.3,42,0,60,0.2493799477815628,True,0.23592741787433624,0.10939526557922363,True,4.222836494445801,1.7368139028549194,True,0.07077822834253311,0.03281858190894127,0.016760826149818806,4.199138164520264,1.7272453308105469,True,none
bias_medium,0.3,42,0,59,0.2832973301410675,True,0.3570297956466675,0.15730345249176025,True,4.040693759918213,1.7244974374771118,True,0.1071089506149292,0.047191038727760315,0.026507564536905334,3.992478609085083,1.720197319984436,True,none
bias_medium,0.3,42,0,58,0.30489951372146606,True,0.3364739418029785,0.15378597378730774,True,4.053924560546875,1.5712838172912598,True,0.10094218701124191,0.0461357943713665,0.024899868141009484,4.030882835388184,1.5652801990509033,True,none
bias_medium,0.3,42,0,57,0.30003786087036133,True,0.27159544825553894,0.10484957695007324,True,4.127086162567139,1.733842372894287,True,0.08147864788770676,0.03145487606525421,0.019742415030415912,4.086713790893555,1.7023874521255493,True,none
bias_medium,0.3,42,0,56,0.2718026041984558,True,0.2852764129638672,0.0976683497428894,True,4.0362725257873535,1.7305690050125122,True,0.0855829268693924,0.02930050529539585,0.02120345599128656,3.9908828735351562,1.7012685537338257,True,none
bias_medium,0.3,42,0,55,0.26016929745674133,True,0.33786654472351074,0.18320631980895996,True,3.89687442779541,1.8013324737548828,True,0.10135997086763382,0.05496189743280411,0.026010581748447684,3.864105701446533,1.7698973417282104,True,none
bias_medium,0.3,42,0,54,0.30275020003318787,True,0.4906997084617615,0.25138115882873535,True,3.7592477798461914,1.713369369506836,True,0.14720991253852844,0.07541435211896896,0.03915940665781609,3.735924243927002,1.6850961446762085,True,none
bias_medium,0.3,42,0,53,0.28874507546424866,True,0.2940695881843567,0.12165892124176025,True,3.8689703941345215,1.7548283338546753,True,0.08822087943553925,0.036497678607702255,0.022802159346905836,3.8370754718780518,1.725431203842163,True,none
bias_medium,0.3,42,0,52,0.2893449068069458,True,0.2847231924533844,0.12597821652889252,True,3.8490242958068848,1.6026747226715088,True,0.08541695773601532,0.037793464958667755,0.022191846860786537,3.8147761821746826,1.5648812055587769,True,none
bias_medium,0.3,42,0,51,0.3159961700439453,True,0.4374699294567108,0.17194779217243195,True,3.7417166233062744,1.6714887619018555,True,0.13124097883701324,0.05158434063196182,0.035075071698243775,3.6944925785064697,1.6199043989181519,True,none
bias_medium,0.3,42,0,50,0.3522148132324219,True,0.5292410850524902,0.2902545928955078,True,3.506161689758301,1.4281076192855835,True,0.1587723344564438,0.08707638084888458,0.04528380277503504,3.4737396240234375,1.3867040872573853,True,none
bias_medium,0.3,42,0,49,0.2606204152107239,True,0.24769853055477142,0.15302753448486328,True,3.3777594566345215,1.3745179176330566,True,0.07430955767631531,0.045908261090517044,0.021999659428185773,3.3418264389038086,1.3286097049713135,True,none
bias_medium,0.3,42,0,48,0.2109072208404541,True,0.21402737498283386,0.1274687945842743,True,3.3676846027374268,1.2875337600708008,True,0.06420821696519852,0.038240641355514526,0.01906598287529293,3.338294267654419,1.2492930889129639,True,none
bias_medium,0.3,42,0,47,0.3015602231025696,True,0.6852641105651855,0.4539191722869873,True,3.2908496856689453,1.2982323169708252,True,0.2055792510509491,0.1361757516860962,0.06246996085726645,3.2432923316955566,1.24593186378479,True,none
bias_medium,0.3,42,0,46,0.21592290699481964,True,0.33791986107826233,0.1526697874069214,True,3.1936194896698,1.2556629180908203,True,0.10137595981359482,0.045800939202308655,0.03174328066993501,3.155301570892334,1.2144752740859985,True,none
bias_medium,0.3,42,0,45,0.20523986220359802,True,0.46948954463005066,0.2274467945098877,True,3.1607892513275146,1.4712122678756714,True,0.1408468633890152,0.06823404133319855,0.04456066260343542,3.123009204864502,1.4292246103286743,True,none
bias_medium,0.3,42,0,44,0.18470928072929382,True,0.2620914578437805,0.11714687943458557,True,3.165334701538086,1.3894160985946655,True,0.07862744480371475,0.03514406457543373,0.024840167697110702,3.1347382068634033,1.3542720079421997,True,none
bias_medium,0.3,42,0,43,0.22377434372901917,True,0.34875401854515076,0.13843783736228943,True,2.944239854812622,1.251255989074707,True,0.10462620109319687,0.04153135418891907,0.035535895936650845,2.9129464626312256,1.2097246646881104,True,none
bias_medium,0.3,42,0,42,0.1929420530796051,True,0.22205577790737152,0.10314594209194183,True,2.703214168548584,1.251126766204834,True,0.0666167363524437,0.03094378300011158,0.02464352885076326,2.6814916133880615,1.2222042083740234,True,none
bias_medium,0.3,42,0,41,0.19493523240089417,True,0.3078988492488861,0.12258423119783401,True,2.5278913974761963,1.063981533050537,True,0.09236966073513031,0.03677527233958244,0.03654020138179752,2.50146222114563,1.0416957139968872,True,none
bias_medium,0.3,42,0,40,0.20257723331451416,True,0.48062729835510254,0.2055760622024536,True,2.5944337844848633,1.170304536819458,True,0.14418819546699524,0.06167282164096832,0.05557597820734858,2.5728485584259033,1.1484405994415283,True,none
bias_medium,0.3,42,0,39,0.18455402553081512,True,0.3196260333061218,0.13332927227020264,True,2.535256862640381,1.0648257732391357,True,0.09588780999183655,0.03999878466129303,0.037821733728366655,2.515784502029419,1.0414050817489624,True,none
bias_medium,0.3,42,0,38,0.2500206530094147,True,0.8103246092796326,0.35309261083602905,True,2.4829702377319336,0.9331398010253906,True,0.24309740960597992,0.10592778772115707,0.09790588945115149,2.4527602195739746,0.895065426826477,True,none
bias_medium,0.3,42,0,37,0.26140132546424866,True,0.9288947582244873,0.5746029615402222,True,2.4776158332824707,0.9856390357017517,True,0.27866843342781067,0.17238089442253113,0.11247443194553054,2.425337553024292,0.957023561000824,True,none
bias_medium,0.3,42,0,36,0.1707368642091751,True,0.22581011056900024,0.10905668139457703,True,2.400524139404297,0.9927994608879089,True,0.06774303317070007,0.03271700441837311,0.02822010079327203,2.371234178543091,0.960082471370697,True,none
bias_medium,0.3,42,0,35,0.2009722739458084,True,0.3721884489059448,0.16265854239463806,True,2.174783706665039,0.8977718949317932,True,0.1116565391421318,0.04879756644368172,0.051341445496344174,2.148632526397705,0.8719454407691956,True,none
bias_medium,0.3,42,0,34,0.18382275104522705,True,0.4002733826637268,0.19734448194503784,True,2.1356804370880127,0.7639334201812744,True,0.12008200585842133,0.05920334532856941,0.056226579488688005,2.114920139312744,0.7628377676010132,True,none
bias_medium,0.3,42,0,33,0.15083633363246918,True,0.4566115438938141,0.21620696783065796,True,2.00333309173584,0.8248803019523621,True,0.1369834691286087,0.06486209481954575,0.06837777985779062,1.9720500707626343,0.8123982548713684,True,none
bias_medium,0.3,42,0,32,0.17930462956428528,True,0.5408489108085632,0.2374032735824585,True,1.995207667350769,0.8220293521881104,True,0.1622546911239624,0.07122098654508591,0.08132220709602744,1.9709877967834473,0.7986395359039307,True,none
bias_medium,0.3,42,0,31,0.16014464199543,True,0.40156489610671997,0.17781394720077515,True,1.8174628019332886,0.6460980772972107,True,0.12046948075294495,0.05334418639540672,0.06628442718317631,1.7933536767959595,0.6234877705574036,True,none
bias_medium,0.3,42,0,30,0.1752493679523468,True,0.6060038805007935,0.3495410084724426,True,1.7647022008895874,0.6543548703193665,True,0.18180115520954132,0.10486230999231339,0.10302086953696336,1.7693856954574585,0.6334049701690674,True,none
bias_medium,0.3,42,0,29,0.1915876418352127,True,0.6219455003738403,0.3820050358772278,True,1.8181952238082886,0.6767180562019348,True,0.18658365309238434,0.1146015152335167,0.10262025257192908,1.8021043539047241,0.7094431519508362,True,none
bias_medium,0.3,42,0,28,0.13709712028503418,True,0.31325092911720276,0.15177536010742188,True,1.8375778198242188,0.5809858441352844,True,0.09397527575492859,0.04553261026740074,0.05114084135161527,1.819445013999939,0.5881780982017517,True,none
bias_medium,0.3,42,0,27,0.19474230706691742,True,0.717442512512207,0.4241943955421448,True,1.7135415077209473,0.5709408521652222,True,0.2152327448129654,0.1272583305835724,0.12560696303126306,1.6973652839660645,0.5692383646965027,True,none
bias_medium,0.3,42,0,26,0.13788285851478577,True,0.3880593478679657,0.1896895170211792,True,1.7126377820968628,0.5631411075592041,True,0.11641780287027359,0.05690685659646988,0.06797572965351134,1.6833823919296265,0.5700127482414246,True,none
bias_medium,0.3,42,0,25,0.1266419142484665,True,0.3468526005744934,0.2125949114561081,True,1.6352373361587524,0.5066136717796326,True,0.10405578464269638,0.06377847492694855,0.06363344472495018,1.622437834739685,0.5040095448493958,True,none
bias_medium,0.3,42,0,24,0.2288537323474884,True,1.0807154178619385,0.617016077041626,True,1.5329997539520264,0.5360636115074158,True,0.3242146670818329,0.1851048320531845,0.21149035819856193,1.504893183708191,0.5048214197158813,True,none
bias_medium,0.3,42,0,23,0.1369110643863678,True,0.5448441505432129,0.32334819436073303,True,1.5946097373962402,0.5486434102058411,True,0.16345323622226715,0.0970044657588005,0.10250359845980835,1.565495252609253,0.5636860728263855,True,none
bias_medium,0.3,42,0,22,0.1841457337141037,True,0.9608036875724792,0.5796416401863098,True,1.6594114303588867,0.540519118309021,True,0.28824111819267273,0.17389249801635742,0.17370081519214323,1.6825517416000366,0.5673430562019348,True,none
bias_medium,0.3,42,0,21,0.38169586658477783,True,1.9321612119674683,1.3487954139709473,True,1.7076692581176758,0.5664503574371338,True,0.5796484351158142,0.4046386480331421,0.3394383498795357,1.6460895538330078,0.5677517652511597,True,none
bias_medium,0.3,42,0,20,0.33934903144836426,True,1.9998246431350708,1.204362392425537,True,1.6015853881835938,0.6574234962463379,True,0.5999473929405212,0.3613087236881256,0.3745959455964849,1.5873384475708008,0.6271833181381226,True,none
bias_medium,0.3,42,0,19,0.5293368101119995,True,2.677452802658081,1.7583122253417969,True,1.4590365886688232,0.6671569347381592,True,0.8032359480857849,0.5274937152862549,0.5505248835590068,1.4738554954528809,0.6437023878097534,True,none
bias_medium,0.3,42,0,18,0.8418388366699219,True,3.4521148204803467,2.200955867767334,True,1.464280366897583,0.5920836329460144,True,1.0356343984603882,0.6602867841720581,0.707265098864852,1.4857794046401978,0.5306055545806885,True,none
bias_medium,0.3,42,0,17,1.5060594081878662,True,6.234384536743164,4.352013111114502,True,1.3287432193756104,0.43417155742645264,True,1.8703153133392334,1.3056039810180664,1.4075822070548027,1.972158670425415,1.0280072689056396,True,none
bias_medium,0.3,42,0,16,9.716165542602539,True,16.111915588378906,10.713445663452148,True,1.8772375583648682,0.9302296042442322,True,4.833575248718262,3.214033842086792,2.5748340838257464,3.6245148181915283,2.283804178237915,True,none
bias_medium,0.3,42,0,15,55.9805908203125,True,44.777896881103516,28.288551330566406,True,3.444669485092163,2.209904193878174,True,13.433369636535645,8.486565589904785,3.899755751507849,11.59713363647461,6.276661396026611,True,none
bias_medium,0.3,42,0,14,1309.271728515625,True,259.80963134765625,127.91948699951172,True,11.003281593322754,6.017230987548828,True,77.94288635253906,38.37584686279297,7.083603713262319,67.95748901367188,32.35861587524414,True,none
bias_medium,0.3,42,0,13,62666.7265625,True,2015.3349609375,819.52783203125,True,64.44136810302734,31.196260452270508,True,604.6005249023438,245.8583526611328,9.382180153837103,544.79736328125,216.6785888671875,True,none
bias_medium,0.3,42,0,12,4901909.0,True,18768.138671875,6867.06640625,True,518.3192749023438,207.33457946777344,True,5630.44189453125,2060.1201171875,10.862883491245945,5134.701171875,1922.4345703125,True,none
bias_medium,0.3,42,0,11,478696608.0,True,188950.046875,69415.265625,True,4866.6064453125,1845.4659423828125,True,56685.01171875,20824.580078125,11.647749279859852,51889.484375,19019.0546875,True,none
bias_medium,0.3,42,0,10,55271579648.0,True,2170524.5,783525.125,True,49305.3359375,18125.072265625,True,651157.375,235057.546875,13.206630937986397,602837.75,217413.171875,True,none
bias_medium,0.3,42,0,9,7746384560128.0,True,25873108.0,8926289.0,True,570799.125,209163.546875,True,7761933.0,2677886.75,13.598361770438943,7195555.0,2494144.0,True,none
bias_medium,0.3,42,0,8,1247729338548224.0,True,348725024.0,123127712.0,True,6837191.5,2375959.0,True,104617512.0,36938316.0,15.301240575168913,97819760.0,34618844.0,True,none
bias_medium,0.3,42,0,7,2.3842808287094374e+17,True,4890974720.0,1644503552.0,True,92652232.0,33316130.0,True,1467292416.0,493351072.0,15.836557677315318,1375005056.0,464014592.0,True,none
bias_medium,0.3,42,0,6,5.223306513759181e+19,True,76183601152.0,26211481600.0,True,1307251072.0,442148128.0,True,22855079936.0,7863444992.0,17.483313210088536,21551353856.0,7427636224.0,True,none
bias_medium,0.3,42,0,5,1.334956776365181e+22,True,1240551391232.0,411372060672.0,True,20434259968.0,7151840256.0,True,372165378048.0,123411619840.0,18.212814099008725,351766347776.0,116917739520.0,True,none
bias_medium,0.3,42,0,4,3.8858360386252845e+24,True,22117422727168.0,7433909960704.0,True,334911700992.0,111564038144.0,True,6635227447296.0,2230173040640.0,19.811871092119578,6300663021568.0,2119666368512.0,True,none
bias_medium,0.3,42,0,3,1.303093053910007e+27,True,413878651453440.0,134292839596032.0,True,5987301851136.0,2044036775936.0,True,124163595436032.0,40287854395392.0,20.73782122951991,118181133811712.0,38243819061248.0,True,none
bias_medium,0.3,42,0,2,4.9439240510945065e+29,True,8369137302634496.0,2757615427780608.0,True,112914321113088.0,36984932270080.0,True,2510741244477440.0,827284655177728.0,22.235808706345026,2397855545294848.0,790299752267776.0,True,none
bias_medium,0.3,42,0,1,2.138860767710004e+32,True,1.784239022323794e+17,5.738416039369114e+16,True,2295134154653696.0,766074995867648.0,True,5.352716809273344e+16,1.72152489771008e+16,23.322021496739023,5.123261617458381e+16,1.6449173914124288e+16,True,none
bias_medium,0.3,42,0,0,1.0405880343633175e+35,True,4.0624335059870024e+18,1.3087620221202596e+18,True,4.9860275339264e+16,1.612507353448448e+16,True,1.2187301617472635e+18,3.926286272519209e+17,24.442908777672496,1.1688726695468073e+18,3.765035676760801e+17,True,none
bias_medium,0.3,42,1,99,1.037401795387268,True,1.1568223237991333,0.4687790870666504,True,6.6245927810668945,2.3209433555603027,True,0.34704670310020447,0.1406337320804596,0.052387628125914784,6.424580097198486,2.2364330291748047,True,none
bias_medium,0.3,42,1,98,0.48032164573669434,True,0.6626434326171875,0.29730224609375,True,6.312032699584961,2.299403429031372,True,0.19879305362701416,0.08919067680835724,0.03149430034480874,6.2132134437561035,2.238917589187622,True,none
bias_medium,0.3,42,1,97,0.5598825216293335,True,0.6903766989707947,0.4243793487548828,True,6.1483893394470215,2.275245428085327,True,0.20711302757263184,0.12731380760669708,0.03368573721312607,6.09365701675415,2.2338786125183105,True,none
bias_medium,0.3,42,1,96,0.3263035714626312,True,0.6422165632247925,0.3669443130493164,True,6.070096492767334,2.1880545616149902,True,0.1926649659872055,0.11008329689502716,0.03174001701896151,6.021063327789307,2.1703040599823,True,none
bias_medium,0.3,42,1,95,0.3659074306488037,True,0.7661382555961609,0.34060096740722656,True,5.844851016998291,2.2371826171875,True,0.22984150052070618,0.10218029469251633,0.03932375690196896,5.803181171417236,2.215811014175415,True,none
bias_medium,0.3,42,1,94,0.1189802885055542,True,0.28243905305862427,0.20556288957595825,True,5.772681713104248,2.234175205230713,True,0.08473172038793564,0.061668869107961655,0.014678051657616273,5.742225646972656,2.231785774230957,True,none
bias_medium,0.3,42,1,93,0.22839292883872986,True,0.34047579765319824,0.11651401221752167,True,5.608567237854004,2.093472480773926,True,0.10214275121688843,0.03495420515537262,0.018211915251274212,5.582608222961426,2.064221143722534,True,none
bias_medium,0.3,42,1,92,0.34600749611854553,True,0.5870290994644165,0.28472304344177246,True,5.432190418243408,1.9218571186065674,True,0.1761087328195572,0.08541691303253174,0.03241946972773325,5.358677387237549,1.8888580799102783,True,none
bias_medium,0.3,42,1,91,0.15947863459587097,True,0.31761959195137024,0.20984762907028198,True,5.299437522888184,2.016310691833496,True,0.09528588503599167,0.06295429170131683,0.017980377091801822,5.259543418884277,2.0011916160583496,True,none
bias_medium,0.3,42,1,90,0.08554583042860031,True,0.12677183747291565,0.06817825138568878,True,5.1588134765625,2.001694917678833,True,0.038031551986932755,0.020453475415706635,0.007372151011024177,5.142096996307373,1.9990322589874268,True,none
bias_medium,0.3,42,1,89,0.09266544878482819,True,0.13957998156547546,0.09127196669578552,True,5.01223087310791,2.0062386989593506,True,0.0418739914894104,0.027381591498851776,0.008354362069406719,4.997539043426514,2.0041275024414062,True,none
bias_medium,0.3,42,1,88,0.139619380235672,True,0.23004388809204102,0.13139194250106812,True,4.841222763061523,1.9770759344100952,True,0.06901317089796066,0.039417583495378494,0.01425531818624752,4.823981761932373,1.9654439687728882,True,none
bias_medium,0.3,42,1,87,0.07917843759059906,True,0.09720834344625473,0.04578574001789093,True,4.768234729766846,2.08892560005188,True,0.02916250377893448,0.013735722750425339,0.00611599584157937,4.763396739959717,2.0855441093444824,True,none
bias_medium,0.3,42,1,86,0.10650293529033661,True,0.10402598977088928,0.03078639507293701,True,4.498313903808594,1.9643769264221191,True,0.031207796186208725,0.009235918521881104,0.0069376652793792445,4.498020172119141,1.9551410675048828,True,none
bias_medium,0.3,42,1,85,0.10094370692968369,True,0.09521925449371338,0.05227157473564148,True,4.698204040527344,1.9517920017242432,True,0.0285657811909914,0.015681473538279533,0.0060801491260432765,4.683839797973633,1.9419749975204468,True,none
bias_medium,0.3,42,1,84,0.1344207525253296,True,0.14142507314682007,0.07021525502204895,True,4.565467357635498,1.9991594552993774,True,0.04242752492427826,0.021064577624201775,0.009293139475263407,4.545464992523193,1.9879496097564697,True,none
bias_medium,0.3,42,1,83,0.19114258885383606,True,0.3153620660305023,0.11738085746765137,True,4.579036712646484,2.1819186210632324,True,0.09460862725973129,0.03521426022052765,0.020661251087683668,4.536795139312744,2.1703600883483887,True,none
bias_medium,0.3,42,1,82,0.12862740457057953,True,0.20638136565685272,0.08781421184539795,True,4.744146823883057,2.1046972274780273,True,0.06191440671682358,0.026344263926148415,0.013050693626327093,4.740391254425049,2.1073529720306396,True,none
bias_medium,0.3,42,1,81,0.17922036349773407,True,0.22948497533798218,0.08948171138763428,True,4.770232200622559,1.986037015914917,True,0.0688454881310463,0.026844514533877373,0.014432313823642988,4.76537561416626,1.9888583421707153,True,none
bias_medium,0.3,42,1,80,0.13325344026088715,True,0.1398257613182068,0.0695539265871048,True,4.851341247558594,2.03955340385437,True,0.041947729885578156,0.02086617797613144,0.008646625282581272,4.839869022369385,2.031398057937622,True,none
bias_medium,0.3,42,1,79,0.16829781234264374,True,0.19215340912342072,0.1185828447341919,True,4.762824535369873,1.8288590908050537,True,0.0576460175216198,0.03557485342025757,0.012103325892758508,4.745976448059082,1.834642767906189,True,none
bias_medium,0.3,42,1,78,0.1405855119228363,True,0.12555520236492157,0.04848620295524597,True,4.539074897766113,1.677310585975647,True,0.03766656294465065,0.014545861631631851,0.008298290685438962,4.5282793045043945,1.6658345460891724,True,none
bias_medium,0.3,42,1,77,0.1296248883008957,True,0.24035491049289703,0.09321027994155884,True,4.59194803237915,1.6522181034088135,True,0.07210648059844971,0.02796308510005474,0.015702808500878147,4.589399814605713,1.6529401540756226,True,none
bias_medium,0.3,42,1,76,0.19420358538627625,True,0.43478870391845703,0.18855327367782593,True,4.6489691734313965,1.6554181575775146,True,0.13043659925460815,0.05656598508358002,0.028057101346255015,4.6343607902526855,1.6067692041397095,True,none
bias_medium,0.3,42,1,75,0.1450597047805786,True,0.13701343536376953,0.05752848461270332,True,4.4730610847473145,1.520529866218567,True,0.0411040335893631,0.017258545383810997,0.009189240390549216,4.4747633934021,1.5262855291366577,True,none
bias_medium,0.3,42,1,74,0.13120868802070618,True,0.06551927328109741,0.026741623878479004,True,4.425581932067871,1.6278043985366821,True,0.019655782729387283,0.008022487163543701,0.004441400708674395,4.419693946838379,1.626572847366333,True,none
bias_medium,0.3,42,1,73,0.13863392174243927,True,0.2115660011768341,0.1067776083946228,True,4.296860694885254,1.6425046920776367,True,0.06346980482339859,0.0320332832634449,0.014771203753227274,4.262406349182129,1.643486499786377,True,none
bias_medium,0.3,42,1,72,0.1263284981250763,True,0.10461189597845078,0.0500490665435791,True,4.181151390075684,1.753502607345581,True,0.03138357028365135,0.015014720149338245,0.007505963634355696,4.17165994644165,1.7537771463394165,True,none
bias_medium,0.3,42,1,71,0.1485840529203415,True,0.21616870164871216,0.08725547790527344,True,4.229931354522705,1.7451837062835693,True,0.06485061347484589,0.02617664448916912,0.01533136309777021,4.215567588806152,1.740154504776001,True,none
bias_medium,0.3,42,1,70,0.14069151878356934,True,0.1047334223985672,0.04509258270263672,True,4.19053316116333,1.7661508321762085,True,0.0314200296998024,0.013527775183320045,0.007497859697421513,4.1767730712890625,1.7553550004959106,True,none
bias_medium,0.3,42,1,69,0.15005116164684296,True,0.29399579763412476,0.18300408124923706,True,4.164048671722412,1.674102544784546,True,0.08819874376058578,0.05490122735500336,0.02118100692710736,4.135533809661865,1.6518231630325317,True,none
bias_medium,0.3,42,1,68,0.10860051959753036,True,0.08910196274518967,0.03741684556007385,True,4.174111366271973,1.602371096611023,True,0.02673058956861496,0.011225054040551186,0.006403899470579403,4.159419059753418,1.5952413082122803,True,none
bias_medium,0.3,42,1,67,0.1352512091398239,True,0.19124630093574524,0.07123202085494995,True,4.223991870880127,1.6403517723083496,True,0.05737389251589775,0.021369606256484985,0.013582860542752305,4.2093000411987305,1.6278586387634277,True,none
bias_medium,0.3,42,1,66,0.12753047049045563,True,0.15018323063850403,0.06562411785125732,True,4.158060550689697,1.6500117778778076,True,0.04505497217178345,0.019687235355377197,0.01083557385048165,4.154796600341797,1.642566204071045,True,none
bias_medium,0.3,42,1,65,0.163045734167099,True,0.29500967264175415,0.15315693616867065,True,4.2787394523620605,1.6268267631530762,True,0.088502898812294,0.045947082340717316,0.020684339347518732,4.267650604248047,1.6216257810592651,True,none
bias_medium,0.3,42,1,64,0.17060762643814087,True,0.31824880838394165,0.17470526695251465,True,4.317452907562256,1.7262928485870361,True,0.09547466039657593,0.052411582320928574,0.02211365414763985,4.291928291320801,1.7198165655136108,True,none
bias_medium,0.3,42,1,63,0.16092590987682343,True,0.2233758121728897,0.0924883484840393,True,4.139217376708984,1.767785668373108,True,0.06701274961233139,0.02774650603532791,0.016189714990420677,4.121583938598633,1.7635042667388916,True,none
bias_medium,0.3,42,1,62,0.14199809730052948,True,0.16344097256660461,0.07830807566642761,True,4.114534854888916,1.7894001007080078,True,0.049032293260097504,0.023492423817515373,0.011916849653570222,4.110443592071533,1.7828669548034668,True,none
bias_medium,0.3,42,1,61,0.12908336520195007,True,0.12317362427711487,0.03918178379535675,True,3.8547699451446533,1.74294912815094,True,0.03695208951830864,0.0117545360699296,0.009586068700375424,3.8455097675323486,1.7360022068023682,True,none
bias_medium,0.3,42,1,60,0.16397665441036224,True,0.2715126872062683,0.13249742984771729,True,3.9618914127349854,1.8754531145095825,True,0.08145381510257721,0.039749231189489365,0.020559325488006545,3.9512693881988525,1.8603754043579102,True,none
bias_medium,0.3,42,1,59,0.1629827469587326,True,0.33455583453178406,0.17781507968902588,True,3.812157154083252,1.8550282716751099,True,0.1003667488694191,0.05334452539682388,0.02632807222070806,3.799471378326416,1.8368514776229858,True,none
bias_medium,0.3,42,1,58,0.12132565677165985,True,0.11788366734981537,0.04254236817359924,True,3.8183557987213135,1.6877952814102173,True,0.03536510095000267,0.012762711383402348,0.009261866314772561,3.801757335662842,1.675032615661621,True,none
bias_medium,0.3,42,1,57,0.13501587510108948,True,0.10496427118778229,0.043742358684539795,True,3.907707452774048,1.6816680431365967,True,0.03148927912116051,0.013122708536684513,0.008058248858623867,3.8935978412628174,1.6780016422271729,True,none
bias_medium,0.3,42,1,56,0.350207656621933,True,0.6136065125465393,0.3664736747741699,True,3.8217992782592773,1.650617003440857,True,0.18408195674419403,0.10994210839271545,0.04816630684696503,3.8101165294647217,1.6310492753982544,True,none
bias_medium,0.3,42,1,55,0.1969490349292755,True,0.4393307566642761,0.212368905544281,True,3.72636079788208,1.5801746845245361,True,0.13179923593997955,0.06371067464351654,0.03536942424224025,3.728783130645752,1.58538019657135,True,none
bias_medium,0.3,42,1,54,0.189410999417305,True,0.3636811375617981,0.175223708152771,True,3.617241859436035,1.5162802934646606,True,0.10910433530807495,0.05256711319088936,0.03016230032377632,3.6033945083618164,1.5300986766815186,True,none
bias_medium,0.3,42,1,53,0.19313320517539978,True,0.34448033571243286,0.1305025815963745,True,3.7427494525909424,1.5861092805862427,True,0.10334410518407822,0.039150774478912354,0.02761181492191789,3.7492566108703613,1.5963644981384277,True,none
bias_medium,0.3,42,1,52,0.15411892533302307,True,0.2086174190044403,0.07748261094093323,True,3.7936935424804688,1.45975923538208,True,0.06258522719144821,0.023244783282279968,0.016497175243762832,3.787055492401123,1.4655656814575195,True,none
bias_medium,0.3,42,1,51,0.19384674727916718,True,0.46130886673927307,0.20953220129013062,True,3.6905226707458496,1.5567744970321655,True,0.13839265704154968,0.0628596618771553,0.03749947348610738,3.6617729663848877,1.554937720298767,True,none
bias_medium,0.3,42,1,50,0.1668982356786728,True,0.23241326212882996,0.10375350713729858,True,3.458555221557617,1.3436646461486816,True,0.06972398608922958,0.031126054003834724,0.020159859138466518,3.456085681915283,1.3500415086746216,True,none
bias_medium,0.3,42,1,49,0.17720362544059753,True,0.4544665515422821,0.2263118028640747,True,3.3324718475341797,1.3186275959014893,True,0.1363399624824524,0.06789354234933853,0.04091256242218355,3.328272819519043,1.3228150606155396,True,none
bias_medium,0.3,42,1,48,0.14598336815834045,True,0.1918143332004547,0.0694904774427414,True,3.361229419708252,1.2622897624969482,True,0.05754430592060089,0.020847143605351448,0.017120017331509165,3.3351426124572754,1.2633525133132935,True,none
bias_medium,0.3,42,1,47,0.1574535369873047,True,0.2560173273086548,0.11469227075576782,True,3.3137118816375732,1.292584776878357,True,0.07680519670248032,0.034407682716846466,0.023177994782244457,3.2943592071533203,1.2901854515075684,True,none
bias_medium,0.3,42,1,46,0.1295100748538971,True,0.16477996110916138,0.06423747539520264,True,3.237407684326172,1.2785136699676514,True,0.04943399131298065,0.01927124336361885,0.015269621911475286,3.2277257442474365,1.2813369035720825,True,none
bias_medium,0.3,42,1,45,0.1294127106666565,True,0.15307588875293732,0.0453791618347168,True,3.2264184951782227,1.5172197818756104,True,0.04592277109622955,0.013613749295473099,0.014233358494828059,3.219897508621216,1.517350435256958,True,none
bias_medium,0.3,42,1,44,0.11960349977016449,True,0.15554574131965637,0.04470278322696686,True,3.212939739227295,1.4525924921035767,True,0.04666372388601303,0.013410835526883602,0.014523684747732316,3.2082056999206543,1.4554506540298462,True,none
bias_medium,0.3,42,1,43,0.1408519744873047,True,0.22166559100151062,0.12255418300628662,True,3.0084598064422607,1.325247883796692,True,0.06649968773126602,0.036766257137060165,0.02210423007441971,2.9993410110473633,1.3277671337127686,True,none
bias_medium,0.3,42,1,42,0.13341736793518066,True,0.30152615904808044,0.14678919315338135,True,2.7792372703552246,1.341779112815857,True,0.09045784920454025,0.04403676092624664,0.032547724575147895,2.7826969623565674,1.3446005582809448,True,none
bias_medium,0.3,42,1,41,0.14756079018115997,True,0.5190140604972839,0.2554827332496643,True,2.650110960006714,1.1580177545547485,True,0.15570423007011414,0.07664482295513153,0.058753853110233886,2.610485553741455,1.1485258340835571,True,none
bias_medium,0.3,42,1,40,0.11634419113397598,True,0.3681606948375702,0.20265716314315796,True,2.707535982131958,1.2483444213867188,True,0.1104482114315033,0.06079715117812157,0.04079288776228701,2.6940648555755615,1.2467912435531616,True,none
bias_medium,0.3,42,1,39,0.0921863317489624,True,0.1723005771636963,0.09180651605129242,True,2.65915584564209,1.1357266902923584,True,0.051690176129341125,0.027541955932974815,0.01943856589452371,2.6434273719787598,1.1314163208007812,True,none
bias_medium,0.3,42,1,38,0.09990478307008743,True,0.3091258108615875,0.15884935855865479,True,2.6094508171081543,0.9970846176147461,True,0.09273775666952133,0.047654811292886734,0.035539185510405455,2.6253271102905273,0.9956762790679932,True,none
bias_medium,0.3,42,1,37,0.11945364624261856,True,0.15649425983428955,0.06792128086090088,True,2.6319823265075684,1.0600612163543701,True,0.046948280185461044,0.020376384258270264,0.017837612248612567,2.6094555854797363,1.0531668663024902,True,none
bias_medium,0.3,42,1,36,0.1918773651123047,True,0.6070018410682678,0.3156834840774536,True,2.578650712966919,1.0623424053192139,True,0.1821005493402481,0.09470505267381668,0.07061854031818757,2.497004508972168,1.0521453619003296,True,none
bias_medium,0.3,42,1,35,0.19873659312725067,True,0.6849980354309082,0.3291082978248596,True,2.274878978729248,0.9621511697769165,True,0.20549944043159485,0.09873249381780624,0.0903342297999065,2.2119874954223633,0.9576374888420105,True,none
bias_medium,0.3,42,1,34,0.13589027523994446,True,0.509972095489502,0.19673973321914673,True,2.1083831787109375,0.7792983055114746,True,0.1529916375875473,0.05902192369103432,0.07256348804727877,2.1065897941589355,0.768585205078125,True,none
bias_medium,0.3,42,1,33,0.16312451660633087,True,0.764262318611145,0.33496159315109253,True,1.9749219417572021,0.8317673802375793,True,0.22927869856357574,0.10048848390579224,0.1160950687293783,1.9277726411819458,0.800820529460907,True,none
bias_medium,0.3,42,1,32,0.1233440488576889,True,0.4700641334056854,0.19483402371406555,True,1.9422576427459717,0.8116776347160339,True,0.14101925492286682,0.058450210839509964,0.07260584374553966,1.9324944019317627,0.8067123889923096,True,none
bias_medium,0.3,42,1,31,0.16495127975940704,True,0.6372452974319458,0.29466038942337036,True,1.7480157613754272,0.655299961566925,True,0.19117359817028046,0.08839812129735947,0.10936606087564452,1.7108361721038818,0.6324832439422607,True,none
bias_medium,0.3,42,1,30,0.09210827946662903,True,0.34466418623924255,0.10926356911659241,True,1.6759250164031982,0.6272968649864197,True,0.10339926183223724,0.03277907148003578,0.06169683059811758,1.6701277494430542,0.6126106381416321,True,none
bias_medium,0.3,42,1,29,0.14735713601112366,True,0.7222903370857239,0.30706101655960083,True,1.7113949060440063,0.6398577094078064,True,0.21668711304664612,0.09211830794811249,0.12661432629094646,1.7006912231445312,0.6138783097267151,True,none
bias_medium,0.3,42,1,28,0.07133165746927261,True,0.354316383600235,0.15876080095767975,True,1.7085015773773193,0.6318536400794983,True,0.10629492253065109,0.047628242522478104,0.06221529083617219,1.6925612688064575,0.6355260610580444,True,none
bias_medium,0.3,42,1,27,0.10834165662527084,True,0.5932152271270752,0.2888926863670349,True,1.61905038356781,0.6258891224861145,True,0.17796456813812256,0.08666780591011047,0.109919104398618,1.6116461753845215,0.6508843898773193,True,none
bias_medium,0.3,42,1,26,0.14141395688056946,True,1.0996806621551514,0.5090643763542175,True,1.611733317375183,0.6103431582450867,True,0.3299041986465454,0.15271931886672974,0.20468907299354713,1.568843126296997,0.5296337604522705,True,none
bias_medium,0.3,42,1,25,0.2117290496826172,True,1.1576180458068848,0.643318772315979,True,1.4547650814056396,0.45676422119140625,True,0.3472854197025299,0.19299563765525818,0.23872268048029657,1.4476414918899536,0.4778974652290344,True,none
bias_medium,0.3,42,1,24,0.31461405754089355,True,1.9603992700576782,1.0754997730255127,True,1.355863094329834,0.48155108094215393,True,0.5881198048591614,0.3226499557495117,0.43376046395703327,1.319369912147522,0.437430739402771,True,none
bias_medium,0.3,42,1,23,0.2141866385936737,True,1.2466788291931152,0.6460311412811279,True,1.418534278869629,0.5437098741531372,True,0.37400367856025696,0.19380934536457062,0.2636550164004646,1.3399254083633423,0.5748329758644104,True,none
bias_medium,0.3,42,1,22,0.11394016444683075,True,0.9343737363815308,0.6170148849487305,True,1.4650118350982666,0.4974919557571411,True,0.2803121507167816,0.18510447442531586,0.19133780629000047,1.4636377096176147,0.4930358827114105,True,none
bias_medium,0.3,42,1,21,0.13776330649852753,True,1.1202787160873413,0.5948659181594849,True,1.4781949520111084,0.5365822315216064,True,0.33608362078666687,0.1784597784280777,0.22736082296126922,1.4466813802719116,0.5509232878684998,True,none
bias_medium,0.3,42,1,20,0.12456359714269638,True,0.912304699420929,0.42610085010528564,True,1.4809948205947876,0.6405422687530518,True,0.2736913859844208,0.12783026695251465,0.18480239240426094,1.439529538154602,0.5806558132171631,True,none
bias_medium,0.3,42,1,19,0.08460505306720734,True,0.8062567114830017,0.41169166564941406,True,1.3154746294021606,0.5859599113464355,True,0.241877019405365,0.12350750714540482,0.18387053159292485,1.3087607622146606,0.5436870455741882,True,none
bias_medium,0.3,42,1,18,0.10634615272283554,True,1.038455605506897,0.5314668416976929,True,1.2988580465316772,0.5012038946151733,True,0.3115366995334625,0.1594400554895401,0.2398543092257963,1.2901538610458374,0.5077387094497681,True,none
bias_medium,0.3,42,1,17,0.31230708956718445,True,2.1207168102264404,1.3639545440673828,True,1.1005133390426636,0.41921862959861755,True,0.6362150311470032,0.40918639302253723,0.5781075145348701,1.227934718132019,0.41730624437332153,True,none
bias_medium,0.3,42,1,16,1.2493988275527954,True,4.9341301918029785,2.786473274230957,True,1.1109319925308228,0.3533346951007843,True,1.4802390336990356,0.8359420299530029,1.3324299269891031,1.4664983749389648,0.6420758962631226,True,none
bias_medium,0.3,42,1,15,6.1275129318237305,True,12.958951950073242,5.657955646514893,True,1.3659969568252563,0.6302352547645569,True,3.887685537338257,1.6973867416381836,2.846042604934396,3.2472386360168457,1.2181637287139893,True,none
bias_medium,0.3,42,1,14,67.10682678222656,True,52.09103012084961,18.44446563720703,True,3.0418481826782227,1.1392884254455566,True,15.627309799194336,5.533339977264404,5.137439103035705,13.27765941619873,4.593623161315918,True,none
bias_medium,0.3,42,1,13,2007.1917724609375,True,386.72900390625,111.56238555908203,True,12.665132522583008,4.335722923278809,True,116.0186996459961,33.46871566772461,9.160480511286853,105.58642578125,29.199071884155273,True,none
bias_medium,0.3,42,1,12,196370.78125,True,3821.59765625,1173.064453125,True,99.96755981445312,28.239530563354492,True,1146.4793701171875,351.9193420410156,11.468514108428005,1048.038330078125,324.51416015625,True,none
bias_medium,0.3,42,1,11,26373500.0,True,51500.7578125,14660.0244140625,True,1002.9027099609375,312.7386779785156,True,15450.2294921875,4398.00732421875,15.405511759749121,14469.794921875,4156.0341796875,True,none
bias_medium,0.3,42,1,10,4547313664.0,True,632056.0,199729.8125,True,13686.3134765625,3951.9423828125,True,189616.796875,59918.9453125,13.85448296210038,176008.796875,56020.6796875,True,none
bias_medium,0.3,42,1,9,879375482880.0,True,10022966.0,3110645.25,True,168885.3125,53982.25,True,3006890.0,933193.625,17.80433097164681,2838543.75,879211.375,True,none
bias_medium,0.3,42,1,8,206761269133312.0,True,146044624.0,45851800.0,True,2687623.75,840982.0625,True,43813388.0,13755541.0,16.301905354125555,41132468.0,12914559.0,True,none
bias_medium,0.3,42,1,7,5.373861792265011e+16,True,2617568000.0,825929600.0,True,39496880.0,12458408.0,True,785270400.0,247778896.0,19.8818337043331,745847616.0,235320480.0,True,none
bias_medium,0.3,42,1,6,1.657017459323542e+19,True,44513067008.0,14228017152.0,True,706995968.0,227834560.0,True,13353921536.0,4268405248.0,18.888256992153032,12648240128.0,4045154048.0,True,none
bias_medium,0.3,42,1,5,5.624516301225435e+21,True,890160218112.0,275493847040.0,True,12155750400.0,3899453440.0,True,267048091648.0,82648154112.0,21.96886928905681,254904270848.0,78820696064.0,True,none
bias_medium,0.3,42,1,4,2.2202002528566074e+24,True,17436648669184.0,5512889368576.0,True,242015764480.0,76364201984.0,True,5230994391040.0,1653866889216.0,21.61427129459695,4989204299776.0,1579323097088.0,True,none
bias_medium,0.3,42,1,3,9.629347980428976e+26,True,386184534556672.0,119458249048064.0,True,4802788982784.0,1524468809728.0,True,115855358689280.0,35837475553280.0,24.12251695932785,111055019704320.0,34343378485248.0,True,none
bias_medium,0.3,42,1,2,4.78481316829252e+29,True,8618611014893568.0,2675124138409984.0,True,105847833231360.0,33345501134848.0,True,2585583465529344.0,802537254944768.0,24.42736319295105,2479757081968640.0,769591835885568.0,True,none
bias_medium,0.3,42,1,1,2.607329581073492e+32,True,2.1031372516753408e+17,6.46953114229801e+16,True,2399918203338752.0,746557724950528.0,True,6.309411755026022e+16,1.940859428588749e+16,26.290111664007572,6.069453650185421e+16,1.866390064385229e+16,True,none
bias_medium,0.3,42,1,0,1.6106581349965943e+35,True,5.307581771053793e+18,1.6230491745828209e+18,True,5.898322396263219e+16,1.8336714330210304e+16,True,1.5922746687550915e+18,4.869147729906893e+17,26.995382106679177,1.5332938413842104e+18,4.685780457755771e+17,True,none
bias_medium,0.3,42,2,99,0.4152434766292572,True,0.6053269505500793,0.3574411869049072,True,6.623600959777832,2.327498435974121,True,0.18159808218479156,0.10723236203193665,0.02741682104455388,6.570594310760498,2.2839691638946533,True,none
bias_medium,0.3,42,2,98,0.611592710018158,True,0.9655252695083618,0.5278873443603516,True,6.456871509552002,2.3510122299194336,True,0.2896575927734375,0.15836620330810547,0.04486036191751475,6.425356388092041,2.322368860244751,True,none
bias_medium,0.3,42,2,97,0.771274209022522,True,0.6868413090705872,0.2441873550415039,True,6.3587236404418945,2.3635921478271484,True,0.20605240762233734,0.07325620949268341,0.03240468044747192,6.309136390686035,2.325805425643921,True,none
bias_medium,0.3,42,2,96,0.31312140822410583,True,0.3788909614086151,0.20292115211486816,True,6.28389835357666,2.285033941268921,True,0.11366730183362961,0.06087634712457657,0.018088660165693885,6.26803731918335,2.286283016204834,True,none
bias_medium,0.3,42,2,95,0.3511716425418854,True,0.43840762972831726,0.20501136779785156,True,6.1098504066467285,2.3683178424835205,True,0.1315222829580307,0.06150341406464577,0.021526268927129527,6.079296588897705,2.351295232772827,True,none
bias_medium,0.3,42,2,94,0.2743507921695709,True,0.37891432642936707,0.1459854245185852,True,6.060188293457031,2.373917818069458,True,0.11367429792881012,0.0437956303358078,0.018757552145949232,6.02844762802124,2.3704819679260254,True,none
bias_medium,0.3,42,2,93,0.19975689053535461,True,0.2239842712879181,0.0900149941444397,True,5.890991687774658,2.232970952987671,True,0.06719528883695602,0.02700449898838997,0.011406447742303276,5.862796783447266,2.2100670337677,True,none
bias_medium,0.3,42,2,92,0.3138555586338043,True,0.4456334412097931,0.20007705688476562,True,5.72211217880249,2.0691566467285156,True,0.1336900293827057,0.06002311781048775,0.023363755411495733,5.701719284057617,2.062164783477783,True,none
bias_medium,0.3,42,2,91,0.27354907989501953,True,0.3116535246372223,0.13801264762878418,True,5.6369476318359375,1.9929850101470947,True,0.09349606931209564,0.04140379652380943,0.016586293756578267,5.610418319702148,1.983896255493164,True,none
bias_medium,0.3,42,2,90,0.2640288174152374,True,0.3596925139427185,0.15121996402740479,True,5.513024806976318,1.9827967882156372,True,0.10790776461362839,0.045365989208221436,0.01957324125896543,5.4880475997924805,1.9811837673187256,True,none
bias_medium,0.3,42,2,89,0.1348755657672882,True,0.12940821051597595,0.041058242321014404,True,5.338448524475098,1.9881445169448853,True,0.038822464644908905,0.012317473068833351,0.007272237330174285,5.330862045288086,1.9927043914794922,True,none
bias_medium,0.3,42,2,88,0.3712833523750305,True,0.4295584261417389,0.17946532368659973,True,5.115471839904785,1.9639203548431396,True,0.12886753678321838,0.05383959785103798,0.025191720493488595,5.095504283905029,1.9538919925689697,True,none
bias_medium,0.3,42,2,87,0.23860959708690643,True,0.35218536853790283,0.12121129035949707,True,5.015400409698486,2.0737180709838867,True,0.10565561056137085,0.0363633893430233,0.021066236378064488,4.975892543792725,2.0659689903259277,True,none
bias_medium,0.3,42,2,86,0.13559110462665558,True,0.17418868839740753,0.09620881080627441,True,4.69570255279541,1.9412145614624023,True,0.05225660651922226,0.028862643986940384,0.011128602361770577,4.680873870849609,1.9391977787017822,True,none
bias_medium,0.3,42,2,85,0.2072637975215912,True,0.20647232234477997,0.10963284224271774,True,4.853185653686523,1.932611346244812,True,0.06194170191884041,0.03288985416293144,0.012763101669472745,4.840000152587891,1.9284018278121948,True,none
bias_medium,0.3,42,2,84,0.13338236510753632,True,0.11126052588224411,0.04687917232513428,True,4.659102439880371,1.98160719871521,True,0.03337815776467323,0.014063752256333828,0.007164074667893136,4.645136833190918,1.9780420064926147,True,none
bias_medium,0.3,42,2,83,0.16205871105194092,True,0.15915289521217346,0.0856386125087738,True,4.681217193603516,2.1675801277160645,True,0.04774587228894234,0.02569158561527729,0.010199456746884722,4.671568870544434,2.1638121604919434,True,none
bias_medium,0.3,42,2,82,0.1447686403989792,True,0.11881022155284882,0.07031166553497314,True,4.834864616394043,2.0940988063812256,True,0.035643070936203,0.021093500778079033,0.0073720928638492216,4.818059921264648,2.0918397903442383,True,none
bias_medium,0.3,42,2,81,0.1950627565383911,True,0.1550307273864746,0.06575769186019897,True,4.849364280700684,1.9669709205627441,True,0.04650922492146492,0.019727308303117752,0.009590788035155656,4.833299160003662,1.96420419216156,True,none
bias_medium,0.3,42,2,80,0.20582468807697296,True,0.19845007359981537,0.07480800151824951,True,4.880817890167236,2.0118279457092285,True,0.05953502655029297,0.022442400455474854,0.012197756173246787,4.877828598022461,2.016606092453003,True,none
bias_medium,0.3,42,2,79,0.2576368451118469,True,0.2564498484134674,0.14641869068145752,True,4.78070068359375,1.8102489709854126,True,0.07693495601415634,0.043925609439611435,0.016092820091867095,4.761835098266602,1.809183120727539,True,none
bias_medium,0.3,42,2,78,0.19539329409599304,True,0.10503952950239182,0.042354583740234375,True,4.542455196380615,1.6496275663375854,True,0.03151186183094978,0.012706375680863857,0.006937187152897225,4.540534019470215,1.6493827104568481,True,none
bias_medium,0.3,42,2,77,0.15065738558769226,True,0.09894254803657532,0.04978024959564209,True,4.621443748474121,1.7951924800872803,True,0.029682766646146774,0.014934075064957142,0.006422834131853453,4.614367485046387,1.7888693809509277,True,none
bias_medium,0.3,42,2,76,0.1750621497631073,True,0.22033514082431793,0.12769727408885956,True,4.644835472106934,1.6527358293533325,True,0.06610054522752762,0.03830918297171593,0.014230976667410281,4.615730285644531,1.640447735786438,True,none
bias_medium,0.3,42,2,75,0.1765305995941162,True,0.22368142008781433,0.1052822470664978,True,4.425073146820068,1.622267246246338,True,0.06710442155599594,0.03158467635512352,0.015164590353540966,4.431929588317871,1.6139448881149292,True,none
bias_medium,0.3,42,2,74,0.19108085334300995,True,0.2310085892677307,0.13191425800323486,True,4.385910987854004,1.715108036994934,True,0.06930258125066757,0.0395742803812027,0.015801182797045555,4.35827112197876,1.7068485021591187,True,none
bias_medium,0.3,42,2,73,0.19294969737529755,True,0.2814951241016388,0.17842590808868408,True,4.249725818634033,1.5841091871261597,True,0.08444854617118835,0.05352777615189552,0.019871528135034445,4.234956741333008,1.590548038482666,True,none
bias_medium,0.3,42,2,72,0.16057924926280975,True,0.16720667481422424,0.08062919974327087,True,4.130160808563232,1.6982812881469727,True,0.05016200989484787,0.024188760668039322,0.012145292210132053,4.112238883972168,1.6803902387619019,True,none
bias_medium,0.3,42,2,71,0.2600914239883423,True,0.39235520362854004,0.18514132499694824,True,4.173337936401367,1.6706403493881226,True,0.11770656704902649,0.05554239824414253,0.02820441786473099,4.138777256011963,1.63996160030365,True,none
bias_medium,0.3,42,2,70,0.19201746582984924,True,0.2376404106616974,0.11230301856994629,True,4.119960784912109,1.6650574207305908,True,0.07129213213920593,0.033690907061100006,0.017304080271897417,4.108710289001465,1.65725576877594,True,none
bias_medium,0.3,42,2,69,0.1445952206850052,True,0.12900696694850922,0.06408065557479858,True,4.086061477661133,1.5522253513336182,True,0.038702089339494705,0.019224196672439575,0.009471734468772202,4.073483943939209,1.5499824285507202,True,none
bias_medium,0.3,42,2,68,0.16887235641479492,True,0.23162353038787842,0.10975855588912964,True,4.118340969085693,1.452591061592102,True,0.069487065076828,0.03292756900191307,0.01687258670382454,4.10452938079834,1.4576350450515747,True,none
bias_medium,0.3,42,2,67,0.17865124344825745,True,0.15657982230186462,0.04757207632064819,True,4.207460880279541,1.5475518703460693,True,0.04697394743561745,0.014271623454988003,0.011164440685776588,4.199972152709961,1.542462944984436,True,none
bias_medium,0.3,42,2,66,0.16265229880809784,True,0.1804053783416748,0.07868534326553345,True,4.1368279457092285,1.5624287128448486,True,0.05412162095308304,0.023605603724718094,0.013082879361517948,4.133412837982178,1.5525598526000977,True,none
bias_medium,0.3,42,2,65,0.15820102393627167,True,0.12603724002838135,0.0499950647354126,True,4.237161636352539,1.5356454849243164,True,0.037811171263456345,0.01499851979315281,0.008923702824798601,4.22609806060791,1.5254137516021729,True,none
bias_medium,0.3,42,2,64,0.18662329018115997,True,0.17812837660312653,0.10362103581428528,True,4.238877773284912,1.6285418272018433,True,0.05343851074576378,0.031086312606930733,0.012606759053667895,4.2238945960998535,1.6231749057769775,True,none
bias_medium,0.3,42,2,63,0.19756539165973663,True,0.1441100835800171,0.06932556629180908,True,4.057741165161133,1.6691374778747559,True,0.04323302581906319,0.020797669887542725,0.01065445627489543,4.046720504760742,1.6683224439620972,True,none
bias_medium,0.3,42,2,62,0.14380572736263275,True,0.07617993652820587,0.03015105426311493,True,4.009531021118164,1.69223153591156,True,0.022853977978229523,0.009045316837728024,0.005699912996769978,4.003363609313965,1.68649160861969,True,none
bias_medium,0.3,42,2,61,0.16021570563316345,True,0.12612579762935638,0.04753574728965759,True,3.7245237827301025,1.6448163986206055,True,0.037837740033864975,0.014260725118219852,0.010159081332572263,3.7132043838500977,1.633249044418335,True,none
bias_medium,0.3,42,2,60,0.14994962513446808,True,0.0982872024178505,0.05073791742324829,True,3.8061468601226807,1.772465467453003,True,0.02948616072535515,0.015221375972032547,0.0077469844987528924,3.8010060787200928,1.7642717361450195,True,none
bias_medium,0.3,42,2,59,0.15523269772529602,True,0.08641542494297028,0.04611571133136749,True,3.672602891921997,1.757588267326355,True,0.025924628600478172,0.013834713958203793,0.007058925063064436,3.6666033267974854,1.7437535524368286,True,none
bias_medium,0.3,42,2,58,0.16786642372608185,True,0.1709049493074417,0.07515442371368408,True,3.7089016437530518,1.5922603607177734,True,0.05127148702740669,0.022546328604221344,0.013823900429861778,3.6848018169403076,1.5781683921813965,True,none
bias_medium,0.3,42,2,57,0.17773815989494324,True,0.1412186324596405,0.06733310222625732,True,3.7640953063964844,1.5836962461471558,True,0.04236558452248573,0.020199932157993317,0.011255183802195675,3.7469468116760254,1.575294852256775,True,none
bias_medium,0.3,42,2,56,0.20137660205364227,True,0.2762317657470703,0.1332545280456543,True,3.6882386207580566,1.546796202659607,True,0.08286953717470169,0.03997635841369629,0.022468594279197358,3.6804206371307373,1.5376808643341064,True,none
bias_medium,0.3,42,2,55,0.1584382951259613,True,0.10361726582050323,0.043684959411621094,True,3.6198642253875732,1.5503805875778198,True,0.03108518011868,0.013105488382279873,0.008587388416576086,3.613412857055664,1.5486639738082886,True,none
bias_medium,0.3,42,2,54,0.17882207036018372,True,0.38752511143684387,0.16855835914611816,True,3.4989001750946045,1.4827451705932617,True,0.11625754088163376,0.05056751146912575,0.03322688132377401,3.480483293533325,1.4848517179489136,True,none
bias_medium,0.3,42,2,53,0.1381332129240036,True,0.11922620236873627,0.040832653641700745,True,3.631809711456299,1.5462090969085693,True,0.03576786443591118,0.012249796651303768,0.009848496280813947,3.62959885597229,1.5481458902359009,True,none
bias_medium,0.3,42,2,52,0.13270001113414764,True,0.09498830139636993,0.04645088315010071,True,3.6761443614959717,1.4146634340286255,True,0.02849648892879486,0.013935265131294727,0.00775173282835681,3.6688878536224365,1.4112950563430786,True,none
bias_medium,0.3,42,2,51,0.1669713705778122,True,0.1757332980632782,0.09836578369140625,True,3.5931408405303955,1.5044738054275513,True,0.05271998792886734,0.029509736225008965,0.014672396732734388,3.5836727619171143,1.500320315361023,True,none
bias_medium,0.3,42,2,50,0.15701554715633392,True,0.19773530960083008,0.09009218215942383,True,3.3817663192749023,1.295050024986267,True,0.059320591390132904,0.027027655392885208,0.01754130409662206,3.377079725265503,1.2922528982162476,True,none
bias_medium,0.3,42,2,49,0.1544370800256729,True,0.2180103361606598,0.09036654233932495,True,3.2561428546905518,1.2636147737503052,True,0.06540310382843018,0.027109963819384575,0.020086067088302146,3.2584707736968994,1.2604737281799316,True,none
bias_medium,0.3,42,2,48,0.12358559668064117,True,0.0743260383605957,0.027360260486602783,True,3.3170642852783203,1.2056876420974731,True,0.0222978126257658,0.00820807833224535,0.006722152695297603,3.311825752258301,1.2009555101394653,True,none
bias_medium,0.3,42,2,47,0.15222202241420746,True,0.250762403011322,0.10585850477218628,True,3.2706894874572754,1.2358189821243286,True,0.0752287358045578,0.031757552176713943,0.023000879812354092,3.2629051208496094,1.2333486080169678,True,none
bias_medium,0.3,42,2,46,0.13121601939201355,True,0.13662774860858917,0.07495775818824768,True,3.2012784481048584,1.2265968322753906,True,0.04098832979798317,0.022487327456474304,0.012803737776148546,3.1889307498931885,1.2211048603057861,True,none
bias_medium,0.3,42,2,45,0.11963014304637909,True,0.08602495491504669,0.03240981698036194,True,3.1673660278320312,1.462170124053955,True,0.025807488709688187,0.009722945280373096,0.008147933798274809,3.1663239002227783,1.4585485458374023,True,none
bias_medium,0.3,42,2,44,0.11786434799432755,True,0.1256158947944641,0.06299251317977905,True,3.15914249420166,1.400729775428772,True,0.03768477216362953,0.018897755071520805,0.011928797840801681,3.148118734359741,1.3942303657531738,True,none
bias_medium,0.3,42,2,43,0.12941710650920868,True,0.23246636986732483,0.10921132564544678,True,2.9617762565612793,1.2703441381454468,True,0.0697399154305458,0.03276339918375015,0.023546652207784464,2.946258306503296,1.2656899690628052,True,none
bias_medium,0.3,42,2,42,0.11327339708805084,True,0.2174268662929535,0.10032394528388977,True,2.7316761016845703,1.2861472368240356,True,0.06522805988788605,0.03009718470275402,0.023878401926069243,2.721885919570923,1.2822564840316772,True,none
bias_medium,0.3,42,2,41,0.13637956976890564,True,0.17046979069709778,0.08221712708473206,True,2.539637565612793,1.1021920442581177,True,0.05114094167947769,0.024665139615535736,0.02013710238496873,2.528679370880127,1.1007901430130005,True,none
bias_medium,0.3,42,2,40,0.11691000312566757,True,0.16814789175987244,0.09533858299255371,True,2.6153485774993896,1.20566987991333,True,0.05044437199831009,0.028601575642824173,0.01928781976990697,2.6072640419006348,1.2008850574493408,True,none
bias_medium,0.3,42,2,39,0.12713924050331116,True,0.21964646875858307,0.08539462089538574,True,2.6078977584838867,1.0931400060653687,True,0.06589394807815552,0.025618387386202812,0.02526707493181711,2.5954153537750244,1.0902012586593628,True,none
bias_medium,0.3,42,2,38,0.18501238524913788,True,0.4711619019508362,0.24112796783447266,True,2.575885772705078,0.9605429172515869,True,0.14134860038757324,0.07233839482069016,0.05487378434451326,2.5621962547302246,0.9580758810043335,True,none
bias_medium,0.3,42,2,37,0.1335584670305252,True,0.2323383390903473,0.11262130737304688,True,2.5514307022094727,1.0288375616073608,True,0.06970150768756866,0.03378639370203018,0.02731859721966254,2.5446794033050537,1.0273629426956177,True,none
bias_medium,0.3,42,2,36,0.1463303416967392,True,0.18578749895095825,0.08841323852539062,True,2.529998779296875,1.0416042804718018,True,0.05573625490069389,0.026523971930146217,0.022030150906302733,2.5222628116607666,1.0359585285186768,True,none
bias_medium,0.3,42,2,35,0.14915478229522705,True,0.22928296029567719,0.0966063141822815,True,2.33878493309021,0.9516436457633972,True,0.06878489255905151,0.028981896117329597,0.029410524920791842,2.3442084789276123,0.9467854499816895,True,none
bias_medium,0.3,42,2,34,0.1324543058872223,True,0.17407697439193726,0.07005831599235535,True,2.2650158405303955,0.9049757122993469,True,0.052223090082407,0.021017495542764664,0.02305639066530984,2.2647037506103516,0.8998879790306091,True,none
bias_medium,0.3,42,2,33,0.15654662251472473,True,0.35223281383514404,0.14301830530166626,True,2.1663529872894287,0.9619110822677612,True,0.10566985607147217,0.04290549457073212,0.048777764607807056,2.16090726852417,0.9556132555007935,True,none
bias_medium,0.3,42,2,32,0.14393989741802216,True,0.2861891984939575,0.13609948754310608,True,2.203997850418091,0.9646336436271667,True,0.08585676550865173,0.040829848498106,0.03895501326933057,2.203049898147583,0.9606366753578186,True,none
bias_medium,0.3,42,2,31,0.13300427794456482,True,0.2490486204624176,0.11787254363298416,True,1.9883484840393066,0.8052929639816284,True,0.07471458613872528,0.03536176308989525,0.03757620293345455,1.9995663166046143,0.802515983581543,True,none
bias_medium,0.3,42,2,30,0.11797814071178436,True,0.1912669986486435,0.09042826294898987,True,1.9760265350341797,0.7925669550895691,True,0.05738009512424469,0.02712848037481308,0.029038119735180144,1.9594666957855225,0.7889724373817444,True,none
bias_medium,0.3,42,2,29,0.14337119460105896,True,0.398050993680954,0.17060869932174683,True,1.977350115776062,0.7735851407051086,True,0.11941530555486679,0.05118261277675629,0.06039158396991257,1.9709458351135254,0.7816644906997681,True,none
bias_medium,0.3,42,2,28,0.11941592395305634,True,0.16497138142585754,0.07148060202598572,True,2.0366995334625244,0.7972010970115662,True,0.04949141666293144,0.021444180980324745,0.024299812441537925,2.022113084793091,0.7938911318778992,True,none
bias_medium,0.3,42,2,27,0.12056584656238556,True,0.25057947635650635,0.12567025423049927,True,1.8611401319503784,0.7849226593971252,True,0.07517385482788086,0.0377010777592659,0.04039129216404686,1.8512827157974243,0.7803928256034851,True,none
bias_medium,0.3,42,2,26,0.10196896642446518,True,0.1082717776298523,0.04609483480453491,True,1.8747034072875977,0.7399464845657349,True,0.03248153254389763,0.013828450813889503,0.017326224733797222,1.8622339963912964,0.7353842258453369,True,none
bias_medium,0.3,42,2,25,0.11625336110591888,True,0.2019285261631012,0.07931879162788391,True,1.722164511680603,0.5923800468444824,True,0.06057856231927872,0.023795638233423233,0.03517582780760413,1.6983625888824463,0.594057023525238,True,none
bias_medium,0.3,42,2,24,0.16712507605552673,True,0.6123491525650024,0.2366124391555786,True,1.6163654327392578,0.5398522615432739,True,0.18370474874973297,0.07098373770713806,0.11365298034015396,1.5864077806472778,0.5537669062614441,True,none
bias_medium,0.3,42,2,23,0.14470301568508148,True,0.5180596113204956,0.1749432235956192,True,1.684861421585083,0.6516038179397583,True,0.15541787445545197,0.052482970058918,0.09224371361601108,1.653659462928772,0.6462591290473938,True,none
bias_medium,0.3,42,2,22,0.11424434185028076,True,0.24859927594661713,0.12206384539604187,True,1.775152564048767,0.7259986996650696,True,0.07457978278398514,0.0366191565990448,0.04201316793517825,1.7660397291183472,0.721453070640564,True,none
bias_medium,0.3,42,2,21,0.12716737389564514,True,0.3363119661808014,0.2228887677192688,True,1.7701354026794434,0.7612122297286987,True,0.10089359432458878,0.06686663627624512,0.056997670444763573,1.7507466077804565,0.7519485354423523,True,none
bias_medium,0.3,42,2,20,0.11792405694723129,True,0.13754862546920776,0.05961257219314575,True,1.7237765789031982,0.7129710912704468,True,0.04126458987593651,0.017883772030472755,0.023938479255918615,1.7026034593582153,0.7033103108406067,True,none
bias_medium,0.3,42,2,19,0.12756390869617462,True,0.38647934794425964,0.16884049773216248,True,1.564082384109497,0.5790622234344482,True,0.1159438043832779,0.0506521500647068,0.07412896249017971,1.5412005186080933,0.5752637386322021,True,none
bias_medium,0.3,42,2,18,0.11749774217605591,True,0.2622692584991455,0.10331650078296661,True,1.5347892045974731,0.5799588561058044,True,0.07868077605962753,0.030994951725006104,0.05126487456641432,1.5217393636703491,0.5762730836868286,True,none
bias_medium,0.3,42,2,17,0.10460827499628067,True,0.20221427083015442,0.10805001854896545,True,1.3529062271118164,0.44948840141296387,True,0.06066428869962692,0.032415006309747696,0.04483998039471529,1.3421341180801392,0.4420478940010071,True,none
bias_medium,0.3,42,2,16,0.16050300002098083,True,0.9485339522361755,0.3876827359199524,True,1.229987621307373,0.4213038384914398,True,0.2845602035522461,0.11630482226610184,0.23135208730763585,1.1998887062072754,0.41744160652160645,True,none
bias_medium,0.3,42,2,15,0.18522553145885468,True,1.2094353437423706,0.4582805633544922,True,1.2194445133209229,0.408817321062088,True,0.36283057928085327,0.13748417794704437,0.2975375880715198,1.2452127933502197,0.4460030794143677,True,none
bias_medium,0.3,42,2,14,0.28657102584838867,True,2.0041747093200684,0.8056048154830933,True,1.1017686128616333,0.3309401869773865,True,0.6012524366378784,0.24168145656585693,0.545715706200501,1.0711785554885864,0.30522921681404114,True,none
bias_medium,0.3,42,2,13,0.7327860593795776,True,4.390380859375,2.0336318016052246,True,1.063158392906189,0.3250356912612915,True,1.3171143531799316,0.6100895404815674,1.2388693556548092,1.4482944011688232,0.5459868907928467,True,none
bias_medium,0.3,42,2,12,7.076938629150391,True,15.940244674682617,6.5706353187561035,True,1.5045440196990967,0.649406909942627,True,4.782073497772217,1.9711906909942627,3.1784204617193157,3.8833487033843994,1.574032187461853,True,none
bias_medium,0.3,42,2,11,147.11111450195312,True,87.3204345703125,34.03341293334961,True,3.6636343002319336,1.471892237663269,True,26.196128845214844,10.210023880004883,7.150312148663226,22.86001968383789,8.738131523132324,True,none
bias_medium,0.3,42,2,10,8144.0869140625,True,781.3041381835938,278.3651428222656,True,21.622133255004883,8.375038146972656,True,234.39126586914062,83.5095443725586,10.840339531016218,213.69627380371094,75.19297790527344,True,none
bias_medium,0.3,42,2,9,903737.6875,True,8598.1748046875,2971.54638671875,True,202.30430603027344,72.09199523925781,True,2579.452392578125,891.4639282226562,12.750358325008243,2379.611083984375,828.8485107421875,True,none
bias_medium,0.3,42,2,8,123731688.0,True,105107.71875,35926.29296875,True,2256.99462890625,789.8162231445312,True,31532.318359375,10777.888671875,13.970931944421903,29299.958984375,10087.193359375,True,none
bias_medium,0.3,42,2,7,20129376256.0,True,1379625.25,474203.5625,True,27757.34375,9694.4794921875,True,413887.59375,142261.078125,14.910922222159677,386257.875,133381.640625,True,none
bias_medium,0.3,42,2,6,3791831957504.0,True,19699556.0,6434968.0,True,366497.96875,127091.375,True,5909867.0,1930490.5,16.12523807473353,5544578.0,1813150.75,True,none
bias_medium,0.3,42,2,5,831449968148480.0,True,300457440.0,94026208.0,True,5258098.5,1743050.25,True,90137240.0,28207864.0,17.14255448048377,84889960.0,26464814.0,True,none
bias_medium,0.3,42,2,4,2.0979640494666547e+17,True,4947303936.0,1568168448.0,True,80651984.0,25553508.0,True,1484191232.0,470450560.0,18.402414403097634,1403604224.0,444897056.0,True,none
bias_medium,0.3,42,2,3,6.0926111930044645e+19,True,86992134144.0,26522040320.0,True,1334606080.0,428323968.0,True,26097641472.0,7956612608.0,19.55456509833973,24765925376.0,7528288768.0,True,none
bias_medium,0.3,42,2,2,2.0224314846632686e+22,True,1633936211968.0,497744773120.0,True,23612592128.0,7287373824.0,True,490180870144.0,149323431936.0,20.75929942324035,466577588224.0,142036058112.0,True,none
bias_medium,0.3,42,2,1,7.637942406088212e+24,True,32759277944832.0,9775788064768.0,True,447274385408.0,137468329984.0,True,9827783802880.0,2932736524288.0,21.97260590703216,9380767465472.0,2795268210688.0,True,none
bias_medium,0.3,42,2,0,3.2681509131059906e+27,True,696830593597440.0,204897421099008.0,True,9117993271296.0,2741660286976.0,True,209049194856448.0,61469228007424.0,22.927105629102364,199932069806080.0,58727566671872.0,True,none
bias_medium,1.0,42,0,99,0.48723235726356506,True,1.098018765449524,0.684412956237793,True,6.631663799285889,2.3310489654541016,True,1.098018765449524,0.684412956237793,0.16557213976492524,6.398131847381592,2.320279598236084,True,none
bias_medium,1.0,42,0,98,1.2328968048095703,True,1.5919325351715088,0.6996906995773315,True,6.3209228515625,2.3919529914855957,True,1.5919325351715088,0.6996906995773315,0.2518512838323504,6.558304786682129,2.5301475524902344,True,none
bias_medium,1.0,42,0,97,0.40027037262916565,True,0.314971387386322,0.13452410697937012,True,6.43086576461792,2.5723788738250732,True,0.314971387386322,0.13452410697937012,0.048978069036865766,6.3362650871276855,2.521346092224121,True,none
bias_medium,1.0,42,0,96,0.3225286900997162,True,0.16511592268943787,0.0631939172744751,True,6.266317844390869,2.479602336883545,True,0.16511592268943787,0.0631939172744751,0.026349752245205808,6.254271507263184,2.4499802589416504,True,none
bias_medium,1.0,42,0,95,0.39791688323020935,True,0.24297316372394562,0.09972429275512695,True,6.093333721160889,2.5350208282470703,True,0.24297316372394562,0.09972429275512695,0.039875243149757274,6.109259605407715,2.532869338989258,True,none
bias_medium,1.0,42,0,94,0.34485340118408203,True,0.42871910333633423,0.24184811115264893,True,6.08952522277832,2.555866241455078,True,0.42871910333633423,0.24184811115264893,0.07040271411186676,5.969297885894775,2.5215072631835938,True,none
bias_medium,1.0,42,0,93,0.3099282681941986,True,0.20629559457302094,0.08242642879486084,True,5.82558536529541,2.388336420059204,True,0.20629559457302094,0.08242642879486084,0.035411994097956964,5.851172924041748,2.39935040473938,True,none
bias_medium,1.0,42,0,92,0.3104846477508545,True,0.21327683329582214,0.1196320652961731,True,5.692762851715088,2.260218620300293,True,0.21327683329582214,0.1196320652961731,0.03746455611294781,5.61735200881958,2.2495012283325195,True,none
bias_medium,1.0,42,0,91,0.4129435420036316,True,0.45577573776245117,0.20840764045715332,True,5.5919189453125,2.184004306793213,True,0.45577573776245117,0.20840764045715332,0.08150614166974464,5.679834365844727,2.1612842082977295,True,none
bias_medium,1.0,42,0,90,0.47793489694595337,True,0.6158146262168884,0.247269868850708,True,5.613108158111572,1.9929258823394775,True,0.6158146262168884,0.247269868850708,0.10971009445575307,5.713183879852295,2.039524793624878,True,none
bias_medium,1.0,42,0,89,0.3398883640766144,True,0.5501725077629089,0.3528268337249756,True,5.648169040679932,2.101824998855591,True,0.5501725077629089,0.3528268337249756,0.09740723122843739,5.510743618011475,2.1312718391418457,True,none
bias_medium,1.0,42,0,88,0.31029993295669556,True,0.39955782890319824,0.2350602149963379,True,5.354997158050537,2.026437997817993,True,0.39955782890319824,0.2350602149963379,0.07461401324974389,5.226120471954346,2.0369386672973633,True,none
bias_medium,1.0,42,0,87,0.2951301634311676,True,0.1626625508069992,0.0709235668182373,True,5.1333208084106445,1.9330545663833618,True,0.1626625508069992,0.0709235668182373,0.03168758721263913,5.083097457885742,1.888304591178894,True,none
bias_medium,1.0,42,0,86,0.2980327010154724,True,0.1951787918806076,0.09103775024414062,True,4.776319980621338,1.655055284500122,True,0.1951787918806076,0.09103775024414062,0.040863843434370675,4.743204593658447,1.6705858707427979,True,none
bias_medium,1.0,42,0,85,0.4406725764274597,True,0.5456175208091736,0.20704865455627441,True,4.864189624786377,1.631625771522522,True,0.5456175208091736,0.20704865455627441,0.11217028177289111,4.944984436035156,1.7254700660705566,True,none
bias_medium,1.0,42,0,84,0.3496016561985016,True,0.36664140224456787,0.1583462357521057,True,4.774982929229736,1.7344523668289185,True,0.36664140224456787,0.1583462357521057,0.076783814241538,4.882518291473389,1.780930995941162,True,none
bias_medium,1.0,42,0,83,0.3496793806552887,True,0.5336989760398865,0.2630332112312317,True,4.911165714263916,1.8585143089294434,True,0.5336989760398865,0.2630332112312317,0.10867052897231924,5.041383743286133,2.020279884338379,True,none
bias_medium,1.0,42,0,82,0.24104762077331543,True,0.14501111209392548,0.09421488642692566,True,5.294414520263672,2.188007116317749,True,0.14501111209392548,0.09421488642692566,0.027389451947686987,5.292694568634033,2.199803352355957,True,none
bias_medium,1.0,42,0,81,0.2259984016418457,True,0.12678003311157227,0.07823895663022995,True,5.334857940673828,2.243086814880371,True,0.12678003311157227,0.07823895663022995,0.023764462806958143,5.337007522583008,2.235811233520508,True,none
bias_medium,1.0,42,0,80,0.22786107659339905,True,0.13684038817882538,0.07238972932100296,True,5.41090726852417,2.280947685241699,True,0.13684038817882538,0.07238972932100296,0.025289730795206074,5.427096366882324,2.2706000804901123,True,none
bias_medium,1.0,42,0,79,0.21553950011730194,True,0.11853495985269547,0.07443372905254364,True,5.3455915451049805,2.1453986167907715,True,0.11853495985269547,0.07443372905254364,0.022174339145162918,5.357437610626221,2.1456966400146484,True,none
bias_medium,1.0,42,0,78,0.19962909817695618,True,0.27756980061531067,0.1637229323387146,True,5.159323215484619,2.12322998046875,True,0.27756980061531067,0.1637229323387146,0.05379965336968805,5.206839084625244,2.1377782821655273,True,none
bias_medium,1.0,42,0,77,0.18613116443157196,True,0.10571514815092087,0.04270830750465393,True,5.171441555023193,2.170196294784546,True,0.10571514815092087,0.04270830750465393,0.02044210439702558,5.177684783935547,2.1750917434692383,True,none
bias_medium,1.0,42,0,76,0.28413814306259155,True,0.5345438718795776,0.2518860101699829,True,5.194657325744629,2.073916435241699,True,0.5345438718795776,0.2518860101699829,0.10290262443882195,5.28837776184082,2.0892820358276367,True,none
bias_medium,1.0,42,0,75,0.31027019023895264,True,0.5494315028190613,0.31045544147491455,True,5.215559959411621,2.126410961151123,True,0.5494315028190613,0.31045544147491455,0.10534468150969901,5.021332740783691,2.1840407848358154,True,none
bias_medium,1.0,42,0,74,0.23363924026489258,True,0.34849199652671814,0.14379668235778809,True,4.960109233856201,2.270963430404663,True,0.34849199652671814,0.14379668235778809,0.0702589358613208,4.999917030334473,2.1947073936462402,True,none
bias_medium,1.0,42,0,73,0.21594461798667908,True,0.314693421125412,0.13140243291854858,True,4.848735809326172,2.22196102142334,True,0.314693421125412,0.13140243291854858,0.064902158727654,4.798428058624268,2.2473015785217285,True,none
bias_medium,1.0,42,0,72,0.18408267199993134,True,0.1343563348054886,0.05433018505573273,True,4.703890800476074,2.26277494430542,True,0.1343563348054886,0.05433018505573273,0.028562809066881824,4.700133800506592,2.2886993885040283,True,none
bias_medium,1.0,42,0,71,0.2890544533729553,True,0.586997926235199,0.28678882122039795,True,4.84858512878418,2.3884854316711426,True,0.586997926235199,0.28678882122039795,0.12106581830445703,5.009278774261475,2.352435827255249,True,none
bias_medium,1.0,42,0,70,0.33249416947364807,True,0.8159717321395874,0.30720341205596924,True,4.9577956199646,2.3739259243011475,True,0.8159717321395874,0.30720341205596924,0.16458357598558068,4.724549770355225,2.189976453781128,True,none
bias_medium,1.0,42,0,69,0.24370035529136658,True,0.5577847361564636,0.30983591079711914,True,4.6635966300964355,2.2373101711273193,True,0.5577847361564636,0.30983591079711914,0.11960398387731272,4.6593499183654785,2.1830930709838867,True,none
bias_medium,1.0,42,0,68,0.3429258465766907,True,0.7370393872261047,0.4001154899597168,True,4.654184341430664,2.1487038135528564,True,0.7370393872261047,0.4001154899597168,0.15836059192261936,4.56234073638916,2.137362480163574,True,none
bias_medium,1.0,42,0,67,0.25056618452072144,True,0.45254167914390564,0.25528621673583984,True,4.5348381996154785,2.0789339542388916,True,0.45254167914390564,0.25528621673583984,0.09979224378549562,4.541942119598389,2.049269199371338,True,none
bias_medium,1.0,42,0,66,0.15565374493598938,True,0.20568649470806122,0.10958153009414673,True,4.468109607696533,1.8130357265472412,True,0.20568649470806122,0.10958153009414673,0.046034343999464634,4.4903693199157715,1.8196969032287598,True,none
bias_medium,1.0,42,0,65,0.16524723172187805,True,0.2017901986837387,0.0857691764831543,True,4.578973293304443,1.8442353010177612,True,0.2017901986837387,0.0857691764831543,0.044068874343242026,4.4878435134887695,1.8336464166641235,True,none
bias_medium,1.0,42,0,64,0.24704372882843018,True,0.5866909027099609,0.31544315814971924,True,4.486876487731934,1.851646900177002,True,0.5866909027099609,0.31544315814971924,0.13075708776784178,4.392489910125732,1.7957462072372437,True,none
bias_medium,1.0,42,0,63,0.295479416847229,True,0.6415172219276428,0.3279383182525635,True,4.223857879638672,1.763089895248413,True,0.6415172219276428,0.3279383182525635,0.15187945243611492,4.178378582000732,1.7751202583312988,True,none
bias_medium,1.0,42,0,62,0.1578262746334076,True,0.137070894241333,0.05792659521102905,True,4.142180442810059,1.8997273445129395,True,0.137070894241333,0.05792659521102905,0.03309148312918761,4.09688138961792,1.8941153287887573,True,none
bias_medium,1.0,42,0,61,0.1774701327085495,True,0.16740967333316803,0.0737181156873703,True,3.9112443923950195,1.8922381401062012,True,0.16740967333316803,0.0737181156873703,0.04280215106441181,3.8635857105255127,1.8965314626693726,True,none
bias_medium,1.0,42,0,60,0.12329109013080597,True,0.1273379623889923,0.0632469654083252,True,3.907881498336792,1.820244550704956,True,0.1273379623889923,0.0632469654083252,0.032584908842081116,3.873119354248047,1.8125083446502686,True,none
bias_medium,1.0,42,0,59,0.19285085797309875,True,0.5239790678024292,0.21181678771972656,True,3.7140281200408936,1.5916301012039185,True,0.5239790678024292,0.21181678771972656,0.1410810717815779,3.6856930255889893,1.5279178619384766,True,none
bias_medium,1.0,42,0,58,0.20260457694530487,True,0.3808169364929199,0.24180901050567627,True,3.729531764984131,1.4843908548355103,True,0.3808169364929199,0.24180901050567627,0.10210851133330894,3.7361159324645996,1.4946274757385254,True,none
bias_medium,1.0,42,0,57,0.19563619792461395,True,0.3168346583843231,0.22620075941085815,True,3.8051085472106934,1.4331276416778564,True,0.3168346583843231,0.22620075941085815,0.08326560318929487,3.6807398796081543,1.3747899532318115,True,none
bias_medium,1.0,42,0,56,0.171793133020401,True,0.33365240693092346,0.21399164199829102,True,3.653407335281372,1.4075456857681274,True,0.33365240693092346,0.21399164199829102,0.09132636366843432,3.6201040744781494,1.3797900676727295,True,none
bias_medium,1.0,42,0,55,0.1216893419623375,True,0.2268768846988678,0.12544316053390503,True,3.550914764404297,1.4854867458343506,True,0.2268768846988678,0.12544316053390503,0.06389251777404037,3.5132839679718018,1.4320100545883179,True,none
bias_medium,1.0,42,0,54,0.2538736164569855,True,0.5511985421180725,0.2945009469985962,True,3.4097423553466797,1.3811664581298828,True,0.5511985421180725,0.2945009469985962,0.1616540150764173,3.4312853813171387,1.3210132122039795,True,none
bias_medium,1.0,42,0,53,0.14704155921936035,True,0.25236302614212036,0.10455596446990967,True,3.5570874214172363,1.3974244594573975,True,0.25236302614212036,0.10455596446990967,0.07094653469087397,3.5001964569091797,1.3373939990997314,True,none
bias_medium,1.0,42,0,52,0.15271298587322235,True,0.3496471047401428,0.2326151728630066,True,3.4558560848236084,1.2220042943954468,True,0.3496471047401428,0.2326151728630066,0.10117525040337091,3.3857264518737793,1.1719098091125488,True,none
bias_medium,1.0,42,0,51,0.16204719245433807,True,0.4036855399608612,0.23947864770889282,True,3.356144666671753,1.2862745523452759,True,0.4036855399608612,0.23947864770889282,0.12028252058665602,3.31048846244812,1.2027099132537842,True,none
bias_medium,1.0,42,0,50,0.14659658074378967,True,0.352084219455719,0.14516288042068481,True,3.082374334335327,1.0500669479370117,True,0.352084219455719,0.14516288042068481,0.11422500360636016,3.06442928314209,1.0815565586090088,True,none
bias_medium,1.0,42,0,49,0.1584382951259613,True,0.5555135011672974,0.32421934604644775,True,2.9637749195098877,0.919135332107544,True,0.5555135011672974,0.32421934604644775,0.18743444298360343,2.9261107444763184,0.9818603992462158,True,none
bias_medium,1.0,42,0,48,0.19135317206382751,True,0.5773305296897888,0.3015674352645874,True,2.9883158206939697,0.94220370054245,True,0.5773305296897888,0.3015674352645874,0.19319595529080438,2.932811975479126,0.8521193265914917,True,none
bias_medium,1.0,42,0,47,0.06944845616817474,True,0.11499444395303726,0.05026420205831528,True,2.8507790565490723,0.8284684419631958,True,0.11499444395303726,0.05026420205831528,0.04033790120943294,2.8453609943389893,0.815730094909668,True,none
bias_medium,1.0,42,0,46,0.08205197006464005,True,0.2445804476737976,0.18208204209804535,True,2.790743589401245,0.9319958686828613,True,0.2445804476737976,0.18208204209804535,0.08763988515554909,2.7767233848571777,0.9153504371643066,True,none
bias_medium,1.0,42,0,45,0.05690378695726395,True,0.09066012501716614,0.03967905044555664,True,2.774207353591919,1.0499523878097534,True,0.09066012501716614,0.03967905044555664,0.032679649882605494,2.770963430404663,1.0252131223678589,True,none
bias_medium,1.0,42,0,44,0.08251726627349854,True,0.20239922404289246,0.11681102216243744,True,2.783217668533325,0.9950481653213501,True,0.20239922404289246,0.11681102216243744,0.07272130610951397,2.76766300201416,0.9632793664932251,True,none
bias_medium,1.0,42,0,43,0.13135232031345367,True,0.4460490345954895,0.24417847394943237,True,2.6097352504730225,0.8695997595787048,True,0.4460490345954895,0.24417847394943237,0.1709173505298941,2.6238207817077637,0.8269162178039551,True,none
bias_medium,1.0,42,0,42,0.11763932555913925,True,0.3003133237361908,0.15024685859680176,True,2.417532444000244,0.8563311100006104,True,0.3003133237361908,0.15024685859680176,0.12422307898343814,2.419503688812256,0.8446730971336365,True,none
bias_medium,1.0,42,0,41,0.07582376152276993,True,0.18143625557422638,0.10339456796646118,True,2.32584547996521,0.780592679977417,True,0.18143625557422638,0.10339456796646118,0.07800873150733224,2.335643768310547,0.7630841135978699,True,none
bias_medium,1.0,42,0,40,0.10290564596652985,True,0.44378727674484253,0.24949976801872253,True,2.3914310932159424,0.818480908870697,True,0.44378727674484253,0.24949976801872253,0.18557393437076283,2.426244020462036,0.8147090673446655,True,none
bias_medium,1.0,42,0,39,0.13775840401649475,True,0.632300853729248,0.4017859697341919,True,2.378523826599121,0.776898980140686,True,0.632300853729248,0.4017859697341919,0.26583751092082325,2.493255138397217,0.9011215567588806,True,none
bias_medium,1.0,42,0,38,0.5461581945419312,True,2.027554750442505,1.2948143482208252,True,2.4577341079711914,0.7598322033882141,True,2.027554750442505,1.2948143482208252,0.8249691225204928,2.549057960510254,0.9377034902572632,True,none
bias_medium,1.0,42,0,37,2.112596273422241,True,3.025766611099243,2.358466625213623,True,2.5483734607696533,0.8875192999839783,True,3.025766611099243,2.358466625213623,1.1873324917550434,2.891787528991699,1.5828529596328735,True,none
bias_medium,1.0,42,0,36,4.221312522888184,True,5.353790760040283,3.5657854080200195,True,2.7329905033111572,1.4482512474060059,True,5.353790760040283,3.5657854080200195,1.958949639068242,4.619871139526367,3.1120517253875732,True,none
bias_medium,1.0,42,0,35,17.673927307128906,True,14.92128849029541,11.792850494384766,True,4.386416912078857,2.919813394546509,True,14.92128849029541,11.792850494384766,3.4017032100171143,11.935004234313965,9.743792533874512,True,none
bias_medium,1.0,42,0,34,192.14793395996094,True,45.61298370361328,30.340213775634766,True,11.506287574768066,9.470191955566406,True,45.61298370361328,30.340213775634766,3.9641790114505064,39.82491683959961,20.87002182006836,True,none
bias_medium,1.0,42,0,33,867.8253173828125,True,95.1269302368164,65.39424896240234,True,38.83708572387695,20.355186462402344,True,95.1269302368164,65.39424896240234,2.4493838418553153,85.01331329345703,45.0390625,True,none
bias_medium,1.0,42,0,32,6343.0615234375,True,322.6802062988281,166.8557586669922,True,82.6106185913086,43.89437484741211,True,322.6802062988281,166.8557586669922,3.9060378895743217,292.73095703125,122.96138000488281,True,none
bias_medium,1.0,42,0,31,65847.3984375,True,801.1787109375,569.7113037109375,True,284.9039611816406,120.05037689208984,True,801.1787109375,569.7113037109375,2.812100988749347,678.7661743164062,449.6609191894531,True,none
bias_medium,1.0,42,0,30,640084.8125,True,3469.836669921875,2071.0126953125,True,660.1766967773438,439.6846008300781,True,3469.836669921875,2071.0126953125,5.255921159986253,3158.67529296875,2009.1114501953125,True,none
bias_medium,1.0,42,0,29,16935388.0,True,16971.142578125,8088.4013671875,True,3087.6796875,1959.7724609375,True,16971.142578125,8088.4013671875,5.496406459138257,15215.208984375,6999.2783203125,True,none
bias_medium,1.0,42,0,28,401867584.0,True,83175.1796875,50934.6640625,True,14693.08203125,6784.88671875,True,83175.1796875,50934.6640625,5.660839537314143,74781.6640625,47837.4140625,True,none
bias_medium,1.0,42,0,27,9055815680.0,True,422022.46875,290318.125,True,71977.59375,46101.796875,True,422022.46875,290318.125,5.863247807585955,385240.5,266376.40625,True,none
bias_medium,1.0,42,0,26,390946258944.0,True,3037471.5,1846420.0,True,373378.3125,259928.21875,True,3037471.5,1846420.0,8.1351042583653,2803640.0,1747271.875,True,none
bias_medium,1.0,42,0,25,20412706586624.0,True,23668320.0,11835303.0,True,2705222.75,1687214.0,True,23668320.0,11835303.0,8.749120566873836,22121450.0,10662966.0,True,none
bias_medium,1.0,42,0,24,1818135220977664.0,True,200253648.0,115398736.0,True,21238198.0,10285025.0,True,200253648.0,115398736.0,9.428937803480315,183273552.0,106254680.0,True,none
bias_medium,1.0,42,0,23,1.7086091150072218e+17,True,2220036096.0,1085110400.0,True,175554064.0,102947112.0,True,2220036096.0,1085110400.0,12.645882672360123,2074721920.0,1006874368.0,True,none
bias_medium,1.0,42,0,22,2.2321640753294475e+19,True,25614690304.0,15009955840.0,True,2003494400.0,975120640.0,True,25614690304.0,15009955840.0,12.785007187442101,23961931776.0,14232991744.0,True,none
bias_medium,1.0,42,0,21,3.5592702208046614e+21,True,362023452672.0,178661097472.0,True,22961221632.0,13819162624.0,True,362023452672.0,178661097472.0,15.766733080415223,343477747712.0,170541826048.0,True,none
bias_medium,1.0,42,0,20,7.893734326901493e+23,True,5742995701760.0,2459371831296.0,True,330952638464.0,164934172672.0,True,5742995701760.0,2459371831296.0,17.352923150617833,5484018401280.0,2340697145344.0,True,none
bias_medium,1.0,42,0,19,2.2374098314513685e+26,True,94940545679360.0,44292672323584.0,True,5207231037440.0,2256654565376.0,True,94940545679360.0,44292672323584.0,18.232443499575364,90515026477056.0,43027452133376.0,True,none
bias_medium,1.0,42,0,18,7.147950524977954e+28,True,1843984481648640.0,797150090887168.0,True,86531175874560.0,41408866025472.0,True,1843984481648640.0,797150090887168.0,21.310059212898874,1770805218246656.0,772823597449216.0,True,none
bias_medium,1.0,42,0,17,3.036560289109748e+31,True,3.817439517632102e+16,1.973762099301581e+16,True,1682919315734528.0,737732842225664.0,True,3.817439517632102e+16,1.973762099301581e+16,22.68343753583897,3.66745152871465e+16,1.921369940741325e+16,True,none
bias_medium,1.0,42,0,16,1.5300768049841879e+34,True,9.002533202270618e+17,3.727046175631606e+17,True,3.499926114585805e+16,1.8431083351638016e+16,True,9.002533202270618e+17,3.727046175631606e+17,25.722066430925253,8.68008217597182e+17,3.598376514585887e+17,True,none
bias_medium,1.0,42,0,15,9.447550196332749e+36,True,inf,1.0351488559138996e+19,True,8.231016200981709e+17,3.4531681370741146e+17,True,inf,1.0351488559138996e+19,inf,inf,1.0119290395050377e+19,True,none
bias_medium,1.0,42,0,14,,False,,,False,inf,9.726926372143628e+18,True,,,,,,False,likelihood_loss
bias_medium,1.0,42,1,99,1.037401795387268,True,1.1568223237991333,0.4687790870666504,True,6.6245927810668945,2.3209433555603027,True,1.1568223237991333,0.4687790870666504,0.17462542408722243,6.010159015655518,2.0392425060272217,True,none
bias_medium,1.0,42,1,98,0.26088839769363403,True,0.2804754078388214,0.10085320472717285,True,5.912619590759277,2.1071834564208984,True,0.2804754078388214,0.10085320472717285,0.04743674162246524,5.855185508728027,2.008755922317505,True,none
bias_medium,1.0,42,1,97,0.3119698762893677,True,0.5211762189865112,0.29833149909973145,True,5.789714336395264,2.0506601333618164,True,0.5211762189865112,0.29833149909973145,0.09001760513644114,5.626384258270264,2.0230064392089844,True,none
bias_medium,1.0,42,1,96,0.07812252640724182,True,0.09002137929201126,0.050083741545677185,True,5.596952438354492,2.204376459121704,True,0.09002137929201126,0.050083741545677185,0.016083999334191506,5.592353820800781,2.2055041790008545,True,none
bias_medium,1.0,42,1,95,0.1207871288061142,True,0.37294480204582214,0.21839439868927002,True,5.424276828765869,2.0288665294647217,True,0.37294480204582214,0.21839439868927002,0.06875475087627593,5.38055419921875,2.014587640762329,True,none
bias_medium,1.0,42,1,94,0.21803072094917297,True,0.5522985458374023,0.3726980686187744,True,5.364894390106201,2.0376148223876953,True,0.5522985458374023,0.3726980686187744,0.10294676943796582,5.5354719161987305,2.0877137184143066,True,none
bias_medium,1.0,42,1,93,0.13992297649383545,True,0.25715306401252747,0.089469313621521,True,5.390300273895264,1.9528363943099976,True,0.25715306401252747,0.089469313621521,0.04770663060420748,5.356998443603516,1.9010539054870605,True,none
bias_medium,1.0,42,1,92,0.271714448928833,True,0.5585196018218994,0.2967338562011719,True,5.203077793121338,1.9564409255981445,True,0.5585196018218994,0.2967338562011719,0.10734408056711658,5.083486557006836,1.9202334880828857,True,none
bias_medium,1.0,42,1,91,0.1063353568315506,True,0.13180755078792572,0.0954439640045166,True,5.062221527099609,2.0589051246643066,True,0.13180755078792572,0.0954439640045166,0.02603749165900659,5.019155979156494,2.034803867340088,True,none
bias_medium,1.0,42,1,90,0.16828125715255737,True,0.3253859281539917,0.1601853370666504,True,4.92640495300293,2.0341525077819824,True,0.3253859281539917,0.1601853370666504,0.06604936688275778,5.033734321594238,2.0431203842163086,True,none
bias_medium,1.0,42,1,89,0.09353931248188019,True,0.12335503101348877,0.04768383502960205,True,4.883617877960205,2.0489325523376465,True,0.12335503101348877,0.04768383502960205,0.025258944105796127,4.879627227783203,2.0302813053131104,True,none
bias_medium,1.0,42,1,88,0.11946847289800644,True,0.15542666614055634,0.11368989944458008,True,4.685271263122559,2.0020415782928467,True,0.15542666614055634,0.11368989944458008,0.033173461558965764,4.620901107788086,1.9536833763122559,True,none
bias_medium,1.0,42,1,87,0.0773620456457138,True,0.11647803336381912,0.07060939073562622,True,4.570943832397461,2.0770905017852783,True,0.11647803336381912,0.07060939073562622,0.025482271853404265,4.598845958709717,2.0663912296295166,True,none
bias_medium,1.0,42,1,86,0.08629617840051651,True,0.10399596393108368,0.07218551635742188,True,4.322158336639404,1.945143699645996,True,0.10399596393108368,0.07218551635742188,0.024061118504029474,4.280895233154297,1.9214680194854736,True,none
bias_medium,1.0,42,1,85,0.08807317912578583,True,0.12602382898330688,0.05978655815124512,True,4.4832634925842285,1.9183555841445923,True,0.12602382898330688,0.05978655815124512,0.02810984212543718,4.458287715911865,1.8994886875152588,True,none
bias_medium,1.0,42,1,84,0.10007045418024063,True,0.10565954446792603,0.045560747385025024,True,4.367395877838135,1.9571003913879395,True,0.10565954446792603,0.045560747385025024,0.024192802169379572,4.313004970550537,1.917863130569458,True,none
bias_medium,1.0,42,1,83,0.13612914085388184,True,0.19849279522895813,0.0971214771270752,True,4.363955497741699,2.1129918098449707,True,0.19849279522895813,0.0971214771270752,0.04548460572790684,4.289541244506836,2.096193313598633,True,none
bias_medium,1.0,42,1,82,0.0848870724439621,True,0.14157062768936157,0.07089847326278687,True,4.486255645751953,2.0316383838653564,True,0.14157062768936157,0.07089847326278687,0.03155652260329471,4.45552921295166,2.0102803707122803,True,none
bias_medium,1.0,42,1,81,0.11312538385391235,True,0.16756264865398407,0.057910382747650146,True,4.494778633117676,1.8906629085540771,True,0.16756264865398407,0.057910382747650146,0.03727939957250391,4.507260322570801,1.871938705444336,True,none
bias_medium,1.0,42,1,80,0.12394498288631439,True,0.2203264683485031,0.1313852071762085,True,4.593260765075684,1.9250710010528564,True,0.2203264683485031,0.1313852071762085,0.04796733292907763,4.569909572601318,1.893854022026062,True,none
bias_medium,1.0,42,1,79,0.12609846889972687,True,0.1401561051607132,0.04785262048244476,True,4.493711948394775,1.7224371433258057,True,0.1401561051607132,0.04785262048244476,0.03118938346966097,4.452272415161133,1.7157841920852661,True,none
bias_medium,1.0,42,1,78,0.11340095847845078,True,0.18203340470790863,0.07442992925643921,True,4.24168586730957,1.6141458749771118,True,0.18203340470790863,0.07442992925643921,0.04291534319191025,4.248786449432373,1.594003438949585,True,none
bias_medium,1.0,42,1,77,0.09000475704669952,True,0.14504210650920868,0.053621768951416016,True,4.326054096221924,1.6201215982437134,True,0.14504210650920868,0.053621768951416016,0.03352757577299944,4.337366104125977,1.6275827884674072,True,none
bias_medium,1.0,42,1,76,0.1298636943101883,True,0.22969487309455872,0.11744070053100586,True,4.370827674865723,1.491729497909546,True,0.22969487309455872,0.11744070053100586,0.05255180258314866,4.357892036437988,1.5220122337341309,True,none
bias_medium,1.0,42,1,75,0.10646776854991913,True,0.14228101074695587,0.0933414101600647,True,4.187244415283203,1.5052322149276733,True,0.14228101074695587,0.0933414101600647,0.03397962875718559,4.188314437866211,1.515946388244629,True,none
bias_medium,1.0,42,1,74,0.09975247830152512,True,0.08785859495401382,0.043153345584869385,True,4.144630432128906,1.617758870124817,True,0.08785859495401382,0.043153345584869385,0.02119817349043198,4.1090569496154785,1.5990897417068481,True,none
bias_medium,1.0,42,1,73,0.10242892801761627,True,0.20247496664524078,0.08313047885894775,True,4.003016471862793,1.4407665729522705,True,0.20247496664524078,0.08313047885894775,0.05058059792368754,3.9077773094177246,1.425835371017456,True,none
bias_medium,1.0,42,1,72,0.08958747237920761,True,0.10323360562324524,0.036667853593826294,True,3.841160535812378,1.5408509969711304,True,0.10323360562324524,0.036667853593826294,0.026875629034698804,3.8185670375823975,1.5103013515472412,True,none
bias_medium,1.0,42,1,71,0.09302375465631485,True,0.183317631483078,0.08042627573013306,True,3.9003658294677734,1.537036657333374,True,0.183317631483078,0.08042627573013306,0.04700011216846439,3.845364570617676,1.5274500846862793,True,none
bias_medium,1.0,42,1,70,0.09031383693218231,True,0.07840557396411896,0.03677305579185486,True,3.8083174228668213,1.5095884799957275,True,0.07840557396411896,0.03677305579185486,0.020587982895889045,3.794419527053833,1.4728153944015503,True,none
bias_medium,1.0,42,1,69,0.0973358303308487,True,0.23652459681034088,0.13475537300109863,True,3.7791223526000977,1.5010327100753784,True,0.23652459681034088,0.13475537300109863,0.06258717626528962,3.678041458129883,1.3662773370742798,True,none
bias_medium,1.0,42,1,68,0.07021210342645645,True,0.10990025848150253,0.04261469841003418,True,3.7615625858306885,1.356775164604187,True,0.10990025848150253,0.04261469841003418,0.02921665025472476,3.752903938293457,1.3783512115478516,True,none
bias_medium,1.0,42,1,67,0.08881981670856476,True,0.1831541210412979,0.07541626691818237,True,3.808589220046997,1.3430166244506836,True,0.1831541210412979,0.07541626691818237,0.048089754620213344,3.7528631687164307,1.2801477909088135,True,none
bias_medium,1.0,42,1,66,0.10892800986766815,True,0.2617678940296173,0.12442028522491455,True,3.695225238800049,1.3119697570800781,True,0.2617678940296173,0.12442028522491455,0.07083949613706103,3.7243056297302246,1.3099172115325928,True,none
bias_medium,1.0,42,1,65,0.13950249552726746,True,0.30501338839530945,0.14563393592834473,True,3.8622255325317383,1.4393445253372192,True,0.30501338839530945,0.14563393592834473,0.0789734793647046,3.8161823749542236,1.4282523393630981,True,none
bias_medium,1.0,42,1,64,0.1096297949552536,True,0.2356901913881302,0.12477034330368042,True,3.878993034362793,1.4996699094772339,True,0.2356901913881302,0.12477034330368042,0.060760663734160725,3.836446523666382,1.477455735206604,True,none
bias_medium,1.0,42,1,63,0.09738891571760178,True,0.21634921431541443,0.14297205209732056,True,3.701737403869629,1.42894446849823,True,0.21634921431541443,0.14297205209732056,0.05844531653952392,3.6670024394989014,1.4244616031646729,True,none
bias_medium,1.0,42,1,62,0.1220770850777626,True,0.35860365629196167,0.20631754398345947,True,3.6726036071777344,1.4600896835327148,True,0.35860365629196167,0.20631754398345947,0.09764289715095015,3.6601574420928955,1.4227949380874634,True,none
bias_medium,1.0,42,1,61,0.08295358717441559,True,0.10044828802347183,0.035104356706142426,True,3.465022325515747,1.427899956703186,True,0.10044828802347183,0.035104356706142426,0.028989218131081372,3.44533634185791,1.410153865814209,True,none
bias_medium,1.0,42,1,60,0.13454672694206238,True,0.2926144003868103,0.19126570224761963,True,3.547858476638794,1.5033310651779175,True,0.2926144003868103,0.19126570224761963,0.08247634518498263,3.5996205806732178,1.4700416326522827,True,none
bias_medium,1.0,42,1,59,0.1082637757062912,True,0.2972133457660675,0.1621062159538269,True,3.4831318855285645,1.4760725498199463,True,0.2972133457660675,0.1621062159538269,0.08532934024141325,3.4483730792999268,1.428741693496704,True,none
bias_medium,1.0,42,1,58,0.0752658024430275,True,0.11517231166362762,0.053066104650497437,True,3.470088481903076,1.291565179824829,True,0.11517231166362762,0.053066104650497437,0.033190021598651365,3.457219123840332,1.286536455154419,True,none
bias_medium,1.0,42,1,57,0.0895409807562828,True,0.1442503035068512,0.07363864779472351,True,3.540559768676758,1.3849997520446777,True,0.1442503035068512,0.07363864779472351,0.040742230870663226,3.4988715648651123,1.3850575685501099,True,none
bias_medium,1.0,42,1,56,0.28392189741134644,True,0.6287168860435486,0.37931251525878906,True,3.411177158355713,1.406287670135498,True,0.6287168860435486,0.37931251525878906,0.18431082786284375,3.5039758682250977,1.4419258832931519,True,none
bias_medium,1.0,42,1,55,0.15864960849285126,True,0.3646880090236664,0.17792141437530518,True,3.434504985809326,1.5328842401504517,True,0.3646880090236664,0.17792141437530518,0.10618357245960527,3.35282039642334,1.5244182348251343,True,none
bias_medium,1.0,42,1,54,0.13570761680603027,True,0.300573468208313,0.18282872438430786,True,3.3391058444976807,1.4567166566848755,True,0.300573468208313,0.18282872438430786,0.09001615468509948,3.3811614513397217,1.4848134517669678,True,none
bias_medium,1.0,42,1,53,0.141325905919075,True,0.36111170053482056,0.22152698040008545,True,3.520847797393799,1.5415257215499878,True,0.36111170053482056,0.22152698040008545,0.10256384862816847,3.573038339614868,1.5519686937332153,True,none
bias_medium,1.0,42,1,52,0.15774773061275482,True,0.39007607102394104,0.20516306161880493,True,3.648373603820801,1.4162615537643433,True,0.39007607102394104,0.20516306161880493,0.10691779773193252,3.566181182861328,1.4170438051223755,True,none
bias_medium,1.0,42,1,51,0.12017057090997696,True,0.35232409834861755,0.14097052812576294,True,3.471045732498169,1.5092072486877441,True,0.35232409834861755,0.14097052812576294,0.10150373273674576,3.430166482925415,1.5072288513183594,True,none
bias_medium,1.0,42,1,50,0.11636444181203842,True,0.3601572811603546,0.1509864330291748,True,3.2193870544433594,1.2965750694274902,True,0.3601572811603546,0.1509864330291748,0.11187138267924572,3.298278570175171,1.3018412590026855,True,none
bias_medium,1.0,42,1,49,0.0930451899766922,True,0.2721977233886719,0.13396203517913818,True,3.1692657470703125,1.2711139917373657,True,0.2721977233886719,0.13396203517913818,0.08588668326100679,3.0832910537719727,1.2719433307647705,True,none
bias_medium,1.0,42,1,48,0.08047010004520416,True,0.12839089334011078,0.04854320362210274,True,3.105046033859253,1.2125356197357178,True,0.12839089334011078,0.04854320362210274,0.041349111072756864,3.0715725421905518,1.2113581895828247,True,none
bias_medium,1.0,42,1,47,0.0785893127322197,True,0.14626798033714294,0.07743975520133972,True,3.0777335166931152,1.2421833276748657,True,0.14626798033714294,0.07743975520133972,0.047524575972468765,3.0416605472564697,1.2414453029632568,True,none
bias_medium,1.0,42,1,46,0.06804536283016205,True,0.18730206787586212,0.0762551799416542,True,3.0278236865997314,1.2300374507904053,True,0.18730206787586212,0.0762551799416542,0.06186029546725089,3.0455119609832764,1.2282474040985107,True,none
bias_medium,1.0,42,1,45,0.061140209436416626,True,0.14056916534900665,0.07095322012901306,True,3.0528252124786377,1.4649810791015625,True,0.14056916534900665,0.07095322012901306,0.04604559893385781,3.012666940689087,1.463850975036621,True,none
bias_medium,1.0,42,1,44,0.053828828036785126,True,0.1411924511194229,0.10350954532623291,True,2.990114688873291,1.4006155729293823,True,0.1411924511194229,0.10350954532623291,0.04721974432779319,2.9811835289001465,1.3969926834106445,True,none
bias_medium,1.0,42,1,43,0.06775186955928802,True,0.18432839214801788,0.08449527621269226,True,2.810534715652466,1.269035816192627,True,0.18432839214801788,0.08449527621269226,0.06558481242782317,2.793355703353882,1.2613331079483032,True,none
bias_medium,1.0,42,1,42,0.06997700035572052,True,0.2702174782752991,0.14693856239318848,True,2.6431126594543457,1.2786113023757935,True,0.2702174782752991,0.14693856239318848,0.102234567001386,2.6920645236968994,1.2684800624847412,True,none
bias_medium,1.0,42,1,41,0.08671151846647263,True,0.5701869130134583,0.3364448547363281,True,2.592471122741699,1.085946798324585,True,0.5701869130134583,0.3364448547363281,0.21993954262843637,2.5135498046875,1.070712924003601,True,none
bias_medium,1.0,42,1,40,0.07032454758882523,True,0.3547896146774292,0.14896994829177856,True,2.5854177474975586,1.1739113330841064,True,0.3547896146774292,0.14896994829177856,0.13722719085559576,2.583348274230957,1.1812710762023926,True,none
bias_medium,1.0,42,1,39,0.05993546172976494,True,0.26074665784835815,0.1745767891407013,True,2.497192859649658,1.072845220565796,True,0.26074665784835815,0.1745767891407013,0.10441590718180853,2.4450507164001465,1.047558069229126,True,none
bias_medium,1.0,42,1,38,0.09386477619409561,True,0.4907815456390381,0.2309718132019043,True,2.409120798110962,0.9182026386260986,True,0.4907815456390381,0.2309718132019043,0.20371811410356244,2.5270724296569824,0.9113296866416931,True,none
bias_medium,1.0,42,1,37,0.13983771204948425,True,0.6868112087249756,0.3411067724227905,True,2.536188840866089,0.9807732105255127,True,0.6868112087249756,0.3411067724227905,0.2708044439191539,2.3555490970611572,0.9594554901123047,True,none
bias_medium,1.0,42,1,36,0.0762714147567749,True,0.346994012594223,0.11709347367286682,True,2.3192505836486816,0.9739619493484497,True,0.346994012594223,0.11709347367286682,0.14961471392546852,2.333871603012085,0.9544370174407959,True,none
bias_medium,1.0,42,1,35,0.13454239070415497,True,0.7717315554618835,0.4337019920349121,True,2.1252589225769043,0.8699408769607544,True,0.7717315554618835,0.4337019920349121,0.3631235456834529,2.0198826789855957,0.8587361574172974,True,none
bias_medium,1.0,42,1,34,0.40456438064575195,True,1.4885798692703247,0.7413341999053955,True,1.8633627891540527,0.6741449236869812,True,1.4885798692703247,0.7413341999053955,0.7988674443506116,2.187774181365967,0.8205642104148865,True,none
bias_medium,1.0,42,1,33,1.5585932731628418,True,3.6528308391571045,1.8770763874053955,True,2.076329231262207,0.6994546055793762,True,3.6528308391571045,1.8770763874053955,1.7592734255033233,3.370142936706543,1.3362489938735962,True,none
bias_medium,1.0,42,1,32,4.800290584564209,True,6.616278648376465,3.0888967514038086,True,3.228731155395508,1.2743126153945923,True,6.616278648376465,3.0888967514038086,2.0491884675247745,5.718038082122803,3.475839614868164,True,none
bias_medium,1.0,42,1,31,20.689952850341797,True,13.198217391967773,7.453457832336426,True,5.4930853843688965,3.3935728073120117,True,13.198217391967773,7.453457832336426,2.4026965664000364,12.191300392150879,5.660113334655762,True,none
bias_medium,1.0,42,1,30,118.48408508300781,True,40.16276931762695,23.276288986206055,True,11.791132926940918,5.430546760559082,True,40.16276931762695,23.276288986206055,3.406184084809851,36.00556182861328,18.58125877380371,True,none
bias_medium,1.0,42,1,29,2947.13427734375,True,257.88031005859375,129.0758056640625,True,34.95901870727539,18.118288040161133,True,257.88031005859375,129.0758056640625,7.376646130084835,234.1167449951172,120.05250549316406,True,none
bias_medium,1.0,42,1,28,128955.9375,True,1479.5357666015625,836.1773071289062,True,224.47605895996094,116.47167205810547,True,1479.5357666015625,836.1773071289062,6.5910626436356665,1318.5950927734375,747.5487670898438,True,none
bias_medium,1.0,42,1,27,5634749.0,True,11991.0263671875,5715.0263671875,True,1279.434326171875,723.541259765625,True,11991.0263671875,5715.0263671875,9.372131200407278,11116.9931640625,5171.39990234375,True,none
bias_medium,1.0,42,1,26,405237408.0,True,90059.140625,41963.5078125,True,10689.9931640625,5008.88720703125,True,90059.140625,41963.5078125,8.424620974292088,81669.3828125,37162.9921875,True,none
bias_medium,1.0,42,1,25,44979539968.0,True,1409322.625,568268.6875,True,79076.0859375,35979.609375,True,1409322.625,568268.6875,17.822361947882673,1348643.25,544361.125,True,none
bias_medium,1.0,42,1,24,7827371327488.0,True,13308514.0,6351672.0,True,1283740.5,522786.125,True,13308514.0,6351672.0,10.366981488860093,12201301.0,5839358.5,True,none
bias_medium,1.0,42,1,23,1361610799054848.0,True,267759504.0,99092672.0,True,11793328.0,5659811.5,True,267759504.0,99092672.0,22.704320951643165,258032912.0,93432864.0,True,none
bias_medium,1.0,42,1,22,3.937730470577439e+17,True,3419642880.0,1642225920.0,True,245368288.0,89739112.0,True,3419642880.0,1642225920.0,13.936776051516485,3202467584.0,1553469824.0,True,none
bias_medium,1.0,42,1,21,1.211604375321717e+20,True,83450437632.0,32767279104.0,True,3084901120.0,1510321408.0,True,83450437632.0,32767279104.0,27.05125201290082,80671383552.0,31763294208.0,True,none
bias_medium,1.0,42,1,20,5.1652405623060796e+22,True,1350668124160.0,559422504960.0,True,76471214080.0,30320852992.0,True,1350668124160.0,559422504960.0,17.66243861052088,1278357405696.0,535377936384.0,True,none
bias_medium,1.0,42,1,19,2.3364060359636178e+25,True,39096726585344.0,13704661827584.0,True,1229089538048.0,515690201088.0,True,39096726585344.0,13704661827584.0,31.809502379652624,37951811616768.0,13226576183296.0,True,none
bias_medium,1.0,42,1,18,1.4306960596140465e+28,True,783965547921408.0,367612559097856.0,True,35951443181568.0,12809975889920.0,True,783965547921408.0,367612559097856.0,21.80623303387555,749411395174400.0,355968902758400.0,True,none
bias_medium,1.0,42,1,17,9.560293580373343e+30,True,2.643996040809677e+16,9156593249681408.0,True,721096487731200.0,344607170756608.0,True,2.643996040809677e+16,9156593249681408.0,36.666328096098944,2.574599677227827e+16,8876418037448704.0,True,none
bias_medium,1.0,42,1,16,8.542118038999652e+33,True,6.76806169183912e+17,2.7560126533599232e+17,True,2.437847274278093e+16,8583597904625664.0,True,6.76806169183912e+17,2.7560126533599232e+17,27.76245158279372,6.529087649905377e+17,2.6829916809776333e+17,True,none
bias_medium,1.0,42,1,15,8.463721494893219e+36,True,inf,9.090434483986891e+18,True,6.267687006738842e+17,2.586164220269691e+17,True,inf,9.090434483986891e+18,inf,inf,8.868797678838874e+18,True,none
bias_medium,1.0,42,1,14,,False,,,False,inf,8.582017558524199e+18,True,,,,,,False,likelihood_loss
bias_medium,1.0,42,2,99,0.4152434766292572,True,0.6053269505500793,0.3574411869049072,True,6.623600959777832,2.327498435974121,True,0.6053269505500793,0.3574411869049072,0.0913894049816509,6.465082168579102,2.182400941848755,True,none
bias_medium,1.0,42,2,98,0.38048750162124634,True,0.6296423077583313,0.2613576650619507,True,6.364501953125,2.2519166469573975,True,0.6296423077583313,0.2613576650619507,0.09893033459579269,6.335551738739014,2.1838741302490234,True,none
bias_medium,1.0,42,2,97,0.4905357360839844,True,0.5306478142738342,0.2727174758911133,True,6.26775598526001,2.228468179702759,True,0.5306478142738342,0.2727174758911133,0.08466312592922941,6.368227005004883,2.1612613201141357,True,none
bias_medium,1.0,42,2,96,0.18550896644592285,True,0.2957644462585449,0.14348918199539185,True,6.320873737335205,2.1524970531463623,True,0.2957644462585449,0.14348918199539185,0.04679170294314223,6.3652873039245605,2.1410818099975586,True,none
bias_medium,1.0,42,2,95,0.175376296043396,True,0.23329243063926697,0.10029768943786621,True,6.225625991821289,2.22652006149292,True,0.23329243063926697,0.10029768943786621,0.037472927372397526,6.186159133911133,2.1738059520721436,True,none
bias_medium,1.0,42,2,94,0.17417748272418976,True,0.16859690845012665,0.07622426748275757,True,6.177540302276611,2.2004778385162354,True,0.16859690845012665,0.07622426748275757,0.02729191558458409,6.145420551300049,2.1844544410705566,True,none
bias_medium,1.0,42,2,93,0.18422038853168488,True,0.2988833487033844,0.19149816036224365,True,5.996613502502441,2.051565170288086,True,0.2988833487033844,0.19149816036224365,0.04984202309830504,5.954992771148682,2.0020251274108887,True,none
bias_medium,1.0,42,2,92,0.17304417490959167,True,0.2164926677942276,0.1113431453704834,True,5.804010391235352,2.072535514831543,True,0.2164926677942276,0.1113431453704834,0.03730053070220486,5.738685607910156,2.0910675525665283,True,none
bias_medium,1.0,42,2,91,0.18948665261268616,True,0.22126762568950653,0.12945157289505005,True,5.692086219787598,1.9321640729904175,True,0.22126762568950653,0.12945157289505005,0.038872852087213174,5.655606269836426,1.9292361736297607,True,none
bias_medium,1.0,42,2,90,0.1609097719192505,True,0.19803127646446228,0.10227620601654053,True,5.5790510177612305,1.9304732084274292,True,0.19803127646446228,0.10227620601654053,0.03549551273755748,5.564146518707275,1.9251255989074707,True,none
bias_medium,1.0,42,2,89,0.11218909174203873,True,0.08374426513910294,0.03260885179042816,True,5.407319068908691,1.9325631856918335,True,0.08374426513910294,0.03260885179042816,0.015487206150013406,5.409212589263916,1.9414952993392944,True,none
bias_medium,1.0,42,2,88,0.31840410828590393,True,0.5425646901130676,0.19267457723617554,True,5.212291240692139,1.9127042293548584,True,0.5425646901130676,0.19267457723617554,0.10409331809342959,5.184948444366455,1.8820770978927612,True,none
bias_medium,1.0,42,2,87,0.170663520693779,True,0.2820693850517273,0.15738332271575928,True,5.083239555358887,2.0027997493743896,True,0.2820693850517273,0.15738332271575928,0.05549008304247765,5.038287162780762,1.9817237854003906,True,none
bias_medium,1.0,42,2,86,0.10688257217407227,True,0.10719648748636246,0.04246586561203003,True,4.795668125152588,1.9188404083251953,True,0.10719648748636246,0.04246586561203003,0.022352774355696128,4.800619125366211,1.9065314531326294,True,none
bias_medium,1.0,42,2,85,0.1388944387435913,True,0.1446562111377716,0.05803075432777405,True,5.006587982177734,1.9533604383468628,True,0.1446562111377716,0.05803075432777405,0.028893172686205556,5.008526802062988,1.9535951614379883,True,none
bias_medium,1.0,42,2,84,0.11965759098529816,True,0.10264041274785995,0.040497004985809326,True,4.821396827697754,1.888487458229065,True,0.10264041274785995,0.040497004985809326,0.021288522064434608,4.800537109375,1.8814518451690674,True,none
bias_medium,1.0,42,2,83,0.16780833899974823,True,0.1358029842376709,0.05454051494598389,True,4.782764434814453,2.072293996810913,True,0.1358029842376709,0.05454051494598389,0.02839424481145515,4.766088008880615,2.0655789375305176,True,none
bias_medium,1.0,42,2,82,0.1315838098526001,True,0.10198263823986053,0.04153691232204437,True,4.921431064605713,1.9973238706588745,True,0.10198263823986053,0.04153691232204437,0.02072215111845934,4.886833667755127,1.9978581666946411,True,none
bias_medium,1.0,42,2,81,0.17124606668949127,True,0.08768408745527267,0.031231820583343506,True,4.878987789154053,1.87455415725708,True,0.08768408745527267,0.031231820583343506,0.01797177841891215,4.847570896148682,1.8652459383010864,True,none
bias_medium,1.0,42,2,80,0.2070094347000122,True,0.2401062548160553,0.08225679397583008,True,4.883692264556885,1.9144288301467896,True,0.2401062548160553,0.08225679397583008,0.049164902661570926,4.901876926422119,1.92824387550354,True,none
bias_medium,1.0,42,2,79,0.25244078040122986,True,0.2877851128578186,0.14863574504852295,True,4.7732133865356445,1.7238123416900635,True,0.2877851128578186,0.14863574504852295,0.06029169231561009,4.704908847808838,1.770869255065918,True,none
bias_medium,1.0,42,2,78,0.19583813846111298,True,0.14983250200748444,0.09112399816513062,True,4.431139945983887,1.611825704574585,True,0.14983250200748444,0.09112399816513062,0.03381353417719285,4.421318054199219,1.6307827234268188,True,none
bias_medium,1.0,42,2,77,0.15120866894721985,True,0.09590829908847809,0.042622100561857224,True,4.524707794189453,1.611477255821228,True,0.09590829908847809,0.042622100561857224,0.02119657300558073,4.49177360534668,1.6091322898864746,True,none
bias_medium,1.0,42,2,76,0.14853575825691223,True,0.1227555125951767,0.04048334062099457,True,4.494661808013916,1.6200766563415527,True,0.1227555125951767,0.04048334062099457,0.027311401355331808,4.487452507019043,1.579593300819397,True,none
bias_medium,1.0,42,2,75,0.15522493422031403,True,0.13589692115783691,0.048235177993774414,True,4.2639689445495605,1.443636178970337,True,0.13589692115783691,0.048235177993774414,0.03187099224339238,4.25382137298584,1.4287923574447632,True,none
bias_medium,1.0,42,2,74,0.15058866143226624,True,0.11822952330112457,0.06182059645652771,True,4.217382431030273,1.477257251739502,True,0.11822952330112457,0.06182059645652771,0.02803386347683295,4.174168586730957,1.4438450336456299,True,none
bias_medium,1.0,42,2,73,0.17200395464897156,True,0.2357330471277237,0.12732428312301636,True,4.081500053405762,1.5559669733047485,True,0.2357330471277237,0.12732428312301636,0.05775647287593716,4.049609184265137,1.5829323530197144,True,none
bias_medium,1.0,42,2,72,0.12885358929634094,True,0.11858424544334412,0.04785877466201782,True,3.9500341415405273,1.6907974481582642,True,0.11858424544334412,0.04785877466201782,0.030021068475389382,3.914381504058838,1.6446269750595093,True,none
bias_medium,1.0,42,2,71,0.19339151680469513,True,0.31261345744132996,0.15267324447631836,True,3.956602096557617,1.6356353759765625,True,0.31261345744132996,0.15267324447631836,0.0790105878256587,3.9169812202453613,1.5581026077270508,True,none
bias_medium,1.0,42,2,70,0.12692490220069885,True,0.0523306205868721,0.017088420689105988,True,3.910949468612671,1.5857981443405151,True,0.0523306205868721,0.017088420689105988,0.01338054122326002,3.8794548511505127,1.5724883079528809,True,none
bias_medium,1.0,42,2,69,0.13158312439918518,True,0.0946645513176918,0.058683037757873535,True,3.8760287761688232,1.4704760313034058,True,0.0946645513176918,0.058683037757873535,0.024423077532266545,3.8670921325683594,1.4885320663452148,True,none
bias_medium,1.0,42,2,68,0.14482168853282928,True,0.1554875373840332,0.0721898078918457,True,3.9169843196868896,1.393089771270752,True,0.1554875373840332,0.0721898078918457,0.03969572627659195,3.8551204204559326,1.4174753427505493,True,none
bias_medium,1.0,42,2,67,0.1499272882938385,True,0.13132458925247192,0.049929678440093994,True,3.9886035919189453,1.5087182521820068,True,0.13132458925247192,0.049929678440093994,0.032924953865685565,3.9424397945404053,1.5094960927963257,True,none
bias_medium,1.0,42,2,66,0.14110583066940308,True,0.09315509349107742,0.028594493865966797,True,3.901517868041992,1.5303272008895874,True,0.09315509349107742,0.028594493865966797,0.02387662869728293,3.8850650787353516,1.5123661756515503,True,none
bias_medium,1.0,42,2,65,0.16068637371063232,True,0.1566552221775055,0.0717933177947998,True,3.954824209213257,1.4963499307632446,True,0.1566552221775055,0.0717933177947998,0.03961117204970021,3.9349377155303955,1.458608627319336,True,none
bias_medium,1.0,42,2,64,0.15656599402427673,True,0.11630547046661377,0.04140889644622803,True,3.9547975063323975,1.5637749433517456,True,0.11630547046661377,0.04140889644622803,0.02940870430922361,3.946962594985962,1.539623498916626,True,none
bias_medium,1.0,42,2,63,0.16531874239444733,True,0.10275369137525558,0.03796195983886719,True,3.780241012573242,1.5882794857025146,True,0.10275369137525558,0.03796195983886719,0.027181783127971273,3.748875617980957,1.5713324546813965,True,none
bias_medium,1.0,42,2,62,0.14994516968727112,True,0.16317227482795715,0.06318408250808716,True,3.7073848247528076,1.5984010696411133,True,0.16317227482795715,0.06318408250808716,0.04401276979354113,3.6940977573394775,1.5850528478622437,True,none
bias_medium,1.0,42,2,61,0.13990461826324463,True,0.11372998356819153,0.04618849977850914,True,3.413572311401367,1.546899676322937,True,0.11372998356819153,0.04618849977850914,0.033316998496940836,3.3965985774993896,1.50071120262146,True,none
bias_medium,1.0,42,2,60,0.15529276430606842,True,0.14656274020671844,0.0741124153137207,True,3.514596462249756,1.644469976425171,True,0.14656274020671844,0.0741124153137207,0.041701157382051005,3.5085926055908203,1.6222317218780518,True,none
bias_medium,1.0,42,2,59,0.13492804765701294,True,0.07773895561695099,0.040496647357940674,True,3.4137489795684814,1.6202939748764038,True,0.07773895561695099,0.040496647357940674,0.022772311638085026,3.4016499519348145,1.5975984334945679,True,none
bias_medium,1.0,42,2,58,0.15027952194213867,True,0.25554588437080383,0.10610771179199219,True,3.4583399295806885,1.4512578248977661,True,0.25554588437080383,0.10610771179199219,0.07389264490310354,3.4269890785217285,1.3937036991119385,True,none
bias_medium,1.0,42,2,57,0.1539812982082367,True,0.15346269309520721,0.08589661121368408,True,3.4965438842773438,1.4059033393859863,True,0.15346269309520721,0.08589661121368408,0.04388982325811151,3.4724042415618896,1.4077279567718506,True,none
bias_medium,1.0,42,2,56,0.1503954827785492,True,0.22769510746002197,0.08342525362968445,True,3.42718243598938,1.3852932453155518,True,0.22769510746002197,0.08342525362968445,0.06643798855552407,3.398634433746338,1.343277931213379,True,none
bias_medium,1.0,42,2,55,0.14330479502677917,True,0.16255022585391998,0.07226613163948059,True,3.3513340950012207,1.437954306602478,True,0.16255022585391998,0.07226613163948059,0.0485031397186953,3.337942123413086,1.4403489828109741,True,none
bias_medium,1.0,42,2,54,0.13456007838249207,True,0.1809324324131012,0.0756981372833252,True,3.2186100482940674,1.3775321245193481,True,0.1809324324131012,0.0756981372833252,0.056214462049835164,3.1984410285949707,1.376796007156372,True,none
bias_medium,1.0,42,2,53,0.13462960720062256,True,0.1935487985610962,0.07787036895751953,True,3.3633484840393066,1.4410885572433472,True,0.1935487985610962,0.07787036895751953,0.057546459868645795,3.3683228492736816,1.4509589672088623,True,none
bias_medium,1.0,42,2,52,0.11281831562519073,True,0.06112341955304146,0.02771153673529625,True,3.4513540267944336,1.319899559020996,True,0.06112341955304146,0.02771153673529625,0.017709982539749557,3.428696393966675,1.3132061958312988,True,none
bias_medium,1.0,42,2,51,0.13984961807727814,True,0.1571100652217865,0.10550791025161743,True,3.355009078979492,1.4091390371322632,True,0.1571100652217865,0.10550791025161743,0.04682850672628538,3.333589553833008,1.3928760290145874,True,none
bias_medium,1.0,42,2,50,0.12895062565803528,True,0.16728979349136353,0.07054835557937622,True,3.162076234817505,1.190833568572998,True,0.16728979349136353,0.07054835557937622,0.05290504752835775,3.158884286880493,1.1830333471298218,True,none
bias_medium,1.0,42,2,49,0.12070901691913605,True,0.17720739543437958,0.06980958580970764,True,3.057826042175293,1.1576013565063477,True,0.17720739543437958,0.06980958580970764,0.057952085236431194,3.0780768394470215,1.1549766063690186,True,none
bias_medium,1.0,42,2,48,0.11588551849126816,True,0.1023799255490303,0.05792123079299927,True,3.139813184738159,1.1034916639328003,True,0.1023799255490303,0.05792123079299927,0.03260701179504587,3.1182518005371094,1.0908931493759155,True,none
bias_medium,1.0,42,2,47,0.11186403036117554,True,0.12078951299190521,0.06964543461799622,True,3.106675624847412,1.1293175220489502,True,0.12078951299190521,0.06964543461799622,0.03888063241163101,3.0906448364257812,1.1218030452728271,True,none
bias_medium,1.0,42,2,46,0.1207377165555954,True,0.2004929780960083,0.10142499208450317,True,3.064145088195801,1.118399977684021,True,0.2004929780960083,0.10142499208450317,0.06543194670132123,3.015695095062256,1.1034971475601196,True,none
bias_medium,1.0,42,2,45,0.13062091171741486,True,0.24995851516723633,0.14046239852905273,True,3.0027108192443848,1.3486928939819336,True,0.24995851516723633,0.14046239852905273,0.08324428498580949,3.028418779373169,1.3424923419952393,True,none
bias_medium,1.0,42,2,44,0.10683654248714447,True,0.14457140862941742,0.06993171572685242,True,3.052868604660034,1.2885676622390747,True,0.14457140862941742,0.06993171572685242,0.04735592236386782,3.0044188499450684,1.2730268239974976,True,none
bias_medium,1.0,42,2,43,0.1099516898393631,True,0.1626596450805664,0.08341950178146362,True,2.859706401824951,1.1528873443603516,True,0.1626596450805664,0.08341950178146362,0.05687984087342204,2.8303284645080566,1.1415936946868896,True,none
bias_medium,1.0,42,2,42,0.10784067958593369,True,0.27496907114982605,0.16048753261566162,True,2.605404853820801,1.166629433631897,True,0.27496907114982605,0.16048753261566162,0.10553794384257827,2.6003358364105225,1.1597745418548584,True,none
bias_medium,1.0,42,2,41,0.10650011152029037,True,0.05279599875211716,0.025867074728012085,True,2.423154830932617,0.9839508533477783,True,0.05279599875211716,0.025867074728012085,0.02178812434027395,2.405689239501953,0.9778919219970703,True,none
bias_medium,1.0,42,2,40,0.09395519644021988,True,0.07497996091842651,0.027595117688179016,True,2.487027168273926,1.087538480758667,True,0.07497996091842651,0.027595117688179016,0.030148428563582918,2.481008291244507,1.0829650163650513,True,none
bias_medium,1.0,42,2,39,0.11021862179040909,True,0.18411602079868317,0.06707236170768738,True,2.4827463626861572,0.9794517159461975,True,0.18411602079868317,0.06707236170768738,0.07415820784826703,2.448650360107422,0.971173107624054,True,none
bias_medium,1.0,42,2,38,0.1310979127883911,True,0.3098808526992798,0.16639482975006104,True,2.4548606872558594,0.859319806098938,True,0.3098808526992798,0.16639482975006104,0.12623154312090543,2.4165356159210205,0.8384076952934265,True,none
bias_medium,1.0,42,2,37,0.10217161476612091,True,0.10950053483247757,0.04641711711883545,True,2.4170174598693848,0.9208824038505554,True,0.10950053483247757,0.04641711711883545,0.045303990000283095,2.399871587753296,0.9246214628219604,True,none
bias_medium,1.0,42,2,36,0.12651222944259644,True,0.23339398205280304,0.11610674858093262,True,2.3943231105804443,0.9304996132850647,True,0.23339398205280304,0.11610674858093262,0.0974780642684959,2.3821494579315186,0.9231902956962585,True,none
bias_medium,1.0,42,2,35,0.12735901772975922,True,0.2898136079311371,0.13202154636383057,True,2.2155911922454834,0.8434486389160156,True,0.2898136079311371,0.13202154636383057,0.13080644522570184,2.224743366241455,0.8297863602638245,True,none
bias_medium,1.0,42,2,34,0.10472019016742706,True,0.1561630368232727,0.08277684450149536,True,2.158163070678711,0.8138870596885681,True,0.1561630368232727,0.08277684450149536,0.0723592387178089,2.1476500034332275,0.7879939079284668,True,none
bias_medium,1.0,42,2,33,0.12040109932422638,True,0.280685693025589,0.14267569780349731,True,2.073262929916382,0.8567373156547546,True,0.280685693025589,0.14267569780349731,0.13538354878933476,2.074383497238159,0.8663590550422668,True,none
bias_medium,1.0,42,2,32,0.12075495719909668,True,0.33692118525505066,0.16234120726585388,True,2.115752696990967,0.8812435865402222,True,0.33692118525505066,0.16234120726585388,0.1592441241994219,2.1549203395843506,0.9266753792762756,True,none
bias_medium,1.0,42,2,31,0.127589151263237,True,0.34598293900489807,0.17173773050308228,True,1.9736027717590332,0.7742567658424377,True,0.34598293900489807,0.17173773050308228,0.17530525592865628,1.9595839977264404,0.7602356672286987,True,none
bias_medium,1.0,42,2,30,0.14292070269584656,True,0.513120174407959,0.20130574703216553,True,1.9227778911590576,0.753972589969635,True,0.513120174407959,0.20130574703216553,0.2668639871339385,1.8707982301712036,0.7483247518539429,True,none
bias_medium,1.0,42,2,29,0.31440234184265137,True,1.042480230331421,0.4889793395996094,True,1.878047227859497,0.7369901537895203,True,1.042480230331421,0.4889793395996094,0.5550873347945737,2.0048444271087646,0.7886147499084473,True,none
bias_medium,1.0,42,2,28,0.3750452399253845,True,1.0609790086746216,0.5144585371017456,True,2.048719644546509,0.8041555881500244,True,1.0609790086746216,0.5144585371017456,0.517874181320185,1.9550933837890625,0.8555439710617065,True,none
bias_medium,1.0,42,2,27,0.48573264479637146,True,1.6461026668548584,0.7848837375640869,True,1.8396705389022827,0.8448178172111511,True,1.6461026668548584,0.7848837375640869,0.8947812295978715,2.2300968170166016,0.8126903772354126,True,none
bias_medium,1.0,42,2,26,1.2714256048202515,True,2.062049388885498,1.0897059440612793,True,2.2346742153167725,0.8173065185546875,True,2.062049388885498,1.0897059440612793,0.9227516810956146,2.236154556274414,0.9169179797172546,True,none
bias_medium,1.0,42,2,25,1.5353600978851318,True,2.9639151096343994,1.6851215362548828,True,2.0230536460876465,0.7774454355239868,True,2.9639151096343994,1.6851215362548828,1.4650699527245883,2.6565232276916504,1.243091106414795,True,none
bias_medium,1.0,42,2,24,5.521262168884277,True,6.969844341278076,3.7632713317871094,True,2.5751194953918457,1.181922197341919,True,6.969844341278076,3.7632713317871094,2.7066100636292205,5.261457443237305,2.5813491344451904,True,none
bias_medium,1.0,42,2,23,63.19982147216797,True,31.201690673828125,16.357694625854492,True,5.06752872467041,2.419304847717285,True,31.201690673828125,16.357694625854492,6.15718082108184,26.87572479248047,13.938389778137207,True,none
bias_medium,1.0,42,2,22,3060.16259765625,True,263.6081848144531,147.1419219970703,True,25.649215698242188,13.262798309326172,True,263.6081848144531,147.1419219970703,10.27743646884722,240.3833465576172,133.91036987304688,True,none
bias_medium,1.0,42,2,21,269010.40625,True,2641.0068359375,1462.842041015625,True,230.02529907226562,129.4515838623047,True,2641.0068359375,1462.842041015625,11.481375512124776,2447.124267578125,1333.3905029296875,True,none
bias_medium,1.0,42,2,20,41215848.0,True,39226.7890625,20113.03515625,True,2349.50390625,1290.9613037109375,True,39226.7890625,20113.03515625,16.69577520520455,37235.27734375,19144.568359375,True,none
bias_medium,1.0,42,2,19,9895372800.0,True,627352.375,343556.25,True,35359.86328125,18434.388671875,True,627352.375,343556.25,17.741934407666708,597704.3125,331465.46875,True,none
bias_medium,1.0,42,2,18,2840514789376.0,True,11213160.0,4649086.0,True,572722.3125,321268.8125,True,11213160.0,4649086.0,19.578702898885226,10735122.0,4515520.0,True,none
bias_medium,1.0,42,2,17,1064316115615744.0,True,217192496.0,92088200.0,True,10175477.0,4328442.5,True,217192496.0,92088200.0,21.344699221471387,207956976.0,90275656.0,True,none
bias_medium,1.0,42,2,16,4.6643372322350694e+17,True,4890167808.0,1964986624.0,True,198162608.0,86599408.0,True,4890167808.0,1964986624.0,24.677550711282525,4709573120.0,1907945216.0,True,none
bias_medium,1.0,42,2,15,2.588369646806085e+20,True,117003108352.0,50262970368.0,True,4466086912.0,1817988992.0,True,117003108352.0,50262970368.0,26.19812615773833,112823689216.0,48687173632.0,True,none
bias_medium,1.0,42,2,14,1.7146205381956605e+23,True,3166811193344.0,1235976978432.0,True,107405836288.0,46422917120.0,True,3166811193344.0,1235976978432.0,29.484535503754692,3064011423744.0,1200986652672.0,True,none
bias_medium,1.0,42,2,13,1.3452422776984429e+26,True,88973292601344.0,32165194629120.0,True,2902950674432.0,1150663917568.0,True,88973292601344.0,32165194629120.0,30.649260900291658,86111661588480.0,31212603179008.0,True,none
bias_medium,1.0,42,2,12,1.2313070977708712e+29,True,2904499014336512.0,1111216755834880.0,True,81789649420288.0,29750621896704.0,True,2904499014336512.0,1111216755834880.0,35.51181640859373,2823976967471104.0,1084962224734208.0,True,none
bias_medium,1.0,42,2,11,1.3590915248003719e+32,True,9.744403762302157e+16,3.849346400177357e+16,True,2673938459000832.0,1044590471675904.0,True,9.744403762302157e+16,3.849346400177357e+16,36.44213923286529,9.480558767348122e+16,3.760637716149043e+16,True,none
bias_medium,1.0,42,2,10,1.74152354953514e+35,True,3.726067885160792e+18,1.3565705744023552e+18,True,9.006743988207616e+16,3.585517296602317e+16,True,3.726067885160792e+18,1.3565705744023552e+18,41.369754597657845,3.6372748995143926e+18,1.3263186114757263e+18,True,none
bias_medium,1.0,42,2,9,,False,,,False,3.4446396376943165e+18,1.2758475917869711e+18,True,,,,,,False,likelihood_loss
bias_medium,3.0,42,0,99,0.48723235726356506,True,1.098018765449524,0.684412956237793,True,6.631663799285889,2.3310489654541016,True,3.2940564155578613,2.053238868713379,0.4967164372705497,6.487234115600586,2.9837722778320312,True,none
bias_medium,3.0,42,0,98,1.8396670818328857,True,1.9327542781829834,0.6745986938476562,True,6.464920997619629,3.004509449005127,True,5.798262596130371,2.0237960815429688,0.8968806576699674,9.446049690246582,2.9176430702209473,True,none
bias_medium,3.0,42,0,97,22.648178100585938,True,26.280651092529297,14.841840744018555,True,9.198966026306152,2.9534590244293213,True,78.84195709228516,44.52552032470703,8.570741197088168,73.48576354980469,42.88974380493164,True,none
bias_medium,3.0,42,0,96,280890.3125,True,12732.5576171875,5074.31640625,True,70.28109741210938,41.22962188720703,True,38197.671875,15222.94921875,543.4985121393115,38148.03515625,15181.7197265625,True,none
bias_medium,3.0,42,0,95,169928278016.0,True,11025097.0,4370201.0,True,36008.84765625,14351.58203125,True,33075288.0,13110603.0,918.5322539545132,33046390.0,13096251.0,True,none
bias_medium,3.0,42,0,94,1.5356530153802957e+17,True,10808292352.0,4955420160.0,True,31139254.0,12443474.0,True,32424876032.0,14866259968.0,1041.2862180962973,32398225408.0,14853816320.0,True,none
bias_medium,3.0,42,0,93,1.186683910149333e+23,True,8628741341184.0,3263079120896.0,True,30578843648.0,14117909504.0,True,25886222974976.0,9789237100544.0,846.5402836339457,25860425908224.0,9775119073280.0,True,none
bias_medium,3.0,42,0,92,7.699477595458893e+28,True,7604885990146048.0,2965896108703744.0,True,24374033776640.0,9264962732032.0,True,2.2814657970438144e+16,8897688326111232.0,936.0230719095681,2.2795704279760896e+16,8890812083470336.0,True,none
bias_medium,3.0,42,0,91,4.748689463449179e+34,True,5.259807441071112e+18,2.1676688947795722e+18,True,2.158941332255539e+16,8470320289677312.0,True,1.5779424522236592e+19,6.503006546899763e+18,730.8871383619835,1.576248764512233e+19,6.503791598201995e+18,True,none
bias_medium,3.0,42,0,90,,False,,,False,1.484940371139389e+19,6.139512400803529e+18,True,,,,,,False,likelihood_loss
bias_medium,3.0,42,1,99,1.037401795387268,True,1.1568223237991333,0.4687790870666504,True,6.6245927810668945,2.3209433555603027,True,3.4704668521881104,1.4063372611999512,0.5238762542667061,5.350234031677246,1.7830716371536255,True,none
bias_medium,3.0,42,1,98,0.29501160979270935,True,0.5132302045822144,0.21391034126281738,True,5.284710884094238,1.8447669744491577,True,1.5396907329559326,0.6417310237884521,0.291348148787052,5.349753379821777,2.0485143661499023,True,none
bias_medium,3.0,42,1,97,0.311322957277298,True,0.5603343844413757,0.38846826553344727,True,5.2323713302612305,1.9595121145248413,True,1.681003212928772,1.1654047966003418,0.32126986156476117,4.977514266967773,1.8193968534469604,True,none
bias_medium,3.0,42,1,96,0.08204441517591476,True,0.09580785781145096,0.03868943452835083,True,4.8976593017578125,2.0057601928710938,True,0.28742358088493347,0.11606830358505249,0.0586859075276461,4.956325054168701,2.0379908084869385,True,none
bias_medium,3.0,42,1,95,0.07943227142095566,True,0.1448776125907898,0.07639652490615845,True,4.7075018882751465,1.8291189670562744,True,0.4346328377723694,0.22918957471847534,0.09232770333131589,4.694914817810059,1.7934517860412598,True,none
bias_medium,3.0,42,1,94,0.21924671530723572,True,0.43918532133102417,0.20670747756958008,True,4.662752151489258,1.7643191814422607,True,1.3175560235977173,0.6201224327087402,0.28257046070454644,5.1497955322265625,2.045605182647705,True,none
bias_medium,3.0,42,1,93,0.18251512944698334,True,0.38889139890670776,0.1346123218536377,True,4.858482360839844,1.9118040800094604,True,1.166674256324768,0.4038369655609131,0.24013141752414535,4.670491695404053,1.7723820209503174,True,none
bias_medium,3.0,42,1,92,0.09769104421138763,True,0.16810470819473267,0.09328854084014893,True,4.569828987121582,2.0149240493774414,True,0.504314124584198,0.2798656225204468,0.11035732978308717,4.59822416305542,2.0149483680725098,True,none
bias_medium,3.0,42,1,91,0.10771501064300537,True,0.21876348555088043,0.12056267261505127,True,4.572134017944336,2.1510276794433594,True,0.6562904715538025,0.3616880178451538,0.143541389858194,4.742684364318848,2.0813980102539062,True,none
bias_medium,3.0,42,1,90,0.20437738299369812,True,0.34578588604927063,0.1656041145324707,True,4.664065361022949,2.079286813735962,True,1.0373576879501343,0.4968123435974121,0.2224149122392214,4.8017964363098145,2.1145033836364746,True,none
bias_medium,3.0,42,1,89,0.06647153943777084,True,0.0712897777557373,0.02856038510799408,True,4.6733479499816895,2.117637872695923,True,0.21386931836605072,0.08568115532398224,0.04576361971225423,4.733008861541748,2.0968680381774902,True,none
bias_medium,3.0,42,1,88,0.11047618091106415,True,0.1517411321401596,0.05856519937515259,True,4.734078407287598,2.0661141872406006,True,0.45522341132164,0.17569559812545776,0.09615882377883243,4.717593193054199,1.9775443077087402,True,none
bias_medium,3.0,42,1,87,0.07612757384777069,True,0.1153331771492958,0.04385599493980408,True,4.781681537628174,2.0998404026031494,True,0.345999538898468,0.13156798481941223,0.07235938574655047,4.654454231262207,2.082808494567871,True,none
bias_medium,3.0,42,1,86,0.1033836156129837,True,0.22642852365970612,0.13540279865264893,True,4.39535665512085,1.9602038860321045,True,0.6792855262756348,0.4062083959579468,0.15454616759804293,4.249805927276611,1.884844183921814,True,none
bias_medium,3.0,42,1,85,0.1189524382352829,True,0.24383312463760376,0.1127161979675293,True,4.510776042938232,1.881638765335083,True,0.731499433517456,0.3381485939025879,0.1621670919935119,4.3471784591674805,1.791095495223999,True,none
bias_medium,3.0,42,1,84,0.07359486073255539,True,0.0775764137506485,0.025104045867919922,True,4.344072341918945,1.8504458665847778,True,0.2327292561531067,0.07531213760375977,0.05357398262162632,4.302643775939941,1.7852025032043457,True,none
bias_medium,3.0,42,1,83,0.16653569042682648,True,0.4153955578804016,0.20525050163269043,True,4.41508674621582,1.9825772047042847,True,1.2461867332458496,0.6157515048980713,0.28225645494138396,4.473388195037842,1.9502060413360596,True,none
bias_medium,3.0,42,1,82,0.2703488767147064,True,0.5038049221038818,0.2900831699371338,True,4.671372890472412,1.8880760669708252,True,1.511414647102356,0.8702495098114014,0.3235482763931492,5.112605571746826,1.9340931177139282,True,none
bias_medium,3.0,42,1,81,0.23697121441364288,True,0.44295892119407654,0.22658729553222656,True,5.131776809692383,1.8151452541351318,True,1.3288766145706177,0.6797618865966797,0.25895058648312813,4.497231960296631,1.7242364883422852,True,none
bias_medium,3.0,42,1,80,0.15632598102092743,True,0.3431103229522705,0.17676031589508057,True,4.629330158233643,1.7798948287963867,True,1.0293309688568115,0.5302809476852417,0.22234987215717156,4.649960517883301,1.57550048828125,True,none
bias_medium,3.0,42,1,79,0.16772373020648956,True,0.2572627663612366,0.11527305841445923,True,4.649367809295654,1.6105244159698486,True,0.7717883586883545,0.3458191752433777,0.16599855944825945,4.442782878875732,1.4724868535995483,True,none
bias_medium,3.0,42,1,78,0.09473790973424911,True,0.08059580624103546,0.03337126225233078,True,4.230363368988037,1.3376381397247314,True,0.2417874038219452,0.10011378675699234,0.057155232950999904,4.232906818389893,1.3245991468429565,True,none
bias_medium,3.0,42,1,77,0.08403877168893814,True,0.07746447622776031,0.035895153880119324,True,4.3281989097595215,1.4921549558639526,True,0.23239341378211975,0.10768546164035797,0.05369286824088638,4.304006099700928,1.4700095653533936,True,none
bias_medium,3.0,42,1,76,0.06976856291294098,True,0.1281139850616455,0.04223993420600891,True,4.1914262771606445,1.423612117767334,True,0.3843419849872589,0.12671980261802673,0.09169718362493258,4.097175598144531,1.3951318264007568,True,none
bias_medium,3.0,42,1,75,0.10590647161006927,True,0.17617090046405792,0.07381564378738403,True,3.9652342796325684,1.4885119199752808,True,0.528512716293335,0.2214469313621521,0.13328663050450965,3.935697078704834,1.497135043144226,True,none
bias_medium,3.0,42,1,74,0.0698418840765953,True,0.07963144779205322,0.02932998538017273,True,3.888340950012207,1.5326216220855713,True,0.23889432847499847,0.08798995614051819,0.061438626793822455,3.8853302001953125,1.579604983329773,True,none
bias_medium,3.0,42,1,73,0.08667340129613876,True,0.19043166935443878,0.10776656866073608,True,3.7550666332244873,1.324906826019287,True,0.5712950229644775,0.32329970598220825,0.15213978306258513,3.7611775398254395,1.2926254272460938,True,none
bias_medium,3.0,42,1,72,0.07239563763141632,True,0.14150398969650269,0.05301433801651001,True,3.5073604583740234,1.3388406038284302,True,0.42451193928718567,0.15904301404953003,0.12103459120476714,3.563481092453003,1.3313266038894653,True,none
bias_medium,3.0,42,1,71,0.051015399396419525,True,0.12208432704210281,0.08636552095413208,True,3.7034943103790283,1.3726996183395386,True,0.3662530183792114,0.25909656286239624,0.0988939060477803,3.748795747756958,1.4578979015350342,True,none
bias_medium,3.0,42,1,70,0.0482725091278553,True,0.05511590093374252,0.02747572958469391,True,3.724759101867676,1.4385578632354736,True,0.16534769535064697,0.08242718875408173,0.04439151387473451,3.6787869930267334,1.420219898223877,True,none
bias_medium,3.0,42,1,69,0.050864674150943756,True,0.10373646020889282,0.05793273448944092,True,3.6085174083709717,1.2458401918411255,True,0.31120938062667847,0.17379820346832275,0.0862430038177603,3.623213291168213,1.2599482536315918,True,none
bias_medium,3.0,42,1,68,0.08021615445613861,True,0.18499571084976196,0.08260774612426758,True,3.65091872215271,1.3412487506866455,True,0.5549870729446411,0.24782323837280273,0.152012990477435,3.9052140712738037,1.5890719890594482,True,none
bias_medium,3.0,42,1,67,0.0623161718249321,True,0.11151299625635147,0.06002268195152283,True,4.042942047119141,1.5834492444992065,True,0.334538996219635,0.18006804585456848,0.0827464238469441,4.073554515838623,1.5752063989639282,True,none
bias_medium,3.0,42,1,66,0.08082784712314606,True,0.15121181309223175,0.05792456865310669,True,4.045333385467529,1.3964879512786865,True,0.45363542437553406,0.17377370595932007,0.11213795777748838,4.1997809410095215,1.3451027870178223,True,none
bias_medium,3.0,42,1,65,0.1104588732123375,True,0.3271450996398926,0.15192437171936035,True,4.2850661277771,1.3375301361083984,True,0.981435239315033,0.45577311515808105,0.2290361945531815,4.294559955596924,1.3430047035217285,True,none
bias_medium,3.0,42,1,64,0.07256253808736801,True,0.20208430290222168,0.11295944452285767,True,4.274210453033447,1.3785786628723145,True,0.606252908706665,0.338878333568573,0.14183974218589537,4.38820219039917,1.370843529701233,True,none
bias_medium,3.0,42,1,63,0.2917737364768982,True,0.5296927690505981,0.24200868606567383,True,4.200729846954346,1.3955817222595215,True,1.5890780687332153,0.7260260581970215,0.3782861851696952,4.122674942016602,1.282403826713562,True,none
bias_medium,3.0,42,1,62,0.08313871175050735,True,0.14094170928001404,0.05878496170043945,True,4.12515115737915,1.3261827230453491,True,0.4228251278400421,0.17635488510131836,0.10249930528814243,4.1581902503967285,1.308107614517212,True,none
bias_medium,3.0,42,1,61,0.07407655566930771,True,0.1518602967262268,0.051850825548172,True,3.858356237411499,1.2109601497650146,True,0.45558086037635803,0.155552476644516,0.1180764119079582,3.844076156616211,1.2173528671264648,True,none
bias_medium,3.0,42,1,60,0.20608524978160858,True,0.6557437181472778,0.34705138206481934,True,3.882354974746704,1.304080843925476,True,1.9672311544418335,1.041154146194458,0.5067107895175593,4.399905681610107,1.5419700145721436,True,none
bias_medium,3.0,42,1,59,0.5137647986412048,True,0.9143177270889282,0.4944939613342285,True,4.300680160522461,1.5178183317184448,True,2.742953300476074,1.4834818840026855,0.6377952319388971,4.889995574951172,2.0625319480895996,True,none
bias_medium,3.0,42,1,58,0.7150893211364746,True,1.324722170829773,0.7352468967437744,True,4.802667140960693,1.9563724994659424,True,3.9741663932800293,2.2057406902313232,0.8274915326495511,5.164827346801758,1.9245978593826294,True,none
bias_medium,3.0,42,1,57,0.13296407461166382,True,0.4207170307636261,0.2560708522796631,True,5.06571102142334,1.8340188264846802,True,1.2621510028839111,0.7682125568389893,0.2491557448788361,4.559568881988525,1.8488595485687256,True,none
bias_medium,3.0,42,1,56,0.4175141751766205,True,1.6544750928878784,0.9127597808837891,True,4.528672218322754,1.8122462034225464,True,4.963425636291504,2.738279342651367,1.0960001954234324,5.338047504425049,2.267118215560913,True,none
bias_medium,3.0,42,1,55,3.7394073009490967,True,8.427319526672363,4.2305402755737305,True,5.182126998901367,2.164994716644287,True,25.281957626342773,12.691620826721191,4.878683527381281,23.30759620666504,11.749824523925781,True,none
bias_medium,3.0,42,1,54,2305.721923828125,True,416.3306579589844,233.9996337890625,True,22.100427627563477,11.346352577209473,True,1248.991943359375,701.9989013671875,56.514379015978214,1235.321533203125,695.6234130859375,True,none
bias_medium,3.0,42,1,53,10500866.0,True,37908.15625,13561.8994140625,True,1179.7213134765625,666.4010009765625,True,113724.46875,40685.69921875,96.39943557081396,113206.8359375,40689.73828125,True,none
bias_medium,3.0,42,1,52,58920861696.0,True,1907426.125,797446.5,True,108151.78125,38860.4765625,True,5722278.0,2392339.5,52.909697222393184,5664654.5,2372336.0,True,none
bias_medium,3.0,42,1,51,163023218016256.0,True,98733432.0,37673060.0,True,5416603.5,2281262.0,True,296200288.0,113019184.0,54.68376778916899,293108000.0,112236424.0,True,none
bias_medium,3.0,42,1,50,4.811190066825134e+17,True,7122010112.0,3936104704.0,True,280351776.0,106954688.0,True,21366030336.0,11808314368.0,76.21150342204359,21240829952.0,11835964416.0,True,none
bias_medium,3.0,42,1,49,1.183671801387556e+21,True,251594358784.0,106432888832.0,True,20391225344.0,11330834432.0,True,754782961664.0,319298666496.0,37.01508609369032,746152001536.0,317246373888.0,True,none
bias_medium,3.0,42,1,48,2.2544534066432887e+24,True,9655372742656.0,3223741005824.0,True,714818519040.0,304592125952.0,True,28966119276544.0,9671223017472.0,40.52234029337327,28530203164672.0,9366630563840.0,True,none
bias_medium,3.0,42,1,47,3.3680189291899075e+27,True,435624842625024.0,209668341235712.0,True,27215012036608.0,8979428147200.0,True,1306874662092800.0,629005006929920.0,48.02035951095192,1292394179854336.0,620025572491264.0,True,none
bias_medium,3.0,42,1,46,3.108532720639849e+30,True,1.2836147566739456e+16,4773552817438720.0,True,1246377631809536.0,601844237729792.0,True,3.850844055273472e+16,1.4320657915445248e+16,30.896286622880723,3.80725271419945e+16,1.4158449885577216e+16,True,none
bias_medium,3.0,42,1,45,2.707930391509756e+33,True,3.2248906252917146e+17,1.9684218228650803e+17,True,3.641223451928166e+16,1.3475887240445952e+16,True,9.67467153227776e+17,5.905265296796549e+17,26.569837473596007,9.522869520973169e+17,5.855983811250094e+17,True,none
bias_medium,3.0,42,1,44,2.236592805300304e+36,True,8.252033778063507e+18,2.8736308137972204e+18,True,9.114906039408394e+17,5.654276341550285e+17,True,inf,8.620892441391661e+18,inf,inf,8.055464738517156e+18,True,none
bias_medium,3.0,42,1,43,,False,,,False,inf,7.71387726209273e+18,True,,,,,,False,likelihood_loss
bias_medium,3.0,42,2,99,0.4152434766292572,True,0.6053269505500793,0.3574411869049072,True,6.623600959777832,2.327498435974121,True,1.8159806728363037,1.0723235607147217,0.2741681879484692,6.312385082244873,2.4246444702148438,True,none
bias_medium,3.0,42,2,98,0.1589759886264801,True,0.39133647084236145,0.24233174324035645,True,6.24638557434082,2.4543709754943848,True,1.1740094423294067,0.7269952297210693,0.18795020389901432,6.634631156921387,2.5179035663604736,True,none
bias_medium,3.0,42,2,97,0.2937362790107727,True,0.4563034474849701,0.1700899600982666,True,6.541279315948486,2.4139528274536133,True,1.368910312652588,0.5102698802947998,0.20927256680735187,6.617580413818359,2.652024984359741,True,none
bias_medium,3.0,42,2,96,0.23521551489830017,True,0.4122540354728699,0.16198277473449707,True,6.581349849700928,2.659649133682251,True,1.2367620468139648,0.4859483242034912,0.18791920731428347,6.725415229797363,2.7618837356567383,True,none
bias_medium,3.0,42,2,95,0.17517849802970886,True,0.32912686467170715,0.1159180998802185,True,6.602540016174316,2.7121548652648926,True,0.9873806238174438,0.3477542996406555,0.14954557206749175,6.714330673217773,2.5877318382263184,True,none
bias_medium,3.0,42,2,94,0.24908259510993958,True,0.4094558358192444,0.17082762718200684,True,6.665931701660156,2.579575777053833,True,1.228367567062378,0.5124828815460205,0.18427545046047616,6.587405681610107,2.4578182697296143,True,none
bias_medium,3.0,42,2,93,0.17002788186073303,True,0.2774523198604584,0.11425438523292542,True,6.425668239593506,2.3869051933288574,True,0.8323569893836975,0.34276315569877625,0.12953625340548608,6.539785385131836,2.5154600143432617,True,none
bias_medium,3.0,42,2,92,0.28048157691955566,True,0.43945667147636414,0.16328036785125732,True,6.454437255859375,2.4242236614227295,True,1.3183701038360596,0.489841103553772,0.2042579471415624,6.1026692390441895,2.3316731452941895,True,none
bias_medium,3.0,42,2,91,0.160471111536026,True,0.29632869362831116,0.13606485724449158,True,6.017316818237305,2.1388869285583496,True,0.8889861702919006,0.40819457173347473,0.14773796978703374,5.736433029174805,2.0290234088897705,True,none
bias_medium,3.0,42,2,90,0.09017185866832733,True,0.0838729739189148,0.03572461009025574,True,5.7144060134887695,2.0271856784820557,True,0.2516189217567444,0.10717383027076721,0.044032384321792614,5.694336414337158,2.03918194770813,True,none
bias_medium,3.0,42,2,89,0.10004457086324692,True,0.11950383335351944,0.055590517818927765,True,5.497562885284424,2.043328285217285,True,0.35851147770881653,0.1667715609073639,0.06521280159766708,5.495225429534912,2.0141937732696533,True,none
bias_medium,3.0,42,2,88,0.3356424868106842,True,0.5104365348815918,0.21120023727416992,True,5.284403324127197,1.9829270839691162,True,1.5313096046447754,0.6336007118225098,0.28977909344143515,5.678891658782959,2.217103958129883,True,none
bias_medium,3.0,42,2,87,0.09130680561065674,True,0.08051182329654694,0.035156797617673874,True,5.6406378746032715,2.1569225788116455,True,0.2415354698896408,0.10547038912773132,0.042820594985737516,5.5943989753723145,2.1309447288513184,True,none
bias_medium,3.0,42,2,86,0.14673784375190735,True,0.2513926029205322,0.13824108242988586,True,5.318648815155029,2.1218113899230957,True,0.7541777491569519,0.4147232472896576,0.1417987491499431,5.3697190284729,2.1463656425476074,True,none
bias_medium,3.0,42,2,85,0.1302017867565155,True,0.21370555460453033,0.12087053060531616,True,5.437252044677734,2.2035160064697266,True,0.6411166191101074,0.3626115918159485,0.11791188156111833,5.379025936126709,2.260794162750244,True,none
bias_medium,3.0,42,2,84,0.08755145221948624,True,0.07167879492044449,0.024175167083740234,True,4.9857635498046875,1.9247008562088013,True,0.21503640711307526,0.0725255012512207,0.04313008528482181,4.937751770019531,1.9333701133728027,True,none
bias_medium,3.0,42,2,83,0.09067604690790176,True,0.05238419398665428,0.01742662489414215,True,4.932041645050049,2.0459043979644775,True,0.15715256333351135,0.05227987468242645,0.03186359212745146,4.98416805267334,2.05108904838562,True,none
bias_medium,3.0,42,2,82,0.10119228065013885,True,0.09597000479698181,0.04722088575363159,True,5.016274452209473,1.9824270009994507,True,0.28791001439094543,0.14166265726089478,0.05739518782989932,5.020028114318848,1.9865320920944214,True,none
bias_medium,3.0,42,2,81,0.1379527598619461,True,0.12111775577068329,0.04898571968078613,True,5.0266876220703125,1.8629560470581055,True,0.36335328221321106,0.1469571590423584,0.072284834374388,5.040310382843018,1.9178416728973389,True,none
bias_medium,3.0,42,2,80,0.1615578830242157,True,0.21371349692344666,0.10922294855117798,True,5.072267532348633,1.9644739627838135,True,0.6411404609680176,0.32766884565353394,0.12640115232072968,5.1413397789001465,1.931214690208435,True,none
bias_medium,3.0,42,2,79,0.17139726877212524,True,0.16583757102489471,0.08219152688980103,True,5.003892421722412,1.897814393043518,True,0.49751272797584534,0.24657458066940308,0.09942514467657057,5.023186683654785,1.934924602508545,True,none
bias_medium,3.0,42,2,78,0.13867059350013733,True,0.19863103330135345,0.09405043721199036,True,4.711315631866455,1.770411729812622,True,0.595893144607544,0.28215131163597107,0.12648126153486894,4.717670440673828,1.8948326110839844,True,none
bias_medium,3.0,42,2,77,0.11355656385421753,True,0.09715613722801208,0.04333774745464325,True,4.818632125854492,1.9656193256378174,True,0.29146841168403625,0.13001324236392975,0.0604877907404665,4.740546226501465,2.040903091430664,True,none
bias_medium,3.0,42,2,76,0.12085447460412979,True,0.16170133650302887,0.06898234784603119,True,4.7352094650268555,1.9994922876358032,True,0.4851039946079254,0.20694704353809357,0.10244615326749262,4.6676788330078125,2.1943461894989014,True,none
bias_medium,3.0,42,2,75,0.11746691167354584,True,0.1303139179944992,0.05907858908176422,True,4.476744174957275,2.0734708309173584,True,0.3909417688846588,0.17723576724529266,0.08732725248663611,4.482912063598633,1.9666285514831543,True,none
bias_medium,3.0,42,2,74,0.11664237082004547,True,0.06407984346151352,0.027789192274212837,True,4.365167617797852,1.9147275686264038,True,0.19223950803279877,0.08336757868528366,0.044039433273752746,4.3517985343933105,1.9188138246536255,True,none
bias_medium,3.0,42,2,73,0.13539667427539825,True,0.16593997180461884,0.0880885124206543,True,4.2536187171936035,1.791975498199463,True,0.4978199005126953,0.2642655372619629,0.11703444375499253,4.244445323944092,1.6868243217468262,True,none
bias_medium,3.0,42,2,72,0.11404883861541748,True,0.11721491068601608,0.04462307691574097,True,4.031058311462402,1.7215321063995361,True,0.35164472460746765,0.1338692307472229,0.08723384715310889,4.012800216674805,1.589976191520691,True,none
bias_medium,3.0,42,2,71,0.15726478397846222,True,0.23357923328876495,0.09645259380340576,True,3.953695297241211,1.5808918476104736,True,0.700737714767456,0.2893577814102173,0.17723614545011496,3.7831993103027344,1.2915340662002563,True,none
bias_medium,3.0,42,2,70,0.11056743562221527,True,0.057403720915317535,0.028480708599090576,True,3.746896266937256,1.3279962539672852,True,0.172211155295372,0.08544212579727173,0.04596101493786293,3.7132785320281982,1.3056271076202393,True,none
bias_medium,3.0,42,2,69,0.1313784122467041,True,0.20226027071475983,0.09404230117797852,True,3.6981937885284424,1.3667404651641846,True,0.6067808270454407,0.28212690353393555,0.16407491379372044,3.6392996311187744,1.3499174118041992,True,none
bias_medium,3.0,42,2,68,0.1362817883491516,True,0.22434835135936737,0.11043274402618408,True,3.658154010772705,1.3129233121871948,True,0.6730450987815857,0.33129823207855225,0.18398489970607762,3.7315566539764404,1.3157638311386108,True,none
bias_medium,3.0,42,2,67,0.12489023059606552,True,0.13246779143810272,0.051622867584228516,True,3.8452513217926025,1.4238388538360596,True,0.39740338921546936,0.15486860275268555,0.10334913272459446,3.7589023113250732,1.3777391910552979,True,none
bias_medium,3.0,42,2,66,0.11167977005243301,True,0.09931862354278564,0.03623753786087036,True,3.796720027923584,1.3612743616104126,True,0.29795587062835693,0.10871261358261108,0.07847717725745233,3.877912759780884,1.2882167100906372,True,none
bias_medium,3.0,42,2,65,0.10536453872919083,True,0.08939856290817261,0.03189823031425476,True,3.940504550933838,1.2878268957138062,True,0.2681956887245178,0.09569469094276428,0.06806125592746533,4.007330894470215,1.3171684741973877,True,none
bias_medium,3.0,42,2,64,0.15057052671909332,True,0.22859109938144684,0.08846420049667358,True,3.900249481201172,1.3123993873596191,True,0.6857733130455017,0.26539260149002075,0.1758280633971461,3.858025074005127,1.4546144008636475,True,none
bias_medium,3.0,42,2,63,0.11001912504434586,True,0.11965946853160858,0.056041330099105835,True,3.6935653686523438,1.3611466884613037,True,0.35897842049598694,0.1681239902973175,0.09719021722008098,3.69437837600708,1.2991113662719727,True,none
bias_medium,3.0,42,2,62,0.10548706352710724,True,0.13205890357494354,0.04515928030014038,True,3.671811103820801,1.3766610622406006,True,0.3961767256259918,0.13547784090042114,0.10789681561059382,3.7249033451080322,1.374451756477356,True,none
bias_medium,3.0,42,2,61,0.10191740095615387,True,0.08436451852321625,0.034171611070632935,True,3.422327756881714,1.294813871383667,True,0.25309354066848755,0.1025148332118988,0.0739536241552218,3.474579334259033,1.322797179222107,True,none
bias_medium,3.0,42,2,60,0.0894981101155281,True,0.08570218831300735,0.034879446029663086,True,3.592071294784546,1.4061580896377563,True,0.2571065425872803,0.10463833808898926,0.07157612460546389,3.673154592514038,1.4554672241210938,True,none
bias_medium,3.0,42,2,59,0.08636681735515594,True,0.06181459128856659,0.03196285665035248,True,3.5753955841064453,1.4389698505401611,True,0.18544377386569977,0.09588856995105743,0.051866645103549734,3.5925281047821045,1.4173238277435303,True,none
bias_medium,3.0,42,2,58,0.09740550816059113,True,0.1181567907333374,0.05368843674659729,True,3.5785763263702393,1.328886866569519,True,0.3544703423976898,0.16106531023979187,0.09905345312478805,3.595698118209839,1.4899522066116333,True,none
bias_medium,3.0,42,2,57,0.11985015869140625,True,0.17388060688972473,0.07005688548088074,True,3.5686850547790527,1.3571810722351074,True,0.5216418504714966,0.2101706564426422,0.14617200522438556,3.4643983840942383,1.295910358428955,True,none
bias_medium,3.0,42,2,56,0.10686875879764557,True,0.10844340920448303,0.060711562633514404,True,3.332646369934082,1.186219573020935,True,0.3253301978111267,0.1821346879005432,0.09761917758392828,3.349264144897461,1.368354320526123,True,none
bias_medium,3.0,42,2,55,0.11896800994873047,True,0.2474345862865448,0.11778527498245239,True,3.4566187858581543,1.502425193786621,True,0.7423037886619568,0.3533558249473572,0.2147485258422718,3.4676284790039062,1.565692663192749,True,none
bias_medium,3.0,42,2,54,0.16678115725517273,True,0.282204270362854,0.14730793237686157,True,3.3928468227386475,1.505035400390625,True,0.846612811088562,0.4419237971305847,0.24952874542238873,3.386805772781372,1.5464262962341309,True,none
bias_medium,3.0,42,2,53,0.1624925434589386,True,0.3050858676433563,0.11982882022857666,True,3.4643237590789795,1.6047967672348022,True,0.9152576327323914,0.35948646068573,0.26419517815951943,3.551048517227173,1.3349900245666504,True,none
bias_medium,3.0,42,2,52,0.13626639544963837,True,0.2753918766975403,0.14342010021209717,True,3.6613175868988037,1.3062320947647095,True,0.8261757493019104,0.4302603006362915,0.22564984590737708,3.6557414531707764,1.3846477270126343,True,none
bias_medium,3.0,42,2,51,0.09038271754980087,True,0.06657543778419495,0.029529839754104614,True,3.610187292098999,1.1740177869796753,True,0.19972632825374603,0.08858951926231384,0.05532298246431636,3.575188636779785,1.1397391557693481,True,none
bias_medium,3.0,42,2,50,0.1186986193060875,True,0.18531744182109833,0.06441697478294373,True,3.4072277545928955,1.0739843845367432,True,0.5559523105621338,0.19325092434883118,0.16316852015911018,3.43380069732666,1.092208981513977,True,none
bias_medium,3.0,42,2,49,0.14482487738132477,True,0.31414034962654114,0.15077698230743408,True,3.2397255897521973,1.025044322013855,True,0.9424209594726562,0.45233094692230225,0.29089530374220673,3.303011894226074,1.2590147256851196,True,none
bias_medium,3.0,42,2,48,0.11178074032068253,True,0.17207135260105133,0.06233420968055725,True,3.3157601356506348,1.2614015340805054,True,0.5162140727043152,0.18700262904167175,0.15568498672563522,3.3190555572509766,1.3240253925323486,True,none
bias_medium,3.0,42,2,47,0.11889801174402237,True,0.2399389147758484,0.12415313720703125,True,3.2933428287506104,1.2441812753677368,True,0.7198166847229004,0.37245941162109375,0.21856718906964126,3.3230648040771484,1.3634308576583862,True,none
bias_medium,3.0,42,2,46,0.19450390338897705,True,0.29817676544189453,0.1439151167869568,True,3.317375421524048,1.1759480237960815,True,0.8945302963256836,0.43174535036087036,0.26965000419351226,3.481564998626709,1.6076934337615967,True,none
bias_medium,3.0,42,2,45,0.115373395383358,True,0.12122755497694016,0.046101659536361694,True,3.4183287620544434,1.4406819343566895,True,0.36368265748023987,0.13830497860908508,0.10639194846242854,3.3809990882873535,1.4060367345809937,True,none
bias_medium,3.0,42,2,44,0.11566922813653946,True,0.1864951103925705,0.08267825841903687,True,3.32080078125,1.1814489364624023,True,0.5594852566719055,0.2480347752571106,0.16847901862427841,3.1492960453033447,1.0992133617401123,True,none
bias_medium,3.0,42,2,43,0.08913055807352066,True,0.11830762773752213,0.05771103501319885,True,3.1326677799224854,1.1943649053573608,True,0.35492292046546936,0.17313310503959656,0.11329733805163925,3.1242878437042236,1.320110559463501,True,none
bias_medium,3.0,42,2,42,0.10356728732585907,True,0.2223791629076004,0.09741222858428955,True,2.9253430366516113,1.275994062423706,True,0.6671375036239624,0.29223668575286865,0.22805445216686426,2.9118428230285645,1.2303990125656128,True,none
bias_medium,3.0,42,2,41,0.09270302951335907,True,0.1415746808052063,0.05400508642196655,True,2.753495454788208,1.4044649600982666,True,0.4247240424156189,0.16201525926589966,0.1542490443108915,2.7026073932647705,1.368330955505371,True,none
bias_medium,3.0,42,2,40,0.1466369479894638,True,0.49771860241889954,0.2873944044113159,True,2.6459503173828125,1.3745782375335693,True,1.493155837059021,0.8621832132339478,0.5643174126320637,2.8802602291107178,1.3204424381256104,True,none
bias_medium,3.0,42,2,39,0.6553383469581604,True,0.776772677898407,0.31196701526641846,True,2.8329970836639404,1.193845510482788,True,2.3303182125091553,0.9359010457992554,0.8225628702358251,3.238574504852295,1.5969725847244263,True,none
bias_medium,3.0,42,2,38,0.20880594849586487,True,0.6268124580383301,0.29272890090942383,True,3.1233434677124023,1.6524815559387207,True,1.8804373741149902,0.8781867027282715,0.6020591054277028,3.447728157043457,1.7143772840499878,True,none
bias_medium,3.0,42,2,37,0.09523601830005646,True,0.15593934059143066,0.05748176574707031,True,3.2761621475219727,1.7148137092590332,True,0.4678179919719696,0.17244529724121094,0.14279451715345515,3.1360208988189697,1.5999318361282349,True,none
bias_medium,3.0,42,2,36,0.17826911807060242,True,0.6400647759437561,0.2323399782180786,True,3.011566400527954,1.508228063583374,True,1.9201942682266235,0.6970199346542358,0.6376064854121626,3.149056911468506,1.3491326570510864,True,none
bias_medium,3.0,42,2,35,0.4235449731349945,True,0.7378090023994446,0.44999194145202637,True,3.021125078201294,1.3483567237854004,True,2.2134270668029785,1.349975824356079,0.7326499266028627,4.197513103485107,2.6983325481414795,True,none
bias_medium,3.0,42,2,34,0.5780872702598572,True,1.9248065948486328,1.0755715370178223,True,3.9042203426361084,2.5620532035827637,True,5.774419784545898,3.226714611053467,1.4790199522001266,4.604776382446289,2.635688304901123,True,none
bias_medium,3.0,42,2,33,8.320060729980469,True,9.449197769165039,5.862598896026611,True,4.542849540710449,2.584012508392334,True,28.347597122192383,17.587797164916992,6.240047544641531,25.89626121520996,15.0037841796875,True,none
bias_medium,3.0,42,2,32,1276.3818359375,True,138.04481506347656,71.02876281738281,True,25.257951736450195,14.572015762329102,True,414.13446044921875,213.08628845214844,16.396201274371652,394.75177001953125,198.70382690429688,True,none
bias_medium,3.0,42,2,31,228421.28125,True,1858.2808837890625,876.978515625,True,381.64276123046875,193.40142822265625,True,5574.84228515625,2630.935546875,14.607488603169562,5344.15625,2437.5341796875,True,none
bias_medium,3.0,42,2,30,58706060.0,True,30391.265625,21672.87109375,True,5225.837890625,2378.946533203125,True,91173.7890625,65018.61328125,17.44673121722032,87485.5703125,62639.66796875,True,none
bias_medium,3.0,42,2,29,14750631936.0,True,539082.0,266400.125,True,84693.3984375,61114.44140625,True,1617246.0,799200.375,19.095301757119316,1565390.5,738085.9375,True,none
bias_medium,3.0,42,2,28,5868573687808.0,True,13037950.0,7015878.5,True,1520598.25,719285.6875,True,39113848.0,21047636.0,25.72267066596979,38263128.0,20328350.0,True,none
bias_medium,3.0,42,2,27,3640769957068800.0,True,227326656.0,123366688.0,True,36861284.0,19740444.0,True,681980032.0,370100064.0,18.501255463591555,651423872.0,350359616.0,True,none
bias_medium,3.0,42,2,26,2.3653911845845074e+18,True,8619200512.0,4389851136.0,True,631588544.0,340724928.0,True,25857603584.0,13169553408.0,40.940583596145785,25329258496.0,12828828672.0,True,none
bias_medium,3.0,42,2,25,2.139901547756252e+21,True,185985204224.0,103556399104.0,True,24122193920.0,12433247232.0,True,557955612672.0,310669213696.0,23.13038418157282,536058920960.0,298235953152.0,True,none
bias_medium,3.0,42,2,24,2.0254248291771982e+24,True,8718764736512.0,3957684961280.0,True,519145783296.0,289487749120.0,True,26156296306688.0,11873055408128.0,50.38333575710569,25709256900608.0,11583567691776.0,True,none
bias_medium,3.0,42,2,23,2.8448412282085125e+27,True,252988706783232.0,140624149872640.0,True,24531972390912.0,11234972794880.0,True,758966086795264.0,421872458006528.0,30.93783388882449,737605738037248.0,412833632223232.0,True,none
bias_medium,3.0,42,2,22,4.391985794719171e+30,True,1.3927761823399936e+16,5137874492063744.0,True,711457775812608.0,399610233225216.0,True,4.178328439645798e+16,1.5413624013062144e+16,58.72911340203463,4.117812779941888e+16,1.5163968301563904e+16,True,none
bias_medium,3.0,42,2,21,9.52243470949949e+33,True,5.150819931515781e+17,2.4300449078391603e+17,True,3.902719529268019e+16,1.448391284359168e+16,True,1.5452460825339494e+18,7.290134551718789e+17,39.5940848668613,1.5102446416921887e+18,7.176955635118899e+17,True,none
bias_medium,3.0,42,2,20,,False,,,False,1.4548177107801866e+18,6.945059012094198e+17,True,,,,,,False,likelihood_loss
