degradation,degradation_group,traj_idx,method,ADE,smooth,noisy_ADE,noisy_smooth,delta_ADE_vs_noisy,delta_smooth_vs_noisy,improved_ADE_vs_noisy,improved_smooth_vs_noisy
gaussian_medium,relative_observable,0,noisy_input,0.05268967151641846,0.25759485363960266,0.05268967151641846,0.25759485363960266,0.0,0.0,0,0
gaussian_medium,relative_observable,1,noisy_input,0.06313766539096832,0.21430154144763947,0.06313766539096832,0.21430154144763947,0.0,0.0,0,0
gaussian_medium,relative_observable,2,noisy_input,0.051779210567474365,0.4836506247520447,0.051779210567474365,0.4836506247520447,0.0,0.0,0,0
gaussian_medium,relative_observable,3,noisy_input,0.05588671565055847,0.15313297510147095,0.05588671565055847,0.15313297510147095,0.0,0.0,0,0
gaussian_medium,relative_observable,4,noisy_input,0.05658530071377754,0.1726716309785843,0.05658530071377754,0.1726716309785843,0.0,0.0,0,0
gaussian_medium,relative_observable,5,noisy_input,0.06796588748693466,0.16809971630573273,0.06796588748693466,0.16809971630573273,0.0,0.0,0,0
gaussian_medium,relative_observable,6,noisy_input,0.056925155222415924,0.46997445821762085,0.056925155222415924,0.46997445821762085,0.0,0.0,0,0
gaussian_medium,relative_observable,7,noisy_input,0.06172262877225876,0.2411469668149948,0.06172262877225876,0.2411469668149948,0.0,0.0,0,0
gaussian_medium,relative_observable,8,noisy_input,0.06060759350657463,0.19851376116275787,0.06060759350657463,0.19851376116275787,0.0,0.0,0,0
gaussian_medium,relative_observable,9,noisy_input,0.0659550279378891,0.19999346137046814,0.0659550279378891,0.19999346137046814,0.0,0.0,0,0
gaussian_medium,relative_observable,10,noisy_input,0.05687336251139641,0.16831055283546448,0.05687336251139641,0.16831055283546448,0.0,0.0,0,0
gaussian_medium,relative_observable,11,noisy_input,0.06904856115579605,0.4834783971309662,0.06904856115579605,0.4834783971309662,0.0,0.0,0,0
gaussian_medium,relative_observable,12,noisy_input,0.06322519481182098,0.44773557782173157,0.06322519481182098,0.44773557782173157,0.0,0.0,0,0
gaussian_medium,relative_observable,13,noisy_input,0.07754329591989517,0.1705045998096466,0.07754329591989517,0.1705045998096466,0.0,0.0,0,0
gaussian_medium,relative_observable,14,noisy_input,0.0635475218296051,0.17696505784988403,0.0635475218296051,0.17696505784988403,0.0,0.0,0,0
gaussian_medium,relative_observable,15,noisy_input,0.06149406358599663,0.19606755673885345,0.06149406358599663,0.19606755673885345,0.0,0.0,0,0
gaussian_medium,relative_observable,16,noisy_input,0.0525021068751812,0.18295051157474518,0.0525021068751812,0.18295051157474518,0.0,0.0,0,0
gaussian_medium,relative_observable,17,noisy_input,0.06533661484718323,0.1858934462070465,0.06533661484718323,0.1858934462070465,0.0,0.0,0,0
gaussian_medium,relative_observable,18,noisy_input,0.06372842937707901,0.24260497093200684,0.06372842937707901,0.24260497093200684,0.0,0.0,0,0
gaussian_medium,relative_observable,19,noisy_input,0.06326358020305634,0.5803443789482117,0.06326358020305634,0.5803443789482117,0.0,0.0,0,0
gaussian_medium,relative_observable,20,noisy_input,0.05830741673707962,0.1485026627779007,0.05830741673707962,0.1485026627779007,0.0,0.0,0,0
gaussian_medium,relative_observable,21,noisy_input,0.06869306415319443,0.17002573609352112,0.06869306415319443,0.17002573609352112,0.0,0.0,0,0
gaussian_medium,relative_observable,22,noisy_input,0.06361999362707138,0.1777394413948059,0.06361999362707138,0.1777394413948059,0.0,0.0,0,0
gaussian_medium,relative_observable,23,noisy_input,0.0694975033402443,0.43005678057670593,0.0694975033402443,0.43005678057670593,0.0,0.0,0,0
gaussian_medium,relative_observable,24,noisy_input,0.06091035529971123,0.16263523697853088,0.06091035529971123,0.16263523697853088,0.0,0.0,0,0
gaussian_medium,relative_observable,25,noisy_input,0.06001255661249161,0.18232184648513794,0.06001255661249161,0.18232184648513794,0.0,0.0,0,0
gaussian_medium,relative_observable,26,noisy_input,0.06416813284158707,0.16826771199703217,0.06416813284158707,0.16826771199703217,0.0,0.0,0,0
gaussian_medium,relative_observable,27,noisy_input,0.053119100630283356,0.17524825036525726,0.053119100630283356,0.17524825036525726,0.0,0.0,0,0
gaussian_medium,relative_observable,28,noisy_input,0.06145323067903519,0.31665515899658203,0.06145323067903519,0.31665515899658203,0.0,0.0,0,0
gaussian_medium,relative_observable,29,noisy_input,0.04525135084986687,0.17828969657421112,0.04525135084986687,0.17828969657421112,0.0,0.0,0,0
gaussian_medium,relative_observable,30,noisy_input,0.05629705265164375,0.15503937005996704,0.05629705265164375,0.15503937005996704,0.0,0.0,0,0
gaussian_medium,relative_observable,31,noisy_input,0.06441095471382141,0.17235404253005981,0.06441095471382141,0.17235404253005981,0.0,0.0,0,0
gaussian_medium,relative_observable,32,noisy_input,0.048632748425006866,0.1344148814678192,0.048632748425006866,0.1344148814678192,0.0,0.0,0,0
gaussian_medium,relative_observable,33,noisy_input,0.04978462681174278,0.3969765901565552,0.04978462681174278,0.3969765901565552,0.0,0.0,0,0
gaussian_medium,relative_observable,34,noisy_input,0.06210090592503548,0.16616785526275635,0.06210090592503548,0.16616785526275635,0.0,0.0,0,0
gaussian_medium,relative_observable,35,noisy_input,0.06946993619203568,0.22422467172145844,0.06946993619203568,0.22422467172145844,0.0,0.0,0,0
gaussian_medium,relative_observable,36,noisy_input,0.0519719198346138,0.12539997696876526,0.0519719198346138,0.12539997696876526,0.0,0.0,0,0
gaussian_medium,relative_observable,37,noisy_input,0.054066289216279984,0.12783241271972656,0.054066289216279984,0.12783241271972656,0.0,0.0,0,0
gaussian_medium,relative_observable,38,noisy_input,0.05767141655087471,0.1928032487630844,0.05767141655087471,0.1928032487630844,0.0,0.0,0,0
gaussian_medium,relative_observable,39,noisy_input,0.058270812034606934,0.14028388261795044,0.058270812034606934,0.14028388261795044,0.0,0.0,0,0
gaussian_medium,relative_observable,40,noisy_input,0.06381482630968094,0.15788374841213226,0.06381482630968094,0.15788374841213226,0.0,0.0,0,0
gaussian_medium,relative_observable,41,noisy_input,0.04674428701400757,0.2257722020149231,0.04674428701400757,0.2257722020149231,0.0,0.0,0,0
gaussian_medium,relative_observable,42,noisy_input,0.06890759617090225,0.20640581846237183,0.06890759617090225,0.20640581846237183,0.0,0.0,0,0
gaussian_medium,relative_observable,43,noisy_input,0.05525180697441101,0.5142030119895935,0.05525180697441101,0.5142030119895935,0.0,0.0,0,0
gaussian_medium,relative_observable,44,noisy_input,0.058719534426927567,0.1930064558982849,0.058719534426927567,0.1930064558982849,0.0,0.0,0,0
gaussian_medium,relative_observable,45,noisy_input,0.05506425350904465,0.1535624861717224,0.05506425350904465,0.1535624861717224,0.0,0.0,0,0
gaussian_medium,relative_observable,46,noisy_input,0.06088675186038017,0.21503746509552002,0.06088675186038017,0.21503746509552002,0.0,0.0,0,0
gaussian_medium,relative_observable,47,noisy_input,0.05681475251913071,0.14031903445720673,0.05681475251913071,0.14031903445720673,0.0,0.0,0,0
gaussian_medium,relative_observable,48,noisy_input,0.06416036933660507,0.33097895979881287,0.06416036933660507,0.33097895979881287,0.0,0.0,0,0
gaussian_medium,relative_observable,49,noisy_input,0.050704699009656906,0.43534010648727417,0.050704699009656906,0.43534010648727417,0.0,0.0,0,0
gaussian_medium,relative_observable,50,noisy_input,0.06765604764223099,0.15266388654708862,0.06765604764223099,0.15266388654708862,0.0,0.0,0,0
gaussian_medium,relative_observable,51,noisy_input,0.05603696033358574,0.15089493989944458,0.05603696033358574,0.15089493989944458,0.0,0.0,0,0
gaussian_medium,relative_observable,52,noisy_input,0.04654904827475548,0.2181859165430069,0.04654904827475548,0.2181859165430069,0.0,0.0,0,0
gaussian_medium,relative_observable,53,noisy_input,0.05436959117650986,0.15194040536880493,0.05436959117650986,0.15194040536880493,0.0,0.0,0,0
gaussian_medium,relative_observable,54,noisy_input,0.05588964745402336,0.1693001240491867,0.05588964745402336,0.1693001240491867,0.0,0.0,0,0
gaussian_medium,relative_observable,55,noisy_input,0.0649377852678299,0.221160426735878,0.0649377852678299,0.221160426735878,0.0,0.0,0,0
gaussian_medium,relative_observable,56,noisy_input,0.0474541038274765,0.1410312056541443,0.0474541038274765,0.1410312056541443,0.0,0.0,0,0
gaussian_medium,relative_observable,57,noisy_input,0.05567995831370354,0.17635172605514526,0.05567995831370354,0.17635172605514526,0.0,0.0,0,0
gaussian_medium,relative_observable,58,noisy_input,0.06290137022733688,0.12769155204296112,0.06290137022733688,0.12769155204296112,0.0,0.0,0,0
gaussian_medium,relative_observable,59,noisy_input,0.06501203775405884,0.1676061749458313,0.06501203775405884,0.1676061749458313,0.0,0.0,0,0
gaussian_medium,relative_observable,60,noisy_input,0.07986714690923691,0.3615890145301819,0.07986714690923691,0.3615890145301819,0.0,0.0,0,0
gaussian_medium,relative_observable,61,noisy_input,0.06355413794517517,0.18731608986854553,0.06355413794517517,0.18731608986854553,0.0,0.0,0,0
gaussian_medium,relative_observable,62,noisy_input,0.060209810733795166,0.14791762828826904,0.060209810733795166,0.14791762828826904,0.0,0.0,0,0
gaussian_medium,relative_observable,63,noisy_input,0.06362495571374893,0.17745628952980042,0.06362495571374893,0.17745628952980042,0.0,0.0,0,0
gaussian_medium,relative_observable,64,noisy_input,0.05301336571574211,0.15553700923919678,0.05301336571574211,0.15553700923919678,0.0,0.0,0,0
gaussian_medium,relative_observable,65,noisy_input,0.06843168288469315,0.21629437804222107,0.06843168288469315,0.21629437804222107,0.0,0.0,0,0
gaussian_medium,relative_observable,66,noisy_input,0.08183147758245468,0.20187802612781525,0.08183147758245468,0.20187802612781525,0.0,0.0,0,0
gaussian_medium,relative_observable,67,noisy_input,0.04765406250953674,0.15165942907333374,0.04765406250953674,0.15165942907333374,0.0,0.0,0,0
gaussian_medium,relative_observable,68,noisy_input,0.06450282037258148,0.19587844610214233,0.06450282037258148,0.19587844610214233,0.0,0.0,0,0
gaussian_medium,relative_observable,69,noisy_input,0.06581691652536392,0.22751519083976746,0.06581691652536392,0.22751519083976746,0.0,0.0,0,0
gaussian_medium,relative_observable,70,noisy_input,0.06503480672836304,0.26727980375289917,0.06503480672836304,0.26727980375289917,0.0,0.0,0,0
gaussian_medium,relative_observable,71,noisy_input,0.08243260532617569,0.430653840303421,0.08243260532617569,0.430653840303421,0.0,0.0,0,0
gaussian_medium,relative_observable,72,noisy_input,0.059163399040699005,0.21139493584632874,0.059163399040699005,0.21139493584632874,0.0,0.0,0,0
gaussian_medium,relative_observable,73,noisy_input,0.048943597823381424,0.170535609126091,0.048943597823381424,0.170535609126091,0.0,0.0,0,0
gaussian_medium,relative_observable,74,noisy_input,0.05488523095846176,0.3997913897037506,0.05488523095846176,0.3997913897037506,0.0,0.0,0,0
gaussian_medium,relative_observable,75,noisy_input,0.061505354940891266,0.15565665066242218,0.061505354940891266,0.15565665066242218,0.0,0.0,0,0
gaussian_medium,relative_observable,76,noisy_input,0.06336772441864014,0.16765718162059784,0.06336772441864014,0.16765718162059784,0.0,0.0,0,0
gaussian_medium,relative_observable,77,noisy_input,0.057621002197265625,0.1471443772315979,0.057621002197265625,0.1471443772315979,0.0,0.0,0,0
gaussian_medium,relative_observable,78,noisy_input,0.055813103914260864,0.1270044893026352,0.055813103914260864,0.1270044893026352,0.0,0.0,0,0
gaussian_medium,relative_observable,79,noisy_input,0.05461578816175461,0.18641580641269684,0.05461578816175461,0.18641580641269684,0.0,0.0,0,0
gaussian_medium,relative_observable,80,noisy_input,0.06143757700920105,0.16220363974571228,0.06143757700920105,0.16220363974571228,0.0,0.0,0,0
gaussian_medium,relative_observable,81,noisy_input,0.06261061131954193,0.22152715921401978,0.06261061131954193,0.22152715921401978,0.0,0.0,0,0
gaussian_medium,relative_observable,82,noisy_input,0.06371063739061356,0.2529352307319641,0.06371063739061356,0.2529352307319641,0.0,0.0,0,0
gaussian_medium,relative_observable,83,noisy_input,0.06458045542240143,0.1238197460770607,0.06458045542240143,0.1238197460770607,0.0,0.0,0,0
gaussian_medium,relative_observable,84,noisy_input,0.06669057905673981,0.3272639513015747,0.06669057905673981,0.3272639513015747,0.0,0.0,0,0
gaussian_medium,relative_observable,85,noisy_input,0.058885347098112106,0.414104700088501,0.058885347098112106,0.414104700088501,0.0,0.0,0,0
gaussian_medium,relative_observable,86,noisy_input,0.05872054770588875,0.20251381397247314,0.05872054770588875,0.20251381397247314,0.0,0.0,0,0
gaussian_medium,relative_observable,87,noisy_input,0.0609772689640522,0.517386257648468,0.0609772689640522,0.517386257648468,0.0,0.0,0,0
gaussian_medium,relative_observable,88,noisy_input,0.06288284063339233,0.17748552560806274,0.06288284063339233,0.17748552560806274,0.0,0.0,0,0
gaussian_medium,relative_observable,89,noisy_input,0.06404105573892593,0.22349926829338074,0.06404105573892593,0.22349926829338074,0.0,0.0,0,0
gaussian_medium,relative_observable,90,noisy_input,0.06123713403940201,0.3742240071296692,0.06123713403940201,0.3742240071296692,0.0,0.0,0,0
gaussian_medium,relative_observable,91,noisy_input,0.07062261551618576,0.18131333589553833,0.07062261551618576,0.18131333589553833,0.0,0.0,0,0
gaussian_medium,relative_observable,92,noisy_input,0.06249571964144707,0.18886736035346985,0.06249571964144707,0.18886736035346985,0.0,0.0,0,0
gaussian_medium,relative_observable,93,noisy_input,0.07992082089185715,0.22813326120376587,0.07992082089185715,0.22813326120376587,0.0,0.0,0,0
gaussian_medium,relative_observable,94,noisy_input,0.06401105225086212,0.30806803703308105,0.06401105225086212,0.30806803703308105,0.0,0.0,0,0
gaussian_medium,relative_observable,95,noisy_input,0.06344695389270782,0.1804322600364685,0.06344695389270782,0.1804322600364685,0.0,0.0,0,0
gaussian_medium,relative_observable,96,noisy_input,0.05727323889732361,0.17227008938789368,0.05727323889732361,0.17227008938789368,0.0,0.0,0,0
gaussian_medium,relative_observable,97,noisy_input,0.05725973844528198,0.1539067029953003,0.05725973844528198,0.1539067029953003,0.0,0.0,0,0
gaussian_medium,relative_observable,98,noisy_input,0.06984086334705353,0.15195311605930328,0.06984086334705353,0.15195311605930328,0.0,0.0,0,0
gaussian_medium,relative_observable,99,noisy_input,0.05965913087129593,0.2174004316329956,0.05965913087129593,0.2174004316329956,0.0,0.0,0,0
gaussian_medium,relative_observable,100,noisy_input,0.061298519372940063,0.559107780456543,0.061298519372940063,0.559107780456543,0.0,0.0,0,0
gaussian_medium,relative_observable,101,noisy_input,0.07044897973537445,0.1754961609840393,0.07044897973537445,0.1754961609840393,0.0,0.0,0,0
gaussian_medium,relative_observable,102,noisy_input,0.05523790046572685,0.16772402822971344,0.05523790046572685,0.16772402822971344,0.0,0.0,0,0
gaussian_medium,relative_observable,103,noisy_input,0.05866476893424988,0.16977395117282867,0.05866476893424988,0.16977395117282867,0.0,0.0,0,0
gaussian_medium,relative_observable,104,noisy_input,0.06275846064090729,0.14963671565055847,0.06275846064090729,0.14963671565055847,0.0,0.0,0,0
gaussian_medium,relative_observable,105,noisy_input,0.061939459294080734,0.18103794753551483,0.061939459294080734,0.18103794753551483,0.0,0.0,0,0
gaussian_medium,relative_observable,106,noisy_input,0.07259709388017654,0.13709700107574463,0.07259709388017654,0.13709700107574463,0.0,0.0,0,0
gaussian_medium,relative_observable,107,noisy_input,0.054060280323028564,0.24029786884784698,0.054060280323028564,0.24029786884784698,0.0,0.0,0,0
gaussian_medium,relative_observable,108,noisy_input,0.0605158731341362,0.4471472501754761,0.0605158731341362,0.4471472501754761,0.0,0.0,0,0
gaussian_medium,relative_observable,109,noisy_input,0.05685434862971306,0.16199812293052673,0.05685434862971306,0.16199812293052673,0.0,0.0,0,0
gaussian_medium,relative_observable,110,noisy_input,0.053803879767656326,0.4171982407569885,0.053803879767656326,0.4171982407569885,0.0,0.0,0,0
gaussian_medium,relative_observable,111,noisy_input,0.06834503263235092,0.15973493456840515,0.06834503263235092,0.15973493456840515,0.0,0.0,0,0
gaussian_medium,relative_observable,112,noisy_input,0.057756416499614716,0.1373388171195984,0.057756416499614716,0.1373388171195984,0.0,0.0,0,0
gaussian_medium,relative_observable,113,noisy_input,0.07053997367620468,0.44725003838539124,0.07053997367620468,0.44725003838539124,0.0,0.0,0,0
gaussian_medium,relative_observable,114,noisy_input,0.05028399080038071,0.40060532093048096,0.05028399080038071,0.40060532093048096,0.0,0.0,0,0
gaussian_medium,relative_observable,115,noisy_input,0.069786436855793,0.4905249774456024,0.069786436855793,0.4905249774456024,0.0,0.0,0,0
gaussian_medium,relative_observable,116,noisy_input,0.08216828107833862,0.1972154825925827,0.08216828107833862,0.1972154825925827,0.0,0.0,0,0
gaussian_medium,relative_observable,117,noisy_input,0.05175156146287918,0.1293429434299469,0.05175156146287918,0.1293429434299469,0.0,0.0,0,0
gaussian_medium,relative_observable,118,noisy_input,0.06253249943256378,0.15853089094161987,0.06253249943256378,0.15853089094161987,0.0,0.0,0,0
gaussian_medium,relative_observable,119,noisy_input,0.06780588626861572,0.14165262877941132,0.06780588626861572,0.14165262877941132,0.0,0.0,0,0
gaussian_medium,relative_observable,120,noisy_input,0.059413619339466095,0.4000716209411621,0.059413619339466095,0.4000716209411621,0.0,0.0,0,0
gaussian_medium,relative_observable,121,noisy_input,0.06543900072574615,0.19479991495609283,0.06543900072574615,0.19479991495609283,0.0,0.0,0,0
gaussian_medium,relative_observable,122,noisy_input,0.067314513027668,0.5100261569023132,0.067314513027668,0.5100261569023132,0.0,0.0,0,0
gaussian_medium,relative_observable,123,noisy_input,0.06365425139665604,0.17862099409103394,0.06365425139665604,0.17862099409103394,0.0,0.0,0,0
gaussian_medium,relative_observable,124,noisy_input,0.07229502499103546,0.17555390298366547,0.07229502499103546,0.17555390298366547,0.0,0.0,0,0
gaussian_medium,relative_observable,125,noisy_input,0.0507008321583271,0.3153918981552124,0.0507008321583271,0.3153918981552124,0.0,0.0,0,0
gaussian_medium,relative_observable,126,noisy_input,0.0687909722328186,0.29283303022384644,0.0687909722328186,0.29283303022384644,0.0,0.0,0,0
gaussian_medium,relative_observable,127,noisy_input,0.05025341361761093,0.16333498060703278,0.05025341361761093,0.16333498060703278,0.0,0.0,0,0
gaussian_medium,relative_observable,128,noisy_input,0.07547896355390549,0.2059471160173416,0.07547896355390549,0.2059471160173416,0.0,0.0,0,0
gaussian_medium,relative_observable,129,noisy_input,0.0584014467895031,0.2846340537071228,0.0584014467895031,0.2846340537071228,0.0,0.0,0,0
gaussian_medium,relative_observable,130,noisy_input,0.06082163378596306,0.24782146513462067,0.06082163378596306,0.24782146513462067,0.0,0.0,0,0
gaussian_medium,relative_observable,131,noisy_input,0.0703960657119751,0.3548932671546936,0.0703960657119751,0.3548932671546936,0.0,0.0,0,0
gaussian_medium,relative_observable,132,noisy_input,0.057657770812511444,0.14972493052482605,0.057657770812511444,0.14972493052482605,0.0,0.0,0,0
gaussian_medium,relative_observable,133,noisy_input,0.07890082895755768,0.17625902593135834,0.07890082895755768,0.17625902593135834,0.0,0.0,0,0
gaussian_medium,relative_observable,134,noisy_input,0.06966028362512589,0.18685060739517212,0.06966028362512589,0.18685060739517212,0.0,0.0,0,0
gaussian_medium,relative_observable,135,noisy_input,0.06959477066993713,0.1987147331237793,0.06959477066993713,0.1987147331237793,0.0,0.0,0,0
gaussian_medium,relative_observable,136,noisy_input,0.07904346287250519,0.20913536846637726,0.07904346287250519,0.20913536846637726,0.0,0.0,0,0
gaussian_medium,relative_observable,137,noisy_input,0.06061019375920296,0.13794785737991333,0.06061019375920296,0.13794785737991333,0.0,0.0,0,0
gaussian_medium,relative_observable,138,noisy_input,0.07277632504701614,0.20100384950637817,0.07277632504701614,0.20100384950637817,0.0,0.0,0,0
gaussian_medium,relative_observable,139,noisy_input,0.05832662433385849,0.1707523912191391,0.05832662433385849,0.1707523912191391,0.0,0.0,0,0
gaussian_medium,relative_observable,140,noisy_input,0.06620535999536514,0.39643633365631104,0.06620535999536514,0.39643633365631104,0.0,0.0,0,0
gaussian_medium,relative_observable,141,noisy_input,0.07058821618556976,0.16859117150306702,0.07058821618556976,0.16859117150306702,0.0,0.0,0,0
gaussian_medium,relative_observable,142,noisy_input,0.053529269993305206,0.3380206823348999,0.053529269993305206,0.3380206823348999,0.0,0.0,0,0
gaussian_medium,relative_observable,143,noisy_input,0.06082773953676224,0.39537718892097473,0.06082773953676224,0.39537718892097473,0.0,0.0,0,0
gaussian_medium,relative_observable,144,noisy_input,0.058723390102386475,0.16571247577667236,0.058723390102386475,0.16571247577667236,0.0,0.0,0,0
gaussian_medium,relative_observable,145,noisy_input,0.05548446252942085,0.41859737038612366,0.05548446252942085,0.41859737038612366,0.0,0.0,0,0
gaussian_medium,relative_observable,146,noisy_input,0.07215584814548492,0.2740419805049896,0.07215584814548492,0.2740419805049896,0.0,0.0,0,0
gaussian_medium,relative_observable,147,noisy_input,0.058708298951387405,0.1274281144142151,0.058708298951387405,0.1274281144142151,0.0,0.0,0,0
gaussian_medium,relative_observable,148,noisy_input,0.0760311409831047,0.21771861612796783,0.0760311409831047,0.21771861612796783,0.0,0.0,0,0
gaussian_medium,relative_observable,149,noisy_input,0.05259985849261284,0.1418168544769287,0.05259985849261284,0.1418168544769287,0.0,0.0,0,0
gaussian_medium,relative_observable,150,noisy_input,0.06264053285121918,0.20010407269001007,0.06264053285121918,0.20010407269001007,0.0,0.0,0,0
gaussian_medium,relative_observable,151,noisy_input,0.057472534477710724,0.14393165707588196,0.057472534477710724,0.14393165707588196,0.0,0.0,0,0
gaussian_medium,relative_observable,152,noisy_input,0.06613504141569138,0.13452142477035522,0.06613504141569138,0.13452142477035522,0.0,0.0,0,0
gaussian_medium,relative_observable,153,noisy_input,0.05708067864179611,0.21622365713119507,0.05708067864179611,0.21622365713119507,0.0,0.0,0,0
gaussian_medium,relative_observable,154,noisy_input,0.06078441068530083,0.1645355224609375,0.06078441068530083,0.1645355224609375,0.0,0.0,0,0
gaussian_medium,relative_observable,155,noisy_input,0.06064096838235855,0.18995732069015503,0.06064096838235855,0.18995732069015503,0.0,0.0,0,0
gaussian_medium,relative_observable,156,noisy_input,0.042232804000377655,0.19494909048080444,0.042232804000377655,0.19494909048080444,0.0,0.0,0,0
gaussian_medium,relative_observable,157,noisy_input,0.06546349823474884,0.2262924313545227,0.06546349823474884,0.2262924313545227,0.0,0.0,0,0
gaussian_medium,relative_observable,158,noisy_input,0.06597288697957993,0.19826719164848328,0.06597288697957993,0.19826719164848328,0.0,0.0,0,0
gaussian_medium,relative_observable,159,noisy_input,0.07007939368486404,0.20146112143993378,0.07007939368486404,0.20146112143993378,0.0,0.0,0,0
gaussian_medium,relative_observable,160,noisy_input,0.06853477656841278,0.37168172001838684,0.06853477656841278,0.37168172001838684,0.0,0.0,0,0
gaussian_medium,relative_observable,161,noisy_input,0.08197537064552307,0.23956158757209778,0.08197537064552307,0.23956158757209778,0.0,0.0,0,0
gaussian_medium,relative_observable,162,noisy_input,0.06918779015541077,0.1329507827758789,0.06918779015541077,0.1329507827758789,0.0,0.0,0,0
gaussian_medium,relative_observable,163,noisy_input,0.07299311459064484,0.17686158418655396,0.07299311459064484,0.17686158418655396,0.0,0.0,0,0
gaussian_medium,relative_observable,164,noisy_input,0.06470252573490143,0.161900594830513,0.06470252573490143,0.161900594830513,0.0,0.0,0,0
gaussian_medium,relative_observable,165,noisy_input,0.06595510989427567,0.3393206298351288,0.06595510989427567,0.3393206298351288,0.0,0.0,0,0
gaussian_medium,relative_observable,166,noisy_input,0.07392732799053192,0.19033850729465485,0.07392732799053192,0.19033850729465485,0.0,0.0,0,0
gaussian_medium,relative_observable,167,noisy_input,0.062389664351940155,0.36570456624031067,0.062389664351940155,0.36570456624031067,0.0,0.0,0,0
gaussian_medium,relative_observable,168,noisy_input,0.0670127123594284,0.23195475339889526,0.0670127123594284,0.23195475339889526,0.0,0.0,0,0
gaussian_medium,relative_observable,169,noisy_input,0.0525335893034935,0.14226745069026947,0.0525335893034935,0.14226745069026947,0.0,0.0,0,0
gaussian_medium,relative_observable,170,noisy_input,0.07352592051029205,0.18820954859256744,0.07352592051029205,0.18820954859256744,0.0,0.0,0,0
gaussian_medium,relative_observable,171,noisy_input,0.06817080080509186,0.28808867931365967,0.06817080080509186,0.28808867931365967,0.0,0.0,0,0
gaussian_medium,relative_observable,172,noisy_input,0.06448812782764435,0.46265363693237305,0.06448812782764435,0.46265363693237305,0.0,0.0,0,0
gaussian_medium,relative_observable,173,noisy_input,0.05530258268117905,0.1512354016304016,0.05530258268117905,0.1512354016304016,0.0,0.0,0,0
gaussian_medium,relative_observable,174,noisy_input,0.0680345892906189,0.18603399395942688,0.0680345892906189,0.18603399395942688,0.0,0.0,0,0
gaussian_medium,relative_observable,175,noisy_input,0.06515919417142868,0.1660345196723938,0.06515919417142868,0.1660345196723938,0.0,0.0,0,0
gaussian_medium,relative_observable,176,noisy_input,0.06126191094517708,0.15007564425468445,0.06126191094517708,0.15007564425468445,0.0,0.0,0,0
gaussian_medium,relative_observable,177,noisy_input,0.06333308666944504,0.2138184905052185,0.06333308666944504,0.2138184905052185,0.0,0.0,0,0
gaussian_medium,relative_observable,178,noisy_input,0.06996317207813263,0.161967933177948,0.06996317207813263,0.161967933177948,0.0,0.0,0,0
gaussian_medium,relative_observable,179,noisy_input,0.05731259658932686,0.15365171432495117,0.05731259658932686,0.15365171432495117,0.0,0.0,0,0
gaussian_medium,relative_observable,180,noisy_input,0.07600606232881546,0.4445343017578125,0.07600606232881546,0.4445343017578125,0.0,0.0,0,0
gaussian_medium,relative_observable,181,noisy_input,0.06523136049509048,0.1865866482257843,0.06523136049509048,0.1865866482257843,0.0,0.0,0,0
gaussian_medium,relative_observable,182,noisy_input,0.05938028544187546,0.16368362307548523,0.05938028544187546,0.16368362307548523,0.0,0.0,0,0
gaussian_medium,relative_observable,183,noisy_input,0.07407162338495255,0.20291300117969513,0.07407162338495255,0.20291300117969513,0.0,0.0,0,0
gaussian_medium,relative_observable,184,noisy_input,0.0715017318725586,0.20576082170009613,0.0715017318725586,0.20576082170009613,0.0,0.0,0,0
gaussian_medium,relative_observable,185,noisy_input,0.060521721839904785,0.17453165352344513,0.060521721839904785,0.17453165352344513,0.0,0.0,0,0
gaussian_medium,relative_observable,186,noisy_input,0.06369609385728836,0.19404500722885132,0.06369609385728836,0.19404500722885132,0.0,0.0,0,0
gaussian_medium,relative_observable,187,noisy_input,0.06392177939414978,0.18108953535556793,0.06392177939414978,0.18108953535556793,0.0,0.0,0,0
gaussian_medium,relative_observable,188,noisy_input,0.0653810128569603,0.5054105520248413,0.0653810128569603,0.5054105520248413,0.0,0.0,0,0
gaussian_medium,relative_observable,189,noisy_input,0.06656162440776825,0.1824268102645874,0.06656162440776825,0.1824268102645874,0.0,0.0,0,0
gaussian_medium,relative_observable,190,noisy_input,0.06759876757860184,0.19870619475841522,0.06759876757860184,0.19870619475841522,0.0,0.0,0,0
gaussian_medium,relative_observable,191,noisy_input,0.06463374197483063,0.4700911343097687,0.06463374197483063,0.4700911343097687,0.0,0.0,0,0
gaussian_medium,relative_observable,192,noisy_input,0.05859602615237236,0.17156200110912323,0.05859602615237236,0.17156200110912323,0.0,0.0,0,0
gaussian_medium,relative_observable,193,noisy_input,0.0729748010635376,0.1986209750175476,0.0729748010635376,0.1986209750175476,0.0,0.0,0,0
gaussian_medium,relative_observable,194,noisy_input,0.06374062597751617,0.16883911192417145,0.06374062597751617,0.16883911192417145,0.0,0.0,0,0
gaussian_medium,relative_observable,195,noisy_input,0.054165881127119064,0.17377689480781555,0.054165881127119064,0.17377689480781555,0.0,0.0,0,0
gaussian_medium,relative_observable,196,noisy_input,0.06728403270244598,0.19580087065696716,0.06728403270244598,0.19580087065696716,0.0,0.0,0,0
gaussian_medium,relative_observable,197,noisy_input,0.08035345375537872,0.3378902077674866,0.08035345375537872,0.3378902077674866,0.0,0.0,0,0
gaussian_medium,relative_observable,198,noisy_input,0.05049503594636917,0.14358703792095184,0.05049503594636917,0.14358703792095184,0.0,0.0,0,0
gaussian_medium,relative_observable,199,noisy_input,0.06212310865521431,0.4190860390663147,0.06212310865521431,0.4190860390663147,0.0,0.0,0,0
gaussian_medium,relative_observable,0,uncond_sdedit_t2,0.047386620193719864,0.24638622999191284,0.05268967151641846,0.25759485363960266,-0.005303051322698593,-0.01120862364768982,1,1
gaussian_medium,relative_observable,1,uncond_sdedit_t2,0.06346938759088516,0.20075079798698425,0.06313766539096832,0.21430154144763947,0.0003317221999168396,-0.013550743460655212,0,1
gaussian_medium,relative_observable,2,uncond_sdedit_t2,0.04479696601629257,0.4807168245315552,0.051779210567474365,0.4836506247520447,-0.006982244551181793,-0.002933800220489502,1,1
gaussian_medium,relative_observable,3,uncond_sdedit_t2,0.05423701927065849,0.14626264572143555,0.05588671565055847,0.15313297510147095,-0.0016496963798999786,-0.0068703293800354,1,1
gaussian_medium,relative_observable,4,uncond_sdedit_t2,0.05253947526216507,0.15618100762367249,0.05658530071377754,0.1726716309785843,-0.0040458254516124725,-0.016490623354911804,1,1
gaussian_medium,relative_observable,5,uncond_sdedit_t2,0.06385675817728043,0.15678690373897552,0.06796588748693466,0.16809971630573273,-0.004109129309654236,-0.011312812566757202,1,1
gaussian_medium,relative_observable,6,uncond_sdedit_t2,0.052198491990566254,0.46487393975257874,0.056925155222415924,0.46997445821762085,-0.00472666323184967,-0.005100518465042114,1,1
gaussian_medium,relative_observable,7,uncond_sdedit_t2,0.05677943676710129,0.23728516697883606,0.06172262877225876,0.2411469668149948,-0.004943192005157471,-0.0038617998361587524,1,1
gaussian_medium,relative_observable,8,uncond_sdedit_t2,0.05658552795648575,0.18678423762321472,0.06060759350657463,0.19851376116275787,-0.0040220655500888824,-0.011729523539543152,1,1
gaussian_medium,relative_observable,9,uncond_sdedit_t2,0.06458798795938492,0.19862693548202515,0.0659550279378891,0.19999346137046814,-0.001367039978504181,-0.0013665258884429932,1,1
gaussian_medium,relative_observable,10,uncond_sdedit_t2,0.0535132959485054,0.156169593334198,0.05687336251139641,0.16831055283546448,-0.0033600665628910065,-0.01214095950126648,1,1
gaussian_medium,relative_observable,11,uncond_sdedit_t2,0.06840251386165619,0.4809362590312958,0.06904856115579605,0.4834783971309662,-0.0006460472941398621,-0.00254213809967041,1,1
gaussian_medium,relative_observable,12,uncond_sdedit_t2,0.05999799445271492,0.4450853168964386,0.06322519481182098,0.44773557782173157,-0.003227200359106064,-0.0026502609252929688,1,1
gaussian_medium,relative_observable,13,uncond_sdedit_t2,0.07237817347049713,0.16644281148910522,0.07754329591989517,0.1705045998096466,-0.005165122449398041,-0.004061788320541382,1,1
gaussian_medium,relative_observable,14,uncond_sdedit_t2,0.06766773015260696,0.1655595898628235,0.0635475218296051,0.17696505784988403,0.004120208323001862,-0.011405467987060547,0,1
gaussian_medium,relative_observable,15,uncond_sdedit_t2,0.05707089230418205,0.1829461008310318,0.06149406358599663,0.19606755673885345,-0.004423171281814575,-0.013121455907821655,1,1
gaussian_medium,relative_observable,16,uncond_sdedit_t2,0.04696940258145332,0.17359425127506256,0.0525021068751812,0.18295051157474518,-0.005532704293727875,-0.009356260299682617,1,1
gaussian_medium,relative_observable,17,uncond_sdedit_t2,0.07542040944099426,0.18063528835773468,0.06533661484718323,0.1858934462070465,0.010083794593811035,-0.005258157849311829,0,1
gaussian_medium,relative_observable,18,uncond_sdedit_t2,0.058131806552410126,0.23107221722602844,0.06372842937707901,0.24260497093200684,-0.005596622824668884,-0.011532753705978394,1,1
gaussian_medium,relative_observable,19,uncond_sdedit_t2,0.07403336465358734,0.5753440856933594,0.06326358020305634,0.5803443789482117,0.010769784450531006,-0.005000293254852295,0,1
gaussian_medium,relative_observable,20,uncond_sdedit_t2,0.05672721937298775,0.1377621591091156,0.05830741673707962,0.1485026627779007,-0.0015801973640918732,-0.010740503668785095,1,1
gaussian_medium,relative_observable,21,uncond_sdedit_t2,0.0674474760890007,0.1633109301328659,0.06869306415319443,0.17002573609352112,-0.0012455880641937256,-0.006714805960655212,1,1
gaussian_medium,relative_observable,22,uncond_sdedit_t2,0.06207088753581047,0.17230381071567535,0.06361999362707138,0.1777394413948059,-0.00154910609126091,-0.005435630679130554,1,1
gaussian_medium,relative_observable,23,uncond_sdedit_t2,0.06300424039363861,0.42271655797958374,0.0694975033402443,0.43005678057670593,-0.006493262946605682,-0.007340222597122192,1,1
gaussian_medium,relative_observable,24,uncond_sdedit_t2,0.060476869344711304,0.15533895790576935,0.06091035529971123,0.16263523697853088,-0.0004334859549999237,-0.007296279072761536,1,1
gaussian_medium,relative_observable,25,uncond_sdedit_t2,0.05806099623441696,0.17713084816932678,0.06001255661249161,0.18232184648513794,-0.001951560378074646,-0.005190998315811157,1,1
gaussian_medium,relative_observable,26,uncond_sdedit_t2,0.05765094235539436,0.15698027610778809,0.06416813284158707,0.16826771199703217,-0.006517190486192703,-0.01128743588924408,1,1
gaussian_medium,relative_observable,27,uncond_sdedit_t2,0.05013475567102432,0.1686197817325592,0.053119100630283356,0.17524825036525726,-0.002984344959259033,-0.006628468632698059,1,1
gaussian_medium,relative_observable,28,uncond_sdedit_t2,0.055255014449357986,0.3100549280643463,0.06145323067903519,0.31665515899658203,-0.0061982162296772,-0.006600230932235718,1,1
gaussian_medium,relative_observable,29,uncond_sdedit_t2,0.04133107140660286,0.17352305352687836,0.04525135084986687,0.17828969657421112,-0.003920279443264008,-0.004766643047332764,1,1
gaussian_medium,relative_observable,30,uncond_sdedit_t2,0.05774613097310066,0.15069220960140228,0.05629705265164375,0.15503937005996704,0.0014490783214569092,-0.004347160458564758,0,1
gaussian_medium,relative_observable,31,uncond_sdedit_t2,0.05876880884170532,0.16179880499839783,0.06441095471382141,0.17235404253005981,-0.005642145872116089,-0.010555237531661987,1,1
gaussian_medium,relative_observable,32,uncond_sdedit_t2,0.04661046341061592,0.13006682693958282,0.048632748425006866,0.1344148814678192,-0.0020222850143909454,-0.004348054528236389,1,1
gaussian_medium,relative_observable,33,uncond_sdedit_t2,0.04694921523332596,0.39178383350372314,0.04978462681174278,0.3969765901565552,-0.0028354115784168243,-0.005192756652832031,1,1
gaussian_medium,relative_observable,34,uncond_sdedit_t2,0.06353264302015305,0.16343164443969727,0.06210090592503548,0.16616785526275635,0.001431737095117569,-0.002736210823059082,0,1
gaussian_medium,relative_observable,35,uncond_sdedit_t2,0.06550481915473938,0.20970407128334045,0.06946993619203568,0.22422467172145844,-0.003965117037296295,-0.014520600438117981,1,1
gaussian_medium,relative_observable,36,uncond_sdedit_t2,0.05699991434812546,0.11924665421247482,0.0519719198346138,0.12539997696876526,0.005027994513511658,-0.006153322756290436,0,1
gaussian_medium,relative_observable,37,uncond_sdedit_t2,0.05498252063989639,0.12415076792240143,0.054066289216279984,0.12783241271972656,0.0009162314236164093,-0.0036816447973251343,0,1
gaussian_medium,relative_observable,38,uncond_sdedit_t2,0.05830905959010124,0.181255504488945,0.05767141655087471,0.1928032487630844,0.000637643039226532,-0.011547744274139404,0,1
gaussian_medium,relative_observable,39,uncond_sdedit_t2,0.05720699578523636,0.13036948442459106,0.058270812034606934,0.14028388261795044,-0.001063816249370575,-0.009914398193359375,1,1
gaussian_medium,relative_observable,40,uncond_sdedit_t2,0.059228479862213135,0.14560428261756897,0.06381482630968094,0.15788374841213226,-0.004586346447467804,-0.012279465794563293,1,1
gaussian_medium,relative_observable,41,uncond_sdedit_t2,0.043067172169685364,0.2185124158859253,0.04674428701400757,0.2257722020149231,-0.0036771148443222046,-0.007259786128997803,1,1
gaussian_medium,relative_observable,42,uncond_sdedit_t2,0.06586993485689163,0.19274045526981354,0.06890759617090225,0.20640581846237183,-0.00303766131401062,-0.013665363192558289,1,1
gaussian_medium,relative_observable,43,uncond_sdedit_t2,0.049309320747852325,0.5114014148712158,0.05525180697441101,0.5142030119895935,-0.005942486226558685,-0.0028015971183776855,1,1
gaussian_medium,relative_observable,44,uncond_sdedit_t2,0.06010277941823006,0.17987731099128723,0.058719534426927567,0.1930064558982849,0.0013832449913024902,-0.01312914490699768,0,1
gaussian_medium,relative_observable,45,uncond_sdedit_t2,0.052240628749132156,0.14561450481414795,0.05506425350904465,0.1535624861717224,-0.002823624759912491,-0.007947981357574463,1,1
gaussian_medium,relative_observable,46,uncond_sdedit_t2,0.062371738255023956,0.20884352922439575,0.06088675186038017,0.21503746509552002,0.0014849863946437836,-0.006193935871124268,0,1
gaussian_medium,relative_observable,47,uncond_sdedit_t2,0.05824948474764824,0.1297496259212494,0.05681475251913071,0.14031903445720673,0.0014347322285175323,-0.010569408535957336,0,1
gaussian_medium,relative_observable,48,uncond_sdedit_t2,0.059942763298749924,0.3216010332107544,0.06416036933660507,0.33097895979881287,-0.004217606037855148,-0.009377926588058472,1,1
gaussian_medium,relative_observable,49,uncond_sdedit_t2,0.05231960862874985,0.430050253868103,0.050704699009656906,0.43534010648727417,0.0016149096190929413,-0.005289852619171143,0,1
gaussian_medium,relative_observable,50,uncond_sdedit_t2,0.06649713218212128,0.14574874937534332,0.06765604764223099,0.15266388654708862,-0.0011589154601097107,-0.0069151371717453,1,1
gaussian_medium,relative_observable,51,uncond_sdedit_t2,0.054497383534908295,0.1389065980911255,0.05603696033358574,0.15089493989944458,-0.0015395767986774445,-0.011988341808319092,1,1
gaussian_medium,relative_observable,52,uncond_sdedit_t2,0.04397742450237274,0.2078050673007965,0.04654904827475548,0.2181859165430069,-0.002571623772382736,-0.010380849242210388,1,1
gaussian_medium,relative_observable,53,uncond_sdedit_t2,0.05152921751141548,0.14537657797336578,0.05436959117650986,0.15194040536880493,-0.0028403736650943756,-0.006563827395439148,1,1
gaussian_medium,relative_observable,54,uncond_sdedit_t2,0.05241354554891586,0.16037030518054962,0.05588964745402336,0.1693001240491867,-0.003476101905107498,-0.008929818868637085,1,1
gaussian_medium,relative_observable,55,uncond_sdedit_t2,0.05912049859762192,0.21179728209972382,0.0649377852678299,0.221160426735878,-0.005817286670207977,-0.009363144636154175,1,1
gaussian_medium,relative_observable,56,uncond_sdedit_t2,0.04686834663152695,0.13615429401397705,0.0474541038274765,0.1410312056541443,-0.0005857571959495544,-0.004876911640167236,1,1
gaussian_medium,relative_observable,57,uncond_sdedit_t2,0.0524483323097229,0.17019769549369812,0.05567995831370354,0.17635172605514526,-0.0032316260039806366,-0.0061540305614471436,1,1
gaussian_medium,relative_observable,58,uncond_sdedit_t2,0.06125074625015259,0.12545669078826904,0.06290137022733688,0.12769155204296112,-0.0016506239771842957,-0.0022348612546920776,1,1
gaussian_medium,relative_observable,59,uncond_sdedit_t2,0.06448425352573395,0.16324466466903687,0.06501203775405884,0.1676061749458313,-0.0005277842283248901,-0.004361510276794434,1,1
gaussian_medium,relative_observable,60,uncond_sdedit_t2,0.08646555244922638,0.35211047530174255,0.07986714690923691,0.3615890145301819,0.0065984055399894714,-0.009478539228439331,0,1
gaussian_medium,relative_observable,61,uncond_sdedit_t2,0.059572983533144,0.17734673619270325,0.06355413794517517,0.18731608986854553,-0.003981154412031174,-0.009969353675842285,1,1
gaussian_medium,relative_observable,62,uncond_sdedit_t2,0.061993181705474854,0.14335717260837555,0.060209810733795166,0.14791762828826904,0.0017833709716796875,-0.004560455679893494,0,1
gaussian_medium,relative_observable,63,uncond_sdedit_t2,0.06161310151219368,0.16646289825439453,0.06362495571374893,0.17745628952980042,-0.002011854201555252,-0.010993391275405884,1,1
gaussian_medium,relative_observable,64,uncond_sdedit_t2,0.04893536865711212,0.14719635248184204,0.05301336571574211,0.15553700923919678,-0.00407799705862999,-0.008340656757354736,1,1
gaussian_medium,relative_observable,65,uncond_sdedit_t2,0.06356517225503922,0.20470938086509705,0.06843168288469315,0.21629437804222107,-0.004866510629653931,-0.011584997177124023,1,1
gaussian_medium,relative_observable,66,uncond_sdedit_t2,0.08051754534244537,0.19599512219429016,0.08183147758245468,0.20187802612781525,-0.0013139322400093079,-0.0058829039335250854,1,1
gaussian_medium,relative_observable,67,uncond_sdedit_t2,0.04511740058660507,0.14063812792301178,0.04765406250953674,0.15165942907333374,-0.002536661922931671,-0.01102130115032196,1,1
gaussian_medium,relative_observable,68,uncond_sdedit_t2,0.06344390660524368,0.1863524615764618,0.06450282037258148,0.19587844610214233,-0.001058913767337799,-0.009525984525680542,1,1
gaussian_medium,relative_observable,69,uncond_sdedit_t2,0.06188448145985603,0.2195582538843155,0.06581691652536392,0.22751519083976746,-0.003932435065507889,-0.007956936955451965,1,1
gaussian_medium,relative_observable,70,uncond_sdedit_t2,0.06114041060209274,0.2616974413394928,0.06503480672836304,0.26727980375289917,-0.003894396126270294,-0.005582362413406372,1,1
gaussian_medium,relative_observable,71,uncond_sdedit_t2,0.07790100574493408,0.41902559995651245,0.08243260532617569,0.430653840303421,-0.004531599581241608,-0.01162824034690857,1,1
gaussian_medium,relative_observable,72,uncond_sdedit_t2,0.057292915880680084,0.19625696539878845,0.059163399040699005,0.21139493584632874,-0.001870483160018921,-0.015137970447540283,1,1
gaussian_medium,relative_observable,73,uncond_sdedit_t2,0.04586131125688553,0.16012126207351685,0.048943597823381424,0.170535609126091,-0.0030822865664958954,-0.010414347052574158,1,1
gaussian_medium,relative_observable,74,uncond_sdedit_t2,0.05400891229510307,0.3917980492115021,0.05488523095846176,0.3997913897037506,-0.0008763186633586884,-0.007993340492248535,1,1
gaussian_medium,relative_observable,75,uncond_sdedit_t2,0.061430513858795166,0.15246599912643433,0.061505354940891266,0.15565665066242218,-7.484108209609985e-05,-0.003190651535987854,1,1
gaussian_medium,relative_observable,76,uncond_sdedit_t2,0.06255820393562317,0.16227354109287262,0.06336772441864014,0.16765718162059784,-0.0008095204830169678,-0.00538364052772522,1,1
gaussian_medium,relative_observable,77,uncond_sdedit_t2,0.0551779679954052,0.14373254776000977,0.057621002197265625,0.1471443772315979,-0.002443034201860428,-0.0034118294715881348,1,1
gaussian_medium,relative_observable,78,uncond_sdedit_t2,0.05541296675801277,0.12216785550117493,0.055813103914260864,0.1270044893026352,-0.00040013715624809265,-0.004836633801460266,1,1
gaussian_medium,relative_observable,79,uncond_sdedit_t2,0.06119605898857117,0.18158692121505737,0.05461578816175461,0.18641580641269684,0.006580270826816559,-0.004828885197639465,0,1
gaussian_medium,relative_observable,80,uncond_sdedit_t2,0.059599995613098145,0.15849077701568604,0.06143757700920105,0.16220363974571228,-0.0018375813961029053,-0.003712862730026245,1,1
gaussian_medium,relative_observable,81,uncond_sdedit_t2,0.06408657133579254,0.2108132243156433,0.06261061131954193,0.22152715921401978,0.0014759600162506104,-0.010713934898376465,0,1
gaussian_medium,relative_observable,82,uncond_sdedit_t2,0.05748429149389267,0.241103857755661,0.06371063739061356,0.2529352307319641,-0.006226345896720886,-0.0118313729763031,1,1
gaussian_medium,relative_observable,83,uncond_sdedit_t2,0.061417825520038605,0.12139546871185303,0.06458045542240143,0.1238197460770607,-0.0031626299023628235,-0.002424277365207672,1,1
gaussian_medium,relative_observable,84,uncond_sdedit_t2,0.06151527911424637,0.3220598101615906,0.06669057905673981,0.3272639513015747,-0.005175299942493439,-0.005204141139984131,1,1
gaussian_medium,relative_observable,85,uncond_sdedit_t2,0.05503176525235176,0.4090377986431122,0.058885347098112106,0.414104700088501,-0.0038535818457603455,-0.005066901445388794,1,1
gaussian_medium,relative_observable,86,uncond_sdedit_t2,0.05923238396644592,0.19302505254745483,0.05872054770588875,0.20251381397247314,0.0005118362605571747,-0.00948876142501831,0,1
gaussian_medium,relative_observable,87,uncond_sdedit_t2,0.06673810631036758,0.5136620402336121,0.0609772689640522,0.517386257648468,0.005760837346315384,-0.003724217414855957,0,1
gaussian_medium,relative_observable,88,uncond_sdedit_t2,0.05980512499809265,0.16855736076831818,0.06288284063339233,0.17748552560806274,-0.0030777156352996826,-0.008928164839744568,1,1
gaussian_medium,relative_observable,89,uncond_sdedit_t2,0.06562267243862152,0.20919807255268097,0.06404105573892593,0.22349926829338074,0.0015816166996955872,-0.014301195740699768,0,1
gaussian_medium,relative_observable,90,uncond_sdedit_t2,0.061442695558071136,0.37153011560440063,0.06123713403940201,0.3742240071296692,0.00020556151866912842,-0.0026938915252685547,0,1
gaussian_medium,relative_observable,91,uncond_sdedit_t2,0.07111223042011261,0.17529766261577606,0.07062261551618576,0.18131333589553833,0.0004896149039268494,-0.006015673279762268,0,1
gaussian_medium,relative_observable,92,uncond_sdedit_t2,0.06141924858093262,0.1752009391784668,0.06249571964144707,0.18886736035346985,-0.00107647106051445,-0.013666421175003052,1,1
gaussian_medium,relative_observable,93,uncond_sdedit_t2,0.07513746619224548,0.2126290500164032,0.07992082089185715,0.22813326120376587,-0.004783354699611664,-0.015504211187362671,1,1
gaussian_medium,relative_observable,94,uncond_sdedit_t2,0.057054661214351654,0.3023741841316223,0.06401105225086212,0.30806803703308105,-0.0069563910365104675,-0.00569385290145874,1,1
gaussian_medium,relative_observable,95,uncond_sdedit_t2,0.06146591156721115,0.17856451869010925,0.06344695389270782,0.1804322600364685,-0.0019810423254966736,-0.001867741346359253,1,1
gaussian_medium,relative_observable,96,uncond_sdedit_t2,0.05582281947135925,0.1626567840576172,0.05727323889732361,0.17227008938789368,-0.0014504194259643555,-0.00961330533027649,1,1
gaussian_medium,relative_observable,97,uncond_sdedit_t2,0.05469636246562004,0.14305685460567474,0.05725973844528198,0.1539067029953003,-0.0025633759796619415,-0.01084984838962555,1,1
gaussian_medium,relative_observable,98,uncond_sdedit_t2,0.06922914832830429,0.14314410090446472,0.06984086334705353,0.15195311605930328,-0.0006117150187492371,-0.008809015154838562,1,1
gaussian_medium,relative_observable,99,uncond_sdedit_t2,0.05975158140063286,0.2097577452659607,0.05965913087129593,0.2174004316329956,9.245052933692932e-05,-0.007642686367034912,0,1
gaussian_medium,relative_observable,100,uncond_sdedit_t2,0.06733233481645584,0.5506262183189392,0.061298519372940063,0.559107780456543,0.006033815443515778,-0.00848156213760376,0,1
gaussian_medium,relative_observable,101,uncond_sdedit_t2,0.067762091755867,0.1684419959783554,0.07044897973537445,0.1754961609840393,-0.0026868879795074463,-0.007054165005683899,1,1
gaussian_medium,relative_observable,102,uncond_sdedit_t2,0.053923677653074265,0.1562393307685852,0.05523790046572685,0.16772402822971344,-0.0013142228126525879,-0.011484697461128235,1,1
gaussian_medium,relative_observable,103,uncond_sdedit_t2,0.06090985983610153,0.16417139768600464,0.05866476893424988,0.16977395117282867,0.002245090901851654,-0.005602553486824036,0,1
gaussian_medium,relative_observable,104,uncond_sdedit_t2,0.061548035591840744,0.146119624376297,0.06275846064090729,0.14963671565055847,-0.0012104250490665436,-0.0035170912742614746,1,1
gaussian_medium,relative_observable,105,uncond_sdedit_t2,0.06388724595308304,0.17705963551998138,0.061939459294080734,0.18103794753551483,0.001947786659002304,-0.003978312015533447,0,1
gaussian_medium,relative_observable,106,uncond_sdedit_t2,0.06602056324481964,0.1304975003004074,0.07259709388017654,0.13709700107574463,-0.006576530635356903,-0.006599500775337219,1,1
gaussian_medium,relative_observable,107,uncond_sdedit_t2,0.05070389434695244,0.23042801022529602,0.054060280323028564,0.24029786884784698,-0.003356385976076126,-0.009869858622550964,1,1
gaussian_medium,relative_observable,108,uncond_sdedit_t2,0.05515333265066147,0.441597044467926,0.0605158731341362,0.4471472501754761,-0.0053625404834747314,-0.005550205707550049,1,1
gaussian_medium,relative_observable,109,uncond_sdedit_t2,0.055438332259655,0.15149329602718353,0.05685434862971306,0.16199812293052673,-0.0014160163700580597,-0.0105048269033432,1,1
gaussian_medium,relative_observable,110,uncond_sdedit_t2,0.04729805141687393,0.4118533730506897,0.053803879767656326,0.4171982407569885,-0.006505828350782394,-0.005344867706298828,1,1
gaussian_medium,relative_observable,111,uncond_sdedit_t2,0.06442736089229584,0.14680935442447662,0.06834503263235092,0.15973493456840515,-0.003917671740055084,-0.012925580143928528,1,1
gaussian_medium,relative_observable,112,uncond_sdedit_t2,0.057729076594114304,0.1268681436777115,0.057756416499614716,0.1373388171195984,-2.7339905500411987e-05,-0.010470673441886902,1,1
gaussian_medium,relative_observable,113,uncond_sdedit_t2,0.07467598468065262,0.4388686418533325,0.07053997367620468,0.44725003838539124,0.004136011004447937,-0.008381396532058716,0,1
gaussian_medium,relative_observable,114,uncond_sdedit_t2,0.046408768743276596,0.3932831585407257,0.05028399080038071,0.40060532093048096,-0.0038752220571041107,-0.007322162389755249,1,1
gaussian_medium,relative_observable,115,uncond_sdedit_t2,0.06863902509212494,0.4857952892780304,0.069786436855793,0.4905249774456024,-0.0011474117636680603,-0.0047296881675720215,1,1
gaussian_medium,relative_observable,116,uncond_sdedit_t2,0.08446866273880005,0.1919156163930893,0.08216828107833862,0.1972154825925827,0.0023003816604614258,-0.005299866199493408,0,1
gaussian_medium,relative_observable,117,uncond_sdedit_t2,0.049333564937114716,0.12708759307861328,0.05175156146287918,0.1293429434299469,-0.0024179965257644653,-0.002255350351333618,1,1
gaussian_medium,relative_observable,118,uncond_sdedit_t2,0.06173434108495712,0.15256255865097046,0.06253249943256378,0.15853089094161987,-0.0007981583476066589,-0.005968332290649414,1,1
gaussian_medium,relative_observable,119,uncond_sdedit_t2,0.06830929219722748,0.13592925667762756,0.06780588626861572,0.14165262877941132,0.0005034059286117554,-0.0057233721017837524,0,1
gaussian_medium,relative_observable,120,uncond_sdedit_t2,0.0561603382229805,0.3922036588191986,0.059413619339466095,0.4000716209411621,-0.0032532811164855957,-0.007867962121963501,1,1
gaussian_medium,relative_observable,121,uncond_sdedit_t2,0.06267478317022324,0.19127407670021057,0.06543900072574615,0.19479991495609283,-0.0027642175555229187,-0.003525838255882263,1,1
gaussian_medium,relative_observable,122,uncond_sdedit_t2,0.06392703205347061,0.5059012770652771,0.067314513027668,0.5100261569023132,-0.0033874809741973877,-0.004124879837036133,1,1
gaussian_medium,relative_observable,123,uncond_sdedit_t2,0.0620860680937767,0.16716808080673218,0.06365425139665604,0.17862099409103394,-0.0015681833028793335,-0.011452913284301758,1,1
gaussian_medium,relative_observable,124,uncond_sdedit_t2,0.06493774801492691,0.16470873355865479,0.07229502499103546,0.17555390298366547,-0.007357276976108551,-0.010845169425010681,1,1
gaussian_medium,relative_observable,125,uncond_sdedit_t2,0.04805511608719826,0.3098638355731964,0.0507008321583271,0.3153918981552124,-0.002645716071128845,-0.005528062582015991,1,1
gaussian_medium,relative_observable,126,uncond_sdedit_t2,0.06655819714069366,0.28179535269737244,0.0687909722328186,0.29283303022384644,-0.002232775092124939,-0.011037677526473999,1,1
gaussian_medium,relative_observable,127,uncond_sdedit_t2,0.04960797727108002,0.15106447041034698,0.05025341361761093,0.16333498060703278,-0.0006454363465309143,-0.012270510196685791,1,1
gaussian_medium,relative_observable,128,uncond_sdedit_t2,0.07467413693666458,0.19816885888576508,0.07547896355390549,0.2059471160173416,-0.0008048266172409058,-0.007778257131576538,1,1
gaussian_medium,relative_observable,129,uncond_sdedit_t2,0.051345743238925934,0.2801065444946289,0.0584014467895031,0.2846340537071228,-0.007055703550577164,-0.0045275092124938965,1,1
gaussian_medium,relative_observable,130,uncond_sdedit_t2,0.06087726354598999,0.24220135807991028,0.06082163378596306,0.24782146513462067,5.562976002693176e-05,-0.005620107054710388,0,1
gaussian_medium,relative_observable,131,uncond_sdedit_t2,0.06481794267892838,0.3515004813671112,0.0703960657119751,0.3548932671546936,-0.005578123033046722,-0.0033927857875823975,1,1
gaussian_medium,relative_observable,132,uncond_sdedit_t2,0.05542869493365288,0.14321684837341309,0.057657770812511444,0.14972493052482605,-0.0022290758788585663,-0.006508082151412964,1,1
gaussian_medium,relative_observable,133,uncond_sdedit_t2,0.0755254477262497,0.16351187229156494,0.07890082895755768,0.17625902593135834,-0.0033753812313079834,-0.012747153639793396,1,1
gaussian_medium,relative_observable,134,uncond_sdedit_t2,0.06544259935617447,0.17802193760871887,0.06966028362512589,0.18685060739517212,-0.004217684268951416,-0.008828669786453247,1,1
gaussian_medium,relative_observable,135,uncond_sdedit_t2,0.07035399973392487,0.19201724231243134,0.06959477066993713,0.1987147331237793,0.0007592290639877319,-0.006697490811347961,0,1
gaussian_medium,relative_observable,136,uncond_sdedit_t2,0.08111713826656342,0.20070189237594604,0.07904346287250519,0.20913536846637726,0.0020736753940582275,-0.008433476090431213,0,1
gaussian_medium,relative_observable,137,uncond_sdedit_t2,0.06279843300580978,0.13506679236888885,0.06061019375920296,0.13794785737991333,0.0021882392466068268,-0.002881065011024475,0,1
gaussian_medium,relative_observable,138,uncond_sdedit_t2,0.07108217477798462,0.18825751543045044,0.07277632504701614,0.20100384950637817,-0.0016941502690315247,-0.012746334075927734,1,1
gaussian_medium,relative_observable,139,uncond_sdedit_t2,0.05905001237988472,0.15592408180236816,0.05832662433385849,0.1707523912191391,0.0007233880460262299,-0.014828309416770935,0,1
gaussian_medium,relative_observable,140,uncond_sdedit_t2,0.06203489378094673,0.39107590913772583,0.06620535999536514,0.39643633365631104,-0.004170466214418411,-0.005360424518585205,1,1
gaussian_medium,relative_observable,141,uncond_sdedit_t2,0.06695447117090225,0.16389378905296326,0.07058821618556976,0.16859117150306702,-0.003633745014667511,-0.00469738245010376,1,1
gaussian_medium,relative_observable,142,uncond_sdedit_t2,0.05296086519956589,0.330966979265213,0.053529269993305206,0.3380206823348999,-0.0005684047937393188,-0.00705370306968689,1,1
gaussian_medium,relative_observable,143,uncond_sdedit_t2,0.05732161924242973,0.3907536268234253,0.06082773953676224,0.39537718892097473,-0.0035061202943325043,-0.0046235620975494385,1,1
gaussian_medium,relative_observable,144,uncond_sdedit_t2,0.05577952414751053,0.1592290848493576,0.058723390102386475,0.16571247577667236,-0.002943865954875946,-0.006483390927314758,1,1
gaussian_medium,relative_observable,145,uncond_sdedit_t2,0.0628136694431305,0.4130774438381195,0.05548446252942085,0.41859737038612366,0.0073292069137096405,-0.00551992654800415,0,1
gaussian_medium,relative_observable,146,uncond_sdedit_t2,0.0776657909154892,0.2650565505027771,0.07215584814548492,0.2740419805049896,0.0055099427700042725,-0.008985430002212524,0,1
gaussian_medium,relative_observable,147,uncond_sdedit_t2,0.054874926805496216,0.11730410158634186,0.058708298951387405,0.1274281144142151,-0.0038333721458911896,-0.01012401282787323,1,1
gaussian_medium,relative_observable,148,uncond_sdedit_t2,0.07573221623897552,0.2094934582710266,0.0760311409831047,0.21771861612796783,-0.0002989247441291809,-0.008225157856941223,1,1
gaussian_medium,relative_observable,149,uncond_sdedit_t2,0.050687648355960846,0.13759739696979523,0.05259985849261284,0.1418168544769287,-0.0019122101366519928,-0.004219457507133484,1,1
gaussian_medium,relative_observable,150,uncond_sdedit_t2,0.06064735725522041,0.18474102020263672,0.06264053285121918,0.20010407269001007,-0.001993175595998764,-0.015363052487373352,1,1
gaussian_medium,relative_observable,151,uncond_sdedit_t2,0.05477406457066536,0.13166740536689758,0.057472534477710724,0.14393165707588196,-0.0026984699070453644,-0.012264251708984375,1,1
gaussian_medium,relative_observable,152,uncond_sdedit_t2,0.06576871126890182,0.13147836923599243,0.06613504141569138,0.13452142477035522,-0.0003663301467895508,-0.003043055534362793,1,1
gaussian_medium,relative_observable,153,uncond_sdedit_t2,0.05384068936109543,0.2017965316772461,0.05708067864179611,0.21622365713119507,-0.0032399892807006836,-0.014427125453948975,1,1
gaussian_medium,relative_observable,154,uncond_sdedit_t2,0.06329800188541412,0.16125355660915375,0.06078441068530083,0.1645355224609375,0.0025135912001132965,-0.0032819658517837524,0,1
gaussian_medium,relative_observable,155,uncond_sdedit_t2,0.05715391784906387,0.17624719440937042,0.06064096838235855,0.18995732069015503,-0.0034870505332946777,-0.013710126280784607,1,1
gaussian_medium,relative_observable,156,uncond_sdedit_t2,0.04023702070116997,0.18403971195220947,0.042232804000377655,0.19494909048080444,-0.0019957832992076874,-0.01090937852859497,1,1
gaussian_medium,relative_observable,157,uncond_sdedit_t2,0.05867685005068779,0.2123839259147644,0.06546349823474884,0.2262924313545227,-0.00678664818406105,-0.0139085054397583,1,1
gaussian_medium,relative_observable,158,uncond_sdedit_t2,0.06190451979637146,0.18689902126789093,0.06597288697957993,0.19826719164848328,-0.004068367183208466,-0.011368170380592346,1,1
gaussian_medium,relative_observable,159,uncond_sdedit_t2,0.06972481310367584,0.19223211705684662,0.07007939368486404,0.20146112143993378,-0.0003545805811882019,-0.009229004383087158,1,1
gaussian_medium,relative_observable,160,uncond_sdedit_t2,0.06177279353141785,0.3596076965332031,0.06853477656841278,0.37168172001838684,-0.006761983036994934,-0.012074023485183716,1,1
gaussian_medium,relative_observable,161,uncond_sdedit_t2,0.0791662260890007,0.2277347296476364,0.08197537064552307,0.23956158757209778,-0.0028091445565223694,-0.011826857924461365,1,1
gaussian_medium,relative_observable,162,uncond_sdedit_t2,0.06370429694652557,0.125372514128685,0.06918779015541077,0.1329507827758789,-0.005483493208885193,-0.007578268647193909,1,1
gaussian_medium,relative_observable,163,uncond_sdedit_t2,0.07263775914907455,0.17221876978874207,0.07299311459064484,0.17686158418655396,-0.000355355441570282,-0.00464281439781189,1,1
gaussian_medium,relative_observable,164,uncond_sdedit_t2,0.06519506871700287,0.16046440601348877,0.06470252573490143,0.161900594830513,0.0004925429821014404,-0.001436188817024231,0,1
gaussian_medium,relative_observable,165,uncond_sdedit_t2,0.06470518559217453,0.3328225016593933,0.06595510989427567,0.3393206298351288,-0.0012499243021011353,-0.006498128175735474,1,1
gaussian_medium,relative_observable,166,uncond_sdedit_t2,0.07050678879022598,0.18788188695907593,0.07392732799053192,0.19033850729465485,-0.0034205392003059387,-0.0024566203355789185,1,1
gaussian_medium,relative_observable,167,uncond_sdedit_t2,0.05872470140457153,0.3622366487979889,0.062389664351940155,0.36570456624031067,-0.003664962947368622,-0.0034679174423217773,1,1
gaussian_medium,relative_observable,168,uncond_sdedit_t2,0.06333290040493011,0.2217985838651657,0.0670127123594284,0.23195475339889526,-0.003679811954498291,-0.010156169533729553,1,1
gaussian_medium,relative_observable,169,uncond_sdedit_t2,0.05150154232978821,0.13408654928207397,0.0525335893034935,0.14226745069026947,-0.0010320469737052917,-0.008180901408195496,1,1
gaussian_medium,relative_observable,170,uncond_sdedit_t2,0.06644164025783539,0.17125403881072998,0.07352592051029205,0.18820954859256744,-0.007084280252456665,-0.016955509781837463,1,1
gaussian_medium,relative_observable,171,uncond_sdedit_t2,0.05761592462658882,0.2681843042373657,0.06817080080509186,0.28808867931365967,-0.010554876178503036,-0.019904375076293945,1,1
gaussian_medium,relative_observable,172,uncond_sdedit_t2,0.0654531717300415,0.459032267332077,0.06448812782764435,0.46265363693237305,0.0009650439023971558,-0.0036213696002960205,0,1
gaussian_medium,relative_observable,173,uncond_sdedit_t2,0.05465635657310486,0.14465925097465515,0.05530258268117905,0.1512354016304016,-0.0006462261080741882,-0.00657615065574646,1,1
gaussian_medium,relative_observable,174,uncond_sdedit_t2,0.06301553547382355,0.17679363489151,0.0680345892906189,0.18603399395942688,-0.005019053816795349,-0.00924035906791687,1,1
gaussian_medium,relative_observable,175,uncond_sdedit_t2,0.06814289093017578,0.1617976874113083,0.06515919417142868,0.1660345196723938,0.002983696758747101,-0.00423683226108551,0,1
gaussian_medium,relative_observable,176,uncond_sdedit_t2,0.05899126082658768,0.14015647768974304,0.06126191094517708,0.15007564425468445,-0.0022706501185894012,-0.009919166564941406,1,1
gaussian_medium,relative_observable,177,uncond_sdedit_t2,0.06726086139678955,0.203648641705513,0.06333308666944504,0.2138184905052185,0.003927774727344513,-0.010169848799705505,0,1
gaussian_medium,relative_observable,178,uncond_sdedit_t2,0.07316802442073822,0.1568193882703781,0.06996317207813263,0.161967933177948,0.003204852342605591,-0.005148544907569885,0,1
gaussian_medium,relative_observable,179,uncond_sdedit_t2,0.05721816420555115,0.1444389522075653,0.05731259658932686,0.15365171432495117,-9.443238377571106e-05,-0.009212762117385864,1,1
gaussian_medium,relative_observable,180,uncond_sdedit_t2,0.07601062953472137,0.4383286237716675,0.07600606232881546,0.4445343017578125,4.567205905914307e-06,-0.0062056779861450195,0,1
gaussian_medium,relative_observable,181,uncond_sdedit_t2,0.06522451341152191,0.1840226948261261,0.06523136049509048,0.1865866482257843,-6.847083568572998e-06,-0.002563953399658203,1,1
gaussian_medium,relative_observable,182,uncond_sdedit_t2,0.0647834911942482,0.15417475998401642,0.05938028544187546,0.16368362307548523,0.005403205752372742,-0.009508863091468811,0,1
gaussian_medium,relative_observable,183,uncond_sdedit_t2,0.08026652038097382,0.18952341377735138,0.07407162338495255,0.20291300117969513,0.006194896996021271,-0.01338958740234375,0,1
gaussian_medium,relative_observable,184,uncond_sdedit_t2,0.0696566104888916,0.19395484030246735,0.0715017318725586,0.20576082170009613,-0.0018451213836669922,-0.011805981397628784,1,1
gaussian_medium,relative_observable,185,uncond_sdedit_t2,0.05593245103955269,0.1660173535346985,0.060521721839904785,0.17453165352344513,-0.0045892708003520966,-0.008514299988746643,1,1
gaussian_medium,relative_observable,186,uncond_sdedit_t2,0.05914529412984848,0.178657665848732,0.06369609385728836,0.19404500722885132,-0.00455079972743988,-0.015387341380119324,1,1
gaussian_medium,relative_observable,187,uncond_sdedit_t2,0.0633501261472702,0.17743262648582458,0.06392177939414978,0.18108953535556793,-0.0005716532468795776,-0.003656908869743347,1,1
gaussian_medium,relative_observable,188,uncond_sdedit_t2,0.059943217784166336,0.49838554859161377,0.0653810128569603,0.5054105520248413,-0.005437795072793961,-0.007025003433227539,1,1
gaussian_medium,relative_observable,189,uncond_sdedit_t2,0.06407876312732697,0.17554563283920288,0.06656162440776825,0.1824268102645874,-0.002482861280441284,-0.0068811774253845215,1,1
gaussian_medium,relative_observable,190,uncond_sdedit_t2,0.06681786477565765,0.19421321153640747,0.06759876757860184,0.19870619475841522,-0.0007809028029441833,-0.0044929832220077515,1,1
gaussian_medium,relative_observable,191,uncond_sdedit_t2,0.05775012820959091,0.4668170213699341,0.06463374197483063,0.4700911343097687,-0.006883613765239716,-0.0032741129398345947,1,1
gaussian_medium,relative_observable,192,uncond_sdedit_t2,0.05712788179516792,0.16751383244991302,0.05859602615237236,0.17156200110912323,-0.0014681443572044373,-0.004048168659210205,1,1
gaussian_medium,relative_observable,193,uncond_sdedit_t2,0.07080189138650894,0.19037050008773804,0.0729748010635376,0.1986209750175476,-0.002172909677028656,-0.00825047492980957,1,1
gaussian_medium,relative_observable,194,uncond_sdedit_t2,0.06193128973245621,0.16240890324115753,0.06374062597751617,0.16883911192417145,-0.001809336245059967,-0.006430208683013916,1,1
gaussian_medium,relative_observable,195,uncond_sdedit_t2,0.04776886850595474,0.1585882604122162,0.054165881127119064,0.17377689480781555,-0.006397012621164322,-0.015188634395599365,1,1
gaussian_medium,relative_observable,196,uncond_sdedit_t2,0.06963903456926346,0.18811877071857452,0.06728403270244598,0.19580087065696716,0.0023550018668174744,-0.007682099938392639,0,1
gaussian_medium,relative_observable,197,uncond_sdedit_t2,0.07578673213720322,0.32949575781822205,0.08035345375537872,0.3378902077674866,-0.004566721618175507,-0.008394449949264526,1,1
gaussian_medium,relative_observable,198,uncond_sdedit_t2,0.05181989073753357,0.1342645287513733,0.05049503594636917,0.14358703792095184,0.0013248547911643982,-0.009322509169578552,0,1
gaussian_medium,relative_observable,199,uncond_sdedit_t2,0.058904193341732025,0.4145714342594147,0.06212310865521431,0.4190860390663147,-0.0032189153134822845,-0.004514604806900024,1,1
gaussian_medium,relative_observable,0,cond_residual_t20,0.06381252408027649,0.1697424203157425,0.05268967151641846,0.25759485363960266,0.011122852563858032,-0.08785243332386017,0,1
gaussian_medium,relative_observable,1,cond_residual_t20,0.0379650704562664,0.11758775264024734,0.06313766539096832,0.21430154144763947,-0.02517259493470192,-0.09671378880739212,1,1
gaussian_medium,relative_observable,2,cond_residual_t20,0.0864875465631485,0.4587191343307495,0.051779210567474365,0.4836506247520447,0.03470833599567413,-0.024931490421295166,0,1
gaussian_medium,relative_observable,3,cond_residual_t20,0.04602774232625961,0.08586295694112778,0.05588671565055847,0.15313297510147095,-0.009858973324298859,-0.06727001816034317,1,1
gaussian_medium,relative_observable,4,cond_residual_t20,0.04014184698462486,0.05426829680800438,0.05658530071377754,0.1726716309785843,-0.01644345372915268,-0.11840333044528961,1,1
gaussian_medium,relative_observable,5,cond_residual_t20,0.04236813634634018,0.08351899683475494,0.06796588748693466,0.16809971630573273,-0.025597751140594482,-0.08458071947097778,1,1
gaussian_medium,relative_observable,6,cond_residual_t20,0.06543301790952682,0.4448945224285126,0.056925155222415924,0.46997445821762085,0.008507862687110901,-0.025079935789108276,0,1
gaussian_medium,relative_observable,7,cond_residual_t20,0.04933571070432663,0.18888910114765167,0.06172262877225876,0.2411469668149948,-0.012386918067932129,-0.05225786566734314,1,1
gaussian_medium,relative_observable,8,cond_residual_t20,0.05269606038928032,0.11934542655944824,0.06060759350657463,0.19851376116275787,-0.007911533117294312,-0.07916833460330963,1,1
gaussian_medium,relative_observable,9,cond_residual_t20,0.08199115097522736,0.15354172885417938,0.0659550279378891,0.19999346137046814,0.016036123037338257,-0.04645173251628876,0,1
gaussian_medium,relative_observable,10,cond_residual_t20,0.04006509482860565,0.0603976771235466,0.05687336251139641,0.16831055283546448,-0.016808267682790756,-0.10791287571191788,1,1
gaussian_medium,relative_observable,11,cond_residual_t20,0.06759251654148102,0.47958776354789734,0.06904856115579605,0.4834783971309662,-0.001456044614315033,-0.0038906335830688477,1,1
gaussian_medium,relative_observable,12,cond_residual_t20,0.064051553606987,0.4166751503944397,0.06322519481182098,0.44773557782173157,0.0008263587951660156,-0.03106042742729187,0,1
gaussian_medium,relative_observable,13,cond_residual_t20,0.06316633522510529,0.118120938539505,0.07754329591989517,0.1705045998096466,-0.014376960694789886,-0.0523836612701416,1,1
gaussian_medium,relative_observable,14,cond_residual_t20,0.06373920291662216,0.10661330074071884,0.0635475218296051,0.17696505784988403,0.00019168108701705933,-0.07035175710916519,0,1
gaussian_medium,relative_observable,15,cond_residual_t20,0.039401378482580185,0.09256312996149063,0.06149406358599663,0.19606755673885345,-0.022092685103416443,-0.10350442677736282,1,1
gaussian_medium,relative_observable,16,cond_residual_t20,0.061116188764572144,0.11485135555267334,0.0525021068751812,0.18295051157474518,0.008614081889390945,-0.06809915602207184,0,1
gaussian_medium,relative_observable,17,cond_residual_t20,0.05183650180697441,0.11183767765760422,0.06533661484718323,0.1858934462070465,-0.013500113040208817,-0.07405576854944229,1,1
gaussian_medium,relative_observable,18,cond_residual_t20,0.028750766068696976,0.16431862115859985,0.06372842937707901,0.24260497093200684,-0.034977663308382034,-0.07828634977340698,1,1
gaussian_medium,relative_observable,19,cond_residual_t20,0.039473675191402435,0.5116426944732666,0.06326358020305634,0.5803443789482117,-0.0237899050116539,-0.06870168447494507,1,1
gaussian_medium,relative_observable,20,cond_residual_t20,0.050200313329696655,0.065135158598423,0.05830741673707962,0.1485026627779007,-0.008107103407382965,-0.08336750417947769,1,1
gaussian_medium,relative_observable,21,cond_residual_t20,0.05760329216718674,0.09249965101480484,0.06869306415319443,0.17002573609352112,-0.01108977198600769,-0.07752608507871628,1,1
gaussian_medium,relative_observable,22,cond_residual_t20,0.05225623399019241,0.11415988951921463,0.06361999362707138,0.1777394413948059,-0.011363759636878967,-0.06357955187559128,1,1
gaussian_medium,relative_observable,23,cond_residual_t20,0.05019613355398178,0.37138521671295166,0.0694975033402443,0.43005678057670593,-0.019301369786262512,-0.05867156386375427,1,1
gaussian_medium,relative_observable,24,cond_residual_t20,0.04738569259643555,0.0997898057103157,0.06091035529971123,0.16263523697853088,-0.01352466270327568,-0.06284543126821518,1,1
gaussian_medium,relative_observable,25,cond_residual_t20,0.06074228137731552,0.11560232192277908,0.06001255661249161,0.18232184648513794,0.0007297247648239136,-0.06671952456235886,0,1
gaussian_medium,relative_observable,26,cond_residual_t20,0.06685081869363785,0.07119616866111755,0.06416813284158707,0.16826771199703217,0.0026826858520507812,-0.09707154333591461,0,1
gaussian_medium,relative_observable,27,cond_residual_t20,0.04533408209681511,0.09749134629964828,0.053119100630283356,0.17524825036525726,-0.0077850185334682465,-0.07775690406560898,1,1
gaussian_medium,relative_observable,28,cond_residual_t20,0.036296699196100235,0.28143826127052307,0.06145323067903519,0.31665515899658203,-0.025156531482934952,-0.03521689772605896,1,1
gaussian_medium,relative_observable,29,cond_residual_t20,0.02443968877196312,0.13583458960056305,0.04525135084986687,0.17828969657421112,-0.020811662077903748,-0.04245510697364807,1,1
gaussian_medium,relative_observable,30,cond_residual_t20,0.05338059738278389,0.12333931028842926,0.05629705265164375,0.15503937005996704,-0.0029164552688598633,-0.03170005977153778,1,1
gaussian_medium,relative_observable,31,cond_residual_t20,0.042734645307064056,0.06420847773551941,0.06441095471382141,0.17235404253005981,-0.021676309406757355,-0.1081455647945404,1,1
gaussian_medium,relative_observable,32,cond_residual_t20,0.04473453387618065,0.08200033009052277,0.048632748425006866,0.1344148814678192,-0.0038982145488262177,-0.05241455137729645,1,1
gaussian_medium,relative_observable,33,cond_residual_t20,0.08492304384708405,0.36015963554382324,0.04978462681174278,0.3969765901565552,0.03513841703534126,-0.036816954612731934,0,1
gaussian_medium,relative_observable,34,cond_residual_t20,0.05039157345890999,0.10036403685808182,0.06210090592503548,0.16616785526275635,-0.011709332466125488,-0.06580381840467453,1,1
gaussian_medium,relative_observable,35,cond_residual_t20,0.05765770003199577,0.10392680764198303,0.06946993619203568,0.22422467172145844,-0.011812236160039902,-0.1202978640794754,1,1
gaussian_medium,relative_observable,36,cond_residual_t20,0.09551481902599335,0.07729904353618622,0.0519719198346138,0.12539997696876526,0.04354289919137955,-0.04810093343257904,0,1
gaussian_medium,relative_observable,37,cond_residual_t20,0.04323909431695938,0.06143716350197792,0.054066289216279984,0.12783241271972656,-0.010827194899320602,-0.06639525294303894,1,1
gaussian_medium,relative_observable,38,cond_residual_t20,0.05968958139419556,0.10265684127807617,0.05767141655087471,0.1928032487630844,0.0020181648433208466,-0.09014640748500824,0,1
gaussian_medium,relative_observable,39,cond_residual_t20,0.05241113156080246,0.053248319774866104,0.058270812034606934,0.14028388261795044,-0.005859680473804474,-0.08703556656837463,1,1
gaussian_medium,relative_observable,40,cond_residual_t20,0.045084964483976364,0.06310182809829712,0.06381482630968094,0.15788374841213226,-0.018729861825704575,-0.09478192031383514,1,1
gaussian_medium,relative_observable,41,cond_residual_t20,0.02629229798913002,0.17018328607082367,0.04674428701400757,0.2257722020149231,-0.020451989024877548,-0.055588915944099426,1,1
gaussian_medium,relative_observable,42,cond_residual_t20,0.07330960035324097,0.1280200183391571,0.06890759617090225,0.20640581846237183,0.004402004182338715,-0.07838580012321472,0,1
gaussian_medium,relative_observable,43,cond_residual_t20,0.039804212749004364,0.4996888339519501,0.05525180697441101,0.5142030119895935,-0.015447594225406647,-0.014514178037643433,1,1
gaussian_medium,relative_observable,44,cond_residual_t20,0.04416251927614212,0.08198864012956619,0.058719534426927567,0.1930064558982849,-0.014557015150785446,-0.11101781576871872,1,1
gaussian_medium,relative_observable,45,cond_residual_t20,0.06610915064811707,0.09314440935850143,0.05506425350904465,0.1535624861717224,0.011044897139072418,-0.06041807681322098,0,1
gaussian_medium,relative_observable,46,cond_residual_t20,0.0486079640686512,0.16305160522460938,0.06088675186038017,0.21503746509552002,-0.012278787791728973,-0.051985859870910645,1,1
gaussian_medium,relative_observable,47,cond_residual_t20,0.08497313410043716,0.06440791487693787,0.05681475251913071,0.14031903445720673,0.028158381581306458,-0.07591111958026886,0,1
gaussian_medium,relative_observable,48,cond_residual_t20,0.04706517234444618,0.25100910663604736,0.06416036933660507,0.33097895979881287,-0.01709519699215889,-0.0799698531627655,1,1
gaussian_medium,relative_observable,49,cond_residual_t20,0.09440552443265915,0.3985702693462372,0.050704699009656906,0.43534010648727417,0.04370082542300224,-0.03676983714103699,0,1
gaussian_medium,relative_observable,50,cond_residual_t20,0.05815678834915161,0.07752883434295654,0.06765604764223099,0.15266388654708862,-0.009499259293079376,-0.07513505220413208,1,1
gaussian_medium,relative_observable,51,cond_residual_t20,0.0479392446577549,0.07429026812314987,0.05603696033358574,0.15089493989944458,-0.008097715675830841,-0.07660467177629471,1,1
gaussian_medium,relative_observable,52,cond_residual_t20,0.031866952776908875,0.15537139773368835,0.04654904827475548,0.2181859165430069,-0.014682095497846603,-0.06281451880931854,1,1
gaussian_medium,relative_observable,53,cond_residual_t20,0.030973512679338455,0.07207749038934708,0.05436959117650986,0.15194040536880493,-0.023396078497171402,-0.07986291497945786,1,1
gaussian_medium,relative_observable,54,cond_residual_t20,0.06339994817972183,0.10505536943674088,0.05588964745402336,0.1693001240491867,0.007510300725698471,-0.06424475461244583,0,1
gaussian_medium,relative_observable,55,cond_residual_t20,0.07925403863191605,0.1458306759595871,0.0649377852678299,0.221160426735878,0.014316253364086151,-0.0753297507762909,0,1
gaussian_medium,relative_observable,56,cond_residual_t20,0.07841737568378448,0.0646233782172203,0.0474541038274765,0.1410312056541443,0.030963271856307983,-0.07640782743692398,0,1
gaussian_medium,relative_observable,57,cond_residual_t20,0.042606305330991745,0.11082106083631516,0.05567995831370354,0.17635172605514526,-0.013073652982711792,-0.06553066521883011,1,1
gaussian_medium,relative_observable,58,cond_residual_t20,0.051784634590148926,0.06539705395698547,0.06290137022733688,0.12769155204296112,-0.011116735637187958,-0.06229449808597565,1,1
gaussian_medium,relative_observable,59,cond_residual_t20,0.05466093495488167,0.10029598325490952,0.06501203775405884,0.1676061749458313,-0.01035110279917717,-0.06731019169092178,1,1
gaussian_medium,relative_observable,60,cond_residual_t20,0.06431867927312851,0.28724727034568787,0.07986714690923691,0.3615890145301819,-0.015548467636108398,-0.07434174418449402,1,1
gaussian_medium,relative_observable,61,cond_residual_t20,0.04314965754747391,0.0905008614063263,0.06355413794517517,0.18731608986854553,-0.020404480397701263,-0.09681522846221924,1,1
gaussian_medium,relative_observable,62,cond_residual_t20,0.054868560284376144,0.08994345366954803,0.060209810733795166,0.14791762828826904,-0.005341250449419022,-0.05797417461872101,1,1
gaussian_medium,relative_observable,63,cond_residual_t20,0.057391393929719925,0.08383750170469284,0.06362495571374893,0.17745628952980042,-0.006233561784029007,-0.09361878782510757,1,1
gaussian_medium,relative_observable,64,cond_residual_t20,0.05745015665888786,0.07289551198482513,0.05301336571574211,0.15553700923919678,0.004436790943145752,-0.08264149725437164,0,1
gaussian_medium,relative_observable,65,cond_residual_t20,0.07124058902263641,0.11289886385202408,0.06843168288469315,0.21629437804222107,0.002808906137943268,-0.10339551419019699,0,1
gaussian_medium,relative_observable,66,cond_residual_t20,0.06495256721973419,0.13401775062084198,0.08183147758245468,0.20187802612781525,-0.01687891036272049,-0.06786027550697327,1,1
gaussian_medium,relative_observable,67,cond_residual_t20,0.06726866960525513,0.06845171004533768,0.04765406250953674,0.15165942907333374,0.019614607095718384,-0.08320771902799606,0,1
gaussian_medium,relative_observable,68,cond_residual_t20,0.056452833116054535,0.11351799964904785,0.06450282037258148,0.19587844610214233,-0.008049987256526947,-0.08236044645309448,1,1
gaussian_medium,relative_observable,69,cond_residual_t20,0.05037464573979378,0.16038139164447784,0.06581691652536392,0.22751519083976746,-0.015442270785570145,-0.06713379919528961,1,1
gaussian_medium,relative_observable,70,cond_residual_t20,0.05500160902738571,0.2117951512336731,0.06503480672836304,0.26727980375289917,-0.010033197700977325,-0.055484652519226074,1,1
gaussian_medium,relative_observable,71,cond_residual_t20,0.05421129986643791,0.35073596239089966,0.08243260532617569,0.430653840303421,-0.028221305459737778,-0.07991787791252136,1,1
gaussian_medium,relative_observable,72,cond_residual_t20,0.04715907573699951,0.10130295157432556,0.059163399040699005,0.21139493584632874,-0.012004323303699493,-0.11009198427200317,1,1
gaussian_medium,relative_observable,73,cond_residual_t20,0.032450951635837555,0.10358753800392151,0.048943597823381424,0.170535609126091,-0.01649264618754387,-0.0669480711221695,1,1
gaussian_medium,relative_observable,74,cond_residual_t20,0.03962598741054535,0.33263811469078064,0.05488523095846176,0.3997913897037506,-0.015259243547916412,-0.06715327501296997,1,1
gaussian_medium,relative_observable,75,cond_residual_t20,0.052571892738342285,0.09515558183193207,0.061505354940891266,0.15565665066242218,-0.00893346220254898,-0.06050106883049011,1,1
gaussian_medium,relative_observable,76,cond_residual_t20,0.05414190888404846,0.10218338668346405,0.06336772441864014,0.16765718162059784,-0.009225815534591675,-0.06547379493713379,1,1
gaussian_medium,relative_observable,77,cond_residual_t20,0.04751437157392502,0.10033991187810898,0.057621002197265625,0.1471443772315979,-0.010106630623340607,-0.04680446535348892,1,1
gaussian_medium,relative_observable,78,cond_residual_t20,0.05090392380952835,0.07239512354135513,0.055813103914260864,0.1270044893026352,-0.004909180104732513,-0.05460936576128006,1,1
gaussian_medium,relative_observable,79,cond_residual_t20,0.04969975724816322,0.09365543723106384,0.05461578816175461,0.18641580641269684,-0.004916030913591385,-0.092760369181633,1,1
gaussian_medium,relative_observable,80,cond_residual_t20,0.05711418390274048,0.10454636067152023,0.06143757700920105,0.16220363974571228,-0.004323393106460571,-0.05765727907419205,1,1
gaussian_medium,relative_observable,81,cond_residual_t20,0.04699774831533432,0.16003473103046417,0.06261061131954193,0.22152715921401978,-0.015612863004207611,-0.0614924281835556,1,1
gaussian_medium,relative_observable,82,cond_residual_t20,0.05772530287504196,0.17637771368026733,0.06371063739061356,0.2529352307319641,-0.005985334515571594,-0.07655751705169678,1,1
gaussian_medium,relative_observable,83,cond_residual_t20,0.05827341601252556,0.07896015048027039,0.06458045542240143,0.1238197460770607,-0.00630703940987587,-0.044859595596790314,1,1
gaussian_medium,relative_observable,84,cond_residual_t20,0.05428417772054672,0.29757755994796753,0.06669057905673981,0.3272639513015747,-0.012406401336193085,-0.029686391353607178,1,1
gaussian_medium,relative_observable,85,cond_residual_t20,0.08649643510580063,0.3727419972419739,0.058885347098112106,0.414104700088501,0.027611088007688522,-0.0413627028465271,0,1
gaussian_medium,relative_observable,86,cond_residual_t20,0.05184214189648628,0.13532103598117828,0.05872054770588875,0.20251381397247314,-0.006878405809402466,-0.06719277799129486,1,1
gaussian_medium,relative_observable,87,cond_residual_t20,0.08875961601734161,0.4710880517959595,0.0609772689640522,0.517386257648468,0.027782347053289413,-0.046298205852508545,0,1
gaussian_medium,relative_observable,88,cond_residual_t20,0.08379226922988892,0.10260632634162903,0.06288284063339233,0.17748552560806274,0.020909428596496582,-0.07487919926643372,0,1
gaussian_medium,relative_observable,89,cond_residual_t20,0.06318067014217377,0.09625793993473053,0.06404105573892593,0.22349926829338074,-0.0008603855967521667,-0.1272413283586502,1,1
gaussian_medium,relative_observable,90,cond_residual_t20,0.036682795733213425,0.357204794883728,0.06123713403940201,0.3742240071296692,-0.024554338306188583,-0.017019212245941162,1,1
gaussian_medium,relative_observable,91,cond_residual_t20,0.09320341050624847,0.10705379396677017,0.07062261551618576,0.18131333589553833,0.022580794990062714,-0.07425954192876816,0,1
gaussian_medium,relative_observable,92,cond_residual_t20,0.03959127143025398,0.07258164137601852,0.06249571964144707,0.18886736035346985,-0.022904448211193085,-0.11628571897745132,1,1
gaussian_medium,relative_observable,93,cond_residual_t20,0.07009517401456833,0.08819083869457245,0.07992082089185715,0.22813326120376587,-0.009825646877288818,-0.13994242250919342,1,1
gaussian_medium,relative_observable,94,cond_residual_t20,0.03951927274465561,0.2382659614086151,0.06401105225086212,0.30806803703308105,-0.024491779506206512,-0.06980207562446594,1,1
gaussian_medium,relative_observable,95,cond_residual_t20,0.04729406535625458,0.12345071882009506,0.06344695389270782,0.1804322600364685,-0.016152888536453247,-0.056981541216373444,1,1
gaussian_medium,relative_observable,96,cond_residual_t20,0.04436543956398964,0.0758969709277153,0.05727323889732361,0.17227008938789368,-0.012907799333333969,-0.09637311846017838,1,1
gaussian_medium,relative_observable,97,cond_residual_t20,0.038510970771312714,0.06239087134599686,0.05725973844528198,0.1539067029953003,-0.01874876767396927,-0.09151583164930344,1,1
gaussian_medium,relative_observable,98,cond_residual_t20,0.06616032123565674,0.08006502687931061,0.06984086334705353,0.15195311605930328,-0.0036805421113967896,-0.07188808917999268,1,1
gaussian_medium,relative_observable,99,cond_residual_t20,0.04362265765666962,0.1745223104953766,0.05965913087129593,0.2174004316329956,-0.016036473214626312,-0.04287812113761902,1,1
gaussian_medium,relative_observable,100,cond_residual_t20,0.11192576587200165,0.5087597370147705,0.061298519372940063,0.559107780456543,0.050627246499061584,-0.05034804344177246,0,1
gaussian_medium,relative_observable,101,cond_residual_t20,0.08606971800327301,0.096137635409832,0.07044897973537445,0.1754961609840393,0.01562073826789856,-0.0793585255742073,0,1
gaussian_medium,relative_observable,102,cond_residual_t20,0.05756114050745964,0.07768762111663818,0.05523790046572685,0.16772402822971344,0.002323240041732788,-0.09003640711307526,0,1
gaussian_medium,relative_observable,103,cond_residual_t20,0.06430976092815399,0.12945522367954254,0.05866476893424988,0.16977395117282867,0.005644991993904114,-0.04031872749328613,0,1
gaussian_medium,relative_observable,104,cond_residual_t20,0.04974658787250519,0.10731060057878494,0.06275846064090729,0.14963671565055847,-0.0130118727684021,-0.04232611507177353,1,1
gaussian_medium,relative_observable,105,cond_residual_t20,0.06542905420064926,0.12577171623706818,0.061939459294080734,0.18103794753551483,0.0034895949065685272,-0.055266231298446655,0,1
gaussian_medium,relative_observable,106,cond_residual_t20,0.06556650251150131,0.07062125205993652,0.07259709388017654,0.13709700107574463,-0.007030591368675232,-0.0664757490158081,1,1
gaussian_medium,relative_observable,107,cond_residual_t20,0.03414629399776459,0.17284925282001495,0.054060280323028564,0.24029786884784698,-0.019913986325263977,-0.06744861602783203,1,1
gaussian_medium,relative_observable,108,cond_residual_t20,0.07657881826162338,0.4083573818206787,0.0605158731341362,0.4471472501754761,0.016062945127487183,-0.03878986835479736,0,1
gaussian_medium,relative_observable,109,cond_residual_t20,0.05352424830198288,0.07160245627164841,0.05685434862971306,0.16199812293052673,-0.003330100327730179,-0.09039566665887833,1,1
gaussian_medium,relative_observable,110,cond_residual_t20,0.02222782000899315,0.36809593439102173,0.053803879767656326,0.4171982407569885,-0.03157605975866318,-0.0491023063659668,1,1
gaussian_medium,relative_observable,111,cond_residual_t20,0.04626653343439102,0.061003878712654114,0.06834503263235092,0.15973493456840515,-0.0220784991979599,-0.09873105585575104,1,1
gaussian_medium,relative_observable,112,cond_residual_t20,0.04627757519483566,0.06820458173751831,0.057756416499614716,0.1373388171195984,-0.011478841304779053,-0.06913423538208008,1,1
gaussian_medium,relative_observable,113,cond_residual_t20,0.05964602157473564,0.3757094144821167,0.07053997367620468,0.44725003838539124,-0.01089395210146904,-0.07154062390327454,1,1
gaussian_medium,relative_observable,114,cond_residual_t20,0.026766082271933556,0.3490276634693146,0.05028399080038071,0.40060532093048096,-0.02351790852844715,-0.05157765746116638,1,1
gaussian_medium,relative_observable,115,cond_residual_t20,0.08807393163442612,0.4365674555301666,0.069786436855793,0.4905249774456024,0.018287494778633118,-0.05395752191543579,0,1
gaussian_medium,relative_observable,116,cond_residual_t20,0.0654461607336998,0.1329611986875534,0.08216828107833862,0.1972154825925827,-0.016722120344638824,-0.0642542839050293,1,1
gaussian_medium,relative_observable,117,cond_residual_t20,0.04782184585928917,0.07779297232627869,0.05175156146287918,0.1293429434299469,-0.003929715603590012,-0.05154997110366821,1,1
gaussian_medium,relative_observable,118,cond_residual_t20,0.047892484813928604,0.0676015317440033,0.06253249943256378,0.15853089094161987,-0.014640014618635178,-0.09092935919761658,1,1
gaussian_medium,relative_observable,119,cond_residual_t20,0.06337366998195648,0.07940921932458878,0.06780588626861572,0.14165262877941132,-0.004432216286659241,-0.06224340945482254,1,1
gaussian_medium,relative_observable,120,cond_residual_t20,0.037059977650642395,0.3343847990036011,0.059413619339466095,0.4000716209411621,-0.0223536416888237,-0.06568682193756104,1,1
gaussian_medium,relative_observable,121,cond_residual_t20,0.05491158366203308,0.15128856897354126,0.06543900072574615,0.19479991495609283,-0.010527417063713074,-0.043511345982551575,1,1
gaussian_medium,relative_observable,122,cond_residual_t20,0.07193052768707275,0.4915010631084442,0.067314513027668,0.5100261569023132,0.004616014659404755,-0.01852509379386902,0,1
gaussian_medium,relative_observable,123,cond_residual_t20,0.07049714773893356,0.0740872174501419,0.06365425139665604,0.17862099409103394,0.006842896342277527,-0.10453377664089203,0,1
gaussian_medium,relative_observable,124,cond_residual_t20,0.07376516610383987,0.10140444338321686,0.07229502499103546,0.17555390298366547,0.0014701411128044128,-0.07414945960044861,0,1
gaussian_medium,relative_observable,125,cond_residual_t20,0.033609725534915924,0.26899147033691406,0.0507008321583271,0.3153918981552124,-0.01709110662341118,-0.04640042781829834,1,1
gaussian_medium,relative_observable,126,cond_residual_t20,0.06537390500307083,0.2125268280506134,0.0687909722328186,0.29283303022384644,-0.003417067229747772,-0.08030620217323303,1,1
gaussian_medium,relative_observable,127,cond_residual_t20,0.03175399452447891,0.05597715824842453,0.05025341361761093,0.16333498060703278,-0.01849941909313202,-0.10735782235860825,1,1
gaussian_medium,relative_observable,128,cond_residual_t20,0.06773465871810913,0.15824367105960846,0.07547896355390549,0.2059471160173416,-0.007744304835796356,-0.047703444957733154,1,1
gaussian_medium,relative_observable,129,cond_residual_t20,0.033519454300403595,0.25433114171028137,0.0584014467895031,0.2846340537071228,-0.024881992489099503,-0.03030291199684143,1,1
gaussian_medium,relative_observable,130,cond_residual_t20,0.05530894920229912,0.1984282284975052,0.06082163378596306,0.24782146513462067,-0.00551268458366394,-0.04939323663711548,1,1
gaussian_medium,relative_observable,131,cond_residual_t20,0.042855896055698395,0.3234095871448517,0.0703960657119751,0.3548932671546936,-0.027540169656276703,-0.03148368000984192,1,1
gaussian_medium,relative_observable,132,cond_residual_t20,0.03223113343119621,0.06001463159918785,0.057657770812511444,0.14972493052482605,-0.02542663738131523,-0.0897102952003479,1,1
gaussian_medium,relative_observable,133,cond_residual_t20,0.04401499405503273,0.0760875940322876,0.07890082895755768,0.17625902593135834,-0.03488583490252495,-0.10017143189907074,1,1
gaussian_medium,relative_observable,134,cond_residual_t20,0.0532824881374836,0.07923557609319687,0.06966028362512589,0.18685060739517212,-0.016377795487642288,-0.10761503130197525,1,1
gaussian_medium,relative_observable,135,cond_residual_t20,0.05913848802447319,0.1330689638853073,0.06959477066993713,0.1987147331237793,-0.010456282645463943,-0.06564576923847198,1,1
gaussian_medium,relative_observable,136,cond_residual_t20,0.0843384638428688,0.15292271971702576,0.07904346287250519,0.20913536846637726,0.005295000970363617,-0.0562126487493515,0,1
gaussian_medium,relative_observable,137,cond_residual_t20,0.04660285264253616,0.09095495194196701,0.06061019375920296,0.13794785737991333,-0.014007341116666794,-0.04699290543794632,1,1
gaussian_medium,relative_observable,138,cond_residual_t20,0.0833568423986435,0.08848823606967926,0.07277632504701614,0.20100384950637817,0.01058051735162735,-0.11251561343669891,0,1
gaussian_medium,relative_observable,139,cond_residual_t20,0.02336942031979561,0.07731582224369049,0.05832662433385849,0.1707523912191391,-0.03495720401406288,-0.09343656897544861,1,1
gaussian_medium,relative_observable,140,cond_residual_t20,0.0567675456404686,0.3586442768573761,0.06620535999536514,0.39643633365631104,-0.009437814354896545,-0.037792056798934937,1,1
gaussian_medium,relative_observable,141,cond_residual_t20,0.05961136147379875,0.10978206992149353,0.07058821618556976,0.16859117150306702,-0.010976854711771011,-0.058809101581573486,1,1
gaussian_medium,relative_observable,142,cond_residual_t20,0.034822188317775726,0.2990661859512329,0.053529269993305206,0.3380206823348999,-0.01870708167552948,-0.03895449638366699,1,1
gaussian_medium,relative_observable,143,cond_residual_t20,0.05969959497451782,0.3427291512489319,0.06082773953676224,0.39537718892097473,-0.0011281445622444153,-0.05264803767204285,1,1
gaussian_medium,relative_observable,144,cond_residual_t20,0.07287181168794632,0.10042086988687515,0.058723390102386475,0.16571247577667236,0.014148421585559845,-0.06529160588979721,0,1
gaussian_medium,relative_observable,145,cond_residual_t20,0.03695052117109299,0.3921954929828644,0.05548446252942085,0.41859737038612366,-0.018533941358327866,-0.026401877403259277,1,1
gaussian_medium,relative_observable,146,cond_residual_t20,0.04377709701657295,0.2139308899641037,0.07215584814548492,0.2740419805049896,-0.028378751128911972,-0.060111090540885925,1,1
gaussian_medium,relative_observable,147,cond_residual_t20,0.04758045822381973,0.04508735239505768,0.058708298951387405,0.1274281144142151,-0.011127840727567673,-0.08234076201915741,1,1
gaussian_medium,relative_observable,148,cond_residual_t20,0.08527712523937225,0.13159655034542084,0.0760311409831047,0.21771861612796783,0.009245984256267548,-0.086122065782547,0,1
gaussian_medium,relative_observable,149,cond_residual_t20,0.0591512992978096,0.08942070603370667,0.05259985849261284,0.1418168544769287,0.006551440805196762,-0.052396148443222046,0,1
gaussian_medium,relative_observable,150,cond_residual_t20,0.07655175030231476,0.09946124255657196,0.06264053285121918,0.20010407269001007,0.013911217451095581,-0.10064283013343811,0,1
gaussian_medium,relative_observable,151,cond_residual_t20,0.04145386815071106,0.06924684345722198,0.057472534477710724,0.14393165707588196,-0.016018666326999664,-0.07468481361865997,1,1
gaussian_medium,relative_observable,152,cond_residual_t20,0.07482541352510452,0.09266891330480576,0.06613504141569138,0.13452142477035522,0.008690372109413147,-0.04185251146554947,0,1
gaussian_medium,relative_observable,153,cond_residual_t20,0.057971276342868805,0.11211592704057693,0.05708067864179611,0.21622365713119507,0.0008905977010726929,-0.10410773009061813,0,1
gaussian_medium,relative_observable,154,cond_residual_t20,0.08102427423000336,0.10418255627155304,0.06078441068530083,0.1645355224609375,0.02023986354470253,-0.06035296618938446,0,1
gaussian_medium,relative_observable,155,cond_residual_t20,0.04485189914703369,0.07282938063144684,0.06064096838235855,0.18995732069015503,-0.01578906923532486,-0.11712794005870819,1,1
gaussian_medium,relative_observable,156,cond_residual_t20,0.029289474710822105,0.11780402064323425,0.042232804000377655,0.19494909048080444,-0.01294332928955555,-0.07714506983757019,1,1
gaussian_medium,relative_observable,157,cond_residual_t20,0.05424981564283371,0.1471734642982483,0.06546349823474884,0.2262924313545227,-0.01121368259191513,-0.07911896705627441,1,1
gaussian_medium,relative_observable,158,cond_residual_t20,0.04772868752479553,0.08260053396224976,0.06597288697957993,0.19826719164848328,-0.018244199454784393,-0.11566665768623352,1,1
gaussian_medium,relative_observable,159,cond_residual_t20,0.05256218463182449,0.1193803921341896,0.07007939368486404,0.20146112143993378,-0.01751720905303955,-0.08208072930574417,1,1
gaussian_medium,relative_observable,160,cond_residual_t20,0.061106257140636444,0.2956470251083374,0.06853477656841278,0.37168172001838684,-0.007428519427776337,-0.07603469491004944,1,1
gaussian_medium,relative_observable,161,cond_residual_t20,0.06284455955028534,0.14293581247329712,0.08197537064552307,0.23956158757209778,-0.019130811095237732,-0.09662577509880066,1,1
gaussian_medium,relative_observable,162,cond_residual_t20,0.04528838396072388,0.04291566461324692,0.06918779015541077,0.1329507827758789,-0.02389940619468689,-0.09003511816263199,1,1
gaussian_medium,relative_observable,163,cond_residual_t20,0.06627080589532852,0.10664914548397064,0.07299311459064484,0.17686158418655396,-0.006722308695316315,-0.07021243870258331,1,1
gaussian_medium,relative_observable,164,cond_residual_t20,0.044156573712825775,0.10234799981117249,0.06470252573490143,0.161900594830513,-0.020545952022075653,-0.059552595019340515,1,1
gaussian_medium,relative_observable,165,cond_residual_t20,0.03260459378361702,0.3108513355255127,0.06595510989427567,0.3393206298351288,-0.033350516110658646,-0.02846929430961609,1,1
gaussian_medium,relative_observable,166,cond_residual_t20,0.06194330379366875,0.1438988596200943,0.07392732799053192,0.19033850729465485,-0.011984024196863174,-0.04643964767456055,1,1
gaussian_medium,relative_observable,167,cond_residual_t20,0.039082515984773636,0.3385924994945526,0.062389664351940155,0.36570456624031067,-0.02330714836716652,-0.027112066745758057,1,1
gaussian_medium,relative_observable,168,cond_residual_t20,0.08533041179180145,0.14563913643360138,0.0670127123594284,0.23195475339889526,0.018317699432373047,-0.08631561696529388,0,1
gaussian_medium,relative_observable,169,cond_residual_t20,0.042276717722415924,0.07489098608493805,0.0525335893034935,0.14226745069026947,-0.010256871581077576,-0.06737646460533142,1,1
gaussian_medium,relative_observable,170,cond_residual_t20,0.05511663481593132,0.0746665894985199,0.07352592051029205,0.18820954859256744,-0.018409285694360733,-0.11354295909404755,1,1
gaussian_medium,relative_observable,171,cond_residual_t20,0.03802461922168732,0.15656322240829468,0.06817080080509186,0.28808867931365967,-0.03014618158340454,-0.131525456905365,1,1
gaussian_medium,relative_observable,172,cond_residual_t20,0.06713136285543442,0.4248262643814087,0.06448812782764435,0.46265363693237305,0.0026432350277900696,-0.037827372550964355,0,1
gaussian_medium,relative_observable,173,cond_residual_t20,0.03800707310438156,0.09182734042406082,0.05530258268117905,0.1512354016304016,-0.017295509576797485,-0.05940806120634079,1,1
gaussian_medium,relative_observable,174,cond_residual_t20,0.0583573579788208,0.08699242770671844,0.0680345892906189,0.18603399395942688,-0.009677231311798096,-0.09904156625270844,1,1
gaussian_medium,relative_observable,175,cond_residual_t20,0.04717748612165451,0.10331541299819946,0.06515919417142868,0.1660345196723938,-0.01798170804977417,-0.06271910667419434,1,1
gaussian_medium,relative_observable,176,cond_residual_t20,0.0493740551173687,0.05812133848667145,0.06126191094517708,0.15007564425468445,-0.01188785582780838,-0.091954305768013,1,1
gaussian_medium,relative_observable,177,cond_residual_t20,0.07165707647800446,0.15133805572986603,0.06333308666944504,0.2138184905052185,0.008323989808559418,-0.06248043477535248,0,1
gaussian_medium,relative_observable,178,cond_residual_t20,0.05996255204081535,0.10782183706760406,0.06996317207813263,0.161967933177948,-0.010000620037317276,-0.05414609611034393,1,1
gaussian_medium,relative_observable,179,cond_residual_t20,0.04179476574063301,0.06302176415920258,0.05731259658932686,0.15365171432495117,-0.015517830848693848,-0.0906299501657486,1,1
gaussian_medium,relative_observable,180,cond_residual_t20,0.060735560953617096,0.4083119332790375,0.07600606232881546,0.4445343017578125,-0.015270501375198364,-0.036222368478775024,1,1
gaussian_medium,relative_observable,181,cond_residual_t20,0.06223435327410698,0.13669021427631378,0.06523136049509048,0.1865866482257843,-0.0029970072209835052,-0.04989643394947052,1,1
gaussian_medium,relative_observable,182,cond_residual_t20,0.06460906565189362,0.08170878887176514,0.05938028544187546,0.16368362307548523,0.005228780210018158,-0.08197483420372009,0,1
gaussian_medium,relative_observable,183,cond_residual_t20,0.06255266815423965,0.09583355486392975,0.07407162338495255,0.20291300117969513,-0.01151895523071289,-0.10707944631576538,1,1
gaussian_medium,relative_observable,184,cond_residual_t20,0.04396634176373482,0.10525202751159668,0.0715017318725586,0.20576082170009613,-0.027535390108823776,-0.10050879418849945,1,1
gaussian_medium,relative_observable,185,cond_residual_t20,0.09444858133792877,0.06599494814872742,0.060521721839904785,0.17453165352344513,0.03392685949802399,-0.10853670537471771,0,1
gaussian_medium,relative_observable,186,cond_residual_t20,0.041596733033657074,0.08468710631132126,0.06369609385728836,0.19404500722885132,-0.022099360823631287,-0.10935790091753006,1,1
gaussian_medium,relative_observable,187,cond_residual_t20,0.06584110110998154,0.13134878873825073,0.06392177939414978,0.18108953535556793,0.0019193217158317566,-0.0497407466173172,0,1
gaussian_medium,relative_observable,188,cond_residual_t20,0.07062329351902008,0.46098339557647705,0.0653810128569603,0.5054105520248413,0.005242280662059784,-0.04442715644836426,0,1
gaussian_medium,relative_observable,189,cond_residual_t20,0.0624065026640892,0.12890172004699707,0.06656162440776825,0.1824268102645874,-0.004155121743679047,-0.05352509021759033,1,1
gaussian_medium,relative_observable,190,cond_residual_t20,0.05484272167086601,0.11944883316755295,0.06759876757860184,0.19870619475841522,-0.012756045907735825,-0.07925736159086227,1,1
gaussian_medium,relative_observable,191,cond_residual_t20,0.03988609462976456,0.43852224946022034,0.06463374197483063,0.4700911343097687,-0.02474764734506607,-0.03156888484954834,1,1
gaussian_medium,relative_observable,192,cond_residual_t20,0.049547724425792694,0.10667536407709122,0.05859602615237236,0.17156200110912323,-0.009048301726579666,-0.06488663703203201,1,1
gaussian_medium,relative_observable,193,cond_residual_t20,0.06116018816828728,0.12831048667430878,0.0729748010635376,0.1986209750175476,-0.01181461289525032,-0.07031048834323883,1,1
gaussian_medium,relative_observable,194,cond_residual_t20,0.07077047973871231,0.10178332775831223,0.06374062597751617,0.16883911192417145,0.0070298537611961365,-0.06705578416585922,0,1
gaussian_medium,relative_observable,195,cond_residual_t20,0.033249448984861374,0.05011601746082306,0.054165881127119064,0.17377689480781555,-0.02091643214225769,-0.12366087734699249,1,1
gaussian_medium,relative_observable,196,cond_residual_t20,0.06673900038003922,0.1067676842212677,0.06728403270244598,0.19580087065696716,-0.0005450323224067688,-0.08903318643569946,1,1
gaussian_medium,relative_observable,197,cond_residual_t20,0.0710105448961258,0.2595084309577942,0.08035345375537872,0.3378902077674866,-0.00934290885925293,-0.07838177680969238,1,1
gaussian_medium,relative_observable,198,cond_residual_t20,0.039951927959918976,0.06802037358283997,0.05049503594636917,0.14358703792095184,-0.010543107986450195,-0.07556666433811188,1,1
gaussian_medium,relative_observable,199,cond_residual_t20,0.0865098312497139,0.3589624762535095,0.06212310865521431,0.4190860390663147,0.024386722594499588,-0.060123562812805176,0,1
drift_medium,relative_observable,0,noisy_input,0.016536012291908264,0.16516846418380737,0.016536012291908264,0.16516846418380737,0.0,0.0,0,0
drift_medium,relative_observable,1,noisy_input,0.021085400134325027,0.08166669309139252,0.021085400134325027,0.08166669309139252,0.0,0.0,0,0
drift_medium,relative_observable,2,noisy_input,0.014531794004142284,0.4483456015586853,0.014531794004142284,0.4483456015586853,0.0,0.0,0,0
drift_medium,relative_observable,3,noisy_input,0.017189767211675644,0.05945013463497162,0.017189767211675644,0.05945013463497162,0.0,0.0,0,0
drift_medium,relative_observable,4,noisy_input,0.008927764371037483,0.03851239010691643,0.008927764371037483,0.03851239010691643,0.0,0.0,0,0
drift_medium,relative_observable,5,noisy_input,0.016184139996767044,0.05971315875649452,0.016184139996767044,0.05971315875649452,0.0,0.0,0,0
drift_medium,relative_observable,6,noisy_input,0.02081143483519554,0.4651312828063965,0.02081143483519554,0.4651312828063965,0.0,0.0,0,0
drift_medium,relative_observable,7,noisy_input,0.023107971996068954,0.19008152186870575,0.023107971996068954,0.19008152186870575,0.0,0.0,0,0
drift_medium,relative_observable,8,noisy_input,0.022240186110138893,0.11671341955661774,0.022240186110138893,0.11671341955661774,0.0,0.0,0,0
drift_medium,relative_observable,9,noisy_input,0.014273817650973797,0.04776349663734436,0.014273817650973797,0.04776349663734436,0.0,0.0,0,0
drift_medium,relative_observable,10,noisy_input,0.010188296437263489,0.06150243803858757,0.010188296437263489,0.06150243803858757,0.0,0.0,0,0
drift_medium,relative_observable,11,noisy_input,0.01539901178330183,0.45492589473724365,0.01539901178330183,0.45492589473724365,0.0,0.0,0,0
drift_medium,relative_observable,12,noisy_input,0.010337733663618565,0.38116639852523804,0.010337733663618565,0.38116639852523804,0.0,0.0,0,0
drift_medium,relative_observable,13,noisy_input,0.015380037017166615,0.07281198352575302,0.015380037017166615,0.07281198352575302,0.0,0.0,0,0
drift_medium,relative_observable,14,noisy_input,0.02187788300216198,0.09594300389289856,0.02187788300216198,0.09594300389289856,0.0,0.0,0,0
drift_medium,relative_observable,15,noisy_input,0.014474940486252308,0.07142390310764313,0.014474940486252308,0.07142390310764313,0.0,0.0,0,0
drift_medium,relative_observable,16,noisy_input,0.02377709560096264,0.0960003137588501,0.02377709560096264,0.0960003137588501,0.0,0.0,0,0
drift_medium,relative_observable,17,noisy_input,0.016595283523201942,0.06754517555236816,0.016595283523201942,0.06754517555236816,0.0,0.0,0,0
drift_medium,relative_observable,18,noisy_input,0.01722937822341919,0.17087799310684204,0.01722937822341919,0.17087799310684204,0.0,0.0,0,0
drift_medium,relative_observable,19,noisy_input,0.012869710102677345,0.5146934986114502,0.012869710102677345,0.5146934986114502,0.0,0.0,0,0
drift_medium,relative_observable,20,noisy_input,0.023376625031232834,0.050156138837337494,0.023376625031232834,0.050156138837337494,0.0,0.0,0,0
drift_medium,relative_observable,21,noisy_input,0.03531065210700035,0.05826253443956375,0.03531065210700035,0.05826253443956375,0.0,0.0,0,0
drift_medium,relative_observable,22,noisy_input,0.01347572822123766,0.03771582990884781,0.01347572822123766,0.03771582990884781,0.0,0.0,0,0
drift_medium,relative_observable,23,noisy_input,0.009009282104671001,0.3588595986366272,0.009009282104671001,0.3588595986366272,0.0,0.0,0,0
drift_medium,relative_observable,24,noisy_input,0.015629243105649948,0.03920044004917145,0.015629243105649948,0.03920044004917145,0.0,0.0,0,0
drift_medium,relative_observable,25,noisy_input,0.009505518712103367,0.058591026812791824,0.009505518712103367,0.058591026812791824,0.0,0.0,0,0
drift_medium,relative_observable,26,noisy_input,0.02396518737077713,0.04848770052194595,0.02396518737077713,0.04848770052194595,0.0,0.0,0,0
drift_medium,relative_observable,27,noisy_input,0.024277906864881516,0.055806152522563934,0.024277906864881516,0.055806152522563934,0.0,0.0,0,0
drift_medium,relative_observable,28,noisy_input,0.025474250316619873,0.299747109413147,0.025474250316619873,0.299747109413147,0.0,0.0,0,0
drift_medium,relative_observable,29,noisy_input,0.005397857632488012,0.14342698454856873,0.005397857632488012,0.14342698454856873,0.0,0.0,0,0
drift_medium,relative_observable,30,noisy_input,0.011954015120863914,0.05045502260327339,0.011954015120863914,0.05045502260327339,0.0,0.0,0,0
drift_medium,relative_observable,31,noisy_input,0.014279286377131939,0.04318051040172577,0.014279286377131939,0.04318051040172577,0.0,0.0,0,0
drift_medium,relative_observable,32,noisy_input,0.010975005105137825,0.04075353965163231,0.010975005105137825,0.04075353965163231,0.0,0.0,0,0
drift_medium,relative_observable,33,noisy_input,0.015535501763224602,0.4061254858970642,0.015535501763224602,0.4061254858970642,0.0,0.0,0,0
drift_medium,relative_observable,34,noisy_input,0.022948022931814194,0.058538660407066345,0.022948022931814194,0.058538660407066345,0.0,0.0,0,0
drift_medium,relative_observable,35,noisy_input,0.013241374865174294,0.08833659440279007,0.013241374865174294,0.08833659440279007,0.0,0.0,0,0
drift_medium,relative_observable,36,noisy_input,0.02784580923616886,0.052064940333366394,0.02784580923616886,0.052064940333366394,0.0,0.0,0,0
drift_medium,relative_observable,37,noisy_input,0.009052416309714317,0.035055290907621384,0.009052416309714317,0.035055290907621384,0.0,0.0,0,0
drift_medium,relative_observable,38,noisy_input,0.0068565793335437775,0.07539213448762894,0.0068565793335437775,0.07539213448762894,0.0,0.0,0,0
drift_medium,relative_observable,39,noisy_input,0.02031262218952179,0.04386323317885399,0.02031262218952179,0.04386323317885399,0.0,0.0,0,0
drift_medium,relative_observable,40,noisy_input,0.01886359043419361,0.05253831297159195,0.01886359043419361,0.05253831297159195,0.0,0.0,0,0
drift_medium,relative_observable,41,noisy_input,0.007941678166389465,0.17110244929790497,0.007941678166389465,0.17110244929790497,0.0,0.0,0,0
drift_medium,relative_observable,42,noisy_input,0.03117031417787075,0.1319408118724823,0.03117031417787075,0.1319408118724823,0.0,0.0,0,0
drift_medium,relative_observable,43,noisy_input,0.018947910517454147,0.49028322100639343,0.018947910517454147,0.49028322100639343,0.0,0.0,0,0
drift_medium,relative_observable,44,noisy_input,0.005705818999558687,0.049329619854688644,0.005705818999558687,0.049329619854688644,0.0,0.0,0,0
drift_medium,relative_observable,45,noisy_input,0.010938800871372223,0.04643124341964722,0.010938800871372223,0.04643124341964722,0.0,0.0,0,0
drift_medium,relative_observable,46,noisy_input,0.014412283897399902,0.1575920581817627,0.014412283897399902,0.1575920581817627,0.0,0.0,0,0
drift_medium,relative_observable,47,noisy_input,0.014143891632556915,0.03888556733727455,0.014143891632556915,0.03888556733727455,0.0,0.0,0,0
drift_medium,relative_observable,48,noisy_input,0.025914903730154037,0.17272493243217468,0.025914903730154037,0.17272493243217468,0.0,0.0,0,0
drift_medium,relative_observable,49,noisy_input,0.01741790398955345,0.4352480471134186,0.01741790398955345,0.4352480471134186,0.0,0.0,0,0
drift_medium,relative_observable,50,noisy_input,0.028854403644800186,0.04441355541348457,0.028854403644800186,0.04441355541348457,0.0,0.0,0,0
drift_medium,relative_observable,51,noisy_input,0.02535412274301052,0.035602618008852005,0.02535412274301052,0.035602618008852005,0.0,0.0,0,0
drift_medium,relative_observable,52,noisy_input,0.01150797214359045,0.1367284655570984,0.01150797214359045,0.1367284655570984,0.0,0.0,0,0
drift_medium,relative_observable,53,noisy_input,0.008905930444598198,0.05667664483189583,0.008905930444598198,0.05667664483189583,0.0,0.0,0,0
drift_medium,relative_observable,54,noisy_input,0.02555757761001587,0.10557502508163452,0.02555757761001587,0.10557502508163452,0.0,0.0,0,0
drift_medium,relative_observable,55,noisy_input,0.021905386820435524,0.1363363265991211,0.021905386820435524,0.1363363265991211,0.0,0.0,0,0
drift_medium,relative_observable,56,noisy_input,0.017580287531018257,0.034337785094976425,0.017580287531018257,0.034337785094976425,0.0,0.0,0,0
drift_medium,relative_observable,57,noisy_input,0.01730109006166458,0.05676206573843956,0.01730109006166458,0.05676206573843956,0.0,0.0,0,0
drift_medium,relative_observable,58,noisy_input,0.014405691996216774,0.04278753697872162,0.014405691996216774,0.04278753697872162,0.0,0.0,0,0
drift_medium,relative_observable,59,noisy_input,0.012227886356413364,0.044605135917663574,0.012227886356413364,0.044605135917663574,0.0,0.0,0,0
drift_medium,relative_observable,60,noisy_input,0.020913776010274887,0.2388889193534851,0.020913776010274887,0.2388889193534851,0.0,0.0,0,0
drift_medium,relative_observable,61,noisy_input,0.01968301460146904,0.07521944493055344,0.01968301460146904,0.07521944493055344,0.0,0.0,0,0
drift_medium,relative_observable,62,noisy_input,0.027730848640203476,0.07778707146644592,0.027730848640203476,0.07778707146644592,0.0,0.0,0,0
drift_medium,relative_observable,63,noisy_input,0.011099440976977348,0.0484035387635231,0.011099440976977348,0.0484035387635231,0.0,0.0,0,0
drift_medium,relative_observable,64,noisy_input,0.016708383336663246,0.027022210881114006,0.016708383336663246,0.027022210881114006,0.0,0.0,0,0
drift_medium,relative_observable,65,noisy_input,0.007152928970754147,0.06868556141853333,0.007152928970754147,0.06868556141853333,0.0,0.0,0,0
drift_medium,relative_observable,66,noisy_input,0.033631570637226105,0.07693028450012207,0.033631570637226105,0.07693028450012207,0.0,0.0,0,0
drift_medium,relative_observable,67,noisy_input,0.01200458686798811,0.06214071065187454,0.01200458686798811,0.06214071065187454,0.0,0.0,0,0
drift_medium,relative_observable,68,noisy_input,0.011625135317444801,0.04420623183250427,0.011625135317444801,0.04420623183250427,0.0,0.0,0,0
drift_medium,relative_observable,69,noisy_input,0.02150435373187065,0.13716624677181244,0.02150435373187065,0.13716624677181244,0.0,0.0,0,0
drift_medium,relative_observable,70,noisy_input,0.02385559491813183,0.23483403027057648,0.02385559491813183,0.23483403027057648,0.0,0.0,0,0
drift_medium,relative_observable,71,noisy_input,0.01585599035024643,0.4067256450653076,0.01585599035024643,0.4067256450653076,0.0,0.0,0,0
drift_medium,relative_observable,72,noisy_input,0.012053757905960083,0.08526960015296936,0.012053757905960083,0.08526960015296936,0.0,0.0,0,0
drift_medium,relative_observable,73,noisy_input,0.020928075537085533,0.07894513010978699,0.020928075537085533,0.07894513010978699,0.0,0.0,0,0
drift_medium,relative_observable,74,noisy_input,0.018228689208626747,0.3064277768135071,0.018228689208626747,0.3064277768135071,0.0,0.0,0,0
drift_medium,relative_observable,75,noisy_input,0.02514825202524662,0.06026984751224518,0.02514825202524662,0.06026984751224518,0.0,0.0,0,0
drift_medium,relative_observable,76,noisy_input,0.009664904326200485,0.03986743092536926,0.009664904326200485,0.03986743092536926,0.0,0.0,0,0
drift_medium,relative_observable,77,noisy_input,0.015579549595713615,0.030331019312143326,0.015579549595713615,0.030331019312143326,0.0,0.0,0,0
drift_medium,relative_observable,78,noisy_input,0.016774959862232208,0.04671666398644447,0.016774959862232208,0.04671666398644447,0.0,0.0,0,0
drift_medium,relative_observable,79,noisy_input,0.020151246339082718,0.04510826990008354,0.020151246339082718,0.04510826990008354,0.0,0.0,0,0
drift_medium,relative_observable,80,noisy_input,0.01884213089942932,0.05472579225897789,0.01884213089942932,0.05472579225897789,0.0,0.0,0,0
drift_medium,relative_observable,81,noisy_input,0.016086498275399208,0.13921813666820526,0.016086498275399208,0.13921813666820526,0.0,0.0,0,0
drift_medium,relative_observable,82,noisy_input,0.019221492111682892,0.15149980783462524,0.019221492111682892,0.15149980783462524,0.0,0.0,0,0
drift_medium,relative_observable,83,noisy_input,0.04755106940865517,0.05560890957713127,0.04755106940865517,0.05560890957713127,0.0,0.0,0,0
drift_medium,relative_observable,84,noisy_input,0.018441462889313698,0.20465406775474548,0.018441462889313698,0.20465406775474548,0.0,0.0,0,0
drift_medium,relative_observable,85,noisy_input,0.014416967518627644,0.36384329199790955,0.014416967518627644,0.36384329199790955,0.0,0.0,0,0
drift_medium,relative_observable,86,noisy_input,0.017614029347896576,0.12339874356985092,0.017614029347896576,0.12339874356985092,0.0,0.0,0,0
drift_medium,relative_observable,87,noisy_input,0.009824667125940323,0.4372654855251312,0.009824667125940323,0.4372654855251312,0.0,0.0,0,0
drift_medium,relative_observable,88,noisy_input,0.016939863562583923,0.04346994683146477,0.016939863562583923,0.04346994683146477,0.0,0.0,0,0
drift_medium,relative_observable,89,noisy_input,0.020034849643707275,0.0634901374578476,0.020034849643707275,0.0634901374578476,0.0,0.0,0,0
drift_medium,relative_observable,90,noisy_input,0.01932232454419136,0.403637558221817,0.01932232454419136,0.403637558221817,0.0,0.0,0,0
drift_medium,relative_observable,91,noisy_input,0.011003862135112286,0.04940400645136833,0.011003862135112286,0.04940400645136833,0.0,0.0,0,0
drift_medium,relative_observable,92,noisy_input,0.015793757513165474,0.04617279767990112,0.015793757513165474,0.04617279767990112,0.0,0.0,0,0
drift_medium,relative_observable,93,noisy_input,0.018471211194992065,0.04470273479819298,0.018471211194992065,0.04470273479819298,0.0,0.0,0,0
drift_medium,relative_observable,94,noisy_input,0.017788056284189224,0.2533876299858093,0.017788056284189224,0.2533876299858093,0.0,0.0,0,0
drift_medium,relative_observable,95,noisy_input,0.02421121671795845,0.06450238078832626,0.02421121671795845,0.06450238078832626,0.0,0.0,0,0
drift_medium,relative_observable,96,noisy_input,0.026644349098205566,0.05317414551973343,0.026644349098205566,0.05317414551973343,0.0,0.0,0,0
drift_medium,relative_observable,97,noisy_input,0.013900680467486382,0.05656541883945465,0.013900680467486382,0.05656541883945465,0.0,0.0,0,0
drift_medium,relative_observable,98,noisy_input,0.01564750447869301,0.07950569689273834,0.01564750447869301,0.07950569689273834,0.0,0.0,0,0
drift_medium,relative_observable,99,noisy_input,0.007868817076086998,0.16589891910552979,0.007868817076086998,0.16589891910552979,0.0,0.0,0,0
drift_medium,relative_observable,100,noisy_input,0.01714233309030533,0.4304521679878235,0.01714233309030533,0.4304521679878235,0.0,0.0,0,0
drift_medium,relative_observable,101,noisy_input,0.0343082956969738,0.04496784508228302,0.0343082956969738,0.04496784508228302,0.0,0.0,0,0
drift_medium,relative_observable,102,noisy_input,0.010273340158164501,0.06277723610401154,0.010273340158164501,0.06277723610401154,0.0,0.0,0,0
drift_medium,relative_observable,103,noisy_input,0.017191564664244652,0.061735689640045166,0.017191564664244652,0.061735689640045166,0.0,0.0,0,0
drift_medium,relative_observable,104,noisy_input,0.03739587217569351,0.05746562033891678,0.03739587217569351,0.05746562033891678,0.0,0.0,0,0
drift_medium,relative_observable,105,noisy_input,0.014909791760146618,0.04621078819036484,0.014909791760146618,0.04621078819036484,0.0,0.0,0,0
drift_medium,relative_observable,106,noisy_input,0.016151992604136467,0.053528204560279846,0.016151992604136467,0.053528204560279846,0.0,0.0,0,0
drift_medium,relative_observable,107,noisy_input,0.016108034178614616,0.17425113916397095,0.016108034178614616,0.17425113916397095,0.0,0.0,0,0
drift_medium,relative_observable,108,noisy_input,0.011098704300820827,0.3588257431983948,0.011098704300820827,0.3588257431983948,0.0,0.0,0,0
drift_medium,relative_observable,109,noisy_input,0.01602887734770775,0.05176854133605957,0.01602887734770775,0.05176854133605957,0.0,0.0,0,0
drift_medium,relative_observable,110,noisy_input,0.01901550032198429,0.32409271597862244,0.01901550032198429,0.32409271597862244,0.0,0.0,0,0
drift_medium,relative_observable,111,noisy_input,0.018545594066381454,0.046562403440475464,0.018545594066381454,0.046562403440475464,0.0,0.0,0,0
drift_medium,relative_observable,112,noisy_input,0.010535293258726597,0.05623600259423256,0.010535293258726597,0.05623600259423256,0.0,0.0,0,0
drift_medium,relative_observable,113,noisy_input,0.020250122994184494,0.38881373405456543,0.020250122994184494,0.38881373405456543,0.0,0.0,0,0
drift_medium,relative_observable,114,noisy_input,0.0079646036028862,0.3360922336578369,0.0079646036028862,0.3360922336578369,0.0,0.0,0,0
drift_medium,relative_observable,115,noisy_input,0.026504259556531906,0.44646549224853516,0.026504259556531906,0.44646549224853516,0.0,0.0,0,0
drift_medium,relative_observable,116,noisy_input,0.04124478995800018,0.04472886770963669,0.04124478995800018,0.04472886770963669,0.0,0.0,0,0
drift_medium,relative_observable,117,noisy_input,0.012384811416268349,0.04865620657801628,0.012384811416268349,0.04865620657801628,0.0,0.0,0,0
drift_medium,relative_observable,118,noisy_input,0.017444061115384102,0.05113493651151657,0.017444061115384102,0.05113493651151657,0.0,0.0,0,0
drift_medium,relative_observable,119,noisy_input,0.030583351850509644,0.05462830141186714,0.030583351850509644,0.05462830141186714,0.0,0.0,0,0
drift_medium,relative_observable,120,noisy_input,0.007897842675447464,0.30571991205215454,0.007897842675447464,0.30571991205215454,0.0,0.0,0,0
drift_medium,relative_observable,121,noisy_input,0.021337684243917465,0.05039098486304283,0.021337684243917465,0.05039098486304283,0.0,0.0,0,0
drift_medium,relative_observable,122,noisy_input,0.011148964986205101,0.5402036905288696,0.011148964986205101,0.5402036905288696,0.0,0.0,0,0
drift_medium,relative_observable,123,noisy_input,0.010732211172580719,0.06636601686477661,0.010732211172580719,0.06636601686477661,0.0,0.0,0,0
drift_medium,relative_observable,124,noisy_input,0.024521902203559875,0.07516877353191376,0.024521902203559875,0.07516877353191376,0.0,0.0,0,0
drift_medium,relative_observable,125,noisy_input,0.009474260732531548,0.2763567864894867,0.009474260732531548,0.2763567864894867,0.0,0.0,0,0
drift_medium,relative_observable,126,noisy_input,0.014302809722721577,0.1407276690006256,0.014302809722721577,0.1407276690006256,0.0,0.0,0,0
drift_medium,relative_observable,127,noisy_input,0.01411370187997818,0.04709118604660034,0.01411370187997818,0.04709118604660034,0.0,0.0,0,0
drift_medium,relative_observable,128,noisy_input,0.026036133989691734,0.2011377364397049,0.026036133989691734,0.2011377364397049,0.0,0.0,0,0
drift_medium,relative_observable,129,noisy_input,0.010891471058130264,0.3142113983631134,0.010891471058130264,0.3142113983631134,0.0,0.0,0,0
drift_medium,relative_observable,130,noisy_input,0.01602138951420784,0.22136065363883972,0.01602138951420784,0.22136065363883972,0.0,0.0,0,0
drift_medium,relative_observable,131,noisy_input,0.01885271444916725,0.37651142477989197,0.01885271444916725,0.37651142477989197,0.0,0.0,0,0
drift_medium,relative_observable,132,noisy_input,0.016670849174261093,0.034965816885232925,0.016670849174261093,0.034965816885232925,0.0,0.0,0,0
drift_medium,relative_observable,133,noisy_input,0.02821655012667179,0.053466521203517914,0.02821655012667179,0.053466521203517914,0.0,0.0,0,0
drift_medium,relative_observable,134,noisy_input,0.020211298018693924,0.05183272063732147,0.020211298018693924,0.05183272063732147,0.0,0.0,0,0
drift_medium,relative_observable,135,noisy_input,0.02110425755381584,0.0624510832130909,0.02110425755381584,0.0624510832130909,0.0,0.0,0,0
drift_medium,relative_observable,136,noisy_input,0.020838597789406776,0.13644474744796753,0.020838597789406776,0.13644474744796753,0.0,0.0,0,0
drift_medium,relative_observable,137,noisy_input,0.015033459290862083,0.0335424467921257,0.015033459290862083,0.0335424467921257,0.0,0.0,0,0
drift_medium,relative_observable,138,noisy_input,0.016651418060064316,0.054634977132081985,0.016651418060064316,0.054634977132081985,0.0,0.0,0,0
drift_medium,relative_observable,139,noisy_input,0.013306289911270142,0.06833510100841522,0.013306289911270142,0.06833510100841522,0.0,0.0,0,0
drift_medium,relative_observable,140,noisy_input,0.013861102983355522,0.3209821581840515,0.013861102983355522,0.3209821581840515,0.0,0.0,0,0
drift_medium,relative_observable,141,noisy_input,0.012794512324035168,0.032720617949962616,0.012794512324035168,0.032720617949962616,0.0,0.0,0,0
drift_medium,relative_observable,142,noisy_input,0.02161804400384426,0.2579009532928467,0.02161804400384426,0.2579009532928467,0.0,0.0,0,0
drift_medium,relative_observable,143,noisy_input,0.010270051658153534,0.25641268491744995,0.010270051658153534,0.25641268491744995,0.0,0.0,0,0
drift_medium,relative_observable,144,noisy_input,0.016374047845602036,0.06140025332570076,0.016374047845602036,0.06140025332570076,0.0,0.0,0,0
drift_medium,relative_observable,145,noisy_input,0.010875171050429344,0.41732996702194214,0.010875171050429344,0.41732996702194214,0.0,0.0,0,0
drift_medium,relative_observable,146,noisy_input,0.020778488367795944,0.219402015209198,0.020778488367795944,0.219402015209198,0.0,0.0,0,0
drift_medium,relative_observable,147,noisy_input,0.011826708912849426,0.03461019694805145,0.011826708912849426,0.03461019694805145,0.0,0.0,0,0
drift_medium,relative_observable,148,noisy_input,0.028223667293787003,0.0644749104976654,0.028223667293787003,0.0644749104976654,0.0,0.0,0,0
drift_medium,relative_observable,149,noisy_input,0.013543481938540936,0.03912875056266785,0.013543481938540936,0.03912875056266785,0.0,0.0,0,0
drift_medium,relative_observable,150,noisy_input,0.010258292779326439,0.08651884645223618,0.010258292779326439,0.08651884645223618,0.0,0.0,0,0
drift_medium,relative_observable,151,noisy_input,0.018445974215865135,0.06032545864582062,0.018445974215865135,0.06032545864582062,0.0,0.0,0,0
drift_medium,relative_observable,152,noisy_input,0.013369105756282806,0.05171603709459305,0.013369105756282806,0.05171603709459305,0.0,0.0,0,0
drift_medium,relative_observable,153,noisy_input,0.012932690791785717,0.09136172384023666,0.012932690791785717,0.09136172384023666,0.0,0.0,0,0
drift_medium,relative_observable,154,noisy_input,0.019940638914704323,0.05466710403561592,0.019940638914704323,0.05466710403561592,0.0,0.0,0,0
drift_medium,relative_observable,155,noisy_input,0.009242561645805836,0.03670298308134079,0.009242561645805836,0.03670298308134079,0.0,0.0,0,0
drift_medium,relative_observable,156,noisy_input,0.010970770381391048,0.10803990066051483,0.010970770381391048,0.10803990066051483,0.0,0.0,0,0
drift_medium,relative_observable,157,noisy_input,0.02060822769999504,0.15965770184993744,0.02060822769999504,0.15965770184993744,0.0,0.0,0,0
drift_medium,relative_observable,158,noisy_input,0.021076247096061707,0.04863707348704338,0.021076247096061707,0.04863707348704338,0.0,0.0,0,0
drift_medium,relative_observable,159,noisy_input,0.010554498061537743,0.04470643028616905,0.010554498061537743,0.04470643028616905,0.0,0.0,0,0
drift_medium,relative_observable,160,noisy_input,0.011727151460945606,0.2729262709617615,0.011727151460945606,0.2729262709617615,0.0,0.0,0,0
drift_medium,relative_observable,161,noisy_input,0.012809562496840954,0.1334587037563324,0.012809562496840954,0.1334587037563324,0.0,0.0,0,0
drift_medium,relative_observable,162,noisy_input,0.013470771722495556,0.04022927209734917,0.013470771722495556,0.04022927209734917,0.0,0.0,0,0
drift_medium,relative_observable,163,noisy_input,0.03462173789739609,0.04189005866646767,0.03462173789739609,0.04189005866646767,0.0,0.0,0,0
drift_medium,relative_observable,164,noisy_input,0.009980863891541958,0.05638882890343666,0.009980863891541958,0.05638882890343666,0.0,0.0,0,0
drift_medium,relative_observable,165,noisy_input,0.015457259491086006,0.27656400203704834,0.015457259491086006,0.27656400203704834,0.0,0.0,0,0
drift_medium,relative_observable,166,noisy_input,0.012044956907629967,0.04785202443599701,0.012044956907629967,0.04785202443599701,0.0,0.0,0,0
drift_medium,relative_observable,167,noisy_input,0.02526763640344143,0.36408841609954834,0.02526763640344143,0.36408841609954834,0.0,0.0,0,0
drift_medium,relative_observable,168,noisy_input,0.027504172176122665,0.14984089136123657,0.027504172176122665,0.14984089136123657,0.0,0.0,0,0
drift_medium,relative_observable,169,noisy_input,0.010762695223093033,0.05445759743452072,0.010762695223093033,0.05445759743452072,0.0,0.0,0,0
drift_medium,relative_observable,170,noisy_input,0.016410980373620987,0.06153881549835205,0.016410980373620987,0.06153881549835205,0.0,0.0,0,0
drift_medium,relative_observable,171,noisy_input,0.015158912166953087,0.14478115737438202,0.015158912166953087,0.14478115737438202,0.0,0.0,0,0
drift_medium,relative_observable,172,noisy_input,0.03020169772207737,0.4157674014568329,0.03020169772207737,0.4157674014568329,0.0,0.0,0,0
drift_medium,relative_observable,173,noisy_input,0.012900194153189659,0.04836134985089302,0.012900194153189659,0.04836134985089302,0.0,0.0,0,0
drift_medium,relative_observable,174,noisy_input,0.021334167569875717,0.04556518420577049,0.021334167569875717,0.04556518420577049,0.0,0.0,0,0
drift_medium,relative_observable,175,noisy_input,0.020863275974988937,0.0626656711101532,0.020863275974988937,0.0626656711101532,0.0,0.0,0,0
drift_medium,relative_observable,176,noisy_input,0.021122097969055176,0.030394094064831734,0.021122097969055176,0.030394094064831734,0.0,0.0,0,0
drift_medium,relative_observable,177,noisy_input,0.03080694004893303,0.1422175168991089,0.03080694004893303,0.1422175168991089,0.0,0.0,0,0
drift_medium,relative_observable,178,noisy_input,0.015417446382343769,0.06672631949186325,0.015417446382343769,0.06672631949186325,0.0,0.0,0,0
drift_medium,relative_observable,179,noisy_input,0.011204937472939491,0.056148555129766464,0.011204937472939491,0.056148555129766464,0.0,0.0,0,0
drift_medium,relative_observable,180,noisy_input,0.014817848801612854,0.26655957102775574,0.014817848801612854,0.26655957102775574,0.0,0.0,0,0
drift_medium,relative_observable,181,noisy_input,0.01971512660384178,0.0559595488011837,0.01971512660384178,0.0559595488011837,0.0,0.0,0,0
drift_medium,relative_observable,182,noisy_input,0.013908940367400646,0.05010954290628433,0.013908940367400646,0.05010954290628433,0.0,0.0,0,0
drift_medium,relative_observable,183,noisy_input,0.014107001945376396,0.06636745482683182,0.014107001945376396,0.06636745482683182,0.0,0.0,0,0
drift_medium,relative_observable,184,noisy_input,0.01876175031065941,0.07071740180253983,0.01876175031065941,0.07071740180253983,0.0,0.0,0,0
drift_medium,relative_observable,185,noisy_input,0.019510412588715553,0.04744570702314377,0.019510412588715553,0.04744570702314377,0.0,0.0,0,0
drift_medium,relative_observable,186,noisy_input,0.01745820976793766,0.06183008477091789,0.01745820976793766,0.06183008477091789,0.0,0.0,0,0
drift_medium,relative_observable,187,noisy_input,0.02349519170820713,0.06938990205526352,0.02349519170820713,0.06938990205526352,0.0,0.0,0,0
drift_medium,relative_observable,188,noisy_input,0.014933735132217407,0.44632992148399353,0.014933735132217407,0.44632992148399353,0.0,0.0,0,0
drift_medium,relative_observable,189,noisy_input,0.010982046835124493,0.04508676379919052,0.010982046835124493,0.04508676379919052,0.0,0.0,0,0
drift_medium,relative_observable,190,noisy_input,0.020872769877314568,0.03913870081305504,0.020872769877314568,0.03913870081305504,0.0,0.0,0,0
drift_medium,relative_observable,191,noisy_input,0.02633640542626381,0.40804728865623474,0.02633640542626381,0.40804728865623474,0.0,0.0,0,0
drift_medium,relative_observable,192,noisy_input,0.02155136875808239,0.06880749017000198,0.02155136875808239,0.06880749017000198,0.0,0.0,0,0
drift_medium,relative_observable,193,noisy_input,0.012221870943903923,0.0558711439371109,0.012221870943903923,0.0558711439371109,0.0,0.0,0,0
drift_medium,relative_observable,194,noisy_input,0.010806224308907986,0.054679010063409805,0.010806224308907986,0.054679010063409805,0.0,0.0,0,0
drift_medium,relative_observable,195,noisy_input,0.0193842314183712,0.04182128608226776,0.0193842314183712,0.04182128608226776,0.0,0.0,0,0
drift_medium,relative_observable,196,noisy_input,0.014205612242221832,0.05045583099126816,0.014205612242221832,0.05045583099126816,0.0,0.0,0,0
drift_medium,relative_observable,197,noisy_input,0.02248402126133442,0.26016414165496826,0.02248402126133442,0.26016414165496826,0.0,0.0,0,0
drift_medium,relative_observable,198,noisy_input,0.033254802227020264,0.06821644306182861,0.033254802227020264,0.06821644306182861,0.0,0.0,0,0
drift_medium,relative_observable,199,noisy_input,0.021302590146660805,0.319944828748703,0.021302590146660805,0.319944828748703,0.0,0.0,0,0
drift_medium,relative_observable,0,uncond_sdedit_t2,0.020232897251844406,0.16470450162887573,0.016536012291908264,0.16516846418380737,0.003696884959936142,-0.0004639625549316406,0,1
drift_medium,relative_observable,1,uncond_sdedit_t2,0.024694660678505898,0.07893097400665283,0.021085400134325027,0.08166669309139252,0.00360926054418087,-0.002735719084739685,0,1
drift_medium,relative_observable,2,uncond_sdedit_t2,0.011145435273647308,0.44831812381744385,0.014531794004142284,0.4483456015586853,-0.003386358730494976,-2.7477741241455078e-05,1,1
drift_medium,relative_observable,3,uncond_sdedit_t2,0.01934082806110382,0.05773462727665901,0.017189767211675644,0.05945013463497162,0.002151060849428177,-0.0017155073583126068,0,1
drift_medium,relative_observable,4,uncond_sdedit_t2,0.013476366177201271,0.037201687693595886,0.008927764371037483,0.03851239010691643,0.004548601806163788,-0.0013107024133205414,0,1
drift_medium,relative_observable,5,uncond_sdedit_t2,0.019317636266350746,0.05797146260738373,0.016184139996767044,0.05971315875649452,0.003133496269583702,-0.001741696149110794,0,1
drift_medium,relative_observable,6,uncond_sdedit_t2,0.0177123062312603,0.46453702449798584,0.02081143483519554,0.4651312828063965,-0.0030991286039352417,-0.0005942583084106445,1,1
drift_medium,relative_observable,7,uncond_sdedit_t2,0.020854754373431206,0.18905578553676605,0.023107971996068954,0.19008152186870575,-0.0022532176226377487,-0.0010257363319396973,1,1
drift_medium,relative_observable,8,uncond_sdedit_t2,0.020922493189573288,0.11557447910308838,0.022240186110138893,0.11671341955661774,-0.0013176929205656052,-0.001138940453529358,1,1
drift_medium,relative_observable,9,uncond_sdedit_t2,0.018498620018363,0.042804230004549026,0.014273817650973797,0.04776349663734436,0.004224802367389202,-0.004959266632795334,0,1
drift_medium,relative_observable,10,uncond_sdedit_t2,0.011740096844732761,0.059549424797296524,0.010188296437263489,0.06150243803858757,0.0015518004074692726,-0.0019530132412910461,0,1
drift_medium,relative_observable,11,uncond_sdedit_t2,0.013108590617775917,0.4545222818851471,0.01539901178330183,0.45492589473724365,-0.0022904211655259132,-0.0004036128520965576,1,1
drift_medium,relative_observable,12,uncond_sdedit_t2,0.018766598775982857,0.3809546232223511,0.010337733663618565,0.38116639852523804,0.008428865112364292,-0.0002117753028869629,0,1
drift_medium,relative_observable,13,uncond_sdedit_t2,0.0160660520195961,0.07152611762285233,0.015380037017166615,0.07281198352575302,0.0006860150024294853,-0.0012858659029006958,0,1
drift_medium,relative_observable,14,uncond_sdedit_t2,0.028899451717734337,0.09605269134044647,0.02187788300216198,0.09594300389289856,0.007021568715572357,0.0001096874475479126,0,0
drift_medium,relative_observable,15,uncond_sdedit_t2,0.028084805235266685,0.07017094641923904,0.014474940486252308,0.07142390310764313,0.013609864749014378,-0.0012529566884040833,0,1
drift_medium,relative_observable,16,uncond_sdedit_t2,0.020533401519060135,0.0937584862112999,0.02377709560096264,0.0960003137588501,-0.003243694081902504,-0.0022418275475502014,1,1
drift_medium,relative_observable,17,uncond_sdedit_t2,0.026849880814552307,0.06471023708581924,0.016595283523201942,0.06754517555236816,0.010254597291350365,-0.0028349384665489197,0,1
drift_medium,relative_observable,18,uncond_sdedit_t2,0.017731038853526115,0.16958974301815033,0.01722937822341919,0.17087799310684204,0.000501660630106926,-0.0012882500886917114,0,1
drift_medium,relative_observable,19,uncond_sdedit_t2,0.016199693083763123,0.5136699676513672,0.012869710102677345,0.5146934986114502,0.0033299829810857773,-0.0010235309600830078,0,1
drift_medium,relative_observable,20,uncond_sdedit_t2,0.030998339876532555,0.04786042496562004,0.023376625031232834,0.050156138837337494,0.007621714845299721,-0.002295713871717453,0,1
drift_medium,relative_observable,21,uncond_sdedit_t2,0.040915511548519135,0.05775602534413338,0.03531065210700035,0.05826253443956375,0.005604859441518784,-0.0005065090954303741,0,1
drift_medium,relative_observable,22,uncond_sdedit_t2,0.01055651344358921,0.03576834127306938,0.01347572822123766,0.03771582990884781,-0.002919214777648449,-0.0019474886357784271,1,1
drift_medium,relative_observable,23,uncond_sdedit_t2,0.00715974997729063,0.3558097183704376,0.009009282104671001,0.3588595986366272,-0.001849532127380371,-0.003049880266189575,1,1
drift_medium,relative_observable,24,uncond_sdedit_t2,0.0196644626557827,0.03733697161078453,0.015629243105649948,0.03920044004917145,0.0040352195501327515,-0.0018634684383869171,0,1
drift_medium,relative_observable,25,uncond_sdedit_t2,0.007884355261921883,0.05831003189086914,0.009505518712103367,0.058591026812791824,-0.0016211634501814842,-0.0002809949219226837,1,1
drift_medium,relative_observable,26,uncond_sdedit_t2,0.022740311920642853,0.04652543365955353,0.02396518737077713,0.04848770052194595,-0.0012248754501342773,-0.0019622668623924255,1,1
drift_medium,relative_observable,27,uncond_sdedit_t2,0.026596402749419212,0.05284358561038971,0.024277906864881516,0.055806152522563934,0.002318495884537697,-0.002962566912174225,0,1
drift_medium,relative_observable,28,uncond_sdedit_t2,0.02340201660990715,0.29832878708839417,0.025474250316619873,0.299747109413147,-0.0020722337067127228,-0.0014183223247528076,1,1
drift_medium,relative_observable,29,uncond_sdedit_t2,0.008683674037456512,0.1437624990940094,0.005397857632488012,0.14342698454856873,0.0032858164049685,0.00033551454544067383,0,0
drift_medium,relative_observable,30,uncond_sdedit_t2,0.014337164349853992,0.046870771795511246,0.011954015120863914,0.05045502260327339,0.002383149228990078,-0.003584250807762146,0,1
drift_medium,relative_observable,31,uncond_sdedit_t2,0.01056885439902544,0.040248095989227295,0.014279286377131939,0.04318051040172577,-0.0037104319781064987,-0.002932414412498474,1,1
drift_medium,relative_observable,32,uncond_sdedit_t2,0.014635356143116951,0.03930440917611122,0.010975005105137825,0.04075353965163231,0.003660351037979126,-0.0014491304755210876,0,1
drift_medium,relative_observable,33,uncond_sdedit_t2,0.027521923184394836,0.40470731258392334,0.015535501763224602,0.4061254858970642,0.011986421421170235,-0.0014181733131408691,0,1
drift_medium,relative_observable,34,uncond_sdedit_t2,0.01635042205452919,0.05771968886256218,0.022948022931814194,0.058538660407066345,-0.006597600877285004,-0.0008189715445041656,1,1
drift_medium,relative_observable,35,uncond_sdedit_t2,0.013852802105247974,0.08554288744926453,0.013241374865174294,0.08833659440279007,0.0006114272400736809,-0.002793706953525543,0,1
drift_medium,relative_observable,36,uncond_sdedit_t2,0.02374744787812233,0.05032021552324295,0.02784580923616886,0.052064940333366394,-0.004098361358046532,-0.0017447248101234436,1,1
drift_medium,relative_observable,37,uncond_sdedit_t2,0.009046745486557484,0.03414617106318474,0.009052416309714317,0.035055290907621384,-5.670823156833649e-06,-0.0009091198444366455,1,1
drift_medium,relative_observable,38,uncond_sdedit_t2,0.00892770104110241,0.07356370985507965,0.0068565793335437775,0.07539213448762894,0.002071121707558632,-0.0018284246325492859,0,1
drift_medium,relative_observable,39,uncond_sdedit_t2,0.02068733051419258,0.04022162780165672,0.02031262218952179,0.04386323317885399,0.0003747083246707916,-0.0036416053771972656,0,1
drift_medium,relative_observable,40,uncond_sdedit_t2,0.0148314805701375,0.04952491074800491,0.01886359043419361,0.05253831297159195,-0.00403210986405611,-0.003013402223587036,1,1
drift_medium,relative_observable,41,uncond_sdedit_t2,0.008333059027791023,0.1703384667634964,0.007941678166389465,0.17110244929790497,0.0003913808614015579,-0.0007639825344085693,0,1
drift_medium,relative_observable,42,uncond_sdedit_t2,0.036100346595048904,0.13022664189338684,0.03117031417787075,0.1319408118724823,0.004930032417178154,-0.001714169979095459,0,1
drift_medium,relative_observable,43,uncond_sdedit_t2,0.010126063600182533,0.4897395372390747,0.018947910517454147,0.49028322100639343,-0.008821846917271614,-0.0005436837673187256,1,1
drift_medium,relative_observable,44,uncond_sdedit_t2,0.01649925298988819,0.04707230627536774,0.005705818999558687,0.049329619854688644,0.010793434455990791,-0.0022573135793209076,0,1
drift_medium,relative_observable,45,uncond_sdedit_t2,0.01284728478640318,0.04496339336037636,0.010938800871372223,0.04643124341964722,0.0019084839150309563,-0.0014678500592708588,0,1
drift_medium,relative_observable,46,uncond_sdedit_t2,0.020145941525697708,0.1556774228811264,0.014412283897399902,0.1575920581817627,0.005733657628297806,-0.0019146353006362915,0,1
drift_medium,relative_observable,47,uncond_sdedit_t2,0.013148652389645576,0.03636088967323303,0.014143891632556915,0.03888556733727455,-0.0009952392429113388,-0.002524677664041519,1,1
drift_medium,relative_observable,48,uncond_sdedit_t2,0.01849093660712242,0.1715961992740631,0.025914903730154037,0.17272493243217468,-0.007423967123031616,-0.0011287331581115723,1,1
drift_medium,relative_observable,49,uncond_sdedit_t2,0.023891830816864967,0.43214911222457886,0.01741790398955345,0.4352480471134186,0.006473926827311516,-0.0030989348888397217,0,1
drift_medium,relative_observable,50,uncond_sdedit_t2,0.029055481776595116,0.04225866496562958,0.028854403644800186,0.04441355541348457,0.0002010781317949295,-0.0021548904478549957,0,1
drift_medium,relative_observable,51,uncond_sdedit_t2,0.015811696648597717,0.03328631818294525,0.02535412274301052,0.035602618008852005,-0.009542426094412804,-0.0023162998259067535,1,1
drift_medium,relative_observable,52,uncond_sdedit_t2,0.008038012310862541,0.1341627836227417,0.01150797214359045,0.1367284655570984,-0.003469959832727909,-0.0025656819343566895,1,1
drift_medium,relative_observable,53,uncond_sdedit_t2,0.016072440892457962,0.05415470898151398,0.008905930444598198,0.05667664483189583,0.007166510447859764,-0.002521935850381851,0,1
drift_medium,relative_observable,54,uncond_sdedit_t2,0.032487768679857254,0.10514914989471436,0.02555757761001587,0.10557502508163452,0.006930191069841385,-0.000425875186920166,0,1
drift_medium,relative_observable,55,uncond_sdedit_t2,0.014992679469287395,0.1343849003314972,0.021905386820435524,0.1363363265991211,-0.0069127073511481285,-0.0019514262676239014,1,1
drift_medium,relative_observable,56,uncond_sdedit_t2,0.017496388405561447,0.03290889784693718,0.017580287531018257,0.034337785094976425,-8.389912545681e-05,-0.0014288872480392456,1,1
drift_medium,relative_observable,57,uncond_sdedit_t2,0.0168619304895401,0.05566594377160072,0.01730109006166458,0.05676206573843956,-0.0004391595721244812,-0.0010961219668388367,1,1
drift_medium,relative_observable,58,uncond_sdedit_t2,0.010471124202013016,0.042313575744628906,0.014405691996216774,0.04278753697872162,-0.003934567794203758,-0.0004739612340927124,1,1
drift_medium,relative_observable,59,uncond_sdedit_t2,0.01250708382576704,0.04264267906546593,0.012227886356413364,0.044605135917663574,0.00027919746935367584,-0.001962456852197647,0,1
drift_medium,relative_observable,60,uncond_sdedit_t2,0.028384169563651085,0.2365371584892273,0.020913776010274887,0.2388889193534851,0.007470393553376198,-0.0023517608642578125,0,1
drift_medium,relative_observable,61,uncond_sdedit_t2,0.02255786396563053,0.07276307791471481,0.01968301460146904,0.07521944493055344,0.0028748493641614914,-0.002456367015838623,0,1
drift_medium,relative_observable,62,uncond_sdedit_t2,0.037736378610134125,0.07357613742351532,0.027730848640203476,0.07778707146644592,0.010005529969930649,-0.004210934042930603,0,1
drift_medium,relative_observable,63,uncond_sdedit_t2,0.012140492908656597,0.04800054430961609,0.011099440976977348,0.0484035387635231,0.0010410519316792488,-0.00040299445390701294,0,1
drift_medium,relative_observable,64,uncond_sdedit_t2,0.02501668967306614,0.0248199962079525,0.016708383336663246,0.027022210881114006,0.008308306336402893,-0.0022022146731615067,0,1
drift_medium,relative_observable,65,uncond_sdedit_t2,0.010466694831848145,0.06484097242355347,0.007152928970754147,0.06868556141853333,0.003313765861093998,-0.0038445889949798584,0,1
drift_medium,relative_observable,66,uncond_sdedit_t2,0.03929756581783295,0.07451643794775009,0.033631570637226105,0.07693028450012207,0.005665995180606842,-0.0024138465523719788,0,1
drift_medium,relative_observable,67,uncond_sdedit_t2,0.01798257790505886,0.06042185798287392,0.01200458686798811,0.06214071065187454,0.005977991037070751,-0.0017188526690006256,0,1
drift_medium,relative_observable,68,uncond_sdedit_t2,0.006901143584400415,0.04089654982089996,0.011625135317444801,0.04420623183250427,-0.004723991733044386,-0.003309682011604309,1,1
drift_medium,relative_observable,69,uncond_sdedit_t2,0.024418041110038757,0.1358402669429779,0.02150435373187065,0.13716624677181244,0.002913687378168106,-0.0013259798288345337,0,1
drift_medium,relative_observable,70,uncond_sdedit_t2,0.038908928632736206,0.23417526483535767,0.02385559491813183,0.23483403027057648,0.015053333714604378,-0.000658765435218811,0,1
drift_medium,relative_observable,71,uncond_sdedit_t2,0.020662935450673103,0.40442490577697754,0.01585599035024643,0.4067256450653076,0.004806945100426674,-0.002300739288330078,0,1
drift_medium,relative_observable,72,uncond_sdedit_t2,0.01005857065320015,0.08344434946775436,0.012053757905960083,0.08526960015296936,-0.0019951872527599335,-0.0018252506852149963,1,1
drift_medium,relative_observable,73,uncond_sdedit_t2,0.016453009098768234,0.07819925248622894,0.020928075537085533,0.07894513010978699,-0.004475066438317299,-0.0007458776235580444,1,1
drift_medium,relative_observable,74,uncond_sdedit_t2,0.021091390401124954,0.3046171963214874,0.018228689208626747,0.3064277768135071,0.002862701192498207,-0.0018105804920196533,0,1
drift_medium,relative_observable,75,uncond_sdedit_t2,0.027747999876737595,0.05701281130313873,0.02514825202524662,0.06026984751224518,0.0025997478514909744,-0.0032570362091064453,0,1
drift_medium,relative_observable,76,uncond_sdedit_t2,0.008381472900509834,0.03573373705148697,0.009664904326200485,0.03986743092536926,-0.001283431425690651,-0.004133693873882294,1,1
drift_medium,relative_observable,77,uncond_sdedit_t2,0.00708661088719964,0.028891030699014664,0.015579549595713615,0.030331019312143326,-0.008492939174175262,-0.0014399886131286621,1,1
drift_medium,relative_observable,78,uncond_sdedit_t2,0.024027926847338676,0.0464666448533535,0.016774959862232208,0.04671666398644447,0.007252966985106468,-0.0002500191330909729,0,1
drift_medium,relative_observable,79,uncond_sdedit_t2,0.013972240500152111,0.0436558872461319,0.020151246339082718,0.04510826990008354,-0.006179005838930607,-0.001452382653951645,1,1
drift_medium,relative_observable,80,uncond_sdedit_t2,0.010685479268431664,0.05203220248222351,0.01884213089942932,0.05472579225897789,-0.008156651630997658,-0.0026935897767543793,1,1
drift_medium,relative_observable,81,uncond_sdedit_t2,0.020294059067964554,0.139034241437912,0.016086498275399208,0.13921813666820526,0.004207560792565346,-0.00018389523029327393,0,1
drift_medium,relative_observable,82,uncond_sdedit_t2,0.015485435724258423,0.14869239926338196,0.019221492111682892,0.15149980783462524,-0.003736056387424469,-0.002807408571243286,1,1
drift_medium,relative_observable,83,uncond_sdedit_t2,0.037811461836099625,0.05391382798552513,0.04755106940865517,0.05560890957713127,-0.009739607572555542,-0.0016950815916061401,1,1
drift_medium,relative_observable,84,uncond_sdedit_t2,0.02235965058207512,0.2054862380027771,0.018441462889313698,0.20465406775474548,0.003918187692761421,0.0008321702480316162,0,0
drift_medium,relative_observable,85,uncond_sdedit_t2,0.013154620304703712,0.3628748655319214,0.014416967518627644,0.36384329199790955,-0.0012623472139239311,-0.0009684264659881592,1,1
drift_medium,relative_observable,86,uncond_sdedit_t2,0.007682417519390583,0.12243379652500153,0.017614029347896576,0.12339874356985092,-0.009931611828505993,-0.0009649470448493958,1,1
drift_medium,relative_observable,87,uncond_sdedit_t2,0.012197980657219887,0.4371301233768463,0.009824667125940323,0.4372654855251312,0.002373313531279564,-0.0001353621482849121,0,1
drift_medium,relative_observable,88,uncond_sdedit_t2,0.014816364273428917,0.042263492941856384,0.016939863562583923,0.04346994683146477,-0.0021234992891550064,-0.0012064538896083832,1,1
drift_medium,relative_observable,89,uncond_sdedit_t2,0.01541910134255886,0.06238660588860512,0.020034849643707275,0.0634901374578476,-0.004615748301148415,-0.0011035315692424774,1,1
drift_medium,relative_observable,90,uncond_sdedit_t2,0.019779084250330925,0.4056253433227539,0.01932232454419136,0.403637558221817,0.0004567597061395645,0.0019877851009368896,0,0
drift_medium,relative_observable,91,uncond_sdedit_t2,0.013434196822345257,0.045961521565914154,0.011003862135112286,0.04940400645136833,0.002430334687232971,-0.003442484885454178,0,1
drift_medium,relative_observable,92,uncond_sdedit_t2,0.0247647762298584,0.04422995448112488,0.015793757513165474,0.04617279767990112,0.008971018716692924,-0.0019428431987762451,0,1
drift_medium,relative_observable,93,uncond_sdedit_t2,0.018519805744290352,0.04178694263100624,0.018471211194992065,0.04470273479819298,4.859454929828644e-05,-0.002915792167186737,0,1
drift_medium,relative_observable,94,uncond_sdedit_t2,0.017313703894615173,0.25149548053741455,0.017788056284189224,0.2533876299858093,-0.0004743523895740509,-0.0018921494483947754,1,1
drift_medium,relative_observable,95,uncond_sdedit_t2,0.020274531096220016,0.06225477159023285,0.02421121671795845,0.06450238078832626,-0.003936685621738434,-0.0022476091980934143,1,1
drift_medium,relative_observable,96,uncond_sdedit_t2,0.016224177554249763,0.050594571977853775,0.026644349098205566,0.05317414551973343,-0.010420171543955803,-0.002579573541879654,1,1
drift_medium,relative_observable,97,uncond_sdedit_t2,0.016017161309719086,0.05426882579922676,0.013900680467486382,0.05656541883945465,0.002116480842232704,-0.00229659304022789,0,1
drift_medium,relative_observable,98,uncond_sdedit_t2,0.021390629932284355,0.0796755701303482,0.01564750447869301,0.07950569689273834,0.005743125453591347,0.00016987323760986328,0,0
drift_medium,relative_observable,99,uncond_sdedit_t2,0.013227204792201519,0.1663621962070465,0.007868817076086998,0.16589891910552979,0.005358387716114521,0.00046327710151672363,0,0
drift_medium,relative_observable,100,uncond_sdedit_t2,0.022762762382626534,0.4285426735877991,0.01714233309030533,0.4304521679878235,0.005620429292321205,-0.001909494400024414,0,1
drift_medium,relative_observable,101,uncond_sdedit_t2,0.037127863615751266,0.0413585789501667,0.0343082956969738,0.04496784508228302,0.002819567918777466,-0.0036092661321163177,0,1
drift_medium,relative_observable,102,uncond_sdedit_t2,0.01946128159761429,0.06279002130031586,0.010273340158164501,0.06277723610401154,0.009187941439449787,1.2785196304321289e-05,0,0
drift_medium,relative_observable,103,uncond_sdedit_t2,0.019673705101013184,0.05696120485663414,0.017191564664244652,0.061735689640045166,0.002482140436768532,-0.004774484783411026,0,1
drift_medium,relative_observable,104,uncond_sdedit_t2,0.03734271228313446,0.05750207230448723,0.03739587217569351,0.05746562033891678,-5.3159892559051514e-05,3.645196557044983e-05,1,0
drift_medium,relative_observable,105,uncond_sdedit_t2,0.014215052127838135,0.04318241775035858,0.014909791760146618,0.04621078819036484,-0.0006947396323084831,-0.003028370440006256,1,1
drift_medium,relative_observable,106,uncond_sdedit_t2,0.0211973674595356,0.053226202726364136,0.016151992604136467,0.053528204560279846,0.005045374855399132,-0.00030200183391571045,0,1
drift_medium,relative_observable,107,uncond_sdedit_t2,0.020919837057590485,0.17315079271793365,0.016108034178614616,0.17425113916397095,0.004811802878975868,-0.0011003464460372925,0,1
drift_medium,relative_observable,108,uncond_sdedit_t2,0.018986668437719345,0.35776758193969727,0.011098704300820827,0.3588257431983948,0.007887964136898518,-0.0010581612586975098,0,1
drift_medium,relative_observable,109,uncond_sdedit_t2,0.028945859521627426,0.05018714442849159,0.01602887734770775,0.05176854133605957,0.012916982173919678,-0.001581396907567978,0,1
drift_medium,relative_observable,110,uncond_sdedit_t2,0.012951718643307686,0.325264036655426,0.01901550032198429,0.32409271597862244,-0.006063781678676605,0.0011713206768035889,1,0
drift_medium,relative_observable,111,uncond_sdedit_t2,0.02211998775601387,0.0454421304166317,0.018545594066381454,0.046562403440475464,0.0035743936896324158,-0.0011202730238437653,0,1
drift_medium,relative_observable,112,uncond_sdedit_t2,0.0228313859552145,0.054121073335409164,0.010535293258726597,0.05623600259423256,0.012296092696487904,-0.0021149292588233948,0,1
drift_medium,relative_observable,113,uncond_sdedit_t2,0.025749322026968002,0.38792186975479126,0.020250122994184494,0.38881373405456543,0.005499199032783508,-0.0008918642997741699,0,1
drift_medium,relative_observable,114,uncond_sdedit_t2,0.00895918533205986,0.33630505204200745,0.0079646036028862,0.3360922336578369,0.0009945817291736603,0.00021281838417053223,0,0
drift_medium,relative_observable,115,uncond_sdedit_t2,0.0297124944627285,0.44365331530570984,0.026504259556531906,0.44646549224853516,0.0032082349061965942,-0.0028121769428253174,0,1
drift_medium,relative_observable,116,uncond_sdedit_t2,0.030306464061141014,0.042294397950172424,0.04124478995800018,0.04472886770963669,-0.010938325896859169,-0.002434469759464264,1,1
drift_medium,relative_observable,117,uncond_sdedit_t2,0.009883325546979904,0.04842810705304146,0.012384811416268349,0.04865620657801628,-0.0025014858692884445,-0.000228099524974823,1,1
drift_medium,relative_observable,118,uncond_sdedit_t2,0.024034768342971802,0.04917864874005318,0.017444061115384102,0.05113493651151657,0.0065907072275877,-0.001956287771463394,0,1
drift_medium,relative_observable,119,uncond_sdedit_t2,0.03373762220144272,0.05185406282544136,0.030583351850509644,0.05462830141186714,0.003154270350933075,-0.0027742385864257812,0,1
drift_medium,relative_observable,120,uncond_sdedit_t2,0.01453971303999424,0.3044228255748749,0.007897842675447464,0.30571991205215454,0.006641870364546776,-0.001297086477279663,0,1
drift_medium,relative_observable,121,uncond_sdedit_t2,0.02227294258773327,0.04889599606394768,0.021337684243917465,0.05039098486304283,0.0009352583438158035,-0.0014949887990951538,0,1
drift_medium,relative_observable,122,uncond_sdedit_t2,0.010521682910621166,0.5383929014205933,0.011148964986205101,0.5402036905288696,-0.0006272820755839348,-0.0018107891082763672,1,1
drift_medium,relative_observable,123,uncond_sdedit_t2,0.012774644419550896,0.06363824009895325,0.010732211172580719,0.06636601686477661,0.0020424332469701767,-0.0027277767658233643,0,1
drift_medium,relative_observable,124,uncond_sdedit_t2,0.026684394106268883,0.07233669608831406,0.024521902203559875,0.07516877353191376,0.0021624919027090073,-0.002832077443599701,0,1
drift_medium,relative_observable,125,uncond_sdedit_t2,0.008409623987972736,0.27504944801330566,0.009474260732531548,0.2763567864894867,-0.0010646367445588112,-0.0013073384761810303,1,1
drift_medium,relative_observable,126,uncond_sdedit_t2,0.02346448227763176,0.13905423879623413,0.014302809722721577,0.1407276690006256,0.009161672554910183,-0.0016734302043914795,0,1
drift_medium,relative_observable,127,uncond_sdedit_t2,0.02290986105799675,0.04573884233832359,0.01411370187997818,0.04709118604660034,0.00879615917801857,-0.0013523437082767487,0,1
drift_medium,relative_observable,128,uncond_sdedit_t2,0.03162451833486557,0.1994265466928482,0.026036133989691734,0.2011377364397049,0.005588384345173836,-0.0017111897468566895,0,1
drift_medium,relative_observable,129,uncond_sdedit_t2,0.010264849290251732,0.314175009727478,0.010891471058130264,0.3142113983631134,-0.0006266217678785324,-3.6388635635375977e-05,1,1
drift_medium,relative_observable,130,uncond_sdedit_t2,0.013565868139266968,0.21943941712379456,0.01602138951420784,0.22136065363883972,-0.002455521374940872,-0.001921236515045166,1,1
drift_medium,relative_observable,131,uncond_sdedit_t2,0.019678514450788498,0.37484222650527954,0.01885271444916725,0.37651142477989197,0.0008258000016212463,-0.0016691982746124268,0,1
drift_medium,relative_observable,132,uncond_sdedit_t2,0.006248061545193195,0.03193727508187294,0.016670849174261093,0.034965816885232925,-0.010422787629067898,-0.0030285418033599854,1,1
drift_medium,relative_observable,133,uncond_sdedit_t2,0.028754934668540955,0.050759147852659225,0.02821655012667179,0.053466521203517914,0.0005383845418691635,-0.0027073733508586884,0,1
drift_medium,relative_observable,134,uncond_sdedit_t2,0.020905684679746628,0.04915598779916763,0.020211298018693924,0.05183272063732147,0.0006943866610527039,-0.002676732838153839,0,1
drift_medium,relative_observable,135,uncond_sdedit_t2,0.03243336081504822,0.059758588671684265,0.02110425755381584,0.0624510832130909,0.011329103261232376,-0.0026924945414066315,0,1
drift_medium,relative_observable,136,uncond_sdedit_t2,0.01592889055609703,0.13478320837020874,0.020838597789406776,0.13644474744796753,-0.004909707233309746,-0.001661539077758789,1,1
drift_medium,relative_observable,137,uncond_sdedit_t2,0.02611737884581089,0.0323592908680439,0.015033459290862083,0.0335424467921257,0.011083919554948807,-0.0011831559240818024,0,1
drift_medium,relative_observable,138,uncond_sdedit_t2,0.017075587064027786,0.052005134522914886,0.016651418060064316,0.054634977132081985,0.00042416900396347046,-0.002629842609167099,0,1
drift_medium,relative_observable,139,uncond_sdedit_t2,0.018252555280923843,0.06623601168394089,0.013306289911270142,0.06833510100841522,0.004946265369653702,-0.0020990893244743347,0,1
drift_medium,relative_observable,140,uncond_sdedit_t2,0.03045571781694889,0.31893259286880493,0.013861102983355522,0.3209821581840515,0.01659461483359337,-0.002049565315246582,0,1
drift_medium,relative_observable,141,uncond_sdedit_t2,0.014736187644302845,0.0316709540784359,0.012794512324035168,0.032720617949962616,0.0019416753202676773,-0.0010496638715267181,0,1
drift_medium,relative_observable,142,uncond_sdedit_t2,0.025974223390221596,0.2562245726585388,0.02161804400384426,0.2579009532928467,0.004356179386377335,-0.0016763806343078613,0,1
drift_medium,relative_observable,143,uncond_sdedit_t2,0.013932786881923676,0.2579193711280823,0.010270051658153534,0.25641268491744995,0.0036627352237701416,0.0015066862106323242,0,0
drift_medium,relative_observable,144,uncond_sdedit_t2,0.008569418452680111,0.0603952556848526,0.016374047845602036,0.06140025332570076,-0.007804629392921925,-0.0010049976408481598,1,1
drift_medium,relative_observable,145,uncond_sdedit_t2,0.02175431326031685,0.41598761081695557,0.010875171050429344,0.41732996702194214,0.010879142209887505,-0.0013423562049865723,0,1
drift_medium,relative_observable,146,uncond_sdedit_t2,0.035398874431848526,0.21637561917304993,0.020778488367795944,0.219402015209198,0.014620386064052582,-0.0030263960361480713,0,1
drift_medium,relative_observable,147,uncond_sdedit_t2,0.02001170441508293,0.03289824724197388,0.011826708912849426,0.03461019694805145,0.008184995502233505,-0.0017119497060775757,0,1
drift_medium,relative_observable,148,uncond_sdedit_t2,0.03477072715759277,0.06090205907821655,0.028223667293787003,0.0644749104976654,0.006547059863805771,-0.0035728514194488525,0,1
drift_medium,relative_observable,149,uncond_sdedit_t2,0.006874138955026865,0.035211674869060516,0.013543481938540936,0.03912875056266785,-0.0066693429835140705,-0.00391707569360733,1,1
drift_medium,relative_observable,150,uncond_sdedit_t2,0.010899292305111885,0.0848485603928566,0.010258292779326439,0.08651884645223618,0.0006409995257854462,-0.0016702860593795776,0,1
drift_medium,relative_observable,151,uncond_sdedit_t2,0.012286326847970486,0.058602768927812576,0.018445974215865135,0.06032545864582062,-0.0061596473678946495,-0.0017226897180080414,1,1
drift_medium,relative_observable,152,uncond_sdedit_t2,0.022657018154859543,0.05016403645277023,0.013369105756282806,0.05171603709459305,0.009287912398576736,-0.001552000641822815,0,1
drift_medium,relative_observable,153,uncond_sdedit_t2,0.018261542543768883,0.0889548733830452,0.012932690791785717,0.09136172384023666,0.005328851751983166,-0.0024068504571914673,0,1
drift_medium,relative_observable,154,uncond_sdedit_t2,0.0336761400103569,0.05480671674013138,0.019940638914704323,0.05466710403561592,0.01373550109565258,0.00013961270451545715,0,0
drift_medium,relative_observable,155,uncond_sdedit_t2,0.01339404471218586,0.034592434763908386,0.009242561645805836,0.03670298308134079,0.004151483066380024,-0.0021105483174324036,0,1
drift_medium,relative_observable,156,uncond_sdedit_t2,0.01335675735026598,0.10926845669746399,0.010970770381391048,0.10803990066051483,0.0023859869688749313,0.0012285560369491577,0,0
drift_medium,relative_observable,157,uncond_sdedit_t2,0.01634596846997738,0.1576840579509735,0.02060822769999504,0.15965770184993744,-0.004262259230017662,-0.0019736438989639282,1,1
drift_medium,relative_observable,158,uncond_sdedit_t2,0.030283775180578232,0.04862726479768753,0.021076247096061707,0.04863707348704338,0.009207528084516525,-9.80868935585022e-06,0,1
drift_medium,relative_observable,159,uncond_sdedit_t2,0.01101848017424345,0.040620386600494385,0.010554498061537743,0.04470643028616905,0.00046398211270570755,-0.004086043685674667,0,1
drift_medium,relative_observable,160,uncond_sdedit_t2,0.014235226437449455,0.2707323729991913,0.011727151460945606,0.2729262709617615,0.002508074976503849,-0.0021938979625701904,0,1
drift_medium,relative_observable,161,uncond_sdedit_t2,0.015557453036308289,0.13239718973636627,0.012809562496840954,0.1334587037563324,0.0027478905394673347,-0.0010615140199661255,0,1
drift_medium,relative_observable,162,uncond_sdedit_t2,0.01974918320775032,0.03896807134151459,0.013470771722495556,0.04022927209734917,0.0062784114852547646,-0.0012612007558345795,0,1
drift_medium,relative_observable,163,uncond_sdedit_t2,0.037835828959941864,0.039039306342601776,0.03462173789739609,0.04189005866646767,0.0032140910625457764,-0.0028507523238658905,0,1
drift_medium,relative_observable,164,uncond_sdedit_t2,0.010927318595349789,0.054795727133750916,0.009980863891541958,0.05638882890343666,0.0009464547038078308,-0.0015931017696857452,0,1
drift_medium,relative_observable,165,uncond_sdedit_t2,0.021432999521493912,0.2748168706893921,0.015457259491086006,0.27656400203704834,0.005975740030407906,-0.00174713134765625,0,1
drift_medium,relative_observable,166,uncond_sdedit_t2,0.01371404342353344,0.04514770209789276,0.012044956907629967,0.04785202443599701,0.001669086515903473,-0.002704322338104248,0,1
drift_medium,relative_observable,167,uncond_sdedit_t2,0.026637624949216843,0.36257660388946533,0.02526763640344143,0.36408841609954834,0.0013699885457754135,-0.0015118122100830078,0,1
drift_medium,relative_observable,168,uncond_sdedit_t2,0.02837347611784935,0.14999055862426758,0.027504172176122665,0.14984089136123657,0.0008693039417266846,0.00014966726303100586,0,0
drift_medium,relative_observable,169,uncond_sdedit_t2,0.02083330787718296,0.05187287926673889,0.010762695223093033,0.05445759743452072,0.010070612654089928,-0.00258471816778183,0,1
drift_medium,relative_observable,170,uncond_sdedit_t2,0.014489909633994102,0.06051550805568695,0.016410980373620987,0.06153881549835205,-0.0019210707396268845,-0.0010233074426651,1,1
drift_medium,relative_observable,171,uncond_sdedit_t2,0.014616653323173523,0.14398398995399475,0.015158912166953087,0.14478115737438202,-0.0005422588437795639,-0.0007971674203872681,1,1
drift_medium,relative_observable,172,uncond_sdedit_t2,0.01918528601527214,0.41398701071739197,0.03020169772207737,0.4157674014568329,-0.01101641170680523,-0.001780390739440918,1,1
drift_medium,relative_observable,173,uncond_sdedit_t2,0.00992309395223856,0.044609490782022476,0.012900194153189659,0.04836134985089302,-0.0029771002009510994,-0.0037518590688705444,1,1
drift_medium,relative_observable,174,uncond_sdedit_t2,0.026345212012529373,0.04210544377565384,0.021334167569875717,0.04556518420577049,0.005011044442653656,-0.0034597404301166534,0,1
drift_medium,relative_observable,175,uncond_sdedit_t2,0.024424536153674126,0.06265654414892197,0.020863275974988937,0.0626656711101532,0.0035612601786851883,-9.12696123123169e-06,0,1
drift_medium,relative_observable,176,uncond_sdedit_t2,0.026565205305814743,0.027610551565885544,0.021122097969055176,0.030394094064831734,0.005443107336759567,-0.00278354249894619,0,1
drift_medium,relative_observable,177,uncond_sdedit_t2,0.03765084594488144,0.14050514996051788,0.03080694004893303,0.1422175168991089,0.00684390589594841,-0.0017123669385910034,0,1
drift_medium,relative_observable,178,uncond_sdedit_t2,0.018725816160440445,0.06558023393154144,0.015417446382343769,0.06672631949186325,0.003308369778096676,-0.0011460855603218079,0,1
drift_medium,relative_observable,179,uncond_sdedit_t2,0.02102711983025074,0.054517969489097595,0.011204937472939491,0.056148555129766464,0.009822182357311249,-0.001630585640668869,0,1
drift_medium,relative_observable,180,uncond_sdedit_t2,0.010964284650981426,0.26682883501052856,0.014817848801612854,0.26655957102775574,-0.0038535641506314278,0.00026926398277282715,1,0
drift_medium,relative_observable,181,uncond_sdedit_t2,0.019870510324835777,0.055667944252491,0.01971512660384178,0.0559595488011837,0.00015538372099399567,-0.00029160454869270325,0,1
drift_medium,relative_observable,182,uncond_sdedit_t2,0.014879776164889336,0.0480218268930912,0.013908940367400646,0.05010954290628433,0.0009708357974886894,-0.0020877160131931305,0,1
drift_medium,relative_observable,183,uncond_sdedit_t2,0.018390025943517685,0.06305824220180511,0.014107001945376396,0.06636745482683182,0.004283023998141289,-0.003309212625026703,0,1
drift_medium,relative_observable,184,uncond_sdedit_t2,0.02074439264833927,0.06942000985145569,0.01876175031065941,0.07071740180253983,0.001982642337679863,-0.001297391951084137,0,1
drift_medium,relative_observable,185,uncond_sdedit_t2,0.018965598195791245,0.045639727264642715,0.019510412588715553,0.04744570702314377,-0.0005448143929243088,-0.0018059797585010529,1,1
drift_medium,relative_observable,186,uncond_sdedit_t2,0.025751668959856033,0.05937224626541138,0.01745820976793766,0.06183008477091789,0.008293459191918373,-0.0024578385055065155,0,1
drift_medium,relative_observable,187,uncond_sdedit_t2,0.023812273517251015,0.06893432885408401,0.02349519170820713,0.06938990205526352,0.0003170818090438843,-0.0004555732011795044,0,1
drift_medium,relative_observable,188,uncond_sdedit_t2,0.010424293577671051,0.44534942507743835,0.014933735132217407,0.44632992148399353,-0.004509441554546356,-0.0009804964065551758,1,1
drift_medium,relative_observable,189,uncond_sdedit_t2,0.010365361347794533,0.042859118431806564,0.010982046835124493,0.04508676379919052,-0.0006166854873299599,-0.002227645367383957,1,1
drift_medium,relative_observable,190,uncond_sdedit_t2,0.037690963596105576,0.03477517515420914,0.020872769877314568,0.03913870081305504,0.016818193718791008,-0.0043635256588459015,0,1
drift_medium,relative_observable,191,uncond_sdedit_t2,0.02442355826497078,0.40755951404571533,0.02633640542626381,0.40804728865623474,-0.0019128471612930298,-0.0004877746105194092,1,1
drift_medium,relative_observable,192,uncond_sdedit_t2,0.024669406935572624,0.06676023453474045,0.02155136875808239,0.06880749017000198,0.0031180381774902344,-0.0020472556352615356,0,1
drift_medium,relative_observable,193,uncond_sdedit_t2,0.00949674379080534,0.05494236573576927,0.012221870943903923,0.0558711439371109,-0.0027251271530985832,-0.000928778201341629,1,1
drift_medium,relative_observable,194,uncond_sdedit_t2,0.011827032081782818,0.05251558870077133,0.010806224308907986,0.054679010063409805,0.0010208077728748322,-0.0021634213626384735,0,1
drift_medium,relative_observable,195,uncond_sdedit_t2,0.01234324462711811,0.038630321621894836,0.0193842314183712,0.04182128608226776,-0.00704098679125309,-0.003190964460372925,1,1
drift_medium,relative_observable,196,uncond_sdedit_t2,0.011199278756976128,0.04922749474644661,0.014205612242221832,0.05045583099126816,-0.0030063334852457047,-0.0012283362448215485,1,1
drift_medium,relative_observable,197,uncond_sdedit_t2,0.04032400995492935,0.2605704069137573,0.02248402126133442,0.26016414165496826,0.017839988693594933,0.0004062652587890625,0,0
drift_medium,relative_observable,198,uncond_sdedit_t2,0.025065187364816666,0.06652495265007019,0.033254802227020264,0.06821644306182861,-0.008189614862203598,-0.0016914904117584229,1,1
drift_medium,relative_observable,199,uncond_sdedit_t2,0.010888174176216125,0.319218248128891,0.021302590146660805,0.319944828748703,-0.01041441597044468,-0.0007265806198120117,1,1
drift_medium,relative_observable,0,cond_residual_t20,0.029673123732209206,0.15499478578567505,0.016536012291908264,0.16516846418380737,0.013137111440300941,-0.010173678398132324,0,1
drift_medium,relative_observable,1,cond_residual_t20,0.02846245840191841,0.07477591186761856,0.021085400134325027,0.08166669309139252,0.007377058267593384,-0.006890781223773956,0,1
drift_medium,relative_observable,2,cond_residual_t20,0.07471559941768646,0.4457415044307709,0.014531794004142284,0.4483456015586853,0.0601838044822216,-0.0026040971279144287,0,1
drift_medium,relative_observable,3,cond_residual_t20,0.03177633136510849,0.051274195313453674,0.017189767211675644,0.05945013463497162,0.014586564153432846,-0.008175939321517944,0,1
drift_medium,relative_observable,4,cond_residual_t20,0.023601338267326355,0.025438539683818817,0.008927764371037483,0.03851239010691643,0.014673573896288872,-0.01307385042309761,0,1
drift_medium,relative_observable,5,cond_residual_t20,0.03369569033384323,0.05368901416659355,0.016184139996767044,0.05971315875649452,0.017511550337076187,-0.0060241445899009705,0,1
drift_medium,relative_observable,6,cond_residual_t20,0.02278716489672661,0.4615551233291626,0.02081143483519554,0.4651312828063965,0.001975730061531067,-0.0035761594772338867,0,1
drift_medium,relative_observable,7,cond_residual_t20,0.027337605133652687,0.18028944730758667,0.023107971996068954,0.19008152186870575,0.004229633137583733,-0.00979207456111908,0,1
drift_medium,relative_observable,8,cond_residual_t20,0.03436979651451111,0.111043781042099,0.022240186110138893,0.11671341955661774,0.012129610404372215,-0.005669638514518738,0,1
drift_medium,relative_observable,9,cond_residual_t20,0.04603012651205063,0.03322673216462135,0.014273817650973797,0.04776349663734436,0.03175630792975426,-0.014536764472723007,0,1
drift_medium,relative_observable,10,cond_residual_t20,0.019518107175827026,0.05054857209324837,0.010188296437263489,0.06150243803858757,0.009329810738563538,-0.010953865945339203,0,1
drift_medium,relative_observable,11,cond_residual_t20,0.02803916111588478,0.4695225954055786,0.01539901178330183,0.45492589473724365,0.01264014933258295,0.014596700668334961,0,0
drift_medium,relative_observable,12,cond_residual_t20,0.025617077946662903,0.3742944002151489,0.010337733663618565,0.38116639852523804,0.015279344283044338,-0.006871998310089111,0,1
drift_medium,relative_observable,13,cond_residual_t20,0.038593195378780365,0.041907209903001785,0.015380037017166615,0.07281198352575302,0.023213159292936325,-0.030904773622751236,0,1
drift_medium,relative_observable,14,cond_residual_t20,0.02464311756193638,0.09513148665428162,0.02187788300216198,0.09594300389289856,0.002765234559774399,-0.0008115172386169434,0,1
drift_medium,relative_observable,15,cond_residual_t20,0.01773480512201786,0.06627105176448822,0.014474940486252308,0.07142390310764313,0.0032598646357655525,-0.005152851343154907,0,1
drift_medium,relative_observable,16,cond_residual_t20,0.03188019245862961,0.0807049572467804,0.02377709560096264,0.0960003137588501,0.00810309685766697,-0.015295356512069702,0,1
drift_medium,relative_observable,17,cond_residual_t20,0.041858818382024765,0.05796758458018303,0.016595283523201942,0.06754517555236816,0.025263534858822823,-0.009577590972185135,0,1
drift_medium,relative_observable,18,cond_residual_t20,0.031743235886096954,0.16625060141086578,0.01722937822341919,0.17087799310684204,0.014513857662677765,-0.004627391695976257,0,1
drift_medium,relative_observable,19,cond_residual_t20,0.02628389559686184,0.49755921959877014,0.012869710102677345,0.5146934986114502,0.013414185494184494,-0.017134279012680054,0,1
drift_medium,relative_observable,20,cond_residual_t20,0.026815587654709816,0.045188598334789276,0.023376625031232834,0.050156138837337494,0.003438962623476982,-0.004967540502548218,0,1
drift_medium,relative_observable,21,cond_residual_t20,0.03862319514155388,0.049256831407547,0.03531065210700035,0.05826253443956375,0.003312543034553528,-0.009005703032016754,0,1
drift_medium,relative_observable,22,cond_residual_t20,0.01217199582606554,0.03146464005112648,0.01347572822123766,0.03771582990884781,-0.0013037323951721191,-0.006251189857721329,1,1
drift_medium,relative_observable,23,cond_residual_t20,0.015236196108162403,0.341937780380249,0.009009282104671001,0.3588595986366272,0.006226914003491402,-0.016921818256378174,0,1
drift_medium,relative_observable,24,cond_residual_t20,0.020811064168810844,0.029979296028614044,0.015629243105649948,0.03920044004917145,0.005181821063160896,-0.009221144020557404,0,1
drift_medium,relative_observable,25,cond_residual_t20,0.033616505563259125,0.052061863243579865,0.009505518712103367,0.058591026812791824,0.024110987782478333,-0.00652916356921196,0,1
drift_medium,relative_observable,26,cond_residual_t20,0.01558434683829546,0.04248782619833946,0.02396518737077713,0.04848770052194595,-0.00838084053248167,-0.005999874323606491,1,1
drift_medium,relative_observable,27,cond_residual_t20,0.038913507014513016,0.050400104373693466,0.024277906864881516,0.055806152522563934,0.0146356001496315,-0.005406048148870468,0,1
drift_medium,relative_observable,28,cond_residual_t20,0.032703034579753876,0.29970815777778625,0.025474250316619873,0.299747109413147,0.007228784263134003,-3.8951635360717773e-05,0,1
drift_medium,relative_observable,29,cond_residual_t20,0.015757566317915916,0.13896730542182922,0.005397857632488012,0.14342698454856873,0.010359708219766617,-0.004459679126739502,0,1
drift_medium,relative_observable,30,cond_residual_t20,0.031983669847249985,0.025087585672736168,0.011954015120863914,0.05045502260327339,0.02002965472638607,-0.025367436930537224,0,1
drift_medium,relative_observable,31,cond_residual_t20,0.018704097718000412,0.033444929867982864,0.014279286377131939,0.04318051040172577,0.004424811340868473,-0.009735580533742905,0,1
drift_medium,relative_observable,32,cond_residual_t20,0.03607231378555298,0.021371163427829742,0.010975005105137825,0.04075353965163231,0.025097308680415154,-0.019382376223802567,0,1
drift_medium,relative_observable,33,cond_residual_t20,0.05884135887026787,0.39499789476394653,0.015535501763224602,0.4061254858970642,0.043305858969688416,-0.011127591133117676,0,1
drift_medium,relative_observable,34,cond_residual_t20,0.03165323659777641,0.03187813609838486,0.022948022931814194,0.058538660407066345,0.00870521366596222,-0.026660524308681488,0,1
drift_medium,relative_observable,35,cond_residual_t20,0.014708289876580238,0.07959166914224625,0.013241374865174294,0.08833659440279007,0.0014669150114059448,-0.008744925260543823,0,1
drift_medium,relative_observable,36,cond_residual_t20,0.058433979749679565,0.04581120237708092,0.02784580923616886,0.052064940333366394,0.030588170513510704,-0.006253737956285477,0,1
drift_medium,relative_observable,37,cond_residual_t20,0.030889173969626427,0.026925794780254364,0.009052416309714317,0.035055290907621384,0.02183675765991211,-0.00812949612736702,0,1
drift_medium,relative_observable,38,cond_residual_t20,0.021731199696660042,0.07324674725532532,0.0068565793335437775,0.07539213448762894,0.014874620363116264,-0.0021453872323036194,0,1
drift_medium,relative_observable,39,cond_residual_t20,0.04023415967822075,0.03752843663096428,0.02031262218952179,0.04386323317885399,0.01992153748869896,-0.0063347965478897095,0,1
drift_medium,relative_observable,40,cond_residual_t20,0.03833390772342682,0.04279394447803497,0.01886359043419361,0.05253831297159195,0.019470317289233208,-0.009744368493556976,0,1
drift_medium,relative_observable,41,cond_residual_t20,0.01181978639215231,0.16410589218139648,0.007941678166389465,0.17110244929790497,0.003878108225762844,-0.006996557116508484,0,1
drift_medium,relative_observable,42,cond_residual_t20,0.03559837117791176,0.12696415185928345,0.03117031417787075,0.1319408118724823,0.004428057000041008,-0.0049766600131988525,0,1
drift_medium,relative_observable,43,cond_residual_t20,0.009934687986969948,0.4930990934371948,0.018947910517454147,0.49028322100639343,-0.0090132225304842,0.0028158724308013916,1,0
drift_medium,relative_observable,44,cond_residual_t20,0.016686778515577316,0.040863286703825,0.005705818999558687,0.049329619854688644,0.010980959981679916,-0.008466333150863647,0,1
drift_medium,relative_observable,45,cond_residual_t20,0.04985282942652702,0.04105943441390991,0.010938800871372223,0.04643124341964722,0.0389140285551548,-0.005371809005737305,0,1
drift_medium,relative_observable,46,cond_residual_t20,0.029335420578718185,0.1568659096956253,0.014412283897399902,0.1575920581817627,0.014923136681318283,-0.0007261484861373901,0,1
drift_medium,relative_observable,47,cond_residual_t20,0.03627284988760948,0.03367117419838905,0.014143891632556915,0.03888556733727455,0.022128958255052567,-0.005214393138885498,0,1
drift_medium,relative_observable,48,cond_residual_t20,0.01615658961236477,0.17154958844184875,0.025914903730154037,0.17272493243217468,-0.009758314117789268,-0.0011753439903259277,1,1
drift_medium,relative_observable,49,cond_residual_t20,0.0565786249935627,0.4215503931045532,0.01741790398955345,0.4352480471134186,0.03916072100400925,-0.013697654008865356,0,1
drift_medium,relative_observable,50,cond_residual_t20,0.025740008801221848,0.03406207263469696,0.028854403644800186,0.04441355541348457,-0.0031143948435783386,-0.010351482778787613,1,1
drift_medium,relative_observable,51,cond_residual_t20,0.02968156896531582,0.0316074974834919,0.02535412274301052,0.035602618008852005,0.004327446222305298,-0.003995120525360107,0,1
drift_medium,relative_observable,52,cond_residual_t20,0.054172247648239136,0.13816383481025696,0.01150797214359045,0.1367284655570984,0.04266427457332611,0.0014353692531585693,0,0
drift_medium,relative_observable,53,cond_residual_t20,0.06267304718494415,0.04842567443847656,0.008905930444598198,0.05667664483189583,0.053767114877700806,-0.008250970393419266,0,1
drift_medium,relative_observable,54,cond_residual_t20,0.05148816108703613,0.10058887302875519,0.02555757761001587,0.10557502508163452,0.025930583477020264,-0.0049861520528793335,0,1
drift_medium,relative_observable,55,cond_residual_t20,0.0656626895070076,0.12953434884548187,0.021905386820435524,0.1363363265991211,0.043757304549217224,-0.006801977753639221,0,1
drift_medium,relative_observable,56,cond_residual_t20,0.042519710958004,0.028333067893981934,0.017580287531018257,0.034337785094976425,0.02493942342698574,-0.006004717200994492,0,1
drift_medium,relative_observable,57,cond_residual_t20,0.02873056009411812,0.04990313574671745,0.01730109006166458,0.05676206573843956,0.011429470032453537,-0.006858929991722107,0,1
drift_medium,relative_observable,58,cond_residual_t20,0.0337994210422039,0.02503630705177784,0.014405691996216774,0.04278753697872162,0.01939372904598713,-0.01775122992694378,0,1
drift_medium,relative_observable,59,cond_residual_t20,0.013006387278437614,0.04169248789548874,0.012227886356413364,0.044605135917663574,0.00077850092202425,-0.002912648022174835,0,1
drift_medium,relative_observable,60,cond_residual_t20,0.02472042664885521,0.23459434509277344,0.020913776010274887,0.2388889193534851,0.0038066506385803223,-0.00429457426071167,0,1
drift_medium,relative_observable,61,cond_residual_t20,0.025083675980567932,0.06347285956144333,0.01968301460146904,0.07521944493055344,0.005400661379098892,-0.011746585369110107,0,1
drift_medium,relative_observable,62,cond_residual_t20,0.029681244865059853,0.042737819254398346,0.027730848640203476,0.07778707146644592,0.0019503962248563766,-0.03504925221204758,0,1
drift_medium,relative_observable,63,cond_residual_t20,0.015297427773475647,0.0460200160741806,0.011099440976977348,0.0484035387635231,0.004197986796498299,-0.0023835226893424988,0,1
drift_medium,relative_observable,64,cond_residual_t20,0.02898355945944786,0.023582272231578827,0.016708383336663246,0.027022210881114006,0.012275176122784615,-0.003439938649535179,0,1
drift_medium,relative_observable,65,cond_residual_t20,0.034299664199352264,0.05701605975627899,0.007152928970754147,0.06868556141853333,0.027146734297275543,-0.011669501662254333,0,1
drift_medium,relative_observable,66,cond_residual_t20,0.049043186008930206,0.05141924321651459,0.033631570637226105,0.07693028450012207,0.015411615371704102,-0.025511041283607483,0,1
drift_medium,relative_observable,67,cond_residual_t20,0.04934171214699745,0.05236547067761421,0.01200458686798811,0.06214071065187454,0.03733712434768677,-0.00977523997426033,0,1
drift_medium,relative_observable,68,cond_residual_t20,0.012029143050312996,0.034145016223192215,0.011625135317444801,0.04420623183250427,0.0004040077328681946,-0.010061215609312057,0,1
drift_medium,relative_observable,69,cond_residual_t20,0.051830094307661057,0.1249438151717186,0.02150435373187065,0.13716624677181244,0.030325740575790405,-0.012222431600093842,0,1
drift_medium,relative_observable,70,cond_residual_t20,0.017625674605369568,0.21552497148513794,0.02385559491813183,0.23483403027057648,-0.0062299203127622604,-0.019309058785438538,1,1
drift_medium,relative_observable,71,cond_residual_t20,0.019047092646360397,0.3900517523288727,0.01585599035024643,0.4067256450653076,0.003191102296113968,-0.016673892736434937,0,1
drift_medium,relative_observable,72,cond_residual_t20,0.04427448660135269,0.08116459846496582,0.012053757905960083,0.08526960015296936,0.03222072869539261,-0.00410500168800354,0,1
drift_medium,relative_observable,73,cond_residual_t20,0.01572190225124359,0.07259698957204819,0.020928075537085533,0.07894513010978699,-0.005206173285841942,-0.0063481405377388,1,1
drift_medium,relative_observable,74,cond_residual_t20,0.021290721371769905,0.29328131675720215,0.018228689208626747,0.3064277768135071,0.003062032163143158,-0.013146460056304932,0,1
drift_medium,relative_observable,75,cond_residual_t20,0.04687191918492317,0.031018294394016266,0.02514825202524662,0.06026984751224518,0.021723667159676552,-0.029251553118228912,0,1
drift_medium,relative_observable,76,cond_residual_t20,0.030059512704610825,0.03221569582819939,0.009664904326200485,0.03986743092536926,0.02039460837841034,-0.007651735097169876,0,1
drift_medium,relative_observable,77,cond_residual_t20,0.018100354820489883,0.029541857540607452,0.015579549595713615,0.030331019312143326,0.002520805224776268,-0.0007891617715358734,0,1
drift_medium,relative_observable,78,cond_residual_t20,0.03596445545554161,0.025642724707722664,0.016774959862232208,0.04671666398644447,0.019189495593309402,-0.02107393927872181,0,1
drift_medium,relative_observable,79,cond_residual_t20,0.022375747561454773,0.039402447640895844,0.020151246339082718,0.04510826990008354,0.002224501222372055,-0.005705822259187698,0,1
drift_medium,relative_observable,80,cond_residual_t20,0.03447940573096275,0.03128781542181969,0.01884213089942932,0.05472579225897789,0.015637274831533432,-0.023437976837158203,0,1
drift_medium,relative_observable,81,cond_residual_t20,0.012800870463252068,0.13378971815109253,0.016086498275399208,0.13921813666820526,-0.0032856278121471405,-0.005428418517112732,1,1
drift_medium,relative_observable,82,cond_residual_t20,0.056479860097169876,0.14036081731319427,0.019221492111682892,0.15149980783462524,0.037258367985486984,-0.01113899052143097,0,1
drift_medium,relative_observable,83,cond_residual_t20,0.025086328387260437,0.0340561643242836,0.04755106940865517,0.05560890957713127,-0.02246474102139473,-0.02155274525284767,1,1
drift_medium,relative_observable,84,cond_residual_t20,0.021333768963813782,0.20454543828964233,0.018441462889313698,0.20465406775474548,0.002892306074500084,-0.00010862946510314941,0,1
drift_medium,relative_observable,85,cond_residual_t20,0.05094940587878227,0.3653312623500824,0.014416967518627644,0.36384329199790955,0.0365324392914772,0.0014879703521728516,0,0
drift_medium,relative_observable,86,cond_residual_t20,0.01879294216632843,0.12004407495260239,0.017614029347896576,0.12339874356985092,0.0011789128184318542,-0.003354668617248535,0,1
drift_medium,relative_observable,87,cond_residual_t20,0.03268643841147423,0.4180155396461487,0.009824667125940323,0.4372654855251312,0.022861771285533905,-0.019249945878982544,0,1
drift_medium,relative_observable,88,cond_residual_t20,0.05481303855776787,0.030771175399422646,0.016939863562583923,0.04346994683146477,0.037873174995183945,-0.012698771432042122,0,1
drift_medium,relative_observable,89,cond_residual_t20,0.027067193761467934,0.0560474656522274,0.020034849643707275,0.0634901374578476,0.007032344117760658,-0.0074426718056201935,0,1
drift_medium,relative_observable,90,cond_residual_t20,0.026946157217025757,0.4043329954147339,0.01932232454419136,0.403637558221817,0.007623832672834396,0.0006954371929168701,0,0
drift_medium,relative_observable,91,cond_residual_t20,0.015650741755962372,0.03757624700665474,0.011003862135112286,0.04940400645136833,0.004646879620850086,-0.011827759444713593,0,1
drift_medium,relative_observable,92,cond_residual_t20,0.05285167694091797,0.04136963188648224,0.015793757513165474,0.04617279767990112,0.037057921290397644,-0.004803165793418884,0,1
drift_medium,relative_observable,93,cond_residual_t20,0.02842269279062748,0.03358079493045807,0.018471211194992065,0.04470273479819298,0.009951481595635414,-0.011121939867734909,0,1
drift_medium,relative_observable,94,cond_residual_t20,0.03876984119415283,0.2341589331626892,0.017788056284189224,0.2533876299858093,0.020981784909963608,-0.019228696823120117,0,1
drift_medium,relative_observable,95,cond_residual_t20,0.023447753861546516,0.04473596438765526,0.02421121671795845,0.06450238078832626,-0.0007634628564119339,-0.019766416400671005,1,1
drift_medium,relative_observable,96,cond_residual_t20,0.029213204979896545,0.046279579401016235,0.026644349098205566,0.05317414551973343,0.002568855881690979,-0.006894566118717194,0,1
drift_medium,relative_observable,97,cond_residual_t20,0.023110711947083473,0.04893551021814346,0.013900680467486382,0.05656541883945465,0.009210031479597092,-0.007629908621311188,0,1
drift_medium,relative_observable,98,cond_residual_t20,0.046649593859910965,0.07737686485052109,0.01564750447869301,0.07950569689273834,0.031002089381217957,-0.0021288320422172546,0,1
drift_medium,relative_observable,99,cond_residual_t20,0.020322177559137344,0.17789778113365173,0.007868817076086998,0.16589891910552979,0.012453360483050346,0.011998862028121948,0,0
drift_medium,relative_observable,100,cond_residual_t20,0.04655935615301132,0.43162769079208374,0.01714233309030533,0.4304521679878235,0.029417023062705994,0.001175522804260254,0,0
drift_medium,relative_observable,101,cond_residual_t20,0.05754892900586128,0.037005044519901276,0.0343082956969738,0.04496784508228302,0.02324063330888748,-0.007962800562381744,0,1
drift_medium,relative_observable,102,cond_residual_t20,0.0494840107858181,0.06301689893007278,0.010273340158164501,0.06277723610401154,0.039210669696331024,0.00023966282606124878,0,0
drift_medium,relative_observable,103,cond_residual_t20,0.03295998275279999,0.052864912897348404,0.017191564664244652,0.061735689640045166,0.015768418088555336,-0.008870776742696762,0,1
drift_medium,relative_observable,104,cond_residual_t20,0.020177369937300682,0.042633045464754105,0.03739587217569351,0.05746562033891678,-0.01721850223839283,-0.014832574874162674,1,1
drift_medium,relative_observable,105,cond_residual_t20,0.017453674226999283,0.03478413075208664,0.014909791760146618,0.04621078819036484,0.002543882466852665,-0.011426657438278198,0,1
drift_medium,relative_observable,106,cond_residual_t20,0.02838953398168087,0.04501023516058922,0.016151992604136467,0.053528204560279846,0.012237541377544403,-0.008517969399690628,0,1
drift_medium,relative_observable,107,cond_residual_t20,0.02612588368356228,0.16779886186122894,0.016108034178614616,0.17425113916397095,0.010017849504947662,-0.006452277302742004,0,1
drift_medium,relative_observable,108,cond_residual_t20,0.027022957801818848,0.3528366684913635,0.011098704300820827,0.3588257431983948,0.015924252569675446,-0.00598907470703125,0,1
drift_medium,relative_observable,109,cond_residual_t20,0.026795610785484314,0.050199225544929504,0.01602887734770775,0.05176854133605957,0.010766733437776566,-0.001569315791130066,0,1
drift_medium,relative_observable,110,cond_residual_t20,0.02107539400458336,0.32436931133270264,0.01901550032198429,0.32409271597862244,0.0020598936825990677,0.0002765953540802002,0,0
drift_medium,relative_observable,111,cond_residual_t20,0.02709953859448433,0.039621561765670776,0.018545594066381454,0.046562403440475464,0.008553944528102875,-0.0069408416748046875,0,1
drift_medium,relative_observable,112,cond_residual_t20,0.03655550256371498,0.0502900630235672,0.010535293258726597,0.05623600259423256,0.02602021023631096,-0.0059459395706653595,0,1
drift_medium,relative_observable,113,cond_residual_t20,0.02566206455230713,0.3880223035812378,0.020250122994184494,0.38881373405456543,0.005411941558122635,-0.0007914304733276367,0,1
drift_medium,relative_observable,114,cond_residual_t20,0.027672115713357925,0.33311641216278076,0.0079646036028862,0.3360922336578369,0.019707512110471725,-0.0029758214950561523,0,1
drift_medium,relative_observable,115,cond_residual_t20,0.060654670000076294,0.42899996042251587,0.026504259556531906,0.44646549224853516,0.03415041044354439,-0.017465531826019287,0,1
drift_medium,relative_observable,116,cond_residual_t20,0.03344622254371643,0.03727683797478676,0.04124478995800018,0.04472886770963669,-0.0077985674142837524,-0.00745202973484993,1,1
drift_medium,relative_observable,117,cond_residual_t20,0.030296584591269493,0.031513042747974396,0.012384811416268349,0.04865620657801628,0.017911773175001144,-0.017143163830041885,0,1
drift_medium,relative_observable,118,cond_residual_t20,0.021146249026060104,0.04286642372608185,0.017444061115384102,0.05113493651151657,0.0037021879106760025,-0.008268512785434723,0,1
drift_medium,relative_observable,119,cond_residual_t20,0.01727391593158245,0.045574791729450226,0.030583351850509644,0.05462830141186714,-0.013309435918927193,-0.009053509682416916,1,1
drift_medium,relative_observable,120,cond_residual_t20,0.034497953951358795,0.29684683680534363,0.007897842675447464,0.30571991205215454,0.02660011127591133,-0.008873075246810913,0,1
drift_medium,relative_observable,121,cond_residual_t20,0.02473609894514084,0.03182400390505791,0.021337684243917465,0.05039098486304283,0.0033984147012233734,-0.018566980957984924,0,1
drift_medium,relative_observable,122,cond_residual_t20,0.02151879295706749,0.5328823924064636,0.011148964986205101,0.5402036905288696,0.010369827970862389,-0.007321298122406006,0,1
drift_medium,relative_observable,123,cond_residual_t20,0.0500178262591362,0.06128712370991707,0.010732211172580719,0.06636601686477661,0.03928561508655548,-0.005078893154859543,0,1
drift_medium,relative_observable,124,cond_residual_t20,0.04797525703907013,0.0693899616599083,0.024521902203559875,0.07516877353191376,0.023453354835510254,-0.005778811872005463,0,1
drift_medium,relative_observable,125,cond_residual_t20,0.02659549191594124,0.2726396918296814,0.009474260732531548,0.2763567864894867,0.01712123118340969,-0.003717094659805298,0,1
drift_medium,relative_observable,126,cond_residual_t20,0.04652637988328934,0.1293441653251648,0.014302809722721577,0.1407276690006256,0.032223571091890335,-0.011383503675460815,0,1
drift_medium,relative_observable,127,cond_residual_t20,0.04772419482469559,0.03998459875583649,0.01411370187997818,0.04709118604660034,0.03361049294471741,-0.007106587290763855,0,1
drift_medium,relative_observable,128,cond_residual_t20,0.03337237983942032,0.18994855880737305,0.026036133989691734,0.2011377364397049,0.007336245849728584,-0.011189177632331848,0,1
drift_medium,relative_observable,129,cond_residual_t20,0.01938399113714695,0.3048079311847687,0.010891471058130264,0.3142113983631134,0.008492520079016685,-0.009403467178344727,0,1
drift_medium,relative_observable,130,cond_residual_t20,0.014752398245036602,0.21720923483371735,0.01602138951420784,0.22136065363883972,-0.001268991269171238,-0.0041514188051223755,1,1
drift_medium,relative_observable,131,cond_residual_t20,0.027519583702087402,0.3712480962276459,0.01885271444916725,0.37651142477989197,0.00866686925292015,-0.005263328552246094,0,1
drift_medium,relative_observable,132,cond_residual_t20,0.023119857534766197,0.020784085616469383,0.016670849174261093,0.034965816885232925,0.006449008360505104,-0.014181731268763542,0,1
drift_medium,relative_observable,133,cond_residual_t20,0.03208597004413605,0.04324338585138321,0.02821655012667179,0.053466521203517914,0.0038694199174642563,-0.010223135352134705,0,1
drift_medium,relative_observable,134,cond_residual_t20,0.0297465268522501,0.04096023738384247,0.020211298018693924,0.05183272063732147,0.009535228833556175,-0.010872483253479004,0,1
drift_medium,relative_observable,135,cond_residual_t20,0.02062208764255047,0.054649822413921356,0.02110425755381584,0.0624510832130909,-0.00048216991126537323,-0.00780126079916954,1,1
drift_medium,relative_observable,136,cond_residual_t20,0.027654459699988365,0.13454192876815796,0.020838597789406776,0.13644474744796753,0.006815861910581589,-0.0019028186798095703,0,1
drift_medium,relative_observable,137,cond_residual_t20,0.020989635959267616,0.03190196305513382,0.015033459290862083,0.0335424467921257,0.005956176668405533,-0.0016404837369918823,0,1
drift_medium,relative_observable,138,cond_residual_t20,0.045158542692661285,0.046460725367069244,0.016651418060064316,0.054634977132081985,0.02850712463259697,-0.008174251765012741,0,1
drift_medium,relative_observable,139,cond_residual_t20,0.017709020525217056,0.0643082931637764,0.013306289911270142,0.06833510100841522,0.004402730613946915,-0.0040268078446388245,0,1
drift_medium,relative_observable,140,cond_residual_t20,0.027201350778341293,0.3177696764469147,0.013861102983355522,0.3209821581840515,0.013340247794985771,-0.003212481737136841,0,1
drift_medium,relative_observable,141,cond_residual_t20,0.03688414767384529,0.03229065611958504,0.012794512324035168,0.032720617949962616,0.02408963441848755,-0.00042996183037757874,0,1
drift_medium,relative_observable,142,cond_residual_t20,0.01854260079562664,0.2610911726951599,0.02161804400384426,0.2579009532928467,-0.003075443208217621,0.0031902194023132324,1,0
drift_medium,relative_observable,143,cond_residual_t20,0.03751106187701225,0.25384241342544556,0.010270051658153534,0.25641268491744995,0.02724101021885872,-0.0025702714920043945,0,1
drift_medium,relative_observable,144,cond_residual_t20,0.03191826492547989,0.05413180589675903,0.016374047845602036,0.06140025332570076,0.015544217079877853,-0.007268447428941727,0,1
drift_medium,relative_observable,145,cond_residual_t20,0.010594367980957031,0.40536949038505554,0.010875171050429344,0.41732996702194214,-0.00028080306947231293,-0.011960476636886597,1,1
drift_medium,relative_observable,146,cond_residual_t20,0.02452392503619194,0.20858322083950043,0.020778488367795944,0.219402015209198,0.003745436668395996,-0.01081879436969757,0,1
drift_medium,relative_observable,147,cond_residual_t20,0.014268776401877403,0.029091589152812958,0.011826708912849426,0.03461019694805145,0.002442067489027977,-0.005518607795238495,0,1
drift_medium,relative_observable,148,cond_residual_t20,0.04706006124615669,0.0497286319732666,0.028223667293787003,0.0644749104976654,0.01883639395236969,-0.014746278524398804,0,1
drift_medium,relative_observable,149,cond_residual_t20,0.022569259628653526,0.03361634910106659,0.013543481938540936,0.03912875056266785,0.00902577769011259,-0.005512401461601257,0,1
drift_medium,relative_observable,150,cond_residual_t20,0.01589798741042614,0.08106105029582977,0.010258292779326439,0.08651884645223618,0.005639694631099701,-0.005457796156406403,0,1
drift_medium,relative_observable,151,cond_residual_t20,0.042311251163482666,0.05378912389278412,0.018445974215865135,0.06032545864582062,0.02386527694761753,-0.006536334753036499,0,1
drift_medium,relative_observable,152,cond_residual_t20,0.04332733154296875,0.03472081199288368,0.013369105756282806,0.05171603709459305,0.029958225786685944,-0.016995225101709366,0,1
drift_medium,relative_observable,153,cond_residual_t20,0.0265112966299057,0.07989409565925598,0.012932690791785717,0.09136172384023666,0.013578605838119984,-0.011467628180980682,0,1
drift_medium,relative_observable,154,cond_residual_t20,0.07049655169248581,0.03321199119091034,0.019940638914704323,0.05466710403561592,0.050555914640426636,-0.02145511284470558,0,1
drift_medium,relative_observable,155,cond_residual_t20,0.01934277079999447,0.025554081425070763,0.009242561645805836,0.03670298308134079,0.010100209154188633,-0.011148901656270027,0,1
drift_medium,relative_observable,156,cond_residual_t20,0.04383603110909462,0.10989119857549667,0.010970770381391048,0.10803990066051483,0.032865259796381,0.001851297914981842,0,0
drift_medium,relative_observable,157,cond_residual_t20,0.0539516918361187,0.15054653584957123,0.02060822769999504,0.15965770184993744,0.03334346413612366,-0.009111166000366211,0,1
drift_medium,relative_observable,158,cond_residual_t20,0.023389296606183052,0.044942960143089294,0.021076247096061707,0.04863707348704338,0.0023130495101213455,-0.0036941133439540863,0,1
drift_medium,relative_observable,159,cond_residual_t20,0.014477367512881756,0.03503072261810303,0.010554498061537743,0.04470643028616905,0.003922869451344013,-0.009675707668066025,0,1
drift_medium,relative_observable,160,cond_residual_t20,0.030975809320807457,0.26433780789375305,0.011727151460945606,0.2729262709617615,0.019248656928539276,-0.008588463068008423,0,1
drift_medium,relative_observable,161,cond_residual_t20,0.04186193645000458,0.12085521221160889,0.012809562496840954,0.1334587037563324,0.02905237302184105,-0.01260349154472351,0,1
drift_medium,relative_observable,162,cond_residual_t20,0.018790166825056076,0.031836047768592834,0.013470771722495556,0.04022927209734917,0.00531939510256052,-0.008393224328756332,0,1
drift_medium,relative_observable,163,cond_residual_t20,0.04681511968374252,0.03133803606033325,0.03462173789739609,0.04189005866646767,0.012193381786346436,-0.010552022606134415,0,1
drift_medium,relative_observable,164,cond_residual_t20,0.03950042277574539,0.03024715930223465,0.009980863891541958,0.05638882890343666,0.02951955795288086,-0.02614166960120201,0,1
drift_medium,relative_observable,165,cond_residual_t20,0.03586198017001152,0.28295403718948364,0.015457259491086006,0.27656400203704834,0.020404720678925514,0.006390035152435303,0,0
drift_medium,relative_observable,166,cond_residual_t20,0.021161923184990883,0.03537486121058464,0.012044956907629967,0.04785202443599701,0.009116966277360916,-0.012477163225412369,0,1
drift_medium,relative_observable,167,cond_residual_t20,0.039388254284858704,0.358028769493103,0.02526763640344143,0.36408841609954834,0.014120617881417274,-0.0060596466064453125,0,1
drift_medium,relative_observable,168,cond_residual_t20,0.0619908943772316,0.14877381920814514,0.027504172176122665,0.14984089136123657,0.03448672220110893,-0.0010670721530914307,0,1
drift_medium,relative_observable,169,cond_residual_t20,0.030920112505555153,0.05008580535650253,0.010762695223093033,0.05445759743452072,0.02015741728246212,-0.0043717920780181885,0,1
drift_medium,relative_observable,170,cond_residual_t20,0.016950802877545357,0.052675120532512665,0.016410980373620987,0.06153881549835205,0.0005398225039243698,-0.008863694965839386,0,1
drift_medium,relative_observable,171,cond_residual_t20,0.01937006413936615,0.139486625790596,0.015158912166953087,0.14478115737438202,0.004211151972413063,-0.005294531583786011,0,1
drift_medium,relative_observable,172,cond_residual_t20,0.019359080120921135,0.39533698558807373,0.03020169772207737,0.4157674014568329,-0.010842617601156235,-0.020430415868759155,1,1
drift_medium,relative_observable,173,cond_residual_t20,0.016060324385762215,0.0436335951089859,0.012900194153189659,0.04836134985089302,0.0031601302325725555,-0.00472775474190712,0,1
drift_medium,relative_observable,174,cond_residual_t20,0.015337754972279072,0.035365547984838486,0.021334167569875717,0.04556518420577049,-0.005996412597596645,-0.010199636220932007,1,1
drift_medium,relative_observable,175,cond_residual_t20,0.025742584839463234,0.03460940718650818,0.020863275974988937,0.0626656711101532,0.004879308864474297,-0.02805626392364502,0,1
drift_medium,relative_observable,176,cond_residual_t20,0.029315510764718056,0.026292629539966583,0.021122097969055176,0.030394094064831734,0.00819341279566288,-0.0041014645248651505,0,1
drift_medium,relative_observable,177,cond_residual_t20,0.03779112920165062,0.1342991441488266,0.03080694004893303,0.1422175168991089,0.00698418915271759,-0.007918372750282288,0,1
drift_medium,relative_observable,178,cond_residual_t20,0.02897477149963379,0.03345167264342308,0.015417446382343769,0.06672631949186325,0.01355732511729002,-0.03327464684844017,0,1
drift_medium,relative_observable,179,cond_residual_t20,0.021225515753030777,0.04821483790874481,0.011204937472939491,0.056148555129766464,0.010020578280091286,-0.007933717221021652,0,1
drift_medium,relative_observable,180,cond_residual_t20,0.037178654223680496,0.2793128788471222,0.014817848801612854,0.26655957102775574,0.022360805422067642,0.012753307819366455,0,0
drift_medium,relative_observable,181,cond_residual_t20,0.05394013598561287,0.03661027178168297,0.01971512660384178,0.0559595488011837,0.03422500938177109,-0.019349277019500732,0,1
drift_medium,relative_observable,182,cond_residual_t20,0.03063090145587921,0.04345213621854782,0.013908940367400646,0.05010954290628433,0.01672196015715599,-0.006657406687736511,0,1
drift_medium,relative_observable,183,cond_residual_t20,0.04164610058069229,0.05547628551721573,0.014107001945376396,0.06636745482683182,0.027539098635315895,-0.010891169309616089,0,1
drift_medium,relative_observable,184,cond_residual_t20,0.021994709968566895,0.06415238976478577,0.01876175031065941,0.07071740180253983,0.003232959657907486,-0.006565012037754059,0,1
drift_medium,relative_observable,185,cond_residual_t20,0.03542432188987732,0.03976796939969063,0.019510412588715553,0.04744570702314377,0.015913909301161766,-0.00767773762345314,0,1
drift_medium,relative_observable,186,cond_residual_t20,0.02127780206501484,0.05546421557664871,0.01745820976793766,0.06183008477091789,0.003819592297077179,-0.00636586919426918,0,1
drift_medium,relative_observable,187,cond_residual_t20,0.0460914671421051,0.034607864916324615,0.02349519170820713,0.06938990205526352,0.022596275433897972,-0.034782037138938904,0,1
drift_medium,relative_observable,188,cond_residual_t20,0.0395689383149147,0.4381815493106842,0.014933735132217407,0.44632992148399353,0.024635203182697296,-0.008148372173309326,0,1
drift_medium,relative_observable,189,cond_residual_t20,0.011973953805863857,0.038794249296188354,0.010982046835124493,0.04508676379919052,0.0009919069707393646,-0.006292514503002167,0,1
drift_medium,relative_observable,190,cond_residual_t20,0.03430771455168724,0.02237934060394764,0.020872769877314568,0.03913870081305504,0.013434944674372673,-0.0167593602091074,0,1
drift_medium,relative_observable,191,cond_residual_t20,0.016555732116103172,0.41312849521636963,0.02633640542626381,0.40804728865623474,-0.009780673310160637,0.005081206560134888,1,0
drift_medium,relative_observable,192,cond_residual_t20,0.044311393052339554,0.026345454156398773,0.02155136875808239,0.06880749017000198,0.022760024294257164,-0.04246203601360321,0,1
drift_medium,relative_observable,193,cond_residual_t20,0.02071116678416729,0.04799693450331688,0.012221870943903923,0.0558711439371109,0.008489295840263367,-0.007874209433794022,0,1
drift_medium,relative_observable,194,cond_residual_t20,0.02483430877327919,0.02972564846277237,0.010806224308907986,0.054679010063409805,0.014028084464371204,-0.024953361600637436,0,1
drift_medium,relative_observable,195,cond_residual_t20,0.04808756709098816,0.03381379693746567,0.0193842314183712,0.04182128608226776,0.02870333567261696,-0.008007489144802094,0,1
drift_medium,relative_observable,196,cond_residual_t20,0.018352100625634193,0.04361943528056145,0.014205612242221832,0.05045583099126816,0.004146488383412361,-0.006836395710706711,0,1
drift_medium,relative_observable,197,cond_residual_t20,0.048154450953006744,0.2661597430706024,0.02248402126133442,0.26016414165496826,0.025670429691672325,0.005995601415634155,0,0
drift_medium,relative_observable,198,cond_residual_t20,0.041432853788137436,0.0645177885890007,0.033254802227020264,0.06821644306182861,0.008178051561117172,-0.0036986544728279114,0,1
drift_medium,relative_observable,199,cond_residual_t20,0.04315727576613426,0.31115129590034485,0.021302590146660805,0.319944828748703,0.021854685619473457,-0.008793532848358154,0,1
jump_medium,relative_observable,0,noisy_input,0.09135494381189346,0.23085252940654755,0.09135494381189346,0.23085252940654755,0.0,0.0,0,0
jump_medium,relative_observable,1,noisy_input,0.33719807863235474,0.15025977790355682,0.33719807863235474,0.15025977790355682,0.0,0.0,0,0
jump_medium,relative_observable,2,noisy_input,0.30299070477485657,0.5607418417930603,0.30299070477485657,0.5607418417930603,0.0,0.0,0,0
jump_medium,relative_observable,3,noisy_input,0.19966259598731995,0.18259786069393158,0.19966259598731995,0.18259786069393158,0.0,0.0,0,0
jump_medium,relative_observable,4,noisy_input,0.279807984828949,0.13905441761016846,0.279807984828949,0.13905441761016846,0.0,0.0,0,0
jump_medium,relative_observable,5,noisy_input,0.21492750942707062,0.12693139910697937,0.21492750942707062,0.12693139910697937,0.0,0.0,0,0
jump_medium,relative_observable,6,noisy_input,0.2530759871006012,0.44493088126182556,0.2530759871006012,0.44493088126182556,0.0,0.0,0,0
jump_medium,relative_observable,7,noisy_input,0.23418346047401428,0.2802185118198395,0.23418346047401428,0.2802185118198395,0.0,0.0,0,0
jump_medium,relative_observable,8,noisy_input,0.15073958039283752,0.2086607962846756,0.15073958039283752,0.2086607962846756,0.0,0.0,0,0
jump_medium,relative_observable,9,noisy_input,0.20961301028728485,0.1399284303188324,0.20961301028728485,0.1399284303188324,0.0,0.0,0,0
jump_medium,relative_observable,10,noisy_input,0.2633734345436096,0.16318859159946442,0.2633734345436096,0.16318859159946442,0.0,0.0,0,0
jump_medium,relative_observable,11,noisy_input,0.29359015822410583,0.48504018783569336,0.29359015822410583,0.48504018783569336,0.0,0.0,0,0
jump_medium,relative_observable,12,noisy_input,0.18047496676445007,0.41237273812294006,0.18047496676445007,0.41237273812294006,0.0,0.0,0,0
jump_medium,relative_observable,13,noisy_input,0.2594209313392639,0.22081635892391205,0.2594209313392639,0.22081635892391205,0.0,0.0,0,0
jump_medium,relative_observable,14,noisy_input,0.3350127339363098,0.1092020571231842,0.3350127339363098,0.1092020571231842,0.0,0.0,0,0
jump_medium,relative_observable,15,noisy_input,0.15410330891609192,0.1440284699201584,0.15410330891609192,0.1440284699201584,0.0,0.0,0,0
jump_medium,relative_observable,16,noisy_input,0.18662336468696594,0.1439512073993683,0.18662336468696594,0.1439512073993683,0.0,0.0,0,0
jump_medium,relative_observable,17,noisy_input,0.15355011820793152,0.1527096927165985,0.15355011820793152,0.1527096927165985,0.0,0.0,0,0
jump_medium,relative_observable,18,noisy_input,0.3091624081134796,0.2574569582939148,0.3091624081134796,0.2574569582939148,0.0,0.0,0,0
jump_medium,relative_observable,19,noisy_input,0.31113752722740173,0.5795366764068604,0.31113752722740173,0.5795366764068604,0.0,0.0,0,0
jump_medium,relative_observable,20,noisy_input,0.19905418157577515,0.20661337673664093,0.19905418157577515,0.20661337673664093,0.0,0.0,0,0
jump_medium,relative_observable,21,noisy_input,0.16254225373268127,0.12538082897663116,0.16254225373268127,0.12538082897663116,0.0,0.0,0,0
jump_medium,relative_observable,22,noisy_input,0.1499684900045395,0.1254768669605255,0.1499684900045395,0.1254768669605255,0.0,0.0,0,0
jump_medium,relative_observable,23,noisy_input,0.38898420333862305,0.367673397064209,0.38898420333862305,0.367673397064209,0.0,0.0,0,0
jump_medium,relative_observable,24,noisy_input,0.291429340839386,0.27802732586860657,0.291429340839386,0.27802732586860657,0.0,0.0,0,0
jump_medium,relative_observable,25,noisy_input,0.26564377546310425,0.13947643339633942,0.26564377546310425,0.13947643339633942,0.0,0.0,0,0
jump_medium,relative_observable,26,noisy_input,0.2327011376619339,0.21149176359176636,0.2327011376619339,0.21149176359176636,0.0,0.0,0,0
jump_medium,relative_observable,27,noisy_input,0.16599023342132568,0.1291171908378601,0.16599023342132568,0.1291171908378601,0.0,0.0,0,0
jump_medium,relative_observable,28,noisy_input,0.28340625762939453,0.4021107852458954,0.28340625762939453,0.4021107852458954,0.0,0.0,0,0
jump_medium,relative_observable,29,noisy_input,0.2800275981426239,0.26868095993995667,0.2800275981426239,0.26868095993995667,0.0,0.0,0,0
jump_medium,relative_observable,30,noisy_input,0.40009555220603943,0.19950148463249207,0.40009555220603943,0.19950148463249207,0.0,0.0,0,0
jump_medium,relative_observable,31,noisy_input,0.3379843831062317,0.24592913687229156,0.3379843831062317,0.24592913687229156,0.0,0.0,0,0
jump_medium,relative_observable,32,noisy_input,0.25520485639572144,0.10956233739852905,0.25520485639572144,0.10956233739852905,0.0,0.0,0,0
jump_medium,relative_observable,33,noisy_input,0.349456250667572,0.4553864300251007,0.349456250667572,0.4553864300251007,0.0,0.0,0,0
jump_medium,relative_observable,34,noisy_input,0.22254781424999237,0.21484027802944183,0.22254781424999237,0.21484027802944183,0.0,0.0,0,0
jump_medium,relative_observable,35,noisy_input,0.1159987673163414,0.12561744451522827,0.1159987673163414,0.12561744451522827,0.0,0.0,0,0
jump_medium,relative_observable,36,noisy_input,0.34934553503990173,0.25913095474243164,0.34934553503990173,0.25913095474243164,0.0,0.0,0,0
jump_medium,relative_observable,37,noisy_input,0.0590045228600502,0.0971696674823761,0.0590045228600502,0.0971696674823761,0.0,0.0,0,0
jump_medium,relative_observable,38,noisy_input,0.3945782780647278,0.24887429177761078,0.3945782780647278,0.24887429177761078,0.0,0.0,0,0
jump_medium,relative_observable,39,noisy_input,0.3894626200199127,0.06697975844144821,0.3894626200199127,0.06697975844144821,0.0,0.0,0,0
jump_medium,relative_observable,40,noisy_input,0.14941811561584473,0.20311428606510162,0.14941811561584473,0.20311428606510162,0.0,0.0,0,0
jump_medium,relative_observable,41,noisy_input,0.3366239666938782,0.25585347414016724,0.3366239666938782,0.25585347414016724,0.0,0.0,0,0
jump_medium,relative_observable,42,noisy_input,0.3662061095237732,0.31045520305633545,0.3662061095237732,0.31045520305633545,0.0,0.0,0,0
jump_medium,relative_observable,43,noisy_input,0.3371293544769287,0.5425136089324951,0.3371293544769287,0.5425136089324951,0.0,0.0,0,0
jump_medium,relative_observable,44,noisy_input,0.3391590118408203,0.2238740622997284,0.3391590118408203,0.2238740622997284,0.0,0.0,0,0
jump_medium,relative_observable,45,noisy_input,0.3239283561706543,0.10547170042991638,0.3239283561706543,0.10547170042991638,0.0,0.0,0,0
jump_medium,relative_observable,46,noisy_input,0.3033127784729004,0.25931885838508606,0.3033127784729004,0.25931885838508606,0.0,0.0,0,0
jump_medium,relative_observable,47,noisy_input,0.35749363899230957,0.21690715849399567,0.35749363899230957,0.21690715849399567,0.0,0.0,0,0
jump_medium,relative_observable,48,noisy_input,0.32454144954681396,0.2347237467765808,0.32454144954681396,0.2347237467765808,0.0,0.0,0,0
jump_medium,relative_observable,49,noisy_input,0.2879221737384796,0.5021525621414185,0.2879221737384796,0.5021525621414185,0.0,0.0,0,0
jump_medium,relative_observable,50,noisy_input,0.3380165994167328,0.14365117251873016,0.3380165994167328,0.14365117251873016,0.0,0.0,0,0
jump_medium,relative_observable,51,noisy_input,0.33028486371040344,0.26053643226623535,0.33028486371040344,0.26053643226623535,0.0,0.0,0,0
jump_medium,relative_observable,52,noisy_input,0.32740190625190735,0.2036849409341812,0.32740190625190735,0.2036849409341812,0.0,0.0,0,0
jump_medium,relative_observable,53,noisy_input,0.32338961958885193,0.1890893280506134,0.32338961958885193,0.1890893280506134,0.0,0.0,0,0
jump_medium,relative_observable,54,noisy_input,0.31219667196273804,0.2173156887292862,0.31219667196273804,0.2173156887292862,0.0,0.0,0,0
jump_medium,relative_observable,55,noisy_input,0.2973081171512604,0.19631534814834595,0.2973081171512604,0.19631534814834595,0.0,0.0,0,0
jump_medium,relative_observable,56,noisy_input,0.09041101485490799,0.10511662811040878,0.09041101485490799,0.10511662811040878,0.0,0.0,0,0
jump_medium,relative_observable,57,noisy_input,0.34345632791519165,0.19961047172546387,0.34345632791519165,0.19961047172546387,0.0,0.0,0,0
jump_medium,relative_observable,58,noisy_input,0.4305903911590576,0.24302639067173004,0.4305903911590576,0.24302639067173004,0.0,0.0,0,0
jump_medium,relative_observable,59,noisy_input,0.13033311069011688,0.151972234249115,0.13033311069011688,0.151972234249115,0.0,0.0,0,0
jump_medium,relative_observable,60,noisy_input,0.2988874018192291,0.24075675010681152,0.2988874018192291,0.24075675010681152,0.0,0.0,0,0
jump_medium,relative_observable,61,noisy_input,0.3791150748729706,0.23562666773796082,0.3791150748729706,0.23562666773796082,0.0,0.0,0,0
jump_medium,relative_observable,62,noisy_input,0.24846021831035614,0.30422505736351013,0.24846021831035614,0.30422505736351013,0.0,0.0,0,0
jump_medium,relative_observable,63,noisy_input,0.09610316902399063,0.09966692328453064,0.09610316902399063,0.09966692328453064,0.0,0.0,0,0
jump_medium,relative_observable,64,noisy_input,0.28307658433914185,0.08465622365474701,0.28307658433914185,0.08465622365474701,0.0,0.0,0,0
jump_medium,relative_observable,65,noisy_input,0.13998156785964966,0.1589292287826538,0.13998156785964966,0.1589292287826538,0.0,0.0,0,0
jump_medium,relative_observable,66,noisy_input,0.04890738055109978,0.11333078891038895,0.04890738055109978,0.11333078891038895,0.0,0.0,0,0
jump_medium,relative_observable,67,noisy_input,0.20557937026023865,0.17334437370300293,0.20557937026023865,0.17334437370300293,0.0,0.0,0,0
jump_medium,relative_observable,68,noisy_input,0.20980556309223175,0.1267581433057785,0.20980556309223175,0.1267581433057785,0.0,0.0,0,0
jump_medium,relative_observable,69,noisy_input,0.3079741597175598,0.26427415013313293,0.3079741597175598,0.26427415013313293,0.0,0.0,0,0
jump_medium,relative_observable,70,noisy_input,0.3415123224258423,0.34238940477371216,0.3415123224258423,0.34238940477371216,0.0,0.0,0,0
jump_medium,relative_observable,71,noisy_input,0.25486522912979126,0.3663264513015747,0.25486522912979126,0.3663264513015747,0.0,0.0,0,0
jump_medium,relative_observable,72,noisy_input,0.1233767494559288,0.10099290311336517,0.1233767494559288,0.10099290311336517,0.0,0.0,0,0
jump_medium,relative_observable,73,noisy_input,0.2770542502403259,0.20158296823501587,0.2770542502403259,0.20158296823501587,0.0,0.0,0,0
jump_medium,relative_observable,74,noisy_input,0.3466564118862152,0.391620010137558,0.3466564118862152,0.391620010137558,0.0,0.0,0,0
jump_medium,relative_observable,75,noisy_input,0.28047123551368713,0.10359267145395279,0.28047123551368713,0.10359267145395279,0.0,0.0,0,0
jump_medium,relative_observable,76,noisy_input,0.12187250703573227,0.1429491490125656,0.12187250703573227,0.1429491490125656,0.0,0.0,0,0
jump_medium,relative_observable,77,noisy_input,0.09828485548496246,0.08694049715995789,0.09828485548496246,0.08694049715995789,0.0,0.0,0,0
jump_medium,relative_observable,78,noisy_input,0.23985818028450012,0.09225858747959137,0.23985818028450012,0.09225858747959137,0.0,0.0,0,0
jump_medium,relative_observable,79,noisy_input,0.26304692029953003,0.13836906850337982,0.26304692029953003,0.13836906850337982,0.0,0.0,0,0
jump_medium,relative_observable,80,noisy_input,0.35883569717407227,0.28824660181999207,0.35883569717407227,0.28824660181999207,0.0,0.0,0,0
jump_medium,relative_observable,81,noisy_input,0.11441409587860107,0.21184620261192322,0.11441409587860107,0.21184620261192322,0.0,0.0,0,0
jump_medium,relative_observable,82,noisy_input,0.12900830805301666,0.30643483996391296,0.12900830805301666,0.30643483996391296,0.0,0.0,0,0
jump_medium,relative_observable,83,noisy_input,0.3471066355705261,0.22165918350219727,0.3471066355705261,0.22165918350219727,0.0,0.0,0,0
jump_medium,relative_observable,84,noisy_input,0.23605933785438538,0.21145296096801758,0.23605933785438538,0.21145296096801758,0.0,0.0,0,0
jump_medium,relative_observable,85,noisy_input,0.4023551940917969,0.47242826223373413,0.4023551940917969,0.47242826223373413,0.0,0.0,0,0
jump_medium,relative_observable,86,noisy_input,0.22098612785339355,0.2827928960323334,0.22098612785339355,0.2827928960323334,0.0,0.0,0,0
jump_medium,relative_observable,87,noisy_input,0.28222665190696716,0.515544593334198,0.28222665190696716,0.515544593334198,0.0,0.0,0,0
jump_medium,relative_observable,88,noisy_input,0.3681468963623047,0.16910019516944885,0.3681468963623047,0.16910019516944885,0.0,0.0,0,0
jump_medium,relative_observable,89,noisy_input,0.24750366806983948,0.19542843103408813,0.24750366806983948,0.19542843103408813,0.0,0.0,0,0
jump_medium,relative_observable,90,noisy_input,0.3629247546195984,0.6458123326301575,0.3629247546195984,0.6458123326301575,0.0,0.0,0,0
jump_medium,relative_observable,91,noisy_input,0.3507057726383209,0.1438935250043869,0.3507057726383209,0.1438935250043869,0.0,0.0,0,0
jump_medium,relative_observable,92,noisy_input,0.2031930387020111,0.1605338305234909,0.2031930387020111,0.1605338305234909,0.0,0.0,0,0
jump_medium,relative_observable,93,noisy_input,0.25878390669822693,0.17649972438812256,0.25878390669822693,0.17649972438812256,0.0,0.0,0,0
jump_medium,relative_observable,94,noisy_input,0.35903987288475037,0.40772131085395813,0.35903987288475037,0.40772131085395813,0.0,0.0,0,0
jump_medium,relative_observable,95,noisy_input,0.2666187584400177,0.16091221570968628,0.2666187584400177,0.16091221570968628,0.0,0.0,0,0
jump_medium,relative_observable,96,noisy_input,0.17266592383384705,0.22194170951843262,0.17266592383384705,0.22194170951843262,0.0,0.0,0,0
jump_medium,relative_observable,97,noisy_input,0.15907609462738037,0.11504749208688736,0.15907609462738037,0.11504749208688736,0.0,0.0,0,0
jump_medium,relative_observable,98,noisy_input,0.13691988587379456,0.12016315013170242,0.13691988587379456,0.12016315013170242,0.0,0.0,0,0
jump_medium,relative_observable,99,noisy_input,0.12215837091207504,0.22053131461143494,0.12215837091207504,0.22053131461143494,0.0,0.0,0,0
jump_medium,relative_observable,100,noisy_input,0.41271963715553284,0.4385882318019867,0.41271963715553284,0.4385882318019867,0.0,0.0,0,0
jump_medium,relative_observable,101,noisy_input,0.3130836486816406,0.19149652123451233,0.3130836486816406,0.19149652123451233,0.0,0.0,0,0
jump_medium,relative_observable,102,noisy_input,0.20263294875621796,0.09619273990392685,0.20263294875621796,0.09619273990392685,0.0,0.0,0,0
jump_medium,relative_observable,103,noisy_input,0.3692585825920105,0.125797837972641,0.3692585825920105,0.125797837972641,0.0,0.0,0,0
jump_medium,relative_observable,104,noisy_input,0.17363154888153076,0.2245071977376938,0.17363154888153076,0.2245071977376938,0.0,0.0,0,0
jump_medium,relative_observable,105,noisy_input,0.23821541666984558,0.14834722876548767,0.23821541666984558,0.14834722876548767,0.0,0.0,0,0
jump_medium,relative_observable,106,noisy_input,0.21067917346954346,0.13722258806228638,0.21067917346954346,0.13722258806228638,0.0,0.0,0,0
jump_medium,relative_observable,107,noisy_input,0.26730188727378845,0.2438119798898697,0.26730188727378845,0.2438119798898697,0.0,0.0,0,0
jump_medium,relative_observable,108,noisy_input,0.3412438929080963,0.3775520324707031,0.3412438929080963,0.3775520324707031,0.0,0.0,0,0
jump_medium,relative_observable,109,noisy_input,0.16263404488563538,0.25656935572624207,0.16263404488563538,0.25656935572624207,0.0,0.0,0,0
jump_medium,relative_observable,110,noisy_input,0.28248223662376404,0.5110414624214172,0.28248223662376404,0.5110414624214172,0.0,0.0,0,0
jump_medium,relative_observable,111,noisy_input,0.20103204250335693,0.27933675050735474,0.20103204250335693,0.27933675050735474,0.0,0.0,0,0
jump_medium,relative_observable,112,noisy_input,0.128132626414299,0.09774327278137207,0.128132626414299,0.09774327278137207,0.0,0.0,0,0
jump_medium,relative_observable,113,noisy_input,0.22970645129680634,0.4076751172542572,0.22970645129680634,0.4076751172542572,0.0,0.0,0,0
jump_medium,relative_observable,114,noisy_input,0.3430783152580261,0.45981401205062866,0.3430783152580261,0.45981401205062866,0.0,0.0,0,0
jump_medium,relative_observable,115,noisy_input,0.25075721740722656,0.5071022510528564,0.25075721740722656,0.5071022510528564,0.0,0.0,0,0
jump_medium,relative_observable,116,noisy_input,0.3889702260494232,0.21979279816150665,0.3889702260494232,0.21979279816150665,0.0,0.0,0,0
jump_medium,relative_observable,117,noisy_input,0.24250896275043488,0.31323176622390747,0.24250896275043488,0.31323176622390747,0.0,0.0,0,0
jump_medium,relative_observable,118,noisy_input,0.24101972579956055,0.11424580216407776,0.24101972579956055,0.11424580216407776,0.0,0.0,0,0
jump_medium,relative_observable,119,noisy_input,0.24779164791107178,0.18817737698554993,0.24779164791107178,0.18817737698554993,0.0,0.0,0,0
jump_medium,relative_observable,120,noisy_input,0.34641605615615845,0.45460203289985657,0.34641605615615845,0.45460203289985657,0.0,0.0,0,0
jump_medium,relative_observable,121,noisy_input,0.4066147804260254,0.10125794261693954,0.4066147804260254,0.10125794261693954,0.0,0.0,0,0
jump_medium,relative_observable,122,noisy_input,0.2709686756134033,0.6874473094940186,0.2709686756134033,0.6874473094940186,0.0,0.0,0,0
jump_medium,relative_observable,123,noisy_input,0.23033252358436584,0.2152368426322937,0.23033252358436584,0.2152368426322937,0.0,0.0,0,0
jump_medium,relative_observable,124,noisy_input,0.3328069746494293,0.20107457041740417,0.3328069746494293,0.20107457041740417,0.0,0.0,0,0
jump_medium,relative_observable,125,noisy_input,0.3894117772579193,0.4135420024394989,0.3894117772579193,0.4135420024394989,0.0,0.0,0,0
jump_medium,relative_observable,126,noisy_input,0.35277801752090454,0.22648583352565765,0.35277801752090454,0.22648583352565765,0.0,0.0,0,0
jump_medium,relative_observable,127,noisy_input,0.317487508058548,0.28576159477233887,0.317487508058548,0.28576159477233887,0.0,0.0,0,0
jump_medium,relative_observable,128,noisy_input,0.23008787631988525,0.31283038854599,0.23008787631988525,0.31283038854599,0.0,0.0,0,0
jump_medium,relative_observable,129,noisy_input,0.3536445200443268,0.42417749762535095,0.3536445200443268,0.42417749762535095,0.0,0.0,0,0
jump_medium,relative_observable,130,noisy_input,0.2596082389354706,0.3040735423564911,0.2596082389354706,0.3040735423564911,0.0,0.0,0,0
jump_medium,relative_observable,131,noisy_input,0.39491379261016846,0.3694464862346649,0.39491379261016846,0.3694464862346649,0.0,0.0,0,0
jump_medium,relative_observable,132,noisy_input,0.33660656213760376,0.07801033556461334,0.33660656213760376,0.07801033556461334,0.0,0.0,0,0
jump_medium,relative_observable,133,noisy_input,0.31332892179489136,0.18147146701812744,0.31332892179489136,0.18147146701812744,0.0,0.0,0,0
jump_medium,relative_observable,134,noisy_input,0.18685586750507355,0.19828349351882935,0.18685586750507355,0.19828349351882935,0.0,0.0,0,0
jump_medium,relative_observable,135,noisy_input,0.21124684810638428,0.21034787595272064,0.21124684810638428,0.21034787595272064,0.0,0.0,0,0
jump_medium,relative_observable,136,noisy_input,0.39864400029182434,0.26797449588775635,0.39864400029182434,0.26797449588775635,0.0,0.0,0,0
jump_medium,relative_observable,137,noisy_input,0.35110196471214294,0.15474273264408112,0.35110196471214294,0.15474273264408112,0.0,0.0,0,0
jump_medium,relative_observable,138,noisy_input,0.13229712843894958,0.13973665237426758,0.13229712843894958,0.13973665237426758,0.0,0.0,0,0
jump_medium,relative_observable,139,noisy_input,0.17923486232757568,0.2012065201997757,0.17923486232757568,0.2012065201997757,0.0,0.0,0,0
jump_medium,relative_observable,140,noisy_input,0.3891028165817261,0.361489862203598,0.3891028165817261,0.361489862203598,0.0,0.0,0,0
jump_medium,relative_observable,141,noisy_input,0.3231073319911957,0.2467757612466812,0.3231073319911957,0.2467757612466812,0.0,0.0,0,0
jump_medium,relative_observable,142,noisy_input,0.3353276252746582,0.284524142742157,0.3353276252746582,0.284524142742157,0.0,0.0,0,0
jump_medium,relative_observable,143,noisy_input,0.24546928703784943,0.3301581144332886,0.24546928703784943,0.3301581144332886,0.0,0.0,0,0
jump_medium,relative_observable,144,noisy_input,0.4223513603210449,0.11720189452171326,0.4223513603210449,0.11720189452171326,0.0,0.0,0,0
jump_medium,relative_observable,145,noisy_input,0.22873914241790771,0.48696884512901306,0.22873914241790771,0.48696884512901306,0.0,0.0,0,0
jump_medium,relative_observable,146,noisy_input,0.34214335680007935,0.2326153963804245,0.34214335680007935,0.2326153963804245,0.0,0.0,0,0
jump_medium,relative_observable,147,noisy_input,0.2611638903617859,0.11813395470380783,0.2611638903617859,0.11813395470380783,0.0,0.0,0,0
jump_medium,relative_observable,148,noisy_input,0.4368639588356018,0.12384399771690369,0.4368639588356018,0.12384399771690369,0.0,0.0,0,0
jump_medium,relative_observable,149,noisy_input,0.21045801043510437,0.1138128936290741,0.21045801043510437,0.1138128936290741,0.0,0.0,0,0
jump_medium,relative_observable,150,noisy_input,0.37428274750709534,0.1488957703113556,0.37428274750709534,0.1488957703113556,0.0,0.0,0,0
jump_medium,relative_observable,151,noisy_input,0.24329395592212677,0.16316793859004974,0.24329395592212677,0.16316793859004974,0.0,0.0,0,0
jump_medium,relative_observable,152,noisy_input,0.2964012026786804,0.25175169110298157,0.2964012026786804,0.25175169110298157,0.0,0.0,0,0
jump_medium,relative_observable,153,noisy_input,0.3898405134677887,0.12424825131893158,0.3898405134677887,0.12424825131893158,0.0,0.0,0,0
jump_medium,relative_observable,154,noisy_input,0.2348680943250656,0.1206376701593399,0.2348680943250656,0.1206376701593399,0.0,0.0,0,0
jump_medium,relative_observable,155,noisy_input,0.1200384646654129,0.15680457651615143,0.1200384646654129,0.15680457651615143,0.0,0.0,0,0
jump_medium,relative_observable,156,noisy_input,0.09871095418930054,0.25571107864379883,0.09871095418930054,0.25571107864379883,0.0,0.0,0,0
jump_medium,relative_observable,157,noisy_input,0.12102849781513214,0.2449978142976761,0.12102849781513214,0.2449978142976761,0.0,0.0,0,0
jump_medium,relative_observable,158,noisy_input,0.232407808303833,0.10964030027389526,0.232407808303833,0.10964030027389526,0.0,0.0,0,0
jump_medium,relative_observable,159,noisy_input,0.3177241086959839,0.09905903041362762,0.3177241086959839,0.09905903041362762,0.0,0.0,0,0
jump_medium,relative_observable,160,noisy_input,0.21854934096336365,0.37734556198120117,0.21854934096336365,0.37734556198120117,0.0,0.0,0,0
jump_medium,relative_observable,161,noisy_input,0.07475690543651581,0.17591920495033264,0.07475690543651581,0.17591920495033264,0.0,0.0,0,0
jump_medium,relative_observable,162,noisy_input,0.20632335543632507,0.2113083153963089,0.20632335543632507,0.2113083153963089,0.0,0.0,0,0
jump_medium,relative_observable,163,noisy_input,0.19495484232902527,0.07037993520498276,0.19495484232902527,0.07037993520498276,0.0,0.0,0,0
jump_medium,relative_observable,164,noisy_input,0.22671036422252655,0.14507591724395752,0.22671036422252655,0.14507591724395752,0.0,0.0,0,0
jump_medium,relative_observable,165,noisy_input,0.3477817177772522,0.3362187147140503,0.3477817177772522,0.3362187147140503,0.0,0.0,0,0
jump_medium,relative_observable,166,noisy_input,0.16054043173789978,0.22127118706703186,0.16054043173789978,0.22127118706703186,0.0,0.0,0,0
jump_medium,relative_observable,167,noisy_input,0.31603947281837463,0.4284168481826782,0.31603947281837463,0.4284168481826782,0.0,0.0,0,0
jump_medium,relative_observable,168,noisy_input,0.08785775303840637,0.17101368308067322,0.08785775303840637,0.17101368308067322,0.0,0.0,0,0
jump_medium,relative_observable,169,noisy_input,0.27043095231056213,0.12240704894065857,0.27043095231056213,0.12240704894065857,0.0,0.0,0,0
jump_medium,relative_observable,170,noisy_input,0.14917345345020294,0.14966529607772827,0.14917345345020294,0.14966529607772827,0.0,0.0,0,0
jump_medium,relative_observable,171,noisy_input,0.1918019950389862,0.21760624647140503,0.1918019950389862,0.21760624647140503,0.0,0.0,0,0
jump_medium,relative_observable,172,noisy_input,0.28572878241539,0.4276908040046692,0.28572878241539,0.4276908040046692,0.0,0.0,0,0
jump_medium,relative_observable,173,noisy_input,0.3548875153064728,0.2118845283985138,0.3548875153064728,0.2118845283985138,0.0,0.0,0,0
jump_medium,relative_observable,174,noisy_input,0.2689071297645569,0.24326904118061066,0.2689071297645569,0.24326904118061066,0.0,0.0,0,0
jump_medium,relative_observable,175,noisy_input,0.14754927158355713,0.2726655602455139,0.14754927158355713,0.2726655602455139,0.0,0.0,0,0
jump_medium,relative_observable,176,noisy_input,0.15489225089550018,0.10024958103895187,0.15489225089550018,0.10024958103895187,0.0,0.0,0,0
jump_medium,relative_observable,177,noisy_input,0.14647427201271057,0.2092788815498352,0.14647427201271057,0.2092788815498352,0.0,0.0,0,0
jump_medium,relative_observable,178,noisy_input,0.31481295824050903,0.2019931823015213,0.31481295824050903,0.2019931823015213,0.0,0.0,0,0
jump_medium,relative_observable,179,noisy_input,0.2263745814561844,0.1547156125307083,0.2263745814561844,0.1547156125307083,0.0,0.0,0,0
jump_medium,relative_observable,180,noisy_input,0.2647393047809601,0.31551361083984375,0.2647393047809601,0.31551361083984375,0.0,0.0,0,0
jump_medium,relative_observable,181,noisy_input,0.19161733984947205,0.13897715508937836,0.19161733984947205,0.13897715508937836,0.0,0.0,0,0
jump_medium,relative_observable,182,noisy_input,0.2560180723667145,0.24233275651931763,0.2560180723667145,0.24233275651931763,0.0,0.0,0,0
jump_medium,relative_observable,183,noisy_input,0.25359252095222473,0.19826056063175201,0.25359252095222473,0.19826056063175201,0.0,0.0,0,0
jump_medium,relative_observable,184,noisy_input,0.292518675327301,0.21246947348117828,0.292518675327301,0.21246947348117828,0.0,0.0,0,0
jump_medium,relative_observable,185,noisy_input,0.34768375754356384,0.11819100379943848,0.34768375754356384,0.11819100379943848,0.0,0.0,0,0
jump_medium,relative_observable,186,noisy_input,0.248956561088562,0.20117239654064178,0.248956561088562,0.20117239654064178,0.0,0.0,0,0
jump_medium,relative_observable,187,noisy_input,0.2089119255542755,0.14478415250778198,0.2089119255542755,0.14478415250778198,0.0,0.0,0,0
jump_medium,relative_observable,188,noisy_input,0.48623141646385193,0.5230275392532349,0.48623141646385193,0.5230275392532349,0.0,0.0,0,0
jump_medium,relative_observable,189,noisy_input,0.28122764825820923,0.06697292625904083,0.28122764825820923,0.06697292625904083,0.0,0.0,0,0
jump_medium,relative_observable,190,noisy_input,0.14679661393165588,0.10196145623922348,0.14679661393165588,0.10196145623922348,0.0,0.0,0,0
jump_medium,relative_observable,191,noisy_input,0.22224614024162292,0.4343627989292145,0.22224614024162292,0.4343627989292145,0.0,0.0,0,0
jump_medium,relative_observable,192,noisy_input,0.24059371650218964,0.20558035373687744,0.24059371650218964,0.20558035373687744,0.0,0.0,0,0
jump_medium,relative_observable,193,noisy_input,0.39562445878982544,0.2233608514070511,0.39562445878982544,0.2233608514070511,0.0,0.0,0,0
jump_medium,relative_observable,194,noisy_input,0.2815842628479004,0.1661769598722458,0.2815842628479004,0.1661769598722458,0.0,0.0,0,0
jump_medium,relative_observable,195,noisy_input,0.2931622862815857,0.23624859750270844,0.2931622862815857,0.23624859750270844,0.0,0.0,0,0
jump_medium,relative_observable,196,noisy_input,0.2823478877544403,0.13573375344276428,0.2823478877544403,0.13573375344276428,0.0,0.0,0,0
jump_medium,relative_observable,197,noisy_input,0.35359326004981995,0.4056698977947235,0.35359326004981995,0.4056698977947235,0.0,0.0,0,0
jump_medium,relative_observable,198,noisy_input,0.38107022643089294,0.2021833062171936,0.38107022643089294,0.2021833062171936,0.0,0.0,0,0
jump_medium,relative_observable,199,noisy_input,0.3098653256893158,0.4329388439655304,0.3098653256893158,0.4329388439655304,0.0,0.0,0,0
jump_medium,relative_observable,0,uncond_sdedit_t2,0.0894513800740242,0.22676478326320648,0.09135494381189346,0.23085252940654755,-0.0019035637378692627,-0.0040877461433410645,1,1
jump_medium,relative_observable,1,uncond_sdedit_t2,0.3381681442260742,0.1457216739654541,0.33719807863235474,0.15025977790355682,0.0009700655937194824,-0.004538103938102722,0,1
jump_medium,relative_observable,2,uncond_sdedit_t2,0.30107182264328003,0.5563930869102478,0.30299070477485657,0.5607418417930603,-0.001918882131576538,-0.0043487548828125,1,1
jump_medium,relative_observable,3,uncond_sdedit_t2,0.19943322241306305,0.1796865165233612,0.19966259598731995,0.18259786069393158,-0.00022937357425689697,-0.0029113441705703735,1,1
jump_medium,relative_observable,4,uncond_sdedit_t2,0.2706789970397949,0.13452032208442688,0.279807984828949,0.13905441761016846,-0.009128987789154053,-0.004534095525741577,1,1
jump_medium,relative_observable,5,uncond_sdedit_t2,0.2111169397830963,0.12155254930257797,0.21492750942707062,0.12693139910697937,-0.003810569643974304,-0.005378849804401398,1,1
jump_medium,relative_observable,6,uncond_sdedit_t2,0.2614254355430603,0.4410255551338196,0.2530759871006012,0.44493088126182556,0.008349448442459106,-0.0039053261280059814,0,1
jump_medium,relative_observable,7,uncond_sdedit_t2,0.23903222382068634,0.2765151262283325,0.23418346047401428,0.2802185118198395,0.004848763346672058,-0.003703385591506958,0,1
jump_medium,relative_observable,8,uncond_sdedit_t2,0.14621467888355255,0.20353509485721588,0.15073958039283752,0.2086607962846756,-0.004524901509284973,-0.005125701427459717,1,1
jump_medium,relative_observable,9,uncond_sdedit_t2,0.20613808929920197,0.13346132636070251,0.20961301028728485,0.1399284303188324,-0.0034749209880828857,-0.006467103958129883,1,1
jump_medium,relative_observable,10,uncond_sdedit_t2,0.26309916377067566,0.15742582082748413,0.2633734345436096,0.16318859159946442,-0.00027427077293395996,-0.005762770771980286,1,1
jump_medium,relative_observable,11,uncond_sdedit_t2,0.2926517426967621,0.4792652726173401,0.29359015822410583,0.48504018783569336,-0.00093841552734375,-0.0057749152183532715,1,1
jump_medium,relative_observable,12,uncond_sdedit_t2,0.18216124176979065,0.40986186265945435,0.18047496676445007,0.41237273812294006,0.0016862750053405762,-0.0025108754634857178,0,1
jump_medium,relative_observable,13,uncond_sdedit_t2,0.2669510245323181,0.21060220897197723,0.2594209313392639,0.22081635892391205,0.007530093193054199,-0.010214149951934814,0,1
jump_medium,relative_observable,14,uncond_sdedit_t2,0.3267424702644348,0.10718139261007309,0.3350127339363098,0.1092020571231842,-0.008270263671875,-0.0020206645131111145,1,1
jump_medium,relative_observable,15,uncond_sdedit_t2,0.16185934841632843,0.13912333548069,0.15410330891609192,0.1440284699201584,0.007756039500236511,-0.004905134439468384,0,1
jump_medium,relative_observable,16,uncond_sdedit_t2,0.17382940649986267,0.13830801844596863,0.18662336468696594,0.1439512073993683,-0.012793958187103271,-0.005643188953399658,1,1
jump_medium,relative_observable,17,uncond_sdedit_t2,0.15421493351459503,0.150202214717865,0.15355011820793152,0.1527096927165985,0.0006648153066635132,-0.0025074779987335205,0,1
jump_medium,relative_observable,18,uncond_sdedit_t2,0.298637330532074,0.2536641061306,0.3091624081134796,0.2574569582939148,-0.01052507758140564,-0.0037928521633148193,1,1
jump_medium,relative_observable,19,uncond_sdedit_t2,0.30056777596473694,0.5662683844566345,0.31113752722740173,0.5795366764068604,-0.010569751262664795,-0.01326829195022583,1,1
jump_medium,relative_observable,20,uncond_sdedit_t2,0.20378509163856506,0.19781221449375153,0.19905418157577515,0.20661337673664093,0.004730910062789917,-0.008801162242889404,0,1
jump_medium,relative_observable,21,uncond_sdedit_t2,0.16994306445121765,0.12192434817552567,0.16254225373268127,0.12538082897663116,0.007400810718536377,-0.0034564808011054993,0,1
jump_medium,relative_observable,22,uncond_sdedit_t2,0.14968295395374298,0.1222989559173584,0.1499684900045395,0.1254768669605255,-0.0002855360507965088,-0.0031779110431671143,1,1
jump_medium,relative_observable,23,uncond_sdedit_t2,0.3754829168319702,0.3606661558151245,0.38898420333862305,0.367673397064209,-0.013501286506652832,-0.007007241249084473,1,1
jump_medium,relative_observable,24,uncond_sdedit_t2,0.29576390981674194,0.26811227202415466,0.291429340839386,0.27802732586860657,0.004334568977355957,-0.009915053844451904,0,1
jump_medium,relative_observable,25,uncond_sdedit_t2,0.24868062138557434,0.13109976053237915,0.26564377546310425,0.13947643339633942,-0.016963154077529907,-0.008376672863960266,1,1
jump_medium,relative_observable,26,uncond_sdedit_t2,0.2262618988752365,0.20321078598499298,0.2327011376619339,0.21149176359176636,-0.006439238786697388,-0.008280977606773376,1,1
jump_medium,relative_observable,27,uncond_sdedit_t2,0.15633288025856018,0.12491244822740555,0.16599023342132568,0.1291171908378601,-0.009657353162765503,-0.004204742610454559,1,1
jump_medium,relative_observable,28,uncond_sdedit_t2,0.273767352104187,0.39723342657089233,0.28340625762939453,0.4021107852458954,-0.00963890552520752,-0.004877358675003052,1,1
jump_medium,relative_observable,29,uncond_sdedit_t2,0.2755020260810852,0.26574623584747314,0.2800275981426239,0.26868095993995667,-0.004525572061538696,-0.0029347240924835205,1,1
jump_medium,relative_observable,30,uncond_sdedit_t2,0.3952193558216095,0.19083525240421295,0.40009555220603943,0.19950148463249207,-0.004876196384429932,-0.008666232228279114,1,1
jump_medium,relative_observable,31,uncond_sdedit_t2,0.3282609283924103,0.2328961193561554,0.3379843831062317,0.24592913687229156,-0.009723454713821411,-0.01303301751613617,1,1
jump_medium,relative_observable,32,uncond_sdedit_t2,0.259991854429245,0.10493240505456924,0.25520485639572144,0.10956233739852905,0.00478699803352356,-0.004629932343959808,0,1
jump_medium,relative_observable,33,uncond_sdedit_t2,0.3568865656852722,0.4494521915912628,0.349456250667572,0.4553864300251007,0.007430315017700195,-0.005934238433837891,0,1
jump_medium,relative_observable,34,uncond_sdedit_t2,0.21726015210151672,0.20714108645915985,0.22254781424999237,0.21484027802944183,-0.005287662148475647,-0.007699191570281982,1,1
jump_medium,relative_observable,35,uncond_sdedit_t2,0.1122075691819191,0.12027917802333832,0.1159987673163414,0.12561744451522827,-0.0037911981344223022,-0.005338266491889954,1,1
jump_medium,relative_observable,36,uncond_sdedit_t2,0.33927056193351746,0.24954766035079956,0.34934553503990173,0.25913095474243164,-0.010074973106384277,-0.00958329439163208,1,1
jump_medium,relative_observable,37,uncond_sdedit_t2,0.0652683675289154,0.09427447617053986,0.0590045228600502,0.0971696674823761,0.006263844668865204,-0.0028951913118362427,0,1
jump_medium,relative_observable,38,uncond_sdedit_t2,0.3964155614376068,0.2388826161623001,0.3945782780647278,0.24887429177761078,0.0018372833728790283,-0.009991675615310669,0,1
jump_medium,relative_observable,39,uncond_sdedit_t2,0.3884606957435608,0.06372425705194473,0.3894626200199127,0.06697975844144821,-0.0010019242763519287,-0.003255501389503479,1,1
jump_medium,relative_observable,40,uncond_sdedit_t2,0.1436295360326767,0.19328513741493225,0.14941811561584473,0.20311428606510162,-0.00578857958316803,-0.009829148650169373,1,1
jump_medium,relative_observable,41,uncond_sdedit_t2,0.3285811245441437,0.2506736218929291,0.3366239666938782,0.25585347414016724,-0.008042842149734497,-0.005179852247238159,1,1
jump_medium,relative_observable,42,uncond_sdedit_t2,0.34766602516174316,0.29901987314224243,0.3662061095237732,0.31045520305633545,-0.01854008436203003,-0.011435329914093018,1,1
jump_medium,relative_observable,43,uncond_sdedit_t2,0.3266361355781555,0.5411708950996399,0.3371293544769287,0.5425136089324951,-0.010493218898773193,-0.0013427138328552246,1,1
jump_medium,relative_observable,44,uncond_sdedit_t2,0.3132534623146057,0.2161184400320053,0.3391590118408203,0.2238740622997284,-0.0259055495262146,-0.0077556222677230835,1,1
jump_medium,relative_observable,45,uncond_sdedit_t2,0.3203899562358856,0.1031138226389885,0.3239283561706543,0.10547170042991638,-0.0035383999347686768,-0.002357877790927887,1,1
jump_medium,relative_observable,46,uncond_sdedit_t2,0.28858086466789246,0.25406208634376526,0.3033127784729004,0.25931885838508606,-0.014731913805007935,-0.005256772041320801,1,1
jump_medium,relative_observable,47,uncond_sdedit_t2,0.351940780878067,0.20519281923770905,0.35749363899230957,0.21690715849399567,-0.005552858114242554,-0.011714339256286621,1,1
jump_medium,relative_observable,48,uncond_sdedit_t2,0.3205697238445282,0.22985871136188507,0.32454144954681396,0.2347237467765808,-0.003971725702285767,-0.00486503541469574,1,1
jump_medium,relative_observable,49,uncond_sdedit_t2,0.26390475034713745,0.4936777353286743,0.2879221737384796,0.5021525621414185,-0.024017423391342163,-0.00847482681274414,1,1
jump_medium,relative_observable,50,uncond_sdedit_t2,0.3273486793041229,0.13799749314785004,0.3380165994167328,0.14365117251873016,-0.010667920112609863,-0.005653679370880127,1,1
jump_medium,relative_observable,51,uncond_sdedit_t2,0.3185158967971802,0.24905522167682648,0.33028486371040344,0.26053643226623535,-0.011768966913223267,-0.011481210589408875,1,1
jump_medium,relative_observable,52,uncond_sdedit_t2,0.3320539593696594,0.201840341091156,0.32740190625190735,0.2036849409341812,0.004652053117752075,-0.0018445998430252075,0,1
jump_medium,relative_observable,53,uncond_sdedit_t2,0.3113805949687958,0.18034017086029053,0.32338961958885193,0.1890893280506134,-0.012009024620056152,-0.008749157190322876,1,1
jump_medium,relative_observable,54,uncond_sdedit_t2,0.30576324462890625,0.2108946293592453,0.31219667196273804,0.2173156887292862,-0.006433427333831787,-0.0064210593700408936,1,1
jump_medium,relative_observable,55,uncond_sdedit_t2,0.27856767177581787,0.19417113065719604,0.2973081171512604,0.19631534814834595,-0.018740445375442505,-0.0021442174911499023,1,1
jump_medium,relative_observable,56,uncond_sdedit_t2,0.09879568964242935,0.10101161897182465,0.09041101485490799,0.10511662811040878,0.008384674787521362,-0.004105009138584137,0,1
jump_medium,relative_observable,57,uncond_sdedit_t2,0.3442884087562561,0.19598421454429626,0.34345632791519165,0.19961047172546387,0.0008320808410644531,-0.0036262571811676025,0,1
jump_medium,relative_observable,58,uncond_sdedit_t2,0.4048925042152405,0.23413048684597015,0.4305903911590576,0.24302639067173004,-0.02569788694381714,-0.008895903825759888,1,1
jump_medium,relative_observable,59,uncond_sdedit_t2,0.12829577922821045,0.14937585592269897,0.13033311069011688,0.151972234249115,-0.002037331461906433,-0.0025963783264160156,1,1
jump_medium,relative_observable,60,uncond_sdedit_t2,0.293814480304718,0.23245790600776672,0.2988874018192291,0.24075675010681152,-0.005072921514511108,-0.0082988440990448,1,1
jump_medium,relative_observable,61,uncond_sdedit_t2,0.392381489276886,0.22616635262966156,0.3791150748729706,0.23562666773796082,0.013266414403915405,-0.009460315108299255,0,1
jump_medium,relative_observable,62,uncond_sdedit_t2,0.23944032192230225,0.29079994559288025,0.24846021831035614,0.30422505736351013,-0.009019896388053894,-0.013425111770629883,1,1
jump_medium,relative_observable,63,uncond_sdedit_t2,0.10231009870767593,0.09584353119134903,0.09610316902399063,0.09966692328453064,0.006206929683685303,-0.00382339209318161,0,1
jump_medium,relative_observable,64,uncond_sdedit_t2,0.2764984667301178,0.08296654373407364,0.28307658433914185,0.08465622365474701,-0.006578117609024048,-0.0016896799206733704,1,1
jump_medium,relative_observable,65,uncond_sdedit_t2,0.14293399453163147,0.15365904569625854,0.13998156785964966,0.1589292287826538,0.0029524266719818115,-0.005270183086395264,0,1
jump_medium,relative_observable,66,uncond_sdedit_t2,0.055432140827178955,0.10878027975559235,0.04890738055109978,0.11333078891038895,0.006524760276079178,-0.0045505091547966,0,1
jump_medium,relative_observable,67,uncond_sdedit_t2,0.20394682884216309,0.16596370935440063,0.20557937026023865,0.17334437370300293,-0.0016325414180755615,-0.007380664348602295,1,1
jump_medium,relative_observable,68,uncond_sdedit_t2,0.20916202664375305,0.11953510344028473,0.20980556309223175,0.1267581433057785,-0.0006435364484786987,-0.007223039865493774,1,1
jump_medium,relative_observable,69,uncond_sdedit_t2,0.2959580421447754,0.25605207681655884,0.3079741597175598,0.26427415013313293,-0.012016117572784424,-0.008222073316574097,1,1
jump_medium,relative_observable,70,uncond_sdedit_t2,0.32227569818496704,0.3379250764846802,0.3415123224258423,0.34238940477371216,-0.019236624240875244,-0.004464328289031982,1,1
jump_medium,relative_observable,71,uncond_sdedit_t2,0.24869561195373535,0.3629029095172882,0.25486522912979126,0.3663264513015747,-0.006169617176055908,-0.003423541784286499,1,1
jump_medium,relative_observable,72,uncond_sdedit_t2,0.12715905904769897,0.09686844795942307,0.1233767494559288,0.10099290311336517,0.003782309591770172,-0.004124455153942108,0,1
jump_medium,relative_observable,73,uncond_sdedit_t2,0.27290937304496765,0.19271805882453918,0.2770542502403259,0.20158296823501587,-0.004144877195358276,-0.008864909410476685,1,1
jump_medium,relative_observable,74,uncond_sdedit_t2,0.3206169605255127,0.3819962739944458,0.3466564118862152,0.391620010137558,-0.026039451360702515,-0.009623736143112183,1,1
jump_medium,relative_observable,75,uncond_sdedit_t2,0.28371018171310425,0.09818308055400848,0.28047123551368713,0.10359267145395279,0.0032389461994171143,-0.005409590899944305,0,1
jump_medium,relative_observable,76,uncond_sdedit_t2,0.12341506779193878,0.13726553320884705,0.12187250703573227,0.1429491490125656,0.0015425607562065125,-0.005683615803718567,0,1
jump_medium,relative_observable,77,uncond_sdedit_t2,0.09693409502506256,0.08570494502782822,0.09828485548496246,0.08694049715995789,-0.0013507604598999023,-0.0012355521321296692,1,1
jump_medium,relative_observable,78,uncond_sdedit_t2,0.229244664311409,0.08973485231399536,0.23985818028450012,0.09225858747959137,-0.010613515973091125,-0.0025237351655960083,1,1
jump_medium,relative_observable,79,uncond_sdedit_t2,0.2501448094844818,0.13347581028938293,0.26304692029953003,0.13836906850337982,-0.012902110815048218,-0.004893258213996887,1,1
jump_medium,relative_observable,80,uncond_sdedit_t2,0.3414657711982727,0.27660614252090454,0.35883569717407227,0.28824660181999207,-0.01736992597579956,-0.011640459299087524,1,1
jump_medium,relative_observable,81,uncond_sdedit_t2,0.11954683065414429,0.20845097303390503,0.11441409587860107,0.21184620261192322,0.005132734775543213,-0.0033952295780181885,0,1
jump_medium,relative_observable,82,uncond_sdedit_t2,0.1258869469165802,0.29585960507392883,0.12900830805301666,0.30643483996391296,-0.0031213611364364624,-0.01057523488998413,1,1
jump_medium,relative_observable,83,uncond_sdedit_t2,0.34123513102531433,0.21269544959068298,0.3471066355705261,0.22165918350219727,-0.005871504545211792,-0.008963733911514282,1,1
jump_medium,relative_observable,84,uncond_sdedit_t2,0.2294428050518036,0.21113738417625427,0.23605933785438538,0.21145296096801758,-0.006616532802581787,-0.00031557679176330566,1,1
jump_medium,relative_observable,85,uncond_sdedit_t2,0.38646578788757324,0.4599049985408783,0.4023551940917969,0.47242826223373413,-0.015889406204223633,-0.012523263692855835,1,1
jump_medium,relative_observable,86,uncond_sdedit_t2,0.2060357630252838,0.28089994192123413,0.22098612785339355,0.2827928960323334,-0.014950364828109741,-0.0018929541110992432,1,1
jump_medium,relative_observable,87,uncond_sdedit_t2,0.263504296541214,0.510571300983429,0.28222665190696716,0.515544593334198,-0.018722355365753174,-0.004973292350769043,1,1
jump_medium,relative_observable,88,uncond_sdedit_t2,0.3478066325187683,0.1614709198474884,0.3681468963623047,0.16910019516944885,-0.020340263843536377,-0.007629275321960449,1,1
jump_medium,relative_observable,89,uncond_sdedit_t2,0.251448392868042,0.1925322264432907,0.24750366806983948,0.19542843103408813,0.003944724798202515,-0.0028962045907974243,0,1
jump_medium,relative_observable,90,uncond_sdedit_t2,0.32497432827949524,0.6397205591201782,0.3629247546195984,0.6458123326301575,-0.03795042634010315,-0.006091773509979248,1,1
jump_medium,relative_observable,91,uncond_sdedit_t2,0.3415510356426239,0.14014548063278198,0.3507057726383209,0.1438935250043869,-0.009154736995697021,-0.0037480443716049194,1,1
jump_medium,relative_observable,92,uncond_sdedit_t2,0.18818172812461853,0.15145105123519897,0.2031930387020111,0.1605338305234909,-0.015011310577392578,-0.009082779288291931,1,1
jump_medium,relative_observable,93,uncond_sdedit_t2,0.24511206150054932,0.16652877628803253,0.25878390669822693,0.17649972438812256,-0.013671845197677612,-0.009970948100090027,1,1
jump_medium,relative_observable,94,uncond_sdedit_t2,0.32511451840400696,0.39719030261039734,0.35903987288475037,0.40772131085395813,-0.03392535448074341,-0.010531008243560791,1,1
jump_medium,relative_observable,95,uncond_sdedit_t2,0.25226065516471863,0.15567632019519806,0.2666187584400177,0.16091221570968628,-0.014358103275299072,-0.00523589551448822,1,1
jump_medium,relative_observable,96,uncond_sdedit_t2,0.17988821864128113,0.21308979392051697,0.17266592383384705,0.22194170951843262,0.007222294807434082,-0.00885191559791565,0,1
jump_medium,relative_observable,97,uncond_sdedit_t2,0.1562408208847046,0.10987868905067444,0.15907609462738037,0.11504749208688736,-0.0028352737426757812,-0.005168803036212921,1,1
jump_medium,relative_observable,98,uncond_sdedit_t2,0.13908518850803375,0.11682549118995667,0.13691988587379456,0.12016315013170242,0.0021653026342391968,-0.003337658941745758,0,1
jump_medium,relative_observable,99,uncond_sdedit_t2,0.12429492175579071,0.21835176646709442,0.12215837091207504,0.22053131461143494,0.0021365508437156677,-0.002179548144340515,0,1
jump_medium,relative_observable,100,uncond_sdedit_t2,0.4178233742713928,0.4361443817615509,0.41271963715553284,0.4385882318019867,0.005103737115859985,-0.002443850040435791,0,1
jump_medium,relative_observable,101,uncond_sdedit_t2,0.30060863494873047,0.18405069410800934,0.3130836486816406,0.19149652123451233,-0.012475013732910156,-0.007445827126502991,1,1
jump_medium,relative_observable,102,uncond_sdedit_t2,0.20760419964790344,0.09186260402202606,0.20263294875621796,0.09619273990392685,0.004971250891685486,-0.004330135881900787,0,1
jump_medium,relative_observable,103,uncond_sdedit_t2,0.36612585186958313,0.12106140702962875,0.3692585825920105,0.125797837972641,-0.003132730722427368,-0.0047364309430122375,1,1
jump_medium,relative_observable,104,uncond_sdedit_t2,0.16970224678516388,0.2175309658050537,0.17363154888153076,0.2245071977376938,-0.003929302096366882,-0.006976231932640076,1,1
jump_medium,relative_observable,105,uncond_sdedit_t2,0.237397700548172,0.143075093626976,0.23821541666984558,0.14834722876548767,-0.000817716121673584,-0.005272135138511658,1,1
jump_medium,relative_observable,106,uncond_sdedit_t2,0.21011745929718018,0.1335931122303009,0.21067917346954346,0.13722258806228638,-0.0005617141723632812,-0.0036294758319854736,1,1
jump_medium,relative_observable,107,uncond_sdedit_t2,0.25854039192199707,0.23874810338020325,0.26730188727378845,0.2438119798898697,-0.008761495351791382,-0.005063876509666443,1,1
jump_medium,relative_observable,108,uncond_sdedit_t2,0.34133318066596985,0.37271133065223694,0.3412438929080963,0.3775520324707031,8.928775787353516e-05,-0.0048407018184661865,0,1
jump_medium,relative_observable,109,uncond_sdedit_t2,0.15059012174606323,0.2476666271686554,0.16263404488563538,0.25656935572624207,-0.012043923139572144,-0.00890272855758667,1,1
jump_medium,relative_observable,110,uncond_sdedit_t2,0.2972964942455292,0.5054179430007935,0.28248223662376404,0.5110414624214172,0.014814257621765137,-0.005623519420623779,0,1
jump_medium,relative_observable,111,uncond_sdedit_t2,0.18717363476753235,0.26765158772468567,0.20103204250335693,0.27933675050735474,-0.013858407735824585,-0.011685162782669067,1,1
jump_medium,relative_observable,112,uncond_sdedit_t2,0.12719286978244781,0.09664846956729889,0.128132626414299,0.09774327278137207,-0.0009397566318511963,-0.0010948032140731812,1,1
jump_medium,relative_observable,113,uncond_sdedit_t2,0.23247797787189484,0.404920756816864,0.22970645129680634,0.4076751172542572,0.002771526575088501,-0.0027543604373931885,0,1
jump_medium,relative_observable,114,uncond_sdedit_t2,0.320007860660553,0.4534892439842224,0.3430783152580261,0.45981401205062866,-0.023070454597473145,-0.00632476806640625,1,1
jump_medium,relative_observable,115,uncond_sdedit_t2,0.2394837588071823,0.5009526610374451,0.25075721740722656,0.5071022510528564,-0.01127345860004425,-0.006149590015411377,1,1
jump_medium,relative_observable,116,uncond_sdedit_t2,0.3840591609477997,0.21084585785865784,0.3889702260494232,0.21979279816150665,-0.004911065101623535,-0.008946940302848816,1,1
jump_medium,relative_observable,117,uncond_sdedit_t2,0.2370280772447586,0.3024181127548218,0.24250896275043488,0.31323176622390747,-0.0054808855056762695,-0.010813653469085693,1,1
jump_medium,relative_observable,118,uncond_sdedit_t2,0.23808905482292175,0.11069750785827637,0.24101972579956055,0.11424580216407776,-0.002930670976638794,-0.0035482943058013916,1,1
jump_medium,relative_observable,119,uncond_sdedit_t2,0.24470381438732147,0.18349112570285797,0.24779164791107178,0.18817737698554993,-0.003087833523750305,-0.004686251282691956,1,1
jump_medium,relative_observable,120,uncond_sdedit_t2,0.3325112760066986,0.4496787488460541,0.34641605615615845,0.45460203289985657,-0.013904780149459839,-0.00492328405380249,1,1
jump_medium,relative_observable,121,uncond_sdedit_t2,0.40405774116516113,0.09789541363716125,0.4066147804260254,0.10125794261693954,-0.002557039260864258,-0.00336252897977829,1,1
jump_medium,relative_observable,122,uncond_sdedit_t2,0.24168694019317627,0.6804598569869995,0.2709686756134033,0.6874473094940186,-0.02928173542022705,-0.006987452507019043,1,1
jump_medium,relative_observable,123,uncond_sdedit_t2,0.22558113932609558,0.20808109641075134,0.23033252358436584,0.2152368426322937,-0.004751384258270264,-0.007155746221542358,1,1
jump_medium,relative_observable,124,uncond_sdedit_t2,0.3208712041378021,0.19276629388332367,0.3328069746494293,0.20107457041740417,-0.011935770511627197,-0.008308276534080505,1,1
jump_medium,relative_observable,125,uncond_sdedit_t2,0.371376097202301,0.40149322152137756,0.3894117772579193,0.4135420024394989,-0.018035680055618286,-0.012048780918121338,1,1
jump_medium,relative_observable,126,uncond_sdedit_t2,0.32986927032470703,0.2188519835472107,0.35277801752090454,0.22648583352565765,-0.02290874719619751,-0.0076338499784469604,1,1
jump_medium,relative_observable,127,uncond_sdedit_t2,0.2921289801597595,0.2745214104652405,0.317487508058548,0.28576159477233887,-0.025358527898788452,-0.011240184307098389,1,1
jump_medium,relative_observable,128,uncond_sdedit_t2,0.2159857451915741,0.3047045171260834,0.23008787631988525,0.31283038854599,-0.014102131128311157,-0.008125871419906616,1,1
jump_medium,relative_observable,129,uncond_sdedit_t2,0.333639532327652,0.41849565505981445,0.3536445200443268,0.42417749762535095,-0.020004987716674805,-0.005681842565536499,1,1
jump_medium,relative_observable,130,uncond_sdedit_t2,0.2557808756828308,0.2981239855289459,0.2596082389354706,0.3040735423564911,-0.0038273632526397705,-0.005949556827545166,1,1
jump_medium,relative_observable,131,uncond_sdedit_t2,0.37057727575302124,0.36696484684944153,0.39491379261016846,0.3694464862346649,-0.024336516857147217,-0.0024816393852233887,1,1
jump_medium,relative_observable,132,uncond_sdedit_t2,0.34439563751220703,0.07451988011598587,0.33660656213760376,0.07801033556461334,0.0077890753746032715,-0.003490455448627472,0,1
jump_medium,relative_observable,133,uncond_sdedit_t2,0.307147353887558,0.17581236362457275,0.31332892179489136,0.18147146701812744,-0.006181567907333374,-0.0056591033935546875,1,1
jump_medium,relative_observable,134,uncond_sdedit_t2,0.18023857474327087,0.19091881811618805,0.18685586750507355,0.19828349351882935,-0.006617292761802673,-0.007364675402641296,1,1
jump_medium,relative_observable,135,uncond_sdedit_t2,0.19744816422462463,0.19912177324295044,0.21124684810638428,0.21034787595272064,-0.013798683881759644,-0.011226102709770203,1,1
jump_medium,relative_observable,136,uncond_sdedit_t2,0.3886015713214874,0.25890660285949707,0.39864400029182434,0.26797449588775635,-0.010042428970336914,-0.009067893028259277,1,1
jump_medium,relative_observable,137,uncond_sdedit_t2,0.34606853127479553,0.1488456130027771,0.35110196471214294,0.15474273264408112,-0.005033433437347412,-0.005897119641304016,1,1
jump_medium,relative_observable,138,uncond_sdedit_t2,0.13668030500411987,0.13194555044174194,0.13229712843894958,0.13973665237426758,0.004383176565170288,-0.007791101932525635,0,1
jump_medium,relative_observable,139,uncond_sdedit_t2,0.18234625458717346,0.19414108991622925,0.17923486232757568,0.2012065201997757,0.0031113922595977783,-0.007065430283546448,0,1
jump_medium,relative_observable,140,uncond_sdedit_t2,0.36013883352279663,0.35601720213890076,0.3891028165817261,0.361489862203598,-0.028963983058929443,-0.005472660064697266,1,1
jump_medium,relative_observable,141,uncond_sdedit_t2,0.311283677816391,0.23881655931472778,0.3231073319911957,0.2467757612466812,-0.011823654174804688,-0.00795920193195343,1,1
jump_medium,relative_observable,142,uncond_sdedit_t2,0.3241434693336487,0.2791840732097626,0.3353276252746582,0.284524142742157,-0.011184155941009521,-0.005340069532394409,1,1
jump_medium,relative_observable,143,uncond_sdedit_t2,0.23346242308616638,0.32874539494514465,0.24546928703784943,0.3301581144332886,-0.012006863951683044,-0.001412719488143921,1,1
jump_medium,relative_observable,144,uncond_sdedit_t2,0.421248197555542,0.11310853064060211,0.4223513603210449,0.11720189452171326,-0.0011031627655029297,-0.004093363881111145,1,1
jump_medium,relative_observable,145,uncond_sdedit_t2,0.21526102721691132,0.4825087785720825,0.22873914241790771,0.48696884512901306,-0.013478115200996399,-0.004460066556930542,1,1
jump_medium,relative_observable,146,uncond_sdedit_t2,0.31488236784935,0.22845159471035004,0.34214335680007935,0.2326153963804245,-0.02726098895072937,-0.004163801670074463,1,1
jump_medium,relative_observable,147,uncond_sdedit_t2,0.24635684490203857,0.11280783265829086,0.2611638903617859,0.11813395470380783,-0.014807045459747314,-0.005326122045516968,1,1
jump_medium,relative_observable,148,uncond_sdedit_t2,0.431734561920166,0.11490990221500397,0.4368639588356018,0.12384399771690369,-0.005129396915435791,-0.00893409550189972,1,1
jump_medium,relative_observable,149,uncond_sdedit_t2,0.21296104788780212,0.10611377656459808,0.21045801043510437,0.1138128936290741,0.002503037452697754,-0.007699117064476013,0,1
jump_medium,relative_observable,150,uncond_sdedit_t2,0.3621751368045807,0.14393407106399536,0.37428274750709534,0.1488957703113556,-0.012107610702514648,-0.0049616992473602295,1,1
jump_medium,relative_observable,151,uncond_sdedit_t2,0.24180765450000763,0.15603362023830414,0.24329395592212677,0.16316793859004974,-0.0014863014221191406,-0.0071343183517456055,1,1
jump_medium,relative_observable,152,uncond_sdedit_t2,0.2939954400062561,0.24061812460422516,0.2964012026786804,0.25175169110298157,-0.0024057626724243164,-0.011133566498756409,1,1
jump_medium,relative_observable,153,uncond_sdedit_t2,0.3939124345779419,0.11833570897579193,0.3898405134677887,0.12424825131893158,0.004071921110153198,-0.0059125423431396484,0,1
jump_medium,relative_observable,154,uncond_sdedit_t2,0.219831183552742,0.11655620485544205,0.2348680943250656,0.1206376701593399,-0.015036910772323608,-0.004081465303897858,1,1
jump_medium,relative_observable,155,uncond_sdedit_t2,0.12654981017112732,0.15093959867954254,0.1200384646654129,0.15680457651615143,0.0065113455057144165,-0.005864977836608887,0,1
jump_medium,relative_observable,156,uncond_sdedit_t2,0.09811178594827652,0.2464924156665802,0.09871095418930054,0.25571107864379883,-0.0005991682410240173,-0.009218662977218628,1,1
jump_medium,relative_observable,157,uncond_sdedit_t2,0.11318864673376083,0.23984602093696594,0.12102849781513214,0.2449978142976761,-0.007839851081371307,-0.005151793360710144,1,1
jump_medium,relative_observable,158,uncond_sdedit_t2,0.22501356899738312,0.1057567298412323,0.232407808303833,0.10964030027389526,-0.00739423930644989,-0.003883570432662964,1,1
jump_medium,relative_observable,159,uncond_sdedit_t2,0.3150419294834137,0.0936117172241211,0.3177241086959839,0.09905903041362762,-0.0026821792125701904,-0.005447313189506531,1,1
jump_medium,relative_observable,160,uncond_sdedit_t2,0.22179937362670898,0.37279587984085083,0.21854934096336365,0.37734556198120117,0.003250032663345337,-0.004549682140350342,0,1
jump_medium,relative_observable,161,uncond_sdedit_t2,0.0757383480668068,0.16819731891155243,0.07475690543651581,0.17591920495033264,0.000981442630290985,-0.007721886038780212,0,1
jump_medium,relative_observable,162,uncond_sdedit_t2,0.20903798937797546,0.20017725229263306,0.20632335543632507,0.2113083153963089,0.0027146339416503906,-0.011131063103675842,0,1
jump_medium,relative_observable,163,uncond_sdedit_t2,0.20036034286022186,0.06567016988992691,0.19495484232902527,0.07037993520498276,0.005405500531196594,-0.004709765315055847,0,1
jump_medium,relative_observable,164,uncond_sdedit_t2,0.22246646881103516,0.13885360956192017,0.22671036422252655,0.14507591724395752,-0.004243895411491394,-0.0062223076820373535,1,1
jump_medium,relative_observable,165,uncond_sdedit_t2,0.3403579294681549,0.3345409631729126,0.3477817177772522,0.3362187147140503,-0.00742378830909729,-0.0016777515411376953,1,1
jump_medium,relative_observable,166,uncond_sdedit_t2,0.15621529519557953,0.21337686479091644,0.16054043173789978,0.22127118706703186,-0.0043251365423202515,-0.007894322276115417,1,1
jump_medium,relative_observable,167,uncond_sdedit_t2,0.32219821214675903,0.41730716824531555,0.31603947281837463,0.4284168481826782,0.006158739328384399,-0.011109679937362671,0,1
jump_medium,relative_observable,168,uncond_sdedit_t2,0.09349476546049118,0.1701211780309677,0.08785775303840637,0.17101368308067322,0.005637012422084808,-0.0008925050497055054,0,1
jump_medium,relative_observable,169,uncond_sdedit_t2,0.24929527938365936,0.11597401648759842,0.27043095231056213,0.12240704894065857,-0.02113567292690277,-0.00643303245306015,1,1
jump_medium,relative_observable,170,uncond_sdedit_t2,0.14784769713878632,0.14516624808311462,0.14917345345020294,0.14966529607772827,-0.001325756311416626,-0.0044990479946136475,1,1
jump_medium,relative_observable,171,uncond_sdedit_t2,0.19388020038604736,0.21653392910957336,0.1918019950389862,0.21760624647140503,0.0020782053470611572,-0.001072317361831665,0,1
jump_medium,relative_observable,172,uncond_sdedit_t2,0.27835533022880554,0.42485854029655457,0.28572878241539,0.4276908040046692,-0.007373452186584473,-0.002832263708114624,1,1
jump_medium,relative_observable,173,uncond_sdedit_t2,0.34201377630233765,0.20224493741989136,0.3548875153064728,0.2118845283985138,-0.012873739004135132,-0.009639590978622437,1,1
jump_medium,relative_observable,174,uncond_sdedit_t2,0.2645758092403412,0.23427891731262207,0.2689071297645569,0.24326904118061066,-0.004331320524215698,-0.008990123867988586,1,1
jump_medium,relative_observable,175,uncond_sdedit_t2,0.15140850841999054,0.26513007283210754,0.14754927158355713,0.2726655602455139,0.0038592368364334106,-0.007535487413406372,0,1
jump_medium,relative_observable,176,uncond_sdedit_t2,0.14946524798870087,0.09258075058460236,0.15489225089550018,0.10024958103895187,-0.005427002906799316,-0.007668830454349518,1,1
jump_medium,relative_observable,177,uncond_sdedit_t2,0.14154447615146637,0.20591521263122559,0.14647427201271057,0.2092788815498352,-0.004929795861244202,-0.003363668918609619,1,1
jump_medium,relative_observable,178,uncond_sdedit_t2,0.313933402299881,0.1935088038444519,0.31481295824050903,0.2019931823015213,-0.0008795559406280518,-0.008484378457069397,1,1
jump_medium,relative_observable,179,uncond_sdedit_t2,0.2210831344127655,0.15030941367149353,0.2263745814561844,0.1547156125307083,-0.005291447043418884,-0.004406198859214783,1,1
jump_medium,relative_observable,180,uncond_sdedit_t2,0.24881625175476074,0.3115338087081909,0.2647393047809601,0.31551361083984375,-0.01592305302619934,-0.003979802131652832,1,1
jump_medium,relative_observable,181,uncond_sdedit_t2,0.18224208056926727,0.1337892711162567,0.19161733984947205,0.13897715508937836,-0.009375259280204773,-0.005187883973121643,1,1
jump_medium,relative_observable,182,uncond_sdedit_t2,0.23618507385253906,0.23429282009601593,0.2560180723667145,0.24233275651931763,-0.019832998514175415,-0.008039936423301697,1,1
jump_medium,relative_observable,183,uncond_sdedit_t2,0.2225295752286911,0.19011187553405762,0.25359252095222473,0.19826056063175201,-0.03106294572353363,-0.008148685097694397,1,1
jump_medium,relative_observable,184,uncond_sdedit_t2,0.2915160655975342,0.2042643129825592,0.292518675327301,0.21246947348117828,-0.0010026097297668457,-0.00820516049861908,1,1
jump_medium,relative_observable,185,uncond_sdedit_t2,0.33533912897109985,0.11471108347177505,0.34768375754356384,0.11819100379943848,-0.01234462857246399,-0.0034799203276634216,1,1
jump_medium,relative_observable,186,uncond_sdedit_t2,0.2591276466846466,0.19260865449905396,0.248956561088562,0.20117239654064178,0.010171085596084595,-0.00856374204158783,0,1
jump_medium,relative_observable,187,uncond_sdedit_t2,0.20147259533405304,0.1421612650156021,0.2089119255542755,0.14478415250778198,-0.007439330220222473,-0.0026228874921798706,1,1
jump_medium,relative_observable,188,uncond_sdedit_t2,0.475473016500473,0.5141527652740479,0.48623141646385193,0.5230275392532349,-0.010758399963378906,-0.008874773979187012,1,1
jump_medium,relative_observable,189,uncond_sdedit_t2,0.275535523891449,0.061830297112464905,0.28122764825820923,0.06697292625904083,-0.005692124366760254,-0.005142629146575928,1,1
jump_medium,relative_observable,190,uncond_sdedit_t2,0.15928511321544647,0.09779563546180725,0.14679661393165588,0.10196145623922348,0.012488499283790588,-0.004165820777416229,0,1
jump_medium,relative_observable,191,uncond_sdedit_t2,0.21827948093414307,0.4330981969833374,0.22224614024162292,0.4343627989292145,-0.003966659307479858,-0.0012646019458770752,1,1
jump_medium,relative_observable,192,uncond_sdedit_t2,0.2325778305530548,0.1980947107076645,0.24059371650218964,0.20558035373687744,-0.008015885949134827,-0.007485643029212952,1,1
jump_medium,relative_observable,193,uncond_sdedit_t2,0.3837845027446747,0.21904580295085907,0.39562445878982544,0.2233608514070511,-0.011839956045150757,-0.004315048456192017,1,1
jump_medium,relative_observable,194,uncond_sdedit_t2,0.2744751274585724,0.16080200672149658,0.2815842628479004,0.1661769598722458,-0.007109135389328003,-0.0053749531507492065,1,1
jump_medium,relative_observable,195,uncond_sdedit_t2,0.2910393476486206,0.22940874099731445,0.2931622862815857,0.23624859750270844,-0.002122938632965088,-0.006839856505393982,1,1
jump_medium,relative_observable,196,uncond_sdedit_t2,0.28363195061683655,0.13011465966701508,0.2823478877544403,0.13573375344276428,0.0012840628623962402,-0.0056190937757492065,0,1
jump_medium,relative_observable,197,uncond_sdedit_t2,0.35956746339797974,0.4040871560573578,0.35359326004981995,0.4056698977947235,0.00597420334815979,-0.0015827417373657227,0,1
jump_medium,relative_observable,198,uncond_sdedit_t2,0.36612099409103394,0.19523127377033234,0.38107022643089294,0.2021833062171936,-0.014949232339859009,-0.006952032446861267,1,1
jump_medium,relative_observable,199,uncond_sdedit_t2,0.28963568806648254,0.4246145188808441,0.3098653256893158,0.4329388439655304,-0.020229637622833252,-0.00832432508468628,1,1
jump_medium,relative_observable,0,cond_residual_t20,0.09831289947032928,0.20207177102565765,0.09135494381189346,0.23085252940654755,0.0069579556584358215,-0.028780758380889893,0,1
jump_medium,relative_observable,1,cond_residual_t20,0.33306407928466797,0.10441521555185318,0.33719807863235474,0.15025977790355682,-0.004133999347686768,-0.045844562351703644,1,1
jump_medium,relative_observable,2,cond_residual_t20,0.18797233700752258,0.5181015729904175,0.30299070477485657,0.5607418417930603,-0.11501836776733398,-0.04264026880264282,1,1
jump_medium,relative_observable,3,cond_residual_t20,0.18869349360466003,0.1515120416879654,0.19966259598731995,0.18259786069393158,-0.010969102382659912,-0.031085819005966187,1,1
jump_medium,relative_observable,4,cond_residual_t20,0.2810230255126953,0.1070263534784317,0.279807984828949,0.13905441761016846,0.0012150406837463379,-0.032028064131736755,0,1
jump_medium,relative_observable,5,cond_residual_t20,0.19422957301139832,0.08410679548978806,0.21492750942707062,0.12693139910697937,-0.020697936415672302,-0.042824603617191315,1,1
jump_medium,relative_observable,6,cond_residual_t20,0.26800721883773804,0.41039136052131653,0.2530759871006012,0.44493088126182556,0.01493123173713684,-0.03453952074050903,0,1
jump_medium,relative_observable,7,cond_residual_t20,0.2196534425020218,0.223515585064888,0.23418346047401428,0.2802185118198395,-0.014530017971992493,-0.05670292675495148,1,1
jump_medium,relative_observable,8,cond_residual_t20,0.1299302875995636,0.14768925309181213,0.15073958039283752,0.2086607962846756,-0.020809292793273926,-0.060971543192863464,1,1
jump_medium,relative_observable,9,cond_residual_t20,0.175377756357193,0.10022550076246262,0.20961301028728485,0.1399284303188324,-0.03423525393009186,-0.03970292955636978,1,1
jump_medium,relative_observable,10,cond_residual_t20,0.22917954623699188,0.12108077108860016,0.2633734345436096,0.16318859159946442,-0.03419388830661774,-0.04210782051086426,1,1
jump_medium,relative_observable,11,cond_residual_t20,0.29108428955078125,0.4550064504146576,0.29359015822410583,0.48504018783569336,-0.002505868673324585,-0.030033737421035767,1,1
jump_medium,relative_observable,12,cond_residual_t20,0.15882450342178345,0.3786238431930542,0.18047496676445007,0.41237273812294006,-0.021650463342666626,-0.033748894929885864,1,1
jump_medium,relative_observable,13,cond_residual_t20,0.2593197226524353,0.11651144921779633,0.2594209313392639,0.22081635892391205,-0.00010120868682861328,-0.10430490970611572,1,1
jump_medium,relative_observable,14,cond_residual_t20,0.34430113434791565,0.09603004157543182,0.3350127339363098,0.1092020571231842,0.009288400411605835,-0.01317201554775238,0,1
jump_medium,relative_observable,15,cond_residual_t20,0.1585560292005539,0.10135085135698318,0.15410330891609192,0.1440284699201584,0.004452720284461975,-0.0426776185631752,0,1
jump_medium,relative_observable,16,cond_residual_t20,0.16438673436641693,0.08965461701154709,0.18662336468696594,0.1439512073993683,-0.02223663032054901,-0.0542965903878212,1,1
jump_medium,relative_observable,17,cond_residual_t20,0.17228053510189056,0.1285666972398758,0.15355011820793152,0.1527096927165985,0.018730416893959045,-0.024142995476722717,0,1
jump_medium,relative_observable,18,cond_residual_t20,0.28669416904449463,0.22344009578227997,0.3091624081134796,0.2574569582939148,-0.022468239068984985,-0.03401686251163483,1,1
jump_medium,relative_observable,19,cond_residual_t20,0.30808165669441223,0.4705698788166046,0.31113752722740173,0.5795366764068604,-0.003055870532989502,-0.10896679759025574,1,1
jump_medium,relative_observable,20,cond_residual_t20,0.1856909543275833,0.16120634973049164,0.19905418157577515,0.20661337673664093,-0.013363227248191833,-0.04540702700614929,1,1
jump_medium,relative_observable,21,cond_residual_t20,0.15349450707435608,0.09086396545171738,0.16254225373268127,0.12538082897663116,-0.009047746658325195,-0.03451686352491379,1,1
jump_medium,relative_observable,22,cond_residual_t20,0.1434856355190277,0.08679938316345215,0.1499684900045395,0.1254768669605255,-0.00648285448551178,-0.038677483797073364,1,1
jump_medium,relative_observable,23,cond_residual_t20,0.36943918466567993,0.3202759921550751,0.38898420333862305,0.367673397064209,-0.019545018672943115,-0.04739740490913391,1,1
jump_medium,relative_observable,24,cond_residual_t20,0.2749979496002197,0.20646363496780396,0.291429340839386,0.27802732586860657,-0.01643139123916626,-0.07156369090080261,1,1
jump_medium,relative_observable,25,cond_residual_t20,0.2420046329498291,0.08105798065662384,0.26564377546310425,0.13947643339633942,-0.023639142513275146,-0.058418452739715576,1,1
jump_medium,relative_observable,26,cond_residual_t20,0.21378517150878906,0.14409728348255157,0.2327011376619339,0.21149176359176636,-0.018915966153144836,-0.06739448010921478,1,1
jump_medium,relative_observable,27,cond_residual_t20,0.1609908789396286,0.11348739266395569,0.16599023342132568,0.1291171908378601,-0.0049993544816970825,-0.01562979817390442,1,1
jump_medium,relative_observable,28,cond_residual_t20,0.2531026005744934,0.3636874854564667,0.28340625762939453,0.4021107852458954,-0.030303657054901123,-0.03842329978942871,1,1
jump_medium,relative_observable,29,cond_residual_t20,0.274516761302948,0.2267460823059082,0.2800275981426239,0.26868095993995667,-0.005510836839675903,-0.04193487763404846,1,1
jump_medium,relative_observable,30,cond_residual_t20,0.3610808253288269,0.13891825079917908,0.40009555220603943,0.19950148463249207,-0.039014726877212524,-0.06058323383331299,1,1
jump_medium,relative_observable,31,cond_residual_t20,0.28582337498664856,0.16928523778915405,0.3379843831062317,0.24592913687229156,-0.05216100811958313,-0.07664389908313751,1,1
jump_medium,relative_observable,32,cond_residual_t20,0.26671332120895386,0.07530458271503448,0.25520485639572144,0.10956233739852905,0.011508464813232422,-0.03425775468349457,0,1
jump_medium,relative_observable,33,cond_residual_t20,0.38864997029304504,0.4109886884689331,0.349456250667572,0.4553864300251007,0.03919371962547302,-0.0443977415561676,0,1
jump_medium,relative_observable,34,cond_residual_t20,0.2037169635295868,0.15214096009731293,0.22254781424999237,0.21484027802944183,-0.01883085072040558,-0.0626993179321289,1,1
jump_medium,relative_observable,35,cond_residual_t20,0.1072007268667221,0.09442298859357834,0.1159987673163414,0.12561744451522827,-0.008798040449619293,-0.031194455921649933,1,1
jump_medium,relative_observable,36,cond_residual_t20,0.2894192337989807,0.20751209557056427,0.34934553503990173,0.25913095474243164,-0.05992630124092102,-0.05161885917186737,1,1
jump_medium,relative_observable,37,cond_residual_t20,0.07204624265432358,0.07474138587713242,0.0590045228600502,0.0971696674823761,0.013041719794273376,-0.022428281605243683,0,1
jump_medium,relative_observable,38,cond_residual_t20,0.4054791331291199,0.2006479650735855,0.3945782780647278,0.24887429177761078,0.01090085506439209,-0.04822632670402527,0,1
jump_medium,relative_observable,39,cond_residual_t20,0.39154738187789917,0.059179432690143585,0.3894626200199127,0.06697975844144821,0.00208476185798645,-0.0078003257513046265,0,1
jump_medium,relative_observable,40,cond_residual_t20,0.13525113463401794,0.15355533361434937,0.14941811561584473,0.20311428606510162,-0.014166980981826782,-0.04955895245075226,1,1
jump_medium,relative_observable,41,cond_residual_t20,0.316329687833786,0.22085973620414734,0.3366239666938782,0.25585347414016724,-0.020294278860092163,-0.0349937379360199,1,1
jump_medium,relative_observable,42,cond_residual_t20,0.31992384791374207,0.2332293689250946,0.3662061095237732,0.31045520305633545,-0.04628226161003113,-0.07722583413124084,1,1
jump_medium,relative_observable,43,cond_residual_t20,0.32476499676704407,0.5353987216949463,0.3371293544769287,0.5425136089324951,-0.012364357709884644,-0.007114887237548828,1,1
jump_medium,relative_observable,44,cond_residual_t20,0.33591747283935547,0.14156943559646606,0.3391590118408203,0.2238740622997284,-0.0032415390014648438,-0.08230462670326233,1,1
jump_medium,relative_observable,45,cond_residual_t20,0.30640366673469543,0.07937867939472198,0.3239283561706543,0.10547170042991638,-0.017524689435958862,-0.026093021035194397,1,1
jump_medium,relative_observable,46,cond_residual_t20,0.2712077498435974,0.2065441906452179,0.3033127784729004,0.25931885838508606,-0.03210502862930298,-0.052774667739868164,1,1
jump_medium,relative_observable,47,cond_residual_t20,0.33707815408706665,0.1371380090713501,0.35749363899230957,0.21690715849399567,-0.02041548490524292,-0.07976914942264557,1,1
jump_medium,relative_observable,48,cond_residual_t20,0.26530060172080994,0.2065102756023407,0.32454144954681396,0.2347237467765808,-0.05924084782600403,-0.028213471174240112,1,1
jump_medium,relative_observable,49,cond_residual_t20,0.23616337776184082,0.44061794877052307,0.2879221737384796,0.5021525621414185,-0.051758795976638794,-0.061534613370895386,1,1
jump_medium,relative_observable,50,cond_residual_t20,0.29929712414741516,0.09597519785165787,0.3380165994167328,0.14365117251873016,-0.03871947526931763,-0.047675974667072296,1,1
jump_medium,relative_observable,51,cond_residual_t20,0.31175005435943604,0.1862851232290268,0.33028486371040344,0.26053643226623535,-0.018534809350967407,-0.07425130903720856,1,1
jump_medium,relative_observable,52,cond_residual_t20,0.27663999795913696,0.1901201754808426,0.32740190625190735,0.2036849409341812,-0.050761908292770386,-0.013564765453338623,1,1
jump_medium,relative_observable,53,cond_residual_t20,0.3123871386051178,0.146571084856987,0.32338961958885193,0.1890893280506134,-0.01100248098373413,-0.042518243193626404,1,1
jump_medium,relative_observable,54,cond_residual_t20,0.29411181807518005,0.14747482538223267,0.31219667196273804,0.2173156887292862,-0.018084853887557983,-0.06984086334705353,1,1
jump_medium,relative_observable,55,cond_residual_t20,0.2556810975074768,0.1801852434873581,0.2973081171512604,0.19631534814834595,-0.04162701964378357,-0.016130104660987854,1,1
jump_medium,relative_observable,56,cond_residual_t20,0.10378763824701309,0.06936666369438171,0.09041101485490799,0.10511662811040878,0.013376623392105103,-0.03574996441602707,0,1
jump_medium,relative_observable,57,cond_residual_t20,0.3316301107406616,0.15268228948116302,0.34345632791519165,0.19961047172546387,-0.01182621717453003,-0.04692818224430084,1,1
jump_medium,relative_observable,58,cond_residual_t20,0.3704356849193573,0.18097050487995148,0.4305903911590576,0.24302639067173004,-0.06015470623970032,-0.062055885791778564,1,1
jump_medium,relative_observable,59,cond_residual_t20,0.12753327190876007,0.1386762410402298,0.13033311069011688,0.151972234249115,-0.0027998387813568115,-0.013295993208885193,1,1
jump_medium,relative_observable,60,cond_residual_t20,0.2935221791267395,0.19268327951431274,0.2988874018192291,0.24075675010681152,-0.005365222692489624,-0.04807347059249878,1,1
jump_medium,relative_observable,61,cond_residual_t20,0.3986477553844452,0.1763620674610138,0.3791150748729706,0.23562666773796082,0.01953268051147461,-0.05926460027694702,0,1
jump_medium,relative_observable,62,cond_residual_t20,0.25271350145339966,0.1882513165473938,0.24846021831035614,0.30422505736351013,0.004253283143043518,-0.11597374081611633,0,1
jump_medium,relative_observable,63,cond_residual_t20,0.11017952114343643,0.0716022402048111,0.09610316902399063,0.09966692328453064,0.0140763521194458,-0.028064683079719543,0,1
jump_medium,relative_observable,64,cond_residual_t20,0.27848079800605774,0.07191721349954605,0.28307658433914185,0.08465622365474701,-0.0045957863330841064,-0.012739010155200958,1,1
jump_medium,relative_observable,65,cond_residual_t20,0.13064822554588318,0.12946873903274536,0.13998156785964966,0.1589292287826538,-0.00933334231376648,-0.029460489749908447,1,1
jump_medium,relative_observable,66,cond_residual_t20,0.07137902826070786,0.07568341493606567,0.04890738055109978,0.11333078891038895,0.022471647709608078,-0.03764737397432327,0,1
jump_medium,relative_observable,67,cond_residual_t20,0.20756132900714874,0.12577609717845917,0.20557937026023865,0.17334437370300293,0.001981958746910095,-0.04756827652454376,0,1
jump_medium,relative_observable,68,cond_residual_t20,0.21195748448371887,0.06848833709955215,0.20980556309223175,0.1267581433057785,0.0021519213914871216,-0.05826980620622635,0,1
jump_medium,relative_observable,69,cond_residual_t20,0.2637319564819336,0.19965195655822754,0.3079741597175598,0.26427415013313293,-0.04424220323562622,-0.0646221935749054,1,1
jump_medium,relative_observable,70,cond_residual_t20,0.285411536693573,0.281638503074646,0.3415123224258423,0.34238940477371216,-0.05610078573226929,-0.06075090169906616,1,1
jump_medium,relative_observable,71,cond_residual_t20,0.2191663682460785,0.3395432233810425,0.25486522912979126,0.3663264513015747,-0.03569886088371277,-0.026783227920532227,1,1
jump_medium,relative_observable,72,cond_residual_t20,0.15928702056407928,0.08355072885751724,0.1233767494559288,0.10099290311336517,0.03591027110815048,-0.01744217425584793,0,1
jump_medium,relative_observable,73,cond_residual_t20,0.25124889612197876,0.13410647213459015,0.2770542502403259,0.20158296823501587,-0.025805354118347168,-0.06747649610042572,1,1
jump_medium,relative_observable,74,cond_residual_t20,0.31671783328056335,0.3459693491458893,0.3466564118862152,0.391620010137558,-0.029938578605651855,-0.0456506609916687,1,1
jump_medium,relative_observable,75,cond_residual_t20,0.2933889329433441,0.059227507561445236,0.28047123551368713,0.10359267145395279,0.012917697429656982,-0.04436516389250755,0,1
jump_medium,relative_observable,76,cond_residual_t20,0.13203194737434387,0.11495460569858551,0.12187250703573227,0.1429491490125656,0.010159440338611603,-0.027994543313980103,0,1
jump_medium,relative_observable,77,cond_residual_t20,0.1094266027212143,0.0804133340716362,0.09828485548496246,0.08694049715995789,0.011141747236251831,-0.006527163088321686,0,1
jump_medium,relative_observable,78,cond_residual_t20,0.25286799669265747,0.05976567044854164,0.23985818028450012,0.09225858747959137,0.013009816408157349,-0.03249291703104973,0,1
jump_medium,relative_observable,79,cond_residual_t20,0.2476414144039154,0.10501264780759811,0.26304692029953003,0.13836906850337982,-0.015405505895614624,-0.03335642069578171,1,1
jump_medium,relative_observable,80,cond_residual_t20,0.3346640467643738,0.2012602984905243,0.35883569717407227,0.28824660181999207,-0.024171650409698486,-0.08698630332946777,1,1
jump_medium,relative_observable,81,cond_residual_t20,0.09163365513086319,0.1834072470664978,0.11441409587860107,0.21184620261192322,-0.022780440747737885,-0.028438955545425415,1,1
jump_medium,relative_observable,82,cond_residual_t20,0.1253928244113922,0.2342018336057663,0.12900830805301666,0.30643483996391296,-0.0036154836416244507,-0.07223300635814667,1,1
jump_medium,relative_observable,83,cond_residual_t20,0.32376420497894287,0.1556459665298462,0.3471066355705261,0.22165918350219727,-0.023342430591583252,-0.06601321697235107,1,1
jump_medium,relative_observable,84,cond_residual_t20,0.2159990817308426,0.20393754541873932,0.23605933785438538,0.21145296096801758,-0.020060256123542786,-0.007515415549278259,1,1
jump_medium,relative_observable,85,cond_residual_t20,0.33320802450180054,0.4004431366920471,0.4023551940917969,0.47242826223373413,-0.06914716958999634,-0.07198512554168701,1,1
jump_medium,relative_observable,86,cond_residual_t20,0.19405248761177063,0.22979217767715454,0.22098612785339355,0.2827928960323334,-0.026933640241622925,-0.05300071835517883,1,1
jump_medium,relative_observable,87,cond_residual_t20,0.25921955704689026,0.46617862582206726,0.28222665190696716,0.515544593334198,-0.023007094860076904,-0.04936596751213074,1,1
jump_medium,relative_observable,88,cond_residual_t20,0.35109850764274597,0.12219105660915375,0.3681468963623047,0.16910019516944885,-0.017048388719558716,-0.046909138560295105,1,1
jump_medium,relative_observable,89,cond_residual_t20,0.24565014243125916,0.14540830254554749,0.24750366806983948,0.19542843103408813,-0.0018535256385803223,-0.05002012848854065,1,1
jump_medium,relative_observable,90,cond_residual_t20,0.2751908004283905,0.5527649521827698,0.3629247546195984,0.6458123326301575,-0.08773395419120789,-0.0930473804473877,1,1
jump_medium,relative_observable,91,cond_residual_t20,0.33224278688430786,0.11719760298728943,0.3507057726383209,0.1438935250043869,-0.01846298575401306,-0.026695922017097473,1,1
jump_medium,relative_observable,92,cond_residual_t20,0.1533285677433014,0.10133353620767593,0.2031930387020111,0.1605338305234909,-0.04986447095870972,-0.05920029431581497,1,1
jump_medium,relative_observable,93,cond_residual_t20,0.24700751900672913,0.11848258972167969,0.25878390669822693,0.17649972438812256,-0.011776387691497803,-0.05801713466644287,1,1
jump_medium,relative_observable,94,cond_residual_t20,0.29634296894073486,0.3421621322631836,0.35903987288475037,0.40772131085395813,-0.0626969039440155,-0.06555917859077454,1,1
jump_medium,relative_observable,95,cond_residual_t20,0.24138310551643372,0.10894408822059631,0.2666187584400177,0.16091221570968628,-0.025235652923583984,-0.051968127489089966,1,1
jump_medium,relative_observable,96,cond_residual_t20,0.2087642401456833,0.18007275462150574,0.17266592383384705,0.22194170951843262,0.03609831631183624,-0.04186895489692688,0,1
jump_medium,relative_observable,97,cond_residual_t20,0.1300346404314041,0.07822069525718689,0.15907609462738037,0.11504749208688736,-0.029041454195976257,-0.03682679682970047,1,1
jump_medium,relative_observable,98,cond_residual_t20,0.15208841860294342,0.0927995815873146,0.13691988587379456,0.12016315013170242,0.015168532729148865,-0.027363568544387817,0,1
jump_medium,relative_observable,99,cond_residual_t20,0.1205882802605629,0.20869673788547516,0.12215837091207504,0.22053131461143494,-0.001570090651512146,-0.011834576725959778,1,1
jump_medium,relative_observable,100,cond_residual_t20,0.42155590653419495,0.43730953335762024,0.41271963715553284,0.4385882318019867,0.00883626937866211,-0.001278698444366455,0,1
jump_medium,relative_observable,101,cond_residual_t20,0.27868279814720154,0.13856959342956543,0.3130836486816406,0.19149652123451233,-0.03440085053443909,-0.0529269278049469,1,1
jump_medium,relative_observable,102,cond_residual_t20,0.21982929110527039,0.07885020226240158,0.20263294875621796,0.09619273990392685,0.01719634234905243,-0.01734253764152527,0,1
jump_medium,relative_observable,103,cond_residual_t20,0.3258013427257538,0.10316857695579529,0.3692585825920105,0.125797837972641,-0.043457239866256714,-0.022629261016845703,1,1
jump_medium,relative_observable,104,cond_residual_t20,0.16244642436504364,0.15669211745262146,0.17363154888153076,0.2245071977376938,-0.011185124516487122,-0.06781508028507233,1,1
jump_medium,relative_observable,105,cond_residual_t20,0.22826933860778809,0.12107063829898834,0.23821541666984558,0.14834722876548767,-0.009946078062057495,-0.02727659046649933,1,1
jump_medium,relative_observable,106,cond_residual_t20,0.208853080868721,0.1010843813419342,0.21067917346954346,0.13722258806228638,-0.0018260926008224487,-0.03613820672035217,1,1
jump_medium,relative_observable,107,cond_residual_t20,0.20564158260822296,0.19473430514335632,0.26730188727378845,0.2438119798898697,-0.06166030466556549,-0.04907767474651337,1,1
jump_medium,relative_observable,108,cond_residual_t20,0.33001577854156494,0.33989158272743225,0.3412438929080963,0.3775520324707031,-0.011228114366531372,-0.037660449743270874,1,1
jump_medium,relative_observable,109,cond_residual_t20,0.15389254689216614,0.17402644455432892,0.16263404488563538,0.25656935572624207,-0.008741497993469238,-0.08254291117191315,1,1
jump_medium,relative_observable,110,cond_residual_t20,0.31160178780555725,0.4561293423175812,0.28248223662376404,0.5110414624214172,0.029119551181793213,-0.05491212010383606,0,1
jump_medium,relative_observable,111,cond_residual_t20,0.16578125953674316,0.18838712573051453,0.20103204250335693,0.27933675050735474,-0.03525078296661377,-0.09094962477684021,1,1
jump_medium,relative_observable,112,cond_residual_t20,0.12436044216156006,0.09008350968360901,0.128132626414299,0.09774327278137207,-0.0037721842527389526,-0.0076597630977630615,1,1
jump_medium,relative_observable,113,cond_residual_t20,0.24580124020576477,0.40072691440582275,0.22970645129680634,0.4076751172542572,0.016094788908958435,-0.006948202848434448,0,1
jump_medium,relative_observable,114,cond_residual_t20,0.25575679540634155,0.4036720097064972,0.3430783152580261,0.45981401205062866,-0.08732151985168457,-0.05614200234413147,1,1
jump_medium,relative_observable,115,cond_residual_t20,0.2187686264514923,0.4551263451576233,0.25075721740722656,0.5071022510528564,-0.03198859095573425,-0.051975905895233154,1,1
jump_medium,relative_observable,116,cond_residual_t20,0.3347102999687195,0.1625182181596756,0.3889702260494232,0.21979279816150665,-0.054259926080703735,-0.057274580001831055,1,1
jump_medium,relative_observable,117,cond_residual_t20,0.2462514191865921,0.2414247989654541,0.24250896275043488,0.31323176622390747,0.0037424564361572266,-0.07180696725845337,0,1
jump_medium,relative_observable,118,cond_residual_t20,0.22217640280723572,0.08941057324409485,0.24101972579956055,0.11424580216407776,-0.01884332299232483,-0.02483522891998291,1,1
jump_medium,relative_observable,119,cond_residual_t20,0.23540468513965607,0.1438950002193451,0.24779164791107178,0.18817737698554993,-0.01238696277141571,-0.044282376766204834,1,1
jump_medium,relative_observable,120,cond_residual_t20,0.2861803472042084,0.4145430028438568,0.34641605615615845,0.45460203289985657,-0.06023570895195007,-0.040059030055999756,1,1
jump_medium,relative_observable,121,cond_residual_t20,0.39692384004592896,0.06749902665615082,0.4066147804260254,0.10125794261693954,-0.009690940380096436,-0.03375891596078873,1,1
jump_medium,relative_observable,122,cond_residual_t20,0.1443113386631012,0.6587783098220825,0.2709686756134033,0.6874473094940186,-0.12665733695030212,-0.028668999671936035,1,1
jump_medium,relative_observable,123,cond_residual_t20,0.20952486991882324,0.1655796319246292,0.23033252358436584,0.2152368426322937,-0.020807653665542603,-0.04965721070766449,1,1
jump_medium,relative_observable,124,cond_residual_t20,0.2383689433336258,0.1455933153629303,0.3328069746494293,0.20107457041740417,-0.09443803131580353,-0.05548125505447388,1,1
jump_medium,relative_observable,125,cond_residual_t20,0.2988736033439636,0.3125203549861908,0.3894117772579193,0.4135420024394989,-0.09053817391395569,-0.1010216474533081,1,1
jump_medium,relative_observable,126,cond_residual_t20,0.2629413306713104,0.1743703931570053,0.35277801752090454,0.22648583352565765,-0.08983668684959412,-0.052115440368652344,1,1
jump_medium,relative_observable,127,cond_residual_t20,0.30492568016052246,0.18960590660572052,0.317487508058548,0.28576159477233887,-0.012561827898025513,-0.09615568816661835,1,1
jump_medium,relative_observable,128,cond_residual_t20,0.2114533632993698,0.23991335928440094,0.23008787631988525,0.31283038854599,-0.018634513020515442,-0.07291702926158905,1,1
jump_medium,relative_observable,129,cond_residual_t20,0.2731960117816925,0.3837566375732422,0.3536445200443268,0.42417749762535095,-0.08044850826263428,-0.040420860052108765,1,1
jump_medium,relative_observable,130,cond_residual_t20,0.2552013397216797,0.2527112662792206,0.2596082389354706,0.3040735423564911,-0.0044068992137908936,-0.05136227607727051,1,1
jump_medium,relative_observable,131,cond_residual_t20,0.33377838134765625,0.34387603402137756,0.39491379261016846,0.3694464862346649,-0.06113541126251221,-0.025570452213287354,1,1
jump_medium,relative_observable,132,cond_residual_t20,0.3235889971256256,0.04456152766942978,0.33660656213760376,0.07801033556461334,-0.01301756501197815,-0.03344880789518356,1,1
jump_medium,relative_observable,133,cond_residual_t20,0.2992561459541321,0.13018280267715454,0.31332892179489136,0.18147146701812744,-0.014072775840759277,-0.0512886643409729,1,1
jump_medium,relative_observable,134,cond_residual_t20,0.16557182371616364,0.1557953953742981,0.18685586750507355,0.19828349351882935,-0.021284043788909912,-0.04248809814453125,1,1
jump_medium,relative_observable,135,cond_residual_t20,0.20572450757026672,0.12878336012363434,0.21124684810638428,0.21034787595272064,-0.005522340536117554,-0.0815645158290863,1,1
jump_medium,relative_observable,136,cond_residual_t20,0.38266706466674805,0.2229151427745819,0.39864400029182434,0.26797449588775635,-0.015976935625076294,-0.04505935311317444,1,1
jump_medium,relative_observable,137,cond_residual_t20,0.32355812191963196,0.11914678663015366,0.35110196471214294,0.15474273264408112,-0.027543842792510986,-0.03559594601392746,1,1
jump_medium,relative_observable,138,cond_residual_t20,0.10713972896337509,0.09710615873336792,0.13229712843894958,0.13973665237426758,-0.025157399475574493,-0.04263049364089966,1,1
jump_medium,relative_observable,139,cond_residual_t20,0.17186620831489563,0.15745919942855835,0.17923486232757568,0.2012065201997757,-0.007368654012680054,-0.043747320771217346,1,1
jump_medium,relative_observable,140,cond_residual_t20,0.3536120057106018,0.31653666496276855,0.3891028165817261,0.361489862203598,-0.03549081087112427,-0.04495319724082947,1,1
jump_medium,relative_observable,141,cond_residual_t20,0.31028279662132263,0.1678881049156189,0.3231073319911957,0.2467757612466812,-0.012824535369873047,-0.07888765633106232,1,1
jump_medium,relative_observable,142,cond_residual_t20,0.2962837219238281,0.2507097125053406,0.3353276252746582,0.284524142742157,-0.03904390335083008,-0.033814430236816406,1,1
jump_medium,relative_observable,143,cond_residual_t20,0.30236226320266724,0.30265936255455017,0.24546928703784943,0.3301581144332886,0.05689297616481781,-0.027498751878738403,0,1
jump_medium,relative_observable,144,cond_residual_t20,0.38974782824516296,0.09551885724067688,0.4223513603210449,0.11720189452171326,-0.03260353207588196,-0.021683037281036377,1,1
jump_medium,relative_observable,145,cond_residual_t20,0.22760240733623505,0.44629600644111633,0.22873914241790771,0.48696884512901306,-0.0011367350816726685,-0.04067283868789673,1,1
jump_medium,relative_observable,146,cond_residual_t20,0.2740591764450073,0.21411699056625366,0.34214335680007935,0.2326153963804245,-0.06808418035507202,-0.018498405814170837,1,1
jump_medium,relative_observable,147,cond_residual_t20,0.26957160234451294,0.06919689476490021,0.2611638903617859,0.11813395470380783,0.00840771198272705,-0.04893705993890762,0,1
jump_medium,relative_observable,148,cond_residual_t20,0.456742525100708,0.06721726059913635,0.4368639588356018,0.12384399771690369,0.0198785662651062,-0.056626737117767334,0,1
jump_medium,relative_observable,149,cond_residual_t20,0.24591989815235138,0.07616686075925827,0.21045801043510437,0.1138128936290741,0.03546188771724701,-0.037646032869815826,0,1
jump_medium,relative_observable,150,cond_residual_t20,0.35290002822875977,0.10387249290943146,0.37428274750709534,0.1488957703113556,-0.02138271927833557,-0.04502327740192413,1,1
jump_medium,relative_observable,151,cond_residual_t20,0.20746290683746338,0.11670868843793869,0.24329395592212677,0.16316793859004974,-0.03583104908466339,-0.04645925015211105,1,1
jump_medium,relative_observable,152,cond_residual_t20,0.24620623886585236,0.17296048998832703,0.2964012026786804,0.25175169110298157,-0.050194963812828064,-0.07879120111465454,1,1
jump_medium,relative_observable,153,cond_residual_t20,0.3882063627243042,0.09213309735059738,0.3898405134677887,0.12424825131893158,-0.001634150743484497,-0.0321151539683342,1,1
jump_medium,relative_observable,154,cond_residual_t20,0.22290463745594025,0.07876800000667572,0.2348680943250656,0.1206376701593399,-0.011963456869125366,-0.041869670152664185,1,1
jump_medium,relative_observable,155,cond_residual_t20,0.1382732093334198,0.11470752209424973,0.1200384646654129,0.15680457651615143,0.018234744668006897,-0.0420970544219017,0,1
jump_medium,relative_observable,156,cond_residual_t20,0.09882993996143341,0.18841153383255005,0.09871095418930054,0.25571107864379883,0.00011898577213287354,-0.06729954481124878,0,1
jump_medium,relative_observable,157,cond_residual_t20,0.11915554851293564,0.2157527357339859,0.12102849781513214,0.2449978142976761,-0.0018729493021965027,-0.029245078563690186,1,1
jump_medium,relative_observable,158,cond_residual_t20,0.22331540286540985,0.07268717885017395,0.232407808303833,0.10964030027389526,-0.009092405438423157,-0.036953121423721313,1,1
jump_medium,relative_observable,159,cond_residual_t20,0.3382853865623474,0.06413709372282028,0.3177241086959839,0.09905903041362762,0.020561277866363525,-0.03492193669080734,0,1
jump_medium,relative_observable,160,cond_residual_t20,0.2233233004808426,0.35930174589157104,0.21854934096336365,0.37734556198120117,0.004773959517478943,-0.018043816089630127,0,1
jump_medium,relative_observable,161,cond_residual_t20,0.0893058031797409,0.12870082259178162,0.07475690543651581,0.17591920495033264,0.014548897743225098,-0.047218382358551025,0,1
jump_medium,relative_observable,162,cond_residual_t20,0.20307724177837372,0.14168033003807068,0.20632335543632507,0.2113083153963089,-0.003246113657951355,-0.06962798535823822,1,1
jump_medium,relative_observable,163,cond_residual_t20,0.21640637516975403,0.040611639618873596,0.19495484232902527,0.07037993520498276,0.02145153284072876,-0.02976829558610916,0,1
jump_medium,relative_observable,164,cond_residual_t20,0.2072157859802246,0.09224160015583038,0.22671036422252655,0.14507591724395752,-0.01949457824230194,-0.052834317088127136,1,1
jump_medium,relative_observable,165,cond_residual_t20,0.3840954005718231,0.33605024218559265,0.3477817177772522,0.3362187147140503,0.03631368279457092,-0.0001684725284576416,0,1
jump_medium,relative_observable,166,cond_residual_t20,0.15803121030330658,0.17082026600837708,0.16054043173789978,0.22127118706703186,-0.0025092214345932007,-0.050450921058654785,1,1
jump_medium,relative_observable,167,cond_residual_t20,0.349787175655365,0.3591667115688324,0.31603947281837463,0.4284168481826782,0.033747702836990356,-0.06925013661384583,0,1
jump_medium,relative_observable,168,cond_residual_t20,0.1199796050786972,0.15903925895690918,0.08785775303840637,0.17101368308067322,0.03212185204029083,-0.011974424123764038,0,1
jump_medium,relative_observable,169,cond_residual_t20,0.2529818117618561,0.08706310391426086,0.27043095231056213,0.12240704894065857,-0.017449140548706055,-0.035343945026397705,1,1
jump_medium,relative_observable,170,cond_residual_t20,0.13823114335536957,0.1154627650976181,0.14917345345020294,0.14966529607772827,-0.010942310094833374,-0.03420253098011017,1,1
jump_medium,relative_observable,171,cond_residual_t20,0.19373516738414764,0.20802733302116394,0.1918019950389862,0.21760624647140503,0.001933172345161438,-0.009578913450241089,0,1
jump_medium,relative_observable,172,cond_residual_t20,0.24170145392417908,0.39852574467658997,0.28572878241539,0.4276908040046692,-0.04402732849121094,-0.029165059328079224,1,1
jump_medium,relative_observable,173,cond_residual_t20,0.30691224336624146,0.15331590175628662,0.3548875153064728,0.2118845283985138,-0.04797527194023132,-0.05856862664222717,1,1
jump_medium,relative_observable,174,cond_residual_t20,0.2358657419681549,0.16958123445510864,0.2689071297645569,0.24326904118061066,-0.03304138779640198,-0.07368780672550201,1,1
jump_medium,relative_observable,175,cond_residual_t20,0.13822467625141144,0.18894422054290771,0.14754927158355713,0.2726655602455139,-0.009324595332145691,-0.0837213397026062,1,1
jump_medium,relative_observable,176,cond_residual_t20,0.12235567718744278,0.05182093381881714,0.15489225089550018,0.10024958103895187,-0.032536573708057404,-0.048428647220134735,1,1
jump_medium,relative_observable,177,cond_residual_t20,0.1486859768629074,0.18216067552566528,0.14647427201271057,0.2092788815498352,0.0022117048501968384,-0.027118206024169922,0,1
jump_medium,relative_observable,178,cond_residual_t20,0.31415700912475586,0.12709671258926392,0.31481295824050903,0.2019931823015213,-0.0006559491157531738,-0.07489646971225739,1,1
jump_medium,relative_observable,179,cond_residual_t20,0.1834685206413269,0.11844093352556229,0.2263745814561844,0.1547156125307083,-0.04290606081485748,-0.03627467900514603,1,1
jump_medium,relative_observable,180,cond_residual_t20,0.24555256962776184,0.3015330731868744,0.2647393047809601,0.31551361083984375,-0.019186735153198242,-0.01398053765296936,1,1
jump_medium,relative_observable,181,cond_residual_t20,0.16271285712718964,0.08405836671590805,0.19161733984947205,0.13897715508937836,-0.02890448272228241,-0.054918788373470306,1,1
jump_medium,relative_observable,182,cond_residual_t20,0.21487708389759064,0.1868080496788025,0.2560180723667145,0.24233275651931763,-0.04114098846912384,-0.05552470684051514,1,1
jump_medium,relative_observable,183,cond_residual_t20,0.21977730095386505,0.14206770062446594,0.25359252095222473,0.19826056063175201,-0.03381521999835968,-0.05619286000728607,1,1
jump_medium,relative_observable,184,cond_residual_t20,0.28623396158218384,0.15666453540325165,0.292518675327301,0.21246947348117828,-0.0062847137451171875,-0.055804938077926636,1,1
jump_medium,relative_observable,185,cond_residual_t20,0.311180055141449,0.07405844330787659,0.34768375754356384,0.11819100379943848,-0.03650370240211487,-0.04413256049156189,1,1
jump_medium,relative_observable,186,cond_residual_t20,0.22732722759246826,0.14510561525821686,0.248956561088562,0.20117239654064178,-0.02162933349609375,-0.05606678128242493,1,1
jump_medium,relative_observable,187,cond_residual_t20,0.20975184440612793,0.0907631441950798,0.2089119255542755,0.14478415250778198,0.000839918851852417,-0.05402100831270218,0,1
jump_medium,relative_observable,188,cond_residual_t20,0.4301533102989197,0.4564504027366638,0.48623141646385193,0.5230275392532349,-0.05607810616493225,-0.06657713651657104,1,1
jump_medium,relative_observable,189,cond_residual_t20,0.2505612373352051,0.04071842133998871,0.28122764825820923,0.06697292625904083,-0.03066641092300415,-0.026254504919052124,1,1
jump_medium,relative_observable,190,cond_residual_t20,0.15092463791370392,0.0735262781381607,0.14679661393165588,0.10196145623922348,0.004128023982048035,-0.028435178101062775,0,1
jump_medium,relative_observable,191,cond_residual_t20,0.1704118698835373,0.43203502893447876,0.22224614024162292,0.4343627989292145,-0.05183427035808563,-0.0023277699947357178,1,1
jump_medium,relative_observable,192,cond_residual_t20,0.2187999188899994,0.14966073632240295,0.24059371650218964,0.20558035373687744,-0.021793797612190247,-0.05591961741447449,1,1
jump_medium,relative_observable,193,cond_residual_t20,0.36350587010383606,0.1847725510597229,0.39562445878982544,0.2233608514070511,-0.03211858868598938,-0.038588300347328186,1,1
jump_medium,relative_observable,194,cond_residual_t20,0.25697562098503113,0.11775840818881989,0.2815842628479004,0.1661769598722458,-0.024608641862869263,-0.0484185516834259,1,1
jump_medium,relative_observable,195,cond_residual_t20,0.26422119140625,0.1891663670539856,0.2931622862815857,0.23624859750270844,-0.028941094875335693,-0.04708223044872284,1,1
jump_medium,relative_observable,196,cond_residual_t20,0.2831914722919464,0.09490398317575455,0.2823478877544403,0.13573375344276428,0.0008435845375061035,-0.040829770267009735,0,1
jump_medium,relative_observable,197,cond_residual_t20,0.3696018159389496,0.3853428065776825,0.35359326004981995,0.4056698977947235,0.01600855588912964,-0.020327091217041016,0,1
jump_medium,relative_observable,198,cond_residual_t20,0.38859447836875916,0.15067103505134583,0.38107022643089294,0.2021833062171936,0.007524251937866211,-0.05151227116584778,0,1
jump_medium,relative_observable,199,cond_residual_t20,0.35888367891311646,0.39277973771095276,0.3098653256893158,0.4329388439655304,0.04901835322380066,-0.04015910625457764,0,1
burst_medium,relative_observable,0,noisy_input,0.03398624807596207,0.19906097650527954,0.03398624807596207,0.19906097650527954,0.0,0.0,0,0
burst_medium,relative_observable,1,noisy_input,0.07058447599411011,0.2566615343093872,0.07058447599411011,0.2566615343093872,0.0,0.0,0,0
burst_medium,relative_observable,2,noisy_input,0.08588328212499619,0.5629985332489014,0.08588328212499619,0.5629985332489014,0.0,0.0,0,0
burst_medium,relative_observable,3,noisy_input,0.08718511462211609,0.3068051040172577,0.08718511462211609,0.3068051040172577,0.0,0.0,0,0
burst_medium,relative_observable,4,noisy_input,0.07920411974191666,0.18907733261585236,0.07920411974191666,0.18907733261585236,0.0,0.0,0,0
burst_medium,relative_observable,5,noisy_input,0.037656791508197784,0.15963441133499146,0.037656791508197784,0.15963441133499146,0.0,0.0,0,0
burst_medium,relative_observable,6,noisy_input,0.06405897438526154,0.4949052631855011,0.06405897438526154,0.4949052631855011,0.0,0.0,0,0
burst_medium,relative_observable,7,noisy_input,0.06323477625846863,0.3182837665081024,0.06323477625846863,0.3182837665081024,0.0,0.0,0,0
burst_medium,relative_observable,8,noisy_input,0.1069340705871582,0.43814343214035034,0.1069340705871582,0.43814343214035034,0.0,0.0,0,0
burst_medium,relative_observable,9,noisy_input,0.08869922906160355,0.32131871581077576,0.08869922906160355,0.32131871581077576,0.0,0.0,0,0
burst_medium,relative_observable,10,noisy_input,0.0895659402012825,0.2620384395122528,0.0895659402012825,0.2620384395122528,0.0,0.0,0,0
burst_medium,relative_observable,11,noisy_input,0.10982935130596161,0.699356734752655,0.10982935130596161,0.699356734752655,0.0,0.0,0,0
burst_medium,relative_observable,12,noisy_input,0.05896243453025818,0.5564025640487671,0.05896243453025818,0.5564025640487671,0.0,0.0,0,0
burst_medium,relative_observable,13,noisy_input,0.11422604322433472,0.34205448627471924,0.11422604322433472,0.34205448627471924,0.0,0.0,0,0
burst_medium,relative_observable,14,noisy_input,0.0889425054192543,0.31462711095809937,0.0889425054192543,0.31462711095809937,0.0,0.0,0,0
burst_medium,relative_observable,15,noisy_input,0.044453274458646774,0.1353684812784195,0.044453274458646774,0.1353684812784195,0.0,0.0,0,0
burst_medium,relative_observable,16,noisy_input,0.10141360759735107,0.3969649374485016,0.10141360759735107,0.3969649374485016,0.0,0.0,0,0
burst_medium,relative_observable,17,noisy_input,0.12180962413549423,0.5239026546478271,0.12180962413549423,0.5239026546478271,0.0,0.0,0,0
burst_medium,relative_observable,18,noisy_input,0.06074003130197525,0.32903558015823364,0.06074003130197525,0.32903558015823364,0.0,0.0,0,0
burst_medium,relative_observable,19,noisy_input,0.06579671800136566,0.6923485994338989,0.06579671800136566,0.6923485994338989,0.0,0.0,0,0
burst_medium,relative_observable,20,noisy_input,0.06195446848869324,0.21442434191703796,0.06195446848869324,0.21442434191703796,0.0,0.0,0,0
burst_medium,relative_observable,21,noisy_input,0.06722058355808258,0.2377854436635971,0.06722058355808258,0.2377854436635971,0.0,0.0,0,0
burst_medium,relative_observable,22,noisy_input,0.09630994498729706,0.1904037445783615,0.09630994498729706,0.1904037445783615,0.0,0.0,0,0
burst_medium,relative_observable,23,noisy_input,0.06526504456996918,0.43413424491882324,0.06526504456996918,0.43413424491882324,0.0,0.0,0,0
burst_medium,relative_observable,24,noisy_input,0.09439590573310852,0.2792722284793854,0.09439590573310852,0.2792722284793854,0.0,0.0,0,0
burst_medium,relative_observable,25,noisy_input,0.08497774600982666,0.1941697895526886,0.08497774600982666,0.1941697895526886,0.0,0.0,0,0
burst_medium,relative_observable,26,noisy_input,0.04595797881484032,0.16195973753929138,0.04595797881484032,0.16195973753929138,0.0,0.0,0,0
burst_medium,relative_observable,27,noisy_input,0.044405851513147354,0.14050047099590302,0.044405851513147354,0.14050047099590302,0.0,0.0,0,0
burst_medium,relative_observable,28,noisy_input,0.0635489970445633,0.3845445513725281,0.0635489970445633,0.3845445513725281,0.0,0.0,0,0
burst_medium,relative_observable,29,noisy_input,0.06668880581855774,0.33338749408721924,0.06668880581855774,0.33338749408721924,0.0,0.0,0,0
burst_medium,relative_observable,30,noisy_input,0.07173442095518112,0.26206672191619873,0.07173442095518112,0.26206672191619873,0.0,0.0,0,0
burst_medium,relative_observable,31,noisy_input,0.09201844036579132,0.23298436403274536,0.09201844036579132,0.23298436403274536,0.0,0.0,0,0
burst_medium,relative_observable,32,noisy_input,0.08686502277851105,0.2849348485469818,0.08686502277851105,0.2849348485469818,0.0,0.0,0,0
burst_medium,relative_observable,33,noisy_input,0.07458179444074631,0.587377667427063,0.07458179444074631,0.587377667427063,0.0,0.0,0,0
burst_medium,relative_observable,34,noisy_input,0.07907097041606903,0.3126111626625061,0.07907097041606903,0.3126111626625061,0.0,0.0,0,0
burst_medium,relative_observable,35,noisy_input,0.04635611176490784,0.1611904501914978,0.04635611176490784,0.1611904501914978,0.0,0.0,0,0
burst_medium,relative_observable,36,noisy_input,0.08090303093194962,0.3107963502407074,0.08090303093194962,0.3107963502407074,0.0,0.0,0,0
burst_medium,relative_observable,37,noisy_input,0.052293770015239716,0.1872253715991974,0.052293770015239716,0.1872253715991974,0.0,0.0,0,0
burst_medium,relative_observable,38,noisy_input,0.08283419907093048,0.3129345178604126,0.08283419907093048,0.3129345178604126,0.0,0.0,0,0
burst_medium,relative_observable,39,noisy_input,0.04119951277971268,0.08781984448432922,0.04119951277971268,0.08781984448432922,0.0,0.0,0,0
burst_medium,relative_observable,40,noisy_input,0.09958430379629135,0.2733535170555115,0.09958430379629135,0.2733535170555115,0.0,0.0,0,0
burst_medium,relative_observable,41,noisy_input,0.11463101953268051,0.524155855178833,0.11463101953268051,0.524155855178833,0.0,0.0,0,0
burst_medium,relative_observable,42,noisy_input,0.05482613295316696,0.2411133497953415,0.05482613295316696,0.2411133497953415,0.0,0.0,0,0
burst_medium,relative_observable,43,noisy_input,0.10673482716083527,0.7006303071975708,0.10673482716083527,0.7006303071975708,0.0,0.0,0,0
burst_medium,relative_observable,44,noisy_input,0.09850816428661346,0.31648367643356323,0.09850816428661346,0.31648367643356323,0.0,0.0,0,0
burst_medium,relative_observable,45,noisy_input,0.07855905592441559,0.21966804563999176,0.07855905592441559,0.21966804563999176,0.0,0.0,0,0
burst_medium,relative_observable,46,noisy_input,0.06624674797058105,0.31434938311576843,0.06624674797058105,0.31434938311576843,0.0,0.0,0,0
burst_medium,relative_observable,47,noisy_input,0.06613819301128387,0.14781589806079865,0.06613819301128387,0.14781589806079865,0.0,0.0,0,0
burst_medium,relative_observable,48,noisy_input,0.09397555887699127,0.49751731753349304,0.09397555887699127,0.49751731753349304,0.0,0.0,0,0
burst_medium,relative_observable,49,noisy_input,0.11146519333124161,0.6089257001876831,0.11146519333124161,0.6089257001876831,0.0,0.0,0,0
burst_medium,relative_observable,50,noisy_input,0.04519641399383545,0.1562076210975647,0.04519641399383545,0.1562076210975647,0.0,0.0,0,0
burst_medium,relative_observable,51,noisy_input,0.07313218712806702,0.20192107558250427,0.07313218712806702,0.20192107558250427,0.0,0.0,0,0
burst_medium,relative_observable,52,noisy_input,0.045023854821920395,0.24772422015666962,0.045023854821920395,0.24772422015666962,0.0,0.0,0,0
burst_medium,relative_observable,53,noisy_input,0.11064229905605316,0.3461756110191345,0.11064229905605316,0.3461756110191345,0.0,0.0,0,0
burst_medium,relative_observable,54,noisy_input,0.12841452658176422,0.4582582116127014,0.12841452658176422,0.4582582116127014,0.0,0.0,0,0
burst_medium,relative_observable,55,noisy_input,0.08154714852571487,0.3746644854545593,0.08154714852571487,0.3746644854545593,0.0,0.0,0,0
burst_medium,relative_observable,56,noisy_input,0.07694923877716064,0.18495190143585205,0.07694923877716064,0.18495190143585205,0.0,0.0,0,0
burst_medium,relative_observable,57,noisy_input,0.08500400930643082,0.21093370020389557,0.08500400930643082,0.21093370020389557,0.0,0.0,0,0
burst_medium,relative_observable,58,noisy_input,0.1108124628663063,0.32851800322532654,0.1108124628663063,0.32851800322532654,0.0,0.0,0,0
burst_medium,relative_observable,59,noisy_input,0.09877918660640717,0.28294479846954346,0.09877918660640717,0.28294479846954346,0.0,0.0,0,0
burst_medium,relative_observable,60,noisy_input,0.08180990815162659,0.4594409763813019,0.08180990815162659,0.4594409763813019,0.0,0.0,0,0
burst_medium,relative_observable,61,noisy_input,0.08088365197181702,0.3131392002105713,0.08088365197181702,0.3131392002105713,0.0,0.0,0,0
burst_medium,relative_observable,62,noisy_input,0.09829530864953995,0.4076818823814392,0.09829530864953995,0.4076818823814392,0.0,0.0,0,0
burst_medium,relative_observable,63,noisy_input,0.06707119941711426,0.23759447038173676,0.06707119941711426,0.23759447038173676,0.0,0.0,0,0
burst_medium,relative_observable,64,noisy_input,0.06970775127410889,0.2206893414258957,0.06970775127410889,0.2206893414258957,0.0,0.0,0,0
burst_medium,relative_observable,65,noisy_input,0.07169471681118011,0.3286368250846863,0.07169471681118011,0.3286368250846863,0.0,0.0,0,0
burst_medium,relative_observable,66,noisy_input,0.04877606779336929,0.21061056852340698,0.04877606779336929,0.21061056852340698,0.0,0.0,0,0
burst_medium,relative_observable,67,noisy_input,0.06924092769622803,0.2455410361289978,0.06924092769622803,0.2455410361289978,0.0,0.0,0,0
burst_medium,relative_observable,68,noisy_input,0.042244765907526016,0.17990075051784515,0.042244765907526016,0.17990075051784515,0.0,0.0,0,0
burst_medium,relative_observable,69,noisy_input,0.08163657039403915,0.35969603061676025,0.08163657039403915,0.35969603061676025,0.0,0.0,0,0
burst_medium,relative_observable,70,noisy_input,0.06556742638349533,0.41472750902175903,0.06556742638349533,0.41472750902175903,0.0,0.0,0,0
burst_medium,relative_observable,71,noisy_input,0.04230206087231636,0.5459561944007874,0.04230206087231636,0.5459561944007874,0.0,0.0,0,0
burst_medium,relative_observable,72,noisy_input,0.04700745642185211,0.23530834913253784,0.04700745642185211,0.23530834913253784,0.0,0.0,0,0
burst_medium,relative_observable,73,noisy_input,0.057181842625141144,0.20057940483093262,0.057181842625141144,0.20057940483093262,0.0,0.0,0,0
burst_medium,relative_observable,74,noisy_input,0.05477675795555115,0.44030168652534485,0.05477675795555115,0.44030168652534485,0.0,0.0,0,0
burst_medium,relative_observable,75,noisy_input,0.0610232874751091,0.20391075313091278,0.0610232874751091,0.20391075313091278,0.0,0.0,0,0
burst_medium,relative_observable,76,noisy_input,0.10453037917613983,0.3173968195915222,0.10453037917613983,0.3173968195915222,0.0,0.0,0,0
burst_medium,relative_observable,77,noisy_input,0.06645121425390244,0.15991947054862976,0.06645121425390244,0.15991947054862976,0.0,0.0,0,0
burst_medium,relative_observable,78,noisy_input,0.04356641322374344,0.1722274273633957,0.04356641322374344,0.1722274273633957,0.0,0.0,0,0
burst_medium,relative_observable,79,noisy_input,0.057508356869220734,0.17377102375030518,0.057508356869220734,0.17377102375030518,0.0,0.0,0,0
burst_medium,relative_observable,80,noisy_input,0.08191931992769241,0.22232024371623993,0.08191931992769241,0.22232024371623993,0.0,0.0,0,0
burst_medium,relative_observable,81,noisy_input,0.0517447404563427,0.2435705065727234,0.0517447404563427,0.2435705065727234,0.0,0.0,0,0
burst_medium,relative_observable,82,noisy_input,0.06192309781908989,0.28372323513031006,0.06192309781908989,0.28372323513031006,0.0,0.0,0,0
burst_medium,relative_observable,83,noisy_input,0.07308986037969589,0.29769468307495117,0.07308986037969589,0.29769468307495117,0.0,0.0,0,0
burst_medium,relative_observable,84,noisy_input,0.08236507326364517,0.41865137219429016,0.08236507326364517,0.41865137219429016,0.0,0.0,0,0
burst_medium,relative_observable,85,noisy_input,0.1011456698179245,0.5367931127548218,0.1011456698179245,0.5367931127548218,0.0,0.0,0,0
burst_medium,relative_observable,86,noisy_input,0.09779046475887299,0.31344401836395264,0.09779046475887299,0.31344401836395264,0.0,0.0,0,0
burst_medium,relative_observable,87,noisy_input,0.06611552089452744,0.536236047744751,0.06611552089452744,0.536236047744751,0.0,0.0,0,0
burst_medium,relative_observable,88,noisy_input,0.09110252559185028,0.2550848722457886,0.09110252559185028,0.2550848722457886,0.0,0.0,0,0
burst_medium,relative_observable,89,noisy_input,0.06034114211797714,0.20722946524620056,0.06034114211797714,0.20722946524620056,0.0,0.0,0,0
burst_medium,relative_observable,90,noisy_input,0.074952132999897,0.43418481945991516,0.074952132999897,0.43418481945991516,0.0,0.0,0,0
burst_medium,relative_observable,91,noisy_input,0.07384546101093292,0.20536847412586212,0.07384546101093292,0.20536847412586212,0.0,0.0,0,0
burst_medium,relative_observable,92,noisy_input,0.10116122663021088,0.2674270272254944,0.10116122663021088,0.2674270272254944,0.0,0.0,0,0
burst_medium,relative_observable,93,noisy_input,0.06258173286914825,0.2330685406923294,0.06258173286914825,0.2330685406923294,0.0,0.0,0,0
burst_medium,relative_observable,94,noisy_input,0.0978124663233757,0.5266554355621338,0.0978124663233757,0.5266554355621338,0.0,0.0,0,0
burst_medium,relative_observable,95,noisy_input,0.0748744010925293,0.3301992416381836,0.0748744010925293,0.3301992416381836,0.0,0.0,0,0
burst_medium,relative_observable,96,noisy_input,0.07206559181213379,0.2194472700357437,0.07206559181213379,0.2194472700357437,0.0,0.0,0,0
burst_medium,relative_observable,97,noisy_input,0.04910341277718544,0.17065292596817017,0.04910341277718544,0.17065292596817017,0.0,0.0,0,0
burst_medium,relative_observable,98,noisy_input,0.08164715766906738,0.20284998416900635,0.08164715766906738,0.20284998416900635,0.0,0.0,0,0
burst_medium,relative_observable,99,noisy_input,0.07820911705493927,0.4280928373336792,0.07820911705493927,0.4280928373336792,0.0,0.0,0,0
burst_medium,relative_observable,100,noisy_input,0.08162395656108856,0.6734002232551575,0.08162395656108856,0.6734002232551575,0.0,0.0,0,0
burst_medium,relative_observable,101,noisy_input,0.07110415399074554,0.22261568903923035,0.07110415399074554,0.22261568903923035,0.0,0.0,0,0
burst_medium,relative_observable,102,noisy_input,0.05298437550663948,0.19750399887561798,0.05298437550663948,0.19750399887561798,0.0,0.0,0,0
burst_medium,relative_observable,103,noisy_input,0.059646766632795334,0.22783377766609192,0.059646766632795334,0.22783377766609192,0.0,0.0,0,0
burst_medium,relative_observable,104,noisy_input,0.09216001629829407,0.327699214220047,0.09216001629829407,0.327699214220047,0.0,0.0,0,0
burst_medium,relative_observable,105,noisy_input,0.06182171031832695,0.1641511619091034,0.06182171031832695,0.1641511619091034,0.0,0.0,0,0
burst_medium,relative_observable,106,noisy_input,0.06459461152553558,0.21167097985744476,0.06459461152553558,0.21167097985744476,0.0,0.0,0,0
burst_medium,relative_observable,107,noisy_input,0.06714530289173126,0.4153343141078949,0.06714530289173126,0.4153343141078949,0.0,0.0,0,0
burst_medium,relative_observable,108,noisy_input,0.09340374916791916,0.5367811918258667,0.09340374916791916,0.5367811918258667,0.0,0.0,0,0
burst_medium,relative_observable,109,noisy_input,0.0826718732714653,0.277363657951355,0.0826718732714653,0.277363657951355,0.0,0.0,0,0
burst_medium,relative_observable,110,noisy_input,0.11049308627843857,0.5907729864120483,0.11049308627843857,0.5907729864120483,0.0,0.0,0,0
burst_medium,relative_observable,111,noisy_input,0.0695476084947586,0.21987220644950867,0.0695476084947586,0.21987220644950867,0.0,0.0,0,0
burst_medium,relative_observable,112,noisy_input,0.06554581969976425,0.17301805317401886,0.06554581969976425,0.17301805317401886,0.0,0.0,0,0
burst_medium,relative_observable,113,noisy_input,0.05692858621478081,0.46470907330513,0.05692858621478081,0.46470907330513,0.0,0.0,0,0
burst_medium,relative_observable,114,noisy_input,0.06184776499867439,0.5449995994567871,0.06184776499867439,0.5449995994567871,0.0,0.0,0,0
burst_medium,relative_observable,115,noisy_input,0.05355895683169365,0.6237977743148804,0.05355895683169365,0.6237977743148804,0.0,0.0,0,0
burst_medium,relative_observable,116,noisy_input,0.0719645693898201,0.18533669412136078,0.0719645693898201,0.18533669412136078,0.0,0.0,0,0
burst_medium,relative_observable,117,noisy_input,0.07518000900745392,0.2515689432621002,0.07518000900745392,0.2515689432621002,0.0,0.0,0,0
burst_medium,relative_observable,118,noisy_input,0.06759702414274216,0.27182576060295105,0.06759702414274216,0.27182576060295105,0.0,0.0,0,0
burst_medium,relative_observable,119,noisy_input,0.08394239842891693,0.15921328961849213,0.08394239842891693,0.15921328961849213,0.0,0.0,0,0
burst_medium,relative_observable,120,noisy_input,0.039890728890895844,0.37918078899383545,0.039890728890895844,0.37918078899383545,0.0,0.0,0,0
burst_medium,relative_observable,121,noisy_input,0.04539627581834793,0.11216577887535095,0.04539627581834793,0.11216577887535095,0.0,0.0,0,0
burst_medium,relative_observable,122,noisy_input,0.05763287469744682,0.5427233576774597,0.05763287469744682,0.5427233576774597,0.0,0.0,0,0
burst_medium,relative_observable,123,noisy_input,0.06443923711776733,0.26820528507232666,0.06443923711776733,0.26820528507232666,0.0,0.0,0,0
burst_medium,relative_observable,124,noisy_input,0.10200975090265274,0.3855089247226715,0.10200975090265274,0.3855089247226715,0.0,0.0,0,0
burst_medium,relative_observable,125,noisy_input,0.08087308704853058,0.4196929931640625,0.08087308704853058,0.4196929931640625,0.0,0.0,0,0
burst_medium,relative_observable,126,noisy_input,0.0694720596075058,0.30630210041999817,0.0694720596075058,0.30630210041999817,0.0,0.0,0,0
burst_medium,relative_observable,127,noisy_input,0.061055999249219894,0.264880508184433,0.061055999249219894,0.264880508184433,0.0,0.0,0,0
burst_medium,relative_observable,128,noisy_input,0.07405908405780792,0.31111201643943787,0.07405908405780792,0.31111201643943787,0.0,0.0,0,0
burst_medium,relative_observable,129,noisy_input,0.08314810693264008,0.5184347033500671,0.08314810693264008,0.5184347033500671,0.0,0.0,0,0
burst_medium,relative_observable,130,noisy_input,0.056760381907224655,0.3626421093940735,0.056760381907224655,0.3626421093940735,0.0,0.0,0,0
burst_medium,relative_observable,131,noisy_input,0.11834840476512909,0.6911360025405884,0.11834840476512909,0.6911360025405884,0.0,0.0,0,0
burst_medium,relative_observable,132,noisy_input,0.07456599175930023,0.24502748250961304,0.07456599175930023,0.24502748250961304,0.0,0.0,0,0
burst_medium,relative_observable,133,noisy_input,0.09544985741376877,0.2808677554130554,0.09544985741376877,0.2808677554130554,0.0,0.0,0,0
burst_medium,relative_observable,134,noisy_input,0.028182363137602806,0.10669277608394623,0.028182363137602806,0.10669277608394623,0.0,0.0,0,0
burst_medium,relative_observable,135,noisy_input,0.10603250563144684,0.3127267360687256,0.10603250563144684,0.3127267360687256,0.0,0.0,0,0
burst_medium,relative_observable,136,noisy_input,0.0487653985619545,0.22217565774917603,0.0487653985619545,0.22217565774917603,0.0,0.0,0,0
burst_medium,relative_observable,137,noisy_input,0.09861442446708679,0.30332040786743164,0.09861442446708679,0.30332040786743164,0.0,0.0,0,0
burst_medium,relative_observable,138,noisy_input,0.05002585053443909,0.1631203293800354,0.05002585053443909,0.1631203293800354,0.0,0.0,0,0
burst_medium,relative_observable,139,noisy_input,0.059825994074344635,0.14398519694805145,0.059825994074344635,0.14398519694805145,0.0,0.0,0,0
burst_medium,relative_observable,140,noisy_input,0.07461898028850555,0.4850258231163025,0.07461898028850555,0.4850258231163025,0.0,0.0,0,0
burst_medium,relative_observable,141,noisy_input,0.0738467127084732,0.1728048026561737,0.0738467127084732,0.1728048026561737,0.0,0.0,0,0
burst_medium,relative_observable,142,noisy_input,0.09376534074544907,0.4888019561767578,0.09376534074544907,0.4888019561767578,0.0,0.0,0,0
burst_medium,relative_observable,143,noisy_input,0.032912321388721466,0.3386768400669098,0.032912321388721466,0.3386768400669098,0.0,0.0,0,0
burst_medium,relative_observable,144,noisy_input,0.048276614397764206,0.1882076859474182,0.048276614397764206,0.1882076859474182,0.0,0.0,0,0
burst_medium,relative_observable,145,noisy_input,0.07056863605976105,0.5382494926452637,0.07056863605976105,0.5382494926452637,0.0,0.0,0,0
burst_medium,relative_observable,146,noisy_input,0.08478172868490219,0.4539215862751007,0.08478172868490219,0.4539215862751007,0.0,0.0,0,0
burst_medium,relative_observable,147,noisy_input,0.0762261301279068,0.29200494289398193,0.0762261301279068,0.29200494289398193,0.0,0.0,0,0
burst_medium,relative_observable,148,noisy_input,0.07009012997150421,0.282833069562912,0.07009012997150421,0.282833069562912,0.0,0.0,0,0
burst_medium,relative_observable,149,noisy_input,0.06074744462966919,0.0878491997718811,0.06074744462966919,0.0878491997718811,0.0,0.0,0,0
burst_medium,relative_observable,150,noisy_input,0.06911960989236832,0.2441294938325882,0.06911960989236832,0.2441294938325882,0.0,0.0,0,0
burst_medium,relative_observable,151,noisy_input,0.09365078061819077,0.3138548731803894,0.09365078061819077,0.3138548731803894,0.0,0.0,0,0
burst_medium,relative_observable,152,noisy_input,0.0868196114897728,0.2840040922164917,0.0868196114897728,0.2840040922164917,0.0,0.0,0,0
burst_medium,relative_observable,153,noisy_input,0.09462971985340118,0.32522523403167725,0.09462971985340118,0.32522523403167725,0.0,0.0,0,0
burst_medium,relative_observable,154,noisy_input,0.054679274559020996,0.1729407161474228,0.054679274559020996,0.1729407161474228,0.0,0.0,0,0
burst_medium,relative_observable,155,noisy_input,0.12182086706161499,0.3715842068195343,0.12182086706161499,0.3715842068195343,0.0,0.0,0,0
burst_medium,relative_observable,156,noisy_input,0.06994490325450897,0.19783754646778107,0.06994490325450897,0.19783754646778107,0.0,0.0,0,0
burst_medium,relative_observable,157,noisy_input,0.06797022372484207,0.23424898087978363,0.06797022372484207,0.23424898087978363,0.0,0.0,0,0
burst_medium,relative_observable,158,noisy_input,0.08002160489559174,0.25112786889076233,0.08002160489559174,0.25112786889076233,0.0,0.0,0,0
burst_medium,relative_observable,159,noisy_input,0.0849861353635788,0.22067242860794067,0.0849861353635788,0.22067242860794067,0.0,0.0,0,0
burst_medium,relative_observable,160,noisy_input,0.05187494307756424,0.3308912217617035,0.05187494307756424,0.3308912217617035,0.0,0.0,0,0
burst_medium,relative_observable,161,noisy_input,0.05187161639332771,0.2634957432746887,0.05187161639332771,0.2634957432746887,0.0,0.0,0,0
burst_medium,relative_observable,162,noisy_input,0.11878645420074463,0.39408454298973083,0.11878645420074463,0.39408454298973083,0.0,0.0,0,0
burst_medium,relative_observable,163,noisy_input,0.08465457707643509,0.1955966353416443,0.08465457707643509,0.1955966353416443,0.0,0.0,0,0
burst_medium,relative_observable,164,noisy_input,0.045898426324129105,0.16851943731307983,0.045898426324129105,0.16851943731307983,0.0,0.0,0,0
burst_medium,relative_observable,165,noisy_input,0.05719785764813423,0.4051555395126343,0.05719785764813423,0.4051555395126343,0.0,0.0,0,0
burst_medium,relative_observable,166,noisy_input,0.0891961082816124,0.2244141399860382,0.0891961082816124,0.2244141399860382,0.0,0.0,0,0
burst_medium,relative_observable,167,noisy_input,0.12830720841884613,0.6948854923248291,0.12830720841884613,0.6948854923248291,0.0,0.0,0,0
burst_medium,relative_observable,168,noisy_input,0.04692081734538078,0.2675940990447998,0.04692081734538078,0.2675940990447998,0.0,0.0,0,0
burst_medium,relative_observable,169,noisy_input,0.06279091536998749,0.236150324344635,0.06279091536998749,0.236150324344635,0.0,0.0,0,0
burst_medium,relative_observable,170,noisy_input,0.05161517113447189,0.19634424149990082,0.05161517113447189,0.19634424149990082,0.0,0.0,0,0
burst_medium,relative_observable,171,noisy_input,0.07560204714536667,0.27954426407814026,0.07560204714536667,0.27954426407814026,0.0,0.0,0,0
burst_medium,relative_observable,172,noisy_input,0.061347801238298416,0.5277350544929504,0.061347801238298416,0.5277350544929504,0.0,0.0,0,0
burst_medium,relative_observable,173,noisy_input,0.10277597606182098,0.2887119948863983,0.10277597606182098,0.2887119948863983,0.0,0.0,0,0
burst_medium,relative_observable,174,noisy_input,0.07856611907482147,0.25247329473495483,0.07856611907482147,0.25247329473495483,0.0,0.0,0,0
burst_medium,relative_observable,175,noisy_input,0.08694736659526825,0.32760143280029297,0.08694736659526825,0.32760143280029297,0.0,0.0,0,0
burst_medium,relative_observable,176,noisy_input,0.07142369449138641,0.17096015810966492,0.07142369449138641,0.17096015810966492,0.0,0.0,0,0
burst_medium,relative_observable,177,noisy_input,0.06921261548995972,0.23120032250881195,0.06921261548995972,0.23120032250881195,0.0,0.0,0,0
burst_medium,relative_observable,178,noisy_input,0.09701929986476898,0.32586631178855896,0.09701929986476898,0.32586631178855896,0.0,0.0,0,0
burst_medium,relative_observable,179,noisy_input,0.08619172126054764,0.38148483633995056,0.08619172126054764,0.38148483633995056,0.0,0.0,0,0
burst_medium,relative_observable,180,noisy_input,0.061036061495542526,0.4010937511920929,0.061036061495542526,0.4010937511920929,0.0,0.0,0,0
burst_medium,relative_observable,181,noisy_input,0.055804718285799026,0.1890474259853363,0.055804718285799026,0.1890474259853363,0.0,0.0,0,0
burst_medium,relative_observable,182,noisy_input,0.08134911209344864,0.2261330783367157,0.08134911209344864,0.2261330783367157,0.0,0.0,0,0
burst_medium,relative_observable,183,noisy_input,0.0863550528883934,0.34100744128227234,0.0863550528883934,0.34100744128227234,0.0,0.0,0,0
burst_medium,relative_observable,184,noisy_input,0.1069718450307846,0.3727056682109833,0.1069718450307846,0.3727056682109833,0.0,0.0,0,0
burst_medium,relative_observable,185,noisy_input,0.07531929761171341,0.2733782231807709,0.07531929761171341,0.2733782231807709,0.0,0.0,0,0
burst_medium,relative_observable,186,noisy_input,0.04698377475142479,0.171335369348526,0.04698377475142479,0.171335369348526,0.0,0.0,0,0
burst_medium,relative_observable,187,noisy_input,0.0796935111284256,0.2150053083896637,0.0796935111284256,0.2150053083896637,0.0,0.0,0,0
burst_medium,relative_observable,188,noisy_input,0.0697694942355156,0.5877601504325867,0.0697694942355156,0.5877601504325867,0.0,0.0,0,0
burst_medium,relative_observable,189,noisy_input,0.052720315754413605,0.1492646336555481,0.052720315754413605,0.1492646336555481,0.0,0.0,0,0
burst_medium,relative_observable,190,noisy_input,0.08642056584358215,0.23414461314678192,0.08642056584358215,0.23414461314678192,0.0,0.0,0,0
burst_medium,relative_observable,191,noisy_input,0.048312388360500336,0.5294701457023621,0.048312388360500336,0.5294701457023621,0.0,0.0,0,0
burst_medium,relative_observable,192,noisy_input,0.06732799112796783,0.3086536228656769,0.06732799112796783,0.3086536228656769,0.0,0.0,0,0
burst_medium,relative_observable,193,noisy_input,0.06744597852230072,0.2097724974155426,0.06744597852230072,0.2097724974155426,0.0,0.0,0,0
burst_medium,relative_observable,194,noisy_input,0.09392242878675461,0.3610383868217468,0.09392242878675461,0.3610383868217468,0.0,0.0,0,0
burst_medium,relative_observable,195,noisy_input,0.08507944643497467,0.2466791272163391,0.08507944643497467,0.2466791272163391,0.0,0.0,0,0
burst_medium,relative_observable,196,noisy_input,0.08384605497121811,0.33478039503097534,0.08384605497121811,0.33478039503097534,0.0,0.0,0,0
burst_medium,relative_observable,197,noisy_input,0.1008852869272232,0.4510382413864136,0.1008852869272232,0.4510382413864136,0.0,0.0,0,0
burst_medium,relative_observable,198,noisy_input,0.08741427212953568,0.28827643394470215,0.08741427212953568,0.28827643394470215,0.0,0.0,0,0
burst_medium,relative_observable,199,noisy_input,0.06545940041542053,0.43930739164352417,0.06545940041542053,0.43930739164352417,0.0,0.0,0,0
burst_medium,relative_observable,0,uncond_sdedit_t2,0.036806147545576096,0.1935747265815735,0.03398624807596207,0.19906097650527954,0.002819899469614029,-0.005486249923706055,0,1
burst_medium,relative_observable,1,uncond_sdedit_t2,0.09308081120252609,0.24465513229370117,0.07058447599411011,0.2566615343093872,0.022496335208415985,-0.012006402015686035,0,1
burst_medium,relative_observable,2,uncond_sdedit_t2,0.1003914624452591,0.5586578845977783,0.08588328212499619,0.5629985332489014,0.014508180320262909,-0.004340648651123047,0,1
burst_medium,relative_observable,3,uncond_sdedit_t2,0.1017458587884903,0.2995665371417999,0.08718511462211609,0.3068051040172577,0.014560744166374207,-0.007238566875457764,0,1
burst_medium,relative_observable,4,uncond_sdedit_t2,0.07502976804971695,0.1786266267299652,0.07920411974191666,0.18907733261585236,-0.004174351692199707,-0.010450705885887146,1,1
burst_medium,relative_observable,5,uncond_sdedit_t2,0.03844562917947769,0.14998988807201385,0.037656791508197784,0.15963441133499146,0.0007888376712799072,-0.0096445232629776,0,1
burst_medium,relative_observable,6,uncond_sdedit_t2,0.09569863975048065,0.4889511466026306,0.06405897438526154,0.4949052631855011,0.031639665365219116,-0.005954116582870483,0,1
burst_medium,relative_observable,7,uncond_sdedit_t2,0.06572487205266953,0.30946084856987,0.06323477625846863,0.3182837665081024,0.002490095794200897,-0.008822917938232422,0,1
burst_medium,relative_observable,8,uncond_sdedit_t2,0.10408882796764374,0.4271029531955719,0.1069340705871582,0.43814343214035034,-0.0028452426195144653,-0.011040478944778442,1,1
burst_medium,relative_observable,9,uncond_sdedit_t2,0.09201789647340775,0.30887362360954285,0.08869922906160355,0.32131871581077576,0.0033186674118041992,-0.01244509220123291,0,1
burst_medium,relative_observable,10,uncond_sdedit_t2,0.09830232709646225,0.2512296438217163,0.0895659402012825,0.2620384395122528,0.008736386895179749,-0.010808795690536499,0,1
burst_medium,relative_observable,11,uncond_sdedit_t2,0.11555899679660797,0.6938732862472534,0.10982935130596161,0.699356734752655,0.005729645490646362,-0.005483448505401611,0,1
burst_medium,relative_observable,12,uncond_sdedit_t2,0.06276921927928925,0.5489960312843323,0.05896243453025818,0.5564025640487671,0.003806784749031067,-0.0074065327644348145,0,1
burst_medium,relative_observable,13,uncond_sdedit_t2,0.11129605770111084,0.33465540409088135,0.11422604322433472,0.34205448627471924,-0.002929985523223877,-0.007399082183837891,1,1
burst_medium,relative_observable,14,uncond_sdedit_t2,0.09133539348840714,0.3081371784210205,0.0889425054192543,0.31462711095809937,0.002392888069152832,-0.006489932537078857,0,1
burst_medium,relative_observable,15,uncond_sdedit_t2,0.04723129794001579,0.12575076520442963,0.044453274458646774,0.1353684812784195,0.0027780234813690186,-0.009617716073989868,0,1
burst_medium,relative_observable,16,uncond_sdedit_t2,0.10885678231716156,0.3852805197238922,0.10141360759735107,0.3969649374485016,0.007443174719810486,-0.011684417724609375,0,1
burst_medium,relative_observable,17,uncond_sdedit_t2,0.1260790228843689,0.5104464292526245,0.12180962413549423,0.5239026546478271,0.004269398748874664,-0.013456225395202637,0,1
burst_medium,relative_observable,18,uncond_sdedit_t2,0.07497110217809677,0.32433021068573,0.06074003130197525,0.32903558015823364,0.014231070876121521,-0.004705369472503662,0,1
burst_medium,relative_observable,19,uncond_sdedit_t2,0.0648714154958725,0.682954728603363,0.06579671800136566,0.6923485994338989,-0.0009253025054931641,-0.009393870830535889,1,1
burst_medium,relative_observable,20,uncond_sdedit_t2,0.05929610878229141,0.204036682844162,0.06195446848869324,0.21442434191703796,-0.002658359706401825,-0.010387659072875977,1,1
burst_medium,relative_observable,21,uncond_sdedit_t2,0.0810970589518547,0.22935792803764343,0.06722058355808258,0.2377854436635971,0.013876475393772125,-0.008427515625953674,0,1
burst_medium,relative_observable,22,uncond_sdedit_t2,0.0908597931265831,0.18105487525463104,0.09630994498729706,0.1904037445783615,-0.005450151860713959,-0.009348869323730469,1,1
burst_medium,relative_observable,23,uncond_sdedit_t2,0.06362693011760712,0.4280771017074585,0.06526504456996918,0.43413424491882324,-0.0016381144523620605,-0.006057143211364746,1,1
burst_medium,relative_observable,24,uncond_sdedit_t2,0.09072083979845047,0.2708497941493988,0.09439590573310852,0.2792722284793854,-0.0036750659346580505,-0.008422434329986572,1,1
burst_medium,relative_observable,25,uncond_sdedit_t2,0.09163589775562286,0.18818575143814087,0.08497774600982666,0.1941697895526886,0.006658151745796204,-0.0059840381145477295,0,1
burst_medium,relative_observable,26,uncond_sdedit_t2,0.04544273018836975,0.15480825304985046,0.04595797881484032,0.16195973753929138,-0.0005152486264705658,-0.007151484489440918,1,1
burst_medium,relative_observable,27,uncond_sdedit_t2,0.04705550894141197,0.13729557394981384,0.044405851513147354,0.14050047099590302,0.002649657428264618,-0.0032048970460891724,0,1
burst_medium,relative_observable,28,uncond_sdedit_t2,0.07498791068792343,0.3804319202899933,0.0635489970445633,0.3845445513725281,0.011438913643360138,-0.00411263108253479,0,1
burst_medium,relative_observable,29,uncond_sdedit_t2,0.07970757782459259,0.32732439041137695,0.06668880581855774,0.33338749408721924,0.013018772006034851,-0.006063103675842285,0,1
burst_medium,relative_observable,30,uncond_sdedit_t2,0.07740537077188492,0.25325456261634827,0.07173442095518112,0.26206672191619873,0.005670949816703796,-0.008812159299850464,0,1
burst_medium,relative_observable,31,uncond_sdedit_t2,0.09141067415475845,0.22226813435554504,0.09201844036579132,0.23298436403274536,-0.0006077662110328674,-0.010716229677200317,1,1
burst_medium,relative_observable,32,uncond_sdedit_t2,0.08614321053028107,0.2741270661354065,0.08686502277851105,0.2849348485469818,-0.0007218122482299805,-0.010807782411575317,1,1
burst_medium,relative_observable,33,uncond_sdedit_t2,0.10212163627147675,0.583184003829956,0.07458179444074631,0.587377667427063,0.027539841830730438,-0.004193663597106934,0,1
burst_medium,relative_observable,34,uncond_sdedit_t2,0.08296672999858856,0.3036483824253082,0.07907097041606903,0.3126111626625061,0.0038957595825195312,-0.008962780237197876,0,1
burst_medium,relative_observable,35,uncond_sdedit_t2,0.052237045019865036,0.15398992598056793,0.04635611176490784,0.1611904501914978,0.005880933254957199,-0.007200524210929871,0,1
burst_medium,relative_observable,36,uncond_sdedit_t2,0.09242718666791916,0.30109989643096924,0.08090303093194962,0.3107963502407074,0.011524155735969543,-0.00969645380973816,0,1
burst_medium,relative_observable,37,uncond_sdedit_t2,0.056166596710681915,0.1792725920677185,0.052293770015239716,0.1872253715991974,0.0038728266954421997,-0.007952779531478882,0,1
burst_medium,relative_observable,38,uncond_sdedit_t2,0.08624280244112015,0.30432072281837463,0.08283419907093048,0.3129345178604126,0.0034086033701896667,-0.008613795042037964,0,1
burst_medium,relative_observable,39,uncond_sdedit_t2,0.049777813255786896,0.07981632649898529,0.04119951277971268,0.08781984448432922,0.008578300476074219,-0.008003517985343933,0,1
burst_medium,relative_observable,40,uncond_sdedit_t2,0.0967140942811966,0.26001840829849243,0.09958430379629135,0.2733535170555115,-0.002870209515094757,-0.013335108757019043,1,1
burst_medium,relative_observable,41,uncond_sdedit_t2,0.14257404208183289,0.515572726726532,0.11463101953268051,0.524155855178833,0.027943022549152374,-0.008583128452301025,0,1
burst_medium,relative_observable,42,uncond_sdedit_t2,0.058607518672943115,0.23706062138080597,0.05482613295316696,0.2411133497953415,0.0037813857197761536,-0.0040527284145355225,0,1
burst_medium,relative_observable,43,uncond_sdedit_t2,0.12103588879108429,0.692850649356842,0.10673482716083527,0.7006303071975708,0.014301061630249023,-0.00777965784072876,0,1
burst_medium,relative_observable,44,uncond_sdedit_t2,0.11911901086568832,0.3064148724079132,0.09850816428661346,0.31648367643356323,0.02061084657907486,-0.010068804025650024,0,1
burst_medium,relative_observable,45,uncond_sdedit_t2,0.07699795812368393,0.21278533339500427,0.07855905592441559,0.21966804563999176,-0.001561097800731659,-0.006882712244987488,1,1
burst_medium,relative_observable,46,uncond_sdedit_t2,0.08698083460330963,0.30755510926246643,0.06624674797058105,0.31434938311576843,0.020734086632728577,-0.006794273853302002,0,1
burst_medium,relative_observable,47,uncond_sdedit_t2,0.06986311823129654,0.14053361117839813,0.06613819301128387,0.14781589806079865,0.003724925220012665,-0.007282286882400513,0,1
burst_medium,relative_observable,48,uncond_sdedit_t2,0.10851532220840454,0.48679181933403015,0.09397555887699127,0.49751731753349304,0.014539763331413269,-0.01072549819946289,0,1
burst_medium,relative_observable,49,uncond_sdedit_t2,0.11651599407196045,0.599460244178772,0.11146519333124161,0.6089257001876831,0.0050508007407188416,-0.009465456008911133,0,1
burst_medium,relative_observable,50,uncond_sdedit_t2,0.05228643864393234,0.15118001401424408,0.04519641399383545,0.1562076210975647,0.007090024650096893,-0.005027607083320618,0,1
burst_medium,relative_observable,51,uncond_sdedit_t2,0.07612085342407227,0.194172203540802,0.07313218712806702,0.20192107558250427,0.002988666296005249,-0.0077488720417022705,0,1
burst_medium,relative_observable,52,uncond_sdedit_t2,0.051632482558488846,0.23994877934455872,0.045023854821920395,0.24772422015666962,0.006608627736568451,-0.007775440812110901,0,1
burst_medium,relative_observable,53,uncond_sdedit_t2,0.1081124097108841,0.3303019106388092,0.11064229905605316,0.3461756110191345,-0.0025298893451690674,-0.015873700380325317,1,1
burst_medium,relative_observable,54,uncond_sdedit_t2,0.13041195273399353,0.4445742964744568,0.12841452658176422,0.4582582116127014,0.001997426152229309,-0.013683915138244629,0,1
burst_medium,relative_observable,55,uncond_sdedit_t2,0.08472500741481781,0.3632645905017853,0.08154714852571487,0.3746644854545593,0.003177858889102936,-0.011399894952774048,0,1
burst_medium,relative_observable,56,uncond_sdedit_t2,0.07338891178369522,0.17800484597682953,0.07694923877716064,0.18495190143585205,-0.0035603269934654236,-0.006947055459022522,1,1
burst_medium,relative_observable,57,uncond_sdedit_t2,0.10597841441631317,0.20379869639873505,0.08500400930643082,0.21093370020389557,0.020974405109882355,-0.0071350038051605225,0,1
burst_medium,relative_observable,58,uncond_sdedit_t2,0.11114124208688736,0.3207237124443054,0.1108124628663063,0.32851800322532654,0.0003287792205810547,-0.007794290781021118,0,1
burst_medium,relative_observable,59,uncond_sdedit_t2,0.09880276024341583,0.27164196968078613,0.09877918660640717,0.28294479846954346,2.3573637008666992e-05,-0.011302828788757324,0,1
burst_medium,relative_observable,60,uncond_sdedit_t2,0.10640551149845123,0.44782960414886475,0.08180990815162659,0.4594409763813019,0.024595603346824646,-0.011611372232437134,0,1
burst_medium,relative_observable,61,uncond_sdedit_t2,0.08141488581895828,0.30050817131996155,0.08088365197181702,0.3131392002105713,0.0005312338471412659,-0.012631028890609741,0,1
burst_medium,relative_observable,62,uncond_sdedit_t2,0.09638287127017975,0.3977862596511841,0.09829530864953995,0.4076818823814392,-0.001912437379360199,-0.009895622730255127,1,1
burst_medium,relative_observable,63,uncond_sdedit_t2,0.07606251537799835,0.22847074270248413,0.06707119941711426,0.23759447038173676,0.008991315960884094,-0.009123727679252625,0,1
burst_medium,relative_observable,64,uncond_sdedit_t2,0.07227914035320282,0.21338792145252228,0.06970775127410889,0.2206893414258957,0.002571389079093933,-0.007301419973373413,0,1
burst_medium,relative_observable,65,uncond_sdedit_t2,0.07626841962337494,0.3136367201805115,0.07169471681118011,0.3286368250846863,0.004573702812194824,-0.015000104904174805,0,1
burst_medium,relative_observable,66,uncond_sdedit_t2,0.04993414878845215,0.20446154475212097,0.04877606779336929,0.21061056852340698,0.0011580809950828552,-0.006149023771286011,0,1
burst_medium,relative_observable,67,uncond_sdedit_t2,0.08814641833305359,0.2337743639945984,0.06924092769622803,0.2455410361289978,0.01890549063682556,-0.011766672134399414,0,1
burst_medium,relative_observable,68,uncond_sdedit_t2,0.04377825930714607,0.17402450740337372,0.042244765907526016,0.17990075051784515,0.0015334933996200562,-0.0058762431144714355,0,1
burst_medium,relative_observable,69,uncond_sdedit_t2,0.09876854717731476,0.35151150822639465,0.08163657039403915,0.35969603061676025,0.017131976783275604,-0.0081845223903656,0,1
burst_medium,relative_observable,70,uncond_sdedit_t2,0.09555627405643463,0.40854907035827637,0.06556742638349533,0.41472750902175903,0.0299888476729393,-0.006178438663482666,0,1
burst_medium,relative_observable,71,uncond_sdedit_t2,0.04834582656621933,0.537224531173706,0.04230206087231636,0.5459561944007874,0.006043765693902969,-0.008731663227081299,0,1
burst_medium,relative_observable,72,uncond_sdedit_t2,0.056943148374557495,0.22709281742572784,0.04700745642185211,0.23530834913253784,0.009935691952705383,-0.008215531706809998,0,1
burst_medium,relative_observable,73,uncond_sdedit_t2,0.06243925169110298,0.19452911615371704,0.057181842625141144,0.20057940483093262,0.005257409065961838,-0.006050288677215576,0,1
burst_medium,relative_observable,74,uncond_sdedit_t2,0.07645782083272934,0.4325293302536011,0.05477675795555115,0.44030168652534485,0.021681062877178192,-0.007772356271743774,0,1
burst_medium,relative_observable,75,uncond_sdedit_t2,0.06012050434947014,0.19665074348449707,0.0610232874751091,0.20391075313091278,-0.0009027831256389618,-0.0072600096464157104,1,1
burst_medium,relative_observable,76,uncond_sdedit_t2,0.09912113845348358,0.30298498272895813,0.10453037917613983,0.3173968195915222,-0.00540924072265625,-0.014411836862564087,1,1
burst_medium,relative_observable,77,uncond_sdedit_t2,0.0668046846985817,0.15425103902816772,0.06645121425390244,0.15991947054862976,0.00035347044467926025,-0.005668431520462036,0,1
burst_medium,relative_observable,78,uncond_sdedit_t2,0.04580710455775261,0.16785576939582825,0.04356641322374344,0.1722274273633957,0.0022406913340091705,-0.004371657967567444,0,1
burst_medium,relative_observable,79,uncond_sdedit_t2,0.05554313585162163,0.163845956325531,0.057508356869220734,0.17377102375030518,-0.001965221017599106,-0.00992506742477417,1,1
burst_medium,relative_observable,80,uncond_sdedit_t2,0.07829678058624268,0.21438568830490112,0.08191931992769241,0.22232024371623993,-0.0036225393414497375,-0.007934555411338806,1,1
burst_medium,relative_observable,81,uncond_sdedit_t2,0.05100046470761299,0.2367192953824997,0.0517447404563427,0.2435705065727234,-0.0007442757487297058,-0.006851211190223694,1,1
burst_medium,relative_observable,82,uncond_sdedit_t2,0.05798004940152168,0.27649998664855957,0.06192309781908989,0.28372323513031006,-0.003943048417568207,-0.007223248481750488,1,1
burst_medium,relative_observable,83,uncond_sdedit_t2,0.07576672732830048,0.2905651330947876,0.07308986037969589,0.29769468307495117,0.0026768669486045837,-0.007129549980163574,0,1
burst_medium,relative_observable,84,uncond_sdedit_t2,0.09630359709262848,0.4152429401874542,0.08236507326364517,0.41865137219429016,0.013938523828983307,-0.0034084320068359375,0,1
burst_medium,relative_observable,85,uncond_sdedit_t2,0.1031678095459938,0.5259895324707031,0.1011456698179245,0.5367931127548218,0.0020221397280693054,-0.010803580284118652,0,1
burst_medium,relative_observable,86,uncond_sdedit_t2,0.11048448085784912,0.30134090781211853,0.09779046475887299,0.31344401836395264,0.012694016098976135,-0.012103110551834106,0,1
burst_medium,relative_observable,87,uncond_sdedit_t2,0.07394592463970184,0.5298056602478027,0.06611552089452744,0.536236047744751,0.007830403745174408,-0.006430387496948242,0,1
burst_medium,relative_observable,88,uncond_sdedit_t2,0.09419281780719757,0.24191983044147491,0.09110252559185028,0.2550848722457886,0.00309029221534729,-0.01316504180431366,0,1
burst_medium,relative_observable,89,uncond_sdedit_t2,0.06501834094524384,0.19810433685779572,0.06034114211797714,0.20722946524620056,0.004677198827266693,-0.009125128388404846,0,1
burst_medium,relative_observable,90,uncond_sdedit_t2,0.08540191501379013,0.4321085810661316,0.074952132999897,0.43418481945991516,0.010449782013893127,-0.0020762383937835693,0,1
burst_medium,relative_observable,91,uncond_sdedit_t2,0.07156506180763245,0.19486261904239655,0.07384546101093292,0.20536847412586212,-0.002280399203300476,-0.010505855083465576,1,1
burst_medium,relative_observable,92,uncond_sdedit_t2,0.10165739059448242,0.25846540927886963,0.10116122663021088,0.2674270272254944,0.0004961639642715454,-0.008961617946624756,0,1
burst_medium,relative_observable,93,uncond_sdedit_t2,0.06953680515289307,0.22254660725593567,0.06258173286914825,0.2330685406923294,0.006955072283744812,-0.010521933436393738,0,1
burst_medium,relative_observable,94,uncond_sdedit_t2,0.10911224782466888,0.5174146294593811,0.0978124663233757,0.5266554355621338,0.011299781501293182,-0.009240806102752686,0,1
burst_medium,relative_observable,95,uncond_sdedit_t2,0.08544132858514786,0.320739209651947,0.0748744010925293,0.3301992416381836,0.01056692749261856,-0.009460031986236572,0,1
burst_medium,relative_observable,96,uncond_sdedit_t2,0.08096913993358612,0.2108379453420639,0.07206559181213379,0.2194472700357437,0.008903548121452332,-0.00860932469367981,0,1
burst_medium,relative_observable,97,uncond_sdedit_t2,0.05012616515159607,0.16229625046253204,0.04910341277718544,0.17065292596817017,0.0010227523744106293,-0.008356675505638123,0,1
burst_medium,relative_observable,98,uncond_sdedit_t2,0.08323076367378235,0.19657626748085022,0.08164715766906738,0.20284998416900635,0.0015836060047149658,-0.006273716688156128,0,1
burst_medium,relative_observable,99,uncond_sdedit_t2,0.08632747828960419,0.41817718744277954,0.07820911705493927,0.4280928373336792,0.008118361234664917,-0.009915649890899658,0,1
burst_medium,relative_observable,100,uncond_sdedit_t2,0.09426598250865936,0.6594526171684265,0.08162395656108856,0.6734002232551575,0.0126420259475708,-0.013947606086730957,0,1
burst_medium,relative_observable,101,uncond_sdedit_t2,0.08535401523113251,0.21174675226211548,0.07110415399074554,0.22261568903923035,0.014249861240386963,-0.010868936777114868,0,1
burst_medium,relative_observable,102,uncond_sdedit_t2,0.06414572894573212,0.19209225475788116,0.05298437550663948,0.19750399887561798,0.011161353439092636,-0.005411744117736816,0,1
burst_medium,relative_observable,103,uncond_sdedit_t2,0.05824437737464905,0.2193562090396881,0.059646766632795334,0.22783377766609192,-0.001402389258146286,-0.008477568626403809,1,1
burst_medium,relative_observable,104,uncond_sdedit_t2,0.09659253060817719,0.3183755576610565,0.09216001629829407,0.327699214220047,0.004432514309883118,-0.009323656558990479,0,1
burst_medium,relative_observable,105,uncond_sdedit_t2,0.057714544236660004,0.15825745463371277,0.06182171031832695,0.1641511619091034,-0.004107166081666946,-0.005893707275390625,1,1
burst_medium,relative_observable,106,uncond_sdedit_t2,0.06362023949623108,0.20590388774871826,0.06459461152553558,0.21167097985744476,-0.0009743720293045044,-0.0057670921087265015,1,1
burst_medium,relative_observable,107,uncond_sdedit_t2,0.09312278032302856,0.4056324362754822,0.06714530289173126,0.4153343141078949,0.025977477431297302,-0.00970187783241272,0,1
burst_medium,relative_observable,108,uncond_sdedit_t2,0.09447906166315079,0.5286601185798645,0.09340374916791916,0.5367811918258667,0.0010753124952316284,-0.008121073246002197,0,1
burst_medium,relative_observable,109,uncond_sdedit_t2,0.09295497834682465,0.26736781001091003,0.0826718732714653,0.277363657951355,0.010283105075359344,-0.009995847940444946,0,1
burst_medium,relative_observable,110,uncond_sdedit_t2,0.13758327066898346,0.5773136019706726,0.11049308627843857,0.5907729864120483,0.02709018439054489,-0.013459384441375732,0,1
burst_medium,relative_observable,111,uncond_sdedit_t2,0.0652141347527504,0.21032027900218964,0.0695476084947586,0.21987220644950867,-0.004333473742008209,-0.00955192744731903,1,1
burst_medium,relative_observable,112,uncond_sdedit_t2,0.06869148463010788,0.1640377640724182,0.06554581969976425,0.17301805317401886,0.003145664930343628,-0.008980289101600647,0,1
burst_medium,relative_observable,113,uncond_sdedit_t2,0.07041414827108383,0.4574422240257263,0.05692858621478081,0.46470907330513,0.013485562056303024,-0.0072668492794036865,0,1
burst_medium,relative_observable,114,uncond_sdedit_t2,0.09210056811571121,0.5402001738548279,0.06184776499867439,0.5449995994567871,0.03025280311703682,-0.0047994256019592285,0,1
burst_medium,relative_observable,115,uncond_sdedit_t2,0.08209902793169022,0.6170263290405273,0.05355895683169365,0.6237977743148804,0.028540071099996567,-0.006771445274353027,0,1
burst_medium,relative_observable,116,uncond_sdedit_t2,0.07211719453334808,0.18133693933486938,0.0719645693898201,0.18533669412136078,0.00015262514352798462,-0.003999754786491394,0,1
burst_medium,relative_observable,117,uncond_sdedit_t2,0.07384005188941956,0.24469007551670074,0.07518000900745392,0.2515689432621002,-0.0013399571180343628,-0.006878867745399475,1,1
burst_medium,relative_observable,118,uncond_sdedit_t2,0.10631320625543594,0.263578325510025,0.06759702414274216,0.27182576060295105,0.03871618211269379,-0.008247435092926025,0,1
burst_medium,relative_observable,119,uncond_sdedit_t2,0.09408421069383621,0.15345288813114166,0.08394239842891693,0.15921328961849213,0.010141812264919281,-0.005760401487350464,0,1
burst_medium,relative_observable,120,uncond_sdedit_t2,0.04667224735021591,0.3734882175922394,0.039890728890895844,0.37918078899383545,0.006781518459320068,-0.005692571401596069,0,1
burst_medium,relative_observable,121,uncond_sdedit_t2,0.04410120099782944,0.1086457148194313,0.04539627581834793,0.11216577887535095,-0.0012950748205184937,-0.003520064055919647,1,1
burst_medium,relative_observable,122,uncond_sdedit_t2,0.06900928169488907,0.5402252078056335,0.05763287469744682,0.5427233576774597,0.011376406997442245,-0.002498149871826172,0,1
burst_medium,relative_observable,123,uncond_sdedit_t2,0.06593882292509079,0.25686612725257874,0.06443923711776733,0.26820528507232666,0.0014995858073234558,-0.011339157819747925,0,1
burst_medium,relative_observable,124,uncond_sdedit_t2,0.09990157932043076,0.3734714984893799,0.10200975090265274,0.3855089247226715,-0.002108171582221985,-0.012037426233291626,1,1
burst_medium,relative_observable,125,uncond_sdedit_t2,0.09988206624984741,0.4127110540866852,0.08087308704853058,0.4196929931640625,0.019008979201316833,-0.006981939077377319,0,1
burst_medium,relative_observable,126,uncond_sdedit_t2,0.08035457879304886,0.2968583405017853,0.0694720596075058,0.30630210041999817,0.01088251918554306,-0.00944375991821289,0,1
burst_medium,relative_observable,127,uncond_sdedit_t2,0.0889832079410553,0.2564951181411743,0.061055999249219894,0.264880508184433,0.027927208691835403,-0.008385390043258667,0,1
burst_medium,relative_observable,128,uncond_sdedit_t2,0.07873114943504333,0.30369144678115845,0.07405908405780792,0.31111201643943787,0.004672065377235413,-0.007420569658279419,0,1
burst_medium,relative_observable,129,uncond_sdedit_t2,0.1197870522737503,0.5111182928085327,0.08314810693264008,0.5184347033500671,0.03663894534111023,-0.007316410541534424,0,1
burst_medium,relative_observable,130,uncond_sdedit_t2,0.0743919089436531,0.3522651791572571,0.056760381907224655,0.3626421093940735,0.01763152703642845,-0.010376930236816406,0,1
burst_medium,relative_observable,131,uncond_sdedit_t2,0.17466430366039276,0.6808066964149475,0.11834840476512909,0.6911360025405884,0.05631589889526367,-0.01032930612564087,0,1
burst_medium,relative_observable,132,uncond_sdedit_t2,0.07334611564874649,0.23886387050151825,0.07456599175930023,0.24502748250961304,-0.0012198761105537415,-0.006163612008094788,1,1
burst_medium,relative_observable,133,uncond_sdedit_t2,0.11216578632593155,0.27038419246673584,0.09544985741376877,0.2808677554130554,0.01671592891216278,-0.01048356294631958,0,1
burst_medium,relative_observable,134,uncond_sdedit_t2,0.02693859115242958,0.09758546948432922,0.028182363137602806,0.10669277608394623,-0.0012437719851732254,-0.009107306599617004,1,1
burst_medium,relative_observable,135,uncond_sdedit_t2,0.11866112798452377,0.2993112802505493,0.10603250563144684,0.3127267360687256,0.012628622353076935,-0.01341545581817627,0,1
burst_medium,relative_observable,136,uncond_sdedit_t2,0.06061513349413872,0.2170175462961197,0.0487653985619545,0.22217565774917603,0.01184973493218422,-0.0051581114530563354,0,1
burst_medium,relative_observable,137,uncond_sdedit_t2,0.09902118146419525,0.2942160367965698,0.09861442446708679,0.30332040786743164,0.00040675699710845947,-0.009104371070861816,0,1
burst_medium,relative_observable,138,uncond_sdedit_t2,0.051687777042388916,0.1571982502937317,0.05002585053443909,0.1631203293800354,0.001661926507949829,-0.005922079086303711,0,1
burst_medium,relative_observable,139,uncond_sdedit_t2,0.058265917003154755,0.1352415829896927,0.059825994074344635,0.14398519694805145,-0.0015600770711898804,-0.008743613958358765,1,1
burst_medium,relative_observable,140,uncond_sdedit_t2,0.08187726140022278,0.47824013233184814,0.07461898028850555,0.4850258231163025,0.007258281111717224,-0.006785690784454346,0,1
burst_medium,relative_observable,141,uncond_sdedit_t2,0.07145532965660095,0.16298168897628784,0.0738467127084732,0.1728048026561737,-0.0023913830518722534,-0.009823113679885864,1,1
burst_medium,relative_observable,142,uncond_sdedit_t2,0.15022407472133636,0.47676366567611694,0.09376534074544907,0.4888019561767578,0.0564587339758873,-0.01203829050064087,0,1
burst_medium,relative_observable,143,uncond_sdedit_t2,0.04355975240468979,0.3356446921825409,0.032912321388721466,0.3386768400669098,0.010647431015968323,-0.0030321478843688965,0,1
burst_medium,relative_observable,144,uncond_sdedit_t2,0.0511130765080452,0.18508775532245636,0.048276614397764206,0.1882076859474182,0.0028364621102809906,-0.003119930624961853,0,1
burst_medium,relative_observable,145,uncond_sdedit_t2,0.08042830228805542,0.5342109799385071,0.07056863605976105,0.5382494926452637,0.009859666228294373,-0.004038512706756592,0,1
burst_medium,relative_observable,146,uncond_sdedit_t2,0.14848749339580536,0.44399845600128174,0.08478172868490219,0.4539215862751007,0.06370576471090317,-0.00992313027381897,0,1
burst_medium,relative_observable,147,uncond_sdedit_t2,0.07901588082313538,0.28290364146232605,0.0762261301279068,0.29200494289398193,0.0027897506952285767,-0.009101301431655884,0,1
burst_medium,relative_observable,148,uncond_sdedit_t2,0.07966053485870361,0.27268972992897034,0.07009012997150421,0.282833069562912,0.009570404887199402,-0.01014333963394165,0,1
burst_medium,relative_observable,149,uncond_sdedit_t2,0.061066143214702606,0.08071986585855484,0.06074744462966919,0.0878491997718811,0.00031869858503341675,-0.007129333913326263,0,1
burst_medium,relative_observable,150,uncond_sdedit_t2,0.07166443765163422,0.23337936401367188,0.06911960989236832,0.2441294938325882,0.0025448277592658997,-0.01075012981891632,0,1
burst_medium,relative_observable,151,uncond_sdedit_t2,0.11236973106861115,0.30389463901519775,0.09365078061819077,0.3138548731803894,0.01871895045042038,-0.00996023416519165,0,1
burst_medium,relative_observable,152,uncond_sdedit_t2,0.0850382149219513,0.2770920395851135,0.0868196114897728,0.2840040922164917,-0.0017813965678215027,-0.006912052631378174,1,1
burst_medium,relative_observable,153,uncond_sdedit_t2,0.12203925848007202,0.31385496258735657,0.09462971985340118,0.32522523403167725,0.027409538626670837,-0.011370271444320679,0,1
burst_medium,relative_observable,154,uncond_sdedit_t2,0.05916925519704819,0.17027920484542847,0.054679274559020996,0.1729407161474228,0.004489980638027191,-0.0026615113019943237,0,1
burst_medium,relative_observable,155,uncond_sdedit_t2,0.1213444322347641,0.3587811589241028,0.12182086706161499,0.3715842068195343,-0.0004764348268508911,-0.012803047895431519,1,1
burst_medium,relative_observable,156,uncond_sdedit_t2,0.06891743093729019,0.18921548128128052,0.06994490325450897,0.19783754646778107,-0.0010274723172187805,-0.00862206518650055,1,1
burst_medium,relative_observable,157,uncond_sdedit_t2,0.07591571658849716,0.22519932687282562,0.06797022372484207,0.23424898087978363,0.00794549286365509,-0.009049654006958008,0,1
burst_medium,relative_observable,158,uncond_sdedit_t2,0.08794856816530228,0.2404622733592987,0.08002160489559174,0.25112786889076233,0.00792696326971054,-0.010665595531463623,0,1
burst_medium,relative_observable,159,uncond_sdedit_t2,0.08428879082202911,0.209764763712883,0.0849861353635788,0.22067242860794067,-0.0006973445415496826,-0.010907664895057678,1,1
burst_medium,relative_observable,160,uncond_sdedit_t2,0.05691203474998474,0.32791316509246826,0.05187494307756424,0.3308912217617035,0.005037091672420502,-0.0029780566692352295,0,1
burst_medium,relative_observable,161,uncond_sdedit_t2,0.05055375024676323,0.2525641620159149,0.05187161639332771,0.2634957432746887,-0.0013178661465644836,-0.010931581258773804,1,1
burst_medium,relative_observable,162,uncond_sdedit_t2,0.1183786615729332,0.37831613421440125,0.11878645420074463,0.39408454298973083,-0.0004077926278114319,-0.01576840877532959,1,1
burst_medium,relative_observable,163,uncond_sdedit_t2,0.08452221751213074,0.18690715730190277,0.08465457707643509,0.1955966353416443,-0.0001323595643043518,-0.008689478039741516,1,1
burst_medium,relative_observable,164,uncond_sdedit_t2,0.045007288455963135,0.16538172960281372,0.045898426324129105,0.16851943731307983,-0.0008911378681659698,-0.0031377077102661133,1,1
burst_medium,relative_observable,165,uncond_sdedit_t2,0.07068811357021332,0.3982214629650116,0.05719785764813423,0.4051555395126343,0.013490255922079086,-0.006934076547622681,0,1
burst_medium,relative_observable,166,uncond_sdedit_t2,0.09414743632078171,0.21761828660964966,0.0891961082816124,0.2244141399860382,0.0049513280391693115,-0.00679585337638855,0,1
burst_medium,relative_observable,167,uncond_sdedit_t2,0.1571994572877884,0.6770721077919006,0.12830720841884613,0.6948854923248291,0.02889224886894226,-0.017813384532928467,0,1
burst_medium,relative_observable,168,uncond_sdedit_t2,0.05314572528004646,0.2622746229171753,0.04692081734538078,0.2675940990447998,0.00622490793466568,-0.005319476127624512,0,1
burst_medium,relative_observable,169,uncond_sdedit_t2,0.08059703558683395,0.22528184950351715,0.06279091536998749,0.236150324344635,0.017806120216846466,-0.010868474841117859,0,1
burst_medium,relative_observable,170,uncond_sdedit_t2,0.06606774032115936,0.18605279922485352,0.05161517113447189,0.19634424149990082,0.01445256918668747,-0.010291442275047302,0,1
burst_medium,relative_observable,171,uncond_sdedit_t2,0.07512746751308441,0.26930224895477295,0.07560204714536667,0.27954426407814026,-0.0004745796322822571,-0.01024201512336731,1,1
burst_medium,relative_observable,172,uncond_sdedit_t2,0.0713612288236618,0.5212644338607788,0.061347801238298416,0.5277350544929504,0.010013427585363388,-0.006470620632171631,0,1
burst_medium,relative_observable,173,uncond_sdedit_t2,0.0996982529759407,0.2776309847831726,0.10277597606182098,0.2887119948863983,-0.0030777230858802795,-0.011081010103225708,1,1
burst_medium,relative_observable,174,uncond_sdedit_t2,0.0791475921869278,0.24296098947525024,0.07856611907482147,0.25247329473495483,0.0005814731121063232,-0.00951230525970459,0,1
burst_medium,relative_observable,175,uncond_sdedit_t2,0.08478718250989914,0.31808316707611084,0.08694736659526825,0.32760143280029297,-0.00216018408536911,-0.009518265724182129,1,1
burst_medium,relative_observable,176,uncond_sdedit_t2,0.06806345283985138,0.1609465628862381,0.07142369449138641,0.17096015810966492,-0.003360241651535034,-0.010013595223426819,1,1
burst_medium,relative_observable,177,uncond_sdedit_t2,0.07228248566389084,0.2243250012397766,0.06921261548995972,0.23120032250881195,0.003069870173931122,-0.006875321269035339,0,1
burst_medium,relative_observable,178,uncond_sdedit_t2,0.09645719081163406,0.31286147236824036,0.09701929986476898,0.32586631178855896,-0.0005621090531349182,-0.013004839420318604,1,1
burst_medium,relative_observable,179,uncond_sdedit_t2,0.08954744040966034,0.36821553111076355,0.08619172126054764,0.38148483633995056,0.0033557191491127014,-0.013269305229187012,0,1
burst_medium,relative_observable,180,uncond_sdedit_t2,0.06350851058959961,0.39470329880714417,0.061036061495542526,0.4010937511920929,0.002472449094057083,-0.0063904523849487305,0,1
burst_medium,relative_observable,181,uncond_sdedit_t2,0.05515855550765991,0.18447278439998627,0.055804718285799026,0.1890474259853363,-0.0006461627781391144,-0.004574641585350037,1,1
burst_medium,relative_observable,182,uncond_sdedit_t2,0.08420903235673904,0.21792656183242798,0.08134911209344864,0.2261330783367157,0.0028599202632904053,-0.00820651650428772,0,1
burst_medium,relative_observable,183,uncond_sdedit_t2,0.10627647489309311,0.329009473323822,0.0863550528883934,0.34100744128227234,0.019921422004699707,-0.011997967958450317,0,1
burst_medium,relative_observable,184,uncond_sdedit_t2,0.12595564126968384,0.3587815761566162,0.1069718450307846,0.3727056682109833,0.01898379623889923,-0.013924092054367065,0,1
burst_medium,relative_observable,185,uncond_sdedit_t2,0.09318006038665771,0.2630045711994171,0.07531929761171341,0.2733782231807709,0.017860762774944305,-0.01037365198135376,0,1
burst_medium,relative_observable,186,uncond_sdedit_t2,0.06162818521261215,0.16450612246990204,0.04698377475142479,0.171335369348526,0.014644410461187363,-0.006829246878623962,0,1
burst_medium,relative_observable,187,uncond_sdedit_t2,0.07851152867078781,0.21073080599308014,0.0796935111284256,0.2150053083896637,-0.0011819824576377869,-0.004274502396583557,1,1
burst_medium,relative_observable,188,uncond_sdedit_t2,0.08853491395711899,0.5819148421287537,0.0697694942355156,0.5877601504325867,0.018765419721603394,-0.005845308303833008,0,1
burst_medium,relative_observable,189,uncond_sdedit_t2,0.058593910187482834,0.142314612865448,0.052720315754413605,0.1492646336555481,0.005873594433069229,-0.006950020790100098,0,1
burst_medium,relative_observable,190,uncond_sdedit_t2,0.09062483161687851,0.22835104167461395,0.08642056584358215,0.23414461314678192,0.004204265773296356,-0.005793571472167969,0,1
burst_medium,relative_observable,191,uncond_sdedit_t2,0.0765809714794159,0.5283173322677612,0.048312388360500336,0.5294701457023621,0.028268583118915558,-0.00115281343460083,0,1
burst_medium,relative_observable,192,uncond_sdedit_t2,0.07080303132534027,0.3003877103328705,0.06732799112796783,0.3086536228656769,0.0034750401973724365,-0.008265912532806396,0,1
burst_medium,relative_observable,193,uncond_sdedit_t2,0.06619654595851898,0.20099705457687378,0.06744597852230072,0.2097724974155426,-0.0012494325637817383,-0.008775442838668823,1,1
burst_medium,relative_observable,194,uncond_sdedit_t2,0.09638932347297668,0.3459184765815735,0.09392242878675461,0.3610383868217468,0.0024668946862220764,-0.01511991024017334,0,1
burst_medium,relative_observable,195,uncond_sdedit_t2,0.1031031608581543,0.23474158346652985,0.08507944643497467,0.2466791272163391,0.018023714423179626,-0.011937543749809265,0,1
burst_medium,relative_observable,196,uncond_sdedit_t2,0.09373320639133453,0.3228462040424347,0.08384605497121811,0.33478039503097534,0.009887151420116425,-0.01193419098854065,0,1
burst_medium,relative_observable,197,uncond_sdedit_t2,0.12683075666427612,0.4484490156173706,0.1008852869272232,0.4510382413864136,0.025945469737052917,-0.0025892257690429688,0,1
burst_medium,relative_observable,198,uncond_sdedit_t2,0.10538269579410553,0.27690190076828003,0.08741427212953568,0.28827643394470215,0.017968423664569855,-0.01137453317642212,0,1
burst_medium,relative_observable,199,uncond_sdedit_t2,0.06855668127536774,0.43363261222839355,0.06545940041542053,0.43930739164352417,0.0030972808599472046,-0.005674779415130615,0,1
burst_medium,relative_observable,0,cond_residual_t20,0.0273054800927639,0.16076520085334778,0.03398624807596207,0.19906097650527954,-0.006680767983198166,-0.03829577565193176,1,1
burst_medium,relative_observable,1,cond_residual_t20,0.0787736251950264,0.19536563754081726,0.07058447599411011,0.2566615343093872,0.00818914920091629,-0.061295896768569946,0,1
burst_medium,relative_observable,2,cond_residual_t20,0.08114901930093765,0.5305249691009521,0.08588328212499619,0.5629985332489014,-0.004734262824058533,-0.03247356414794922,1,1
burst_medium,relative_observable,3,cond_residual_t20,0.1021692305803299,0.24223613739013672,0.08718511462211609,0.3068051040172577,0.014984115958213806,-0.06456896662712097,0,1
burst_medium,relative_observable,4,cond_residual_t20,0.0830598771572113,0.11722657084465027,0.07920411974191666,0.18907733261585236,0.003855757415294647,-0.07185076177120209,0,1
burst_medium,relative_observable,5,cond_residual_t20,0.040764566510915756,0.08791850507259369,0.037656791508197784,0.15963441133499146,0.003107775002717972,-0.07171590626239777,0,1
burst_medium,relative_observable,6,cond_residual_t20,0.149769589304924,0.4605117440223694,0.06405897438526154,0.4949052631855011,0.08571061491966248,-0.034393519163131714,0,1
burst_medium,relative_observable,7,cond_residual_t20,0.08314742892980576,0.24252411723136902,0.06323477625846863,0.3182837665081024,0.019912652671337128,-0.0757596492767334,0,1
burst_medium,relative_observable,8,cond_residual_t20,0.10132499039173126,0.3176128566265106,0.1069340705871582,0.43814343214035034,-0.005609080195426941,-0.12053057551383972,1,1
burst_medium,relative_observable,9,cond_residual_t20,0.08651797473430634,0.25230661034584045,0.08869922906160355,0.32131871581077576,-0.0021812543272972107,-0.0690121054649353,1,1
burst_medium,relative_observable,10,cond_residual_t20,0.1183600053191185,0.18995459377765656,0.0895659402012825,0.2620384395122528,0.028794065117836,-0.07208384573459625,0,1
burst_medium,relative_observable,11,cond_residual_t20,0.14909546077251434,0.6960852146148682,0.10982935130596161,0.699356734752655,0.039266109466552734,-0.0032715201377868652,0,1
burst_medium,relative_observable,12,cond_residual_t20,0.06399836391210556,0.5059861540794373,0.05896243453025818,0.5564025640487671,0.005035929381847382,-0.050416409969329834,0,1
burst_medium,relative_observable,13,cond_residual_t20,0.1330742985010147,0.24263040721416473,0.11422604322433472,0.34205448627471924,0.018848255276679993,-0.0994240790605545,0,1
burst_medium,relative_observable,14,cond_residual_t20,0.08999888598918915,0.2454330176115036,0.0889425054192543,0.31462711095809937,0.001056380569934845,-0.06919409334659576,0,1
burst_medium,relative_observable,15,cond_residual_t20,0.0465780571103096,0.08038737624883652,0.044453274458646774,0.1353684812784195,0.0021247826516628265,-0.05498110502958298,0,1
burst_medium,relative_observable,16,cond_residual_t20,0.12104544788599014,0.30407291650772095,0.10141360759735107,0.3969649374485016,0.01963184028863907,-0.09289202094078064,0,1
burst_medium,relative_observable,17,cond_residual_t20,0.12158443033695221,0.42519909143447876,0.12180962413549423,0.5239026546478271,-0.0002251937985420227,-0.09870356321334839,1,1
burst_medium,relative_observable,18,cond_residual_t20,0.056429874151945114,0.273326575756073,0.06074003130197525,0.32903558015823364,-0.004310157150030136,-0.055709004402160645,1,1
burst_medium,relative_observable,19,cond_residual_t20,0.09324416518211365,0.6198098659515381,0.06579671800136566,0.6923485994338989,0.027447447180747986,-0.07253873348236084,0,1
burst_medium,relative_observable,20,cond_residual_t20,0.057548195123672485,0.14425422251224518,0.06195446848869324,0.21442434191703796,-0.004406273365020752,-0.07017011940479279,1,1
burst_medium,relative_observable,21,cond_residual_t20,0.08594393730163574,0.1669965237379074,0.06722058355808258,0.2377854436635971,0.01872335374355316,-0.0707889199256897,0,1
burst_medium,relative_observable,22,cond_residual_t20,0.09035132080316544,0.13073889911174774,0.09630994498729706,0.1904037445783615,-0.005958624184131622,-0.05966484546661377,1,1
burst_medium,relative_observable,23,cond_residual_t20,0.06374368816614151,0.39365720748901367,0.06526504456996918,0.43413424491882324,-0.0015213564038276672,-0.04047703742980957,1,1
burst_medium,relative_observable,24,cond_residual_t20,0.07353126257658005,0.20338664948940277,0.09439590573310852,0.2792722284793854,-0.020864643156528473,-0.0758855789899826,1,1
burst_medium,relative_observable,25,cond_residual_t20,0.1126701608300209,0.14945141971111298,0.08497774600982666,0.1941697895526886,0.027692414820194244,-0.04471836984157562,0,1
burst_medium,relative_observable,26,cond_residual_t20,0.043305810540914536,0.08950954675674438,0.04595797881484032,0.16195973753929138,-0.0026521682739257812,-0.072450190782547,1,1
burst_medium,relative_observable,27,cond_residual_t20,0.0713183730840683,0.09269671142101288,0.044405851513147354,0.14050047099590302,0.026912521570920944,-0.04780375957489014,0,1
burst_medium,relative_observable,28,cond_residual_t20,0.10027964413166046,0.3718731701374054,0.0635489970445633,0.3845445513725281,0.03673064708709717,-0.01267138123512268,0,1
burst_medium,relative_observable,29,cond_residual_t20,0.10321041196584702,0.26773661375045776,0.06668880581855774,0.33338749408721924,0.036521606147289276,-0.06565088033676147,0,1
burst_medium,relative_observable,30,cond_residual_t20,0.0685858428478241,0.19442665576934814,0.07173442095518112,0.26206672191619873,-0.003148578107357025,-0.06764006614685059,1,1
burst_medium,relative_observable,31,cond_residual_t20,0.09143044054508209,0.16832786798477173,0.09201844036579132,0.23298436403274536,-0.0005879998207092285,-0.06465649604797363,1,1
burst_medium,relative_observable,32,cond_residual_t20,0.08689319342374802,0.201679527759552,0.08686502277851105,0.2849348485469818,2.8170645236968994e-05,-0.08325532078742981,0,1
burst_medium,relative_observable,33,cond_residual_t20,0.1572427600622177,0.5569286346435547,0.07458179444074631,0.587377667427063,0.0826609656214714,-0.0304490327835083,0,1
burst_medium,relative_observable,34,cond_residual_t20,0.08802156150341034,0.23275603353977203,0.07907097041606903,0.3126111626625061,0.008950591087341309,-0.07985512912273407,0,1
burst_medium,relative_observable,35,cond_residual_t20,0.06149805709719658,0.09686772525310516,0.04635611176490784,0.1611904501914978,0.015141945332288742,-0.06432272493839264,0,1
burst_medium,relative_observable,36,cond_residual_t20,0.1408969759941101,0.24712294340133667,0.08090303093194962,0.3107963502407074,0.05999394506216049,-0.06367340683937073,0,1
burst_medium,relative_observable,37,cond_residual_t20,0.053433336317539215,0.13607241213321686,0.052293770015239716,0.1872253715991974,0.0011395663022994995,-0.05115295946598053,0,1
burst_medium,relative_observable,38,cond_residual_t20,0.08640656620264053,0.24513943493366241,0.08283419907093048,0.3129345178604126,0.0035723671317100525,-0.06779508292675018,0,1
burst_medium,relative_observable,39,cond_residual_t20,0.063901886343956,0.052711840718984604,0.04119951277971268,0.08781984448432922,0.022702373564243317,-0.03510800376534462,0,1
burst_medium,relative_observable,40,cond_residual_t20,0.08843562752008438,0.19389942288398743,0.09958430379629135,0.2733535170555115,-0.01114867627620697,-0.07945409417152405,1,1
burst_medium,relative_observable,41,cond_residual_t20,0.13912825286388397,0.4558585584163666,0.11463101953268051,0.524155855178833,0.02449723333120346,-0.06829729676246643,0,1
burst_medium,relative_observable,42,cond_residual_t20,0.0806703120470047,0.1798088550567627,0.05482613295316696,0.2411133497953415,0.025844179093837738,-0.061304494738578796,0,1
burst_medium,relative_observable,43,cond_residual_t20,0.14168034493923187,0.6325271129608154,0.10673482716083527,0.7006303071975708,0.034945517778396606,-0.06810319423675537,0,1
burst_medium,relative_observable,44,cond_residual_t20,0.10740496963262558,0.22746716439723969,0.09850816428661346,0.31648367643356323,0.008896805346012115,-0.08901651203632355,0,1
burst_medium,relative_observable,45,cond_residual_t20,0.1046818345785141,0.14728516340255737,0.07855905592441559,0.21966804563999176,0.02612277865409851,-0.07238288223743439,0,1
burst_medium,relative_observable,46,cond_residual_t20,0.07168938964605331,0.253440260887146,0.06624674797058105,0.31434938311576843,0.0054426416754722595,-0.060909122228622437,0,1
burst_medium,relative_observable,47,cond_residual_t20,0.07092709839344025,0.09425973147153854,0.06613819301128387,0.14781589806079865,0.004788905382156372,-0.0535561665892601,0,1
burst_medium,relative_observable,48,cond_residual_t20,0.13483381271362305,0.41705113649368286,0.09397555887699127,0.49751731753349304,0.040858253836631775,-0.08046618103981018,0,1
burst_medium,relative_observable,49,cond_residual_t20,0.13344436883926392,0.5426499247550964,0.11146519333124161,0.6089257001876831,0.02197917550802231,-0.06627577543258667,0,1
burst_medium,relative_observable,50,cond_residual_t20,0.04008162021636963,0.09445244818925858,0.04519641399383545,0.1562076210975647,-0.00511479377746582,-0.06175517290830612,1,1
burst_medium,relative_observable,51,cond_residual_t20,0.07922200113534927,0.15225937962532043,0.07313218712806702,0.20192107558250427,0.006089814007282257,-0.04966169595718384,0,1
burst_medium,relative_observable,52,cond_residual_t20,0.055690355598926544,0.20663341879844666,0.045023854821920395,0.24772422015666962,0.01066650077700615,-0.04109080135822296,0,1
burst_medium,relative_observable,53,cond_residual_t20,0.1492486298084259,0.26642951369285583,0.11064229905605316,0.3461756110191345,0.03860633075237274,-0.07974609732627869,0,1
burst_medium,relative_observable,54,cond_residual_t20,0.1405763477087021,0.35898131132125854,0.12841452658176422,0.4582582116127014,0.012161821126937866,-0.09927690029144287,0,1
burst_medium,relative_observable,55,cond_residual_t20,0.12247363477945328,0.2852093577384949,0.08154714852571487,0.3746644854545593,0.0409264862537384,-0.08945512771606445,0,1
burst_medium,relative_observable,56,cond_residual_t20,0.09706473350524902,0.1238977387547493,0.07694923877716064,0.18495190143585205,0.02011549472808838,-0.06105416268110275,0,1
burst_medium,relative_observable,57,cond_residual_t20,0.10964168608188629,0.13794571161270142,0.08500400930643082,0.21093370020389557,0.024637676775455475,-0.07298798859119415,0,1
burst_medium,relative_observable,58,cond_residual_t20,0.10921873152256012,0.25113293528556824,0.1108124628663063,0.32851800322532654,-0.0015937313437461853,-0.0773850679397583,1,1
burst_medium,relative_observable,59,cond_residual_t20,0.09418712556362152,0.21690376102924347,0.09877918660640717,0.28294479846954346,-0.0045920610427856445,-0.06604103744029999,1,1
burst_medium,relative_observable,60,cond_residual_t20,0.13758017122745514,0.3702471852302551,0.08180990815162659,0.4594409763813019,0.05577026307582855,-0.08919379115104675,0,1
burst_medium,relative_observable,61,cond_residual_t20,0.07218994200229645,0.20972520112991333,0.08088365197181702,0.3131392002105713,-0.008693709969520569,-0.10341399908065796,1,1
burst_medium,relative_observable,62,cond_residual_t20,0.08701950311660767,0.31718307733535767,0.09829530864953995,0.4076818823814392,-0.011275805532932281,-0.09049880504608154,1,1
burst_medium,relative_observable,63,cond_residual_t20,0.053340256214141846,0.15061944723129272,0.06707119941711426,0.23759447038173676,-0.013730943202972412,-0.08697502315044403,1,1
burst_medium,relative_observable,64,cond_residual_t20,0.07329973578453064,0.15353423357009888,0.06970775127410889,0.2206893414258957,0.003591984510421753,-0.06715510785579681,0,1
burst_medium,relative_observable,65,cond_residual_t20,0.06907911598682404,0.2188040316104889,0.07169471681118011,0.3286368250846863,-0.002615600824356079,-0.10983279347419739,1,1
burst_medium,relative_observable,66,cond_residual_t20,0.04710846766829491,0.14467330276966095,0.04877606779336929,0.21061056852340698,-0.0016676001250743866,-0.06593726575374603,1,1
burst_medium,relative_observable,67,cond_residual_t20,0.15358558297157288,0.1653771549463272,0.06924092769622803,0.2455410361289978,0.08434465527534485,-0.0801638811826706,0,1
burst_medium,relative_observable,68,cond_residual_t20,0.04013088345527649,0.13807474076747894,0.042244765907526016,0.17990075051784515,-0.002113882452249527,-0.04182600975036621,1,1
burst_medium,relative_observable,69,cond_residual_t20,0.12060252577066422,0.29953938722610474,0.08163657039403915,0.35969603061676025,0.03896595537662506,-0.06015664339065552,0,1
burst_medium,relative_observable,70,cond_residual_t20,0.09851287305355072,0.3398268520832062,0.06556742638349533,0.41472750902175903,0.03294544667005539,-0.07490065693855286,0,1
burst_medium,relative_observable,71,cond_residual_t20,0.06619332730770111,0.4832277297973633,0.04230206087231636,0.5459561944007874,0.02389126643538475,-0.06272846460342407,0,1
burst_medium,relative_observable,72,cond_residual_t20,0.0577750988304615,0.17097347974777222,0.04700745642185211,0.23530834913253784,0.01076764240860939,-0.06433486938476562,0,1
burst_medium,relative_observable,73,cond_residual_t20,0.06610355526208878,0.1552075296640396,0.057181842625141144,0.20057940483093262,0.008921712636947632,-0.045371875166893005,0,1
burst_medium,relative_observable,74,cond_residual_t20,0.08527716249227524,0.38567325472831726,0.05477675795555115,0.44030168652534485,0.03050040453672409,-0.05462843179702759,0,1
burst_medium,relative_observable,75,cond_residual_t20,0.056547366082668304,0.13258704543113708,0.0610232874751091,0.20391075313091278,-0.004475921392440796,-0.0713237076997757,1,1
burst_medium,relative_observable,76,cond_residual_t20,0.09401580691337585,0.23194657266139984,0.10453037917613983,0.3173968195915222,-0.010514572262763977,-0.08545024693012238,1,1
burst_medium,relative_observable,77,cond_residual_t20,0.07295013964176178,0.11574416607618332,0.06645121425390244,0.15991947054862976,0.0064989253878593445,-0.04417530447244644,0,1
burst_medium,relative_observable,78,cond_residual_t20,0.04823324829339981,0.108733631670475,0.04356641322374344,0.1722274273633957,0.004666835069656372,-0.06349379569292068,0,1
burst_medium,relative_observable,79,cond_residual_t20,0.06769875437021255,0.10360923409461975,0.057508356869220734,0.17377102375030518,0.010190397500991821,-0.07016178965568542,0,1
burst_medium,relative_observable,80,cond_residual_t20,0.08172515779733658,0.1461740881204605,0.08191931992769241,0.22232024371623993,-0.00019416213035583496,-0.07614615559577942,1,1
burst_medium,relative_observable,81,cond_residual_t20,0.05245893448591232,0.17947393655776978,0.0517447404563427,0.2435705065727234,0.0007141940295696259,-0.06409657001495361,0,1
burst_medium,relative_observable,82,cond_residual_t20,0.0677080750465393,0.21126964688301086,0.06192309781908989,0.28372323513031006,0.005784977227449417,-0.0724535882472992,0,1
burst_medium,relative_observable,83,cond_residual_t20,0.0859733447432518,0.23965829610824585,0.07308986037969589,0.29769468307495117,0.012883484363555908,-0.05803638696670532,0,1
burst_medium,relative_observable,84,cond_residual_t20,0.16989240050315857,0.4054446816444397,0.08236507326364517,0.41865137219429016,0.0875273272395134,-0.013206690549850464,0,1
burst_medium,relative_observable,85,cond_residual_t20,0.12341032177209854,0.47413888573646545,0.1011456698179245,0.5367931127548218,0.022264651954174042,-0.06265422701835632,0,1
burst_medium,relative_observable,86,cond_residual_t20,0.09187941253185272,0.2222222536802292,0.09779046475887299,0.31344401836395264,-0.005911052227020264,-0.09122176468372345,1,1
burst_medium,relative_observable,87,cond_residual_t20,0.08512575924396515,0.47245126962661743,0.06611552089452744,0.536236047744751,0.019010238349437714,-0.06378477811813354,0,1
burst_medium,relative_observable,88,cond_residual_t20,0.09735710918903351,0.15807317197322845,0.09110252559185028,0.2550848722457886,0.0062545835971832275,-0.09701170027256012,0,1
burst_medium,relative_observable,89,cond_residual_t20,0.0742451399564743,0.11638103425502777,0.06034114211797714,0.20722946524620056,0.013903997838497162,-0.09084843099117279,0,1
burst_medium,relative_observable,90,cond_residual_t20,0.11204509437084198,0.4230100214481354,0.074952132999897,0.43418481945991516,0.03709296137094498,-0.011174798011779785,0,1
burst_medium,relative_observable,91,cond_residual_t20,0.06642596423625946,0.13411496579647064,0.07384546101093292,0.20536847412586212,-0.007419496774673462,-0.07125350832939148,1,1
burst_medium,relative_observable,92,cond_residual_t20,0.10481022298336029,0.19809310138225555,0.10116122663021088,0.2674270272254944,0.003648996353149414,-0.06933392584323883,0,1
burst_medium,relative_observable,93,cond_residual_t20,0.049495965242385864,0.14389252662658691,0.06258173286914825,0.2330685406923294,-0.01308576762676239,-0.08917601406574249,1,1
burst_medium,relative_observable,94,cond_residual_t20,0.09799058735370636,0.44781479239463806,0.0978124663233757,0.5266554355621338,0.00017812103033065796,-0.07884064316749573,0,1
burst_medium,relative_observable,95,cond_residual_t20,0.08158060908317566,0.285256952047348,0.0748744010925293,0.3301992416381836,0.006706207990646362,-0.04494228959083557,0,1
burst_medium,relative_observable,96,cond_residual_t20,0.07856012880802155,0.15755373239517212,0.07206559181213379,0.2194472700357437,0.006494536995887756,-0.061893537640571594,0,1
burst_medium,relative_observable,97,cond_residual_t20,0.06404757499694824,0.09880566596984863,0.04910341277718544,0.17065292596817017,0.014944162219762802,-0.07184725999832153,0,1
burst_medium,relative_observable,98,cond_residual_t20,0.1127459853887558,0.14814165234565735,0.08164715766906738,0.20284998416900635,0.031098827719688416,-0.054708331823349,0,1
burst_medium,relative_observable,99,cond_residual_t20,0.09235049784183502,0.35151126980781555,0.07820911705493927,0.4280928373336792,0.014141380786895752,-0.07658156752586365,0,1
burst_medium,relative_observable,100,cond_residual_t20,0.13395185768604279,0.6162615418434143,0.08162395656108856,0.6734002232551575,0.052327901124954224,-0.057138681411743164,0,1
burst_medium,relative_observable,101,cond_residual_t20,0.11143146455287933,0.13546937704086304,0.07110415399074554,0.22261568903923035,0.04032731056213379,-0.08714631199836731,0,1
burst_medium,relative_observable,102,cond_residual_t20,0.07436220347881317,0.1481703519821167,0.05298437550663948,0.19750399887561798,0.02137782797217369,-0.04933364689350128,0,1
burst_medium,relative_observable,103,cond_residual_t20,0.09323391318321228,0.15667752921581268,0.059646766632795334,0.22783377766609192,0.033587146550416946,-0.07115624845027924,0,1
burst_medium,relative_observable,104,cond_residual_t20,0.09825990349054337,0.23783598840236664,0.09216001629829407,0.327699214220047,0.006099887192249298,-0.08986322581768036,0,1
burst_medium,relative_observable,105,cond_residual_t20,0.06349460035562515,0.10898897051811218,0.06182171031832695,0.1641511619091034,0.0016728900372982025,-0.05516219139099121,0,1
burst_medium,relative_observable,106,cond_residual_t20,0.0652812048792839,0.1532726287841797,0.06459461152553558,0.21167097985744476,0.0006865933537483215,-0.058398351073265076,0,1
burst_medium,relative_observable,107,cond_residual_t20,0.17885929346084595,0.3256077170372009,0.06714530289173126,0.4153343141078949,0.11171399056911469,-0.08972659707069397,0,1
burst_medium,relative_observable,108,cond_residual_t20,0.14948950707912445,0.4904578626155853,0.09340374916791916,0.5367811918258667,0.05608575791120529,-0.04632332921028137,0,1
burst_medium,relative_observable,109,cond_residual_t20,0.09373828023672104,0.21525508165359497,0.0826718732714653,0.277363657951355,0.011066406965255737,-0.06210857629776001,0,1
burst_medium,relative_observable,110,cond_residual_t20,0.13648393750190735,0.48398536443710327,0.11049308627843857,0.5907729864120483,0.02599085122346878,-0.10678762197494507,0,1
burst_medium,relative_observable,111,cond_residual_t20,0.07527696341276169,0.16091510653495789,0.0695476084947586,0.21987220644950867,0.005729354918003082,-0.05895709991455078,0,1
burst_medium,relative_observable,112,cond_residual_t20,0.06386898458003998,0.13456346094608307,0.06554581969976425,0.17301805317401886,-0.0016768351197242737,-0.03845459222793579,1,1
burst_medium,relative_observable,113,cond_residual_t20,0.08524949103593826,0.40827977657318115,0.05692858621478081,0.46470907330513,0.028320904821157455,-0.05642929673194885,0,1
burst_medium,relative_observable,114,cond_residual_t20,0.12479646503925323,0.5014532804489136,0.06184776499867439,0.5449995994567871,0.06294870376586914,-0.043546319007873535,0,1
burst_medium,relative_observable,115,cond_residual_t20,0.0765513926744461,0.5350388884544373,0.05355895683169365,0.6237977743148804,0.022992435842752457,-0.08875888586044312,0,1
burst_medium,relative_observable,116,cond_residual_t20,0.08269701898097992,0.13719293475151062,0.0719645693898201,0.18533669412136078,0.01073244959115982,-0.04814375936985016,0,1
burst_medium,relative_observable,117,cond_residual_t20,0.08007581532001495,0.16568557918071747,0.07518000900745392,0.2515689432621002,0.004895806312561035,-0.08588336408138275,0,1
burst_medium,relative_observable,118,cond_residual_t20,0.0931955873966217,0.16573889553546906,0.06759702414274216,0.27182576060295105,0.025598563253879547,-0.106086865067482,0,1
burst_medium,relative_observable,119,cond_residual_t20,0.09310884773731232,0.10217767208814621,0.08394239842891693,0.15921328961849213,0.009166449308395386,-0.05703561753034592,0,1
burst_medium,relative_observable,120,cond_residual_t20,0.1070830374956131,0.3494863212108612,0.039890728890895844,0.37918078899383545,0.06719230860471725,-0.029694467782974243,0,1
burst_medium,relative_observable,121,cond_residual_t20,0.04148348048329353,0.07559077441692352,0.04539627581834793,0.11216577887535095,-0.003912795335054398,-0.03657500445842743,1,1
burst_medium,relative_observable,122,cond_residual_t20,0.07152582705020905,0.5249713659286499,0.05763287469744682,0.5427233576774597,0.013892952352762222,-0.017751991748809814,0,1
burst_medium,relative_observable,123,cond_residual_t20,0.06419297307729721,0.17145997285842896,0.06443923711776733,0.26820528507232666,-0.0002462640404701233,-0.0967453122138977,1,1
burst_medium,relative_observable,124,cond_residual_t20,0.09895582497119904,0.30233272910118103,0.10200975090265274,0.3855089247226715,-0.003053925931453705,-0.08317619562149048,1,1
burst_medium,relative_observable,125,cond_residual_t20,0.13100406527519226,0.3668883144855499,0.08087308704853058,0.4196929931640625,0.05013097822666168,-0.05280467867851257,0,1
burst_medium,relative_observable,126,cond_residual_t20,0.10156778246164322,0.22682493925094604,0.0694720596075058,0.30630210041999817,0.03209572285413742,-0.07947716116905212,0,1
burst_medium,relative_observable,127,cond_residual_t20,0.07085084915161133,0.16362935304641724,0.061055999249219894,0.264880508184433,0.009794849902391434,-0.10125115513801575,0,1
burst_medium,relative_observable,128,cond_residual_t20,0.08567001670598984,0.23704089224338531,0.07405908405780792,0.31111201643943787,0.011610932648181915,-0.07407112419605255,0,1
burst_medium,relative_observable,129,cond_residual_t20,0.08128015697002411,0.4384954273700714,0.08314810693264008,0.5184347033500671,-0.0018679499626159668,-0.07993927597999573,1,1
burst_medium,relative_observable,130,cond_residual_t20,0.06350459903478622,0.28051677346229553,0.056760381907224655,0.3626421093940735,0.006744217127561569,-0.08212533593177795,0,1
burst_medium,relative_observable,131,cond_residual_t20,0.20040464401245117,0.6200909614562988,0.11834840476512909,0.6911360025405884,0.08205623924732208,-0.07104504108428955,0,1
burst_medium,relative_observable,132,cond_residual_t20,0.07791388034820557,0.18448655307292938,0.07456599175930023,0.24502748250961304,0.0033478885889053345,-0.060540929436683655,0,1
burst_medium,relative_observable,133,cond_residual_t20,0.13250885903835297,0.19931119680404663,0.09544985741376877,0.2808677554130554,0.0370590016245842,-0.08155655860900879,0,1
burst_medium,relative_observable,134,cond_residual_t20,0.02710876241326332,0.05288870632648468,0.028182363137602806,0.10669277608394623,-0.0010736007243394852,-0.05380406975746155,1,1
burst_medium,relative_observable,135,cond_residual_t20,0.11303655803203583,0.2047397792339325,0.10603250563144684,0.3127267360687256,0.007004052400588989,-0.10798695683479309,0,1
burst_medium,relative_observable,136,cond_residual_t20,0.06723307818174362,0.17562445998191833,0.0487653985619545,0.22217565774917603,0.018467679619789124,-0.04655119776725769,0,1
burst_medium,relative_observable,137,cond_residual_t20,0.09034508466720581,0.2346341907978058,0.09861442446708679,0.30332040786743164,-0.008269339799880981,-0.06868621706962585,1,1
burst_medium,relative_observable,138,cond_residual_t20,0.08954054117202759,0.11800535768270493,0.05002585053443909,0.1631203293800354,0.0395146906375885,-0.045114971697330475,0,1
burst_medium,relative_observable,139,cond_residual_t20,0.059032268822193146,0.10306689143180847,0.059825994074344635,0.14398519694805145,-0.0007937252521514893,-0.04091830551624298,1,1
burst_medium,relative_observable,140,cond_residual_t20,0.09000249207019806,0.446001261472702,0.07461898028850555,0.4850258231163025,0.015383511781692505,-0.039024561643600464,0,1
burst_medium,relative_observable,141,cond_residual_t20,0.07729952037334442,0.12429400533437729,0.0738467127084732,0.1728048026561737,0.003452807664871216,-0.04851079732179642,0,1
burst_medium,relative_observable,142,cond_residual_t20,0.1088685542345047,0.42678701877593994,0.09376534074544907,0.4888019561767578,0.015103213489055634,-0.06201493740081787,0,1
burst_medium,relative_observable,143,cond_residual_t20,0.0365973636507988,0.30407917499542236,0.032912321388721466,0.3386768400669098,0.0036850422620773315,-0.03459766507148743,0,1
burst_medium,relative_observable,144,cond_residual_t20,0.07675640285015106,0.15004274249076843,0.048276614397764206,0.1882076859474182,0.028479788452386856,-0.03816494345664978,0,1
burst_medium,relative_observable,145,cond_residual_t20,0.10688062012195587,0.5194864273071289,0.07056863605976105,0.5382494926452637,0.036311984062194824,-0.018763065338134766,0,1
burst_medium,relative_observable,146,cond_residual_t20,0.17990747094154358,0.3803984820842743,0.08478172868490219,0.4539215862751007,0.09512574225664139,-0.07352310419082642,0,1
burst_medium,relative_observable,147,cond_residual_t20,0.118691585958004,0.23052474856376648,0.0762261301279068,0.29200494289398193,0.0424654558300972,-0.061480194330215454,0,1
burst_medium,relative_observable,148,cond_residual_t20,0.07516667246818542,0.1989373117685318,0.07009012997150421,0.282833069562912,0.005076542496681213,-0.08389575779438019,0,1
burst_medium,relative_observable,149,cond_residual_t20,0.06342849880456924,0.05440127104520798,0.06074744462966919,0.0878491997718811,0.002681054174900055,-0.033447928726673126,0,1
burst_medium,relative_observable,150,cond_residual_t20,0.06842201203107834,0.14813856780529022,0.06911960989236832,0.2441294938325882,-0.000697597861289978,-0.09599092602729797,1,1
burst_medium,relative_observable,151,cond_residual_t20,0.09898745268583298,0.22123348712921143,0.09365078061819077,0.3138548731803894,0.005336672067642212,-0.09262138605117798,0,1
burst_medium,relative_observable,152,cond_residual_t20,0.08917547762393951,0.1932860016822815,0.0868196114897728,0.2840040922164917,0.0023558661341667175,-0.0907180905342102,0,1
burst_medium,relative_observable,153,cond_residual_t20,0.1953054815530777,0.2632405459880829,0.09462971985340118,0.32522523403167725,0.10067576169967651,-0.06198468804359436,0,1
burst_medium,relative_observable,154,cond_residual_t20,0.0947929173707962,0.11715851724147797,0.054679274559020996,0.1729407161474228,0.04011364281177521,-0.055782198905944824,0,1
burst_medium,relative_observable,155,cond_residual_t20,0.11213435232639313,0.28175461292266846,0.12182086706161499,0.3715842068195343,-0.009686514735221863,-0.08982959389686584,1,1
burst_medium,relative_observable,156,cond_residual_t20,0.1033010259270668,0.13829761743545532,0.06994490325450897,0.19783754646778107,0.03335612267255783,-0.059539929032325745,0,1
burst_medium,relative_observable,157,cond_residual_t20,0.07461492717266083,0.179291233420372,0.06797022372484207,0.23424898087978363,0.006644703447818756,-0.05495774745941162,0,1
burst_medium,relative_observable,158,cond_residual_t20,0.09475941210985184,0.16174906492233276,0.08002160489559174,0.25112786889076233,0.014737807214260101,-0.08937880396842957,0,1
burst_medium,relative_observable,159,cond_residual_t20,0.06993315368890762,0.150309219956398,0.0849861353635788,0.22067242860794067,-0.015052981674671173,-0.07036320865154266,1,1
burst_medium,relative_observable,160,cond_residual_t20,0.062453705817461014,0.31511688232421875,0.05187494307756424,0.3308912217617035,0.010578762739896774,-0.01577433943748474,0,1
burst_medium,relative_observable,161,cond_residual_t20,0.07061018794775009,0.1813923418521881,0.05187161639332771,0.2634957432746887,0.01873857155442238,-0.08210340142250061,0,1
burst_medium,relative_observable,162,cond_residual_t20,0.1163005456328392,0.28701382875442505,0.11878645420074463,0.39408454298973083,-0.002485908567905426,-0.10707071423530579,1,1
burst_medium,relative_observable,163,cond_residual_t20,0.0812985971570015,0.13761386275291443,0.08465457707643509,0.1955966353416443,-0.0033559799194335938,-0.05798277258872986,1,1
burst_medium,relative_observable,164,cond_residual_t20,0.05656106024980545,0.10803542286157608,0.045898426324129105,0.16851943731307983,0.010662633925676346,-0.060484014451503754,0,1
burst_medium,relative_observable,165,cond_residual_t20,0.1645113229751587,0.36750680208206177,0.05719785764813423,0.4051555395126343,0.10731346905231476,-0.03764873743057251,0,1
burst_medium,relative_observable,166,cond_residual_t20,0.08403564989566803,0.1496775597333908,0.0891961082816124,0.2244141399860382,-0.0051604583859443665,-0.0747365802526474,1,1
burst_medium,relative_observable,167,cond_residual_t20,0.1700892597436905,0.5970210433006287,0.12830720841884613,0.6948854923248291,0.04178205132484436,-0.09786444902420044,0,1
burst_medium,relative_observable,168,cond_residual_t20,0.07229825854301453,0.21211840212345123,0.04692081734538078,0.2675940990447998,0.025377441197633743,-0.05547569692134857,0,1
burst_medium,relative_observable,169,cond_residual_t20,0.09170657396316528,0.15839187800884247,0.06279091536998749,0.236150324344635,0.028915658593177795,-0.07775844633579254,0,1
burst_medium,relative_observable,170,cond_residual_t20,0.08137468993663788,0.11945298314094543,0.05161517113447189,0.19634424149990082,0.029759518802165985,-0.07689125835895538,0,1
burst_medium,relative_observable,171,cond_residual_t20,0.0681600421667099,0.21573470532894135,0.07560204714536667,0.27954426407814026,-0.007442004978656769,-0.06380955874919891,1,1
burst_medium,relative_observable,172,cond_residual_t20,0.13981686532497406,0.47945621609687805,0.061347801238298416,0.5277350544929504,0.07846906781196594,-0.04827883839607239,0,1
burst_medium,relative_observable,173,cond_residual_t20,0.08987259119749069,0.22269116342067719,0.10277597606182098,0.2887119948863983,-0.012903384864330292,-0.06602083146572113,1,1
burst_medium,relative_observable,174,cond_residual_t20,0.05963798612356186,0.17061074078083038,0.07856611907482147,0.25247329473495483,-0.018928132951259613,-0.08186255395412445,1,1
burst_medium,relative_observable,175,cond_residual_t20,0.0774138942360878,0.23435775935649872,0.08694736659526825,0.32760143280029297,-0.00953347235918045,-0.09324367344379425,1,1
burst_medium,relative_observable,176,cond_residual_t20,0.07016174495220184,0.11357540637254715,0.07142369449138641,0.17096015810966492,-0.0012619495391845703,-0.05738475173711777,1,1
burst_medium,relative_observable,177,cond_residual_t20,0.10315962135791779,0.18033748865127563,0.06921261548995972,0.23120032250881195,0.03394700586795807,-0.050862833857536316,0,1
burst_medium,relative_observable,178,cond_residual_t20,0.07386327534914017,0.2036827951669693,0.09701929986476898,0.32586631178855896,-0.023156024515628815,-0.12218351662158966,1,1
burst_medium,relative_observable,179,cond_residual_t20,0.11758168041706085,0.28255194425582886,0.08619172126054764,0.38148483633995056,0.031389959156513214,-0.0989328920841217,0,1
burst_medium,relative_observable,180,cond_residual_t20,0.08245312422513962,0.3686661720275879,0.061036061495542526,0.4010937511920929,0.02141706272959709,-0.032427579164505005,0,1
burst_medium,relative_observable,181,cond_residual_t20,0.06500626355409622,0.12373717874288559,0.055804718285799026,0.1890474259853363,0.009201545268297195,-0.06531024724245071,0,1
burst_medium,relative_observable,182,cond_residual_t20,0.10761584341526031,0.14892417192459106,0.08134911209344864,0.2261330783367157,0.026266731321811676,-0.07720890641212463,0,1
burst_medium,relative_observable,183,cond_residual_t20,0.09714844077825546,0.24153675138950348,0.0863550528883934,0.34100744128227234,0.01079338788986206,-0.09947068989276886,0,1
burst_medium,relative_observable,184,cond_residual_t20,0.14695613086223602,0.2758810222148895,0.1069718450307846,0.3727056682109833,0.039984285831451416,-0.09682464599609375,0,1
burst_medium,relative_observable,185,cond_residual_t20,0.068926602602005,0.18958435952663422,0.07531929761171341,0.2733782231807709,-0.0063926950097084045,-0.08379386365413666,1,1
burst_medium,relative_observable,186,cond_residual_t20,0.053045522421598434,0.12084785103797913,0.04698377475142479,0.171335369348526,0.006061747670173645,-0.050487518310546875,0,1
burst_medium,relative_observable,187,cond_residual_t20,0.09960438311100006,0.13155551254749298,0.0796935111284256,0.2150053083896637,0.019910871982574463,-0.08344979584217072,0,1
burst_medium,relative_observable,188,cond_residual_t20,0.17201299965381622,0.5377903580665588,0.0697694942355156,0.5877601504325867,0.10224350541830063,-0.04996979236602783,0,1
burst_medium,relative_observable,189,cond_residual_t20,0.06933987885713577,0.0989195853471756,0.052720315754413605,0.1492646336555481,0.016619563102722168,-0.0503450483083725,0,1
burst_medium,relative_observable,190,cond_residual_t20,0.08649411797523499,0.16241125762462616,0.08642056584358215,0.23414461314678192,7.355213165283203e-05,-0.07173335552215576,0,1
burst_medium,relative_observable,191,cond_residual_t20,0.07448834180831909,0.49669232964515686,0.048312388360500336,0.5294701457023621,0.026175953447818756,-0.0327778160572052,0,1
burst_medium,relative_observable,192,cond_residual_t20,0.05790337920188904,0.21142974495887756,0.06732799112796783,0.3086536228656769,-0.009424611926078796,-0.09722387790679932,1,1
burst_medium,relative_observable,193,cond_residual_t20,0.07330809533596039,0.11396060883998871,0.06744597852230072,0.2097724974155426,0.005862116813659668,-0.0958118885755539,0,1
burst_medium,relative_observable,194,cond_residual_t20,0.10409456491470337,0.24207660555839539,0.09392242878675461,0.3610383868217468,0.010172136127948761,-0.11896178126335144,0,1
burst_medium,relative_observable,195,cond_residual_t20,0.10886652767658234,0.1514095813035965,0.08507944643497467,0.2466791272163391,0.023787081241607666,-0.09526954591274261,0,1
burst_medium,relative_observable,196,cond_residual_t20,0.09818700700998306,0.27983471751213074,0.08384605497121811,0.33478039503097534,0.014340952038764954,-0.054945677518844604,0,1
burst_medium,relative_observable,197,cond_residual_t20,0.09223747253417969,0.4393768310546875,0.1008852869272232,0.4510382413864136,-0.008647814393043518,-0.011661410331726074,1,1
burst_medium,relative_observable,198,cond_residual_t20,0.11637284606695175,0.20288938283920288,0.08741427212953568,0.28827643394470215,0.028958573937416077,-0.08538705110549927,0,1
burst_medium,relative_observable,199,cond_residual_t20,0.11436052620410919,0.3886314928531647,0.06545940041542053,0.43930739164352417,0.04890112578868866,-0.0506758987903595,0,1
bias_medium,relative_unobservable,0,noisy_input,0.16255590319633484,0.16573937237262726,0.16255590319633484,0.16573937237262726,0.0,0.0,0,0
bias_medium,relative_unobservable,1,noisy_input,0.10812220722436905,0.07893459498882294,0.10812220722436905,0.07893459498882294,0.0,0.0,0,0
bias_medium,relative_unobservable,2,noisy_input,0.21743659675121307,0.44830000400543213,0.21743659675121307,0.44830000400543213,0.0,0.0,0,0
bias_medium,relative_unobservable,3,noisy_input,0.11595632135868073,0.057770490646362305,0.11595632135868073,0.057770490646362305,0.0,0.0,0,0
bias_medium,relative_unobservable,4,noisy_input,0.1976463496685028,0.03157569468021393,0.1976463496685028,0.03157569468021393,0.0,0.0,0,0
bias_medium,relative_unobservable,5,noisy_input,0.10102866590023041,0.059067368507385254,0.10102866590023041,0.059067368507385254,0.0,0.0,0,0
bias_medium,relative_unobservable,6,noisy_input,0.20763102173805237,0.4641827344894409,0.20763102173805237,0.4641827344894409,0.0,0.0,0,0
bias_medium,relative_unobservable,7,noisy_input,0.2243618220090866,0.1896277517080307,0.2243618220090866,0.1896277517080307,0.0,0.0,0,0
bias_medium,relative_unobservable,8,noisy_input,0.102228082716465,0.11515341699123383,0.102228082716465,0.11515341699123383,0.0,0.0,0,0
bias_medium,relative_unobservable,9,noisy_input,0.12708108127117157,0.04188194498419762,0.12708108127117157,0.04188194498419762,0.0,0.0,0,0
bias_medium,relative_unobservable,10,noisy_input,0.1291222870349884,0.05973544344305992,0.1291222870349884,0.05973544344305992,0.0,0.0,0,0
bias_medium,relative_unobservable,11,noisy_input,0.12199655920267105,0.4552483558654785,0.12199655920267105,0.4552483558654785,0.0,0.0,0,0
bias_medium,relative_unobservable,12,noisy_input,0.14866036176681519,0.38406622409820557,0.14866036176681519,0.38406622409820557,0.0,0.0,0,0
bias_medium,relative_unobservable,13,noisy_input,0.46394985914230347,0.06896308809518814,0.46394985914230347,0.06896308809518814,0.0,0.0,0,0
bias_medium,relative_unobservable,14,noisy_input,0.13633057475090027,0.09623953700065613,0.13633057475090027,0.09623953700065613,0.0,0.0,0,0
bias_medium,relative_unobservable,15,noisy_input,0.0851254016160965,0.0726361870765686,0.0851254016160965,0.0726361870765686,0.0,0.0,0,0
bias_medium,relative_unobservable,16,noisy_input,0.0873584896326065,0.09557832777500153,0.0873584896326065,0.09557832777500153,0.0,0.0,0,0
bias_medium,relative_unobservable,17,noisy_input,0.28387266397476196,0.06592706590890884,0.28387266397476196,0.06592706590890884,0.0,0.0,0,0
bias_medium,relative_unobservable,18,noisy_input,0.16677053272724152,0.16722369194030762,0.16677053272724152,0.16722369194030762,0.0,0.0,0,0
bias_medium,relative_unobservable,19,noisy_input,0.1798481047153473,0.5140883922576904,0.1798481047153473,0.5140883922576904,0.0,0.0,0,0
bias_medium,relative_unobservable,20,noisy_input,0.2691691815853119,0.049511492252349854,0.2691691815853119,0.049511492252349854,0.0,0.0,0,0
bias_medium,relative_unobservable,21,noisy_input,0.36442217230796814,0.05892888084053993,0.36442217230796814,0.05892888084053993,0.0,0.0,0,0
bias_medium,relative_unobservable,22,noisy_input,0.08288097381591797,0.036436717957258224,0.08288097381591797,0.036436717957258224,0.0,0.0,0,0
bias_medium,relative_unobservable,23,noisy_input,0.1694328486919403,0.35897934436798096,0.1694328486919403,0.35897934436798096,0.0,0.0,0,0
bias_medium,relative_unobservable,24,noisy_input,0.11465229839086533,0.03770239278674126,0.11465229839086533,0.03770239278674126,0.0,0.0,0,0
bias_medium,relative_unobservable,25,noisy_input,0.08606503158807755,0.058440957218408585,0.08606503158807755,0.058440957218408585,0.0,0.0,0,0
bias_medium,relative_unobservable,26,noisy_input,0.30854418873786926,0.04637538269162178,0.30854418873786926,0.04637538269162178,0.0,0.0,0,0
bias_medium,relative_unobservable,27,noisy_input,0.11857501417398453,0.05487994849681854,0.11857501417398453,0.05487994849681854,0.0,0.0,0,0
bias_medium,relative_unobservable,28,noisy_input,0.15227851271629333,0.29657867550849915,0.15227851271629333,0.29657867550849915,0.0,0.0,0,0
bias_medium,relative_unobservable,29,noisy_input,0.078067347407341,0.1415998488664627,0.078067347407341,0.1415998488664627,0.0,0.0,0,0
bias_medium,relative_unobservable,30,noisy_input,0.15055875480175018,0.052462853491306305,0.15055875480175018,0.052462853491306305,0.0,0.0,0,0
bias_medium,relative_unobservable,31,noisy_input,0.2012873888015747,0.039978787302970886,0.2012873888015747,0.039978787302970886,0.0,0.0,0,0
bias_medium,relative_unobservable,32,noisy_input,0.04823457449674606,0.04283182695508003,0.04823457449674606,0.04283182695508003,0.0,0.0,0,0
bias_medium,relative_unobservable,33,noisy_input,0.1765875518321991,0.4038246273994446,0.1765875518321991,0.4038246273994446,0.0,0.0,0,0
bias_medium,relative_unobservable,34,noisy_input,0.27622365951538086,0.05712572857737541,0.27622365951538086,0.05712572857737541,0.0,0.0,0,0
bias_medium,relative_unobservable,35,noisy_input,0.10699982941150665,0.08767667412757874,0.10699982941150665,0.08767667412757874,0.0,0.0,0,0
bias_medium,relative_unobservable,36,noisy_input,0.11755581945180893,0.05074656009674072,0.11755581945180893,0.05074656009674072,0.0,0.0,0,0
bias_medium,relative_unobservable,37,noisy_input,0.1441090852022171,0.029633959755301476,0.1441090852022171,0.029633959755301476,0.0,0.0,0,0
bias_medium,relative_unobservable,38,noisy_input,0.15724660456180573,0.07605704665184021,0.15724660456180573,0.07605704665184021,0.0,0.0,0,0
bias_medium,relative_unobservable,39,noisy_input,0.143965482711792,0.038549382239580154,0.143965482711792,0.038549382239580154,0.0,0.0,0,0
bias_medium,relative_unobservable,40,noisy_input,0.3015420138835907,0.048338208347558975,0.3015420138835907,0.048338208347558975,0.0,0.0,0,0
bias_medium,relative_unobservable,41,noisy_input,0.22886571288108826,0.16867777705192566,0.22886571288108826,0.16867777705192566,0.0,0.0,0,0
bias_medium,relative_unobservable,42,noisy_input,0.23851926624774933,0.13053348660469055,0.23851926624774933,0.13053348660469055,0.0,0.0,0,0
bias_medium,relative_unobservable,43,noisy_input,0.2559744119644165,0.49001991748809814,0.2559744119644165,0.49001991748809814,0.0,0.0,0,0
bias_medium,relative_unobservable,44,noisy_input,0.2501196265220642,0.0490962453186512,0.2501196265220642,0.0490962453186512,0.0,0.0,0,0
bias_medium,relative_unobservable,45,noisy_input,0.07592139393091202,0.04747835546731949,0.07592139393091202,0.04747835546731949,0.0,0.0,0,0
bias_medium,relative_unobservable,46,noisy_input,0.1364244818687439,0.15506777167320251,0.1364244818687439,0.15506777167320251,0.0,0.0,0,0
bias_medium,relative_unobservable,47,noisy_input,0.08708831667900085,0.03839884698390961,0.08708831667900085,0.03839884698390961,0.0,0.0,0,0
bias_medium,relative_unobservable,48,noisy_input,0.2814617156982422,0.1748846173286438,0.2814617156982422,0.1748846173286438,0.0,0.0,0,0
bias_medium,relative_unobservable,49,noisy_input,0.11022081226110458,0.4332028925418854,0.11022081226110458,0.4332028925418854,0.0,0.0,0,0
bias_medium,relative_unobservable,50,noisy_input,0.3966444134712219,0.041814714670181274,0.3966444134712219,0.041814714670181274,0.0,0.0,0,0
bias_medium,relative_unobservable,51,noisy_input,0.20600059628486633,0.03507935255765915,0.20600059628486633,0.03507935255765915,0.0,0.0,0,0
bias_medium,relative_unobservable,52,noisy_input,0.1702887862920761,0.13744404911994934,0.1702887862920761,0.13744404911994934,0.0,0.0,0,0
bias_medium,relative_unobservable,53,noisy_input,0.04840502887964249,0.054087862372398376,0.04840502887964249,0.054087862372398376,0.0,0.0,0,0
bias_medium,relative_unobservable,54,noisy_input,0.25447267293930054,0.10357595235109329,0.25447267293930054,0.10357595235109329,0.0,0.0,0,0
bias_medium,relative_unobservable,55,noisy_input,0.17833518981933594,0.1354774683713913,0.17833518981933594,0.1354774683713913,0.0,0.0,0,0
bias_medium,relative_unobservable,56,noisy_input,0.24792857468128204,0.032029394060373306,0.24792857468128204,0.032029394060373306,0.0,0.0,0,0
bias_medium,relative_unobservable,57,noisy_input,0.07075325399637222,0.056832849979400635,0.07075325399637222,0.056832849979400635,0.0,0.0,0,0
bias_medium,relative_unobservable,58,noisy_input,0.17898960411548615,0.04161275178194046,0.17898960411548615,0.04161275178194046,0.0,0.0,0,0
bias_medium,relative_unobservable,59,noisy_input,0.327400267124176,0.04142241179943085,0.327400267124176,0.04142241179943085,0.0,0.0,0,0
bias_medium,relative_unobservable,60,noisy_input,0.3379444479942322,0.23919974267482758,0.3379444479942322,0.23919974267482758,0.0,0.0,0,0
bias_medium,relative_unobservable,61,noisy_input,0.25346121191978455,0.07472478598356247,0.25346121191978455,0.07472478598356247,0.0,0.0,0,0
bias_medium,relative_unobservable,62,noisy_input,0.11903984844684601,0.07266846299171448,0.11903984844684601,0.07266846299171448,0.0,0.0,0,0
bias_medium,relative_unobservable,63,noisy_input,0.1876235455274582,0.049898628145456314,0.1876235455274582,0.049898628145456314,0.0,0.0,0,0
bias_medium,relative_unobservable,64,noisy_input,0.1410444676876068,0.027090124785900116,0.1410444676876068,0.027090124785900116,0.0,0.0,0,0
bias_medium,relative_unobservable,65,noisy_input,0.2888106405735016,0.0654095932841301,0.2888106405735016,0.0654095932841301,0.0,0.0,0,0
bias_medium,relative_unobservable,66,noisy_input,0.4387902617454529,0.08043055981397629,0.4387902617454529,0.08043055981397629,0.0,0.0,0,0
bias_medium,relative_unobservable,67,noisy_input,0.20911917090415955,0.062048688530921936,0.20911917090415955,0.062048688530921936,0.0,0.0,0,0
bias_medium,relative_unobservable,68,noisy_input,0.04294168949127197,0.04258132725954056,0.04294168949127197,0.04258132725954056,0.0,0.0,0,0
bias_medium,relative_unobservable,69,noisy_input,0.13398477435112,0.13801340758800507,0.13398477435112,0.13801340758800507,0.0,0.0,0,0
bias_medium,relative_unobservable,70,noisy_input,0.24418863654136658,0.23125511407852173,0.24418863654136658,0.23125511407852173,0.0,0.0,0,0
bias_medium,relative_unobservable,71,noisy_input,0.2518363296985626,0.403164267539978,0.2518363296985626,0.403164267539978,0.0,0.0,0,0
bias_medium,relative_unobservable,72,noisy_input,0.13171207904815674,0.08638978004455566,0.13171207904815674,0.08638978004455566,0.0,0.0,0,0
bias_medium,relative_unobservable,73,noisy_input,0.3323325514793396,0.07853066921234131,0.3323325514793396,0.07853066921234131,0.0,0.0,0,0
bias_medium,relative_unobservable,74,noisy_input,0.09731759130954742,0.30592986941337585,0.09731759130954742,0.30592986941337585,0.0,0.0,0,0
bias_medium,relative_unobservable,75,noisy_input,0.13609881699085236,0.05600474402308464,0.13609881699085236,0.05600474402308464,0.0,0.0,0,0
bias_medium,relative_unobservable,76,noisy_input,0.10778290033340454,0.03588742017745972,0.10778290033340454,0.03588742017745972,0.0,0.0,0,0
bias_medium,relative_unobservable,77,noisy_input,0.29604196548461914,0.03192667290568352,0.29604196548461914,0.03192667290568352,0.0,0.0,0,0
bias_medium,relative_unobservable,78,noisy_input,0.1684838980436325,0.045761097222566605,0.1684838980436325,0.045761097222566605,0.0,0.0,0,0
bias_medium,relative_unobservable,79,noisy_input,0.0941409096121788,0.046558693051338196,0.0941409096121788,0.046558693051338196,0.0,0.0,0,0
bias_medium,relative_unobservable,80,noisy_input,0.27842751145362854,0.05294637754559517,0.27842751145362854,0.05294637754559517,0.0,0.0,0,0
bias_medium,relative_unobservable,81,noisy_input,0.15829284489154816,0.13659387826919556,0.15829284489154816,0.13659387826919556,0.0,0.0,0,0
bias_medium,relative_unobservable,82,noisy_input,0.09778746962547302,0.14853854477405548,0.09778746962547302,0.14853854477405548,0.0,0.0,0,0
bias_medium,relative_unobservable,83,noisy_input,0.5542881488800049,0.05205375701189041,0.5542881488800049,0.05205375701189041,0.0,0.0,0,0
bias_medium,relative_unobservable,84,noisy_input,0.01995132304728031,0.20953544974327087,0.01995132304728031,0.20953544974327087,0.0,0.0,0,0
bias_medium,relative_unobservable,85,noisy_input,0.3659885823726654,0.36316797137260437,0.3659885823726654,0.36316797137260437,0.0,0.0,0,0
bias_medium,relative_unobservable,86,noisy_input,0.2470497190952301,0.1220567524433136,0.2470497190952301,0.1220567524433136,0.0,0.0,0,0
bias_medium,relative_unobservable,87,noisy_input,0.2576853036880493,0.4382193386554718,0.2576853036880493,0.4382193386554718,0.0,0.0,0,0
bias_medium,relative_unobservable,88,noisy_input,0.146180659532547,0.03927285969257355,0.146180659532547,0.03927285969257355,0.0,0.0,0,0
bias_medium,relative_unobservable,89,noisy_input,0.18747682869434357,0.06320544332265854,0.18747682869434357,0.06320544332265854,0.0,0.0,0,0
bias_medium,relative_unobservable,90,noisy_input,0.05310068279504776,0.39978715777397156,0.05310068279504776,0.39978715777397156,0.0,0.0,0,0
bias_medium,relative_unobservable,91,noisy_input,0.2104082554578781,0.041790857911109924,0.2104082554578781,0.041790857911109924,0.0,0.0,0,0
bias_medium,relative_unobservable,92,noisy_input,0.15877266228199005,0.045957352966070175,0.15877266228199005,0.045957352966070175,0.0,0.0,0,0
bias_medium,relative_unobservable,93,noisy_input,0.07370318472385406,0.044741157442331314,0.07370318472385406,0.044741157442331314,0.0,0.0,0,0
bias_medium,relative_unobservable,94,noisy_input,0.23795466125011444,0.25250545144081116,0.23795466125011444,0.25250545144081116,0.0,0.0,0,0
bias_medium,relative_unobservable,95,noisy_input,0.16713173687458038,0.05971537157893181,0.16713173687458038,0.05971537157893181,0.0,0.0,0,0
bias_medium,relative_unobservable,96,noisy_input,0.2684658169746399,0.05219949781894684,0.2684658169746399,0.05219949781894684,0.0,0.0,0,0
bias_medium,relative_unobservable,97,noisy_input,0.26230889558792114,0.0531180165708065,0.26230889558792114,0.0531180165708065,0.0,0.0,0,0
bias_medium,relative_unobservable,98,noisy_input,0.32250985503196716,0.07975549250841141,0.32250985503196716,0.07975549250841141,0.0,0.0,0,0
bias_medium,relative_unobservable,99,noisy_input,0.317570298910141,0.16703025996685028,0.317570298910141,0.16703025996685028,0.0,0.0,0,0
bias_medium,relative_unobservable,100,noisy_input,0.34000444412231445,0.43493562936782837,0.34000444412231445,0.43493562936782837,0.0,0.0,0,0
bias_medium,relative_unobservable,101,noisy_input,0.2694550156593323,0.04355299845337868,0.2694550156593323,0.04355299845337868,0.0,0.0,0,0
bias_medium,relative_unobservable,102,noisy_input,0.12536099553108215,0.06349650770425797,0.12536099553108215,0.06349650770425797,0.0,0.0,0,0
bias_medium,relative_unobservable,103,noisy_input,0.21557338535785675,0.05718743056058884,0.21557338535785675,0.05718743056058884,0.0,0.0,0,0
bias_medium,relative_unobservable,104,noisy_input,0.07751722633838654,0.05774582177400589,0.07751722633838654,0.05774582177400589,0.0,0.0,0,0
bias_medium,relative_unobservable,105,noisy_input,0.25589674711227417,0.042822521179914474,0.25589674711227417,0.042822521179914474,0.0,0.0,0,0
bias_medium,relative_unobservable,106,noisy_input,0.12471695989370346,0.04997964948415756,0.12471695989370346,0.04997964948415756,0.0,0.0,0,0
bias_medium,relative_unobservable,107,noisy_input,0.2512781023979187,0.17354266345500946,0.2512781023979187,0.17354266345500946,0.0,0.0,0,0
bias_medium,relative_unobservable,108,noisy_input,0.13414828479290009,0.358617901802063,0.13414828479290009,0.358617901802063,0.0,0.0,0,0
bias_medium,relative_unobservable,109,noisy_input,0.3428463339805603,0.051404111087322235,0.3428463339805603,0.051404111087322235,0.0,0.0,0,0
bias_medium,relative_unobservable,110,noisy_input,0.14536991715431213,0.3260500431060791,0.14536991715431213,0.3260500431060791,0.0,0.0,0,0
bias_medium,relative_unobservable,111,noisy_input,0.2285647839307785,0.04619203507900238,0.2285647839307785,0.04619203507900238,0.0,0.0,0,0
bias_medium,relative_unobservable,112,noisy_input,0.14771676063537598,0.052611302584409714,0.14771676063537598,0.052611302584409714,0.0,0.0,0,0
bias_medium,relative_unobservable,113,noisy_input,0.2175866663455963,0.38478416204452515,0.2175866663455963,0.38478416204452515,0.0,0.0,0,0
bias_medium,relative_unobservable,114,noisy_input,0.031335555016994476,0.335331529378891,0.031335555016994476,0.335331529378891,0.0,0.0,0,0
bias_medium,relative_unobservable,115,noisy_input,0.1568879783153534,0.4450206756591797,0.1568879783153534,0.4450206756591797,0.0,0.0,0,0
bias_medium,relative_unobservable,116,noisy_input,0.34088119864463806,0.041744254529476166,0.34088119864463806,0.041744254529476166,0.0,0.0,0,0
bias_medium,relative_unobservable,117,noisy_input,0.20555324852466583,0.046976879239082336,0.20555324852466583,0.046976879239082336,0.0,0.0,0,0
bias_medium,relative_unobservable,118,noisy_input,0.2145950049161911,0.05006295442581177,0.2145950049161911,0.05006295442581177,0.0,0.0,0,0
bias_medium,relative_unobservable,119,noisy_input,0.3437081277370453,0.049581218510866165,0.3437081277370453,0.049581218510866165,0.0,0.0,0,0
bias_medium,relative_unobservable,120,noisy_input,0.09226398915052414,0.30871808528900146,0.09226398915052414,0.30871808528900146,0.0,0.0,0,0
bias_medium,relative_unobservable,121,noisy_input,0.13960197567939758,0.05461505427956581,0.13960197567939758,0.05461505427956581,0.0,0.0,0,0
bias_medium,relative_unobservable,122,noisy_input,0.2259383499622345,0.537132203578949,0.2259383499622345,0.537132203578949,0.0,0.0,0,0
bias_medium,relative_unobservable,123,noisy_input,0.2832077741622925,0.06469621509313583,0.2832077741622925,0.06469621509313583,0.0,0.0,0,0
bias_medium,relative_unobservable,124,noisy_input,0.162734717130661,0.07463603466749191,0.162734717130661,0.07463603466749191,0.0,0.0,0,0
bias_medium,relative_unobservable,125,noisy_input,0.1847981959581375,0.2749825119972229,0.1847981959581375,0.2749825119972229,0.0,0.0,0,0
bias_medium,relative_unobservable,126,noisy_input,0.12054719030857086,0.1413821429014206,0.12054719030857086,0.1413821429014206,0.0,0.0,0,0
bias_medium,relative_unobservable,127,noisy_input,0.1385236233472824,0.04652121663093567,0.1385236233472824,0.04652121663093567,0.0,0.0,0,0
bias_medium,relative_unobservable,128,noisy_input,0.27902278304100037,0.19948439300060272,0.27902278304100037,0.19948439300060272,0.0,0.0,0,0
bias_medium,relative_unobservable,129,noisy_input,0.10084430128335953,0.31032615900039673,0.10084430128335953,0.31032615900039673,0.0,0.0,0,0
bias_medium,relative_unobservable,130,noisy_input,0.13274379074573517,0.21802760660648346,0.13274379074573517,0.21802760660648346,0.0,0.0,0,0
bias_medium,relative_unobservable,131,noisy_input,0.14804774522781372,0.3712456524372101,0.14804774522781372,0.3712456524372101,0.0,0.0,0,0
bias_medium,relative_unobservable,132,noisy_input,0.1240127831697464,0.030386336147785187,0.1240127831697464,0.030386336147785187,0.0,0.0,0,0
bias_medium,relative_unobservable,133,noisy_input,0.10407626628875732,0.051250144839286804,0.10407626628875732,0.051250144839286804,0.0,0.0,0,0
bias_medium,relative_unobservable,134,noisy_input,0.07064753025770187,0.04685984551906586,0.07064753025770187,0.04685984551906586,0.0,0.0,0,0
bias_medium,relative_unobservable,135,noisy_input,0.2739018499851227,0.06039493530988693,0.2739018499851227,0.06039493530988693,0.0,0.0,0,0
bias_medium,relative_unobservable,136,noisy_input,0.09413865953683853,0.13425426185131073,0.09413865953683853,0.13425426185131073,0.0,0.0,0,0
bias_medium,relative_unobservable,137,noisy_input,0.09312376379966736,0.030864162370562553,0.09312376379966736,0.030864162370562553,0.0,0.0,0,0
bias_medium,relative_unobservable,138,noisy_input,0.1277047097682953,0.05241519212722778,0.1277047097682953,0.05241519212722778,0.0,0.0,0,0
bias_medium,relative_unobservable,139,noisy_input,0.21151848137378693,0.0661618709564209,0.21151848137378693,0.0661618709564209,0.0,0.0,0,0
bias_medium,relative_unobservable,140,noisy_input,0.19125649333000183,0.32133424282073975,0.19125649333000183,0.32133424282073975,0.0,0.0,0,0
bias_medium,relative_unobservable,141,noisy_input,0.18825198709964752,0.03054407611489296,0.18825198709964752,0.03054407611489296,0.0,0.0,0,0
bias_medium,relative_unobservable,142,noisy_input,0.1750868260860443,0.2584637999534607,0.1750868260860443,0.2584637999534607,0.0,0.0,0,0
bias_medium,relative_unobservable,143,noisy_input,0.21791501343250275,0.2586783766746521,0.21791501343250275,0.2586783766746521,0.0,0.0,0,0
bias_medium,relative_unobservable,144,noisy_input,0.057348378002643585,0.061404671519994736,0.057348378002643585,0.061404671519994736,0.0,0.0,0,0
bias_medium,relative_unobservable,145,noisy_input,0.2878491282463074,0.41467440128326416,0.2878491282463074,0.41467440128326416,0.0,0.0,0,0
bias_medium,relative_unobservable,146,noisy_input,0.2732624113559723,0.2147189825773239,0.2732624113559723,0.2147189825773239,0.0,0.0,0,0
bias_medium,relative_unobservable,147,noisy_input,0.10210222005844116,0.03384839743375778,0.10210222005844116,0.03384839743375778,0.0,0.0,0,0
bias_medium,relative_unobservable,148,noisy_input,0.1894448697566986,0.06643038243055344,0.1894448697566986,0.06643038243055344,0.0,0.0,0,0
bias_medium,relative_unobservable,149,noisy_input,0.1358456164598465,0.035342879593372345,0.1358456164598465,0.035342879593372345,0.0,0.0,0,0
bias_medium,relative_unobservable,150,noisy_input,0.22894804179668427,0.08358462154865265,0.22894804179668427,0.08358462154865265,0.0,0.0,0,0
bias_medium,relative_unobservable,151,noisy_input,0.018522217869758606,0.05767083913087845,0.018522217869758606,0.05767083913087845,0.0,0.0,0,0
bias_medium,relative_unobservable,152,noisy_input,0.17637035250663757,0.050278667360544205,0.17637035250663757,0.050278667360544205,0.0,0.0,0,0
bias_medium,relative_unobservable,153,noisy_input,0.1720845252275467,0.08890002220869064,0.1720845252275467,0.08890002220869064,0.0,0.0,0,0
bias_medium,relative_unobservable,154,noisy_input,0.09229247272014618,0.05340689420700073,0.09229247272014618,0.05340689420700073,0.0,0.0,0,0
bias_medium,relative_unobservable,155,noisy_input,0.07864820957183838,0.034288931638002396,0.07864820957183838,0.034288931638002396,0.0,0.0,0,0
bias_medium,relative_unobservable,156,noisy_input,0.15726633369922638,0.10965527594089508,0.15726633369922638,0.10965527594089508,0.0,0.0,0,0
bias_medium,relative_unobservable,157,noisy_input,0.135399729013443,0.15835464000701904,0.135399729013443,0.15835464000701904,0.0,0.0,0,0
bias_medium,relative_unobservable,158,noisy_input,0.07963968813419342,0.04941947013139725,0.07963968813419342,0.04941947013139725,0.0,0.0,0,0
bias_medium,relative_unobservable,159,noisy_input,0.3033619523048401,0.04185250774025917,0.3033619523048401,0.04185250774025917,0.0,0.0,0,0
bias_medium,relative_unobservable,160,noisy_input,0.292936235666275,0.27269965410232544,0.292936235666275,0.27269965410232544,0.0,0.0,0,0
bias_medium,relative_unobservable,161,noisy_input,0.09505106508731842,0.12745867669582367,0.09505106508731842,0.12745867669582367,0.0,0.0,0,0
bias_medium,relative_unobservable,162,noisy_input,0.14317920804023743,0.03750953823328018,0.14317920804023743,0.03750953823328018,0.0,0.0,0,0
bias_medium,relative_unobservable,163,noisy_input,0.2859256863594055,0.04026080667972565,0.2859256863594055,0.04026080667972565,0.0,0.0,0,0
bias_medium,relative_unobservable,164,noisy_input,0.10462965071201324,0.05523465573787689,0.10462965071201324,0.05523465573787689,0.0,0.0,0,0
bias_medium,relative_unobservable,165,noisy_input,0.24673166871070862,0.27559196949005127,0.24673166871070862,0.27559196949005127,0.0,0.0,0,0
bias_medium,relative_unobservable,166,noisy_input,0.23062102496623993,0.04402124509215355,0.23062102496623993,0.04402124509215355,0.0,0.0,0,0
bias_medium,relative_unobservable,167,noisy_input,0.07129248976707458,0.3599472939968109,0.07129248976707458,0.3599472939968109,0.0,0.0,0,0
bias_medium,relative_unobservable,168,noisy_input,0.1737661212682724,0.14827822148799896,0.1737661212682724,0.14827822148799896,0.0,0.0,0,0
bias_medium,relative_unobservable,169,noisy_input,0.18372318148612976,0.053109027445316315,0.18372318148612976,0.053109027445316315,0.0,0.0,0,0
bias_medium,relative_unobservable,170,noisy_input,0.21945956349372864,0.05995415896177292,0.21945956349372864,0.05995415896177292,0.0,0.0,0,0
bias_medium,relative_unobservable,171,noisy_input,0.15327788889408112,0.14575494825839996,0.15327788889408112,0.14575494825839996,0.0,0.0,0,0
bias_medium,relative_unobservable,172,noisy_input,0.273743212223053,0.4150778353214264,0.273743212223053,0.4150778353214264,0.0,0.0,0,0
bias_medium,relative_unobservable,173,noisy_input,0.07319475710391998,0.04290987551212311,0.07319475710391998,0.04290987551212311,0.0,0.0,0,0
bias_medium,relative_unobservable,174,noisy_input,0.30767306685447693,0.043124232441186905,0.30767306685447693,0.043124232441186905,0.0,0.0,0,0
bias_medium,relative_unobservable,175,noisy_input,0.190395325422287,0.059576671570539474,0.190395325422287,0.059576671570539474,0.0,0.0,0,0
bias_medium,relative_unobservable,176,noisy_input,0.21821358799934387,0.03247759863734245,0.21821358799934387,0.03247759863734245,0.0,0.0,0,0
bias_medium,relative_unobservable,177,noisy_input,0.2263748198747635,0.13897296786308289,0.2263748198747635,0.13897296786308289,0.0,0.0,0,0
bias_medium,relative_unobservable,178,noisy_input,0.08428538590669632,0.06349214166402817,0.08428538590669632,0.06349214166402817,0.0,0.0,0,0
bias_medium,relative_unobservable,179,noisy_input,0.11235998570919037,0.05638187378644943,0.11235998570919037,0.05638187378644943,0.0,0.0,0,0
bias_medium,relative_unobservable,180,noisy_input,0.1386125385761261,0.2722807824611664,0.1386125385761261,0.2722807824611664,0.0,0.0,0,0
bias_medium,relative_unobservable,181,noisy_input,0.11159451305866241,0.056048717349767685,0.11159451305866241,0.056048717349767685,0.0,0.0,0,0
bias_medium,relative_unobservable,182,noisy_input,0.04818340018391609,0.04793303459882736,0.04818340018391609,0.04793303459882736,0.0,0.0,0,0
bias_medium,relative_unobservable,183,noisy_input,0.2913788855075836,0.06190529838204384,0.2913788855075836,0.06190529838204384,0.0,0.0,0,0
bias_medium,relative_unobservable,184,noisy_input,0.2907605767250061,0.0716886818408966,0.2907605767250061,0.0716886818408966,0.0,0.0,0,0
bias_medium,relative_unobservable,185,noisy_input,0.3499968945980072,0.046706490218639374,0.3499968945980072,0.046706490218639374,0.0,0.0,0,0
bias_medium,relative_unobservable,186,noisy_input,0.12737758457660675,0.060517556965351105,0.12737758457660675,0.060517556965351105,0.0,0.0,0,0
bias_medium,relative_unobservable,187,noisy_input,0.09595640003681183,0.06838283687829971,0.09595640003681183,0.06838283687829971,0.0,0.0,0,0
bias_medium,relative_unobservable,188,noisy_input,0.03641122579574585,0.44833457469940186,0.03641122579574585,0.44833457469940186,0.0,0.0,0,0
bias_medium,relative_unobservable,189,noisy_input,0.44917020201683044,0.043064773082733154,0.44917020201683044,0.043064773082733154,0.0,0.0,0,0
bias_medium,relative_unobservable,190,noisy_input,0.18197952210903168,0.03764374554157257,0.18197952210903168,0.03764374554157257,0.0,0.0,0,0
bias_medium,relative_unobservable,191,noisy_input,0.2879096269607544,0.40817657113075256,0.2879096269607544,0.40817657113075256,0.0,0.0,0,0
bias_medium,relative_unobservable,192,noisy_input,0.12063829600811005,0.06813839077949524,0.12063829600811005,0.06813839077949524,0.0,0.0,0,0
bias_medium,relative_unobservable,193,noisy_input,0.45110002160072327,0.05756015330553055,0.45110002160072327,0.05756015330553055,0.0,0.0,0,0
bias_medium,relative_unobservable,194,noisy_input,0.25858402252197266,0.05481234937906265,0.25858402252197266,0.05481234937906265,0.0,0.0,0,0
bias_medium,relative_unobservable,195,noisy_input,0.18438786268234253,0.04027414321899414,0.18438786268234253,0.04027414321899414,0.0,0.0,0,0
bias_medium,relative_unobservable,196,noisy_input,0.354715496301651,0.051517143845558167,0.354715496301651,0.051517143845558167,0.0,0.0,0,0
bias_medium,relative_unobservable,197,noisy_input,0.3477939963340759,0.26139137148857117,0.3477939963340759,0.26139137148857117,0.0,0.0,0,0
bias_medium,relative_unobservable,198,noisy_input,0.06126350909471512,0.06559664011001587,0.06126350909471512,0.06559664011001587,0.0,0.0,0,0
bias_medium,relative_unobservable,199,noisy_input,0.3101378381252289,0.32298049330711365,0.3101378381252289,0.32298049330711365,0.0,0.0,0,0
bias_medium,relative_unobservable,0,uncond_sdedit_t2,0.1622050553560257,0.16519540548324585,0.16255590319633484,0.16573937237262726,-0.00035084784030914307,-0.0005439668893814087,1,1
bias_medium,relative_unobservable,1,uncond_sdedit_t2,0.10620206594467163,0.07647889852523804,0.10812220722436905,0.07893459498882294,-0.0019201412796974182,-0.0024556964635849,1,1
bias_medium,relative_unobservable,2,uncond_sdedit_t2,0.21369078755378723,0.4481801986694336,0.21743659675121307,0.44830000400543213,-0.0037458091974258423,-0.00011980533599853516,1,1
bias_medium,relative_unobservable,3,uncond_sdedit_t2,0.12446440756320953,0.057081419974565506,0.11595632135868073,0.057770490646362305,0.008508086204528809,-0.0006890706717967987,0,1
bias_medium,relative_unobservable,4,uncond_sdedit_t2,0.19447281956672668,0.031023137271404266,0.1976463496685028,0.03157569468021393,-0.003173530101776123,-0.0005525574088096619,1,1
bias_medium,relative_unobservable,5,uncond_sdedit_t2,0.09895559400320053,0.058039844036102295,0.10102866590023041,0.059067368507385254,-0.0020730718970298767,-0.001027524471282959,1,1
bias_medium,relative_unobservable,6,uncond_sdedit_t2,0.20704641938209534,0.4633239209651947,0.20763102173805237,0.4641827344894409,-0.0005846023559570312,-0.0008588135242462158,1,1
bias_medium,relative_unobservable,7,uncond_sdedit_t2,0.2042049914598465,0.18864434957504272,0.2243618220090866,0.1896277517080307,-0.020156830549240112,-0.000983402132987976,1,1
bias_medium,relative_unobservable,8,uncond_sdedit_t2,0.09563116729259491,0.11451567709445953,0.102228082716465,0.11515341699123383,-0.006596915423870087,-0.000637739896774292,1,1
bias_medium,relative_unobservable,9,uncond_sdedit_t2,0.1370273232460022,0.0382535383105278,0.12708108127117157,0.04188194498419762,0.009946241974830627,-0.003628406673669815,0,1
bias_medium,relative_unobservable,10,uncond_sdedit_t2,0.13093480467796326,0.05808483064174652,0.1291222870349884,0.05973544344305992,0.0018125176429748535,-0.0016506128013134003,0,1
bias_medium,relative_unobservable,11,uncond_sdedit_t2,0.12499183416366577,0.4548741579055786,0.12199655920267105,0.4552483558654785,0.0029952749609947205,-0.00037419795989990234,0,1
bias_medium,relative_unobservable,12,uncond_sdedit_t2,0.14774250984191895,0.38373610377311707,0.14866036176681519,0.38406622409820557,-0.0009178519248962402,-0.000330120325088501,1,1
bias_medium,relative_unobservable,13,uncond_sdedit_t2,0.47073736786842346,0.06757041066884995,0.46394985914230347,0.06896308809518814,0.006787508726119995,-0.0013926774263381958,0,1
bias_medium,relative_unobservable,14,uncond_sdedit_t2,0.1391511708498001,0.09552815556526184,0.13633057475090027,0.09623953700065613,0.0028205960988998413,-0.0007113814353942871,0,1
bias_medium,relative_unobservable,15,uncond_sdedit_t2,0.09865876287221909,0.07119181752204895,0.0851254016160965,0.0726361870765686,0.013533361256122589,-0.0014443695545196533,0,1
bias_medium,relative_unobservable,16,uncond_sdedit_t2,0.08992737531661987,0.09305291622877121,0.0873584896326065,0.09557832777500153,0.0025688856840133667,-0.002525411546230316,0,1
bias_medium,relative_unobservable,17,uncond_sdedit_t2,0.28271812200546265,0.06369777023792267,0.28387266397476196,0.06592706590890884,-0.0011545419692993164,-0.0022292956709861755,1,1
bias_medium,relative_unobservable,18,uncond_sdedit_t2,0.17071397602558136,0.16577988862991333,0.16677053272724152,0.16722369194030762,0.003943443298339844,-0.0014438033103942871,0,1
bias_medium,relative_unobservable,19,uncond_sdedit_t2,0.16934627294540405,0.513129472732544,0.1798481047153473,0.5140883922576904,-0.010501831769943237,-0.0009589195251464844,1,1
bias_medium,relative_unobservable,20,uncond_sdedit_t2,0.27730128169059753,0.04711561277508736,0.2691691815853119,0.049511492252349854,0.008132100105285645,-0.002395879477262497,0,1
bias_medium,relative_unobservable,21,uncond_sdedit_t2,0.37230604887008667,0.058292608708143234,0.36442217230796814,0.05892888084053993,0.00788387656211853,-0.000636272132396698,0,1
bias_medium,relative_unobservable,22,uncond_sdedit_t2,0.08007558435201645,0.03391942381858826,0.08288097381591797,0.036436717957258224,-0.0028053894639015198,-0.0025172941386699677,1,1
bias_medium,relative_unobservable,23,uncond_sdedit_t2,0.17330770194530487,0.35599496960639954,0.1694328486919403,0.35897934436798096,0.003874853253364563,-0.002984374761581421,0,1
bias_medium,relative_unobservable,24,uncond_sdedit_t2,0.1210145577788353,0.03529959172010422,0.11465229839086533,0.03770239278674126,0.006362259387969971,-0.002402801066637039,0,1
bias_medium,relative_unobservable,25,uncond_sdedit_t2,0.08724676072597504,0.05844773352146149,0.08606503158807755,0.058440957218408585,0.0011817291378974915,6.776303052902222e-06,0,0
bias_medium,relative_unobservable,26,uncond_sdedit_t2,0.30972835421562195,0.0458955392241478,0.30854418873786926,0.04637538269162178,0.0011841654777526855,-0.00047984346747398376,0,1
bias_medium,relative_unobservable,27,uncond_sdedit_t2,0.12711389362812042,0.052148062735795975,0.11857501417398453,0.05487994849681854,0.008538879454135895,-0.0027318857610225677,0,1
bias_medium,relative_unobservable,28,uncond_sdedit_t2,0.1571446806192398,0.2958325147628784,0.15227851271629333,0.29657867550849915,0.004866167902946472,-0.0007461607456207275,0,1
bias_medium,relative_unobservable,29,uncond_sdedit_t2,0.07584362477064133,0.14239978790283203,0.078067347407341,0.1415998488664627,-0.0022237226366996765,0.0007999390363693237,1,0
bias_medium,relative_unobservable,30,uncond_sdedit_t2,0.141037255525589,0.048951562494039536,0.15055875480175018,0.052462853491306305,-0.009521499276161194,-0.0035112909972667694,1,1
bias_medium,relative_unobservable,31,uncond_sdedit_t2,0.19701001048088074,0.0382513664662838,0.2012873888015747,0.039978787302970886,-0.00427737832069397,-0.001727420836687088,1,1
bias_medium,relative_unobservable,32,uncond_sdedit_t2,0.04476172477006912,0.040807757526636124,0.04823457449674606,0.04283182695508003,-0.003472849726676941,-0.0020240694284439087,1,1
bias_medium,relative_unobservable,33,uncond_sdedit_t2,0.16218382120132446,0.4023992717266083,0.1765875518321991,0.4038246273994446,-0.014403730630874634,-0.0014253556728363037,1,1
bias_medium,relative_unobservable,34,uncond_sdedit_t2,0.27466195821762085,0.05623246729373932,0.27622365951538086,0.05712572857737541,-0.0015617012977600098,-0.0008932612836360931,1,1
bias_medium,relative_unobservable,35,uncond_sdedit_t2,0.102267786860466,0.08564039319753647,0.10699982941150665,0.08767667412757874,-0.004732042551040649,-0.002036280930042267,1,1
bias_medium,relative_unobservable,36,uncond_sdedit_t2,0.1301080286502838,0.049259115010499954,0.11755581945180893,0.05074656009674072,0.012552209198474884,-0.0014874450862407684,0,1
bias_medium,relative_unobservable,37,uncond_sdedit_t2,0.13224443793296814,0.029409809038043022,0.1441090852022171,0.029633959755301476,-0.011864647269248962,-0.00022415071725845337,1,1
bias_medium,relative_unobservable,38,uncond_sdedit_t2,0.15559259057044983,0.07453392446041107,0.15724660456180573,0.07605704665184021,-0.001654013991355896,-0.0015231221914291382,1,1
bias_medium,relative_unobservable,39,uncond_sdedit_t2,0.1432269662618637,0.036051616072654724,0.143965482711792,0.038549382239580154,-0.0007385164499282837,-0.0024977661669254303,1,1
bias_medium,relative_unobservable,40,uncond_sdedit_t2,0.29799339175224304,0.04669632762670517,0.3015420138835907,0.048338208347558975,-0.0035486221313476562,-0.0016418807208538055,1,1
bias_medium,relative_unobservable,41,uncond_sdedit_t2,0.22721648216247559,0.16839152574539185,0.22886571288108826,0.16867777705192566,-0.001649230718612671,-0.0002862513065338135,1,1
bias_medium,relative_unobservable,42,uncond_sdedit_t2,0.24517269432544708,0.1294039636850357,0.23851926624774933,0.13053348660469055,0.006653428077697754,-0.0011295229196548462,0,1
bias_medium,relative_unobservable,43,uncond_sdedit_t2,0.2544024586677551,0.4893847703933716,0.2559744119644165,0.49001991748809814,-0.001571953296661377,-0.0006351470947265625,1,1
bias_medium,relative_unobservable,44,uncond_sdedit_t2,0.23975376784801483,0.04745500907301903,0.2501196265220642,0.0490962453186512,-0.010365858674049377,-0.0016412362456321716,1,1
bias_medium,relative_unobservable,45,uncond_sdedit_t2,0.07602421194314957,0.046381283551454544,0.07592139393091202,0.04747835546731949,0.00010281801223754883,-0.0010970719158649445,0,1
bias_medium,relative_unobservable,46,uncond_sdedit_t2,0.13575951755046844,0.1536715179681778,0.1364244818687439,0.15506777167320251,-0.0006649643182754517,-0.0013962537050247192,1,1
bias_medium,relative_unobservable,47,uncond_sdedit_t2,0.08359211683273315,0.03649330511689186,0.08708831667900085,0.03839884698390961,-0.0034961998462677,-0.001905541867017746,1,1
bias_medium,relative_unobservable,48,uncond_sdedit_t2,0.2741175889968872,0.17406682670116425,0.2814617156982422,0.1748846173286438,-0.0073441267013549805,-0.0008177906274795532,1,1
bias_medium,relative_unobservable,49,uncond_sdedit_t2,0.11460484564304352,0.430215060710907,0.11022081226110458,0.4332028925418854,0.004384033381938934,-0.0029878318309783936,0,1
bias_medium,relative_unobservable,50,uncond_sdedit_t2,0.3985571265220642,0.040057435631752014,0.3966444134712219,0.041814714670181274,0.0019127130508422852,-0.0017572790384292603,0,1
bias_medium,relative_unobservable,51,uncond_sdedit_t2,0.20040664076805115,0.03208800405263901,0.20600059628486633,0.03507935255765915,-0.0055939555168151855,-0.0029913485050201416,1,1
bias_medium,relative_unobservable,52,uncond_sdedit_t2,0.1750057488679886,0.13471373915672302,0.1702887862920761,0.13744404911994934,0.004716962575912476,-0.0027303099632263184,0,1
bias_medium,relative_unobservable,53,uncond_sdedit_t2,0.04600665718317032,0.05202576890587807,0.04840502887964249,0.054087862372398376,-0.002398371696472168,-0.0020620934665203094,1,1
bias_medium,relative_unobservable,54,uncond_sdedit_t2,0.2617466151714325,0.10362432897090912,0.25447267293930054,0.10357595235109329,0.007273942232131958,4.8376619815826416e-05,0,0
bias_medium,relative_unobservable,55,uncond_sdedit_t2,0.1804666966199875,0.13392950594425201,0.17833518981933594,0.1354774683713913,0.0021315068006515503,-0.0015479624271392822,0,1
bias_medium,relative_unobservable,56,uncond_sdedit_t2,0.24256260693073273,0.031565260142087936,0.24792857468128204,0.032029394060373306,-0.005365967750549316,-0.0004641339182853699,1,1
bias_medium,relative_unobservable,57,uncond_sdedit_t2,0.07176794111728668,0.056156739592552185,0.07075325399637222,0.056832849979400635,0.0010146871209144592,-0.0006761103868484497,0,1
bias_medium,relative_unobservable,58,uncond_sdedit_t2,0.1850529909133911,0.0416305810213089,0.17898960411548615,0.04161275178194046,0.006063386797904968,1.782923936843872e-05,0,0
bias_medium,relative_unobservable,59,uncond_sdedit_t2,0.32052192091941833,0.04031183570623398,0.327400267124176,0.04142241179943085,-0.00687834620475769,-0.001110576093196869,1,1
bias_medium,relative_unobservable,60,uncond_sdedit_t2,0.34635424613952637,0.23733653128147125,0.3379444479942322,0.23919974267482758,0.00840979814529419,-0.0018632113933563232,0,1
bias_medium,relative_unobservable,61,uncond_sdedit_t2,0.24818377196788788,0.0723300352692604,0.25346121191978455,0.07472478598356247,-0.0052774399518966675,-0.002394750714302063,1,1
bias_medium,relative_unobservable,62,uncond_sdedit_t2,0.11950640380382538,0.06854261457920074,0.11903984844684601,0.07266846299171448,0.0004665553569793701,-0.004125848412513733,0,1
bias_medium,relative_unobservable,63,uncond_sdedit_t2,0.18471530079841614,0.048551902174949646,0.1876235455274582,0.049898628145456314,-0.0029082447290420532,-0.001346725970506668,1,1
bias_medium,relative_unobservable,64,uncond_sdedit_t2,0.1517024040222168,0.026502450928092003,0.1410444676876068,0.027090124785900116,0.010657936334609985,-0.0005876738578081131,0,1
bias_medium,relative_unobservable,65,uncond_sdedit_t2,0.2945890426635742,0.06292963027954102,0.2888106405735016,0.0654095932841301,0.005778402090072632,-0.002479963004589081,0,1
bias_medium,relative_unobservable,66,uncond_sdedit_t2,0.4479483664035797,0.07780396938323975,0.4387902617454529,0.08043055981397629,0.009158104658126831,-0.0026265904307365417,0,1
bias_medium,relative_unobservable,67,uncond_sdedit_t2,0.2106132060289383,0.06005105748772621,0.20911917090415955,0.062048688530921936,0.0014940351247787476,-0.0019976310431957245,0,1
bias_medium,relative_unobservable,68,uncond_sdedit_t2,0.04278760403394699,0.0396386943757534,0.04294168949127197,0.04258132725954056,-0.0001540854573249817,-0.002942632883787155,1,1
bias_medium,relative_unobservable,69,uncond_sdedit_t2,0.13020621240139008,0.13663999736309052,0.13398477435112,0.13801340758800507,-0.0037785619497299194,-0.0013734102249145508,1,1
bias_medium,relative_unobservable,70,uncond_sdedit_t2,0.25834715366363525,0.23117725551128387,0.24418863654136658,0.23125511407852173,0.014158517122268677,-7.7858567237854e-05,0,1
bias_medium,relative_unobservable,71,uncond_sdedit_t2,0.2550470530986786,0.40040165185928345,0.2518363296985626,0.403164267539978,0.003210723400115967,-0.00276261568069458,0,1
bias_medium,relative_unobservable,72,uncond_sdedit_t2,0.12434126436710358,0.0847395807504654,0.13171207904815674,0.08638978004455566,-0.007370814681053162,-0.001650199294090271,1,1
bias_medium,relative_unobservable,73,uncond_sdedit_t2,0.332642138004303,0.07752552628517151,0.3323325514793396,0.07853066921234131,0.0003095865249633789,-0.0010051429271697998,0,1
bias_medium,relative_unobservable,74,uncond_sdedit_t2,0.10487930476665497,0.3047574460506439,0.09731759130954742,0.30592986941337585,0.007561713457107544,-0.0011724233627319336,0,1
bias_medium,relative_unobservable,75,uncond_sdedit_t2,0.13761486113071442,0.05287132412195206,0.13609881699085236,0.05600474402308464,0.0015160441398620605,-0.0031334199011325836,0,1
bias_medium,relative_unobservable,76,uncond_sdedit_t2,0.10406313091516495,0.032435908913612366,0.10778290033340454,0.03588742017745972,-0.0037197694182395935,-0.003451511263847351,1,1
bias_medium,relative_unobservable,77,uncond_sdedit_t2,0.2964779734611511,0.03031589649617672,0.29604196548461914,0.03192667290568352,0.0004360079765319824,-0.0016107764095067978,0,1
bias_medium,relative_unobservable,78,uncond_sdedit_t2,0.17579010128974915,0.04516534507274628,0.1684838980436325,0.045761097222566605,0.007306203246116638,-0.0005957521498203278,0,1
bias_medium,relative_unobservable,79,uncond_sdedit_t2,0.09093350917100906,0.04464603587985039,0.0941409096121788,0.046558693051338196,-0.0032074004411697388,-0.0019126571714878082,1,1
bias_medium,relative_unobservable,80,uncond_sdedit_t2,0.2709217667579651,0.05038932338356972,0.27842751145362854,0.05294637754559517,-0.007505744695663452,-0.0025570541620254517,1,1
bias_medium,relative_unobservable,81,uncond_sdedit_t2,0.15444692969322205,0.13709032535552979,0.15829284489154816,0.13659387826919556,-0.003845915198326111,0.0004964470863342285,1,0
bias_medium,relative_unobservable,82,uncond_sdedit_t2,0.09361345320940018,0.14658182859420776,0.09778746962547302,0.14853854477405548,-0.0041740164160728455,-0.0019567161798477173,1,1
bias_medium,relative_unobservable,83,uncond_sdedit_t2,0.5443487167358398,0.05072886869311333,0.5542881488800049,0.05205375701189041,-0.009939432144165039,-0.0013248883187770844,1,1
bias_medium,relative_unobservable,84,uncond_sdedit_t2,0.015588425099849701,0.20989194512367249,0.01995132304728031,0.20953544974327087,-0.004362897947430611,0.00035649538040161133,1,0
bias_medium,relative_unobservable,85,uncond_sdedit_t2,0.36310020089149475,0.36252743005752563,0.3659885823726654,0.36316797137260437,-0.0028883814811706543,-0.0006405413150787354,1,1
bias_medium,relative_unobservable,86,uncond_sdedit_t2,0.2569797933101654,0.12169212847948074,0.2470497190952301,0.1220567524433136,0.009930074214935303,-0.0003646239638328552,0,1
bias_medium,relative_unobservable,87,uncond_sdedit_t2,0.2643684148788452,0.43826067447662354,0.2576853036880493,0.4382193386554718,0.0066831111907958984,4.13358211517334e-05,0,0
bias_medium,relative_unobservable,88,uncond_sdedit_t2,0.15180455148220062,0.03817259520292282,0.146180659532547,0.03927285969257355,0.0056238919496536255,-0.0011002644896507263,0,1
bias_medium,relative_unobservable,89,uncond_sdedit_t2,0.1862008422613144,0.06283349543809891,0.18747682869434357,0.06320544332265854,-0.0012759864330291748,-0.00037194788455963135,1,1
bias_medium,relative_unobservable,90,uncond_sdedit_t2,0.051424600183963776,0.401431143283844,0.05310068279504776,0.39978715777397156,-0.0016760826110839844,0.0016439855098724365,1,0
bias_medium,relative_unobservable,91,uncond_sdedit_t2,0.21282009780406952,0.03966498002409935,0.2104082554578781,0.041790857911109924,0.0024118423461914062,-0.0021258778870105743,0,1
bias_medium,relative_unobservable,92,uncond_sdedit_t2,0.14997267723083496,0.043522510677576065,0.15877266228199005,0.045957352966070175,-0.00879998505115509,-0.00243484228849411,1,1
bias_medium,relative_unobservable,93,uncond_sdedit_t2,0.0788264200091362,0.042958006262779236,0.07370318472385406,0.044741157442331314,0.005123235285282135,-0.0017831511795520782,0,1
bias_medium,relative_unobservable,94,uncond_sdedit_t2,0.2374010980129242,0.2508185803890228,0.23795466125011444,0.25250545144081116,-0.0005535632371902466,-0.00168687105178833,1,1
bias_medium,relative_unobservable,95,uncond_sdedit_t2,0.16248966753482819,0.058030690997838974,0.16713173687458038,0.05971537157893181,-0.004642069339752197,-0.0016846805810928345,1,1
bias_medium,relative_unobservable,96,uncond_sdedit_t2,0.2563948333263397,0.04987110570073128,0.2684658169746399,0.05219949781894684,-0.012070983648300171,-0.002328392118215561,1,1
bias_medium,relative_unobservable,97,uncond_sdedit_t2,0.2669970691204071,0.05181852728128433,0.26230889558792114,0.0531180165708065,0.004688173532485962,-0.001299489289522171,0,1
bias_medium,relative_unobservable,98,uncond_sdedit_t2,0.3297637403011322,0.07995959371328354,0.32250985503196716,0.07975549250841141,0.007253885269165039,0.00020410120487213135,0,0
bias_medium,relative_unobservable,99,uncond_sdedit_t2,0.32648664712905884,0.167127326130867,0.317570298910141,0.16703025996685028,0.008916348218917847,9.706616401672363e-05,0,0
bias_medium,relative_unobservable,100,uncond_sdedit_t2,0.34223508834838867,0.43284815549850464,0.34000444412231445,0.43493562936782837,0.0022306442260742188,-0.0020874738693237305,0,1
bias_medium,relative_unobservable,101,uncond_sdedit_t2,0.2714066803455353,0.04217976704239845,0.2694550156593323,0.04355299845337868,0.001951664686203003,-0.0013732314109802246,0,1
bias_medium,relative_unobservable,102,uncond_sdedit_t2,0.1217709630727768,0.0629766508936882,0.12536099553108215,0.06349650770425797,-0.003590032458305359,-0.0005198568105697632,1,1
bias_medium,relative_unobservable,103,uncond_sdedit_t2,0.21948523819446564,0.053485676646232605,0.21557338535785675,0.05718743056058884,0.003911852836608887,-0.0037017539143562317,0,1
bias_medium,relative_unobservable,104,uncond_sdedit_t2,0.08234621584415436,0.057739391922950745,0.07751722633838654,0.05774582177400589,0.004828989505767822,-6.429851055145264e-06,0,1
bias_medium,relative_unobservable,105,uncond_sdedit_t2,0.26124411821365356,0.04001641646027565,0.25589674711227417,0.042822521179914474,0.0053473711013793945,-0.0028061047196388245,0,1
bias_medium,relative_unobservable,106,uncond_sdedit_t2,0.12831737101078033,0.05076708272099495,0.12471695989370346,0.04997964948415756,0.0036004111170768738,0.0007874332368373871,0,0
bias_medium,relative_unobservable,107,uncond_sdedit_t2,0.26020368933677673,0.17215761542320251,0.2512781023979187,0.17354266345500946,0.008925586938858032,-0.0013850480318069458,0,1
bias_medium,relative_unobservable,108,uncond_sdedit_t2,0.12216951698064804,0.3570258915424347,0.13414828479290009,0.358617901802063,-0.011978767812252045,-0.001592010259628296,1,1
bias_medium,relative_unobservable,109,uncond_sdedit_t2,0.3371729254722595,0.05046936869621277,0.3428463339805603,0.051404111087322235,-0.005673408508300781,-0.0009347423911094666,1,1
bias_medium,relative_unobservable,110,uncond_sdedit_t2,0.13829317688941956,0.3268941342830658,0.14536991715431213,0.3260500431060791,-0.007076740264892578,0.0008440911769866943,1,0
bias_medium,relative_unobservable,111,uncond_sdedit_t2,0.23099398612976074,0.044489555060863495,0.2285647839307785,0.04619203507900238,0.0024292021989822388,-0.0017024800181388855,0,1
bias_medium,relative_unobservable,112,uncond_sdedit_t2,0.15927043557167053,0.05147996172308922,0.14771676063537598,0.052611302584409714,0.011553674936294556,-0.0011313408613204956,0,1
bias_medium,relative_unobservable,113,uncond_sdedit_t2,0.2230953723192215,0.38414162397384644,0.2175866663455963,0.38478416204452515,0.005508705973625183,-0.0006425380706787109,0,1
bias_medium,relative_unobservable,114,uncond_sdedit_t2,0.041528426110744476,0.3354003429412842,0.031335555016994476,0.335331529378891,0.01019287109375,6.881356239318848e-05,0,0
bias_medium,relative_unobservable,115,uncond_sdedit_t2,0.15329168736934662,0.4428252577781677,0.1568879783153534,0.4450206756591797,-0.003596290946006775,-0.002195417881011963,1,1
bias_medium,relative_unobservable,116,uncond_sdedit_t2,0.3336980938911438,0.039976801723241806,0.34088119864463806,0.041744254529476166,-0.007183104753494263,-0.0017674528062343597,1,1
bias_medium,relative_unobservable,117,uncond_sdedit_t2,0.20115193724632263,0.04725721850991249,0.20555324852466583,0.046976879239082336,-0.004401311278343201,0.0002803392708301544,1,0
bias_medium,relative_unobservable,118,uncond_sdedit_t2,0.21655917167663574,0.04806259647011757,0.2145950049161911,0.05006295442581177,0.001964166760444641,-0.0020003579556941986,0,1
bias_medium,relative_unobservable,119,uncond_sdedit_t2,0.3488186001777649,0.047923751175403595,0.3437081277370453,0.049581218510866165,0.0051104724407196045,-0.0016574673354625702,0,1
bias_medium,relative_unobservable,120,uncond_sdedit_t2,0.09869589656591415,0.307317852973938,0.09226398915052414,0.30871808528900146,0.006431907415390015,-0.0014002323150634766,0,1
bias_medium,relative_unobservable,121,uncond_sdedit_t2,0.13894464075565338,0.05304259434342384,0.13960197567939758,0.05461505427956581,-0.0006573349237442017,-0.0015724599361419678,1,1
bias_medium,relative_unobservable,122,uncond_sdedit_t2,0.22682702541351318,0.5350857973098755,0.2259383499622345,0.537132203578949,0.0008886754512786865,-0.0020464062690734863,0,1
bias_medium,relative_unobservable,123,uncond_sdedit_t2,0.2651705741882324,0.06287635862827301,0.2832077741622925,0.06469621509313583,-0.01803719997406006,-0.0018198564648628235,1,1
bias_medium,relative_unobservable,124,uncond_sdedit_t2,0.1642504334449768,0.07236789911985397,0.162734717130661,0.07463603466749191,0.001515716314315796,-0.0022681355476379395,0,1
bias_medium,relative_unobservable,125,uncond_sdedit_t2,0.18712103366851807,0.27403226494789124,0.1847981959581375,0.2749825119972229,0.002322837710380554,-0.000950247049331665,0,1
bias_medium,relative_unobservable,126,uncond_sdedit_t2,0.11371554434299469,0.139501690864563,0.12054719030857086,0.1413821429014206,-0.006831645965576172,-0.001880452036857605,1,1
bias_medium,relative_unobservable,127,uncond_sdedit_t2,0.14515037834644318,0.04586847126483917,0.1385236233472824,0.04652121663093567,0.006626754999160767,-0.0006527453660964966,0,1
bias_medium,relative_unobservable,128,uncond_sdedit_t2,0.2871326804161072,0.1978491097688675,0.27902278304100037,0.19948439300060272,0.008109897375106812,-0.0016352832317352295,0,1
bias_medium,relative_unobservable,129,uncond_sdedit_t2,0.09004346281290054,0.310390830039978,0.10084430128335953,0.31032615900039673,-0.010800838470458984,6.467103958129883e-05,1,0
bias_medium,relative_unobservable,130,uncond_sdedit_t2,0.12794934213161469,0.2167683094739914,0.13274379074573517,0.21802760660648346,-0.004794448614120483,-0.0012592971324920654,1,1
bias_medium,relative_unobservable,131,uncond_sdedit_t2,0.1444583386182785,0.37031474709510803,0.14804774522781372,0.3712456524372101,-0.0035894066095352173,-0.0009309053421020508,1,1
bias_medium,relative_unobservable,132,uncond_sdedit_t2,0.1340559870004654,0.028286168351769447,0.1240127831697464,0.030386336147785187,0.010043203830718994,-0.0021001677960157394,0,1
bias_medium,relative_unobservable,133,uncond_sdedit_t2,0.10652780532836914,0.04838954284787178,0.10407626628875732,0.051250144839286804,0.0024515390396118164,-0.002860601991415024,0,1
bias_medium,relative_unobservable,134,uncond_sdedit_t2,0.07149701565504074,0.045543886721134186,0.07064753025770187,0.04685984551906586,0.0008494853973388672,-0.0013159587979316711,0,1
bias_medium,relative_unobservable,135,uncond_sdedit_t2,0.2948892414569855,0.05777423828840256,0.2739018499851227,0.06039493530988693,0.020987391471862793,-0.002620697021484375,0,1
bias_medium,relative_unobservable,136,uncond_sdedit_t2,0.09074564278125763,0.13314712047576904,0.09413865953683853,0.13425426185131073,-0.003393016755580902,-0.001107141375541687,1,1
bias_medium,relative_unobservable,137,uncond_sdedit_t2,0.0782492384314537,0.030117690563201904,0.09312376379966736,0.030864162370562553,-0.014874525368213654,-0.0007464718073606491,1,1
bias_medium,relative_unobservable,138,uncond_sdedit_t2,0.12134607881307602,0.04990145564079285,0.1277047097682953,0.05241519212722778,-0.006358630955219269,-0.0025137364864349365,1,1
bias_medium,relative_unobservable,139,uncond_sdedit_t2,0.20622718334197998,0.06464371830224991,0.21151848137378693,0.0661618709564209,-0.005291298031806946,-0.00151815265417099,1,1
bias_medium,relative_unobservable,140,uncond_sdedit_t2,0.20843453705310822,0.31940197944641113,0.19125649333000183,0.32133424282073975,0.017178043723106384,-0.0019322633743286133,0,1
bias_medium,relative_unobservable,141,uncond_sdedit_t2,0.19040827453136444,0.029565423727035522,0.18825198709964752,0.03054407611489296,0.002156287431716919,-0.0009786523878574371,0,1
bias_medium,relative_unobservable,142,uncond_sdedit_t2,0.17896020412445068,0.2567339241504669,0.1750868260860443,0.2584637999534607,0.003873378038406372,-0.0017298758029937744,0,1
bias_medium,relative_unobservable,143,uncond_sdedit_t2,0.21940629184246063,0.260452538728714,0.21791501343250275,0.2586783766746521,0.0014912784099578857,0.0017741620540618896,0,0
bias_medium,relative_unobservable,144,uncond_sdedit_t2,0.04300938546657562,0.06015833839774132,0.057348378002643585,0.061404671519994736,-0.014338992536067963,-0.001246333122253418,1,1
bias_medium,relative_unobservable,145,uncond_sdedit_t2,0.2862646281719208,0.4134131968021393,0.2878491282463074,0.41467440128326416,-0.0015845000743865967,-0.001261204481124878,1,1
bias_medium,relative_unobservable,146,uncond_sdedit_t2,0.2522597908973694,0.212177574634552,0.2732624113559723,0.2147189825773239,-0.021002620458602905,-0.0025414079427719116,1,1
bias_medium,relative_unobservable,147,uncond_sdedit_t2,0.09604144096374512,0.0326739139854908,0.10210222005844116,0.03384839743375778,-0.006060779094696045,-0.001174483448266983,1,1
bias_medium,relative_unobservable,148,uncond_sdedit_t2,0.18927894532680511,0.06299737095832825,0.1894448697566986,0.06643038243055344,-0.00016592442989349365,-0.003433011472225189,1,1
bias_medium,relative_unobservable,149,uncond_sdedit_t2,0.1272096186876297,0.032082974910736084,0.1358456164598465,0.035342879593372345,-0.008635997772216797,-0.003259904682636261,1,1
bias_medium,relative_unobservable,150,uncond_sdedit_t2,0.22847330570220947,0.08265217393636703,0.22894804179668427,0.08358462154865265,-0.0004747360944747925,-0.000932447612285614,1,1
bias_medium,relative_unobservable,151,uncond_sdedit_t2,0.027353694662451744,0.055605120956897736,0.018522217869758606,0.05767083913087845,0.008831476792693138,-0.002065718173980713,0,1
bias_medium,relative_unobservable,152,uncond_sdedit_t2,0.17594893276691437,0.04860425740480423,0.17637035250663757,0.050278667360544205,-0.00042141973972320557,-0.001674409955739975,1,1
bias_medium,relative_unobservable,153,uncond_sdedit_t2,0.1794106364250183,0.08674020320177078,0.1720845252275467,0.08890002220869064,0.007326111197471619,-0.002159819006919861,0,1
bias_medium,relative_unobservable,154,uncond_sdedit_t2,0.10072736442089081,0.05410190671682358,0.09229247272014618,0.05340689420700073,0.008434891700744629,0.0006950125098228455,0,0
bias_medium,relative_unobservable,155,uncond_sdedit_t2,0.08554399013519287,0.03218875452876091,0.07864820957183838,0.034288931638002396,0.006895780563354492,-0.0021001771092414856,0,1
bias_medium,relative_unobservable,156,uncond_sdedit_t2,0.157292440533638,0.11108079552650452,0.15726633369922638,0.10965527594089508,2.6106834411621094e-05,0.001425519585609436,0,0
bias_medium,relative_unobservable,157,uncond_sdedit_t2,0.14007434248924255,0.1565292328596115,0.135399729013443,0.15835464000701904,0.0046746134757995605,-0.0018254071474075317,0,1
bias_medium,relative_unobservable,158,uncond_sdedit_t2,0.08868362009525299,0.04989839345216751,0.07963968813419342,0.04941947013139725,0.00904393196105957,0.00047892332077026367,0,0
bias_medium,relative_unobservable,159,uncond_sdedit_t2,0.29486459493637085,0.038479968905448914,0.3033619523048401,0.04185250774025917,-0.008497357368469238,-0.003372538834810257,1,1
bias_medium,relative_unobservable,160,uncond_sdedit_t2,0.29686877131462097,0.27035096287727356,0.292936235666275,0.27269965410232544,0.003932535648345947,-0.00234869122505188,0,1
bias_medium,relative_unobservable,161,uncond_sdedit_t2,0.09670107811689377,0.12657782435417175,0.09505106508731842,0.12745867669582367,0.001650013029575348,-0.0008808523416519165,0,1
bias_medium,relative_unobservable,162,uncond_sdedit_t2,0.14378169178962708,0.037217020988464355,0.14317920804023743,0.03750953823328018,0.0006024837493896484,-0.0002925172448158264,0,1
bias_medium,relative_unobservable,163,uncond_sdedit_t2,0.29091423749923706,0.03829402104020119,0.2859256863594055,0.04026080667972565,0.004988551139831543,-0.00196678563952446,0,1
bias_medium,relative_unobservable,164,uncond_sdedit_t2,0.10067160427570343,0.05391322076320648,0.10462965071201324,0.05523465573787689,-0.0039580464363098145,-0.0013214349746704102,1,1
bias_medium,relative_unobservable,165,uncond_sdedit_t2,0.24710869789123535,0.2741798162460327,0.24673166871070862,0.27559196949005127,0.0003770291805267334,-0.0014121532440185547,0,1
bias_medium,relative_unobservable,166,uncond_sdedit_t2,0.23196128010749817,0.04189157485961914,0.23062102496623993,0.04402124509215355,0.0013402551412582397,-0.0021296702325344086,0,1
bias_medium,relative_unobservable,167,uncond_sdedit_t2,0.06715233623981476,0.35885393619537354,0.07129248976707458,0.3599472939968109,-0.004140153527259827,-0.001093357801437378,1,1
bias_medium,relative_unobservable,168,uncond_sdedit_t2,0.17679348587989807,0.14840388298034668,0.1737661212682724,0.14827822148799896,0.0030273646116256714,0.00012566149234771729,0,0
bias_medium,relative_unobservable,169,uncond_sdedit_t2,0.1917322725057602,0.05079764500260353,0.18372318148612976,0.053109027445316315,0.008009091019630432,-0.002311382442712784,0,1
bias_medium,relative_unobservable,170,uncond_sdedit_t2,0.22019430994987488,0.058680132031440735,0.21945956349372864,0.05995415896177292,0.0007347464561462402,-0.0012740269303321838,0,1
bias_medium,relative_unobservable,171,uncond_sdedit_t2,0.14971306920051575,0.1448337733745575,0.15327788889408112,0.14575494825839996,-0.0035648196935653687,-0.0009211748838424683,1,1
bias_medium,relative_unobservable,172,uncond_sdedit_t2,0.26539888978004456,0.41349512338638306,0.273743212223053,0.4150778353214264,-0.008344322443008423,-0.001582711935043335,1,1
bias_medium,relative_unobservable,173,uncond_sdedit_t2,0.07548481971025467,0.040252186357975006,0.07319475710391998,0.04290987551212311,0.0022900626063346863,-0.002657689154148102,0,1
bias_medium,relative_unobservable,174,uncond_sdedit_t2,0.31363004446029663,0.04047711193561554,0.30767306685447693,0.043124232441186905,0.005956977605819702,-0.0026471205055713654,0,1
bias_medium,relative_unobservable,175,uncond_sdedit_t2,0.1816498339176178,0.05971943587064743,0.190395325422287,0.059576671570539474,-0.00874549150466919,0.00014276430010795593,1,0
bias_medium,relative_unobservable,176,uncond_sdedit_t2,0.21898718178272247,0.029393987730145454,0.21821358799934387,0.03247759863734245,0.0007735937833786011,-0.0030836109071969986,0,1
bias_medium,relative_unobservable,177,uncond_sdedit_t2,0.23378188908100128,0.13815619051456451,0.2263748198747635,0.13897296786308289,0.007407069206237793,-0.0008167773485183716,0,1
bias_medium,relative_unobservable,178,uncond_sdedit_t2,0.08115408569574356,0.06233151629567146,0.08428538590669632,0.06349214166402817,-0.003131300210952759,-0.0011606253683567047,1,1
bias_medium,relative_unobservable,179,uncond_sdedit_t2,0.10495413839817047,0.05457839369773865,0.11235998570919037,0.05638187378644943,-0.0074058473110198975,-0.001803480088710785,1,1
bias_medium,relative_unobservable,180,uncond_sdedit_t2,0.1434563547372818,0.2726297974586487,0.1386125385761261,0.2722807824611664,0.004843816161155701,0.0003490149974822998,0,0
bias_medium,relative_unobservable,181,uncond_sdedit_t2,0.10734392702579498,0.05558691546320915,0.11159451305866241,0.056048717349767685,-0.004250586032867432,-0.0004618018865585327,1,1
bias_medium,relative_unobservable,182,uncond_sdedit_t2,0.06019008904695511,0.045951638370752335,0.04818340018391609,0.04793303459882736,0.012006688863039017,-0.0019813962280750275,0,1
bias_medium,relative_unobservable,183,uncond_sdedit_t2,0.28336599469184875,0.05911852791905403,0.2913788855075836,0.06190529838204384,-0.008012890815734863,-0.002786770462989807,1,1
bias_medium,relative_unobservable,184,uncond_sdedit_t2,0.29369252920150757,0.06968796998262405,0.2907605767250061,0.0716886818408966,0.002931952476501465,-0.0020007118582725525,0,1
bias_medium,relative_unobservable,185,uncond_sdedit_t2,0.3470066487789154,0.045013539493083954,0.3499968945980072,0.046706490218639374,-0.002990245819091797,-0.00169295072555542,1,1
bias_medium,relative_unobservable,186,uncond_sdedit_t2,0.13424023985862732,0.058093052357435226,0.12737758457660675,0.060517556965351105,0.006862655282020569,-0.0024245046079158783,0,1
bias_medium,relative_unobservable,187,uncond_sdedit_t2,0.09859009832143784,0.06793287396430969,0.09595640003681183,0.06838283687829971,0.002633698284626007,-0.00044996291399002075,0,1
bias_medium,relative_unobservable,188,uncond_sdedit_t2,0.03563482314348221,0.4470396041870117,0.03641122579574585,0.44833457469940186,-0.0007764026522636414,-0.0012949705123901367,1,1
bias_medium,relative_unobservable,189,uncond_sdedit_t2,0.4519421458244324,0.04097713157534599,0.44917020201683044,0.043064773082733154,0.0027719438076019287,-0.0020876415073871613,0,1
bias_medium,relative_unobservable,190,uncond_sdedit_t2,0.1830560863018036,0.03475888818502426,0.18197952210903168,0.03764374554157257,0.0010765641927719116,-0.0028848573565483093,0,1
bias_medium,relative_unobservable,191,uncond_sdedit_t2,0.2876099944114685,0.4074801504611969,0.2879096269607544,0.40817657113075256,-0.00029963254928588867,-0.0006964206695556641,1,1
bias_medium,relative_unobservable,192,uncond_sdedit_t2,0.12956495583057404,0.06642543524503708,0.12063829600811005,0.06813839077949524,0.00892665982246399,-0.0017129555344581604,0,1
bias_medium,relative_unobservable,193,uncond_sdedit_t2,0.45007044076919556,0.05650883913040161,0.45110002160072327,0.05756015330553055,-0.00102958083152771,-0.0010513141751289368,1,1
bias_medium,relative_unobservable,194,uncond_sdedit_t2,0.25918132066726685,0.052516285330057144,0.25858402252197266,0.05481234937906265,0.0005972981452941895,-0.0022960640490055084,0,1
bias_medium,relative_unobservable,195,uncond_sdedit_t2,0.19279877841472626,0.03736581653356552,0.18438786268234253,0.04027414321899414,0.008410915732383728,-0.0029083266854286194,0,1
bias_medium,relative_unobservable,196,uncond_sdedit_t2,0.35538917779922485,0.049339693039655685,0.354715496301651,0.051517143845558167,0.0006736814975738525,-0.002177450805902481,0,1
bias_medium,relative_unobservable,197,uncond_sdedit_t2,0.3476037085056305,0.26183992624282837,0.3477939963340759,0.26139137148857117,-0.00019028782844543457,0.00044855475425720215,1,0
bias_medium,relative_unobservable,198,uncond_sdedit_t2,0.05784527212381363,0.06458502262830734,0.06126350909471512,0.06559664011001587,-0.0034182369709014893,-0.0010116174817085266,1,1
bias_medium,relative_unobservable,199,uncond_sdedit_t2,0.29799020290374756,0.3222906291484833,0.3101378381252289,0.32298049330711365,-0.012147635221481323,-0.0006898641586303711,1,1
bias_medium,relative_unobservable,0,cond_residual_t20,0.17902818322181702,0.1549730747938156,0.16255590319633484,0.16573937237262726,0.016472280025482178,-0.010766297578811646,0,1
bias_medium,relative_unobservable,1,cond_residual_t20,0.09521837532520294,0.07459697127342224,0.10812220722436905,0.07893459498882294,-0.012903831899166107,-0.004337623715400696,1,1
bias_medium,relative_unobservable,2,cond_residual_t20,0.27563387155532837,0.4456547200679779,0.21743659675121307,0.44830000400543213,0.058197274804115295,-0.0026452839374542236,0,1
bias_medium,relative_unobservable,3,cond_residual_t20,0.12342647463083267,0.051645442843437195,0.11595632135868073,0.057770490646362305,0.007470153272151947,-0.00612504780292511,0,1
bias_medium,relative_unobservable,4,cond_residual_t20,0.17775128781795502,0.02508540265262127,0.1976463496685028,0.03157569468021393,-0.01989506185054779,-0.006490292027592659,1,1
bias_medium,relative_unobservable,5,cond_residual_t20,0.10375215858221054,0.054331716150045395,0.10102866590023041,0.059067368507385254,0.002723492681980133,-0.004735652357339859,0,1
bias_medium,relative_unobservable,6,cond_residual_t20,0.21704383194446564,0.45957598090171814,0.20763102173805237,0.4641827344894409,0.009412810206413269,-0.004606753587722778,0,1
bias_medium,relative_unobservable,7,cond_residual_t20,0.20723295211791992,0.17894630134105682,0.2243618220090866,0.1896277517080307,-0.017128869891166687,-0.010681450366973877,1,1
bias_medium,relative_unobservable,8,cond_residual_t20,0.12270946800708771,0.11069527268409729,0.102228082716465,0.11515341699123383,0.02048138529062271,-0.004458144307136536,0,1
bias_medium,relative_unobservable,9,cond_residual_t20,0.12660977244377136,0.0321667343378067,0.12708108127117157,0.04188194498419762,-0.0004713088274002075,-0.009715210646390915,1,1
bias_medium,relative_unobservable,10,cond_residual_t20,0.1443648636341095,0.05018588528037071,0.1291222870349884,0.05973544344305992,0.015242576599121094,-0.009549558162689209,0,1
bias_medium,relative_unobservable,11,cond_residual_t20,0.13984672725200653,0.4696396589279175,0.12199655920267105,0.4552483558654785,0.01785016804933548,0.014391303062438965,0,0
bias_medium,relative_unobservable,12,cond_residual_t20,0.13406164944171906,0.37583333253860474,0.14866036176681519,0.38406622409820557,-0.01459871232509613,-0.00823289155960083,1,1
bias_medium,relative_unobservable,13,cond_residual_t20,0.47149115800857544,0.04034053161740303,0.46394985914230347,0.06896308809518814,0.007541298866271973,-0.02862255647778511,0,1
bias_medium,relative_unobservable,14,cond_residual_t20,0.14698538184165955,0.09503982216119766,0.13633057475090027,0.09623953700065613,0.010654807090759277,-0.0011997148394584656,0,1
bias_medium,relative_unobservable,15,cond_residual_t20,0.0830133706331253,0.06647706031799316,0.0851254016160965,0.0726361870765686,-0.0021120309829711914,-0.0061591267585754395,1,1
bias_medium,relative_unobservable,16,cond_residual_t20,0.08763471990823746,0.08045218139886856,0.0873584896326065,0.09557832777500153,0.00027623027563095093,-0.015126146376132965,0,1
bias_medium,relative_unobservable,17,cond_residual_t20,0.25494280457496643,0.058329589664936066,0.28387266397476196,0.06592706590890884,-0.028929859399795532,-0.007597476243972778,1,1
bias_medium,relative_unobservable,18,cond_residual_t20,0.1594536155462265,0.16514413058757782,0.16677053272724152,0.16722369194030762,-0.007316917181015015,-0.0020795613527297974,1,1
bias_medium,relative_unobservable,19,cond_residual_t20,0.15504488348960876,0.49754396080970764,0.1798481047153473,0.5140883922576904,-0.024803221225738525,-0.016544431447982788,1,1
bias_medium,relative_unobservable,20,cond_residual_t20,0.25055715441703796,0.04469124972820282,0.2691691815853119,0.049511492252349854,-0.018612027168273926,-0.004820242524147034,1,1
bias_medium,relative_unobservable,21,cond_residual_t20,0.3504839837551117,0.04997823387384415,0.36442217230796814,0.05892888084053993,-0.013938188552856445,-0.008950646966695786,1,1
bias_medium,relative_unobservable,22,cond_residual_t20,0.08469846099615097,0.03085416927933693,0.08288097381591797,0.036436717957258224,0.0018174871802330017,-0.005582548677921295,0,1
bias_medium,relative_unobservable,23,cond_residual_t20,0.17957240343093872,0.34182965755462646,0.1694328486919403,0.35897934436798096,0.010139554738998413,-0.017149686813354492,0,1
bias_medium,relative_unobservable,24,cond_residual_t20,0.12099684774875641,0.02874704822897911,0.11465229839086533,0.03770239278674126,0.006344549357891083,-0.008955344557762146,0,1
bias_medium,relative_unobservable,25,cond_residual_t20,0.08019016683101654,0.053055424243211746,0.08606503158807755,0.058440957218408585,-0.005874864757061005,-0.005385532975196838,1,1
bias_medium,relative_unobservable,26,cond_residual_t20,0.28699198365211487,0.04275604337453842,0.30854418873786926,0.04637538269162178,-0.021552205085754395,-0.0036193393170833588,1,1
bias_medium,relative_unobservable,27,cond_residual_t20,0.14165039360523224,0.050151340663433075,0.11857501417398453,0.05487994849681854,0.02307537943124771,-0.0047286078333854675,0,1
bias_medium,relative_unobservable,28,cond_residual_t20,0.1433466225862503,0.2981833815574646,0.15227851271629333,0.29657867550849915,-0.00893189013004303,0.001604706048965454,1,0
bias_medium,relative_unobservable,29,cond_residual_t20,0.0709095150232315,0.13795463740825653,0.078067347407341,0.1415998488664627,-0.007157832384109497,-0.0036452114582061768,1,1
bias_medium,relative_unobservable,30,cond_residual_t20,0.1362571269273758,0.026011385023593903,0.15055875480175018,0.052462853491306305,-0.01430162787437439,-0.026451468467712402,1,1
bias_medium,relative_unobservable,31,cond_residual_t20,0.20904020965099335,0.03351886570453644,0.2012873888015747,0.039978787302970886,0.00775282084941864,-0.006459921598434448,0,1
bias_medium,relative_unobservable,32,cond_residual_t20,0.054962802678346634,0.021755225956439972,0.04823457449674606,0.04283182695508003,0.006728228181600571,-0.02107660099864006,0,1
bias_medium,relative_unobservable,33,cond_residual_t20,0.16788390278816223,0.3924259543418884,0.1765875518321991,0.4038246273994446,-0.008703649044036865,-0.011398673057556152,1,1
bias_medium,relative_unobservable,34,cond_residual_t20,0.2607056796550751,0.03163336217403412,0.27622365951538086,0.05712572857737541,-0.015517979860305786,-0.025492366403341293,1,1
bias_medium,relative_unobservable,35,cond_residual_t20,0.10183829069137573,0.08060585707426071,0.10699982941150665,0.08767667412757874,-0.00516153872013092,-0.007070817053318024,1,1
bias_medium,relative_unobservable,36,cond_residual_t20,0.13366468250751495,0.04643203318119049,0.11755581945180893,0.05074656009674072,0.016108863055706024,-0.004314526915550232,0,1
bias_medium,relative_unobservable,37,cond_residual_t20,0.16887882351875305,0.026389073580503464,0.1441090852022171,0.029633959755301476,0.02476973831653595,-0.0032448861747980118,0,1
bias_medium,relative_unobservable,38,cond_residual_t20,0.15093384683132172,0.07376934587955475,0.15724660456180573,0.07605704665184021,-0.006312757730484009,-0.0022877007722854614,1,1
bias_medium,relative_unobservable,39,cond_residual_t20,0.16036342084407806,0.036936867982149124,0.143965482711792,0.038549382239580154,0.016397938132286072,-0.0016125142574310303,0,1
bias_medium,relative_unobservable,40,cond_residual_t20,0.2723091244697571,0.04268632084131241,0.3015420138835907,0.048338208347558975,-0.029232889413833618,-0.005651887506246567,1,1
bias_medium,relative_unobservable,41,cond_residual_t20,0.22309920191764832,0.16369439661502838,0.22886571288108826,0.16867777705192566,-0.005766510963439941,-0.004983380436897278,1,1
bias_medium,relative_unobservable,42,cond_residual_t20,0.2431117743253708,0.12718801200389862,0.23851926624774933,0.13053348660469055,0.00459250807762146,-0.003345474600791931,0,1
bias_medium,relative_unobservable,43,cond_residual_t20,0.25706857442855835,0.4927080571651459,0.2559744119644165,0.49001991748809814,0.0010941624641418457,0.0026881396770477295,0,0
bias_medium,relative_unobservable,44,cond_residual_t20,0.23696856200695038,0.0411863699555397,0.2501196265220642,0.0490962453186512,-0.01315106451511383,-0.007909875363111496,1,1
bias_medium,relative_unobservable,45,cond_residual_t20,0.11583667993545532,0.041667863726615906,0.07592139393091202,0.04747835546731949,0.039915286004543304,-0.005810491740703583,0,1
bias_medium,relative_unobservable,46,cond_residual_t20,0.1475103795528412,0.15698029100894928,0.1364244818687439,0.15506777167320251,0.01108589768409729,0.0019125193357467651,0,0
bias_medium,relative_unobservable,47,cond_residual_t20,0.10058481991291046,0.0338728092610836,0.08708831667900085,0.03839884698390961,0.013496503233909607,-0.004526037722826004,0,1
bias_medium,relative_unobservable,48,cond_residual_t20,0.2550443708896637,0.17607136070728302,0.2814617156982422,0.1748846173286438,-0.02641734480857849,0.0011867433786392212,1,0
bias_medium,relative_unobservable,49,cond_residual_t20,0.12801626324653625,0.4205794632434845,0.11022081226110458,0.4332028925418854,0.01779545098543167,-0.012623429298400879,0,1
bias_medium,relative_unobservable,50,cond_residual_t20,0.37600117921829224,0.034455377608537674,0.3966444134712219,0.041814714670181274,-0.020643234252929688,-0.0073593370616436005,1,1
bias_medium,relative_unobservable,51,cond_residual_t20,0.1960393488407135,0.0313226655125618,0.20600059628486633,0.03507935255765915,-0.009961247444152832,-0.003756687045097351,1,1
bias_medium,relative_unobservable,52,cond_residual_t20,0.1324533075094223,0.13826720416545868,0.1702887862920761,0.13744404911994934,-0.03783547878265381,0.0008231550455093384,1,0
bias_medium,relative_unobservable,53,cond_residual_t20,0.02637769654393196,0.048349469900131226,0.04840502887964249,0.054087862372398376,-0.022027332335710526,-0.005738392472267151,1,1
bias_medium,relative_unobservable,54,cond_residual_t20,0.2626878619194031,0.1001976951956749,0.25447267293930054,0.10357595235109329,0.008215188980102539,-0.003378257155418396,0,1
bias_medium,relative_unobservable,55,cond_residual_t20,0.1522234082221985,0.12961196899414062,0.17833518981933594,0.1354774683713913,-0.02611178159713745,-0.005865499377250671,1,1
bias_medium,relative_unobservable,56,cond_residual_t20,0.27356988191604614,0.028132669627666473,0.24792857468128204,0.032029394060373306,0.0256413072347641,-0.003896724432706833,0,1
bias_medium,relative_unobservable,57,cond_residual_t20,0.07230974733829498,0.05026140809059143,0.07075325399637222,0.056832849979400635,0.00155649334192276,-0.006571441888809204,0,1
bias_medium,relative_unobservable,58,cond_residual_t20,0.17140278220176697,0.023599324747920036,0.17898960411548615,0.04161275178194046,-0.007586821913719177,-0.018013427034020424,1,1
bias_medium,relative_unobservable,59,cond_residual_t20,0.340576708316803,0.041519857943058014,0.327400267124176,0.04142241179943085,0.013176441192626953,9.744614362716675e-05,0,0
bias_medium,relative_unobservable,60,cond_residual_t20,0.3382684588432312,0.2355189025402069,0.3379444479942322,0.23919974267482758,0.00032401084899902344,-0.0036808401346206665,0,1
bias_medium,relative_unobservable,61,cond_residual_t20,0.2438693791627884,0.06349334865808487,0.25346121191978455,0.07472478598356247,-0.009591832756996155,-0.0112314373254776,1,1
bias_medium,relative_unobservable,62,cond_residual_t20,0.11929233372211456,0.04051957651972771,0.11903984844684601,0.07266846299171448,0.0002524852752685547,-0.03214888647198677,0,1
bias_medium,relative_unobservable,63,cond_residual_t20,0.18886403739452362,0.046271003782749176,0.1876235455274582,0.049898628145456314,0.0012404918670654297,-0.003627624362707138,0,1
bias_medium,relative_unobservable,64,cond_residual_t20,0.12153865396976471,0.023569269105792046,0.1410444676876068,0.027090124785900116,-0.019505813717842102,-0.0035208556801080704,1,1
bias_medium,relative_unobservable,65,cond_residual_t20,0.25679564476013184,0.05712536349892616,0.2888106405735016,0.0654095932841301,-0.03201499581336975,-0.008284229785203934,1,1
bias_medium,relative_unobservable,66,cond_residual_t20,0.4281061589717865,0.05178801715373993,0.4387902617454529,0.08043055981397629,-0.010684102773666382,-0.02864254266023636,1,1
bias_medium,relative_unobservable,67,cond_residual_t20,0.24838492274284363,0.052843909710645676,0.20911917090415955,0.062048688530921936,0.03926575183868408,-0.00920477882027626,0,1
bias_medium,relative_unobservable,68,cond_residual_t20,0.03726588934659958,0.03377274423837662,0.04294168949127197,0.04258132725954056,-0.005675800144672394,-0.00880858302116394,1,1
bias_medium,relative_unobservable,69,cond_residual_t20,0.13453058898448944,0.1265851855278015,0.13398477435112,0.13801340758800507,0.0005458146333694458,-0.011428222060203552,0,1
bias_medium,relative_unobservable,70,cond_residual_t20,0.23599383234977722,0.21387647092342377,0.24418863654136658,0.23125511407852173,-0.008194804191589355,-0.01737864315509796,1,1
bias_medium,relative_unobservable,71,cond_residual_t20,0.24660775065422058,0.38673922419548035,0.2518363296985626,0.403164267539978,-0.005228579044342041,-0.01642504334449768,1,1
bias_medium,relative_unobservable,72,cond_residual_t20,0.1538412868976593,0.08115920424461365,0.13171207904815674,0.08638978004455566,0.022129207849502563,-0.005230575799942017,0,1
bias_medium,relative_unobservable,73,cond_residual_t20,0.3241119384765625,0.07241426408290863,0.3323325514793396,0.07853066921234131,-0.0082206130027771,-0.006116405129432678,1,1
bias_medium,relative_unobservable,74,cond_residual_t20,0.11323042958974838,0.2939346134662628,0.09731759130954742,0.30592986941337585,0.015912838280200958,-0.011995255947113037,0,1
bias_medium,relative_unobservable,75,cond_residual_t20,0.14189988374710083,0.0296931192278862,0.13609881699085236,0.05600474402308464,0.005801066756248474,-0.02631162479519844,0,1
bias_medium,relative_unobservable,76,cond_residual_t20,0.09432709217071533,0.031545523554086685,0.10778290033340454,0.03588742017745972,-0.013455808162689209,-0.004341896623373032,1,1
bias_medium,relative_unobservable,77,cond_residual_t20,0.2808385491371155,0.030033264309167862,0.29604196548461914,0.03192667290568352,-0.015203416347503662,-0.0018934085965156555,1,1
bias_medium,relative_unobservable,78,cond_residual_t20,0.17884747684001923,0.025678295642137527,0.1684838980436325,0.045761097222566605,0.010363578796386719,-0.020082801580429077,0,1
bias_medium,relative_unobservable,79,cond_residual_t20,0.07795920968055725,0.039708785712718964,0.0941409096121788,0.046558693051338196,-0.01618169993162155,-0.006849907338619232,1,1
bias_medium,relative_unobservable,80,cond_residual_t20,0.2757019102573395,0.03025086782872677,0.27842751145362854,0.05294637754559517,-0.0027256011962890625,-0.0226955097168684,1,1
bias_medium,relative_unobservable,81,cond_residual_t20,0.168237566947937,0.13365265727043152,0.15829284489154816,0.13659387826919556,0.009944722056388855,-0.002941220998764038,0,1
bias_medium,relative_unobservable,82,cond_residual_t20,0.12696655094623566,0.14076903462409973,0.09778746962547302,0.14853854477405548,0.029179081320762634,-0.0077695101499557495,0,1
bias_medium,relative_unobservable,83,cond_residual_t20,0.5094497203826904,0.032307930290699005,0.5542881488800049,0.05205375701189041,-0.04483842849731445,-0.019745826721191406,1,1
bias_medium,relative_unobservable,84,cond_residual_t20,0.020951690152287483,0.2080705463886261,0.01995132304728031,0.20953544974327087,0.0010003671050071716,-0.0014649033546447754,0,1
bias_medium,relative_unobservable,85,cond_residual_t20,0.4088340401649475,0.36478057503700256,0.3659885823726654,0.36316797137260437,0.042845457792282104,0.0016126036643981934,0,0
bias_medium,relative_unobservable,86,cond_residual_t20,0.2694907784461975,0.12008294463157654,0.2470497190952301,0.1220567524433136,0.022441059350967407,-0.0019738078117370605,0,1
bias_medium,relative_unobservable,87,cond_residual_t20,0.2453364133834839,0.4197675287723541,0.2576853036880493,0.4382193386554718,-0.01234889030456543,-0.018451809883117676,1,1
bias_medium,relative_unobservable,88,cond_residual_t20,0.1043509691953659,0.030242038890719414,0.146180659532547,0.03927285969257355,-0.04182969033718109,-0.009030820801854134,1,1
bias_medium,relative_unobservable,89,cond_residual_t20,0.1964835822582245,0.05636182054877281,0.18747682869434357,0.06320544332265854,0.00900675356388092,-0.006843622773885727,0,1
bias_medium,relative_unobservable,90,cond_residual_t20,0.06331925094127655,0.401379257440567,0.05310068279504776,0.39978715777397156,0.01021856814622879,0.001592099666595459,0,0
bias_medium,relative_unobservable,91,cond_residual_t20,0.20952315628528595,0.03756428509950638,0.2104082554578781,0.041790857911109924,-0.0008850991725921631,-0.004226572811603546,1,1
bias_medium,relative_unobservable,92,cond_residual_t20,0.14912036061286926,0.041682396084070206,0.15877266228199005,0.045957352966070175,-0.009652301669120789,-0.0042749568819999695,1,1
bias_medium,relative_unobservable,93,cond_residual_t20,0.08539597690105438,0.03387140855193138,0.07370318472385406,0.044741157442331314,0.011692792177200317,-0.010869748890399933,0,1
bias_medium,relative_unobservable,94,cond_residual_t20,0.22786739468574524,0.2329253852367401,0.23795466125011444,0.25250545144081116,-0.010087266564369202,-0.019580066204071045,1,1
bias_medium,relative_unobservable,95,cond_residual_t20,0.15928657352924347,0.04286189749836922,0.16713173687458038,0.05971537157893181,-0.007845163345336914,-0.01685347408056259,1,1
bias_medium,relative_unobservable,96,cond_residual_t20,0.25578489899635315,0.046249840408563614,0.2684658169746399,0.05219949781894684,-0.012680917978286743,-0.0059496574103832245,1,1
bias_medium,relative_unobservable,97,cond_residual_t20,0.23910824954509735,0.047894272953271866,0.26230889558792114,0.0531180165708065,-0.02320064604282379,-0.0052237436175346375,1,1
bias_medium,relative_unobservable,98,cond_residual_t20,0.33018216490745544,0.07639994472265244,0.32250985503196716,0.07975549250841141,0.007672309875488281,-0.003355547785758972,0,1
bias_medium,relative_unobservable,99,cond_residual_t20,0.32845771312713623,0.17860452830791473,0.317570298910141,0.16703025996685028,0.01088741421699524,0.011574268341064453,0,0
bias_medium,relative_unobservable,100,cond_residual_t20,0.37629902362823486,0.4349597692489624,0.34000444412231445,0.43493562936782837,0.03629457950592041,2.4139881134033203e-05,0,0
bias_medium,relative_unobservable,101,cond_residual_t20,0.29016274213790894,0.036738041788339615,0.2694550156593323,0.04355299845337868,0.02070772647857666,-0.0068149566650390625,0,1
bias_medium,relative_unobservable,102,cond_residual_t20,0.09391307085752487,0.06358632445335388,0.12536099553108215,0.06349650770425797,-0.03144792467355728,8.981674909591675e-05,1,0
bias_medium,relative_unobservable,103,cond_residual_t20,0.1788155734539032,0.05215815454721451,0.21557338535785675,0.05718743056058884,-0.03675781190395355,-0.005029276013374329,1,1
bias_medium,relative_unobservable,104,cond_residual_t20,0.07988573610782623,0.04341118037700653,0.07751722633838654,0.05774582177400589,0.0023685097694396973,-0.014334641396999359,0,1
bias_medium,relative_unobservable,105,cond_residual_t20,0.2436518669128418,0.03418641909956932,0.25589674711227417,0.042822521179914474,-0.012244880199432373,-0.008636102080345154,1,1
bias_medium,relative_unobservable,106,cond_residual_t20,0.12639553844928741,0.04495468735694885,0.12471695989370346,0.04997964948415756,0.0016785785555839539,-0.00502496212720871,0,1
bias_medium,relative_unobservable,107,cond_residual_t20,0.24256613850593567,0.16748371720314026,0.2512781023979187,0.17354266345500946,-0.008711963891983032,-0.006058946251869202,1,1
bias_medium,relative_unobservable,108,cond_residual_t20,0.11766090244054794,0.35244202613830566,0.13414828479290009,0.358617901802063,-0.016487382352352142,-0.006175875663757324,1,1
bias_medium,relative_unobservable,109,cond_residual_t20,0.3264257311820984,0.05103101581335068,0.3428463339805603,0.051404111087322235,-0.016420602798461914,-0.0003730952739715576,1,1
bias_medium,relative_unobservable,110,cond_residual_t20,0.13342627882957458,0.32559892535209656,0.14536991715431213,0.3260500431060791,-0.011943638324737549,-0.00045111775398254395,1,1
bias_medium,relative_unobservable,111,cond_residual_t20,0.22532883286476135,0.04012168571352959,0.2285647839307785,0.04619203507900238,-0.003235951066017151,-0.006070349365472794,1,1
bias_medium,relative_unobservable,112,cond_residual_t20,0.16654452681541443,0.05007721483707428,0.14771676063537598,0.052611302584409714,0.018827766180038452,-0.002534087747335434,0,1
bias_medium,relative_unobservable,113,cond_residual_t20,0.21205787360668182,0.3852408230304718,0.2175866663455963,0.38478416204452515,-0.00552879273891449,0.0004566609859466553,1,0
bias_medium,relative_unobservable,114,cond_residual_t20,0.04788205400109291,0.33303892612457275,0.031335555016994476,0.335331529378891,0.016546498984098434,-0.0022926032543182373,0,1
bias_medium,relative_unobservable,115,cond_residual_t20,0.1460496336221695,0.4278753697872162,0.1568879783153534,0.4450206756591797,-0.010838344693183899,-0.0171453058719635,1,1
bias_medium,relative_unobservable,116,cond_residual_t20,0.30559617280960083,0.0378558449447155,0.34088119864463806,0.041744254529476166,-0.03528502583503723,-0.003888409584760666,1,1
bias_medium,relative_unobservable,117,cond_residual_t20,0.1797156035900116,0.03085637465119362,0.20555324852466583,0.046976879239082336,-0.025837644934654236,-0.016120504587888718,1,1
bias_medium,relative_unobservable,118,cond_residual_t20,0.20836679637432098,0.04357001930475235,0.2145950049161911,0.05006295442581177,-0.006228208541870117,-0.006492935121059418,1,1
bias_medium,relative_unobservable,119,cond_residual_t20,0.32884347438812256,0.04494062066078186,0.3437081277370453,0.049581218510866165,-0.01486465334892273,-0.004640597850084305,1,1
bias_medium,relative_unobservable,120,cond_residual_t20,0.1036190390586853,0.2983989119529724,0.09226398915052414,0.30871808528900146,0.011355049908161163,-0.010319173336029053,0,1
bias_medium,relative_unobservable,121,cond_residual_t20,0.1310288906097412,0.032264694571495056,0.13960197567939758,0.05461505427956581,-0.008573085069656372,-0.022350359708070755,1,1
bias_medium,relative_unobservable,122,cond_residual_t20,0.22772780060768127,0.530449628829956,0.2259383499622345,0.537132203578949,0.0017894506454467773,-0.00668257474899292,0,1
bias_medium,relative_unobservable,123,cond_residual_t20,0.22883519530296326,0.06087776646018028,0.2832077741622925,0.06469621509313583,-0.054372578859329224,-0.003818448632955551,1,1
bias_medium,relative_unobservable,124,cond_residual_t20,0.17793574929237366,0.06958889216184616,0.162734717130661,0.07463603466749191,0.015201032161712646,-0.005047142505645752,0,1
bias_medium,relative_unobservable,125,cond_residual_t20,0.20411810278892517,0.2719385623931885,0.1847981959581375,0.2749825119972229,0.01931990683078766,-0.003043949604034424,0,1
bias_medium,relative_unobservable,126,cond_residual_t20,0.10930615663528442,0.12969675660133362,0.12054719030857086,0.1413821429014206,-0.011241033673286438,-0.011685386300086975,1,1
bias_medium,relative_unobservable,127,cond_residual_t20,0.15652695298194885,0.040010884404182434,0.1385236233472824,0.04652121663093567,0.018003329634666443,-0.006510332226753235,0,1
bias_medium,relative_unobservable,128,cond_residual_t20,0.2847657799720764,0.1887221485376358,0.27902278304100037,0.19948439300060272,0.00574299693107605,-0.010762244462966919,0,1
bias_medium,relative_unobservable,129,cond_residual_t20,0.09117111563682556,0.3016415536403656,0.10084430128335953,0.31032615900039673,-0.009673185646533966,-0.008684605360031128,1,1
bias_medium,relative_unobservable,130,cond_residual_t20,0.13643498718738556,0.21537910401821136,0.13274379074573517,0.21802760660648346,0.0036911964416503906,-0.0026485025882720947,0,1
bias_medium,relative_unobservable,131,cond_residual_t20,0.14347481727600098,0.36913391947746277,0.14804774522781372,0.3712456524372101,-0.004572927951812744,-0.0021117329597473145,1,1
bias_medium,relative_unobservable,132,cond_residual_t20,0.1199028268456459,0.020630870014429092,0.1240127831697464,0.030386336147785187,-0.004109956324100494,-0.009755466133356094,1,1
bias_medium,relative_unobservable,133,cond_residual_t20,0.12330231815576553,0.04298444092273712,0.10407626628875732,0.051250144839286804,0.01922605186700821,-0.008265703916549683,0,1
bias_medium,relative_unobservable,134,cond_residual_t20,0.07882499694824219,0.04030241072177887,0.07064753025770187,0.04685984551906586,0.008177466690540314,-0.006557434797286987,0,1
bias_medium,relative_unobservable,135,cond_residual_t20,0.2712484300136566,0.054538942873477936,0.2739018499851227,0.06039493530988693,-0.0026534199714660645,-0.005855992436408997,1,1
bias_medium,relative_unobservable,136,cond_residual_t20,0.09631869196891785,0.13484914600849152,0.09413865953683853,0.13425426185131073,0.002180032432079315,0.0005948841571807861,0,0
bias_medium,relative_unobservable,137,cond_residual_t20,0.11060197651386261,0.032098423689603806,0.09312376379966736,0.030864162370562553,0.01747821271419525,0.0012342613190412521,0,0
bias_medium,relative_unobservable,138,cond_residual_t20,0.13783994317054749,0.046062249690294266,0.1277047097682953,0.05241519212722778,0.010135233402252197,-0.0063529424369335175,0,1
bias_medium,relative_unobservable,139,cond_residual_t20,0.22124159336090088,0.06390389055013657,0.21151848137378693,0.0661618709564209,0.009723111987113953,-0.0022579804062843323,0,1
bias_medium,relative_unobservable,140,cond_residual_t20,0.20205369591712952,0.3181631863117218,0.19125649333000183,0.32133424282073975,0.010797202587127686,-0.0031710565090179443,0,1
bias_medium,relative_unobservable,141,cond_residual_t20,0.2222612202167511,0.03145228326320648,0.18825198709964752,0.03054407611489296,0.03400923311710358,0.0009082071483135223,0,0
bias_medium,relative_unobservable,142,cond_residual_t20,0.16797155141830444,0.26113784313201904,0.1750868260860443,0.2584637999534607,-0.007115274667739868,0.0026740431785583496,1,0
bias_medium,relative_unobservable,143,cond_residual_t20,0.2201797515153885,0.257315993309021,0.21791501343250275,0.2586783766746521,0.002264738082885742,-0.0013623833656311035,0,1
bias_medium,relative_unobservable,144,cond_residual_t20,0.06448584794998169,0.05381117761135101,0.057348378002643585,0.061404671519994736,0.007137469947338104,-0.0075934939086437225,0,1
bias_medium,relative_unobservable,145,cond_residual_t20,0.2892405390739441,0.4039112329483032,0.2878491282463074,0.41467440128326416,0.0013914108276367188,-0.010763168334960938,0,1
bias_medium,relative_unobservable,146,cond_residual_t20,0.26247796416282654,0.2068231701850891,0.2732624113559723,0.2147189825773239,-0.010784447193145752,-0.007895812392234802,1,1
bias_medium,relative_unobservable,147,cond_residual_t20,0.11806809902191162,0.028886931017041206,0.10210222005844116,0.03384839743375778,0.01596587896347046,-0.004961466416716576,0,1
bias_medium,relative_unobservable,148,cond_residual_t20,0.17961595952510834,0.051812656223773956,0.1894448697566986,0.06643038243055344,-0.009828910231590271,-0.01461772620677948,1,1
bias_medium,relative_unobservable,149,cond_residual_t20,0.11951065063476562,0.032882433384656906,0.1358456164598465,0.035342879593372345,-0.01633496582508087,-0.002460446208715439,1,1
bias_medium,relative_unobservable,150,cond_residual_t20,0.23598352074623108,0.08129799365997314,0.22894804179668427,0.08358462154865265,0.007035478949546814,-0.0022866278886795044,0,1
bias_medium,relative_unobservable,151,cond_residual_t20,0.01407451368868351,0.053716886788606644,0.018522217869758606,0.05767083913087845,-0.004447704181075096,-0.003953952342271805,1,1
bias_medium,relative_unobservable,152,cond_residual_t20,0.19858375191688538,0.03399256616830826,0.17637035250663757,0.050278667360544205,0.022213399410247803,-0.016286101192235947,0,1
bias_medium,relative_unobservable,153,cond_residual_t20,0.17918339371681213,0.08057254552841187,0.1720845252275467,0.08890002220869064,0.007098868489265442,-0.008327476680278778,0,1
bias_medium,relative_unobservable,154,cond_residual_t20,0.15112650394439697,0.0336294025182724,0.09229247272014618,0.05340689420700073,0.05883403122425079,-0.019777491688728333,0,1
bias_medium,relative_unobservable,155,cond_residual_t20,0.09435923397541046,0.025517070665955544,0.07864820957183838,0.034288931638002396,0.015711024403572083,-0.008771860972046852,0,1
bias_medium,relative_unobservable,156,cond_residual_t20,0.17359597980976105,0.11026101559400558,0.15726633369922638,0.10965527594089508,0.016329646110534668,0.0006057396531105042,0,0
bias_medium,relative_unobservable,157,cond_residual_t20,0.13795672357082367,0.14952664077281952,0.135399729013443,0.15835464000701904,0.0025569945573806763,-0.008827999234199524,0,1
bias_medium,relative_unobservable,158,cond_residual_t20,0.07950060069561005,0.0447668731212616,0.07963968813419342,0.04941947013139725,-0.00013908743858337402,-0.004652597010135651,1,1
bias_medium,relative_unobservable,159,cond_residual_t20,0.29209181666374207,0.03451897203922272,0.3033619523048401,0.04185250774025917,-0.011270135641098022,-0.007333535701036453,1,1
bias_medium,relative_unobservable,160,cond_residual_t20,0.28873810172080994,0.26557353138923645,0.292936235666275,0.27269965410232544,-0.004198133945465088,-0.007126122713088989,1,1
bias_medium,relative_unobservable,161,cond_residual_t20,0.0912974625825882,0.12016960233449936,0.09505106508731842,0.12745867669582367,-0.0037536025047302246,-0.00728907436132431,1,1
bias_medium,relative_unobservable,162,cond_residual_t20,0.13430017232894897,0.03168444707989693,0.14317920804023743,0.03750953823328018,-0.008879035711288452,-0.005825091153383255,1,1
bias_medium,relative_unobservable,163,cond_residual_t20,0.29421767592430115,0.031454119831323624,0.2859256863594055,0.04026080667972565,0.00829198956489563,-0.008806686848402023,0,1
bias_medium,relative_unobservable,164,cond_residual_t20,0.1209336668252945,0.02857299894094467,0.10462965071201324,0.05523465573787689,0.01630401611328125,-0.02666165679693222,0,1
bias_medium,relative_unobservable,165,cond_residual_t20,0.231751948595047,0.2833605706691742,0.24673166871070862,0.27559196949005127,-0.014979720115661621,0.007768601179122925,1,0
bias_medium,relative_unobservable,166,cond_residual_t20,0.24585480988025665,0.0346711128950119,0.23062102496623993,0.04402124509215355,0.015233784914016724,-0.009350132197141647,0,1
bias_medium,relative_unobservable,167,cond_residual_t20,0.08297426998615265,0.35595110058784485,0.07129248976707458,0.3599472939968109,0.011681780219078064,-0.0039961934089660645,0,1
bias_medium,relative_unobservable,168,cond_residual_t20,0.19818682968616486,0.14842592179775238,0.1737661212682724,0.14827822148799896,0.024420708417892456,0.00014770030975341797,0,0
bias_medium,relative_unobservable,169,cond_residual_t20,0.16196660697460175,0.050065431743860245,0.18372318148612976,0.053109027445316315,-0.021756574511528015,-0.00304359570145607,1,1
bias_medium,relative_unobservable,170,cond_residual_t20,0.22208909690380096,0.052361469715833664,0.21945956349372864,0.05995415896177292,0.0026295334100723267,-0.007592689245939255,0,1
bias_medium,relative_unobservable,171,cond_residual_t20,0.1569543182849884,0.13934297859668732,0.15327788889408112,0.14575494825839996,0.0036764293909072876,-0.0064119696617126465,0,1
bias_medium,relative_unobservable,172,cond_residual_t20,0.25349685549736023,0.3951297700405121,0.273743212223053,0.4150778353214264,-0.02024635672569275,-0.019948065280914307,1,1
bias_medium,relative_unobservable,173,cond_residual_t20,0.08009345829486847,0.04314145818352699,0.07319475710391998,0.04290987551212311,0.006898701190948486,0.0002315826714038849,0,0
bias_medium,relative_unobservable,174,cond_residual_t20,0.3053428828716278,0.03521565720438957,0.30767306685447693,0.043124232441186905,-0.002330183982849121,-0.007908575236797333,1,1
bias_medium,relative_unobservable,175,cond_residual_t20,0.17949971556663513,0.03402505815029144,0.190395325422287,0.059576671570539474,-0.010895609855651855,-0.02555161342024803,1,1
bias_medium,relative_unobservable,176,cond_residual_t20,0.21157625317573547,0.026404693722724915,0.21821358799934387,0.03247759863734245,-0.0066373348236083984,-0.0060729049146175385,1,1
bias_medium,relative_unobservable,177,cond_residual_t20,0.25116315484046936,0.13442057371139526,0.2263748198747635,0.13897296786308289,0.02478833496570587,-0.004552394151687622,0,1
bias_medium,relative_unobservable,178,cond_residual_t20,0.08629991114139557,0.03312714025378227,0.08428538590669632,0.06349214166402817,0.0020145252346992493,-0.030365001410245895,0,1
bias_medium,relative_unobservable,179,cond_residual_t20,0.1289687305688858,0.04808918014168739,0.11235998570919037,0.05638187378644943,0.016608744859695435,-0.00829269364476204,0,1
bias_medium,relative_unobservable,180,cond_residual_t20,0.11544357240200043,0.28416240215301514,0.1386125385761261,0.2722807824611664,-0.02316896617412567,0.011881619691848755,1,0
bias_medium,relative_unobservable,181,cond_residual_t20,0.10103283822536469,0.037065811455249786,0.11159451305866241,0.056048717349767685,-0.01056167483329773,-0.0189829058945179,1,1
bias_medium,relative_unobservable,182,cond_residual_t20,0.07343632727861404,0.04379311576485634,0.04818340018391609,0.04793303459882736,0.025252927094697952,-0.0041399188339710236,0,1
bias_medium,relative_unobservable,183,cond_residual_t20,0.26533734798431396,0.05526517704129219,0.2913788855075836,0.06190529838204384,-0.026041537523269653,-0.006640121340751648,1,1
bias_medium,relative_unobservable,184,cond_residual_t20,0.29128915071487427,0.06488989293575287,0.2907605767250061,0.0716886818408966,0.0005285739898681641,-0.006798788905143738,0,1
bias_medium,relative_unobservable,185,cond_residual_t20,0.3529384434223175,0.039232656359672546,0.3499968945980072,0.046706490218639374,0.0029415488243103027,-0.007473833858966827,0,1
bias_medium,relative_unobservable,186,cond_residual_t20,0.12738551199436188,0.05544576421380043,0.12737758457660675,0.060517556965351105,7.927417755126953e-06,-0.0050717927515506744,0,1
bias_medium,relative_unobservable,187,cond_residual_t20,0.0873296707868576,0.03500979766249657,0.09595640003681183,0.06838283687829971,-0.008626729249954224,-0.033373039215803146,1,1
bias_medium,relative_unobservable,188,cond_residual_t20,0.04991872236132622,0.43837419152259827,0.03641122579574585,0.44833457469940186,0.013507496565580368,-0.009960383176803589,0,1
bias_medium,relative_unobservable,189,cond_residual_t20,0.4513903260231018,0.03894515335559845,0.44917020201683044,0.043064773082733154,0.0022201240062713623,-0.004119619727134705,0,1
bias_medium,relative_unobservable,190,cond_residual_t20,0.17541936039924622,0.021690668538212776,0.18197952210903168,0.03764374554157257,-0.006560161709785461,-0.015953077003359795,1,1
bias_medium,relative_unobservable,191,cond_residual_t20,0.2709783911705017,0.41324615478515625,0.2879096269607544,0.40817657113075256,-0.016931235790252686,0.0050695836544036865,1,0
bias_medium,relative_unobservable,192,cond_residual_t20,0.14236387610435486,0.0269852876663208,0.12063829600811005,0.06813839077949524,0.021725580096244812,-0.04115310311317444,0,1
bias_medium,relative_unobservable,193,cond_residual_t20,0.4689137935638428,0.04818876087665558,0.45110002160072327,0.05756015330553055,0.017813771963119507,-0.00937139242887497,0,1
bias_medium,relative_unobservable,194,cond_residual_t20,0.2553289234638214,0.02980845235288143,0.25858402252197266,0.05481234937906265,-0.003255099058151245,-0.02500389702618122,1,1
bias_medium,relative_unobservable,195,cond_residual_t20,0.15190033614635468,0.03386508300900459,0.18438786268234253,0.04027414321899414,-0.032487526535987854,-0.006409060209989548,1,1
bias_medium,relative_unobservable,196,cond_residual_t20,0.35193508863449097,0.04360679164528847,0.354715496301651,0.051517143845558167,-0.002780407667160034,-0.007910352200269699,1,1
bias_medium,relative_unobservable,197,cond_residual_t20,0.34465354681015015,0.26707130670547485,0.3477939963340759,0.26139137148857117,-0.0031404495239257812,0.0056799352169036865,1,0
bias_medium,relative_unobservable,198,cond_residual_t20,0.06987641751766205,0.06414613127708435,0.06126350909471512,0.06559664011001587,0.00861290842294693,-0.0014505088329315186,0,1
bias_medium,relative_unobservable,199,cond_residual_t20,0.33415156602859497,0.3126998543739319,0.3101378381252289,0.32298049330711365,0.02401372790336609,-0.010280638933181763,0,1
combined_medium,partially_observable,0,noisy_input,0.19847941398620605,0.25600674748420715,0.19847941398620605,0.25600674748420715,0.0,0.0,0,0
combined_medium,partially_observable,1,noisy_input,0.1250055432319641,0.21407635509967804,0.1250055432319641,0.21407635509967804,0.0,0.0,0,0
combined_medium,partially_observable,2,noisy_input,0.14892324805259705,0.48388734459877014,0.14892324805259705,0.48388734459877014,0.0,0.0,0,0
combined_medium,partially_observable,3,noisy_input,0.1310284435749054,0.15507149696350098,0.1310284435749054,0.15507149696350098,0.0,0.0,0,0
combined_medium,partially_observable,4,noisy_input,0.14787623286247253,0.17721667885780334,0.14787623286247253,0.17721667885780334,0.0,0.0,0,0
combined_medium,partially_observable,5,noisy_input,0.1610274612903595,0.1652723103761673,0.1610274612903595,0.1652723103761673,0.0,0.0,0,0
combined_medium,partially_observable,6,noisy_input,0.17175714671611786,0.47006872296333313,0.17175714671611786,0.47006872296333313,0.0,0.0,0,0
combined_medium,partially_observable,7,noisy_input,0.2875620424747467,0.24283093214035034,0.2875620424747467,0.24283093214035034,0.0,0.0,0,0
combined_medium,partially_observable,8,noisy_input,0.12415234744548798,0.2030789852142334,0.12415234744548798,0.2030789852142334,0.0,0.0,0,0
combined_medium,partially_observable,9,noisy_input,0.18404816091060638,0.20079854130744934,0.18404816091060638,0.20079854130744934,0.0,0.0,0,0
combined_medium,partially_observable,10,noisy_input,0.09132001549005508,0.16546422243118286,0.09132001549005508,0.16546422243118286,0.0,0.0,0,0
combined_medium,partially_observable,11,noisy_input,0.28088313341140747,0.4831819534301758,0.28088313341140747,0.4831819534301758,0.0,0.0,0,0
combined_medium,partially_observable,12,noisy_input,0.08309528231620789,0.44494330883026123,0.08309528231620789,0.44494330883026123,0.0,0.0,0,0
combined_medium,partially_observable,13,noisy_input,0.14587166905403137,0.16884379088878632,0.14587166905403137,0.16884379088878632,0.0,0.0,0,0
combined_medium,partially_observable,14,noisy_input,0.2397957593202591,0.1797916293144226,0.2397957593202591,0.1797916293144226,0.0,0.0,0,0
combined_medium,partially_observable,15,noisy_input,0.11552897840738297,0.19691447913646698,0.11552897840738297,0.19691447913646698,0.0,0.0,0,0
combined_medium,partially_observable,16,noisy_input,0.2620028257369995,0.1866181194782257,0.2620028257369995,0.1866181194782257,0.0,0.0,0,0
combined_medium,partially_observable,17,noisy_input,0.28157201409339905,0.18750987946987152,0.28157201409339905,0.18750987946987152,0.0,0.0,0,0
combined_medium,partially_observable,18,noisy_input,0.25108951330184937,0.24140220880508423,0.25108951330184937,0.24140220880508423,0.0,0.0,0,0
combined_medium,partially_observable,19,noisy_input,0.24585840106010437,0.5813621282577515,0.24585840106010437,0.5813621282577515,0.0,0.0,0,0
combined_medium,partially_observable,20,noisy_input,0.11578597873449326,0.14641863107681274,0.11578597873449326,0.14641863107681274,0.0,0.0,0,0
combined_medium,partially_observable,21,noisy_input,0.29456377029418945,0.16884000599384308,0.29456377029418945,0.16884000599384308,0.0,0.0,0,0
combined_medium,partially_observable,22,noisy_input,0.3466281294822693,0.1791132688522339,0.3466281294822693,0.1791132688522339,0.0,0.0,0,0
combined_medium,partially_observable,23,noisy_input,0.11427401006221771,0.42962002754211426,0.11427401006221771,0.42962002754211426,0.0,0.0,0,0
combined_medium,partially_observable,24,noisy_input,0.18754073977470398,0.163839653134346,0.18754073977470398,0.163839653134346,0.0,0.0,0,0
combined_medium,partially_observable,25,noisy_input,0.20181408524513245,0.18331699073314667,0.20181408524513245,0.18331699073314667,0.0,0.0,0,0
combined_medium,partially_observable,26,noisy_input,0.15647293627262115,0.1657164990901947,0.15647293627262115,0.1657164990901947,0.0,0.0,0,0
combined_medium,partially_observable,27,noisy_input,0.3775685131549835,0.1759142428636551,0.3775685131549835,0.1759142428636551,0.0,0.0,0,0
combined_medium,partially_observable,28,noisy_input,0.2815152406692505,0.31691986322402954,0.2815152406692505,0.31691986322402954,0.0,0.0,0,0
combined_medium,partially_observable,29,noisy_input,0.1370900273323059,0.17991109192371368,0.1370900273323059,0.17991109192371368,0.0,0.0,0,0
combined_medium,partially_observable,30,noisy_input,0.1585274636745453,0.15295539796352386,0.1585274636745453,0.15295539796352386,0.0,0.0,0,0
combined_medium,partially_observable,31,noisy_input,0.08270429074764252,0.1689864844083786,0.08270429074764252,0.1689864844083786,0.0,0.0,0,0
combined_medium,partially_observable,32,noisy_input,0.17351368069648743,0.13202853500843048,0.17351368069648743,0.13202853500843048,0.0,0.0,0,0
combined_medium,partially_observable,33,noisy_input,0.33598944544792175,0.39605286717414856,0.33598944544792175,0.39605286717414856,0.0,0.0,0,0
combined_medium,partially_observable,34,noisy_input,0.15006780624389648,0.16305683553218842,0.15006780624389648,0.16305683553218842,0.0,0.0,0,0
combined_medium,partially_observable,35,noisy_input,0.23921802639961243,0.22369186580181122,0.23921802639961243,0.22369186580181122,0.0,0.0,0,0
combined_medium,partially_observable,36,noisy_input,0.2997235059738159,0.1281536966562271,0.2997235059738159,0.1281536966562271,0.0,0.0,0,0
combined_medium,partially_observable,37,noisy_input,0.12509766221046448,0.1271255910396576,0.12509766221046448,0.1271255910396576,0.0,0.0,0,0
combined_medium,partially_observable,38,noisy_input,0.3438359797000885,0.19640739262104034,0.3438359797000885,0.19640739262104034,0.0,0.0,0,0
combined_medium,partially_observable,39,noisy_input,0.22641441226005554,0.13956889510154724,0.22641441226005554,0.13956889510154724,0.0,0.0,0,0
combined_medium,partially_observable,40,noisy_input,0.11688727140426636,0.15499940514564514,0.11688727140426636,0.15499940514564514,0.0,0.0,0,0
combined_medium,partially_observable,41,noisy_input,0.0729883462190628,0.22730591893196106,0.0729883462190628,0.22730591893196106,0.0,0.0,0,0
combined_medium,partially_observable,42,noisy_input,0.13588757812976837,0.2042573094367981,0.13588757812976837,0.2042573094367981,0.0,0.0,0,0
combined_medium,partially_observable,43,noisy_input,0.27667102217674255,0.5147008895874023,0.27667102217674255,0.5147008895874023,0.0,0.0,0,0
combined_medium,partially_observable,44,noisy_input,0.19048507511615753,0.19498075544834137,0.19048507511615753,0.19498075544834137,0.0,0.0,0,0
combined_medium,partially_observable,45,noisy_input,0.18738022446632385,0.15229496359825134,0.18738022446632385,0.15229496359825134,0.0,0.0,0,0
combined_medium,partially_observable,46,noisy_input,0.17264249920845032,0.2169540971517563,0.17264249920845032,0.2169540971517563,0.0,0.0,0,0
combined_medium,partially_observable,47,noisy_input,0.14021167159080505,0.1399826854467392,0.14021167159080505,0.1399826854467392,0.0,0.0,0,0
combined_medium,partially_observable,48,noisy_input,0.08901850134134293,0.3324195146560669,0.08901850134134293,0.3324195146560669,0.0,0.0,0,0
combined_medium,partially_observable,49,noisy_input,0.1327701210975647,0.4317814111709595,0.1327701210975647,0.4317814111709595,0.0,0.0,0,0
combined_medium,partially_observable,50,noisy_input,0.11888432502746582,0.15303365886211395,0.11888432502746582,0.15303365886211395,0.0,0.0,0,0
combined_medium,partially_observable,51,noisy_input,0.18223638832569122,0.1509353518486023,0.18223638832569122,0.1509353518486023,0.0,0.0,0,0
combined_medium,partially_observable,52,noisy_input,0.246342733502388,0.222469300031662,0.246342733502388,0.222469300031662,0.0,0.0,0,0
combined_medium,partially_observable,53,noisy_input,0.18424557149410248,0.15098148584365845,0.18424557149410248,0.15098148584365845,0.0,0.0,0,0
combined_medium,partially_observable,54,noisy_input,0.09787500649690628,0.1676487922668457,0.09787500649690628,0.1676487922668457,0.0,0.0,0,0
combined_medium,partially_observable,55,noisy_input,0.14428019523620605,0.2224571406841278,0.14428019523620605,0.2224571406841278,0.0,0.0,0,0
combined_medium,partially_observable,56,noisy_input,0.1262023150920868,0.14038297533988953,0.1262023150920868,0.14038297533988953,0.0,0.0,0,0
combined_medium,partially_observable,57,noisy_input,0.09449581801891327,0.18011361360549927,0.09449581801891327,0.18011361360549927,0.0,0.0,0,0
combined_medium,partially_observable,58,noisy_input,0.13800431787967682,0.12921303510665894,0.13800431787967682,0.12921303510665894,0.0,0.0,0,0
combined_medium,partially_observable,59,noisy_input,0.06503268331289291,0.16892637312412262,0.06503268331289291,0.16892637312412262,0.0,0.0,0,0
combined_medium,partially_observable,60,noisy_input,0.15883277356624603,0.3658875823020935,0.15883277356624603,0.3658875823020935,0.0,0.0,0,0
combined_medium,partially_observable,61,noisy_input,0.24642953276634216,0.1885620355606079,0.24642953276634216,0.1885620355606079,0.0,0.0,0,0
combined_medium,partially_observable,62,noisy_input,0.24684949219226837,0.14861947298049927,0.24684949219226837,0.14861947298049927,0.0,0.0,0,0
combined_medium,partially_observable,63,noisy_input,0.22449958324432373,0.17544753849506378,0.22449958324432373,0.17544753849506378,0.0,0.0,0,0
combined_medium,partially_observable,64,noisy_input,0.10494939237833023,0.15818962454795837,0.10494939237833023,0.15818962454795837,0.0,0.0,0,0
combined_medium,partially_observable,65,noisy_input,0.077903613448143,0.21621650457382202,0.077903613448143,0.21621650457382202,0.0,0.0,0,0
combined_medium,partially_observable,66,noisy_input,0.14045286178588867,0.19940800964832306,0.14045286178588867,0.19940800964832306,0.0,0.0,0,0
combined_medium,partially_observable,67,noisy_input,0.11859717220067978,0.15382349491119385,0.11859717220067978,0.15382349491119385,0.0,0.0,0,0
combined_medium,partially_observable,68,noisy_input,0.24904513359069824,0.1965646594762802,0.24904513359069824,0.1965646594762802,0.0,0.0,0,0
combined_medium,partially_observable,69,noisy_input,0.11476776748895645,0.22948993742465973,0.11476776748895645,0.22948993742465973,0.0,0.0,0,0
combined_medium,partially_observable,70,noisy_input,0.23505142331123352,0.26265600323677063,0.23505142331123352,0.26265600323677063,0.0,0.0,0,0
combined_medium,partially_observable,71,noisy_input,0.1515660136938095,0.4322061836719513,0.1515660136938095,0.4322061836719513,0.0,0.0,0,0
combined_medium,partially_observable,72,noisy_input,0.09823856502771378,0.21326462924480438,0.09823856502771378,0.21326462924480438,0.0,0.0,0,0
combined_medium,partially_observable,73,noisy_input,0.06515799462795258,0.17061394453048706,0.06515799462795258,0.17061394453048706,0.0,0.0,0,0
combined_medium,partially_observable,74,noisy_input,0.3869330585002899,0.400671124458313,0.3869330585002899,0.400671124458313,0.0,0.0,0,0
combined_medium,partially_observable,75,noisy_input,0.1731453537940979,0.1576169729232788,0.1731453537940979,0.1576169729232788,0.0,0.0,0,0
combined_medium,partially_observable,76,noisy_input,0.26107269525527954,0.16823548078536987,0.26107269525527954,0.16823548078536987,0.0,0.0,0,0
combined_medium,partially_observable,77,noisy_input,0.17801973223686218,0.14809562265872955,0.17801973223686218,0.14809562265872955,0.0,0.0,0,0
combined_medium,partially_observable,78,noisy_input,0.17682451009750366,0.12306281179189682,0.17682451009750366,0.12306281179189682,0.0,0.0,0,0
combined_medium,partially_observable,79,noisy_input,0.3439689874649048,0.1872844099998474,0.3439689874649048,0.1872844099998474,0.0,0.0,0,0
combined_medium,partially_observable,80,noisy_input,0.18394723534584045,0.16161233186721802,0.18394723534584045,0.16161233186721802,0.0,0.0,0,0
combined_medium,partially_observable,81,noisy_input,0.2567930817604065,0.2220723032951355,0.2567930817604065,0.2220723032951355,0.0,0.0,0,0
combined_medium,partially_observable,82,noisy_input,0.06772830337285995,0.2560013234615326,0.06772830337285995,0.2560013234615326,0.0,0.0,0,0
combined_medium,partially_observable,83,noisy_input,0.27345097064971924,0.12130970507860184,0.27345097064971924,0.12130970507860184,0.0,0.0,0,0
combined_medium,partially_observable,84,noisy_input,0.06911979615688324,0.32803332805633545,0.06911979615688324,0.32803332805633545,0.0,0.0,0,0
combined_medium,partially_observable,85,noisy_input,0.07706300914287567,0.419174462556839,0.07706300914287567,0.419174462556839,0.0,0.0,0,0
combined_medium,partially_observable,86,noisy_input,0.2594970166683197,0.2004115730524063,0.2594970166683197,0.2004115730524063,0.0,0.0,0,0
combined_medium,partially_observable,87,noisy_input,0.38135144114494324,0.5178210735321045,0.38135144114494324,0.5178210735321045,0.0,0.0,0,0
combined_medium,partially_observable,88,noisy_input,0.27844172716140747,0.17616704106330872,0.27844172716140747,0.17616704106330872,0.0,0.0,0,0
combined_medium,partially_observable,89,noisy_input,0.13581159710884094,0.22254984080791473,0.13581159710884094,0.22254984080791473,0.0,0.0,0,0
combined_medium,partially_observable,90,noisy_input,0.14271287620067596,0.37493759393692017,0.14271287620067596,0.37493759393692017,0.0,0.0,0,0
combined_medium,partially_observable,91,noisy_input,0.17016510665416718,0.18007110059261322,0.17016510665416718,0.18007110059261322,0.0,0.0,0,0
combined_medium,partially_observable,92,noisy_input,0.15187153220176697,0.1892012059688568,0.15187153220176697,0.1892012059688568,0.0,0.0,0,0
combined_medium,partially_observable,93,noisy_input,0.16813227534294128,0.2240949273109436,0.16813227534294128,0.2240949273109436,0.0,0.0,0,0
combined_medium,partially_observable,94,noisy_input,0.2949623763561249,0.3083276152610779,0.2949623763561249,0.3083276152610779,0.0,0.0,0,0
combined_medium,partially_observable,95,noisy_input,0.14376892149448395,0.17846985161304474,0.14376892149448395,0.17846985161304474,0.0,0.0,0,0
combined_medium,partially_observable,96,noisy_input,0.252124160528183,0.16976496577262878,0.252124160528183,0.16976496577262878,0.0,0.0,0,0
combined_medium,partially_observable,97,noisy_input,0.15650925040245056,0.155268594622612,0.15650925040245056,0.155268594622612,0.0,0.0,0,0
combined_medium,partially_observable,98,noisy_input,0.26050063967704773,0.1518387645483017,0.26050063967704773,0.1518387645483017,0.0,0.0,0,0
combined_medium,partially_observable,99,noisy_input,0.2096768617630005,0.21959705650806427,0.2096768617630005,0.21959705650806427,0.0,0.0,0,0
combined_medium,partially_observable,100,noisy_input,0.24231314659118652,0.5589062571525574,0.24231314659118652,0.5589062571525574,0.0,0.0,0,0
combined_medium,partially_observable,101,noisy_input,0.097858726978302,0.17731142044067383,0.097858726978302,0.17731142044067383,0.0,0.0,0,0
combined_medium,partially_observable,102,noisy_input,0.1341080665588379,0.1677360087633133,0.1341080665588379,0.1677360087633133,0.0,0.0,0,0
combined_medium,partially_observable,103,noisy_input,0.35470491647720337,0.17161476612091064,0.35470491647720337,0.17161476612091064,0.0,0.0,0,0
combined_medium,partially_observable,104,noisy_input,0.2865711450576782,0.14800110459327698,0.2865711450576782,0.14800110459327698,0.0,0.0,0,0
combined_medium,partially_observable,105,noisy_input,0.13853076100349426,0.17992018163204193,0.13853076100349426,0.17992018163204193,0.0,0.0,0,0
combined_medium,partially_observable,106,noisy_input,0.29490798711776733,0.13816313445568085,0.29490798711776733,0.13816313445568085,0.0,0.0,0,0
combined_medium,partially_observable,107,noisy_input,0.13918080925941467,0.24095895886421204,0.13918080925941467,0.24095895886421204,0.0,0.0,0,0
combined_medium,partially_observable,108,noisy_input,0.1372358351945877,0.446306973695755,0.1372358351945877,0.446306973695755,0.0,0.0,0,0
combined_medium,partially_observable,109,noisy_input,0.23795397579669952,0.16457639634609222,0.23795397579669952,0.16457639634609222,0.0,0.0,0,0
combined_medium,partially_observable,110,noisy_input,0.35112908482551575,0.41739222407341003,0.35112908482551575,0.41739222407341003,0.0,0.0,0,0
combined_medium,partially_observable,111,noisy_input,0.0857980027794838,0.160678893327713,0.0857980027794838,0.160678893327713,0.0,0.0,0,0
combined_medium,partially_observable,112,noisy_input,0.2819851338863373,0.13858366012573242,0.2819851338863373,0.13858366012573242,0.0,0.0,0,0
combined_medium,partially_observable,113,noisy_input,0.3925246000289917,0.4482361078262329,0.3925246000289917,0.4482361078262329,0.0,0.0,0,0
combined_medium,partially_observable,114,noisy_input,0.14143946766853333,0.4036470055580139,0.14143946766853333,0.4036470055580139,0.0,0.0,0,0
combined_medium,partially_observable,115,noisy_input,0.1327698975801468,0.48940718173980713,0.1327698975801468,0.48940718173980713,0.0,0.0,0,0
combined_medium,partially_observable,116,noisy_input,0.1737060397863388,0.19386893510818481,0.1737060397863388,0.19386893510818481,0.0,0.0,0,0
combined_medium,partially_observable,117,noisy_input,0.11777032911777496,0.13001754879951477,0.11777032911777496,0.13001754879951477,0.0,0.0,0,0
combined_medium,partially_observable,118,noisy_input,0.21545231342315674,0.1588863879442215,0.21545231342315674,0.1588863879442215,0.0,0.0,0,0
combined_medium,partially_observable,119,noisy_input,0.06749672442674637,0.14513356983661652,0.06749672442674637,0.14513356983661652,0.0,0.0,0,0
combined_medium,partially_observable,120,noisy_input,0.18763600289821625,0.39830732345581055,0.18763600289821625,0.39830732345581055,0.0,0.0,0,0
combined_medium,partially_observable,121,noisy_input,0.19018079340457916,0.1933893859386444,0.19018079340457916,0.1933893859386444,0.0,0.0,0,0
combined_medium,partially_observable,122,noisy_input,0.10777880996465683,0.5125154256820679,0.10777880996465683,0.5125154256820679,0.0,0.0,0,0
combined_medium,partially_observable,123,noisy_input,0.08795888721942902,0.17700563371181488,0.08795888721942902,0.17700563371181488,0.0,0.0,0,0
combined_medium,partially_observable,124,noisy_input,0.15249964594841003,0.1761215329170227,0.15249964594841003,0.1761215329170227,0.0,0.0,0,0
combined_medium,partially_observable,125,noisy_input,0.1590237021446228,0.3149200677871704,0.1590237021446228,0.3149200677871704,0.0,0.0,0,0
combined_medium,partially_observable,126,noisy_input,0.3413657546043396,0.28972795605659485,0.3413657546043396,0.28972795605659485,0.0,0.0,0,0
combined_medium,partially_observable,127,noisy_input,0.2563864588737488,0.16249974071979523,0.2563864588737488,0.16249974071979523,0.0,0.0,0,0
combined_medium,partially_observable,128,noisy_input,0.1564578264951706,0.2052728533744812,0.1564578264951706,0.2052728533744812,0.0,0.0,0,0
combined_medium,partially_observable,129,noisy_input,0.10103707015514374,0.2830778658390045,0.10103707015514374,0.2830778658390045,0.0,0.0,0,0
combined_medium,partially_observable,130,noisy_input,0.24238912761211395,0.25184372067451477,0.24238912761211395,0.25184372067451477,0.0,0.0,0,0
combined_medium,partially_observable,131,noisy_input,0.44305238127708435,0.3554212749004364,0.44305238127708435,0.3554212749004364,0.0,0.0,0,0
combined_medium,partially_observable,132,noisy_input,0.4512627124786377,0.14950785040855408,0.4512627124786377,0.14950785040855408,0.0,0.0,0,0
combined_medium,partially_observable,133,noisy_input,0.28444769978523254,0.1787337213754654,0.28444769978523254,0.1787337213754654,0.0,0.0,0,0
combined_medium,partially_observable,134,noisy_input,0.3110963702201843,0.1877223253250122,0.3110963702201843,0.1877223253250122,0.0,0.0,0,0
combined_medium,partially_observable,135,noisy_input,0.1637706607580185,0.19810867309570312,0.1637706607580185,0.19810867309570312,0.0,0.0,0,0
combined_medium,partially_observable,136,noisy_input,0.28053349256515503,0.21080642938613892,0.28053349256515503,0.21080642938613892,0.0,0.0,0,0
combined_medium,partially_observable,137,noisy_input,0.16790856420993805,0.13942521810531616,0.16790856420993805,0.13942521810531616,0.0,0.0,0,0
combined_medium,partially_observable,138,noisy_input,0.14378191530704498,0.1993119716644287,0.14378191530704498,0.1993119716644287,0.0,0.0,0,0
combined_medium,partially_observable,139,noisy_input,0.30471572279930115,0.17012447118759155,0.30471572279930115,0.17012447118759155,0.0,0.0,0,0
combined_medium,partially_observable,140,noisy_input,0.09493615478277206,0.39426189661026,0.09493615478277206,0.39426189661026,0.0,0.0,0,0
combined_medium,partially_observable,141,noisy_input,0.1874380260705948,0.17156235873699188,0.1874380260705948,0.17156235873699188,0.0,0.0,0,0
combined_medium,partially_observable,142,noisy_input,0.25857013463974,0.3387739956378937,0.25857013463974,0.3387739956378937,0.0,0.0,0,0
combined_medium,partially_observable,143,noisy_input,0.2142949104309082,0.39341166615486145,0.2142949104309082,0.39341166615486145,0.0,0.0,0,0
combined_medium,partially_observable,144,noisy_input,0.2011769711971283,0.16493511199951172,0.2011769711971283,0.16493511199951172,0.0,0.0,0,0
combined_medium,partially_observable,145,noisy_input,0.33949506282806396,0.4174904227256775,0.33949506282806396,0.4174904227256775,0.0,0.0,0,0
combined_medium,partially_observable,146,noisy_input,0.08787992596626282,0.27668848633766174,0.08787992596626282,0.27668848633766174,0.0,0.0,0,0
combined_medium,partially_observable,147,noisy_input,0.17648513615131378,0.12624655663967133,0.17648513615131378,0.12624655663967133,0.0,0.0,0,0
combined_medium,partially_observable,148,noisy_input,0.27355846762657166,0.22126029431819916,0.27355846762657166,0.22126029431819916,0.0,0.0,0,0
combined_medium,partially_observable,149,noisy_input,0.335254043340683,0.14157292246818542,0.335254043340683,0.14157292246818542,0.0,0.0,0,0
combined_medium,partially_observable,150,noisy_input,0.22306768596172333,0.19957786798477173,0.22306768596172333,0.19957786798477173,0.0,0.0,0,0
combined_medium,partially_observable,151,noisy_input,0.21403571963310242,0.14360186457633972,0.21403571963310242,0.14360186457633972,0.0,0.0,0,0
combined_medium,partially_observable,152,noisy_input,0.34579703211784363,0.13180118799209595,0.34579703211784363,0.13180118799209595,0.0,0.0,0,0
combined_medium,partially_observable,153,noisy_input,0.1893504410982132,0.21779519319534302,0.1893504410982132,0.21779519319534302,0.0,0.0,0,0
combined_medium,partially_observable,154,noisy_input,0.20217716693878174,0.16564278304576874,0.20217716693878174,0.16564278304576874,0.0,0.0,0,0
combined_medium,partially_observable,155,noisy_input,0.32855507731437683,0.19083231687545776,0.32855507731437683,0.19083231687545776,0.0,0.0,0,0
combined_medium,partially_observable,156,noisy_input,0.37680643796920776,0.19417667388916016,0.37680643796920776,0.19417667388916016,0.0,0.0,0,0
combined_medium,partially_observable,157,noisy_input,0.17736801505088806,0.226700097322464,0.17736801505088806,0.226700097322464,0.0,0.0,0,0
combined_medium,partially_observable,158,noisy_input,0.26567989587783813,0.19858521223068237,0.26567989587783813,0.19858521223068237,0.0,0.0,0,0
combined_medium,partially_observable,159,noisy_input,0.15720531344413757,0.19698280096054077,0.15720531344413757,0.19698280096054077,0.0,0.0,0,0
combined_medium,partially_observable,160,noisy_input,0.10452535003423691,0.3746770918369293,0.10452535003423691,0.3746770918369293,0.0,0.0,0,0
combined_medium,partially_observable,161,noisy_input,0.21911588311195374,0.2367730736732483,0.21911588311195374,0.2367730736732483,0.0,0.0,0,0
combined_medium,partially_observable,162,noisy_input,0.16709592938423157,0.13582110404968262,0.16709592938423157,0.13582110404968262,0.0,0.0,0,0
combined_medium,partially_observable,163,noisy_input,0.22344975173473358,0.17782503366470337,0.22344975173473358,0.17782503366470337,0.0,0.0,0,0
combined_medium,partially_observable,164,noisy_input,0.17612315714359283,0.16032180190086365,0.17612315714359283,0.16032180190086365,0.0,0.0,0,0
combined_medium,partially_observable,165,noisy_input,0.24118204414844513,0.340190589427948,0.24118204414844513,0.340190589427948,0.0,0.0,0,0
combined_medium,partially_observable,166,noisy_input,0.12020514905452728,0.19101428985595703,0.12020514905452728,0.19101428985595703,0.0,0.0,0,0
combined_medium,partially_observable,167,noisy_input,0.2076151818037033,0.36449629068374634,0.2076151818037033,0.36449629068374634,0.0,0.0,0,0
combined_medium,partially_observable,168,noisy_input,0.11601732671260834,0.2324787825345993,0.11601732671260834,0.2324787825345993,0.0,0.0,0,0
combined_medium,partially_observable,169,noisy_input,0.21478748321533203,0.14039520919322968,0.21478748321533203,0.14039520919322968,0.0,0.0,0,0
combined_medium,partially_observable,170,noisy_input,0.1704445630311966,0.18578560650348663,0.1704445630311966,0.18578560650348663,0.0,0.0,0,0
combined_medium,partially_observable,171,noisy_input,0.21790942549705505,0.2868364155292511,0.21790942549705505,0.2868364155292511,0.0,0.0,0,0
combined_medium,partially_observable,172,noisy_input,0.17414730787277222,0.4656146466732025,0.17414730787277222,0.4656146466732025,0.0,0.0,0,0
combined_medium,partially_observable,173,noisy_input,0.08399513363838196,0.15511955320835114,0.08399513363838196,0.15511955320835114,0.0,0.0,0,0
combined_medium,partially_observable,174,noisy_input,0.37699639797210693,0.18832319974899292,0.37699639797210693,0.18832319974899292,0.0,0.0,0,0
combined_medium,partially_observable,175,noisy_input,0.3105810284614563,0.16717186570167542,0.3105810284614563,0.16717186570167542,0.0,0.0,0,0
combined_medium,partially_observable,176,noisy_input,0.14832143485546112,0.1517898589372635,0.14832143485546112,0.1517898589372635,0.0,0.0,0,0
combined_medium,partially_observable,177,noisy_input,0.10825250297784805,0.21441902220249176,0.10825250297784805,0.21441902220249176,0.0,0.0,0,0
combined_medium,partially_observable,178,noisy_input,0.17083866894245148,0.16114622354507446,0.17083866894245148,0.16114622354507446,0.0,0.0,0,0
combined_medium,partially_observable,179,noisy_input,0.23138943314552307,0.15857119858264923,0.23138943314552307,0.15857119858264923,0.0,0.0,0,0
combined_medium,partially_observable,180,noisy_input,0.25364866852760315,0.4462891221046448,0.25364866852760315,0.4462891221046448,0.0,0.0,0,0
combined_medium,partially_observable,181,noisy_input,0.2093556672334671,0.18532125651836395,0.2093556672334671,0.18532125651836395,0.0,0.0,0,0
combined_medium,partially_observable,182,noisy_input,0.3250053822994232,0.16172054409980774,0.3250053822994232,0.16172054409980774,0.0,0.0,0,0
combined_medium,partially_observable,183,noisy_input,0.12090186774730682,0.19782011210918427,0.12090186774730682,0.19782011210918427,0.0,0.0,0,0
combined_medium,partially_observable,184,noisy_input,0.2759888470172882,0.2058231383562088,0.2759888470172882,0.2058231383562088,0.0,0.0,0,0
combined_medium,partially_observable,185,noisy_input,0.16643527150154114,0.17345263063907623,0.16643527150154114,0.17345263063907623,0.0,0.0,0,0
combined_medium,partially_observable,186,noisy_input,0.11238907277584076,0.19253820180892944,0.11238907277584076,0.19253820180892944,0.0,0.0,0,0
combined_medium,partially_observable,187,noisy_input,0.12389805167913437,0.18055741488933563,0.12389805167913437,0.18055741488933563,0.0,0.0,0,0
combined_medium,partially_observable,188,noisy_input,0.17637285590171814,0.5060465931892395,0.17637285590171814,0.5060465931892395,0.0,0.0,0,0
combined_medium,partially_observable,189,noisy_input,0.23201170563697815,0.18567653000354767,0.23201170563697815,0.18567653000354767,0.0,0.0,0,0
combined_medium,partially_observable,190,noisy_input,0.11270363628864288,0.1978738158941269,0.11270363628864288,0.1978738158941269,0.0,0.0,0,0
combined_medium,partially_observable,191,noisy_input,0.09710829704999924,0.47272947430610657,0.09710829704999924,0.47272947430610657,0.0,0.0,0,0
combined_medium,partially_observable,192,noisy_input,0.11184600740671158,0.17186686396598816,0.11184600740671158,0.17186686396598816,0.0,0.0,0,0
combined_medium,partially_observable,193,noisy_input,0.23053744435310364,0.19540895521640778,0.23053744435310364,0.19540895521640778,0.0,0.0,0,0
combined_medium,partially_observable,194,noisy_input,0.25059056282043457,0.16938801109790802,0.25059056282043457,0.16938801109790802,0.0,0.0,0,0
combined_medium,partially_observable,195,noisy_input,0.3967856466770172,0.17702047526836395,0.3967856466770172,0.17702047526836395,0.0,0.0,0,0
combined_medium,partially_observable,196,noisy_input,0.09772252291440964,0.1948394924402237,0.09772252291440964,0.1948394924402237,0.0,0.0,0,0
combined_medium,partially_observable,197,noisy_input,0.17804569005966187,0.3413923978805542,0.17804569005966187,0.3413923978805542,0.0,0.0,0,0
combined_medium,partially_observable,198,noisy_input,0.2616153955459595,0.1448644995689392,0.2616153955459595,0.1448644995689392,0.0,0.0,0,0
combined_medium,partially_observable,199,noisy_input,0.46724629402160645,0.41877949237823486,0.46724629402160645,0.41877949237823486,0.0,0.0,0,0
combined_medium,partially_observable,0,uncond_sdedit_t2,0.20201118290424347,0.24474801123142242,0.19847941398620605,0.25600674748420715,0.0035317689180374146,-0.011258736252784729,0,1
combined_medium,partially_observable,1,uncond_sdedit_t2,0.12963177263736725,0.2002924084663391,0.1250055432319641,0.21407635509967804,0.004626229405403137,-0.013783946633338928,0,1
combined_medium,partially_observable,2,uncond_sdedit_t2,0.13915765285491943,0.4809489846229553,0.14892324805259705,0.48388734459877014,-0.009765595197677612,-0.0029383599758148193,1,1
combined_medium,partially_observable,3,uncond_sdedit_t2,0.12910659611225128,0.1480371356010437,0.1310284435749054,0.15507149696350098,-0.0019218474626541138,-0.007034361362457275,1,1
combined_medium,partially_observable,4,uncond_sdedit_t2,0.1459217369556427,0.1607390195131302,0.14787623286247253,0.17721667885780334,-0.001954495906829834,-0.016477659344673157,1,1
combined_medium,partially_observable,5,uncond_sdedit_t2,0.16804082691669464,0.15418767929077148,0.1610274612903595,0.1652723103761673,0.007013365626335144,-0.011084631085395813,0,1
combined_medium,partially_observable,6,uncond_sdedit_t2,0.16472852230072021,0.4650295674800873,0.17175714671611786,0.47006872296333313,-0.007028624415397644,-0.00503915548324585,1,1
combined_medium,partially_observable,7,uncond_sdedit_t2,0.2592269480228424,0.23890148103237152,0.2875620424747467,0.24283093214035034,-0.028335094451904297,-0.003929451107978821,1,1
combined_medium,partially_observable,8,uncond_sdedit_t2,0.12685717642307281,0.19096866250038147,0.12415234744548798,0.2030789852142334,0.002704828977584839,-0.012110322713851929,0,1
combined_medium,partially_observable,9,uncond_sdedit_t2,0.18495731055736542,0.1996282935142517,0.18404816091060638,0.20079854130744934,0.0009091496467590332,-0.0011702477931976318,0,1
combined_medium,partially_observable,10,uncond_sdedit_t2,0.08622576296329498,0.15325015783309937,0.09132001549005508,0.16546422243118286,-0.005094252526760101,-0.012214064598083496,1,1
combined_medium,partially_observable,11,uncond_sdedit_t2,0.28242847323417664,0.48055940866470337,0.28088313341140747,0.4831819534301758,0.001545339822769165,-0.002622544765472412,0,1
combined_medium,partially_observable,12,uncond_sdedit_t2,0.0889337882399559,0.44242751598358154,0.08309528231620789,0.44494330883026123,0.005838505923748016,-0.0025157928466796875,0,1
combined_medium,partially_observable,13,uncond_sdedit_t2,0.16104063391685486,0.16473589837551117,0.14587166905403137,0.16884379088878632,0.015168964862823486,-0.0041078925132751465,0,1
combined_medium,partially_observable,14,uncond_sdedit_t2,0.25328555703163147,0.16838215291500092,0.2397957593202591,0.1797916293144226,0.013489797711372375,-0.011409476399421692,0,1
combined_medium,partially_observable,15,uncond_sdedit_t2,0.1056932657957077,0.18350544571876526,0.11552897840738297,0.19691447913646698,-0.009835712611675262,-0.013409033417701721,1,1
combined_medium,partially_observable,16,uncond_sdedit_t2,0.2647090554237366,0.17733728885650635,0.2620028257369995,0.1866181194782257,0.0027062296867370605,-0.00928083062171936,0,1
combined_medium,partially_observable,17,uncond_sdedit_t2,0.2865399122238159,0.1823015958070755,0.28157201409339905,0.18750987946987152,0.00496789813041687,-0.0052082836627960205,0,1
combined_medium,partially_observable,18,uncond_sdedit_t2,0.24116535484790802,0.22998595237731934,0.25108951330184937,0.24140220880508423,-0.009924158453941345,-0.011416256427764893,1,1
combined_medium,partially_observable,19,uncond_sdedit_t2,0.2745237946510315,0.576244056224823,0.24585840106010437,0.5813621282577515,0.028665393590927124,-0.005118072032928467,0,1
combined_medium,partially_observable,20,uncond_sdedit_t2,0.10260705649852753,0.1354866623878479,0.11578597873449326,0.14641863107681274,-0.013178922235965729,-0.010931968688964844,1,1
combined_medium,partially_observable,21,uncond_sdedit_t2,0.28172996640205383,0.16201525926589966,0.29456377029418945,0.16884000599384308,-0.01283380389213562,-0.00682474672794342,1,1
combined_medium,partially_observable,22,uncond_sdedit_t2,0.3484114706516266,0.17388273775577545,0.3466281294822693,0.1791132688522339,0.0017833411693572998,-0.005230531096458435,0,1
combined_medium,partially_observable,23,uncond_sdedit_t2,0.10695282369852066,0.42242202162742615,0.11427401006221771,0.42962002754211426,-0.007321186363697052,-0.00719800591468811,1,1
combined_medium,partially_observable,24,uncond_sdedit_t2,0.17944571375846863,0.15666966140270233,0.18754073977470398,0.163839653134346,-0.008095026016235352,-0.007169991731643677,1,1
combined_medium,partially_observable,25,uncond_sdedit_t2,0.1996924728155136,0.1782228797674179,0.20181408524513245,0.18331699073314667,-0.0021216124296188354,-0.00509411096572876,1,1
combined_medium,partially_observable,26,uncond_sdedit_t2,0.1588589996099472,0.15429601073265076,0.15647293627262115,0.1657164990901947,0.00238606333732605,-0.011420488357543945,0,1
combined_medium,partially_observable,27,uncond_sdedit_t2,0.3856675624847412,0.169284388422966,0.3775685131549835,0.1759142428636551,0.00809904932975769,-0.006629854440689087,0,1
combined_medium,partially_observable,28,uncond_sdedit_t2,0.28098660707473755,0.31011712551116943,0.2815152406692505,0.31691986322402954,-0.0005286335945129395,-0.006802737712860107,1,1
combined_medium,partially_observable,29,uncond_sdedit_t2,0.13625460863113403,0.17537921667099,0.1370900273323059,0.17991109192371368,-0.000835418701171875,-0.004531875252723694,1,1
combined_medium,partially_observable,30,uncond_sdedit_t2,0.16277234256267548,0.14858686923980713,0.1585274636745453,0.15295539796352386,0.004244878888130188,-0.004368528723716736,0,1
combined_medium,partially_observable,31,uncond_sdedit_t2,0.07829244434833527,0.15848784148693085,0.08270429074764252,0.1689864844083786,-0.004411846399307251,-0.010498642921447754,1,1
combined_medium,partially_observable,32,uncond_sdedit_t2,0.17543748021125793,0.12768487632274628,0.17351368069648743,0.13202853500843048,0.0019237995147705078,-0.004343658685684204,0,1
combined_medium,partially_observable,33,uncond_sdedit_t2,0.34105414152145386,0.3910018503665924,0.33598944544792175,0.39605286717414856,0.0050646960735321045,-0.005051016807556152,0,1
combined_medium,partially_observable,34,uncond_sdedit_t2,0.13628701865673065,0.16041891276836395,0.15006780624389648,0.16305683553218842,-0.013780787587165833,-0.002637922763824463,1,1
combined_medium,partially_observable,35,uncond_sdedit_t2,0.2439388781785965,0.20923255383968353,0.23921802639961243,0.22369186580181122,0.00472085177898407,-0.014459311962127686,0,1
combined_medium,partially_observable,36,uncond_sdedit_t2,0.3122648596763611,0.12123666703701019,0.2997235059738159,0.1281536966562271,0.012541353702545166,-0.006917029619216919,0,1
combined_medium,partially_observable,37,uncond_sdedit_t2,0.11976015567779541,0.12390009313821793,0.12509766221046448,0.1271255910396576,-0.005337506532669067,-0.0032254979014396667,1,1
combined_medium,partially_observable,38,uncond_sdedit_t2,0.3244251310825348,0.1847442388534546,0.3438359797000885,0.19640739262104034,-0.01941084861755371,-0.011663153767585754,1,1
combined_medium,partially_observable,39,uncond_sdedit_t2,0.22786417603492737,0.12984025478363037,0.22641441226005554,0.13956889510154724,0.0014497637748718262,-0.00972864031791687,0,1
combined_medium,partially_observable,40,uncond_sdedit_t2,0.11415046453475952,0.142848938703537,0.11688727140426636,0.15499940514564514,-0.002736806869506836,-0.012150466442108154,1,1
combined_medium,partially_observable,41,uncond_sdedit_t2,0.0655679702758789,0.2199222296476364,0.0729883462190628,0.22730591893196106,-0.007420375943183899,-0.007383689284324646,1,1
combined_medium,partially_observable,42,uncond_sdedit_t2,0.12694795429706573,0.1906479448080063,0.13588757812976837,0.2042573094367981,-0.008939623832702637,-0.013609364628791809,1,1
combined_medium,partially_observable,43,uncond_sdedit_t2,0.2793782651424408,0.5119054317474365,0.27667102217674255,0.5147008895874023,0.002707242965698242,-0.0027954578399658203,0,1
combined_medium,partially_observable,44,uncond_sdedit_t2,0.20965854823589325,0.18212001025676727,0.19048507511615753,0.19498075544834137,0.019173473119735718,-0.012860745191574097,0,1
combined_medium,partially_observable,45,uncond_sdedit_t2,0.18630029261112213,0.14443062245845795,0.18738022446632385,0.15229496359825134,-0.0010799318552017212,-0.007864341139793396,1,1
combined_medium,partially_observable,46,uncond_sdedit_t2,0.18148323893547058,0.21090596914291382,0.17264249920845032,0.2169540971517563,0.008840739727020264,-0.006048128008842468,0,1
combined_medium,partially_observable,47,uncond_sdedit_t2,0.1508723348379135,0.12962406873703003,0.14021167159080505,0.1399826854467392,0.01066066324710846,-0.010358616709709167,0,1
combined_medium,partially_observable,48,uncond_sdedit_t2,0.08823098242282867,0.32328933477401733,0.08901850134134293,0.3324195146560669,-0.0007875189185142517,-0.00913017988204956,1,1
combined_medium,partially_observable,49,uncond_sdedit_t2,0.13562795519828796,0.42652228474617004,0.1327701210975647,0.4317814111709595,0.0028578341007232666,-0.005259126424789429,0,1
combined_medium,partially_observable,50,uncond_sdedit_t2,0.11880292743444443,0.1460755467414856,0.11888432502746582,0.15303365886211395,-8.139759302139282e-05,-0.006958112120628357,1,1
combined_medium,partially_observable,51,uncond_sdedit_t2,0.1770821064710617,0.1391742080450058,0.18223638832569122,0.1509353518486023,-0.005154281854629517,-0.011761143803596497,1,1
combined_medium,partially_observable,52,uncond_sdedit_t2,0.23765170574188232,0.21233844757080078,0.246342733502388,0.222469300031662,-0.008691027760505676,-0.010130852460861206,1,1
combined_medium,partially_observable,53,uncond_sdedit_t2,0.18014127016067505,0.14442960917949677,0.18424557149410248,0.15098148584365845,-0.004104301333427429,-0.006551876664161682,1,1
combined_medium,partially_observable,54,uncond_sdedit_t2,0.1146247610449791,0.1588032841682434,0.09787500649690628,0.1676487922668457,0.016749754548072815,-0.008845508098602295,0,1
combined_medium,partially_observable,55,uncond_sdedit_t2,0.13710430264472961,0.21326589584350586,0.14428019523620605,0.2224571406841278,-0.00717589259147644,-0.009191244840621948,1,1
combined_medium,partially_observable,56,uncond_sdedit_t2,0.12142954766750336,0.13497549295425415,0.1262023150920868,0.14038297533988953,-0.004772767424583435,-0.005407482385635376,1,1
combined_medium,partially_observable,57,uncond_sdedit_t2,0.09417106211185455,0.17399068176746368,0.09449581801891327,0.18011361360549927,-0.0003247559070587158,-0.0061229318380355835,1,1
combined_medium,partially_observable,58,uncond_sdedit_t2,0.14029760658740997,0.12690137326717377,0.13800431787967682,0.12921303510665894,0.0022932887077331543,-0.0023116618394851685,0,1
combined_medium,partially_observable,59,uncond_sdedit_t2,0.06336137652397156,0.1642882078886032,0.06503268331289291,0.16892637312412262,-0.0016713067889213562,-0.004638165235519409,1,1
combined_medium,partially_observable,60,uncond_sdedit_t2,0.1745225042104721,0.3566114008426666,0.15883277356624603,0.3658875823020935,0.015689730644226074,-0.00927618145942688,0,1
combined_medium,partially_observable,61,uncond_sdedit_t2,0.2446693480014801,0.1785760521888733,0.24642953276634216,0.1885620355606079,-0.0017601847648620605,-0.00998598337173462,1,1
combined_medium,partially_observable,62,uncond_sdedit_t2,0.23210223019123077,0.14394742250442505,0.24684949219226837,0.14861947298049927,-0.014747262001037598,-0.004672050476074219,1,1
combined_medium,partially_observable,63,uncond_sdedit_t2,0.22782571613788605,0.16457153856754303,0.22449958324432373,0.17544753849506378,0.003326132893562317,-0.010875999927520752,0,1
combined_medium,partially_observable,64,uncond_sdedit_t2,0.1120019182562828,0.14989161491394043,0.10494939237833023,0.15818962454795837,0.007052525877952576,-0.008298009634017944,0,1
combined_medium,partially_observable,65,uncond_sdedit_t2,0.07203390449285507,0.2049521654844284,0.077903613448143,0.21621650457382202,-0.005869708955287933,-0.011264339089393616,1,1
combined_medium,partially_observable,66,uncond_sdedit_t2,0.1410159468650818,0.19354671239852905,0.14045286178588867,0.19940800964832306,0.0005630850791931152,-0.005861297249794006,0,1
combined_medium,partially_observable,67,uncond_sdedit_t2,0.12330889701843262,0.14251768589019775,0.11859717220067978,0.15382349491119385,0.004711724817752838,-0.011305809020996094,0,1
combined_medium,partially_observable,68,uncond_sdedit_t2,0.2609112560749054,0.1872064620256424,0.24904513359069824,0.1965646594762802,0.011866122484207153,-0.009358197450637817,0,1
combined_medium,partially_observable,69,uncond_sdedit_t2,0.11137394607067108,0.22129371762275696,0.11476776748895645,0.22948993742465973,-0.00339382141828537,-0.008196219801902771,1,1
combined_medium,partially_observable,70,uncond_sdedit_t2,0.22357431054115295,0.2569286823272705,0.23505142331123352,0.26265600323677063,-0.011477112770080566,-0.005727320909500122,1,1
combined_medium,partially_observable,71,uncond_sdedit_t2,0.14649780094623566,0.4205402135848999,0.1515660136938095,0.4322061836719513,-0.0050682127475738525,-0.011665970087051392,1,1
combined_medium,partially_observable,72,uncond_sdedit_t2,0.09583108127117157,0.19800060987472534,0.09823856502771378,0.21326462924480438,-0.002407483756542206,-0.01526401937007904,1,1
combined_medium,partially_observable,73,uncond_sdedit_t2,0.07141027599573135,0.1601465940475464,0.06515799462795258,0.17061394453048706,0.006252281367778778,-0.010467350482940674,0,1
combined_medium,partially_observable,74,uncond_sdedit_t2,0.402130126953125,0.39275720715522766,0.3869330585002899,0.400671124458313,0.015197068452835083,-0.007913917303085327,0,1
combined_medium,partially_observable,75,uncond_sdedit_t2,0.17505082488059998,0.1543889045715332,0.1731453537940979,0.1576169729232788,0.0019054710865020752,-0.0032280683517456055,0,1
combined_medium,partially_observable,76,uncond_sdedit_t2,0.25990721583366394,0.16284671425819397,0.26107269525527954,0.16823548078536987,-0.0011654794216156006,-0.005388766527175903,1,1
combined_medium,partially_observable,77,uncond_sdedit_t2,0.1712772101163864,0.144593745470047,0.17801973223686218,0.14809562265872955,-0.006742522120475769,-0.003501877188682556,1,1
combined_medium,partially_observable,78,uncond_sdedit_t2,0.18149857223033905,0.11829611659049988,0.17682451009750366,0.12306281179189682,0.004674062132835388,-0.004766695201396942,0,1
combined_medium,partially_observable,79,uncond_sdedit_t2,0.3274881839752197,0.1822788417339325,0.3439689874649048,0.1872844099998474,-0.01648080348968506,-0.005005568265914917,1,1
combined_medium,partially_observable,80,uncond_sdedit_t2,0.1902655065059662,0.15802326798439026,0.18394723534584045,0.16161233186721802,0.006318271160125732,-0.003589063882827759,0,1
combined_medium,partially_observable,81,uncond_sdedit_t2,0.23984897136688232,0.21150296926498413,0.2567930817604065,0.2220723032951355,-0.01694411039352417,-0.010569334030151367,1,1
combined_medium,partially_observable,82,uncond_sdedit_t2,0.06901584565639496,0.24425537884235382,0.06772830337285995,0.2560013234615326,0.0012875422835350037,-0.011745944619178772,0,1
combined_medium,partially_observable,83,uncond_sdedit_t2,0.28448525071144104,0.11879394948482513,0.27345097064971924,0.12130970507860184,0.011034280061721802,-0.002515755593776703,0,1
combined_medium,partially_observable,84,uncond_sdedit_t2,0.062091343104839325,0.3226865530014038,0.06911979615688324,0.32803332805633545,-0.007028453052043915,-0.005346775054931641,1,1
combined_medium,partially_observable,85,uncond_sdedit_t2,0.07346406579017639,0.41408753395080566,0.07706300914287567,0.419174462556839,-0.00359894335269928,-0.005086928606033325,1,1
combined_medium,partially_observable,86,uncond_sdedit_t2,0.2739700675010681,0.1911071091890335,0.2594970166683197,0.2004115730524063,0.014473050832748413,-0.009304463863372803,0,1
combined_medium,partially_observable,87,uncond_sdedit_t2,0.3626798093318939,0.5139238834381104,0.38135144114494324,0.5178210735321045,-0.018671631813049316,-0.0038971900939941406,1,1
combined_medium,partially_observable,88,uncond_sdedit_t2,0.2835153043270111,0.16728900372982025,0.27844172716140747,0.17616704106330872,0.005073577165603638,-0.008878037333488464,0,1
combined_medium,partially_observable,89,uncond_sdedit_t2,0.14039522409439087,0.20841622352600098,0.13581159710884094,0.22254984080791473,0.004583626985549927,-0.014133617281913757,0,1
combined_medium,partially_observable,90,uncond_sdedit_t2,0.12996377050876617,0.3720534145832062,0.14271287620067596,0.37493759393692017,-0.01274910569190979,-0.0028841793537139893,1,1
combined_medium,partially_observable,91,uncond_sdedit_t2,0.17791415750980377,0.1741267591714859,0.17016510665416718,0.18007110059261322,0.007749050855636597,-0.005944341421127319,0,1
combined_medium,partially_observable,92,uncond_sdedit_t2,0.1573818027973175,0.17556993663311005,0.15187153220176697,0.1892012059688568,0.005510270595550537,-0.013631269335746765,0,1
combined_medium,partially_observable,93,uncond_sdedit_t2,0.16527661681175232,0.20875225961208344,0.16813227534294128,0.2240949273109436,-0.002855658531188965,-0.015342667698860168,1,1
combined_medium,partially_observable,94,uncond_sdedit_t2,0.2885027527809143,0.3024216890335083,0.2949623763561249,0.3083276152610779,-0.006459623575210571,-0.00590592622756958,1,1
combined_medium,partially_observable,95,uncond_sdedit_t2,0.13114020228385925,0.17642106115818024,0.14376892149448395,0.17846985161304474,-0.012628719210624695,-0.002048790454864502,1,1
combined_medium,partially_observable,96,uncond_sdedit_t2,0.2675282955169678,0.1601722687482834,0.252124160528183,0.16976496577262878,0.01540413498878479,-0.009592697024345398,0,1
combined_medium,partially_observable,97,uncond_sdedit_t2,0.16348135471343994,0.1443501114845276,0.15650925040245056,0.155268594622612,0.00697210431098938,-0.010918483138084412,0,1
combined_medium,partially_observable,98,uncond_sdedit_t2,0.27757951617240906,0.14301717281341553,0.26050063967704773,0.1518387645483017,0.017078876495361328,-0.00882159173488617,0,1
combined_medium,partially_observable,99,uncond_sdedit_t2,0.20218896865844727,0.21204380691051483,0.2096768617630005,0.21959705650806427,-0.007487893104553223,-0.0075532495975494385,1,1
combined_medium,partially_observable,100,uncond_sdedit_t2,0.223053976893425,0.5503819584846497,0.24231314659118652,0.5589062571525574,-0.019259169697761536,-0.008524298667907715,1,1
combined_medium,partially_observable,101,uncond_sdedit_t2,0.10200414806604385,0.1702195405960083,0.097858726978302,0.17731142044067383,0.004145421087741852,-0.007091879844665527,0,1
combined_medium,partially_observable,102,uncond_sdedit_t2,0.14363661408424377,0.15663060545921326,0.1341080665588379,0.1677360087633133,0.009528547525405884,-0.011105403304100037,0,1
combined_medium,partially_observable,103,uncond_sdedit_t2,0.36339229345321655,0.16592000424861908,0.35470491647720337,0.17161476612091064,0.008687376976013184,-0.005694761872291565,0,1
combined_medium,partially_observable,104,uncond_sdedit_t2,0.2886154055595398,0.1444299966096878,0.2865711450576782,0.14800110459327698,0.0020442605018615723,-0.0035711079835891724,0,1
combined_medium,partially_observable,105,uncond_sdedit_t2,0.14097461104393005,0.176069438457489,0.13853076100349426,0.17992018163204193,0.002443850040435791,-0.0038507431745529175,0,1
combined_medium,partially_observable,106,uncond_sdedit_t2,0.2918007969856262,0.13135963678359985,0.29490798711776733,0.13816313445568085,-0.0031071901321411133,-0.006803497672080994,1,1
combined_medium,partially_observable,107,uncond_sdedit_t2,0.14481928944587708,0.23127177357673645,0.13918080925941467,0.24095895886421204,0.005638480186462402,-0.009687185287475586,0,1
combined_medium,partially_observable,108,uncond_sdedit_t2,0.13451407849788666,0.4406425356864929,0.1372358351945877,0.446306973695755,-0.00272175669670105,-0.005664438009262085,1,1
combined_medium,partially_observable,109,uncond_sdedit_t2,0.2350699007511139,0.15389032661914825,0.23795397579669952,0.16457639634609222,-0.0028840750455856323,-0.01068606972694397,1,1
combined_medium,partially_observable,110,uncond_sdedit_t2,0.34095749258995056,0.41225945949554443,0.35112908482551575,0.41739222407341003,-0.010171592235565186,-0.005132764577865601,1,1
combined_medium,partially_observable,111,uncond_sdedit_t2,0.07926218956708908,0.14786112308502197,0.0857980027794838,0.160678893327713,-0.006535813212394714,-0.01281777024269104,1,1
combined_medium,partially_observable,112,uncond_sdedit_t2,0.2753046154975891,0.12811286747455597,0.2819851338863373,0.13858366012573242,-0.006680518388748169,-0.010470792651176453,1,1
combined_medium,partially_observable,113,uncond_sdedit_t2,0.39904481172561646,0.43944668769836426,0.3925246000289917,0.4482361078262329,0.006520211696624756,-0.008789420127868652,0,1
combined_medium,partially_observable,114,uncond_sdedit_t2,0.1382705569267273,0.39630839228630066,0.14143946766853333,0.4036470055580139,-0.0031689107418060303,-0.007338613271713257,1,1
combined_medium,partially_observable,115,uncond_sdedit_t2,0.12804266810417175,0.48472002148628235,0.1327698975801468,0.48940718173980713,-0.004727229475975037,-0.00468716025352478,1,1
combined_medium,partially_observable,116,uncond_sdedit_t2,0.15856334567070007,0.1886129230260849,0.1737060397863388,0.19386893510818481,-0.015142694115638733,-0.0052560120820999146,1,1
combined_medium,partially_observable,117,uncond_sdedit_t2,0.11546442657709122,0.1280139684677124,0.11777032911777496,0.13001754879951477,-0.0023059025406837463,-0.002003580331802368,1,1
combined_medium,partially_observable,118,uncond_sdedit_t2,0.21436217427253723,0.1531381905078888,0.21545231342315674,0.1588863879442215,-0.0010901391506195068,-0.005748197436332703,1,1
combined_medium,partially_observable,119,uncond_sdedit_t2,0.07043219357728958,0.1392737179994583,0.06749672442674637,0.14513356983661652,0.002935469150543213,-0.005859851837158203,0,1
combined_medium,partially_observable,120,uncond_sdedit_t2,0.1932116448879242,0.3907115161418915,0.18763600289821625,0.39830732345581055,0.005575641989707947,-0.007595807313919067,0,1
combined_medium,partially_observable,121,uncond_sdedit_t2,0.19554364681243896,0.18969766795635223,0.19018079340457916,0.1933893859386444,0.005362853407859802,-0.0036917179822921753,0,1
combined_medium,partially_observable,122,uncond_sdedit_t2,0.11040793359279633,0.5082805156707764,0.10777880996465683,0.5125154256820679,0.002629123628139496,-0.004234910011291504,0,1
combined_medium,partially_observable,123,uncond_sdedit_t2,0.1112348809838295,0.16547633707523346,0.08795888721942902,0.17700563371181488,0.023275993764400482,-0.011529296636581421,0,1
combined_medium,partially_observable,124,uncond_sdedit_t2,0.1620469093322754,0.16516950726509094,0.15249964594841003,0.1761215329170227,0.009547263383865356,-0.010952025651931763,0,1
combined_medium,partially_observable,125,uncond_sdedit_t2,0.15806657075881958,0.30941155552864075,0.1590237021446228,0.3149200677871704,-0.0009571313858032227,-0.005508512258529663,1,1
combined_medium,partially_observable,126,uncond_sdedit_t2,0.34511107206344604,0.2786003351211548,0.3413657546043396,0.28972795605659485,0.0037453174591064453,-0.011127620935440063,0,1
combined_medium,partially_observable,127,uncond_sdedit_t2,0.24949650466442108,0.1504075676202774,0.2563864588737488,0.16249974071979523,-0.006889954209327698,-0.012092173099517822,1,1
combined_medium,partially_observable,128,uncond_sdedit_t2,0.17249466478824615,0.19761627912521362,0.1564578264951706,0.2052728533744812,0.01603683829307556,-0.007656574249267578,0,1
combined_medium,partially_observable,129,uncond_sdedit_t2,0.09188292920589447,0.2789207398891449,0.10103707015514374,0.2830778658390045,-0.009154140949249268,-0.004157125949859619,1,1
combined_medium,partially_observable,130,uncond_sdedit_t2,0.2500653862953186,0.24621465802192688,0.24238912761211395,0.25184372067451477,0.007676258683204651,-0.005629062652587891,0,1
combined_medium,partially_observable,131,uncond_sdedit_t2,0.4499901235103607,0.3520565629005432,0.44305238127708435,0.3554212749004364,0.006937742233276367,-0.0033647119998931885,0,1
combined_medium,partially_observable,132,uncond_sdedit_t2,0.4576016962528229,0.14290788769721985,0.4512627124786377,0.14950785040855408,0.006338983774185181,-0.0065999627113342285,0,1
combined_medium,partially_observable,133,uncond_sdedit_t2,0.29358720779418945,0.16598203778266907,0.28444769978523254,0.1787337213754654,0.00913950800895691,-0.012751683592796326,0,1
combined_medium,partially_observable,134,uncond_sdedit_t2,0.31979769468307495,0.17876170575618744,0.3110963702201843,0.1877223253250122,0.008701324462890625,-0.008960619568824768,0,1
combined_medium,partially_observable,135,uncond_sdedit_t2,0.1730252206325531,0.19176194071769714,0.1637706607580185,0.19810867309570312,0.009254559874534607,-0.0063467323780059814,0,1
combined_medium,partially_observable,136,uncond_sdedit_t2,0.25775599479675293,0.20289748907089233,0.28053349256515503,0.21080642938613892,-0.0227774977684021,-0.007908940315246582,1,1
combined_medium,partially_observable,137,uncond_sdedit_t2,0.16948454082012177,0.1366831362247467,0.16790856420993805,0.13942521810531616,0.0015759766101837158,-0.002742081880569458,0,1
combined_medium,partially_observable,138,uncond_sdedit_t2,0.1412888467311859,0.18664592504501343,0.14378191530704498,0.1993119716644287,-0.00249306857585907,-0.012666046619415283,1,1
combined_medium,partially_observable,139,uncond_sdedit_t2,0.2946798503398895,0.1553936004638672,0.30471572279930115,0.17012447118759155,-0.010035872459411621,-0.014730870723724365,1,1
combined_medium,partially_observable,140,uncond_sdedit_t2,0.09093353152275085,0.38899338245391846,0.09493615478277206,0.39426189661026,-0.00400262326002121,-0.005268514156341553,1,1
combined_medium,partially_observable,141,uncond_sdedit_t2,0.1920434534549713,0.1670314222574234,0.1874380260705948,0.17156235873699188,0.004605427384376526,-0.0045309364795684814,0,1
combined_medium,partially_observable,142,uncond_sdedit_t2,0.25421130657196045,0.33168843388557434,0.25857013463974,0.3387739956378937,-0.004358828067779541,-0.007085561752319336,1,1
combined_medium,partially_observable,143,uncond_sdedit_t2,0.2134828120470047,0.3888643980026245,0.2142949104309082,0.39341166615486145,-0.0008120983839035034,-0.0045472681522369385,1,1
combined_medium,partially_observable,144,uncond_sdedit_t2,0.21236255764961243,0.15841732919216156,0.2011769711971283,0.16493511199951172,0.01118558645248413,-0.006517782807350159,0,1
combined_medium,partially_observable,145,uncond_sdedit_t2,0.32387953996658325,0.41227594017982483,0.33949506282806396,0.4174904227256775,-0.015615522861480713,-0.005214482545852661,1,1
combined_medium,partially_observable,146,uncond_sdedit_t2,0.09128044545650482,0.2676614224910736,0.08787992596626282,0.27668848633766174,0.0034005194902420044,-0.009027063846588135,0,1
combined_medium,partially_observable,147,uncond_sdedit_t2,0.17144297063350677,0.11610378324985504,0.17648513615131378,0.12624655663967133,-0.005042165517807007,-0.010142773389816284,1,1
combined_medium,partially_observable,148,uncond_sdedit_t2,0.28619760274887085,0.21308115124702454,0.27355846762657166,0.22126029431819916,0.012639135122299194,-0.008179143071174622,0,1
combined_medium,partially_observable,149,uncond_sdedit_t2,0.33855003118515015,0.13738857209682465,0.335254043340683,0.14157292246818542,0.003295987844467163,-0.004184350371360779,0,1
combined_medium,partially_observable,150,uncond_sdedit_t2,0.22232039272785187,0.18467143177986145,0.22306768596172333,0.19957786798477173,-0.00074729323387146,-0.014906436204910278,1,1
combined_medium,partially_observable,151,uncond_sdedit_t2,0.2237027883529663,0.13138599693775177,0.21403571963310242,0.14360186457633972,0.009667068719863892,-0.012215867638587952,0,1
combined_medium,partially_observable,152,uncond_sdedit_t2,0.3363647162914276,0.12923896312713623,0.34579703211784363,0.13180118799209595,-0.009432315826416016,-0.002562224864959717,1,1
combined_medium,partially_observable,153,uncond_sdedit_t2,0.19402895867824554,0.2036190629005432,0.1893504410982132,0.21779519319534302,0.004678517580032349,-0.014176130294799805,0,1
combined_medium,partially_observable,154,uncond_sdedit_t2,0.19496743381023407,0.1623067408800125,0.20217716693878174,0.16564278304576874,-0.0072097331285476685,-0.0033360421657562256,1,1
combined_medium,partially_observable,155,uncond_sdedit_t2,0.33629652857780457,0.17679685354232788,0.32855507731437683,0.19083231687545776,0.007741451263427734,-0.014035463333129883,0,1
combined_medium,partially_observable,156,uncond_sdedit_t2,0.38291507959365845,0.18321050703525543,0.37680643796920776,0.19417667388916016,0.006108641624450684,-0.010966166853904724,0,1
combined_medium,partially_observable,157,uncond_sdedit_t2,0.1831691563129425,0.21270044147968292,0.17736801505088806,0.226700097322464,0.005801141262054443,-0.013999655842781067,0,1
combined_medium,partially_observable,158,uncond_sdedit_t2,0.257991760969162,0.18721717596054077,0.26567989587783813,0.19858521223068237,-0.0076881349086761475,-0.011368036270141602,1,1
combined_medium,partially_observable,159,uncond_sdedit_t2,0.15182268619537354,0.18798302114009857,0.15720531344413757,0.19698280096054077,-0.005382627248764038,-0.0089997798204422,1,1
combined_medium,partially_observable,160,uncond_sdedit_t2,0.10313291847705841,0.36261987686157227,0.10452535003423691,0.3746770918369293,-0.0013924315571784973,-0.012057214975357056,1,1
combined_medium,partially_observable,161,uncond_sdedit_t2,0.21806319057941437,0.22463703155517578,0.21911588311195374,0.2367730736732483,-0.0010526925325393677,-0.01213604211807251,1,1
combined_medium,partially_observable,162,uncond_sdedit_t2,0.165267676115036,0.12836748361587524,0.16709592938423157,0.13582110404968262,-0.0018282532691955566,-0.007453620433807373,1,1
combined_medium,partially_observable,163,uncond_sdedit_t2,0.21865355968475342,0.1729789525270462,0.22344975173473358,0.17782503366470337,-0.004796192049980164,-0.0048460811376571655,1,1
combined_medium,partially_observable,164,uncond_sdedit_t2,0.18153612315654755,0.1587422490119934,0.17612315714359283,0.16032180190086365,0.005412966012954712,-0.0015795528888702393,0,1
combined_medium,partially_observable,165,uncond_sdedit_t2,0.24927031993865967,0.3335954248905182,0.24118204414844513,0.340190589427948,0.008088275790214539,-0.00659516453742981,0,1
combined_medium,partially_observable,166,uncond_sdedit_t2,0.1191132664680481,0.18859225511550903,0.12020514905452728,0.19101428985595703,-0.001091882586479187,-0.002422034740447998,1,1
combined_medium,partially_observable,167,uncond_sdedit_t2,0.21984955668449402,0.3610594570636749,0.2076151818037033,0.36449629068374634,0.01223437488079071,-0.003436833620071411,0,1
combined_medium,partially_observable,168,uncond_sdedit_t2,0.1150980144739151,0.2223222255706787,0.11601732671260834,0.2324787825345993,-0.0009193122386932373,-0.010156556963920593,1,1
combined_medium,partially_observable,169,uncond_sdedit_t2,0.23098623752593994,0.1330675333738327,0.21478748321533203,0.14039520919322968,0.01619875431060791,-0.007327675819396973,0,1
combined_medium,partially_observable,170,uncond_sdedit_t2,0.17934991419315338,0.16910217702388763,0.1704445630311966,0.18578560650348663,0.008905351161956787,-0.016683429479599,0,1
combined_medium,partially_observable,171,uncond_sdedit_t2,0.2298872470855713,0.26705697178840637,0.21790942549705505,0.2868364155292511,0.011977821588516235,-0.019779443740844727,0,1
combined_medium,partially_observable,172,uncond_sdedit_t2,0.17889708280563354,0.4619642496109009,0.17414730787277222,0.4656146466732025,0.004749774932861328,-0.0036503970623016357,0,1
combined_medium,partially_observable,173,uncond_sdedit_t2,0.07817903906106949,0.1483388990163803,0.08399513363838196,0.15511955320835114,-0.0058160945773124695,-0.006780654191970825,1,1
combined_medium,partially_observable,174,uncond_sdedit_t2,0.3752395510673523,0.17872172594070435,0.37699639797210693,0.18832319974899292,-0.0017568469047546387,-0.009601473808288574,1,1
combined_medium,partially_observable,175,uncond_sdedit_t2,0.31764131784439087,0.1629769504070282,0.3105810284614563,0.16717186570167542,0.00706028938293457,-0.004194915294647217,0,1
combined_medium,partially_observable,176,uncond_sdedit_t2,0.1514434814453125,0.14158420264720917,0.14832143485546112,0.1517898589372635,0.0031220465898513794,-0.010205656290054321,0,1
combined_medium,partially_observable,177,uncond_sdedit_t2,0.12422090768814087,0.2041984349489212,0.10825250297784805,0.21441902220249176,0.015968404710292816,-0.010220587253570557,0,1
combined_medium,partially_observable,178,uncond_sdedit_t2,0.17138157784938812,0.15604427456855774,0.17083866894245148,0.16114622354507446,0.0005429089069366455,-0.005101948976516724,0,1
combined_medium,partially_observable,179,uncond_sdedit_t2,0.2174822986125946,0.1488979458808899,0.23138943314552307,0.15857119858264923,-0.013907134532928467,-0.009673252701759338,1,1
combined_medium,partially_observable,180,uncond_sdedit_t2,0.2592540383338928,0.4402428865432739,0.25364866852760315,0.4462891221046448,0.005605369806289673,-0.00604623556137085,0,1
combined_medium,partially_observable,181,uncond_sdedit_t2,0.2138046771287918,0.18242181837558746,0.2093556672334671,0.18532125651836395,0.004449009895324707,-0.0028994381427764893,0,1
combined_medium,partially_observable,182,uncond_sdedit_t2,0.299813836812973,0.15265129506587982,0.3250053822994232,0.16172054409980774,-0.025191545486450195,-0.009069249033927917,1,1
combined_medium,partially_observable,183,uncond_sdedit_t2,0.14708946645259857,0.18459561467170715,0.12090186774730682,0.19782011210918427,0.026187598705291748,-0.013224497437477112,0,1
combined_medium,partially_observable,184,uncond_sdedit_t2,0.2707406282424927,0.19370393455028534,0.2759888470172882,0.2058231383562088,-0.005248218774795532,-0.012119203805923462,1,1
combined_medium,partially_observable,185,uncond_sdedit_t2,0.15672048926353455,0.1646168828010559,0.16643527150154114,0.17345263063907623,-0.009714782238006592,-0.008835747838020325,1,1
combined_medium,partially_observable,186,uncond_sdedit_t2,0.10437454283237457,0.17725439369678497,0.11238907277584076,0.19253820180892944,-0.008014529943466187,-0.01528380811214447,1,1
combined_medium,partially_observable,187,uncond_sdedit_t2,0.12758007645606995,0.1768971085548401,0.12389805167913437,0.18055741488933563,0.0036820247769355774,-0.0036603063344955444,0,1
combined_medium,partially_observable,188,uncond_sdedit_t2,0.17020519077777863,0.49891600012779236,0.17637285590171814,0.5060465931892395,-0.006167665123939514,-0.0071305930614471436,1,1
combined_medium,partially_observable,189,uncond_sdedit_t2,0.22536711394786835,0.17863477766513824,0.23201170563697815,0.18567653000354767,-0.006644591689109802,-0.007041752338409424,1,1
combined_medium,partially_observable,190,uncond_sdedit_t2,0.10259810835123062,0.1933821439743042,0.11270363628864288,0.1978738158941269,-0.010105527937412262,-0.004491671919822693,1,1
combined_medium,partially_observable,191,uncond_sdedit_t2,0.09319299459457397,0.46952471137046814,0.09710829704999924,0.47272947430610657,-0.0039153024554252625,-0.0032047629356384277,1,1
combined_medium,partially_observable,192,uncond_sdedit_t2,0.1073916107416153,0.16784223914146423,0.11184600740671158,0.17186686396598816,-0.004454396665096283,-0.004024624824523926,1,1
combined_medium,partially_observable,193,uncond_sdedit_t2,0.23143351078033447,0.187114417552948,0.23053744435310364,0.19540895521640778,0.000896066427230835,-0.008294537663459778,0,1
combined_medium,partially_observable,194,uncond_sdedit_t2,0.23918089270591736,0.1630251705646515,0.25059056282043457,0.16938801109790802,-0.011409670114517212,-0.006362840533256531,1,1
combined_medium,partially_observable,195,uncond_sdedit_t2,0.38244789838790894,0.1614927351474762,0.3967856466770172,0.17702047526836395,-0.014337748289108276,-0.015527740120887756,1,1
combined_medium,partially_observable,196,uncond_sdedit_t2,0.09767629206180573,0.1872827708721161,0.09772252291440964,0.1948394924402237,-4.6230852603912354e-05,-0.007556721568107605,1,1
combined_medium,partially_observable,197,uncond_sdedit_t2,0.1672399342060089,0.33316731452941895,0.17804569005966187,0.3413923978805542,-0.010805755853652954,-0.008225083351135254,1,1
combined_medium,partially_observable,198,uncond_sdedit_t2,0.25088268518447876,0.1355387270450592,0.2616153955459595,0.1448644995689392,-0.010732710361480713,-0.009325772523880005,1,1
combined_medium,partially_observable,199,uncond_sdedit_t2,0.4442022740840912,0.4142691195011139,0.46724629402160645,0.41877949237823486,-0.02304401993751526,-0.004510372877120972,1,1
combined_medium,partially_observable,0,cond_residual_t20,0.1441165804862976,0.16823463141918182,0.19847941398620605,0.25600674748420715,-0.05436283349990845,-0.08777211606502533,1,1
combined_medium,partially_observable,1,cond_residual_t20,0.12194208055734634,0.1159723699092865,0.1250055432319641,0.21407635509967804,-0.0030634626746177673,-0.09810398519039154,1,1
combined_medium,partially_observable,2,cond_residual_t20,0.17552660405635834,0.4592430293560028,0.14892324805259705,0.48388734459877014,0.02660335600376129,-0.024644315242767334,0,1
combined_medium,partially_observable,3,cond_residual_t20,0.11788086593151093,0.0861075296998024,0.1310284435749054,0.15507149696350098,-0.01314757764339447,-0.06896396726369858,1,1
combined_medium,partially_observable,4,cond_residual_t20,0.12837079167366028,0.0571538545191288,0.14787623286247253,0.17721667885780334,-0.019505441188812256,-0.12006282806396484,1,1
combined_medium,partially_observable,5,cond_residual_t20,0.16989991068840027,0.08177819848060608,0.1610274612903595,0.1652723103761673,0.008872449398040771,-0.08349411189556122,0,1
combined_medium,partially_observable,6,cond_residual_t20,0.1535472571849823,0.4456815719604492,0.17175714671611786,0.47006872296333313,-0.01820988953113556,-0.02438715100288391,1,1
combined_medium,partially_observable,7,cond_residual_t20,0.3048275113105774,0.18783342838287354,0.2875620424747467,0.24283093214035034,0.01726546883583069,-0.05499750375747681,0,1
combined_medium,partially_observable,8,cond_residual_t20,0.1491510272026062,0.12025574594736099,0.12415234744548798,0.2030789852142334,0.024998679757118225,-0.0828232392668724,0,1
combined_medium,partially_observable,9,cond_residual_t20,0.14148308336734772,0.1545509696006775,0.18404816091060638,0.20079854130744934,-0.04256507754325867,-0.04624757170677185,1,1
combined_medium,partially_observable,10,cond_residual_t20,0.1093895211815834,0.059213850647211075,0.09132001549005508,0.16546422243118286,0.01806950569152832,-0.10625037550926208,0,1
combined_medium,partially_observable,11,cond_residual_t20,0.29749348759651184,0.47954607009887695,0.28088313341140747,0.4831819534301758,0.01661035418510437,-0.003635883331298828,0,1
combined_medium,partially_observable,12,cond_residual_t20,0.08862396329641342,0.4140762686729431,0.08309528231620789,0.44494330883026123,0.005528680980205536,-0.030867040157318115,0,1
combined_medium,partially_observable,13,cond_residual_t20,0.16697309911251068,0.11563077569007874,0.14587166905403137,0.16884379088878632,0.02110143005847931,-0.05321301519870758,0,1
combined_medium,partially_observable,14,cond_residual_t20,0.25006386637687683,0.10997173190116882,0.2397957593202591,0.1797916293144226,0.010268107056617737,-0.06981989741325378,0,1
combined_medium,partially_observable,15,cond_residual_t20,0.11036346852779388,0.09120351076126099,0.11552897840738297,0.19691447913646698,-0.005165509879589081,-0.105710968375206,1,1
combined_medium,partially_observable,16,cond_residual_t20,0.25035208463668823,0.11834461241960526,0.2620028257369995,0.1866181194782257,-0.01165074110031128,-0.06827350705862045,1,1
combined_medium,partially_observable,17,cond_residual_t20,0.2585300803184509,0.11286666989326477,0.28157201409339905,0.18750987946987152,-0.02304193377494812,-0.07464320957660675,1,1
combined_medium,partially_observable,18,cond_residual_t20,0.23490238189697266,0.1635149121284485,0.25108951330184937,0.24140220880508423,-0.01618713140487671,-0.07788729667663574,1,1
combined_medium,partially_observable,19,cond_residual_t20,0.2587150037288666,0.5121955275535583,0.24585840106010437,0.5813621282577515,0.012856602668762207,-0.06916660070419312,0,1
combined_medium,partially_observable,20,cond_residual_t20,0.11520455032587051,0.06514913588762283,0.11578597873449326,0.14641863107681274,-0.0005814284086227417,-0.08126949518918991,1,1
combined_medium,partially_observable,21,cond_residual_t20,0.2634320557117462,0.09028637409210205,0.29456377029418945,0.16884000599384308,-0.031131714582443237,-0.07855363190174103,1,1
combined_medium,partially_observable,22,cond_residual_t20,0.31541702151298523,0.11485951393842697,0.3466281294822693,0.1791132688522339,-0.031211107969284058,-0.06425375491380692,1,1
combined_medium,partially_observable,23,cond_residual_t20,0.07540999352931976,0.3703524172306061,0.11427401006221771,0.42962002754211426,-0.03886401653289795,-0.05926761031150818,1,1
combined_medium,partially_observable,24,cond_residual_t20,0.19918838143348694,0.10057738423347473,0.18754073977470398,0.163839653134346,0.011647641658782959,-0.06326226890087128,0,1
combined_medium,partially_observable,25,cond_residual_t20,0.2297447919845581,0.1169760599732399,0.20181408524513245,0.18331699073314667,0.02793070673942566,-0.06634093075990677,0,1
combined_medium,partially_observable,26,cond_residual_t20,0.14052021503448486,0.06674136221408844,0.15647293627262115,0.1657164990901947,-0.01595272123813629,-0.09897513687610626,1,1
combined_medium,partially_observable,27,cond_residual_t20,0.3969218134880066,0.09766759723424911,0.3775685131549835,0.1759142428636551,0.01935330033302307,-0.07824664562940598,0,1
combined_medium,partially_observable,28,cond_residual_t20,0.25182533264160156,0.280229389667511,0.2815152406692505,0.31691986322402954,-0.029689908027648926,-0.036690473556518555,1,1
combined_medium,partially_observable,29,cond_residual_t20,0.1417888104915619,0.13721901178359985,0.1370900273323059,0.17991109192371368,0.0046987831592559814,-0.04269208014011383,0,1
combined_medium,partially_observable,30,cond_residual_t20,0.17632707953453064,0.11854575574398041,0.1585274636745453,0.15295539796352386,0.01779961585998535,-0.03440964221954346,0,1
combined_medium,partially_observable,31,cond_residual_t20,0.041324079036712646,0.06332093477249146,0.08270429074764252,0.1689864844083786,-0.04138021171092987,-0.10566554963588715,1,1
combined_medium,partially_observable,32,cond_residual_t20,0.16269883513450623,0.07873281836509705,0.17351368069648743,0.13202853500843048,-0.010814845561981201,-0.053295716643333435,1,1
combined_medium,partially_observable,33,cond_residual_t20,0.27079057693481445,0.36006051301956177,0.33598944544792175,0.39605286717414856,-0.0651988685131073,-0.03599235415458679,1,1
combined_medium,partially_observable,34,cond_residual_t20,0.13652978837490082,0.09729734063148499,0.15006780624389648,0.16305683553218842,-0.013538017868995667,-0.06575949490070343,1,1
combined_medium,partially_observable,35,cond_residual_t20,0.20762749016284943,0.10365594923496246,0.23921802639961243,0.22369186580181122,-0.031590536236763,-0.12003591656684875,1,1
combined_medium,partially_observable,36,cond_residual_t20,0.37059706449508667,0.08074306696653366,0.2997235059738159,0.1281536966562271,0.07087355852127075,-0.04741062968969345,0,1
combined_medium,partially_observable,37,cond_residual_t20,0.1263502538204193,0.060818519443273544,0.12509766221046448,0.1271255910396576,0.001252591609954834,-0.06630706787109375,0,1
combined_medium,partially_observable,38,cond_residual_t20,0.3044889569282532,0.10357510298490524,0.3438359797000885,0.19640739262104034,-0.03934702277183533,-0.0928322896361351,1,1
combined_medium,partially_observable,39,cond_residual_t20,0.20876817405223846,0.053465791046619415,0.22641441226005554,0.13956889510154724,-0.017646238207817078,-0.08610310405492783,1,1
combined_medium,partially_observable,40,cond_residual_t20,0.09210315346717834,0.06259871274232864,0.11688727140426636,0.15499940514564514,-0.024784117937088013,-0.0924006924033165,1,1
combined_medium,partially_observable,41,cond_residual_t20,0.07468995451927185,0.1711696982383728,0.0729883462190628,0.22730591893196106,0.0017016083002090454,-0.05613622069358826,0,1
combined_medium,partially_observable,42,cond_residual_t20,0.12613503634929657,0.1266360878944397,0.13588757812976837,0.2042573094367981,-0.009752541780471802,-0.0776212215423584,1,1
combined_medium,partially_observable,43,cond_residual_t20,0.31073233485221863,0.5003480315208435,0.27667102217674255,0.5147008895874023,0.034061312675476074,-0.014352858066558838,0,1
combined_medium,partially_observable,44,cond_residual_t20,0.2159319818019867,0.08474472165107727,0.19048507511615753,0.19498075544834137,0.025446906685829163,-0.1102360337972641,0,1
combined_medium,partially_observable,45,cond_residual_t20,0.18823027610778809,0.08902925997972488,0.18738022446632385,0.15229496359825134,0.0008500516414642334,-0.06326570361852646,0,1
combined_medium,partially_observable,46,cond_residual_t20,0.14682406187057495,0.16578522324562073,0.17264249920845032,0.2169540971517563,-0.025818437337875366,-0.05116887390613556,1,1
combined_medium,partially_observable,47,cond_residual_t20,0.15714427828788757,0.06505346298217773,0.14021167159080505,0.1399826854467392,0.01693260669708252,-0.07492922246456146,0,1
combined_medium,partially_observable,48,cond_residual_t20,0.08507785946130753,0.2513159513473511,0.08901850134134293,0.3324195146560669,-0.0039406418800354,-0.08110356330871582,1,1
combined_medium,partially_observable,49,cond_residual_t20,0.1840638816356659,0.39528119564056396,0.1327701210975647,0.4317814111709595,0.051293760538101196,-0.03650021553039551,0,1
combined_medium,partially_observable,50,cond_residual_t20,0.12455368041992188,0.07847200334072113,0.11888432502746582,0.15303365886211395,0.005669355392456055,-0.07456165552139282,0,1
combined_medium,partially_observable,51,cond_residual_t20,0.1827452927827835,0.0732945129275322,0.18223638832569122,0.1509353518486023,0.0005089044570922852,-0.0776408389210701,0,1
combined_medium,partially_observable,52,cond_residual_t20,0.237737774848938,0.1576811671257019,0.246342733502388,0.222469300031662,-0.008604958653450012,-0.06478813290596008,1,1
combined_medium,partially_observable,53,cond_residual_t20,0.17717480659484863,0.07073415070772171,0.18424557149410248,0.15098148584365845,-0.007070764899253845,-0.08024733513593674,1,1
combined_medium,partially_observable,54,cond_residual_t20,0.13714997470378876,0.10483451932668686,0.09787500649690628,0.1676487922668457,0.03927496820688248,-0.06281427294015884,0,1
combined_medium,partially_observable,55,cond_residual_t20,0.1515837162733078,0.14765837788581848,0.14428019523620605,0.2224571406841278,0.007303521037101746,-0.07479876279830933,0,1
combined_medium,partially_observable,56,cond_residual_t20,0.14627781510353088,0.06035705283284187,0.1262023150920868,0.14038297533988953,0.020075500011444092,-0.08002592623233795,0,1
combined_medium,partially_observable,57,cond_residual_t20,0.07078926265239716,0.11343179643154144,0.09449581801891327,0.18011361360549927,-0.023706555366516113,-0.06668181717395782,1,1
combined_medium,partially_observable,58,cond_residual_t20,0.12340395152568817,0.06672527641057968,0.13800431787967682,0.12921303510665894,-0.014600366353988647,-0.062487758696079254,1,1
combined_medium,partially_observable,59,cond_residual_t20,0.05817825347185135,0.1015508845448494,0.06503268331289291,0.16892637312412262,-0.006854429841041565,-0.06737548857927322,1,1
combined_medium,partially_observable,60,cond_residual_t20,0.1890663355588913,0.291217565536499,0.15883277356624603,0.3658875823020935,0.030233561992645264,-0.07467001676559448,0,1
combined_medium,partially_observable,61,cond_residual_t20,0.2263147383928299,0.0913723036646843,0.24642953276634216,0.1885620355606079,-0.020114794373512268,-0.09718973189592361,1,1
combined_medium,partially_observable,62,cond_residual_t20,0.2644284963607788,0.09076405316591263,0.24684949219226837,0.14861947298049927,0.017579004168510437,-0.05785541981458664,0,1
combined_medium,partially_observable,63,cond_residual_t20,0.22778615355491638,0.08207260817289352,0.22449958324432373,0.17544753849506378,0.0032865703105926514,-0.09337493032217026,0,1
combined_medium,partially_observable,64,cond_residual_t20,0.13640300929546356,0.07730880379676819,0.10494939237833023,0.15818962454795837,0.03145361691713333,-0.08088082075119019,0,1
combined_medium,partially_observable,65,cond_residual_t20,0.04393896088004112,0.11307721585035324,0.077903613448143,0.21621650457382202,-0.03396465256810188,-0.10313928872346878,1,1
combined_medium,partially_observable,66,cond_residual_t20,0.12921659648418427,0.13296474516391754,0.14045286178588867,0.19940800964832306,-0.011236265301704407,-0.06644326448440552,1,1
combined_medium,partially_observable,67,cond_residual_t20,0.09447847306728363,0.06919855624437332,0.11859717220067978,0.15382349491119385,-0.02411869913339615,-0.08462493866682053,1,1
combined_medium,partially_observable,68,cond_residual_t20,0.2339543104171753,0.11482694745063782,0.24904513359069824,0.1965646594762802,-0.01509082317352295,-0.0817377120256424,1,1
combined_medium,partially_observable,69,cond_residual_t20,0.11622723191976547,0.16066791117191315,0.11476776748895645,0.22948993742465973,0.001459464430809021,-0.06882202625274658,0,1
combined_medium,partially_observable,70,cond_residual_t20,0.24303600192070007,0.2078970968723297,0.23505142331123352,0.26265600323677063,0.007984578609466553,-0.05475890636444092,0,1
combined_medium,partially_observable,71,cond_residual_t20,0.1304580718278885,0.3513520658016205,0.1515660136938095,0.4322061836719513,-0.02110794186592102,-0.08085411787033081,1,1
combined_medium,partially_observable,72,cond_residual_t20,0.11756981909275055,0.10100135952234268,0.09823856502771378,0.21326462924480438,0.019331254065036774,-0.1122632697224617,0,1
combined_medium,partially_observable,73,cond_residual_t20,0.05394735187292099,0.10361888259649277,0.06515799462795258,0.17061394453048706,-0.011210642755031586,-0.0669950619339943,1,1
combined_medium,partially_observable,74,cond_residual_t20,0.40170615911483765,0.33256784081459045,0.3869330585002899,0.400671124458313,0.01477310061454773,-0.06810328364372253,0,1
combined_medium,partially_observable,75,cond_residual_t20,0.16613216698169708,0.0962279736995697,0.1731453537940979,0.1576169729232788,-0.007013186812400818,-0.061388999223709106,1,1
combined_medium,partially_observable,76,cond_residual_t20,0.2634902596473694,0.10353261232376099,0.26107269525527954,0.16823548078536987,0.0024175643920898438,-0.06470286846160889,0,1
combined_medium,partially_observable,77,cond_residual_t20,0.1698998510837555,0.10129554569721222,0.17801973223686218,0.14809562265872955,-0.00811988115310669,-0.046800076961517334,1,1
combined_medium,partially_observable,78,cond_residual_t20,0.17212577164173126,0.06957153975963593,0.17682451009750366,0.12306281179189682,-0.0046987384557724,-0.053491272032260895,1,1
combined_medium,partially_observable,79,cond_residual_t20,0.3862674832344055,0.09174708276987076,0.3439689874649048,0.1872844099998474,0.04229849576950073,-0.09553732722997665,0,1
combined_medium,partially_observable,80,cond_residual_t20,0.16449347138404846,0.10335889458656311,0.18394723534584045,0.16161233186721802,-0.019453763961791992,-0.05825343728065491,1,1
combined_medium,partially_observable,81,cond_residual_t20,0.23239699006080627,0.16043242812156677,0.2567930817604065,0.2220723032951355,-0.02439609169960022,-0.061639875173568726,1,1
combined_medium,partially_observable,82,cond_residual_t20,0.04890332370996475,0.17831610143184662,0.06772830337285995,0.2560013234615326,-0.018824979662895203,-0.07768522202968597,1,1
combined_medium,partially_observable,83,cond_residual_t20,0.2829894423484802,0.07618359476327896,0.27345097064971924,0.12130970507860184,0.009538471698760986,-0.045126110315322876,0,1
combined_medium,partially_observable,84,cond_residual_t20,0.05060644820332527,0.297235369682312,0.06911979615688324,0.32803332805633545,-0.018513347953557968,-0.030797958374023438,1,1
combined_medium,partially_observable,85,cond_residual_t20,0.10820577293634415,0.37768909335136414,0.07706300914287567,0.419174462556839,0.031142763793468475,-0.041485369205474854,0,1
combined_medium,partially_observable,86,cond_residual_t20,0.28918105363845825,0.13486289978027344,0.2594970166683197,0.2004115730524063,0.02968403697013855,-0.06554867327213287,0,1
combined_medium,partially_observable,87,cond_residual_t20,0.3467915654182434,0.46999815106391907,0.38135144114494324,0.5178210735321045,-0.03455987572669983,-0.047822922468185425,1,1
combined_medium,partially_observable,88,cond_residual_t20,0.33486080169677734,0.10247035324573517,0.27844172716140747,0.17616704106330872,0.05641907453536987,-0.07369668781757355,0,1
combined_medium,partially_observable,89,cond_residual_t20,0.15990816056728363,0.09585023671388626,0.13581159710884094,0.22254984080791473,0.024096563458442688,-0.12669959664344788,0,1
combined_medium,partially_observable,90,cond_residual_t20,0.13405334949493408,0.35631057620048523,0.14271287620067596,0.37493759393692017,-0.008659526705741882,-0.018627017736434937,1,1
combined_medium,partially_observable,91,cond_residual_t20,0.1706113964319229,0.10423614829778671,0.17016510665416718,0.18007110059261322,0.0004462897777557373,-0.07583495229482651,0,1
combined_medium,partially_observable,92,cond_residual_t20,0.1548682451248169,0.07242827117443085,0.15187153220176697,0.1892012059688568,0.0029967129230499268,-0.11677293479442596,0,1
combined_medium,partially_observable,93,cond_residual_t20,0.15079565346240997,0.08454575389623642,0.16813227534294128,0.2240949273109436,-0.01733662188053131,-0.1395491659641266,1,1
combined_medium,partially_observable,94,cond_residual_t20,0.2717943489551544,0.23818810284137726,0.2949623763561249,0.3083276152610779,-0.02316802740097046,-0.07013951241970062,1,1
combined_medium,partially_observable,95,cond_residual_t20,0.12986624240875244,0.11989613622426987,0.14376892149448395,0.17846985161304474,-0.013902679085731506,-0.05857371538877487,1,1
combined_medium,partially_observable,96,cond_residual_t20,0.25848525762557983,0.07519493997097015,0.252124160528183,0.16976496577262878,0.006361097097396851,-0.09457002580165863,0,1
combined_medium,partially_observable,97,cond_residual_t20,0.15265747904777527,0.06332758814096451,0.15650925040245056,0.155268594622612,-0.003851771354675293,-0.09194100648164749,1,1
combined_medium,partially_observable,98,cond_residual_t20,0.27175676822662354,0.08038599789142609,0.26050063967704773,0.1518387645483017,0.011256128549575806,-0.07145276665687561,0,1
combined_medium,partially_observable,99,cond_residual_t20,0.18685749173164368,0.17477065324783325,0.2096768617630005,0.21959705650806427,-0.02281937003135681,-0.04482640326023102,1,1
combined_medium,partially_observable,100,cond_residual_t20,0.1535145789384842,0.5086621642112732,0.24231314659118652,0.5589062571525574,-0.08879856765270233,-0.05024409294128418,1,1
combined_medium,partially_observable,101,cond_residual_t20,0.1344727724790573,0.09833727777004242,0.097858726978302,0.17731142044067383,0.03661404550075531,-0.07897414267063141,0,1
combined_medium,partially_observable,102,cond_residual_t20,0.14960597455501556,0.07779557257890701,0.1341080665588379,0.1677360087633133,0.015497907996177673,-0.08994043618440628,0,1
combined_medium,partially_observable,103,cond_residual_t20,0.3455733060836792,0.13127213716506958,0.35470491647720337,0.17161476612091064,-0.00913161039352417,-0.040342628955841064,1,1
combined_medium,partially_observable,104,cond_residual_t20,0.27702391147613525,0.10548760741949081,0.2865711450576782,0.14800110459327698,-0.009547233581542969,-0.04251349717378616,1,1
combined_medium,partially_observable,105,cond_residual_t20,0.1563253551721573,0.12372481822967529,0.13853076100349426,0.17992018163204193,0.017794594168663025,-0.05619536340236664,0,1
combined_medium,partially_observable,106,cond_residual_t20,0.2573476731777191,0.07076067477464676,0.29490798711776733,0.13816313445568085,-0.03756031394004822,-0.06740245968103409,1,1
combined_medium,partially_observable,107,cond_residual_t20,0.13718648254871368,0.17410309612751007,0.13918080925941467,0.24095895886421204,-0.0019943267107009888,-0.06685586273670197,1,1
combined_medium,partially_observable,108,cond_residual_t20,0.13472594320774078,0.4071950912475586,0.1372358351945877,0.446306973695755,-0.002509891986846924,-0.03911188244819641,1,1
combined_medium,partially_observable,109,cond_residual_t20,0.25526270270347595,0.07253134250640869,0.23795397579669952,0.16457639634609222,0.017308726906776428,-0.09204505383968353,0,1
combined_medium,partially_observable,110,cond_residual_t20,0.331712543964386,0.3687973618507385,0.35112908482551575,0.41739222407341003,-0.01941654086112976,-0.04859486222267151,1,1
combined_medium,partially_observable,111,cond_residual_t20,0.06525733321905136,0.06408724188804626,0.0857980027794838,0.160678893327713,-0.020540669560432434,-0.09659165143966675,1,1
combined_medium,partially_observable,112,cond_residual_t20,0.2645021378993988,0.06909959763288498,0.2819851338863373,0.13858366012573242,-0.017482995986938477,-0.06948406249284744,1,1
combined_medium,partially_observable,113,cond_residual_t20,0.412955105304718,0.37512192130088806,0.3925246000289917,0.4482361078262329,0.02043050527572632,-0.07311418652534485,0,1
combined_medium,partially_observable,114,cond_residual_t20,0.12623172998428345,0.35246196389198303,0.14143946766853333,0.4036470055580139,-0.015207737684249878,-0.051185041666030884,1,1
combined_medium,partially_observable,115,cond_residual_t20,0.08288761228322983,0.435569167137146,0.1327698975801468,0.48940718173980713,-0.04988228529691696,-0.05383801460266113,1,1
combined_medium,partially_observable,116,cond_residual_t20,0.1990322768688202,0.1290077567100525,0.1737060397863388,0.19386893510818481,0.025326237082481384,-0.06486117839813232,0,1
combined_medium,partially_observable,117,cond_residual_t20,0.09572549909353256,0.07956475764513016,0.11777032911777496,0.13001754879951477,-0.0220448300242424,-0.05045279115438461,1,1
combined_medium,partially_observable,118,cond_residual_t20,0.21389642357826233,0.0682220309972763,0.21545231342315674,0.1588863879442215,-0.0015558898448944092,-0.09066435694694519,1,1
combined_medium,partially_observable,119,cond_residual_t20,0.0701657086610794,0.08240778744220734,0.06749672442674637,0.14513356983661652,0.0026689842343330383,-0.06272578239440918,0,1
combined_medium,partially_observable,120,cond_residual_t20,0.2064480483531952,0.3352276086807251,0.18763600289821625,0.39830732345581055,0.018812045454978943,-0.06307971477508545,0,1
combined_medium,partially_observable,121,cond_residual_t20,0.20513033866882324,0.1500203013420105,0.19018079340457916,0.1933893859386444,0.01494954526424408,-0.04336908459663391,0,1
combined_medium,partially_observable,122,cond_residual_t20,0.1357060968875885,0.49398496747016907,0.10777880996465683,0.5125154256820679,0.02792728692293167,-0.018530458211898804,0,1
combined_medium,partially_observable,123,cond_residual_t20,0.13122335076332092,0.07414081692695618,0.08795888721942902,0.17700563371181488,0.04326446354389191,-0.1028648167848587,0,1
combined_medium,partially_observable,124,cond_residual_t20,0.12256014347076416,0.10172531753778458,0.15249964594841003,0.1761215329170227,-0.029939502477645874,-0.07439621537923813,1,1
combined_medium,partially_observable,125,cond_residual_t20,0.12223201990127563,0.26900142431259155,0.1590237021446228,0.3149200677871704,-0.03679168224334717,-0.04591864347457886,1,1
combined_medium,partially_observable,126,cond_residual_t20,0.3631541132926941,0.21104465425014496,0.3413657546043396,0.28972795605659485,0.021788358688354492,-0.07868330180644989,0,1
combined_medium,partially_observable,127,cond_residual_t20,0.254083514213562,0.0569094680249691,0.2563864588737488,0.16249974071979523,-0.0023029446601867676,-0.10559026896953583,1,1
combined_medium,partially_observable,128,cond_residual_t20,0.17340770363807678,0.15699055790901184,0.1564578264951706,0.2052728533744812,0.01694987714290619,-0.04828229546546936,0,1
combined_medium,partially_observable,129,cond_residual_t20,0.07447715103626251,0.25366532802581787,0.10103707015514374,0.2830778658390045,-0.026559919118881226,-0.029412537813186646,1,1
combined_medium,partially_observable,130,cond_residual_t20,0.2799423635005951,0.20145998895168304,0.24238912761211395,0.25184372067451477,0.03755323588848114,-0.050383731722831726,0,1
combined_medium,partially_observable,131,cond_residual_t20,0.4431484341621399,0.3246954679489136,0.44305238127708435,0.3554212749004364,9.605288505554199e-05,-0.030725806951522827,0,1
combined_medium,partially_observable,132,cond_residual_t20,0.4757230877876282,0.059053607285022736,0.4512627124786377,0.14950785040855408,0.02446037530899048,-0.09045424312353134,0,1
combined_medium,partially_observable,133,cond_residual_t20,0.2774673104286194,0.07694890350103378,0.28444769978523254,0.1787337213754654,-0.006980389356613159,-0.10178481787443161,1,1
combined_medium,partially_observable,134,cond_residual_t20,0.3125207722187042,0.07929685711860657,0.3110963702201843,0.1877223253250122,0.0014244019985198975,-0.10842546820640564,0,1
combined_medium,partially_observable,135,cond_residual_t20,0.16094915568828583,0.13150936365127563,0.1637706607580185,0.19810867309570312,-0.002821505069732666,-0.06659930944442749,1,1
combined_medium,partially_observable,136,cond_residual_t20,0.2535119950771332,0.15502002835273743,0.28053349256515503,0.21080642938613892,-0.02702149748802185,-0.05578640103340149,1,1
combined_medium,partially_observable,137,cond_residual_t20,0.16836825013160706,0.0919468104839325,0.16790856420993805,0.13942521810531616,0.00045968592166900635,-0.04747840762138367,0,1
combined_medium,partially_observable,138,cond_residual_t20,0.0888243094086647,0.0873868390917778,0.14378191530704498,0.1993119716644287,-0.05495760589838028,-0.11192513257265091,1,1
combined_medium,partially_observable,139,cond_residual_t20,0.31742072105407715,0.07857230305671692,0.30471572279930115,0.17012447118759155,0.012704998254776001,-0.09155216813087463,0,1
combined_medium,partially_observable,140,cond_residual_t20,0.08115263283252716,0.3584425151348114,0.09493615478277206,0.39426189661026,-0.013783521950244904,-0.03581938147544861,1,1
combined_medium,partially_observable,141,cond_residual_t20,0.15621717274188995,0.1123618558049202,0.1874380260705948,0.17156235873699188,-0.031220853328704834,-0.059200502932071686,1,1
combined_medium,partially_observable,142,cond_residual_t20,0.22604136168956757,0.2985384166240692,0.25857013463974,0.3387739956378937,-0.032528772950172424,-0.04023557901382446,1,1
combined_medium,partially_observable,143,cond_residual_t20,0.2565135359764099,0.3420761823654175,0.2142949104309082,0.39341166615486145,0.04221862554550171,-0.05133548378944397,0,1
combined_medium,partially_observable,144,cond_residual_t20,0.17421698570251465,0.09887915849685669,0.2011769711971283,0.16493511199951172,-0.026959985494613647,-0.06605595350265503,1,1
combined_medium,partially_observable,145,cond_residual_t20,0.3572547733783722,0.3919641971588135,0.33949506282806396,0.4174904227256775,0.017759710550308228,-0.025526225566864014,0,1
combined_medium,partially_observable,146,cond_residual_t20,0.10287515074014664,0.21658188104629517,0.08787992596626282,0.27668848633766174,0.01499522477388382,-0.06010660529136658,0,1
combined_medium,partially_observable,147,cond_residual_t20,0.2104983627796173,0.04408277943730354,0.17648513615131378,0.12624655663967133,0.03401322662830353,-0.08216378092765808,0,1
combined_medium,partially_observable,148,cond_residual_t20,0.30100640654563904,0.13418284058570862,0.27355846762657166,0.22126029431819916,0.027447938919067383,-0.08707745373249054,0,1
combined_medium,partially_observable,149,cond_residual_t20,0.3730027377605438,0.0893276184797287,0.335254043340683,0.14157292246818542,0.03774869441986084,-0.052245303988456726,0,1
combined_medium,partially_observable,150,cond_residual_t20,0.23458552360534668,0.09980777651071548,0.22306768596172333,0.19957786798477173,0.011517837643623352,-0.09977009147405624,0,1
combined_medium,partially_observable,151,cond_residual_t20,0.2130030393600464,0.06887773424386978,0.21403571963310242,0.14360186457633972,-0.0010326802730560303,-0.07472413033246994,1,1
combined_medium,partially_observable,152,cond_residual_t20,0.3739696741104126,0.09139132499694824,0.34579703211784363,0.13180118799209595,0.02817264199256897,-0.040409862995147705,0,1
combined_medium,partially_observable,153,cond_residual_t20,0.217609241604805,0.11260643601417542,0.1893504410982132,0.21779519319534302,0.028258800506591797,-0.1051887571811676,0,1
combined_medium,partially_observable,154,cond_residual_t20,0.14192861318588257,0.10434061288833618,0.20217716693878174,0.16564278304576874,-0.06024855375289917,-0.061302170157432556,1,1
combined_medium,partially_observable,155,cond_residual_t20,0.35691872239112854,0.0718197301030159,0.32855507731437683,0.19083231687545776,0.02836364507675171,-0.11901258677244186,0,1
combined_medium,partially_observable,156,cond_residual_t20,0.3694908916950226,0.11711046099662781,0.37680643796920776,0.19417667388916016,-0.007315546274185181,-0.07706621289253235,1,1
combined_medium,partially_observable,157,cond_residual_t20,0.16451844573020935,0.14713965356349945,0.17736801505088806,0.226700097322464,-0.012849569320678711,-0.07956044375896454,1,1
combined_medium,partially_observable,158,cond_residual_t20,0.23803773522377014,0.08249115198850632,0.26567989587783813,0.19858521223068237,-0.027642160654067993,-0.11609406024217606,1,1
combined_medium,partially_observable,159,cond_residual_t20,0.15469564497470856,0.1164950281381607,0.15720531344413757,0.19698280096054077,-0.002509668469429016,-0.08048777282238007,1,1
combined_medium,partially_observable,160,cond_residual_t20,0.139057919383049,0.29973846673965454,0.10452535003423691,0.3746770918369293,0.0345325693488121,-0.07493862509727478,0,1
combined_medium,partially_observable,161,cond_residual_t20,0.19541512429714203,0.13815265893936157,0.21911588311195374,0.2367730736732483,-0.023700758814811707,-0.09862041473388672,1,1
combined_medium,partially_observable,162,cond_residual_t20,0.16111688315868378,0.04432164505124092,0.16709592938423157,0.13582110404968262,-0.0059790462255477905,-0.091499462723732,1,1
combined_medium,partially_observable,163,cond_residual_t20,0.24584130942821503,0.1063440591096878,0.22344975173473358,0.17782503366470337,0.022391557693481445,-0.07148097455501556,0,1
combined_medium,partially_observable,164,cond_residual_t20,0.16415128111839294,0.10046412795782089,0.17612315714359283,0.16032180190086365,-0.01197187602519989,-0.059857673943042755,1,1
combined_medium,partially_observable,165,cond_residual_t20,0.21196098625659943,0.311493456363678,0.24118204414844513,0.340190589427948,-0.029221057891845703,-0.02869713306427002,1,1
combined_medium,partially_observable,166,cond_residual_t20,0.1425735354423523,0.14465850591659546,0.12020514905452728,0.19101428985595703,0.022368386387825012,-0.04635578393936157,0,1
combined_medium,partially_observable,167,cond_residual_t20,0.2220780849456787,0.33749252557754517,0.2076151818037033,0.36449629068374634,0.014462903141975403,-0.027003765106201172,0,1
combined_medium,partially_observable,168,cond_residual_t20,0.13063004612922668,0.14607521891593933,0.11601732671260834,0.2324787825345993,0.014612719416618347,-0.08640356361865997,0,1
combined_medium,partially_observable,169,cond_residual_t20,0.21574410796165466,0.074269138276577,0.21478748321533203,0.14039520919322968,0.0009566247463226318,-0.06612607091665268,0,1
combined_medium,partially_observable,170,cond_residual_t20,0.19228442013263702,0.07424493879079819,0.1704445630311966,0.18578560650348663,0.02183985710144043,-0.11154066771268845,0,1
combined_medium,partially_observable,171,cond_residual_t20,0.21281632781028748,0.1565631628036499,0.21790942549705505,0.2868364155292511,-0.005093097686767578,-0.1302732527256012,1,1
combined_medium,partially_observable,172,cond_residual_t20,0.2033778429031372,0.42790645360946655,0.17414730787277222,0.4656146466732025,0.02923053503036499,-0.03770819306373596,0,1
combined_medium,partially_observable,173,cond_residual_t20,0.08117181807756424,0.09604020416736603,0.08399513363838196,0.15511955320835114,-0.0028233155608177185,-0.05907934904098511,1,1
combined_medium,partially_observable,174,cond_residual_t20,0.4026656150817871,0.08752096444368362,0.37699639797210693,0.18832319974899292,0.025669217109680176,-0.1008022353053093,0,1
combined_medium,partially_observable,175,cond_residual_t20,0.3228093683719635,0.10366883873939514,0.3105810284614563,0.16717186570167542,0.012228339910507202,-0.06350302696228027,0,1
combined_medium,partially_observable,176,cond_residual_t20,0.15699170529842377,0.05996577441692352,0.14832143485546112,0.1517898589372635,0.008670270442962646,-0.09182408452033997,0,1
combined_medium,partially_observable,177,cond_residual_t20,0.14220160245895386,0.15178507566452026,0.10825250297784805,0.21441902220249176,0.033949099481105804,-0.0626339465379715,0,1
combined_medium,partially_observable,178,cond_residual_t20,0.14903999865055084,0.1052032932639122,0.17083866894245148,0.16114622354507446,-0.021798670291900635,-0.05594293028116226,1,1
combined_medium,partially_observable,179,cond_residual_t20,0.2529405653476715,0.06520149111747742,0.23138943314552307,0.15857119858264923,0.021551132202148438,-0.09336970746517181,0,1
combined_medium,partially_observable,180,cond_residual_t20,0.2665749192237854,0.4097261130809784,0.25364866852760315,0.4462891221046448,0.012926250696182251,-0.03656300902366638,0,1
combined_medium,partially_observable,181,cond_residual_t20,0.2148175686597824,0.13429871201515198,0.2093556672334671,0.18532125651836395,0.005461901426315308,-0.051022544503211975,0,1
combined_medium,partially_observable,182,cond_residual_t20,0.27387022972106934,0.08104065805673599,0.3250053822994232,0.16172054409980774,-0.05113515257835388,-0.08067988604307175,1,1
combined_medium,partially_observable,183,cond_residual_t20,0.1355254352092743,0.0930347740650177,0.12090186774730682,0.19782011210918427,0.014623567461967468,-0.10478533804416656,0,1
combined_medium,partially_observable,184,cond_residual_t20,0.2699264883995056,0.1051221564412117,0.2759888470172882,0.2058231383562088,-0.006062358617782593,-0.1007009819149971,1,1
combined_medium,partially_observable,185,cond_residual_t20,0.2219274789094925,0.06469714641571045,0.16643527150154114,0.17345263063907623,0.055492207407951355,-0.10875548422336578,0,1
combined_medium,partially_observable,186,cond_residual_t20,0.0746053159236908,0.08461233973503113,0.11238907277584076,0.19253820180892944,-0.03778375685214996,-0.10792586207389832,1,1
combined_medium,partially_observable,187,cond_residual_t20,0.09939031302928925,0.1304505616426468,0.12389805167913437,0.18055741488933563,-0.024507738649845123,-0.05010685324668884,1,1
combined_medium,partially_observable,188,cond_residual_t20,0.1231732964515686,0.4611845016479492,0.17637285590171814,0.5060465931892395,-0.053199559450149536,-0.04486209154129028,1,1
combined_medium,partially_observable,189,cond_residual_t20,0.26185816526412964,0.13130415976047516,0.23201170563697815,0.18567653000354767,0.02984645962715149,-0.05437237024307251,0,1
combined_medium,partially_observable,190,cond_residual_t20,0.10580263286828995,0.11729012429714203,0.11270363628864288,0.1978738158941269,-0.006901003420352936,-0.08058369159698486,1,1
combined_medium,partially_observable,191,cond_residual_t20,0.09515046328306198,0.44106072187423706,0.09710829704999924,0.47272947430610657,-0.001957833766937256,-0.03166875243186951,1,1
combined_medium,partially_observable,192,cond_residual_t20,0.09139369428157806,0.10841512680053711,0.11184600740671158,0.17186686396598816,-0.020452313125133514,-0.06345173716545105,1,1
combined_medium,partially_observable,193,cond_residual_t20,0.21320891380310059,0.12536564469337463,0.23053744435310364,0.19540895521640778,-0.017328530550003052,-0.07004331052303314,1,1
combined_medium,partially_observable,194,cond_residual_t20,0.23700208961963654,0.10091572999954224,0.25059056282043457,0.16938801109790802,-0.013588473200798035,-0.06847228109836578,1,1
combined_medium,partially_observable,195,cond_residual_t20,0.38358941674232483,0.050546105951070786,0.3967856466770172,0.17702047526836395,-0.013196229934692383,-0.12647436559200287,1,1
combined_medium,partially_observable,196,cond_residual_t20,0.11941470205783844,0.10377991199493408,0.09772252291440964,0.1948394924402237,0.021692179143428802,-0.09105958044528961,0,1
combined_medium,partially_observable,197,cond_residual_t20,0.12794849276542664,0.26360785961151123,0.17804569005966187,0.3413923978805542,-0.05009719729423523,-0.07778453826904297,1,1
combined_medium,partially_observable,198,cond_residual_t20,0.24096031486988068,0.06788960844278336,0.2616153955459595,0.1448644995689392,-0.020655080676078796,-0.07697489112615585,1,1
combined_medium,partially_observable,199,cond_residual_t20,0.4274546504020691,0.3591656982898712,0.46724629402160645,0.41877949237823486,-0.039791643619537354,-0.05961379408836365,1,1
