metric,real_mean,gen_mean,real_std,gen_std,real_median,gen_median,real_q10,gen_q10,real_q90,gen_q90,mean_ratio_gen_over_real,std_ratio_gen_over_real
step_norm_all,0.241194,0.233859,0.189435,0.143502,0.233449,0.206650,0.006471,0.071262,0.496139,0.439442,0.969588,0.757524
avg_speed,0.241194,0.233859,0.175639,0.109654,0.230006,0.205960,0.008275,0.119897,0.478425,0.394207,0.969588,0.624315
total_length,4.582688,4.443319,3.337133,2.083423,4.370111,3.913239,0.157228,2.278034,9.090078,7.489934,0.969588,0.624315
endpoint_displacement,4.372882,3.687020,3.318358,2.347123,4.101030,3.166451,0.141720,1.132441,8.947489,7.242247,0.843156,0.707314
moving_ratio_global,0.897918,0.999383,0.288615,0.006550,1.000000,1.000000,0.473684,1.000000,1.000000,1.000000,1.113001,0.022694
propulsion_ratio,0.932410,0.778970,0.126672,0.221969,0.978716,0.870797,0.818072,0.412591,0.999063,0.983984,0.835438,1.752313
acc_rms,0.042321,0.065428,0.030154,0.011015,0.040234,0.063986,0.000295,0.052802,0.075341,0.079752,1.546005,0.365275
