metric,real_mean,gen_mean,real_std,gen_std,real_median,gen_median,real_q10,gen_q10,real_q90,gen_q90,mean_ratio_gen_over_real,std_ratio_gen_over_real
step_norm_all,0.297809,0.272439,0.169263,0.156234,0.295434,0.257420,0.060806,0.073210,0.515072,0.493437,0.914812,0.923027
avg_speed,0.297809,0.272439,0.149933,0.117956,0.288647,0.256482,0.103042,0.133225,0.496821,0.437373,0.914812,0.786724
total_length,5.658366,5.176342,2.848725,2.241159,5.484285,4.873165,1.957789,2.531284,9.439590,8.310082,0.914812,0.786724
endpoint_displacement,5.406358,4.231599,2.899876,2.534695,5.178068,3.812456,1.677124,1.219669,9.287703,7.910185,0.782708,0.874070
moving_ratio_global,0.898228,0.923314,0.201262,0.132543,1.000000,1.000000,0.526316,0.736842,1.000000,1.000000,1.027929,0.658557
propulsion_ratio,0.936432,0.774236,0.114091,0.229613,0.976247,0.872262,0.841869,0.434698,0.996548,0.984246,0.826793,2.012548
acc_rms,0.050731,0.073347,0.027135,0.022773,0.045872,0.069653,0.024890,0.046012,0.079625,0.103864,1.445800,0.839262
