metric,real_mean,gen_mean,real_std,gen_std,real_median,gen_median,real_q10,gen_q10,real_q90,gen_q90,mean_ratio_gen_over_real,std_ratio_gen_over_real
step_norm_all,0.328220,0.299990,0.156690,0.152482,0.327603,0.288570,0.122032,0.103478,0.524123,0.508727,0.913991,0.973147
avg_speed,0.328220,0.299990,0.135084,0.115010,0.318897,0.284114,0.155074,0.164501,0.508050,0.458098,0.913991,0.851396
total_length,6.236176,5.699811,2.566587,2.185184,6.059034,5.398168,2.946410,3.125523,9.652952,8.703856,0.913991,0.851396
endpoint_displacement,5.980539,4.690291,2.635707,2.569443,5.753386,4.303187,2.668038,1.646329,9.500957,8.364183,0.784259,0.974859
moving_ratio_global,0.898887,0.865132,0.177121,0.190818,1.000000,1.000000,0.578947,0.578947,1.000000,1.000000,0.962448,1.077333
propulsion_ratio,0.947851,0.787732,0.095055,0.220308,0.979110,0.871577,0.874903,0.442412,0.996812,0.985806,0.831072,2.317697
acc_rms,0.051887,0.074579,0.027227,0.023275,0.047283,0.070308,0.025461,0.047733,0.081313,0.106358,1.437332,0.854842
