metric,real_mean,gen_mean,real_std,gen_std,real_median,gen_median,real_q10,gen_q10,real_q90,gen_q90,mean_ratio_gen_over_real,std_ratio_gen_over_real
step_norm_all,0.241194,0.250561,0.189435,0.179150,0.233449,0.238236,0.006471,0.025702,0.496139,0.505192,1.038836,0.945707
avg_speed,0.241194,0.250561,0.175639,0.141693,0.230006,0.238502,0.008275,0.069502,0.478425,0.458638,1.038837,0.806731
total_length,4.582688,4.760663,3.337133,2.692170,4.370111,4.531542,0.157228,1.320529,9.090078,8.714125,1.038836,0.806731
endpoint_displacement,4.372882,4.064061,3.318358,2.752647,4.101030,3.604855,0.141720,0.814261,8.947489,8.132402,0.929378,0.829521
moving_ratio_global,0.897918,0.989001,0.288615,0.038124,1.000000,1.000000,0.473684,0.947368,1.000000,1.000000,1.101438,0.132092
propulsion_ratio,0.932410,0.817135,0.126672,0.207617,0.978716,0.910071,0.818072,0.508502,0.999063,0.987485,0.876369,1.639015
acc_rms,0.042321,0.064116,0.030154,0.026864,0.040234,0.061182,0.000295,0.033565,0.075341,0.098225,1.515002,0.890862
