metric,real_mean,gen_mean,real_std,gen_std,real_median,gen_median,real_q10,gen_q10,real_q90,gen_q90,mean_ratio_gen_over_real,std_ratio_gen_over_real
step_norm_all,0.328220,0.292528,0.156690,0.146607,0.327603,0.285344,0.122032,0.104449,0.524123,0.494731,0.891256,0.935651
avg_speed,0.328220,0.292528,0.135084,0.109532,0.318897,0.281046,0.155074,0.159736,0.508050,0.442482,0.891256,0.810843
total_length,6.236176,5.558028,2.566587,2.081100,6.059034,5.339868,2.946410,3.034989,9.652952,8.407155,0.891256,0.810843
endpoint_displacement,5.980539,4.656854,2.635707,2.429843,5.753386,4.434299,2.668038,1.729319,9.500957,8.122409,0.778668,0.921894
moving_ratio_global,0.898887,0.862562,0.177121,0.194909,1.000000,1.000000,0.578947,0.584211,1.000000,1.000000,0.959589,1.100430
propulsion_ratio,0.947851,0.806255,0.095055,0.212002,0.979110,0.893726,0.874903,0.453070,0.996812,0.988964,0.850613,2.230313
acc_rms,0.051887,0.071162,0.027227,0.023859,0.047283,0.066832,0.025461,0.043994,0.081313,0.104771,1.371479,0.876310
