metric,real_mean,gen_mean,real_std,gen_std,real_median,gen_median,real_q10,gen_q10,real_q90,gen_q90,mean_ratio_gen_over_real,std_ratio_gen_over_real
step_norm_all,0.267643,0.280867,0.181326,0.172568,0.264414,0.268460,0.018228,0.058347,0.504691,0.522527,1.049411,0.951699
avg_speed,0.267643,0.280867,0.165175,0.133801,0.257959,0.265879,0.047254,0.113923,0.487699,0.476353,1.049411,0.810058
total_length,5.085209,5.336477,3.138323,2.542225,4.901214,5.051701,0.897828,2.164528,9.266287,9.050716,1.049411,0.810059
endpoint_displacement,4.852273,4.475068,3.152350,2.731039,4.599544,3.973689,0.672422,1.273717,9.114501,8.504228,0.922262,0.866350
moving_ratio_global,0.898183,0.982730,0.252238,0.045751,1.000000,1.000000,0.473684,0.947368,1.000000,1.000000,1.094131,0.181379
propulsion_ratio,0.927280,0.801811,0.129429,0.210215,0.975040,0.886944,0.806641,0.470955,0.997064,0.987784,0.864692,1.624167
acc_rms,0.046971,0.071091,0.028177,0.024669,0.043216,0.066601,0.018778,0.041631,0.077469,0.104971,1.513523,0.875494
