metric,real_mean,gen_mean,real_std,gen_std,real_median,gen_median,real_q10,gen_q10,real_q90,gen_q90,mean_ratio_gen_over_real,std_ratio_gen_over_real
step_norm_all,0.241194,0.239801,0.189435,0.172229,0.233449,0.219753,0.006471,0.029022,0.496139,0.483706,0.994225,0.909170
avg_speed,0.241194,0.239801,0.175639,0.137585,0.230006,0.216716,0.008275,0.070604,0.478425,0.427074,0.994225,0.783341
total_length,4.582688,4.556222,3.337133,2.614115,4.370111,4.117607,0.157228,1.341479,9.090078,8.114404,0.994225,0.783341
endpoint_displacement,4.372882,3.879383,3.318358,2.725613,4.101030,3.177023,0.141720,0.739811,8.947489,7.742453,0.887146,0.821374
moving_ratio_global,0.897918,0.992393,0.288615,0.027453,1.000000,1.000000,0.473684,1.000000,1.000000,1.000000,1.105216,0.095121
propulsion_ratio,0.932410,0.802521,0.126672,0.215405,0.978716,0.896914,0.818072,0.457027,0.999063,0.986642,0.860695,1.700495
acc_rms,0.042321,0.065178,0.030154,0.024665,0.040234,0.062269,0.000295,0.036449,0.075341,0.097842,1.540097,0.817963
