metric,real_mean,gen_mean,real_std,gen_std,real_median,gen_median,real_q10,gen_q10,real_q90,gen_q90,mean_ratio_gen_over_real,std_ratio_gen_over_real
step_norm_all,0.297809,0.280510,0.169263,0.158058,0.295434,0.263760,0.060806,0.082846,0.515072,0.502288,0.941913,0.933803
avg_speed,0.297809,0.280510,0.149933,0.120457,0.288647,0.266130,0.103042,0.137333,0.496821,0.456623,0.941913,0.803407
total_length,5.658366,5.329687,2.848725,2.288685,5.484285,5.056478,1.957789,2.609329,9.439590,8.675835,0.941913,0.803407
endpoint_displacement,5.406358,4.370354,2.899876,2.600856,5.178068,3.970905,1.677124,1.260200,9.287703,8.307281,0.808373,0.896885
moving_ratio_global,0.898228,0.939248,0.201262,0.116552,1.000000,1.000000,0.526316,0.789474,1.000000,1.000000,1.045668,0.579103
propulsion_ratio,0.936432,0.777532,0.114091,0.229023,0.976247,0.874214,0.841869,0.397717,0.996548,0.985573,0.830314,2.007372
acc_rms,0.050731,0.071190,0.027135,0.023629,0.045872,0.067164,0.024890,0.043268,0.079625,0.102351,1.403282,0.870794
