metric,real_mean,gen_mean,real_std,gen_std,real_median,gen_median,real_q10,gen_q10,real_q90,gen_q90,mean_ratio_gen_over_real,std_ratio_gen_over_real
step_norm_all,0.297809,0.256609,0.169263,0.149836,0.295434,0.239070,0.060806,0.070392,0.515072,0.468382,0.861658,0.885230
avg_speed,0.297809,0.256609,0.149933,0.112959,0.288647,0.241446,0.103042,0.124943,0.496821,0.418483,0.861658,0.753395
total_length,5.658366,4.875576,2.848725,2.146216,5.484285,4.587470,1.957789,2.373908,9.439590,7.951179,0.861658,0.753395
endpoint_displacement,5.406358,3.966716,2.899876,2.412206,5.178068,3.569955,1.677124,1.166406,9.287703,7.485979,0.733713,0.831831
moving_ratio_global,0.898228,0.919716,0.201262,0.139360,1.000000,1.000000,0.526316,0.736842,1.000000,1.000000,1.023923,0.692430
propulsion_ratio,0.936432,0.771603,0.114091,0.230653,0.976247,0.867054,0.841869,0.389382,0.996548,0.983953,0.823982,2.021659
acc_rms,0.050731,0.074159,0.027135,0.027016,0.045872,0.068050,0.024890,0.044511,0.079625,0.108086,1.461815,0.995618
