metric,real_mean,gen_mean,real_std,gen_std,real_median,gen_median,real_q10,gen_q10,real_q90,gen_q90,mean_ratio_gen_over_real,std_ratio_gen_over_real
step_norm_all,0.241194,0.213532,0.189435,0.162399,0.233449,0.183834,0.006471,0.028556,0.496139,0.451631,0.885311,0.857277
avg_speed,0.241194,0.213532,0.175639,0.127361,0.230006,0.194866,0.008275,0.068698,0.478425,0.407955,0.885311,0.725131
total_length,4.582688,4.057105,3.337133,2.419859,4.370111,3.702457,0.157228,1.305269,9.090078,7.751138,0.885311,0.725131
endpoint_displacement,4.372882,3.404353,3.318358,2.439055,4.101030,2.755691,0.141720,0.810763,8.947489,7.204150,0.778515,0.735019
moving_ratio_global,0.897918,0.997122,0.288615,0.017479,1.000000,1.000000,0.473684,1.000000,1.000000,1.000000,1.110482,0.060561
propulsion_ratio,0.932410,0.798758,0.126672,0.198048,0.978716,0.869067,0.818072,0.488468,0.999063,0.981436,0.856660,1.563467
acc_rms,0.042321,0.064667,0.030154,0.026666,0.040234,0.061900,0.000295,0.031800,0.075341,0.099365,1.528029,0.884315
