metric,real_mean,gen_mean,real_std,gen_std,real_median,gen_median,real_q10,gen_q10,real_q90,gen_q90,mean_ratio_gen_over_real,std_ratio_gen_over_real
step_norm_all,0.297809,0.273230,0.169263,0.159744,0.295434,0.253934,0.060806,0.076520,0.515072,0.502038,0.917468,0.943767
avg_speed,0.297809,0.273230,0.149933,0.121476,0.288647,0.256957,0.103042,0.133190,0.496821,0.455450,0.917468,0.810201
total_length,5.658366,5.191370,2.848725,2.308041,5.484285,4.882179,1.957789,2.530602,9.439590,8.653558,0.917468,0.810201
endpoint_displacement,5.406358,4.251782,2.899876,2.599317,5.178068,3.838003,1.677124,1.229580,9.287703,8.258786,0.786441,0.896355
moving_ratio_global,0.898228,0.930407,0.201262,0.129587,1.000000,1.000000,0.526316,0.736842,1.000000,1.000000,1.035825,0.643869
propulsion_ratio,0.936432,0.775096,0.114091,0.228782,0.976247,0.870131,0.841869,0.393215,0.996548,0.985318,0.827712,2.005264
acc_rms,0.050731,0.071814,0.027135,0.023348,0.045872,0.067751,0.024890,0.044719,0.079625,0.101408,1.415579,0.860462
