metric,real_mean,gen_mean,real_std,gen_std,real_median,gen_median,real_q10,gen_q10,real_q90,gen_q90,mean_ratio_gen_over_real,std_ratio_gen_over_real
step_norm_all,0.457512,0.390092,0.329879,0.247213,0.441475,0.338616,0.000000,0.125010,0.925991,0.722625,0.852639,0.749405
avg_speed,0.457512,0.390092,0.272661,0.121361,0.418445,0.362489,0.123851,0.259914,0.877419,0.549620,0.852639,0.445100
total_length,8.692724,7.411752,5.180553,2.305865,7.950448,6.887282,2.353162,4.938369,16.670958,10.442781,0.852639,0.445100
endpoint_displacement,7.973837,4.542934,5.615133,2.978114,7.763221,3.919652,0.798311,1.356476,16.344006,8.723855,0.569730,0.530373
moving_ratio_global,0.790197,0.926912,0.243641,0.072728,0.947368,0.947368,0.421053,0.842105,1.000000,1.000000,1.173014,0.298506
propulsion_ratio,0.815223,0.576401,0.267608,0.245779,0.955607,0.582989,0.319247,0.232341,0.993510,0.905831,0.707047,0.918432
acc_rms,0.184270,0.315369,0.060043,0.049829,0.187291,0.315058,0.102252,0.253253,0.263860,0.376744,1.711449,0.829893
