metric,real_mean,gen_mean,real_std,gen_std,real_median,gen_median,real_q10,gen_q10,real_q90,gen_q90,mean_ratio_gen_over_real,std_ratio_gen_over_real
step_norm_all,0.267643,0.244192,0.181326,0.163979,0.264414,0.226566,0.018228,0.038665,0.504691,0.477221,0.912383,0.904334
avg_speed,0.267643,0.244192,0.165175,0.127254,0.257959,0.230514,0.047254,0.090257,0.487699,0.424870,0.912383,0.770420
total_length,5.085209,4.639657,3.138323,2.417826,4.901214,4.379775,0.897828,1.714877,9.266287,8.072524,0.912383,0.770420
endpoint_displacement,4.852273,3.869738,3.152350,2.543718,4.599544,3.367143,0.672422,0.937560,9.114501,7.642020,0.797510,0.806928
moving_ratio_global,0.898183,0.969778,0.252238,0.080211,1.000000,1.000000,0.473684,0.894737,1.000000,1.000000,1.079710,0.317999
propulsion_ratio,0.927280,0.793196,0.129429,0.217443,0.975040,0.887946,0.806641,0.454115,0.997064,0.985374,0.855401,1.680015
acc_rms,0.046971,0.064655,0.028177,0.024234,0.043216,0.061445,0.018778,0.035933,0.077469,0.097561,1.376507,0.860056
