metric,real_mean,gen_mean,real_std,gen_std,real_median,gen_median,real_q10,gen_q10,real_q90,gen_q90,mean_ratio_gen_over_real,std_ratio_gen_over_real
step_norm_all,0.297809,0.275701,0.169263,0.159042,0.295434,0.259424,0.060806,0.075680,0.515072,0.502487,0.925765,0.939618
avg_speed,0.297809,0.275701,0.149933,0.121958,0.288647,0.261315,0.103042,0.130654,0.496821,0.454681,0.925765,0.813418
total_length,5.658366,5.238319,2.848725,2.317204,5.484285,4.964981,1.957789,2.482429,9.439590,8.638931,0.925765,0.813418
endpoint_displacement,5.406358,4.300703,2.899876,2.623820,5.178068,3.825193,1.677124,1.234761,9.287703,8.190292,0.795490,0.904804
moving_ratio_global,0.898228,0.927118,0.201262,0.133360,1.000000,1.000000,0.526316,0.736842,1.000000,1.000000,1.032163,0.662616
propulsion_ratio,0.936432,0.778622,0.114091,0.232910,0.976247,0.877203,0.841869,0.399823,0.996548,0.987537,0.831477,2.041443
acc_rms,0.050731,0.067175,0.027135,0.022016,0.045872,0.063265,0.024890,0.040405,0.079625,0.095373,1.324142,0.811350
