metric,real_mean,gen_mean,real_std,gen_std,real_median,gen_median,real_q10,gen_q10,real_q90,gen_q90,mean_ratio_gen_over_real,std_ratio_gen_over_real
step_norm_all,0.328220,0.292279,0.156690,0.150358,0.327603,0.282138,0.122032,0.098824,0.524123,0.496789,0.890499,0.959592
avg_speed,0.328220,0.292279,0.135084,0.111653,0.318897,0.282967,0.155074,0.162431,0.508050,0.448330,0.890499,0.826546
total_length,6.236176,5.553308,2.566587,2.121403,6.059034,5.376364,2.946410,3.086191,9.652952,8.518267,0.890499,0.826546
endpoint_displacement,5.980539,4.542430,2.635707,2.499405,5.753386,4.201096,2.668038,1.501550,9.500957,8.133442,0.759535,0.948286
moving_ratio_global,0.898887,0.857113,0.177121,0.190851,1.000000,0.947368,0.578947,0.578947,1.000000,1.000000,0.953528,1.077523
propulsion_ratio,0.947851,0.782823,0.095055,0.224278,0.979110,0.874859,0.874903,0.442976,0.996812,0.986972,0.825892,2.359462
acc_rms,0.051887,0.075780,0.027227,0.024844,0.047283,0.071628,0.025461,0.046869,0.081313,0.106528,1.460493,0.912483
