metric,real_mean,gen_mean,real_std,gen_std,real_median,gen_median,real_q10,gen_q10,real_q90,gen_q90,mean_ratio_gen_over_real,std_ratio_gen_over_real
step_norm_all,0.241194,0.240832,0.189435,0.173006,0.233449,0.225822,0.006471,0.028033,0.496139,0.485960,0.998497,0.913270
avg_speed,0.241194,0.240832,0.175639,0.136325,0.230006,0.223227,0.008275,0.072943,0.478425,0.442921,0.998497,0.776167
total_length,4.582688,4.575799,3.337133,2.590172,4.370111,4.241320,0.157228,1.385913,9.090078,8.415490,0.998497,0.776167
endpoint_displacement,4.372882,3.841498,3.318358,2.629061,4.101030,3.316290,0.141720,0.777701,8.947489,7.767478,0.878482,0.792277
moving_ratio_global,0.897918,0.990132,0.288615,0.038782,1.000000,1.000000,0.473684,0.947368,1.000000,1.000000,1.102698,0.134374
propulsion_ratio,0.932410,0.800374,0.126672,0.206366,0.978716,0.890003,0.818072,0.452751,0.999063,0.983562,0.858393,1.629140
acc_rms,0.042321,0.069192,0.030154,0.029723,0.040234,0.065213,0.000295,0.037370,0.075341,0.106340,1.634960,0.985686
