metric,real_mean,gen_mean,real_std,gen_std,real_median,gen_median,real_q10,gen_q10,real_q90,gen_q90,mean_ratio_gen_over_real,std_ratio_gen_over_real
step_norm_all,0.328220,0.284572,0.156690,0.148301,0.327603,0.274303,0.122032,0.096011,0.524123,0.489708,0.867017,0.946461
avg_speed,0.328220,0.284572,0.135084,0.110913,0.318897,0.274543,0.155074,0.154463,0.508050,0.444293,0.867017,0.821070
total_length,6.236176,5.406874,2.566587,2.107348,6.059034,5.216318,2.946410,2.934790,9.652952,8.441564,0.867018,0.821070
endpoint_displacement,5.980539,4.429369,2.635707,2.470109,5.753386,4.213357,2.668038,1.366027,9.500957,8.010336,0.740630,0.937171
moving_ratio_global,0.898887,0.846114,0.177121,0.200037,1.000000,0.947368,0.578947,0.578947,1.000000,1.000000,0.941291,1.129385
propulsion_ratio,0.947851,0.781039,0.095055,0.232995,0.979110,0.882953,0.874903,0.396800,0.996812,0.986061,0.824010,2.451169
acc_rms,0.051887,0.072984,0.027227,0.024084,0.047283,0.068952,0.025461,0.044765,0.081313,0.103544,1.406601,0.884573
