metric,real_mean,gen_mean,real_std,gen_std,real_median,gen_median,real_q10,gen_q10,real_q90,gen_q90,mean_ratio_gen_over_real,std_ratio_gen_over_real
step_norm_all,0.328220,0.297723,0.156690,0.152594,0.327603,0.288135,0.122032,0.102648,0.524123,0.508478,0.907085,0.973859
avg_speed,0.328220,0.297723,0.135084,0.114188,0.318897,0.283478,0.155074,0.161004,0.508050,0.456078,0.907085,0.845314
total_length,6.236176,5.656740,2.566587,2.169572,6.059034,5.386084,2.946410,3.059069,9.652952,8.665491,0.907085,0.845314
endpoint_displacement,5.980539,4.673004,2.635707,2.563668,5.753386,4.282994,2.668038,1.603651,9.500957,8.350132,0.781368,0.972668
moving_ratio_global,0.898887,0.864823,0.177121,0.184528,1.000000,0.947368,0.578947,0.584211,1.000000,1.000000,0.962105,1.041819
propulsion_ratio,0.947851,0.791943,0.095055,0.223441,0.979110,0.887426,0.874903,0.457008,0.996812,0.988624,0.835514,2.350657
acc_rms,0.051887,0.073036,0.027227,0.023213,0.047283,0.069225,0.025461,0.045766,0.081313,0.104377,1.407609,0.852556
