metric,real_mean,gen_mean,real_std,gen_std,real_median,gen_median,real_q10,gen_q10,real_q90,gen_q90,mean_ratio_gen_over_real,std_ratio_gen_over_real
step_norm_all,0.267643,0.249512,0.181326,0.158457,0.264414,0.235981,0.018228,0.048187,0.504691,0.473045,0.932260,0.873877
avg_speed,0.267643,0.249512,0.165175,0.122599,0.257959,0.233906,0.047254,0.101849,0.487699,0.427718,0.932260,0.742238
total_length,5.085209,4.740737,3.138323,2.329381,4.901214,4.444223,0.897828,1.935125,9.266287,8.126635,0.932260,0.742238
endpoint_displacement,4.852273,3.937006,3.152350,2.512838,4.599544,3.497935,0.672422,0.985006,9.114501,7.753033,0.811373,0.797132
moving_ratio_global,0.898183,0.977590,0.252238,0.065591,1.000000,1.000000,0.473684,0.947368,1.000000,1.000000,1.088408,0.260036
propulsion_ratio,0.927280,0.788651,0.129429,0.218142,0.975040,0.877693,0.806641,0.444035,0.997064,0.986055,0.850500,1.685414
acc_rms,0.046971,0.066775,0.028177,0.024188,0.043216,0.063031,0.018778,0.038080,0.077469,0.099812,1.421634,0.858415
