metric,real_mean,gen_mean,real_std,gen_std,real_median,gen_median,real_q10,gen_q10,real_q90,gen_q90,mean_ratio_gen_over_real,std_ratio_gen_over_real
step_norm_all,0.267643,0.251103,0.181326,0.158529,0.264414,0.235068,0.018228,0.051690,0.504691,0.477182,0.938204,0.874275
avg_speed,0.267643,0.251103,0.165175,0.122747,0.257959,0.235420,0.047254,0.105393,0.487699,0.430521,0.938204,0.743135
total_length,5.085209,4.770962,3.138323,2.332197,4.901214,4.472975,0.897828,2.002475,9.266287,8.179891,0.938204,0.743135
endpoint_displacement,4.852273,3.971434,3.152350,2.501347,4.599544,3.540342,0.672422,1.035679,9.114501,7.591978,0.818469,0.793487
moving_ratio_global,0.898183,0.982422,0.252238,0.053137,1.000000,1.000000,0.473684,0.947368,1.000000,1.000000,1.093788,0.210664
propulsion_ratio,0.927280,0.792310,0.129429,0.208545,0.975040,0.878804,0.806641,0.457129,0.997064,0.984260,0.854446,1.611267
acc_rms,0.046971,0.067130,0.028177,0.023599,0.043216,0.063021,0.018778,0.039459,0.077469,0.098589,1.429197,0.837534
