metric,real_mean,gen_mean,real_std,gen_std,real_median,gen_median,real_q10,gen_q10,real_q90,gen_q90,mean_ratio_gen_over_real,std_ratio_gen_over_real
step_norm_all,0.297809,0.268635,0.169263,0.154615,0.295434,0.249956,0.060806,0.077636,0.515072,0.486803,0.902038,0.913460
avg_speed,0.297809,0.268635,0.149933,0.116403,0.288647,0.250474,0.103042,0.129118,0.496821,0.440662,0.902038,0.776365
total_length,5.658366,5.104059,2.848725,2.211649,5.484285,4.759011,1.957789,2.453245,9.439590,8.372570,0.902038,0.776365
endpoint_displacement,5.406358,4.164335,2.899876,2.516762,5.178068,3.750357,1.677124,1.251640,9.287703,7.842134,0.770266,0.867886
moving_ratio_global,0.898228,0.928248,0.201262,0.128930,1.000000,1.000000,0.526316,0.742105,1.000000,1.000000,1.033422,0.640604
propulsion_ratio,0.936432,0.773632,0.114091,0.232526,0.976247,0.875330,0.841869,0.409731,0.996548,0.986733,0.826148,2.038078
acc_rms,0.050731,0.074149,0.027135,0.024561,0.045872,0.069621,0.024890,0.045338,0.079625,0.105426,1.461624,0.905167
