{
  "ADE": 0.01573602668941021,
  "FDE": 0.004442174918949604,
  "RMSE": 0.025892769917845726,
  "method_name": "savgol",
  "num_samples": 36073,
  "sequence_length": 20
}