metric,real_mean,gen_mean,real_std,gen_std,real_median,gen_median,real_q10,gen_q10,real_q90,gen_q90,mean_ratio_gen_over_real,std_ratio_gen_over_real
step_norm_all,0.241194,0.218048,0.189435,0.171322,0.233449,0.185646,0.006471,0.023847,0.496139,0.470801,0.904036,0.904381
avg_speed,0.241194,0.218048,0.175639,0.136043,0.230006,0.198958,0.008275,0.055437,0.478425,0.415433,0.904036,0.774560
total_length,4.582688,4.142917,3.337133,2.584811,4.370111,3.780208,0.157228,1.053305,9.090078,7.893236,0.904036,0.774560
endpoint_displacement,4.372882,3.525370,3.318358,2.618720,4.101030,2.838522,0.141720,0.563144,8.947489,7.574848,0.806189,0.789161
moving_ratio_global,0.897918,0.989104,0.288615,0.036188,1.000000,1.000000,0.473684,0.947368,1.000000,1.000000,1.101553,0.125386
propulsion_ratio,0.932410,0.800946,0.126672,0.203868,0.978716,0.887257,0.818072,0.479893,0.999063,0.984824,0.859007,1.609414
acc_rms,0.042321,0.062657,0.030154,0.025802,0.040234,0.060363,0.000295,0.030824,0.075341,0.096446,1.480529,0.855671
