metric,real_mean,gen_mean,real_std,gen_std,real_median,gen_median,real_q10,gen_q10,real_q90,gen_q90,mean_ratio_gen_over_real,std_ratio_gen_over_real
step_norm_all,0.457512,0.377272,0.329879,0.232265,0.441475,0.332028,0.000000,0.116233,0.925991,0.705285,0.824618,0.704091
avg_speed,0.457512,0.377272,0.272661,0.140885,0.418445,0.347298,0.123851,0.215006,0.877419,0.574647,0.824618,0.516703
total_length,8.692724,7.168175,5.180553,2.676806,7.950448,6.598658,2.353162,4.085116,16.670958,10.918283,0.824618,0.516703
endpoint_displacement,7.973837,5.308757,5.615133,3.367780,7.763221,4.797162,0.798311,1.304168,16.344006,10.193465,0.665772,0.599769
moving_ratio_global,0.790197,0.917249,0.243641,0.086135,0.947368,0.947368,0.421053,0.789474,1.000000,1.000000,1.160785,0.353534
propulsion_ratio,0.815223,0.693917,0.267608,0.266978,0.955607,0.788492,0.319247,0.258039,0.993510,0.968457,0.851198,0.997649
acc_rms,0.184270,0.207127,0.060043,0.031212,0.187291,0.206227,0.102252,0.169649,0.263860,0.245564,1.124038,0.519833
