metric,real_mean,gen_mean,real_std,gen_std,real_median,gen_median,real_q10,gen_q10,real_q90,gen_q90,mean_ratio_gen_over_real,std_ratio_gen_over_real
step_norm_all,0.297809,0.269281,0.169263,0.160920,0.295434,0.247273,0.060806,0.075135,0.515072,0.500538,0.904208,0.950711
avg_speed,0.297809,0.269281,0.149933,0.124659,0.288647,0.246763,0.103042,0.127410,0.496821,0.448116,0.904208,0.831435
total_length,5.658366,5.116338,2.848725,2.368530,5.484285,4.688498,1.957789,2.420792,9.439590,8.514206,0.904208,0.831435
endpoint_displacement,5.406358,4.251704,2.899876,2.643442,5.178068,3.806797,1.677124,1.210908,9.287703,8.315860,0.786427,0.911571
moving_ratio_global,0.898228,0.928351,0.201262,0.133135,1.000000,1.000000,0.526316,0.736842,1.000000,1.000000,1.033537,0.661501
propulsion_ratio,0.936432,0.787029,0.114091,0.228711,0.976247,0.894746,0.841869,0.395375,0.996548,0.986960,0.840454,2.004640
acc_rms,0.050731,0.064029,0.027135,0.020960,0.045872,0.061244,0.024890,0.039758,0.079625,0.092141,1.262126,0.772438
