metric,real_mean,gen_mean,real_std,gen_std,real_median,gen_median,real_q10,gen_q10,real_q90,gen_q90,mean_ratio_gen_over_real,std_ratio_gen_over_real
step_norm_all,0.241194,0.240069,0.189435,0.173487,0.233449,0.214535,0.006471,0.028882,0.496139,0.492575,0.995336,0.915811
avg_speed,0.241194,0.240069,0.175639,0.136485,0.230006,0.219323,0.008275,0.078794,0.478425,0.444504,0.995336,0.777077
total_length,4.582688,4.561313,3.337133,2.593210,4.370111,4.167132,0.157228,1.497085,9.090078,8.445567,0.995336,0.777077
endpoint_displacement,4.372882,3.837303,3.318358,2.692250,4.101030,3.177965,0.141720,0.839867,8.947489,7.861895,0.877523,0.811320
moving_ratio_global,0.897918,0.991262,0.288615,0.031798,1.000000,1.000000,0.473684,1.000000,1.000000,1.000000,1.103957,0.110175
propulsion_ratio,0.932410,0.795623,0.126672,0.212341,0.978716,0.883538,0.818072,0.447327,0.999063,0.984920,0.853298,1.676307
acc_rms,0.042321,0.068731,0.030154,0.025951,0.040234,0.065123,0.000295,0.039214,0.075341,0.101164,1.624058,0.860599
