metric,real_mean,gen_mean,real_std,gen_std,real_median,gen_median,real_q10,gen_q10,real_q90,gen_q90,mean_ratio_gen_over_real,std_ratio_gen_over_real
step_norm_all,0.267643,0.255303,0.181326,0.160276,0.264414,0.241059,0.018228,0.050465,0.504691,0.483257,0.953894,0.883912
avg_speed,0.267643,0.255303,0.165175,0.123663,0.257959,0.245544,0.047254,0.103992,0.487699,0.436816,0.953894,0.748679
total_length,5.085209,4.850753,3.138323,2.349597,4.901214,4.665339,0.897828,1.975851,9.266287,8.299506,0.953894,0.748679
endpoint_displacement,4.852273,4.037436,3.152350,2.541927,4.599544,3.639761,0.672422,1.099686,9.114501,7.858440,0.832071,0.806359
moving_ratio_global,0.898183,0.982216,0.252238,0.049152,1.000000,1.000000,0.473684,0.947368,1.000000,1.000000,1.093559,0.194865
propulsion_ratio,0.927280,0.789668,0.129429,0.217777,0.975040,0.881887,0.806641,0.418095,0.997064,0.985442,0.851597,1.682589
acc_rms,0.046971,0.069212,0.028177,0.022685,0.043216,0.067591,0.018778,0.041329,0.077469,0.099206,1.473514,0.805090
