metric,real_mean,gen_mean,real_std,gen_std,real_median,gen_median,real_q10,gen_q10,real_q90,gen_q90,mean_ratio_gen_over_real,std_ratio_gen_over_real
step_norm_all,0.241194,0.238675,0.189435,0.169684,0.233449,0.223675,0.006471,0.027804,0.496139,0.479530,0.989555,0.895737
avg_speed,0.241194,0.238675,0.175639,0.133578,0.230006,0.221158,0.008275,0.069788,0.478425,0.436386,0.989555,0.760528
total_length,4.582688,4.534823,3.337133,2.537984,4.370111,4.202005,0.157228,1.325980,9.090078,8.291325,0.989555,0.760528
endpoint_displacement,4.372882,3.803506,3.318358,2.610156,4.101030,3.267365,0.141720,0.780772,8.947489,7.775414,0.869794,0.786580
moving_ratio_global,0.897918,0.992290,0.288615,0.031208,1.000000,1.000000,0.473684,1.000000,1.000000,1.000000,1.105102,0.108130
propulsion_ratio,0.932410,0.796194,0.126672,0.212749,0.978716,0.880514,0.818072,0.484292,0.999063,0.985208,0.853910,1.679530
acc_rms,0.042321,0.067454,0.030154,0.026544,0.040234,0.063783,0.000295,0.035868,0.075341,0.102079,1.593892,0.880258
