metric,real_mean,gen_mean,real_std,gen_std,real_median,gen_median,real_q10,gen_q10,real_q90,gen_q90,mean_ratio_gen_over_real,std_ratio_gen_over_real
step_norm_all,0.267643,0.245081,0.181326,0.157561,0.264414,0.224654,0.018228,0.051043,0.504691,0.468518,0.915703,0.868940
avg_speed,0.267643,0.245081,0.165175,0.122074,0.257959,0.225302,0.047254,0.101545,0.487699,0.421081,0.915703,0.739061
total_length,5.085209,4.656542,3.138323,2.319413,4.901214,4.280743,0.897828,1.929350,9.266287,8.000535,0.915703,0.739061
endpoint_displacement,4.852273,3.864960,3.152350,2.497496,4.599544,3.431856,0.672422,1.179814,9.114501,7.658101,0.796526,0.792265
moving_ratio_global,0.898183,0.979749,0.252238,0.058160,1.000000,1.000000,0.473684,0.947368,1.000000,1.000000,1.090812,0.230575
propulsion_ratio,0.927280,0.786925,0.129429,0.223018,0.975040,0.887917,0.806641,0.429248,0.997064,0.986255,0.848638,1.723084
acc_rms,0.046971,0.064884,0.028177,0.021007,0.043216,0.061900,0.018778,0.039861,0.077469,0.093027,1.381372,0.745522
