variant,mean_best_val_loss,std_best_val_loss,min_best_val_loss,max_best_val_loss,mean_best_epoch,std_best_epoch,mean_step_norm_all_ratio,std_step_norm_all_ratio,mean_total_length_ratio,std_total_length_ratio,mean_endpoint_displacement_ratio,std_endpoint_displacement_ratio,mean_acc_rms_ratio,std_acc_rms_ratio,mean_mrs4,std_mrs4
none,0.087237,0.000076,0.087130,0.087299,84.666667,13.097922,0.925084,0.034496,0.925084,0.034496,0.813527,0.023488,1.475712,0.050636,0.203004,0.011241
q10,0.093561,0.000576,0.092876,0.094285,89.666667,7.760298,0.899572,0.012607,0.899572,0.012607,0.786558,0.010096,1.400363,0.020353,0.203665,0.011139
q20,0.099767,0.000530,0.099376,0.100516,75.333333,4.496913,0.903678,0.028721,0.903678,0.028721,0.773968,0.026037,1.446099,0.060320,0.216194,0.007495
q30,0.101868,0.001521,0.099745,0.103233,84.000000,8.524475,0.899592,0.037267,0.899592,0.037267,0.776046,0.025460,1.413448,0.102911,0.209554,0.004937
