metric,real_mean,gen_mean,real_std,gen_std,real_median,gen_median,real_q10,gen_q10,real_q90,gen_q90,mean_ratio_gen_over_real,std_ratio_gen_over_real
step_norm_all,0.241194,0.208977,0.189435,0.162258,0.233449,0.181362,0.006471,0.022045,0.496139,0.443426,0.866426,0.856536
avg_speed,0.241194,0.208977,0.175639,0.127942,0.230006,0.189542,0.008275,0.056010,0.478425,0.386587,0.866426,0.728437
total_length,4.582688,3.970561,3.337133,2.430892,4.370111,3.601297,0.157228,1.064192,9.090078,7.345157,0.866426,0.728437
endpoint_displacement,4.372882,3.356609,3.318358,2.465266,4.101030,2.617933,0.141720,0.665151,8.947489,7.129097,0.767597,0.742917
moving_ratio_global,0.897918,0.986534,0.288615,0.043732,1.000000,1.000000,0.473684,0.947368,1.000000,1.000000,1.098691,0.151522
propulsion_ratio,0.932410,0.801135,0.126672,0.201726,0.978716,0.885033,0.818072,0.487323,0.999063,0.983664,0.859209,1.592509
acc_rms,0.042321,0.059918,0.030154,0.024358,0.040234,0.057981,0.000295,0.029513,0.075341,0.091711,1.415807,0.807770
