degradation,traj_idx,method,t_start,ADE,RMSE,smooth,noisy_ADE,noisy_RMSE,noisy_smooth,kalman_ADE,kalman_RMSE,kalman_smooth,delta_ADE_vs_noisy,delta_RMSE_vs_noisy,delta_smooth_vs_noisy,delta_ADE_vs_kalman,delta_RMSE_vs_kalman,delta_smooth_vs_kalman,improved_ADE_vs_noisy,improved_RMSE_vs_noisy,improved_smooth_vs_noisy,improved_ADE_vs_kalman,improved_RMSE_vs_kalman,improved_smooth_vs_kalman
gaussian_medium,0,noisy_input,-1,0.05268967151641846,0.057725291699171066,0.25759485363960266,0.05268967151641846,0.057725291699171066,0.25759485363960266,0.12529787421226501,0.14517368376255035,0.15431571006774902,0.0,0.0,0.0,-0.07260820269584656,-0.08744838833808899,0.10327914357185364,False,False,False,True,True,False
gaussian_medium,1,noisy_input,-1,0.06313766539096832,0.07085802406072617,0.21430154144763947,0.06313766539096832,0.07085802406072617,0.21430154144763947,0.0972161591053009,0.10865356028079987,0.10967317223548889,0.0,0.0,0.0,-0.03407849371433258,-0.0377955362200737,0.10462836921215057,False,False,False,True,True,False
gaussian_medium,2,noisy_input,-1,0.051779210567474365,0.05571683496236801,0.4836506247520447,0.051779210567474365,0.05571683496236801,0.4836506247520447,0.09375806152820587,0.11739296466112137,0.1759970486164093,0.0,0.0,0.0,-0.041978850960731506,-0.06167612969875336,0.3076535761356354,False,False,False,True,True,False
gaussian_medium,3,noisy_input,-1,0.05588671565055847,0.061272185295820236,0.15313297510147095,0.05588671565055847,0.061272185295820236,0.15313297510147095,0.07630807906389236,0.10413453727960587,0.08461419492959976,0.0,0.0,0.0,-0.020421363413333893,-0.04286235198378563,0.06851878017187119,False,False,False,True,True,False
gaussian_medium,4,noisy_input,-1,0.05658530071377754,0.06404129415750504,0.1726716309785843,0.05658530071377754,0.06404129415750504,0.1726716309785843,0.05667905882000923,0.07265491038560867,0.0768871083855629,0.0,0.0,0.0,-9.375810623168945e-05,-0.008613616228103638,0.09578452259302139,False,False,False,True,True,False
gaussian_medium,5,noisy_input,-1,0.06796588748693466,0.07432424277067184,0.16809971630573273,0.06796588748693466,0.07432424277067184,0.16809971630573273,0.12682223320007324,0.15358968079090118,0.09472231566905975,0.0,0.0,0.0,-0.05885634571313858,-0.07926543802022934,0.07337740063667297,False,False,False,True,True,False
gaussian_medium,6,noisy_input,-1,0.056925155222415924,0.06360159814357758,0.46997445821762085,0.056925155222415924,0.06360159814357758,0.46997445821762085,0.11094464361667633,0.1248965859413147,0.17236582934856415,0.0,0.0,0.0,-0.054019488394260406,-0.06129498779773712,0.2976086139678955,False,False,False,True,True,False
gaussian_medium,7,noisy_input,-1,0.06172262877225876,0.07102378457784653,0.2411469668149948,0.06172262877225876,0.07102378457784653,0.2411469668149948,0.07777988165616989,0.09143956750631332,0.09678444266319275,0.0,0.0,0.0,-0.016057252883911133,-0.020415782928466797,0.14436252415180206,False,False,False,True,True,False
gaussian_medium,8,noisy_input,-1,0.06060759350657463,0.0739072784781456,0.19851376116275787,0.06060759350657463,0.0739072784781456,0.19851376116275787,0.13667991757392883,0.1608559936285019,0.12941202521324158,0.0,0.0,0.0,-0.0760723203420639,-0.08694871515035629,0.0691017359495163,False,False,False,True,True,False
gaussian_medium,9,noisy_input,-1,0.0659550279378891,0.07036367803812027,0.19999346137046814,0.0659550279378891,0.07036367803812027,0.19999346137046814,0.05514400452375412,0.061181992292404175,0.08773085474967957,0.0,0.0,0.0,0.01081102341413498,0.009181685745716095,0.11226260662078857,False,False,False,False,False,False
gaussian_medium,10,noisy_input,-1,0.05687336251139641,0.06923065334558487,0.16831055283546448,0.05687336251139641,0.06923065334558487,0.16831055283546448,0.07535805553197861,0.1050732284784317,0.0868905708193779,0.0,0.0,0.0,-0.0184846930205822,-0.03584257513284683,0.08141998201608658,False,False,False,True,True,False
gaussian_medium,11,noisy_input,-1,0.06904856115579605,0.08011011779308319,0.4834783971309662,0.06904856115579605,0.08011011779308319,0.4834783971309662,0.1125505343079567,0.1267641931772232,0.1888846904039383,0.0,0.0,0.0,-0.043501973152160645,-0.046654075384140015,0.2945936918258667,False,False,False,True,True,False
gaussian_medium,12,noisy_input,-1,0.06322519481182098,0.07269512861967087,0.44773557782173157,0.06322519481182098,0.07269512861967087,0.44773557782173157,0.0953829437494278,0.10913003236055374,0.16458579897880554,0.0,0.0,0.0,-0.03215774893760681,-0.036434903740882874,0.283149778842926,False,False,False,True,True,False
gaussian_medium,13,noisy_input,-1,0.07754329591989517,0.08461974561214447,0.1705045998096466,0.07754329591989517,0.08461974561214447,0.1705045998096466,0.06686224043369293,0.07405371218919754,0.0764070525765419,0.0,0.0,0.0,0.01068105548620224,0.01056603342294693,0.0940975472331047,False,False,False,False,False,False
gaussian_medium,14,noisy_input,-1,0.0635475218296051,0.07099167257547379,0.17696505784988403,0.0635475218296051,0.07099167257547379,0.17696505784988403,0.12212444841861725,0.13505029678344727,0.11139941215515137,0.0,0.0,0.0,-0.058576926589012146,-0.06405862420797348,0.06556564569473267,False,False,False,True,True,False
gaussian_medium,15,noisy_input,-1,0.06149406358599663,0.06745760887861252,0.19606755673885345,0.06149406358599663,0.06745760887861252,0.19606755673885345,0.11168408393859863,0.12970519065856934,0.1057356670498848,0.0,0.0,0.0,-0.050190020352602005,-0.06224758177995682,0.09033188968896866,False,False,False,True,True,False
gaussian_medium,16,noisy_input,-1,0.0525021068751812,0.06145070493221283,0.18295051157474518,0.0525021068751812,0.06145070493221283,0.18295051157474518,0.05643541365861893,0.07842373102903366,0.0731649100780487,0.0,0.0,0.0,-0.003933306783437729,-0.01697302609682083,0.10978560149669647,False,False,False,True,True,False
gaussian_medium,17,noisy_input,-1,0.06533661484718323,0.06932801753282547,0.1858934462070465,0.06533661484718323,0.06932801753282547,0.1858934462070465,0.06839462369680405,0.07974874973297119,0.09814289212226868,0.0,0.0,0.0,-0.003058008849620819,-0.010420732200145721,0.08775055408477783,False,False,False,True,True,False
gaussian_medium,18,noisy_input,-1,0.06372842937707901,0.07014530897140503,0.24260497093200684,0.06372842937707901,0.07014530897140503,0.24260497093200684,0.08144915848970413,0.09828464686870575,0.10069424659013748,0.0,0.0,0.0,-0.017720729112625122,-0.02813933789730072,0.14191073179244995,False,False,False,True,True,False
gaussian_medium,19,noisy_input,-1,0.06326358020305634,0.07194865494966507,0.5803443789482117,0.06326358020305634,0.07194865494966507,0.5803443789482117,0.10456264019012451,0.12385936826467514,0.20973414182662964,0.0,0.0,0.0,-0.041299059987068176,-0.05191071331501007,0.37061023712158203,False,False,False,True,True,False
gaussian_medium,20,noisy_input,-1,0.05830741673707962,0.06681666523218155,0.1485026627779007,0.05830741673707962,0.06681666523218155,0.1485026627779007,0.09243113547563553,0.1133967712521553,0.0828932523727417,0.0,0.0,0.0,-0.03412371873855591,-0.046580106019973755,0.065609410405159,False,False,False,True,True,False
gaussian_medium,21,noisy_input,-1,0.06869306415319443,0.07604878395795822,0.17002573609352112,0.06869306415319443,0.07604878395795822,0.17002573609352112,0.08594666421413422,0.09556233137845993,0.09044021368026733,0.0,0.0,0.0,-0.01725360006093979,-0.01951354742050171,0.07958552241325378,False,False,False,True,True,False
gaussian_medium,22,noisy_input,-1,0.06361999362707138,0.06911365687847137,0.1777394413948059,0.06361999362707138,0.06911365687847137,0.1777394413948059,0.04468679428100586,0.05039234459400177,0.08038172125816345,0.0,0.0,0.0,0.01893319934606552,0.018721312284469604,0.09735772013664246,False,False,False,False,False,False
gaussian_medium,23,noisy_input,-1,0.0694975033402443,0.07637134194374084,0.43005678057670593,0.0694975033402443,0.07637134194374084,0.43005678057670593,0.08421041071414948,0.0959165170788765,0.15948551893234253,0.0,0.0,0.0,-0.014712907373905182,-0.01954517513513565,0.2705712616443634,False,False,False,True,True,False
gaussian_medium,24,noisy_input,-1,0.06091035529971123,0.06678153574466705,0.16263523697853088,0.06091035529971123,0.06678153574466705,0.16263523697853088,0.05886750668287277,0.06911837309598923,0.06910611689090729,0.0,0.0,0.0,0.002042848616838455,-0.002336837351322174,0.0935291200876236,False,False,False,False,True,False
gaussian_medium,25,noisy_input,-1,0.06001255661249161,0.06595594435930252,0.18232184648513794,0.06001255661249161,0.06595594435930252,0.18232184648513794,0.07961530238389969,0.09095113724470139,0.09747947007417679,0.0,0.0,0.0,-0.01960274577140808,-0.024995192885398865,0.08484237641096115,False,False,False,True,True,False
gaussian_medium,26,noisy_input,-1,0.06416813284158707,0.07222946733236313,0.16826771199703217,0.06416813284158707,0.07222946733236313,0.16826771199703217,0.08551899343729019,0.10191495716571808,0.07804542034864426,0.0,0.0,0.0,-0.021350860595703125,-0.02968548983335495,0.09022229164838791,False,False,False,True,True,False
gaussian_medium,27,noisy_input,-1,0.053119100630283356,0.06218366324901581,0.17524825036525726,0.053119100630283356,0.06218366324901581,0.17524825036525726,0.06460846215486526,0.0801643431186676,0.0858115702867508,0.0,0.0,0.0,-0.01148936152458191,-0.017980679869651794,0.08943668007850647,False,False,False,True,True,False
gaussian_medium,28,noisy_input,-1,0.06145323067903519,0.06438960134983063,0.31665515899658203,0.06145323067903519,0.06438960134983063,0.31665515899658203,0.08821259438991547,0.0985681563615799,0.11641392111778259,0.0,0.0,0.0,-0.02675936371088028,-0.03417855501174927,0.20024123787879944,False,False,False,True,True,False
gaussian_medium,29,noisy_input,-1,0.04525135084986687,0.049853064119815826,0.17828969657421112,0.04525135084986687,0.049853064119815826,0.17828969657421112,0.045068658888339996,0.0563717782497406,0.07350710779428482,0.0,0.0,0.0,0.00018269196152687073,-0.006518714129924774,0.1047825887799263,False,False,False,False,True,False
gaussian_medium,30,noisy_input,-1,0.05629705265164375,0.06097611039876938,0.15503937005996704,0.05629705265164375,0.06097611039876938,0.15503937005996704,0.03874734789133072,0.04543539509177208,0.07505912333726883,0.0,0.0,0.0,0.017549704760313034,0.0155407153069973,0.07998024672269821,False,False,False,False,False,False
gaussian_medium,31,noisy_input,-1,0.06441095471382141,0.0694565698504448,0.17235404253005981,0.06441095471382141,0.0694565698504448,0.17235404253005981,0.0803450345993042,0.10264239460229874,0.08220918476581573,0.0,0.0,0.0,-0.015934079885482788,-0.03318582475185394,0.09014485776424408,False,False,False,True,True,False
gaussian_medium,32,noisy_input,-1,0.048632748425006866,0.05626371130347252,0.1344148814678192,0.048632748425006866,0.05626371130347252,0.1344148814678192,0.03807102143764496,0.042552556842565536,0.05903628095984459,0.0,0.0,0.0,0.010561726987361908,0.013711154460906982,0.07537859678268433,False,False,False,False,False,False
gaussian_medium,33,noisy_input,-1,0.04978462681174278,0.0553671270608902,0.3969765901565552,0.04978462681174278,0.0553671270608902,0.3969765901565552,0.0897296816110611,0.11102332919836044,0.14385737478733063,0.0,0.0,0.0,-0.039945054799318314,-0.055656202137470245,0.25311923027038574,False,False,False,True,True,False
gaussian_medium,34,noisy_input,-1,0.06210090592503548,0.0672195628285408,0.16616785526275635,0.06210090592503548,0.0672195628285408,0.16616785526275635,0.05232954025268555,0.05817698314785957,0.07489174604415894,0.0,0.0,0.0,0.00977136567234993,0.009042579680681229,0.09127610921859741,False,False,False,False,False,False
gaussian_medium,35,noisy_input,-1,0.06946993619203568,0.07746315747499466,0.22422467172145844,0.06946993619203568,0.07746315747499466,0.22422467172145844,0.14610914885997772,0.16376319527626038,0.1328599750995636,0.0,0.0,0.0,-0.07663921266794205,-0.08630003780126572,0.09136469662189484,False,False,False,True,True,False
gaussian_medium,36,noisy_input,-1,0.0519719198346138,0.05791193246841431,0.12539997696876526,0.0519719198346138,0.05791193246841431,0.12539997696876526,0.06268937885761261,0.07699908316135406,0.0722174420952797,0.0,0.0,0.0,-0.01071745902299881,-0.01908715069293976,0.053182534873485565,False,False,False,True,True,False
gaussian_medium,37,noisy_input,-1,0.054066289216279984,0.060988396406173706,0.12783241271972656,0.054066289216279984,0.060988396406173706,0.12783241271972656,0.04616834223270416,0.05102914944291115,0.05837356299161911,0.0,0.0,0.0,0.007897946983575821,0.009959246963262558,0.06945884972810745,False,False,False,False,False,False
gaussian_medium,38,noisy_input,-1,0.05767141655087471,0.06649630516767502,0.1928032487630844,0.05767141655087471,0.06649630516767502,0.1928032487630844,0.112945057451725,0.13153612613677979,0.11281928420066833,0.0,0.0,0.0,-0.055273640900850296,-0.06503982096910477,0.07998396456241608,False,False,False,True,True,False
gaussian_medium,39,noisy_input,-1,0.058270812034606934,0.062285520136356354,0.14028388261795044,0.058270812034606934,0.062285520136356354,0.14028388261795044,0.057680100202560425,0.07361862808465958,0.0632728636264801,0.0,0.0,0.0,0.0005907118320465088,-0.011333107948303223,0.07701101899147034,False,False,False,False,True,False
gaussian_medium,40,noisy_input,-1,0.06381482630968094,0.07164228707551956,0.15788374841213226,0.06381482630968094,0.07164228707551956,0.15788374841213226,0.10869055986404419,0.1263016313314438,0.09038344025611877,0.0,0.0,0.0,-0.04487573355436325,-0.054659344255924225,0.06750030815601349,False,False,False,True,True,False
gaussian_medium,41,noisy_input,-1,0.04674428701400757,0.05210253968834877,0.2257722020149231,0.04674428701400757,0.05210253968834877,0.2257722020149231,0.055353861302137375,0.06928640604019165,0.0878952220082283,0.0,0.0,0.0,-0.008609574288129807,-0.01718386635184288,0.1378769874572754,False,False,False,True,True,False
gaussian_medium,42,noisy_input,-1,0.06890759617090225,0.07556033879518509,0.20640581846237183,0.06890759617090225,0.07556033879518509,0.20640581846237183,0.1428239643573761,0.16340617835521698,0.13068650662899017,0.0,0.0,0.0,-0.07391636818647385,-0.08784583956003189,0.07571931183338165,False,False,False,True,True,False
gaussian_medium,43,noisy_input,-1,0.05525180697441101,0.0630064457654953,0.5142030119895935,0.05525180697441101,0.0630064457654953,0.5142030119895935,0.1017882451415062,0.11514029651880264,0.1861364245414734,0.0,0.0,0.0,-0.046536438167095184,-0.05213385075330734,0.3280665874481201,False,False,False,True,True,False
gaussian_medium,44,noisy_input,-1,0.058719534426927567,0.06605015695095062,0.1930064558982849,0.058719534426927567,0.06605015695095062,0.1930064558982849,0.08014661073684692,0.09082065522670746,0.0960921049118042,0.0,0.0,0.0,-0.021427076309919357,-0.024770498275756836,0.09691435098648071,False,False,False,True,True,False
gaussian_medium,45,noisy_input,-1,0.05506425350904465,0.059542473405599594,0.1535624861717224,0.05506425350904465,0.059542473405599594,0.1535624861717224,0.06537096202373505,0.07719239592552185,0.07987998425960541,0.0,0.0,0.0,-0.0103067085146904,-0.017649922519922256,0.073682501912117,False,False,False,True,True,False
gaussian_medium,46,noisy_input,-1,0.06088675186038017,0.06547555327415466,0.21503746509552002,0.06088675186038017,0.06547555327415466,0.21503746509552002,0.06731045246124268,0.08105403184890747,0.08457271009683609,0.0,0.0,0.0,-0.006423700600862503,-0.015578478574752808,0.13046476244926453,False,False,False,True,True,False
gaussian_medium,47,noisy_input,-1,0.05681475251913071,0.06625670194625854,0.14031903445720673,0.05681475251913071,0.06625670194625854,0.14031903445720673,0.08783204853534698,0.10454528778791428,0.06935080885887146,0.0,0.0,0.0,-0.031017296016216278,-0.03828858584165573,0.07096822559833527,False,False,False,True,True,False
gaussian_medium,48,noisy_input,-1,0.06416036933660507,0.07090205699205399,0.33097895979881287,0.06416036933660507,0.07090205699205399,0.33097895979881287,0.06788663566112518,0.07316448539495468,0.12217546999454498,0.0,0.0,0.0,-0.003726266324520111,-0.002262428402900696,0.20880348980426788,False,False,False,True,True,False
gaussian_medium,49,noisy_input,-1,0.050704699009656906,0.055561307817697525,0.43534010648727417,0.050704699009656906,0.055561307817697525,0.43534010648727417,0.09345071017742157,0.11502446979284286,0.15426112711429596,0.0,0.0,0.0,-0.042746011167764664,-0.05946316197514534,0.2810789942741394,False,False,False,True,True,False
gaussian_medium,50,noisy_input,-1,0.06765604764223099,0.08247542381286621,0.15266388654708862,0.06765604764223099,0.08247542381286621,0.15266388654708862,0.06647457182407379,0.07735765725374222,0.07994630187749863,0.0,0.0,0.0,0.001181475818157196,0.005117766559123993,0.07271758466959,False,False,False,False,False,False
gaussian_medium,51,noisy_input,-1,0.05603696033358574,0.06232739984989166,0.15089493989944458,0.05603696033358574,0.06232739984989166,0.15089493989944458,0.07275380939245224,0.07833679765462875,0.07268514484167099,0.0,0.0,0.0,-0.0167168490588665,-0.01600939780473709,0.07820979505777359,False,False,False,True,True,False
gaussian_medium,52,noisy_input,-1,0.04654904827475548,0.05289354920387268,0.2181859165430069,0.04654904827475548,0.05289354920387268,0.2181859165430069,0.06380448490381241,0.07796647399663925,0.09404155611991882,0.0,0.0,0.0,-0.01725543662905693,-0.02507292479276657,0.12414436042308807,False,False,False,True,True,False
gaussian_medium,53,noisy_input,-1,0.05436959117650986,0.06369820237159729,0.15194040536880493,0.05436959117650986,0.06369820237159729,0.15194040536880493,0.08806419372558594,0.11524361371994019,0.08799830079078674,0.0,0.0,0.0,-0.03369460254907608,-0.051545411348342896,0.06394210457801819,False,False,False,True,True,False
gaussian_medium,54,noisy_input,-1,0.05588964745402336,0.06263424456119537,0.1693001240491867,0.05588964745402336,0.06263424456119537,0.1693001240491867,0.15330655872821808,0.17771892249584198,0.1391122192144394,0.0,0.0,0.0,-0.09741690754890442,-0.1150846779346466,0.030187904834747314,False,False,False,True,True,False
gaussian_medium,55,noisy_input,-1,0.0649377852678299,0.07140223681926727,0.221160426735878,0.0649377852678299,0.07140223681926727,0.221160426735878,0.13965657353401184,0.16711007058620453,0.13090240955352783,0.0,0.0,0.0,-0.07471878826618195,-0.09570783376693726,0.09025801718235016,False,False,False,True,True,False
gaussian_medium,56,noisy_input,-1,0.0474541038274765,0.054222606122493744,0.1410312056541443,0.0474541038274765,0.054222606122493744,0.1410312056541443,0.048608262091875076,0.0536445789039135,0.059951916337013245,0.0,0.0,0.0,-0.0011541582643985748,0.000578027218580246,0.08107928931713104,False,False,False,True,False,False
gaussian_medium,57,noisy_input,-1,0.05567995831370354,0.06225590035319328,0.17635172605514526,0.05567995831370354,0.06225590035319328,0.17635172605514526,0.10828615725040436,0.1300657093524933,0.09592897444963455,0.0,0.0,0.0,-0.05260619893670082,-0.0678098052740097,0.08042275160551071,False,False,False,True,True,False
gaussian_medium,58,noisy_input,-1,0.06290137022733688,0.06835019588470459,0.12769155204296112,0.06290137022733688,0.06835019588470459,0.12769155204296112,0.05568752437829971,0.06097133085131645,0.062678761780262,0.0,0.0,0.0,0.00721384584903717,0.007378865033388138,0.06501279026269913,False,False,False,False,False,False
gaussian_medium,59,noisy_input,-1,0.06501203775405884,0.07062306255102158,0.1676061749458313,0.06501203775405884,0.07062306255102158,0.1676061749458313,0.06937425583600998,0.08191487193107605,0.07579575479030609,0.0,0.0,0.0,-0.004362218081951141,-0.011291809380054474,0.09181042015552521,False,False,False,True,True,False
gaussian_medium,60,noisy_input,-1,0.07986714690923691,0.08753584325313568,0.3615890145301819,0.07986714690923691,0.08753584325313568,0.3615890145301819,0.09320569783449173,0.11541580408811569,0.1529051810503006,0.0,0.0,0.0,-0.013338550925254822,-0.02787996083498001,0.2086838334798813,False,False,False,True,True,False
gaussian_medium,61,noisy_input,-1,0.06355413794517517,0.07137571275234222,0.18731608986854553,0.06355413794517517,0.07137571275234222,0.18731608986854553,0.06705813854932785,0.07699379324913025,0.07850740849971771,0.0,0.0,0.0,-0.0035040006041526794,-0.005618080496788025,0.10880868136882782,False,False,False,True,True,False
gaussian_medium,62,noisy_input,-1,0.060209810733795166,0.06651534885168076,0.14791762828826904,0.060209810733795166,0.06651534885168076,0.14791762828826904,0.049396343529224396,0.053224124014377594,0.06488995999097824,0.0,0.0,0.0,0.01081346720457077,0.013291224837303162,0.0830276682972908,False,False,False,False,False,False
gaussian_medium,63,noisy_input,-1,0.06362495571374893,0.0706520825624466,0.17745628952980042,0.06362495571374893,0.0706520825624466,0.17745628952980042,0.0807112604379654,0.09007512778043747,0.0889793112874031,0.0,0.0,0.0,-0.01708630472421646,-0.019423045217990875,0.08847697824239731,False,False,False,True,True,False
gaussian_medium,64,noisy_input,-1,0.05301336571574211,0.06215537339448929,0.15553700923919678,0.05301336571574211,0.06215537339448929,0.15553700923919678,0.06648920476436615,0.08591584861278534,0.06633707135915756,0.0,0.0,0.0,-0.013475839048624039,-0.02376047521829605,0.08919993788003922,False,False,False,True,True,False
gaussian_medium,65,noisy_input,-1,0.06843168288469315,0.07318937033414841,0.21629437804222107,0.06843168288469315,0.07318937033414841,0.21629437804222107,0.10768786817789078,0.12152266502380371,0.10990932583808899,0.0,0.0,0.0,-0.03925618529319763,-0.048333294689655304,0.10638505220413208,False,False,False,True,True,False
gaussian_medium,66,noisy_input,-1,0.08183147758245468,0.09079550206661224,0.20187802612781525,0.08183147758245468,0.09079550206661224,0.20187802612781525,0.06862256675958633,0.0772557258605957,0.08954665809869766,0.0,0.0,0.0,0.013208910822868347,0.01353977620601654,0.11233136802911758,False,False,False,False,False,False
gaussian_medium,67,noisy_input,-1,0.04765406250953674,0.05380195751786232,0.15165942907333374,0.04765406250953674,0.05380195751786232,0.15165942907333374,0.08686287701129913,0.1036376878619194,0.08728952705860138,0.0,0.0,0.0,-0.03920881450176239,-0.04983573034405708,0.06436990201473236,False,False,False,True,True,False
gaussian_medium,68,noisy_input,-1,0.06450282037258148,0.07236339151859283,0.19587844610214233,0.06450282037258148,0.07236339151859283,0.19587844610214233,0.06210776045918465,0.07548367977142334,0.0870240181684494,0.0,0.0,0.0,0.0023950599133968353,-0.0031202882528305054,0.10885442793369293,False,False,False,False,True,False
gaussian_medium,69,noisy_input,-1,0.06581691652536392,0.0700242668390274,0.22751519083976746,0.06581691652536392,0.0700242668390274,0.22751519083976746,0.07174934446811676,0.08514843136072159,0.09439700841903687,0.0,0.0,0.0,-0.005932427942752838,-0.015124164521694183,0.1331181824207306,False,False,False,True,True,False
gaussian_medium,70,noisy_input,-1,0.06503480672836304,0.07312535494565964,0.26727980375289917,0.06503480672836304,0.07312535494565964,0.26727980375289917,0.07864745706319809,0.09715275466442108,0.10977312177419662,0.0,0.0,0.0,-0.013612650334835052,-0.024027399718761444,0.15750667452812195,False,False,False,True,True,False
gaussian_medium,71,noisy_input,-1,0.08243260532617569,0.09130103886127472,0.430653840303421,0.08243260532617569,0.09130103886127472,0.430653840303421,0.1076890379190445,0.12818403542041779,0.17079782485961914,0.0,0.0,0.0,-0.025256432592868805,-0.036882996559143066,0.2598560154438019,False,False,False,True,True,False
gaussian_medium,72,noisy_input,-1,0.059163399040699005,0.06551691889762878,0.21139493584632874,0.059163399040699005,0.06551691889762878,0.21139493584632874,0.12831208109855652,0.14897313714027405,0.12247622013092041,0.0,0.0,0.0,-0.06914868205785751,-0.08345621824264526,0.08891871571540833,False,False,False,True,True,False
gaussian_medium,73,noisy_input,-1,0.048943597823381424,0.059210751205682755,0.170535609126091,0.048943597823381424,0.059210751205682755,0.170535609126091,0.08089907467365265,0.0954967811703682,0.09982328861951828,0.0,0.0,0.0,-0.031955476850271225,-0.03628602996468544,0.07071232050657272,False,False,False,True,True,False
gaussian_medium,74,noisy_input,-1,0.05488523095846176,0.06209534779191017,0.3997913897037506,0.05488523095846176,0.06209534779191017,0.3997913897037506,0.07875508069992065,0.10137559473514557,0.1493482142686844,0.0,0.0,0.0,-0.023869849741458893,-0.0392802469432354,0.25044316053390503,False,False,False,True,True,False
gaussian_medium,75,noisy_input,-1,0.061505354940891266,0.07200919836759567,0.15565665066242218,0.061505354940891266,0.07200919836759567,0.15565665066242218,0.04996796324849129,0.05643586814403534,0.06322984397411346,0.0,0.0,0.0,0.011537391692399979,0.015573330223560333,0.09242680668830872,False,False,False,False,False,False
gaussian_medium,76,noisy_input,-1,0.06336772441864014,0.06893615424633026,0.16765718162059784,0.06336772441864014,0.06893615424633026,0.16765718162059784,0.05375320836901665,0.06410188972949982,0.07128793001174927,0.0,0.0,0.0,0.00961451604962349,0.004834264516830444,0.09636925160884857,False,False,False,False,False,False
gaussian_medium,77,noisy_input,-1,0.057621002197265625,0.06622353196144104,0.1471443772315979,0.057621002197265625,0.06622353196144104,0.1471443772315979,0.05599760264158249,0.06255166977643967,0.06804715842008591,0.0,0.0,0.0,0.001623399555683136,0.0036718621850013733,0.079097218811512,False,False,False,False,False,False
gaussian_medium,78,noisy_input,-1,0.055813103914260864,0.06254932284355164,0.1270044893026352,0.055813103914260864,0.06254932284355164,0.1270044893026352,0.047484248876571655,0.05415324121713638,0.054498083889484406,0.0,0.0,0.0,0.008328855037689209,0.008396081626415253,0.07250640541315079,False,False,False,False,False,False
gaussian_medium,79,noisy_input,-1,0.05461578816175461,0.06252054125070572,0.18641580641269684,0.05461578816175461,0.06252054125070572,0.18641580641269684,0.06140183284878731,0.0677388608455658,0.07807531207799911,0.0,0.0,0.0,-0.0067860446870327,-0.005218319594860077,0.10834049433469772,False,False,False,True,True,False
gaussian_medium,80,noisy_input,-1,0.06143757700920105,0.07038457691669464,0.16220363974571228,0.06143757700920105,0.07038457691669464,0.16220363974571228,0.043805550783872604,0.054113831371068954,0.06826687604188919,0.0,0.0,0.0,0.017632026225328445,0.016270745545625687,0.09393676370382309,False,False,False,False,False,False
gaussian_medium,81,noisy_input,-1,0.06261061131954193,0.06964774429798126,0.22152715921401978,0.06261061131954193,0.06964774429798126,0.22152715921401978,0.13173100352287292,0.14868614077568054,0.14832067489624023,0.0,0.0,0.0,-0.069120392203331,-0.07903839647769928,0.07320648431777954,False,False,False,True,True,False
gaussian_medium,82,noisy_input,-1,0.06371063739061356,0.06747692823410034,0.2529352307319641,0.06371063739061356,0.06747692823410034,0.2529352307319641,0.13376091420650482,0.1613091379404068,0.1487712264060974,0.0,0.0,0.0,-0.07005027681589127,-0.09383220970630646,0.1041640043258667,False,False,False,True,True,False
gaussian_medium,83,noisy_input,-1,0.06458045542240143,0.07572315633296967,0.1238197460770607,0.06458045542240143,0.07572315633296967,0.1238197460770607,0.05164887383580208,0.06379976123571396,0.056130826473236084,0.0,0.0,0.0,0.01293158158659935,0.011923395097255707,0.06768891960382462,False,False,False,False,False,False
gaussian_medium,84,noisy_input,-1,0.06669057905673981,0.0781894251704216,0.3272639513015747,0.06669057905673981,0.0781894251704216,0.3272639513015747,0.06232018396258354,0.0730639100074768,0.13761843740940094,0.0,0.0,0.0,0.004370395094156265,0.005125515162944794,0.18964551389217377,False,False,False,False,False,False
gaussian_medium,85,noisy_input,-1,0.058885347098112106,0.06669173389673233,0.414104700088501,0.058885347098112106,0.06669173389673233,0.414104700088501,0.08543301373720169,0.10398469120264053,0.15394435822963715,0.0,0.0,0.0,-0.026547666639089584,-0.0372929573059082,0.26016032695770264,False,False,False,True,True,False
gaussian_medium,86,noisy_input,-1,0.05872054770588875,0.06591162830591202,0.20251381397247314,0.05872054770588875,0.06591162830591202,0.20251381397247314,0.11469225585460663,0.1347866952419281,0.11775562167167664,0.0,0.0,0.0,-0.05597170814871788,-0.06887506693601608,0.08475819230079651,False,False,False,True,True,False
gaussian_medium,87,noisy_input,-1,0.0609772689640522,0.06969040632247925,0.517386257648468,0.0609772689640522,0.06969040632247925,0.517386257648468,0.09252609312534332,0.1165836974978447,0.18229401111602783,0.0,0.0,0.0,-0.03154882416129112,-0.04689329117536545,0.3350922465324402,False,False,False,True,True,False
gaussian_medium,88,noisy_input,-1,0.06288284063339233,0.0694887563586235,0.17748552560806274,0.06288284063339233,0.0694887563586235,0.17748552560806274,0.05788273364305496,0.06939943879842758,0.07858433574438095,0.0,0.0,0.0,0.005000106990337372,8.931756019592285e-05,0.0989011898636818,False,False,False,False,False,False
gaussian_medium,89,noisy_input,-1,0.06404105573892593,0.0755595937371254,0.22349926829338074,0.06404105573892593,0.0755595937371254,0.22349926829338074,0.09721574932336807,0.12792930006980896,0.10490168631076813,0.0,0.0,0.0,-0.03317469358444214,-0.05236970633268356,0.11859758198261261,False,False,False,True,True,False
gaussian_medium,90,noisy_input,-1,0.06123713403940201,0.06656623631715775,0.3742240071296692,0.06123713403940201,0.06656623631715775,0.3742240071296692,0.10846875607967377,0.11480225622653961,0.16578835248947144,0.0,0.0,0.0,-0.04723162204027176,-0.048236019909381866,0.20843565464019775,False,False,False,True,True,False
gaussian_medium,91,noisy_input,-1,0.07062261551618576,0.08143483102321625,0.18131333589553833,0.07062261551618576,0.08143483102321625,0.18131333589553833,0.07167880237102509,0.09203120321035385,0.08763167262077332,0.0,0.0,0.0,-0.001056186854839325,-0.010596372187137604,0.09368166327476501,False,False,False,True,True,False
gaussian_medium,92,noisy_input,-1,0.06249571964144707,0.0675351470708847,0.18886736035346985,0.06249571964144707,0.0675351470708847,0.18886736035346985,0.07958246767520905,0.09701431542634964,0.08285306394100189,0.0,0.0,0.0,-0.017086748033761978,-0.029479168355464935,0.10601429641246796,False,False,False,True,True,False
gaussian_medium,93,noisy_input,-1,0.07992082089185715,0.08878232538700104,0.22813326120376587,0.07992082089185715,0.08878232538700104,0.22813326120376587,0.09832006692886353,0.12360107898712158,0.10812805593013763,0.0,0.0,0.0,-0.018399246037006378,-0.034818753600120544,0.12000520527362823,False,False,False,True,True,False
gaussian_medium,94,noisy_input,-1,0.06401105225086212,0.06877055019140244,0.30806803703308105,0.06401105225086212,0.06877055019140244,0.30806803703308105,0.08276674896478653,0.10058315843343735,0.12202835083007812,0.0,0.0,0.0,-0.018755696713924408,-0.03181260824203491,0.18603968620300293,False,False,False,True,True,False
gaussian_medium,95,noisy_input,-1,0.06344695389270782,0.07464179396629333,0.1804322600364685,0.06344695389270782,0.07464179396629333,0.1804322600364685,0.047720767557621,0.054087039083242416,0.07158920913934708,0.0,0.0,0.0,0.015726186335086823,0.02055475488305092,0.10884305089712143,False,False,False,False,False,False
gaussian_medium,96,noisy_input,-1,0.05727323889732361,0.06087341159582138,0.17227008938789368,0.05727323889732361,0.06087341159582138,0.17227008938789368,0.0910559743642807,0.10789001733064651,0.08745640516281128,0.0,0.0,0.0,-0.03378273546695709,-0.047016605734825134,0.0848136842250824,False,False,False,True,True,False
gaussian_medium,97,noisy_input,-1,0.05725973844528198,0.06536348164081573,0.1539067029953003,0.05725973844528198,0.06536348164081573,0.1539067029953003,0.06028691679239273,0.07081550359725952,0.07782384753227234,0.0,0.0,0.0,-0.0030271783471107483,-0.005452021956443787,0.07608285546302795,False,False,False,True,True,False
gaussian_medium,98,noisy_input,-1,0.06984086334705353,0.07839515805244446,0.15195311605930328,0.06984086334705353,0.07839515805244446,0.15195311605930328,0.1150994673371315,0.1282658576965332,0.10190113633871078,0.0,0.0,0.0,-0.04525860399007797,-0.049870699644088745,0.0500519797205925,False,False,False,True,True,False
gaussian_medium,99,noisy_input,-1,0.05965913087129593,0.06772168725728989,0.2174004316329956,0.05965913087129593,0.06772168725728989,0.2174004316329956,0.1352998912334442,0.1512903869152069,0.12771987915039062,0.0,0.0,0.0,-0.07564076036214828,-0.08356869965791702,0.08968055248260498,False,False,False,True,True,False
gaussian_medium,100,noisy_input,-1,0.061298519372940063,0.06865006685256958,0.559107780456543,0.061298519372940063,0.06865006685256958,0.559107780456543,0.09492410719394684,0.12343281507492065,0.2001308798789978,0.0,0.0,0.0,-0.033625587821006775,-0.054782748222351074,0.35897690057754517,False,False,False,True,True,False
gaussian_medium,101,noisy_input,-1,0.07044897973537445,0.08044664561748505,0.1754961609840393,0.07044897973537445,0.08044664561748505,0.1754961609840393,0.09754346311092377,0.10942552238702774,0.08715121448040009,0.0,0.0,0.0,-0.027094483375549316,-0.028978876769542694,0.08834494650363922,False,False,False,True,True,False
gaussian_medium,102,noisy_input,-1,0.05523790046572685,0.06174482777714729,0.16772402822971344,0.05523790046572685,0.06174482777714729,0.16772402822971344,0.10742755979299545,0.12047137320041656,0.08857806771993637,0.0,0.0,0.0,-0.0521896593272686,-0.05872654542326927,0.07914596050977707,False,False,False,True,True,False
gaussian_medium,103,noisy_input,-1,0.05866476893424988,0.06853143125772476,0.16977395117282867,0.05866476893424988,0.06853143125772476,0.16977395117282867,0.09124589711427689,0.10280701518058777,0.08718530088663101,0.0,0.0,0.0,-0.03258112818002701,-0.03427558392286301,0.08258865028619766,False,False,False,True,True,False
gaussian_medium,104,noisy_input,-1,0.06275846064090729,0.07007301598787308,0.14963671565055847,0.06275846064090729,0.07007301598787308,0.14963671565055847,0.05481211468577385,0.06105152145028114,0.06407978385686874,0.0,0.0,0.0,0.007946345955133438,0.009021494537591934,0.08555693179368973,False,False,False,False,False,False
gaussian_medium,105,noisy_input,-1,0.061939459294080734,0.07198608666658401,0.18103794753551483,0.061939459294080734,0.07198608666658401,0.18103794753551483,0.044719260185956955,0.051559071987867355,0.07936803251504898,0.0,0.0,0.0,0.01722019910812378,0.02042701467871666,0.10166991502046585,False,False,False,False,False,False
gaussian_medium,106,noisy_input,-1,0.07259709388017654,0.08092089742422104,0.13709700107574463,0.07259709388017654,0.08092089742422104,0.13709700107574463,0.12264351546764374,0.14158068597316742,0.09050361067056656,0.0,0.0,0.0,-0.050046421587467194,-0.06065978854894638,0.04659339040517807,False,False,False,True,True,False
gaussian_medium,107,noisy_input,-1,0.054060280323028564,0.05695231631398201,0.24029786884784698,0.054060280323028564,0.05695231631398201,0.24029786884784698,0.06298675388097763,0.07301555573940277,0.09838788956403732,0.0,0.0,0.0,-0.008926473557949066,-0.01606323942542076,0.14190998673439026,False,False,False,True,True,False
gaussian_medium,108,noisy_input,-1,0.0605158731341362,0.06790958344936371,0.4471472501754761,0.0605158731341362,0.06790958344936371,0.4471472501754761,0.0842946395277977,0.11307083815336227,0.1680309772491455,0.0,0.0,0.0,-0.0237787663936615,-0.045161254703998566,0.27911627292633057,False,False,False,True,True,False
gaussian_medium,109,noisy_input,-1,0.05685434862971306,0.06278765201568604,0.16199812293052673,0.05685434862971306,0.06278765201568604,0.16199812293052673,0.10577410459518433,0.11919612437486649,0.08583149313926697,0.0,0.0,0.0,-0.04891975596547127,-0.05640847235918045,0.07616662979125977,False,False,False,True,True,False
gaussian_medium,110,noisy_input,-1,0.053803879767656326,0.06096247583627701,0.4171982407569885,0.053803879767656326,0.06096247583627701,0.4171982407569885,0.08472300320863724,0.11249775439500809,0.15221010148525238,0.0,0.0,0.0,-0.03091912344098091,-0.05153527855873108,0.26498812437057495,False,False,False,True,True,False
gaussian_medium,111,noisy_input,-1,0.06834503263235092,0.07125105708837509,0.15973493456840515,0.06834503263235092,0.07125105708837509,0.15973493456840515,0.0927303358912468,0.11808854341506958,0.08771612495183945,0.0,0.0,0.0,-0.024385303258895874,-0.04683748632669449,0.0720188096165657,False,False,False,True,True,False
gaussian_medium,112,noisy_input,-1,0.057756416499614716,0.06401196122169495,0.1373388171195984,0.057756416499614716,0.06401196122169495,0.1373388171195984,0.08926673233509064,0.11149761825799942,0.07968626171350479,0.0,0.0,0.0,-0.03151031583547592,-0.047485657036304474,0.0576525554060936,False,False,False,True,True,False
gaussian_medium,113,noisy_input,-1,0.07053997367620468,0.0780765563249588,0.44725003838539124,0.07053997367620468,0.0780765563249588,0.44725003838539124,0.10411195456981659,0.12199509888887405,0.1704181730747223,0.0,0.0,0.0,-0.03357198089361191,-0.04391854256391525,0.27683186531066895,False,False,False,True,True,False
gaussian_medium,114,noisy_input,-1,0.05028399080038071,0.057803526520729065,0.40060532093048096,0.05028399080038071,0.057803526520729065,0.40060532093048096,0.07708792388439178,0.09828725457191467,0.14565664529800415,0.0,0.0,0.0,-0.026803933084011078,-0.04048372805118561,0.2549486756324768,False,False,False,True,True,False
gaussian_medium,115,noisy_input,-1,0.069786436855793,0.07676728814840317,0.4905249774456024,0.069786436855793,0.07676728814840317,0.4905249774456024,0.11679557710886002,0.14621074497699738,0.17673762142658234,0.0,0.0,0.0,-0.04700914025306702,-0.06944345682859421,0.3137873411178589,False,False,False,True,True,False
gaussian_medium,116,noisy_input,-1,0.08216828107833862,0.08877268433570862,0.1972154825925827,0.08216828107833862,0.08877268433570862,0.1972154825925827,0.06919886916875839,0.07904010266065598,0.0969761312007904,0.0,0.0,0.0,0.01296941190958023,0.009732581675052643,0.1002393513917923,False,False,False,False,False,False
gaussian_medium,117,noisy_input,-1,0.05175156146287918,0.057742949575185776,0.1293429434299469,0.05175156146287918,0.057742949575185776,0.1293429434299469,0.03831713646650314,0.04369094595313072,0.05668577179312706,0.0,0.0,0.0,0.013434424996376038,0.014052003622055054,0.07265716791152954,False,False,False,False,False,False
gaussian_medium,118,noisy_input,-1,0.06253249943256378,0.0691952109336853,0.15853089094161987,0.06253249943256378,0.0691952109336853,0.15853089094161987,0.10341504961252213,0.12015019357204437,0.08345627039670944,0.0,0.0,0.0,-0.040882550179958344,-0.05095498263835907,0.07507462054491043,False,False,False,True,True,False
gaussian_medium,119,noisy_input,-1,0.06780588626861572,0.07269803434610367,0.14165262877941132,0.06780588626861572,0.07269803434610367,0.14165262877941132,0.06439428776502609,0.07090190798044205,0.07135967165231705,0.0,0.0,0.0,0.00341159850358963,0.001796126365661621,0.07029295712709427,False,False,False,False,False,False
gaussian_medium,120,noisy_input,-1,0.059413619339466095,0.06552422046661377,0.4000716209411621,0.059413619339466095,0.06552422046661377,0.4000716209411621,0.07857690006494522,0.09154228866100311,0.14875134825706482,0.0,0.0,0.0,-0.019163280725479126,-0.026018068194389343,0.2513202726840973,False,False,False,True,True,False
gaussian_medium,121,noisy_input,-1,0.06543900072574615,0.07137785851955414,0.19479991495609283,0.06543900072574615,0.07137785851955414,0.19479991495609283,0.041555702686309814,0.051145587116479874,0.08577560633420944,0.0,0.0,0.0,0.02388329803943634,0.020232271403074265,0.10902430862188339,False,False,False,False,False,False
gaussian_medium,122,noisy_input,-1,0.067314513027668,0.07474789768457413,0.5100261569023132,0.067314513027668,0.07474789768457413,0.5100261569023132,0.12390325218439102,0.13954085111618042,0.19669532775878906,0.0,0.0,0.0,-0.05658873915672302,-0.06479295343160629,0.31333082914352417,False,False,False,True,True,False
gaussian_medium,123,noisy_input,-1,0.06365425139665604,0.06980235129594803,0.17862099409103394,0.06365425139665604,0.06980235129594803,0.17862099409103394,0.1108345240354538,0.13837650418281555,0.09484073519706726,0.0,0.0,0.0,-0.04718027263879776,-0.06857415288686752,0.08378025889396667,False,False,False,True,True,False
gaussian_medium,124,noisy_input,-1,0.07229502499103546,0.07947789877653122,0.17555390298366547,0.07229502499103546,0.07947789877653122,0.17555390298366547,0.1535102128982544,0.18486125767230988,0.11638464033603668,0.0,0.0,0.0,-0.08121518790721893,-0.10538335889577866,0.059169262647628784,False,False,False,True,True,False
gaussian_medium,125,noisy_input,-1,0.0507008321583271,0.05799226090312004,0.3153918981552124,0.0507008321583271,0.05799226090312004,0.3153918981552124,0.07737384736537933,0.09418966621160507,0.11674678325653076,0.0,0.0,0.0,-0.02667301520705223,-0.03619740530848503,0.19864511489868164,False,False,False,True,True,False
gaussian_medium,126,noisy_input,-1,0.0687909722328186,0.07765668630599976,0.29283303022384644,0.0687909722328186,0.07765668630599976,0.29283303022384644,0.07590890675783157,0.09671558439731598,0.11917459964752197,0.0,0.0,0.0,-0.00711793452501297,-0.019058898091316223,0.17365843057632446,False,False,False,True,True,False
gaussian_medium,127,noisy_input,-1,0.05025341361761093,0.0581631101667881,0.16333498060703278,0.05025341361761093,0.0581631101667881,0.16333498060703278,0.08921194076538086,0.10469946265220642,0.07968658953905106,0.0,0.0,0.0,-0.03895852714776993,-0.04653635248541832,0.08364839106798172,False,False,False,True,True,False
gaussian_medium,128,noisy_input,-1,0.07547896355390549,0.08421705663204193,0.2059471160173416,0.07547896355390549,0.08421705663204193,0.2059471160173416,0.13366277515888214,0.14393240213394165,0.1283629685640335,0.0,0.0,0.0,-0.058183811604976654,-0.05971534550189972,0.0775841474533081,False,False,False,True,True,False
gaussian_medium,129,noisy_input,-1,0.0584014467895031,0.0626315027475357,0.2846340537071228,0.0584014467895031,0.0626315027475357,0.2846340537071228,0.0845702514052391,0.10369555652141571,0.10589858144521713,0.0,0.0,0.0,-0.026168804615736008,-0.041064053773880005,0.17873546481132507,False,False,False,True,True,False
gaussian_medium,130,noisy_input,-1,0.06082163378596306,0.06922893226146698,0.24782146513462067,0.06082163378596306,0.06922893226146698,0.24782146513462067,0.07837707549333572,0.09628422558307648,0.0981823056936264,0.0,0.0,0.0,-0.017555441707372665,-0.027055293321609497,0.14963915944099426,False,False,False,True,True,False
gaussian_medium,131,noisy_input,-1,0.0703960657119751,0.07499675452709198,0.3548932671546936,0.0703960657119751,0.07499675452709198,0.3548932671546936,0.09656856209039688,0.11531996726989746,0.13231748342514038,0.0,0.0,0.0,-0.026172496378421783,-0.04032321274280548,0.22257578372955322,False,False,False,True,True,False
gaussian_medium,132,noisy_input,-1,0.057657770812511444,0.0630909726023674,0.14972493052482605,0.057657770812511444,0.0630909726023674,0.14972493052482605,0.05540088564157486,0.06369918584823608,0.06872966885566711,0.0,0.0,0.0,0.0022568851709365845,-0.0006082132458686829,0.08099526166915894,False,False,False,False,True,False
gaussian_medium,133,noisy_input,-1,0.07890082895755768,0.08592783659696579,0.17625902593135834,0.07890082895755768,0.08592783659696579,0.17625902593135834,0.091493621468544,0.10401055961847305,0.08613310754299164,0.0,0.0,0.0,-0.012592792510986328,-0.018082723021507263,0.0901259183883667,False,False,False,True,True,False
gaussian_medium,134,noisy_input,-1,0.06966028362512589,0.07659758627414703,0.18685060739517212,0.06966028362512589,0.07659758627414703,0.18685060739517212,0.08807655423879623,0.11113647371530533,0.09065839648246765,0.0,0.0,0.0,-0.01841627061367035,-0.034538887441158295,0.09619221091270447,False,False,False,True,True,False
gaussian_medium,135,noisy_input,-1,0.06959477066993713,0.07729489356279373,0.1987147331237793,0.06959477066993713,0.07729489356279373,0.1987147331237793,0.11236073821783066,0.13847272098064423,0.10575899481773376,0.0,0.0,0.0,-0.042765967547893524,-0.061177827417850494,0.09295573830604553,False,False,False,True,True,False
gaussian_medium,136,noisy_input,-1,0.07904346287250519,0.08483950793743134,0.20913536846637726,0.07904346287250519,0.08483950793743134,0.20913536846637726,0.0999903678894043,0.1170007660984993,0.11569443345069885,0.0,0.0,0.0,-0.02094690501689911,-0.03216125816106796,0.0934409350156784,False,False,False,True,True,False
gaussian_medium,137,noisy_input,-1,0.06061019375920296,0.0663548931479454,0.13794785737991333,0.06061019375920296,0.0663548931479454,0.13794785737991333,0.06587661802768707,0.0733184665441513,0.057983994483947754,0.0,0.0,0.0,-0.005266424268484116,-0.006963573396205902,0.07996386289596558,False,False,False,True,True,False
gaussian_medium,138,noisy_input,-1,0.07277632504701614,0.07930939644575119,0.20100384950637817,0.07277632504701614,0.07930939644575119,0.20100384950637817,0.10961546003818512,0.12978191673755646,0.10056919604539871,0.0,0.0,0.0,-0.036839134991168976,-0.05047252029180527,0.10043465346097946,False,False,False,True,True,False
gaussian_medium,139,noisy_input,-1,0.05832662433385849,0.06483396142721176,0.1707523912191391,0.05832662433385849,0.06483396142721176,0.1707523912191391,0.1312113106250763,0.15030963718891144,0.10507964342832565,0.0,0.0,0.0,-0.0728846862912178,-0.08547567576169968,0.06567274779081345,False,False,False,True,True,False
gaussian_medium,140,noisy_input,-1,0.06620535999536514,0.07372128963470459,0.39643633365631104,0.06620535999536514,0.07372128963470459,0.39643633365631104,0.08207020163536072,0.094312384724617,0.14707915484905243,0.0,0.0,0.0,-0.015864841639995575,-0.020591095089912415,0.2493571788072586,False,False,False,True,True,False
gaussian_medium,141,noisy_input,-1,0.07058821618556976,0.07576961815357208,0.16859117150306702,0.07058821618556976,0.07576961815357208,0.16859117150306702,0.06886309385299683,0.07401607185602188,0.07892601191997528,0.0,0.0,0.0,0.001725122332572937,0.0017535462975502014,0.08966515958309174,False,False,False,False,False,False
gaussian_medium,142,noisy_input,-1,0.053529269993305206,0.06264203041791916,0.3380206823348999,0.053529269993305206,0.06264203041791916,0.3380206823348999,0.06528003513813019,0.07548685371875763,0.12546157836914062,0.0,0.0,0.0,-0.011750765144824982,-0.01284482330083847,0.21255910396575928,False,False,False,True,True,False
gaussian_medium,143,noisy_input,-1,0.06082773953676224,0.06577008217573166,0.39537718892097473,0.06082773953676224,0.06577008217573166,0.39537718892097473,0.05920374393463135,0.06757593899965286,0.1394093930721283,0.0,0.0,0.0,0.00162399560213089,-0.0018058568239212036,0.25596779584884644,False,False,False,False,True,False
gaussian_medium,144,noisy_input,-1,0.058723390102386475,0.06540987640619278,0.16571247577667236,0.058723390102386475,0.06540987640619278,0.16571247577667236,0.07690069079399109,0.0877382755279541,0.0861901193857193,0.0,0.0,0.0,-0.018177300691604614,-0.022328399121761322,0.07952235639095306,False,False,False,True,True,False
gaussian_medium,145,noisy_input,-1,0.05548446252942085,0.06352952122688293,0.41859737038612366,0.05548446252942085,0.06352952122688293,0.41859737038612366,0.08310166001319885,0.09842685610055923,0.14972013235092163,0.0,0.0,0.0,-0.027617197483778,-0.0348973348736763,0.268877238035202,False,False,False,True,True,False
gaussian_medium,146,noisy_input,-1,0.07215584814548492,0.07738816738128662,0.2740419805049896,0.07215584814548492,0.07738816738128662,0.2740419805049896,0.08351430296897888,0.09310465306043625,0.11195879429578781,0.0,0.0,0.0,-0.011358454823493958,-0.015716485679149628,0.16208317875862122,False,False,False,True,True,False
gaussian_medium,147,noisy_input,-1,0.058708298951387405,0.06445464491844177,0.1274281144142151,0.058708298951387405,0.06445464491844177,0.1274281144142151,0.05841634422540665,0.06950921565294266,0.06968433409929276,0.0,0.0,0.0,0.00029195472598075867,-0.005054570734500885,0.05774378031492233,False,False,False,False,True,False
gaussian_medium,148,noisy_input,-1,0.0760311409831047,0.08489557355642319,0.21771861612796783,0.0760311409831047,0.08489557355642319,0.21771861612796783,0.08347165584564209,0.0928395614027977,0.0996411144733429,0.0,0.0,0.0,-0.007440514862537384,-0.007943987846374512,0.11807750165462494,False,False,False,True,True,False
gaussian_medium,149,noisy_input,-1,0.05259985849261284,0.05873362720012665,0.1418168544769287,0.05259985849261284,0.05873362720012665,0.1418168544769287,0.05002996325492859,0.059157051146030426,0.05983170494437218,0.0,0.0,0.0,0.00256989523768425,-0.0004234239459037781,0.08198514580726624,False,False,False,False,True,False
gaussian_medium,150,noisy_input,-1,0.06264053285121918,0.0715055987238884,0.20010407269001007,0.06264053285121918,0.0715055987238884,0.20010407269001007,0.15172353386878967,0.18191339075565338,0.12546305358409882,0.0,0.0,0.0,-0.0890830010175705,-0.11040779203176498,0.07464101910591125,False,False,False,True,True,False
gaussian_medium,151,noisy_input,-1,0.057472534477710724,0.06720471382141113,0.14393165707588196,0.057472534477710724,0.06720471382141113,0.14393165707588196,0.10786683857440948,0.1319304257631302,0.09199569374322891,0.0,0.0,0.0,-0.05039430409669876,-0.06472571194171906,0.051935963332653046,False,False,False,True,True,False
gaussian_medium,152,noisy_input,-1,0.06613504141569138,0.07512471824884415,0.13452142477035522,0.06613504141569138,0.07512471824884415,0.13452142477035522,0.05814840644598007,0.06522561609745026,0.06451665610074997,0.0,0.0,0.0,0.007986634969711304,0.00989910215139389,0.07000476866960526,False,False,False,False,False,False
gaussian_medium,153,noisy_input,-1,0.05708067864179611,0.06577662378549576,0.21622365713119507,0.05708067864179611,0.06577662378549576,0.21622365713119507,0.06242305040359497,0.0812191292643547,0.09130758792161942,0.0,0.0,0.0,-0.005342371761798859,-0.015442505478858948,0.12491606920957565,False,False,False,True,True,False
gaussian_medium,154,noisy_input,-1,0.06078441068530083,0.06879449635744095,0.1645355224609375,0.06078441068530083,0.06879449635744095,0.1645355224609375,0.04803613945841789,0.054886940866708755,0.07084301859140396,0.0,0.0,0.0,0.012748271226882935,0.013907555490732193,0.09369250386953354,False,False,False,False,False,False
gaussian_medium,155,noisy_input,-1,0.06064096838235855,0.06965964287519455,0.18995732069015503,0.06064096838235855,0.06965964287519455,0.18995732069015503,0.06586124002933502,0.08467772603034973,0.08616473525762558,0.0,0.0,0.0,-0.005220271646976471,-0.015018083155155182,0.10379258543252945,False,False,False,True,True,False
gaussian_medium,156,noisy_input,-1,0.042232804000377655,0.05013908073306084,0.19494909048080444,0.042232804000377655,0.05013908073306084,0.19494909048080444,0.17494122684001923,0.20635084807872772,0.14638684689998627,0.0,0.0,0.0,-0.13270843029022217,-0.1562117636203766,0.048562243580818176,False,False,False,True,True,False
gaussian_medium,157,noisy_input,-1,0.06546349823474884,0.070937879383564,0.2262924313545227,0.06546349823474884,0.070937879383564,0.2262924313545227,0.16510574519634247,0.1910489946603775,0.15725503861904144,0.0,0.0,0.0,-0.09964224696159363,-0.12011111527681351,0.06903739273548126,False,False,False,True,True,False
gaussian_medium,158,noisy_input,-1,0.06597288697957993,0.07500369846820831,0.19826719164848328,0.06597288697957993,0.07500369846820831,0.19826719164848328,0.0782218798995018,0.0920151099562645,0.0967440977692604,0.0,0.0,0.0,-0.012248992919921875,-0.017011411488056183,0.10152309387922287,False,False,False,True,True,False
gaussian_medium,159,noisy_input,-1,0.07007939368486404,0.0786561518907547,0.20146112143993378,0.07007939368486404,0.0786561518907547,0.20146112143993378,0.08392344415187836,0.10437065362930298,0.10287521034479141,0.0,0.0,0.0,-0.013844050467014313,-0.02571450173854828,0.09858591109514236,False,False,False,True,True,False
gaussian_medium,160,noisy_input,-1,0.06853477656841278,0.07594887167215347,0.37168172001838684,0.06853477656841278,0.07594887167215347,0.37168172001838684,0.0766003429889679,0.08945849537849426,0.14112326502799988,0.0,0.0,0.0,-0.008065566420555115,-0.01350962370634079,0.23055845499038696,False,False,False,True,True,False
gaussian_medium,161,noisy_input,-1,0.08197537064552307,0.08844462782144547,0.23956158757209778,0.08197537064552307,0.08844462782144547,0.23956158757209778,0.13029950857162476,0.1460462063550949,0.13670390844345093,0.0,0.0,0.0,-0.048324137926101685,-0.057601578533649445,0.10285767912864685,False,False,False,True,True,False
gaussian_medium,162,noisy_input,-1,0.06918779015541077,0.07355402410030365,0.1329507827758789,0.06918779015541077,0.07355402410030365,0.1329507827758789,0.07062796503305435,0.07597562670707703,0.06529215723276138,0.0,0.0,0.0,-0.0014401748776435852,-0.0024216026067733765,0.06765862554311752,False,False,False,True,True,False
gaussian_medium,163,noisy_input,-1,0.07299311459064484,0.08021188527345657,0.17686158418655396,0.07299311459064484,0.08021188527345657,0.17686158418655396,0.08342839032411575,0.09476235508918762,0.08158702403306961,0.0,0.0,0.0,-0.010435275733470917,-0.014550469815731049,0.09527456015348434,False,False,False,True,True,False
gaussian_medium,164,noisy_input,-1,0.06470252573490143,0.07345385104417801,0.161900594830513,0.06470252573490143,0.07345385104417801,0.161900594830513,0.04289114475250244,0.049601905047893524,0.07137329131364822,0.0,0.0,0.0,0.021811380982398987,0.023851945996284485,0.09052730351686478,False,False,False,False,False,False
gaussian_medium,165,noisy_input,-1,0.06595510989427567,0.07198909670114517,0.3393206298351288,0.06595510989427567,0.07198909670114517,0.3393206298351288,0.09522255510091782,0.10660473257303238,0.12694883346557617,0.0,0.0,0.0,-0.02926744520664215,-0.03461563587188721,0.2123717963695526,False,False,False,True,True,False
gaussian_medium,166,noisy_input,-1,0.07392732799053192,0.07966499030590057,0.19033850729465485,0.07392732799053192,0.07966499030590057,0.19033850729465485,0.05914716050028801,0.06578616797924042,0.07679083943367004,0.0,0.0,0.0,0.014780167490243912,0.013878822326660156,0.1135476678609848,False,False,False,False,False,False
gaussian_medium,167,noisy_input,-1,0.062389664351940155,0.06881745159626007,0.36570456624031067,0.062389664351940155,0.06881745159626007,0.36570456624031067,0.10103826224803925,0.11792919784784317,0.14545971155166626,0.0,0.0,0.0,-0.03864859789609909,-0.0491117462515831,0.2202448546886444,False,False,False,True,True,False
gaussian_medium,168,noisy_input,-1,0.0670127123594284,0.06993038207292557,0.23195475339889526,0.0670127123594284,0.06993038207292557,0.23195475339889526,0.12790021300315857,0.14336130023002625,0.13746732473373413,0.0,0.0,0.0,-0.060887500643730164,-0.07343091815710068,0.09448742866516113,False,False,False,True,True,False
gaussian_medium,169,noisy_input,-1,0.0525335893034935,0.060238223522901535,0.14226745069026947,0.0525335893034935,0.060238223522901535,0.14226745069026947,0.07337288558483124,0.08452188223600388,0.08507054299116135,0.0,0.0,0.0,-0.020839296281337738,-0.02428365871310234,0.057196907699108124,False,False,False,True,True,False
gaussian_medium,170,noisy_input,-1,0.07352592051029205,0.07853599637746811,0.18820954859256744,0.07352592051029205,0.07853599637746811,0.18820954859256744,0.10968039929866791,0.1344609409570694,0.10515481978654861,0.0,0.0,0.0,-0.036154478788375854,-0.05592494457960129,0.08305472880601883,False,False,False,True,True,False
gaussian_medium,171,noisy_input,-1,0.06817080080509186,0.07312192022800446,0.28808867931365967,0.06817080080509186,0.07312192022800446,0.28808867931365967,0.1472957283258438,0.17791594564914703,0.17559106647968292,0.0,0.0,0.0,-0.07912492752075195,-0.10479402542114258,0.11249761283397675,False,False,False,True,True,False
gaussian_medium,172,noisy_input,-1,0.06448812782764435,0.07626660913228989,0.46265363693237305,0.06448812782764435,0.07626660913228989,0.46265363693237305,0.10009143501520157,0.12162172794342041,0.1654270589351654,0.0,0.0,0.0,-0.03560330718755722,-0.045355118811130524,0.29722657799720764,False,False,False,True,True,False
gaussian_medium,173,noisy_input,-1,0.05530258268117905,0.06165451183915138,0.1512354016304016,0.05530258268117905,0.06165451183915138,0.1512354016304016,0.06964030861854553,0.07949018478393555,0.07270883023738861,0.0,0.0,0.0,-0.014337725937366486,-0.017835672944784164,0.078526571393013,False,False,False,True,True,False
gaussian_medium,174,noisy_input,-1,0.0680345892906189,0.0744103267788887,0.18603399395942688,0.0680345892906189,0.0744103267788887,0.18603399395942688,0.07327752560377121,0.08283641189336777,0.0887870192527771,0.0,0.0,0.0,-0.005242936313152313,-0.008426085114479065,0.09724697470664978,False,False,False,True,True,False
gaussian_medium,175,noisy_input,-1,0.06515919417142868,0.07146646827459335,0.1660345196723938,0.06515919417142868,0.07146646827459335,0.1660345196723938,0.053175777196884155,0.05921982601284981,0.06814516335725784,0.0,0.0,0.0,0.011983416974544525,0.012246642261743546,0.09788935631513596,False,False,False,False,False,False
gaussian_medium,176,noisy_input,-1,0.06126191094517708,0.06611419469118118,0.15007564425468445,0.06126191094517708,0.06611419469118118,0.15007564425468445,0.06568118929862976,0.07773258537054062,0.06785482913255692,0.0,0.0,0.0,-0.0044192783534526825,-0.011618390679359436,0.08222081512212753,False,False,False,True,True,False
gaussian_medium,177,noisy_input,-1,0.06333308666944504,0.070398710668087,0.2138184905052185,0.06333308666944504,0.070398710668087,0.2138184905052185,0.1408078670501709,0.1670147031545639,0.15372470021247864,0.0,0.0,0.0,-0.07747478038072586,-0.0966159924864769,0.06009379029273987,False,False,False,True,True,False
gaussian_medium,178,noisy_input,-1,0.06996317207813263,0.07744736969470978,0.161967933177948,0.06996317207813263,0.07744736969470978,0.161967933177948,0.046490415930747986,0.05391748622059822,0.07179262489080429,0.0,0.0,0.0,0.023472756147384644,0.023529883474111557,0.09017530828714371,False,False,False,False,False,False
gaussian_medium,179,noisy_input,-1,0.05731259658932686,0.0641988217830658,0.15365171432495117,0.05731259658932686,0.0641988217830658,0.15365171432495117,0.072493776679039,0.08204653859138489,0.07331296801567078,0.0,0.0,0.0,-0.015181180089712143,-0.017847716808319092,0.0803387463092804,False,False,False,True,True,False
gaussian_medium,180,noisy_input,-1,0.07600606232881546,0.08060850948095322,0.4445343017578125,0.07600606232881546,0.08060850948095322,0.4445343017578125,0.07086141407489777,0.07507897168397903,0.16434627771377563,0.0,0.0,0.0,0.005144648253917694,0.005529537796974182,0.28018802404403687,False,False,False,False,False,False
gaussian_medium,181,noisy_input,-1,0.06523136049509048,0.07312249392271042,0.1865866482257843,0.06523136049509048,0.07312249392271042,0.1865866482257843,0.049447350203990936,0.053724464029073715,0.07702918350696564,0.0,0.0,0.0,0.01578401029109955,0.019398029893636703,0.10955746471881866,False,False,False,False,False,False
gaussian_medium,182,noisy_input,-1,0.05938028544187546,0.06872458010911942,0.16368362307548523,0.05938028544187546,0.06872458010911942,0.16368362307548523,0.08985914289951324,0.10194089263677597,0.08430428057909012,0.0,0.0,0.0,-0.030478857457637787,-0.033216312527656555,0.07937934249639511,False,False,False,True,True,False
gaussian_medium,183,noisy_input,-1,0.07407162338495255,0.08220779895782471,0.20291300117969513,0.07407162338495255,0.08220779895782471,0.20291300117969513,0.10836652666330338,0.12256398051977158,0.11015557497739792,0.0,0.0,0.0,-0.03429490327835083,-0.04035618156194687,0.09275742620229721,False,False,False,True,True,False
gaussian_medium,184,noisy_input,-1,0.0715017318725586,0.07698065042495728,0.20576082170009613,0.0715017318725586,0.07698065042495728,0.20576082170009613,0.12253649532794952,0.13636323809623718,0.11853645741939545,0.0,0.0,0.0,-0.05103476345539093,-0.05938258767127991,0.08722436428070068,False,False,False,True,True,False
gaussian_medium,185,noisy_input,-1,0.060521721839904785,0.06720143556594849,0.17453165352344513,0.060521721839904785,0.06720143556594849,0.17453165352344513,0.08835574984550476,0.10710819065570831,0.08491603285074234,0.0,0.0,0.0,-0.027834028005599976,-0.03990675508975983,0.08961562067270279,False,False,False,True,True,False
gaussian_medium,186,noisy_input,-1,0.06369609385728836,0.07375574856996536,0.19404500722885132,0.06369609385728836,0.07375574856996536,0.19404500722885132,0.12061731517314911,0.14114060997962952,0.11078953742980957,0.0,0.0,0.0,-0.05692122131586075,-0.06738486140966415,0.08325546979904175,False,False,False,True,True,False
gaussian_medium,187,noisy_input,-1,0.06392177939414978,0.07138048857450485,0.18108953535556793,0.06392177939414978,0.07138048857450485,0.18108953535556793,0.0539214126765728,0.06085115298628807,0.07312317192554474,0.0,0.0,0.0,0.01000036671757698,0.010529335588216782,0.1079663634300232,False,False,False,False,False,False
gaussian_medium,188,noisy_input,-1,0.0653810128569603,0.07349348813295364,0.5054105520248413,0.0653810128569603,0.07349348813295364,0.5054105520248413,0.11652535200119019,0.13892251253128052,0.1874568611383438,0.0,0.0,0.0,-0.05114433914422989,-0.06542902439832687,0.3179537057876587,False,False,False,True,True,False
gaussian_medium,189,noisy_input,-1,0.06656162440776825,0.07813990861177444,0.1824268102645874,0.06656162440776825,0.07813990861177444,0.1824268102645874,0.0714629739522934,0.08310659974813461,0.0816706195473671,0.0,0.0,0.0,-0.0049013495445251465,-0.0049666911363601685,0.1007561907172203,False,False,False,True,True,False
gaussian_medium,190,noisy_input,-1,0.06759876757860184,0.07977614551782608,0.19870619475841522,0.06759876757860184,0.07977614551782608,0.19870619475841522,0.06279304623603821,0.07267977297306061,0.08157430589199066,0.0,0.0,0.0,0.004805721342563629,0.007096372544765472,0.11713188886642456,False,False,False,False,False,False
gaussian_medium,191,noisy_input,-1,0.06463374197483063,0.07102222740650177,0.4700911343097687,0.06463374197483063,0.07102222740650177,0.4700911343097687,0.09532114118337631,0.10731906443834305,0.17522448301315308,0.0,0.0,0.0,-0.030687399208545685,-0.03629683703184128,0.2948666512966156,False,False,False,True,True,False
gaussian_medium,192,noisy_input,-1,0.05859602615237236,0.07080045342445374,0.17156200110912323,0.05859602615237236,0.07080045342445374,0.17156200110912323,0.0415554903447628,0.04991080239415169,0.0760929137468338,0.0,0.0,0.0,0.017040535807609558,0.020889651030302048,0.09546908736228943,False,False,False,False,False,False
gaussian_medium,193,noisy_input,-1,0.0729748010635376,0.08026672899723053,0.1986209750175476,0.0729748010635376,0.08026672899723053,0.1986209750175476,0.09515133500099182,0.11330163478851318,0.09623470902442932,0.0,0.0,0.0,-0.022176533937454224,-0.033034905791282654,0.10238626599311829,False,False,False,True,True,False
gaussian_medium,194,noisy_input,-1,0.06374062597751617,0.06858031451702118,0.16883911192417145,0.06374062597751617,0.06858031451702118,0.16883911192417145,0.04568194970488548,0.0542171411216259,0.07765866070985794,0.0,0.0,0.0,0.01805867627263069,0.014363173395395279,0.09118045121431351,False,False,False,False,False,False
gaussian_medium,195,noisy_input,-1,0.054165881127119064,0.06234164908528328,0.17377689480781555,0.054165881127119064,0.06234164908528328,0.17377689480781555,0.08288542926311493,0.10209956020116806,0.07802359014749527,0.0,0.0,0.0,-0.028719548135995865,-0.03975791111588478,0.09575330466032028,False,False,False,True,True,False
gaussian_medium,196,noisy_input,-1,0.06728403270244598,0.07599834352731705,0.19580087065696716,0.06728403270244598,0.07599834352731705,0.19580087065696716,0.07191333174705505,0.07989911735057831,0.0902511328458786,0.0,0.0,0.0,-0.00462929904460907,-0.003900773823261261,0.10554973781108856,False,False,False,True,True,False
gaussian_medium,197,noisy_input,-1,0.08035345375537872,0.08750757575035095,0.3378902077674866,0.08035345375537872,0.08750757575035095,0.3378902077674866,0.08338262885808945,0.09782598167657852,0.13645607233047485,0.0,0.0,0.0,-0.003029175102710724,-0.01031840592622757,0.20143413543701172,False,False,False,True,True,False
gaussian_medium,198,noisy_input,-1,0.05049503594636917,0.060940880328416824,0.14358703792095184,0.05049503594636917,0.060940880328416824,0.14358703792095184,0.09945684671401978,0.1142820343375206,0.09235890209674835,0.0,0.0,0.0,-0.048961810767650604,-0.053341154009103775,0.05122813582420349,False,False,False,True,True,False
gaussian_medium,199,noisy_input,-1,0.06212310865521431,0.06970205903053284,0.4190860390663147,0.06212310865521431,0.06970205903053284,0.4190860390663147,0.07930950820446014,0.09314601123332977,0.16219818592071533,0.0,0.0,0.0,-0.017186399549245834,-0.023443952202796936,0.25688785314559937,False,False,False,True,True,False
gaussian_medium,0,kalman_cv,-1,0.12529787421226501,0.14517368376255035,0.15431571006774902,0.05268967151641846,0.057725291699171066,0.25759485363960266,0.12529787421226501,0.14517368376255035,0.15431571006774902,0.07260820269584656,0.08744838833808899,-0.10327914357185364,0.0,0.0,0.0,False,False,True,False,False,False
gaussian_medium,1,kalman_cv,-1,0.0972161591053009,0.10865356028079987,0.10967317223548889,0.06313766539096832,0.07085802406072617,0.21430154144763947,0.0972161591053009,0.10865356028079987,0.10967317223548889,0.03407849371433258,0.0377955362200737,-0.10462836921215057,0.0,0.0,0.0,False,False,True,False,False,False
gaussian_medium,2,kalman_cv,-1,0.09375806152820587,0.11739296466112137,0.1759970486164093,0.051779210567474365,0.05571683496236801,0.4836506247520447,0.09375806152820587,0.11739296466112137,0.1759970486164093,0.041978850960731506,0.06167612969875336,-0.3076535761356354,0.0,0.0,0.0,False,False,True,False,False,False
gaussian_medium,3,kalman_cv,-1,0.07630807906389236,0.10413453727960587,0.08461419492959976,0.05588671565055847,0.061272185295820236,0.15313297510147095,0.07630807906389236,0.10413453727960587,0.08461419492959976,0.020421363413333893,0.04286235198378563,-0.06851878017187119,0.0,0.0,0.0,False,False,True,False,False,False
gaussian_medium,4,kalman_cv,-1,0.05667905882000923,0.07265491038560867,0.0768871083855629,0.05658530071377754,0.06404129415750504,0.1726716309785843,0.05667905882000923,0.07265491038560867,0.0768871083855629,9.375810623168945e-05,0.008613616228103638,-0.09578452259302139,0.0,0.0,0.0,False,False,True,False,False,False
gaussian_medium,5,kalman_cv,-1,0.12682223320007324,0.15358968079090118,0.09472231566905975,0.06796588748693466,0.07432424277067184,0.16809971630573273,0.12682223320007324,0.15358968079090118,0.09472231566905975,0.05885634571313858,0.07926543802022934,-0.07337740063667297,0.0,0.0,0.0,False,False,True,False,False,False
gaussian_medium,6,kalman_cv,-1,0.11094464361667633,0.1248965859413147,0.17236582934856415,0.056925155222415924,0.06360159814357758,0.46997445821762085,0.11094464361667633,0.1248965859413147,0.17236582934856415,0.054019488394260406,0.06129498779773712,-0.2976086139678955,0.0,0.0,0.0,False,False,True,False,False,False
gaussian_medium,7,kalman_cv,-1,0.07777988165616989,0.09143956750631332,0.09678444266319275,0.06172262877225876,0.07102378457784653,0.2411469668149948,0.07777988165616989,0.09143956750631332,0.09678444266319275,0.016057252883911133,0.020415782928466797,-0.14436252415180206,0.0,0.0,0.0,False,False,True,False,False,False
gaussian_medium,8,kalman_cv,-1,0.13667991757392883,0.1608559936285019,0.12941202521324158,0.06060759350657463,0.0739072784781456,0.19851376116275787,0.13667991757392883,0.1608559936285019,0.12941202521324158,0.0760723203420639,0.08694871515035629,-0.0691017359495163,0.0,0.0,0.0,False,False,True,False,False,False
gaussian_medium,9,kalman_cv,-1,0.05514400452375412,0.061181992292404175,0.08773085474967957,0.0659550279378891,0.07036367803812027,0.19999346137046814,0.05514400452375412,0.061181992292404175,0.08773085474967957,-0.01081102341413498,-0.009181685745716095,-0.11226260662078857,0.0,0.0,0.0,True,True,True,False,False,False
gaussian_medium,10,kalman_cv,-1,0.07535805553197861,0.1050732284784317,0.0868905708193779,0.05687336251139641,0.06923065334558487,0.16831055283546448,0.07535805553197861,0.1050732284784317,0.0868905708193779,0.0184846930205822,0.03584257513284683,-0.08141998201608658,0.0,0.0,0.0,False,False,True,False,False,False
gaussian_medium,11,kalman_cv,-1,0.1125505343079567,0.1267641931772232,0.1888846904039383,0.06904856115579605,0.08011011779308319,0.4834783971309662,0.1125505343079567,0.1267641931772232,0.1888846904039383,0.043501973152160645,0.046654075384140015,-0.2945936918258667,0.0,0.0,0.0,False,False,True,False,False,False
gaussian_medium,12,kalman_cv,-1,0.0953829437494278,0.10913003236055374,0.16458579897880554,0.06322519481182098,0.07269512861967087,0.44773557782173157,0.0953829437494278,0.10913003236055374,0.16458579897880554,0.03215774893760681,0.036434903740882874,-0.283149778842926,0.0,0.0,0.0,False,False,True,False,False,False
gaussian_medium,13,kalman_cv,-1,0.06686224043369293,0.07405371218919754,0.0764070525765419,0.07754329591989517,0.08461974561214447,0.1705045998096466,0.06686224043369293,0.07405371218919754,0.0764070525765419,-0.01068105548620224,-0.01056603342294693,-0.0940975472331047,0.0,0.0,0.0,True,True,True,False,False,False
gaussian_medium,14,kalman_cv,-1,0.12212444841861725,0.13505029678344727,0.11139941215515137,0.0635475218296051,0.07099167257547379,0.17696505784988403,0.12212444841861725,0.13505029678344727,0.11139941215515137,0.058576926589012146,0.06405862420797348,-0.06556564569473267,0.0,0.0,0.0,False,False,True,False,False,False
gaussian_medium,15,kalman_cv,-1,0.11168408393859863,0.12970519065856934,0.1057356670498848,0.06149406358599663,0.06745760887861252,0.19606755673885345,0.11168408393859863,0.12970519065856934,0.1057356670498848,0.050190020352602005,0.06224758177995682,-0.09033188968896866,0.0,0.0,0.0,False,False,True,False,False,False
gaussian_medium,16,kalman_cv,-1,0.05643541365861893,0.07842373102903366,0.0731649100780487,0.0525021068751812,0.06145070493221283,0.18295051157474518,0.05643541365861893,0.07842373102903366,0.0731649100780487,0.003933306783437729,0.01697302609682083,-0.10978560149669647,0.0,0.0,0.0,False,False,True,False,False,False
gaussian_medium,17,kalman_cv,-1,0.06839462369680405,0.07974874973297119,0.09814289212226868,0.06533661484718323,0.06932801753282547,0.1858934462070465,0.06839462369680405,0.07974874973297119,0.09814289212226868,0.003058008849620819,0.010420732200145721,-0.08775055408477783,0.0,0.0,0.0,False,False,True,False,False,False
gaussian_medium,18,kalman_cv,-1,0.08144915848970413,0.09828464686870575,0.10069424659013748,0.06372842937707901,0.07014530897140503,0.24260497093200684,0.08144915848970413,0.09828464686870575,0.10069424659013748,0.017720729112625122,0.02813933789730072,-0.14191073179244995,0.0,0.0,0.0,False,False,True,False,False,False
gaussian_medium,19,kalman_cv,-1,0.10456264019012451,0.12385936826467514,0.20973414182662964,0.06326358020305634,0.07194865494966507,0.5803443789482117,0.10456264019012451,0.12385936826467514,0.20973414182662964,0.041299059987068176,0.05191071331501007,-0.37061023712158203,0.0,0.0,0.0,False,False,True,False,False,False
gaussian_medium,20,kalman_cv,-1,0.09243113547563553,0.1133967712521553,0.0828932523727417,0.05830741673707962,0.06681666523218155,0.1485026627779007,0.09243113547563553,0.1133967712521553,0.0828932523727417,0.03412371873855591,0.046580106019973755,-0.065609410405159,0.0,0.0,0.0,False,False,True,False,False,False
gaussian_medium,21,kalman_cv,-1,0.08594666421413422,0.09556233137845993,0.09044021368026733,0.06869306415319443,0.07604878395795822,0.17002573609352112,0.08594666421413422,0.09556233137845993,0.09044021368026733,0.01725360006093979,0.01951354742050171,-0.07958552241325378,0.0,0.0,0.0,False,False,True,False,False,False
gaussian_medium,22,kalman_cv,-1,0.04468679428100586,0.05039234459400177,0.08038172125816345,0.06361999362707138,0.06911365687847137,0.1777394413948059,0.04468679428100586,0.05039234459400177,0.08038172125816345,-0.01893319934606552,-0.018721312284469604,-0.09735772013664246,0.0,0.0,0.0,True,True,True,False,False,False
gaussian_medium,23,kalman_cv,-1,0.08421041071414948,0.0959165170788765,0.15948551893234253,0.0694975033402443,0.07637134194374084,0.43005678057670593,0.08421041071414948,0.0959165170788765,0.15948551893234253,0.014712907373905182,0.01954517513513565,-0.2705712616443634,0.0,0.0,0.0,False,False,True,False,False,False
gaussian_medium,24,kalman_cv,-1,0.05886750668287277,0.06911837309598923,0.06910611689090729,0.06091035529971123,0.06678153574466705,0.16263523697853088,0.05886750668287277,0.06911837309598923,0.06910611689090729,-0.002042848616838455,0.002336837351322174,-0.0935291200876236,0.0,0.0,0.0,True,False,True,False,False,False
gaussian_medium,25,kalman_cv,-1,0.07961530238389969,0.09095113724470139,0.09747947007417679,0.06001255661249161,0.06595594435930252,0.18232184648513794,0.07961530238389969,0.09095113724470139,0.09747947007417679,0.01960274577140808,0.024995192885398865,-0.08484237641096115,0.0,0.0,0.0,False,False,True,False,False,False
gaussian_medium,26,kalman_cv,-1,0.08551899343729019,0.10191495716571808,0.07804542034864426,0.06416813284158707,0.07222946733236313,0.16826771199703217,0.08551899343729019,0.10191495716571808,0.07804542034864426,0.021350860595703125,0.02968548983335495,-0.09022229164838791,0.0,0.0,0.0,False,False,True,False,False,False
gaussian_medium,27,kalman_cv,-1,0.06460846215486526,0.0801643431186676,0.0858115702867508,0.053119100630283356,0.06218366324901581,0.17524825036525726,0.06460846215486526,0.0801643431186676,0.0858115702867508,0.01148936152458191,0.017980679869651794,-0.08943668007850647,0.0,0.0,0.0,False,False,True,False,False,False
gaussian_medium,28,kalman_cv,-1,0.08821259438991547,0.0985681563615799,0.11641392111778259,0.06145323067903519,0.06438960134983063,0.31665515899658203,0.08821259438991547,0.0985681563615799,0.11641392111778259,0.02675936371088028,0.03417855501174927,-0.20024123787879944,0.0,0.0,0.0,False,False,True,False,False,False
gaussian_medium,29,kalman_cv,-1,0.045068658888339996,0.0563717782497406,0.07350710779428482,0.04525135084986687,0.049853064119815826,0.17828969657421112,0.045068658888339996,0.0563717782497406,0.07350710779428482,-0.00018269196152687073,0.006518714129924774,-0.1047825887799263,0.0,0.0,0.0,True,False,True,False,False,False
gaussian_medium,30,kalman_cv,-1,0.03874734789133072,0.04543539509177208,0.07505912333726883,0.05629705265164375,0.06097611039876938,0.15503937005996704,0.03874734789133072,0.04543539509177208,0.07505912333726883,-0.017549704760313034,-0.0155407153069973,-0.07998024672269821,0.0,0.0,0.0,True,True,True,False,False,False
gaussian_medium,31,kalman_cv,-1,0.0803450345993042,0.10264239460229874,0.08220918476581573,0.06441095471382141,0.0694565698504448,0.17235404253005981,0.0803450345993042,0.10264239460229874,0.08220918476581573,0.015934079885482788,0.03318582475185394,-0.09014485776424408,0.0,0.0,0.0,False,False,True,False,False,False
gaussian_medium,32,kalman_cv,-1,0.03807102143764496,0.042552556842565536,0.05903628095984459,0.048632748425006866,0.05626371130347252,0.1344148814678192,0.03807102143764496,0.042552556842565536,0.05903628095984459,-0.010561726987361908,-0.013711154460906982,-0.07537859678268433,0.0,0.0,0.0,True,True,True,False,False,False
gaussian_medium,33,kalman_cv,-1,0.0897296816110611,0.11102332919836044,0.14385737478733063,0.04978462681174278,0.0553671270608902,0.3969765901565552,0.0897296816110611,0.11102332919836044,0.14385737478733063,0.039945054799318314,0.055656202137470245,-0.25311923027038574,0.0,0.0,0.0,False,False,True,False,False,False
gaussian_medium,34,kalman_cv,-1,0.05232954025268555,0.05817698314785957,0.07489174604415894,0.06210090592503548,0.0672195628285408,0.16616785526275635,0.05232954025268555,0.05817698314785957,0.07489174604415894,-0.00977136567234993,-0.009042579680681229,-0.09127610921859741,0.0,0.0,0.0,True,True,True,False,False,False
gaussian_medium,35,kalman_cv,-1,0.14610914885997772,0.16376319527626038,0.1328599750995636,0.06946993619203568,0.07746315747499466,0.22422467172145844,0.14610914885997772,0.16376319527626038,0.1328599750995636,0.07663921266794205,0.08630003780126572,-0.09136469662189484,0.0,0.0,0.0,False,False,True,False,False,False
gaussian_medium,36,kalman_cv,-1,0.06268937885761261,0.07699908316135406,0.0722174420952797,0.0519719198346138,0.05791193246841431,0.12539997696876526,0.06268937885761261,0.07699908316135406,0.0722174420952797,0.01071745902299881,0.01908715069293976,-0.053182534873485565,0.0,0.0,0.0,False,False,True,False,False,False
gaussian_medium,37,kalman_cv,-1,0.04616834223270416,0.05102914944291115,0.05837356299161911,0.054066289216279984,0.060988396406173706,0.12783241271972656,0.04616834223270416,0.05102914944291115,0.05837356299161911,-0.007897946983575821,-0.009959246963262558,-0.06945884972810745,0.0,0.0,0.0,True,True,True,False,False,False
gaussian_medium,38,kalman_cv,-1,0.112945057451725,0.13153612613677979,0.11281928420066833,0.05767141655087471,0.06649630516767502,0.1928032487630844,0.112945057451725,0.13153612613677979,0.11281928420066833,0.055273640900850296,0.06503982096910477,-0.07998396456241608,0.0,0.0,0.0,False,False,True,False,False,False
gaussian_medium,39,kalman_cv,-1,0.057680100202560425,0.07361862808465958,0.0632728636264801,0.058270812034606934,0.062285520136356354,0.14028388261795044,0.057680100202560425,0.07361862808465958,0.0632728636264801,-0.0005907118320465088,0.011333107948303223,-0.07701101899147034,0.0,0.0,0.0,True,False,True,False,False,False
gaussian_medium,40,kalman_cv,-1,0.10869055986404419,0.1263016313314438,0.09038344025611877,0.06381482630968094,0.07164228707551956,0.15788374841213226,0.10869055986404419,0.1263016313314438,0.09038344025611877,0.04487573355436325,0.054659344255924225,-0.06750030815601349,0.0,0.0,0.0,False,False,True,False,False,False
gaussian_medium,41,kalman_cv,-1,0.055353861302137375,0.06928640604019165,0.0878952220082283,0.04674428701400757,0.05210253968834877,0.2257722020149231,0.055353861302137375,0.06928640604019165,0.0878952220082283,0.008609574288129807,0.01718386635184288,-0.1378769874572754,0.0,0.0,0.0,False,False,True,False,False,False
gaussian_medium,42,kalman_cv,-1,0.1428239643573761,0.16340617835521698,0.13068650662899017,0.06890759617090225,0.07556033879518509,0.20640581846237183,0.1428239643573761,0.16340617835521698,0.13068650662899017,0.07391636818647385,0.08784583956003189,-0.07571931183338165,0.0,0.0,0.0,False,False,True,False,False,False
gaussian_medium,43,kalman_cv,-1,0.1017882451415062,0.11514029651880264,0.1861364245414734,0.05525180697441101,0.0630064457654953,0.5142030119895935,0.1017882451415062,0.11514029651880264,0.1861364245414734,0.046536438167095184,0.05213385075330734,-0.3280665874481201,0.0,0.0,0.0,False,False,True,False,False,False
gaussian_medium,44,kalman_cv,-1,0.08014661073684692,0.09082065522670746,0.0960921049118042,0.058719534426927567,0.06605015695095062,0.1930064558982849,0.08014661073684692,0.09082065522670746,0.0960921049118042,0.021427076309919357,0.024770498275756836,-0.09691435098648071,0.0,0.0,0.0,False,False,True,False,False,False
gaussian_medium,45,kalman_cv,-1,0.06537096202373505,0.07719239592552185,0.07987998425960541,0.05506425350904465,0.059542473405599594,0.1535624861717224,0.06537096202373505,0.07719239592552185,0.07987998425960541,0.0103067085146904,0.017649922519922256,-0.073682501912117,0.0,0.0,0.0,False,False,True,False,False,False
gaussian_medium,46,kalman_cv,-1,0.06731045246124268,0.08105403184890747,0.08457271009683609,0.06088675186038017,0.06547555327415466,0.21503746509552002,0.06731045246124268,0.08105403184890747,0.08457271009683609,0.006423700600862503,0.015578478574752808,-0.13046476244926453,0.0,0.0,0.0,False,False,True,False,False,False
gaussian_medium,47,kalman_cv,-1,0.08783204853534698,0.10454528778791428,0.06935080885887146,0.05681475251913071,0.06625670194625854,0.14031903445720673,0.08783204853534698,0.10454528778791428,0.06935080885887146,0.031017296016216278,0.03828858584165573,-0.07096822559833527,0.0,0.0,0.0,False,False,True,False,False,False
gaussian_medium,48,kalman_cv,-1,0.06788663566112518,0.07316448539495468,0.12217546999454498,0.06416036933660507,0.07090205699205399,0.33097895979881287,0.06788663566112518,0.07316448539495468,0.12217546999454498,0.003726266324520111,0.002262428402900696,-0.20880348980426788,0.0,0.0,0.0,False,False,True,False,False,False
gaussian_medium,49,kalman_cv,-1,0.09345071017742157,0.11502446979284286,0.15426112711429596,0.050704699009656906,0.055561307817697525,0.43534010648727417,0.09345071017742157,0.11502446979284286,0.15426112711429596,0.042746011167764664,0.05946316197514534,-0.2810789942741394,0.0,0.0,0.0,False,False,True,False,False,False
gaussian_medium,50,kalman_cv,-1,0.06647457182407379,0.07735765725374222,0.07994630187749863,0.06765604764223099,0.08247542381286621,0.15266388654708862,0.06647457182407379,0.07735765725374222,0.07994630187749863,-0.001181475818157196,-0.005117766559123993,-0.07271758466959,0.0,0.0,0.0,True,True,True,False,False,False
gaussian_medium,51,kalman_cv,-1,0.07275380939245224,0.07833679765462875,0.07268514484167099,0.05603696033358574,0.06232739984989166,0.15089493989944458,0.07275380939245224,0.07833679765462875,0.07268514484167099,0.0167168490588665,0.01600939780473709,-0.07820979505777359,0.0,0.0,0.0,False,False,True,False,False,False
gaussian_medium,52,kalman_cv,-1,0.06380448490381241,0.07796647399663925,0.09404155611991882,0.04654904827475548,0.05289354920387268,0.2181859165430069,0.06380448490381241,0.07796647399663925,0.09404155611991882,0.01725543662905693,0.02507292479276657,-0.12414436042308807,0.0,0.0,0.0,False,False,True,False,False,False
gaussian_medium,53,kalman_cv,-1,0.08806419372558594,0.11524361371994019,0.08799830079078674,0.05436959117650986,0.06369820237159729,0.15194040536880493,0.08806419372558594,0.11524361371994019,0.08799830079078674,0.03369460254907608,0.051545411348342896,-0.06394210457801819,0.0,0.0,0.0,False,False,True,False,False,False
gaussian_medium,54,kalman_cv,-1,0.15330655872821808,0.17771892249584198,0.1391122192144394,0.05588964745402336,0.06263424456119537,0.1693001240491867,0.15330655872821808,0.17771892249584198,0.1391122192144394,0.09741690754890442,0.1150846779346466,-0.030187904834747314,0.0,0.0,0.0,False,False,True,False,False,False
gaussian_medium,55,kalman_cv,-1,0.13965657353401184,0.16711007058620453,0.13090240955352783,0.0649377852678299,0.07140223681926727,0.221160426735878,0.13965657353401184,0.16711007058620453,0.13090240955352783,0.07471878826618195,0.09570783376693726,-0.09025801718235016,0.0,0.0,0.0,False,False,True,False,False,False
gaussian_medium,56,kalman_cv,-1,0.048608262091875076,0.0536445789039135,0.059951916337013245,0.0474541038274765,0.054222606122493744,0.1410312056541443,0.048608262091875076,0.0536445789039135,0.059951916337013245,0.0011541582643985748,-0.000578027218580246,-0.08107928931713104,0.0,0.0,0.0,False,True,True,False,False,False
gaussian_medium,57,kalman_cv,-1,0.10828615725040436,0.1300657093524933,0.09592897444963455,0.05567995831370354,0.06225590035319328,0.17635172605514526,0.10828615725040436,0.1300657093524933,0.09592897444963455,0.05260619893670082,0.0678098052740097,-0.08042275160551071,0.0,0.0,0.0,False,False,True,False,False,False
gaussian_medium,58,kalman_cv,-1,0.05568752437829971,0.06097133085131645,0.062678761780262,0.06290137022733688,0.06835019588470459,0.12769155204296112,0.05568752437829971,0.06097133085131645,0.062678761780262,-0.00721384584903717,-0.007378865033388138,-0.06501279026269913,0.0,0.0,0.0,True,True,True,False,False,False
gaussian_medium,59,kalman_cv,-1,0.06937425583600998,0.08191487193107605,0.07579575479030609,0.06501203775405884,0.07062306255102158,0.1676061749458313,0.06937425583600998,0.08191487193107605,0.07579575479030609,0.004362218081951141,0.011291809380054474,-0.09181042015552521,0.0,0.0,0.0,False,False,True,False,False,False
gaussian_medium,60,kalman_cv,-1,0.09320569783449173,0.11541580408811569,0.1529051810503006,0.07986714690923691,0.08753584325313568,0.3615890145301819,0.09320569783449173,0.11541580408811569,0.1529051810503006,0.013338550925254822,0.02787996083498001,-0.2086838334798813,0.0,0.0,0.0,False,False,True,False,False,False
gaussian_medium,61,kalman_cv,-1,0.06705813854932785,0.07699379324913025,0.07850740849971771,0.06355413794517517,0.07137571275234222,0.18731608986854553,0.06705813854932785,0.07699379324913025,0.07850740849971771,0.0035040006041526794,0.005618080496788025,-0.10880868136882782,0.0,0.0,0.0,False,False,True,False,False,False
gaussian_medium,62,kalman_cv,-1,0.049396343529224396,0.053224124014377594,0.06488995999097824,0.060209810733795166,0.06651534885168076,0.14791762828826904,0.049396343529224396,0.053224124014377594,0.06488995999097824,-0.01081346720457077,-0.013291224837303162,-0.0830276682972908,0.0,0.0,0.0,True,True,True,False,False,False
gaussian_medium,63,kalman_cv,-1,0.0807112604379654,0.09007512778043747,0.0889793112874031,0.06362495571374893,0.0706520825624466,0.17745628952980042,0.0807112604379654,0.09007512778043747,0.0889793112874031,0.01708630472421646,0.019423045217990875,-0.08847697824239731,0.0,0.0,0.0,False,False,True,False,False,False
gaussian_medium,64,kalman_cv,-1,0.06648920476436615,0.08591584861278534,0.06633707135915756,0.05301336571574211,0.06215537339448929,0.15553700923919678,0.06648920476436615,0.08591584861278534,0.06633707135915756,0.013475839048624039,0.02376047521829605,-0.08919993788003922,0.0,0.0,0.0,False,False,True,False,False,False
gaussian_medium,65,kalman_cv,-1,0.10768786817789078,0.12152266502380371,0.10990932583808899,0.06843168288469315,0.07318937033414841,0.21629437804222107,0.10768786817789078,0.12152266502380371,0.10990932583808899,0.03925618529319763,0.048333294689655304,-0.10638505220413208,0.0,0.0,0.0,False,False,True,False,False,False
gaussian_medium,66,kalman_cv,-1,0.06862256675958633,0.0772557258605957,0.08954665809869766,0.08183147758245468,0.09079550206661224,0.20187802612781525,0.06862256675958633,0.0772557258605957,0.08954665809869766,-0.013208910822868347,-0.01353977620601654,-0.11233136802911758,0.0,0.0,0.0,True,True,True,False,False,False
gaussian_medium,67,kalman_cv,-1,0.08686287701129913,0.1036376878619194,0.08728952705860138,0.04765406250953674,0.05380195751786232,0.15165942907333374,0.08686287701129913,0.1036376878619194,0.08728952705860138,0.03920881450176239,0.04983573034405708,-0.06436990201473236,0.0,0.0,0.0,False,False,True,False,False,False
gaussian_medium,68,kalman_cv,-1,0.06210776045918465,0.07548367977142334,0.0870240181684494,0.06450282037258148,0.07236339151859283,0.19587844610214233,0.06210776045918465,0.07548367977142334,0.0870240181684494,-0.0023950599133968353,0.0031202882528305054,-0.10885442793369293,0.0,0.0,0.0,True,False,True,False,False,False
gaussian_medium,69,kalman_cv,-1,0.07174934446811676,0.08514843136072159,0.09439700841903687,0.06581691652536392,0.0700242668390274,0.22751519083976746,0.07174934446811676,0.08514843136072159,0.09439700841903687,0.005932427942752838,0.015124164521694183,-0.1331181824207306,0.0,0.0,0.0,False,False,True,False,False,False
gaussian_medium,70,kalman_cv,-1,0.07864745706319809,0.09715275466442108,0.10977312177419662,0.06503480672836304,0.07312535494565964,0.26727980375289917,0.07864745706319809,0.09715275466442108,0.10977312177419662,0.013612650334835052,0.024027399718761444,-0.15750667452812195,0.0,0.0,0.0,False,False,True,False,False,False
gaussian_medium,71,kalman_cv,-1,0.1076890379190445,0.12818403542041779,0.17079782485961914,0.08243260532617569,0.09130103886127472,0.430653840303421,0.1076890379190445,0.12818403542041779,0.17079782485961914,0.025256432592868805,0.036882996559143066,-0.2598560154438019,0.0,0.0,0.0,False,False,True,False,False,False
gaussian_medium,72,kalman_cv,-1,0.12831208109855652,0.14897313714027405,0.12247622013092041,0.059163399040699005,0.06551691889762878,0.21139493584632874,0.12831208109855652,0.14897313714027405,0.12247622013092041,0.06914868205785751,0.08345621824264526,-0.08891871571540833,0.0,0.0,0.0,False,False,True,False,False,False
gaussian_medium,73,kalman_cv,-1,0.08089907467365265,0.0954967811703682,0.09982328861951828,0.048943597823381424,0.059210751205682755,0.170535609126091,0.08089907467365265,0.0954967811703682,0.09982328861951828,0.031955476850271225,0.03628602996468544,-0.07071232050657272,0.0,0.0,0.0,False,False,True,False,False,False
gaussian_medium,74,kalman_cv,-1,0.07875508069992065,0.10137559473514557,0.1493482142686844,0.05488523095846176,0.06209534779191017,0.3997913897037506,0.07875508069992065,0.10137559473514557,0.1493482142686844,0.023869849741458893,0.0392802469432354,-0.25044316053390503,0.0,0.0,0.0,False,False,True,False,False,False
gaussian_medium,75,kalman_cv,-1,0.04996796324849129,0.05643586814403534,0.06322984397411346,0.061505354940891266,0.07200919836759567,0.15565665066242218,0.04996796324849129,0.05643586814403534,0.06322984397411346,-0.011537391692399979,-0.015573330223560333,-0.09242680668830872,0.0,0.0,0.0,True,True,True,False,False,False
gaussian_medium,76,kalman_cv,-1,0.05375320836901665,0.06410188972949982,0.07128793001174927,0.06336772441864014,0.06893615424633026,0.16765718162059784,0.05375320836901665,0.06410188972949982,0.07128793001174927,-0.00961451604962349,-0.004834264516830444,-0.09636925160884857,0.0,0.0,0.0,True,True,True,False,False,False
gaussian_medium,77,kalman_cv,-1,0.05599760264158249,0.06255166977643967,0.06804715842008591,0.057621002197265625,0.06622353196144104,0.1471443772315979,0.05599760264158249,0.06255166977643967,0.06804715842008591,-0.001623399555683136,-0.0036718621850013733,-0.079097218811512,0.0,0.0,0.0,True,True,True,False,False,False
gaussian_medium,78,kalman_cv,-1,0.047484248876571655,0.05415324121713638,0.054498083889484406,0.055813103914260864,0.06254932284355164,0.1270044893026352,0.047484248876571655,0.05415324121713638,0.054498083889484406,-0.008328855037689209,-0.008396081626415253,-0.07250640541315079,0.0,0.0,0.0,True,True,True,False,False,False
gaussian_medium,79,kalman_cv,-1,0.06140183284878731,0.0677388608455658,0.07807531207799911,0.05461578816175461,0.06252054125070572,0.18641580641269684,0.06140183284878731,0.0677388608455658,0.07807531207799911,0.0067860446870327,0.005218319594860077,-0.10834049433469772,0.0,0.0,0.0,False,False,True,False,False,False
gaussian_medium,80,kalman_cv,-1,0.043805550783872604,0.054113831371068954,0.06826687604188919,0.06143757700920105,0.07038457691669464,0.16220363974571228,0.043805550783872604,0.054113831371068954,0.06826687604188919,-0.017632026225328445,-0.016270745545625687,-0.09393676370382309,0.0,0.0,0.0,True,True,True,False,False,False
gaussian_medium,81,kalman_cv,-1,0.13173100352287292,0.14868614077568054,0.14832067489624023,0.06261061131954193,0.06964774429798126,0.22152715921401978,0.13173100352287292,0.14868614077568054,0.14832067489624023,0.069120392203331,0.07903839647769928,-0.07320648431777954,0.0,0.0,0.0,False,False,True,False,False,False
gaussian_medium,82,kalman_cv,-1,0.13376091420650482,0.1613091379404068,0.1487712264060974,0.06371063739061356,0.06747692823410034,0.2529352307319641,0.13376091420650482,0.1613091379404068,0.1487712264060974,0.07005027681589127,0.09383220970630646,-0.1041640043258667,0.0,0.0,0.0,False,False,True,False,False,False
gaussian_medium,83,kalman_cv,-1,0.05164887383580208,0.06379976123571396,0.056130826473236084,0.06458045542240143,0.07572315633296967,0.1238197460770607,0.05164887383580208,0.06379976123571396,0.056130826473236084,-0.01293158158659935,-0.011923395097255707,-0.06768891960382462,0.0,0.0,0.0,True,True,True,False,False,False
gaussian_medium,84,kalman_cv,-1,0.06232018396258354,0.0730639100074768,0.13761843740940094,0.06669057905673981,0.0781894251704216,0.3272639513015747,0.06232018396258354,0.0730639100074768,0.13761843740940094,-0.004370395094156265,-0.005125515162944794,-0.18964551389217377,0.0,0.0,0.0,True,True,True,False,False,False
gaussian_medium,85,kalman_cv,-1,0.08543301373720169,0.10398469120264053,0.15394435822963715,0.058885347098112106,0.06669173389673233,0.414104700088501,0.08543301373720169,0.10398469120264053,0.15394435822963715,0.026547666639089584,0.0372929573059082,-0.26016032695770264,0.0,0.0,0.0,False,False,True,False,False,False
gaussian_medium,86,kalman_cv,-1,0.11469225585460663,0.1347866952419281,0.11775562167167664,0.05872054770588875,0.06591162830591202,0.20251381397247314,0.11469225585460663,0.1347866952419281,0.11775562167167664,0.05597170814871788,0.06887506693601608,-0.08475819230079651,0.0,0.0,0.0,False,False,True,False,False,False
gaussian_medium,87,kalman_cv,-1,0.09252609312534332,0.1165836974978447,0.18229401111602783,0.0609772689640522,0.06969040632247925,0.517386257648468,0.09252609312534332,0.1165836974978447,0.18229401111602783,0.03154882416129112,0.04689329117536545,-0.3350922465324402,0.0,0.0,0.0,False,False,True,False,False,False
gaussian_medium,88,kalman_cv,-1,0.05788273364305496,0.06939943879842758,0.07858433574438095,0.06288284063339233,0.0694887563586235,0.17748552560806274,0.05788273364305496,0.06939943879842758,0.07858433574438095,-0.005000106990337372,-8.931756019592285e-05,-0.0989011898636818,0.0,0.0,0.0,True,True,True,False,False,False
gaussian_medium,89,kalman_cv,-1,0.09721574932336807,0.12792930006980896,0.10490168631076813,0.06404105573892593,0.0755595937371254,0.22349926829338074,0.09721574932336807,0.12792930006980896,0.10490168631076813,0.03317469358444214,0.05236970633268356,-0.11859758198261261,0.0,0.0,0.0,False,False,True,False,False,False
gaussian_medium,90,kalman_cv,-1,0.10846875607967377,0.11480225622653961,0.16578835248947144,0.06123713403940201,0.06656623631715775,0.3742240071296692,0.10846875607967377,0.11480225622653961,0.16578835248947144,0.04723162204027176,0.048236019909381866,-0.20843565464019775,0.0,0.0,0.0,False,False,True,False,False,False
gaussian_medium,91,kalman_cv,-1,0.07167880237102509,0.09203120321035385,0.08763167262077332,0.07062261551618576,0.08143483102321625,0.18131333589553833,0.07167880237102509,0.09203120321035385,0.08763167262077332,0.001056186854839325,0.010596372187137604,-0.09368166327476501,0.0,0.0,0.0,False,False,True,False,False,False
gaussian_medium,92,kalman_cv,-1,0.07958246767520905,0.09701431542634964,0.08285306394100189,0.06249571964144707,0.0675351470708847,0.18886736035346985,0.07958246767520905,0.09701431542634964,0.08285306394100189,0.017086748033761978,0.029479168355464935,-0.10601429641246796,0.0,0.0,0.0,False,False,True,False,False,False
gaussian_medium,93,kalman_cv,-1,0.09832006692886353,0.12360107898712158,0.10812805593013763,0.07992082089185715,0.08878232538700104,0.22813326120376587,0.09832006692886353,0.12360107898712158,0.10812805593013763,0.018399246037006378,0.034818753600120544,-0.12000520527362823,0.0,0.0,0.0,False,False,True,False,False,False
gaussian_medium,94,kalman_cv,-1,0.08276674896478653,0.10058315843343735,0.12202835083007812,0.06401105225086212,0.06877055019140244,0.30806803703308105,0.08276674896478653,0.10058315843343735,0.12202835083007812,0.018755696713924408,0.03181260824203491,-0.18603968620300293,0.0,0.0,0.0,False,False,True,False,False,False
gaussian_medium,95,kalman_cv,-1,0.047720767557621,0.054087039083242416,0.07158920913934708,0.06344695389270782,0.07464179396629333,0.1804322600364685,0.047720767557621,0.054087039083242416,0.07158920913934708,-0.015726186335086823,-0.02055475488305092,-0.10884305089712143,0.0,0.0,0.0,True,True,True,False,False,False
gaussian_medium,96,kalman_cv,-1,0.0910559743642807,0.10789001733064651,0.08745640516281128,0.05727323889732361,0.06087341159582138,0.17227008938789368,0.0910559743642807,0.10789001733064651,0.08745640516281128,0.03378273546695709,0.047016605734825134,-0.0848136842250824,0.0,0.0,0.0,False,False,True,False,False,False
gaussian_medium,97,kalman_cv,-1,0.06028691679239273,0.07081550359725952,0.07782384753227234,0.05725973844528198,0.06536348164081573,0.1539067029953003,0.06028691679239273,0.07081550359725952,0.07782384753227234,0.0030271783471107483,0.005452021956443787,-0.07608285546302795,0.0,0.0,0.0,False,False,True,False,False,False
gaussian_medium,98,kalman_cv,-1,0.1150994673371315,0.1282658576965332,0.10190113633871078,0.06984086334705353,0.07839515805244446,0.15195311605930328,0.1150994673371315,0.1282658576965332,0.10190113633871078,0.04525860399007797,0.049870699644088745,-0.0500519797205925,0.0,0.0,0.0,False,False,True,False,False,False
gaussian_medium,99,kalman_cv,-1,0.1352998912334442,0.1512903869152069,0.12771987915039062,0.05965913087129593,0.06772168725728989,0.2174004316329956,0.1352998912334442,0.1512903869152069,0.12771987915039062,0.07564076036214828,0.08356869965791702,-0.08968055248260498,0.0,0.0,0.0,False,False,True,False,False,False
gaussian_medium,100,kalman_cv,-1,0.09492410719394684,0.12343281507492065,0.2001308798789978,0.061298519372940063,0.06865006685256958,0.559107780456543,0.09492410719394684,0.12343281507492065,0.2001308798789978,0.033625587821006775,0.054782748222351074,-0.35897690057754517,0.0,0.0,0.0,False,False,True,False,False,False
gaussian_medium,101,kalman_cv,-1,0.09754346311092377,0.10942552238702774,0.08715121448040009,0.07044897973537445,0.08044664561748505,0.1754961609840393,0.09754346311092377,0.10942552238702774,0.08715121448040009,0.027094483375549316,0.028978876769542694,-0.08834494650363922,0.0,0.0,0.0,False,False,True,False,False,False
gaussian_medium,102,kalman_cv,-1,0.10742755979299545,0.12047137320041656,0.08857806771993637,0.05523790046572685,0.06174482777714729,0.16772402822971344,0.10742755979299545,0.12047137320041656,0.08857806771993637,0.0521896593272686,0.05872654542326927,-0.07914596050977707,0.0,0.0,0.0,False,False,True,False,False,False
gaussian_medium,103,kalman_cv,-1,0.09124589711427689,0.10280701518058777,0.08718530088663101,0.05866476893424988,0.06853143125772476,0.16977395117282867,0.09124589711427689,0.10280701518058777,0.08718530088663101,0.03258112818002701,0.03427558392286301,-0.08258865028619766,0.0,0.0,0.0,False,False,True,False,False,False
gaussian_medium,104,kalman_cv,-1,0.05481211468577385,0.06105152145028114,0.06407978385686874,0.06275846064090729,0.07007301598787308,0.14963671565055847,0.05481211468577385,0.06105152145028114,0.06407978385686874,-0.007946345955133438,-0.009021494537591934,-0.08555693179368973,0.0,0.0,0.0,True,True,True,False,False,False
gaussian_medium,105,kalman_cv,-1,0.044719260185956955,0.051559071987867355,0.07936803251504898,0.061939459294080734,0.07198608666658401,0.18103794753551483,0.044719260185956955,0.051559071987867355,0.07936803251504898,-0.01722019910812378,-0.02042701467871666,-0.10166991502046585,0.0,0.0,0.0,True,True,True,False,False,False
gaussian_medium,106,kalman_cv,-1,0.12264351546764374,0.14158068597316742,0.09050361067056656,0.07259709388017654,0.08092089742422104,0.13709700107574463,0.12264351546764374,0.14158068597316742,0.09050361067056656,0.050046421587467194,0.06065978854894638,-0.04659339040517807,0.0,0.0,0.0,False,False,True,False,False,False
gaussian_medium,107,kalman_cv,-1,0.06298675388097763,0.07301555573940277,0.09838788956403732,0.054060280323028564,0.05695231631398201,0.24029786884784698,0.06298675388097763,0.07301555573940277,0.09838788956403732,0.008926473557949066,0.01606323942542076,-0.14190998673439026,0.0,0.0,0.0,False,False,True,False,False,False
gaussian_medium,108,kalman_cv,-1,0.0842946395277977,0.11307083815336227,0.1680309772491455,0.0605158731341362,0.06790958344936371,0.4471472501754761,0.0842946395277977,0.11307083815336227,0.1680309772491455,0.0237787663936615,0.045161254703998566,-0.27911627292633057,0.0,0.0,0.0,False,False,True,False,False,False
gaussian_medium,109,kalman_cv,-1,0.10577410459518433,0.11919612437486649,0.08583149313926697,0.05685434862971306,0.06278765201568604,0.16199812293052673,0.10577410459518433,0.11919612437486649,0.08583149313926697,0.04891975596547127,0.05640847235918045,-0.07616662979125977,0.0,0.0,0.0,False,False,True,False,False,False
gaussian_medium,110,kalman_cv,-1,0.08472300320863724,0.11249775439500809,0.15221010148525238,0.053803879767656326,0.06096247583627701,0.4171982407569885,0.08472300320863724,0.11249775439500809,0.15221010148525238,0.03091912344098091,0.05153527855873108,-0.26498812437057495,0.0,0.0,0.0,False,False,True,False,False,False
gaussian_medium,111,kalman_cv,-1,0.0927303358912468,0.11808854341506958,0.08771612495183945,0.06834503263235092,0.07125105708837509,0.15973493456840515,0.0927303358912468,0.11808854341506958,0.08771612495183945,0.024385303258895874,0.04683748632669449,-0.0720188096165657,0.0,0.0,0.0,False,False,True,False,False,False
gaussian_medium,112,kalman_cv,-1,0.08926673233509064,0.11149761825799942,0.07968626171350479,0.057756416499614716,0.06401196122169495,0.1373388171195984,0.08926673233509064,0.11149761825799942,0.07968626171350479,0.03151031583547592,0.047485657036304474,-0.0576525554060936,0.0,0.0,0.0,False,False,True,False,False,False
gaussian_medium,113,kalman_cv,-1,0.10411195456981659,0.12199509888887405,0.1704181730747223,0.07053997367620468,0.0780765563249588,0.44725003838539124,0.10411195456981659,0.12199509888887405,0.1704181730747223,0.03357198089361191,0.04391854256391525,-0.27683186531066895,0.0,0.0,0.0,False,False,True,False,False,False
gaussian_medium,114,kalman_cv,-1,0.07708792388439178,0.09828725457191467,0.14565664529800415,0.05028399080038071,0.057803526520729065,0.40060532093048096,0.07708792388439178,0.09828725457191467,0.14565664529800415,0.026803933084011078,0.04048372805118561,-0.2549486756324768,0.0,0.0,0.0,False,False,True,False,False,False
gaussian_medium,115,kalman_cv,-1,0.11679557710886002,0.14621074497699738,0.17673762142658234,0.069786436855793,0.07676728814840317,0.4905249774456024,0.11679557710886002,0.14621074497699738,0.17673762142658234,0.04700914025306702,0.06944345682859421,-0.3137873411178589,0.0,0.0,0.0,False,False,True,False,False,False
gaussian_medium,116,kalman_cv,-1,0.06919886916875839,0.07904010266065598,0.0969761312007904,0.08216828107833862,0.08877268433570862,0.1972154825925827,0.06919886916875839,0.07904010266065598,0.0969761312007904,-0.01296941190958023,-0.009732581675052643,-0.1002393513917923,0.0,0.0,0.0,True,True,True,False,False,False
gaussian_medium,117,kalman_cv,-1,0.03831713646650314,0.04369094595313072,0.05668577179312706,0.05175156146287918,0.057742949575185776,0.1293429434299469,0.03831713646650314,0.04369094595313072,0.05668577179312706,-0.013434424996376038,-0.014052003622055054,-0.07265716791152954,0.0,0.0,0.0,True,True,True,False,False,False
gaussian_medium,118,kalman_cv,-1,0.10341504961252213,0.12015019357204437,0.08345627039670944,0.06253249943256378,0.0691952109336853,0.15853089094161987,0.10341504961252213,0.12015019357204437,0.08345627039670944,0.040882550179958344,0.05095498263835907,-0.07507462054491043,0.0,0.0,0.0,False,False,True,False,False,False
gaussian_medium,119,kalman_cv,-1,0.06439428776502609,0.07090190798044205,0.07135967165231705,0.06780588626861572,0.07269803434610367,0.14165262877941132,0.06439428776502609,0.07090190798044205,0.07135967165231705,-0.00341159850358963,-0.001796126365661621,-0.07029295712709427,0.0,0.0,0.0,True,True,True,False,False,False
gaussian_medium,120,kalman_cv,-1,0.07857690006494522,0.09154228866100311,0.14875134825706482,0.059413619339466095,0.06552422046661377,0.4000716209411621,0.07857690006494522,0.09154228866100311,0.14875134825706482,0.019163280725479126,0.026018068194389343,-0.2513202726840973,0.0,0.0,0.0,False,False,True,False,False,False
gaussian_medium,121,kalman_cv,-1,0.041555702686309814,0.051145587116479874,0.08577560633420944,0.06543900072574615,0.07137785851955414,0.19479991495609283,0.041555702686309814,0.051145587116479874,0.08577560633420944,-0.02388329803943634,-0.020232271403074265,-0.10902430862188339,0.0,0.0,0.0,True,True,True,False,False,False
gaussian_medium,122,kalman_cv,-1,0.12390325218439102,0.13954085111618042,0.19669532775878906,0.067314513027668,0.07474789768457413,0.5100261569023132,0.12390325218439102,0.13954085111618042,0.19669532775878906,0.05658873915672302,0.06479295343160629,-0.31333082914352417,0.0,0.0,0.0,False,False,True,False,False,False
gaussian_medium,123,kalman_cv,-1,0.1108345240354538,0.13837650418281555,0.09484073519706726,0.06365425139665604,0.06980235129594803,0.17862099409103394,0.1108345240354538,0.13837650418281555,0.09484073519706726,0.04718027263879776,0.06857415288686752,-0.08378025889396667,0.0,0.0,0.0,False,False,True,False,False,False
gaussian_medium,124,kalman_cv,-1,0.1535102128982544,0.18486125767230988,0.11638464033603668,0.07229502499103546,0.07947789877653122,0.17555390298366547,0.1535102128982544,0.18486125767230988,0.11638464033603668,0.08121518790721893,0.10538335889577866,-0.059169262647628784,0.0,0.0,0.0,False,False,True,False,False,False
gaussian_medium,125,kalman_cv,-1,0.07737384736537933,0.09418966621160507,0.11674678325653076,0.0507008321583271,0.05799226090312004,0.3153918981552124,0.07737384736537933,0.09418966621160507,0.11674678325653076,0.02667301520705223,0.03619740530848503,-0.19864511489868164,0.0,0.0,0.0,False,False,True,False,False,False
gaussian_medium,126,kalman_cv,-1,0.07590890675783157,0.09671558439731598,0.11917459964752197,0.0687909722328186,0.07765668630599976,0.29283303022384644,0.07590890675783157,0.09671558439731598,0.11917459964752197,0.00711793452501297,0.019058898091316223,-0.17365843057632446,0.0,0.0,0.0,False,False,True,False,False,False
gaussian_medium,127,kalman_cv,-1,0.08921194076538086,0.10469946265220642,0.07968658953905106,0.05025341361761093,0.0581631101667881,0.16333498060703278,0.08921194076538086,0.10469946265220642,0.07968658953905106,0.03895852714776993,0.04653635248541832,-0.08364839106798172,0.0,0.0,0.0,False,False,True,False,False,False
gaussian_medium,128,kalman_cv,-1,0.13366277515888214,0.14393240213394165,0.1283629685640335,0.07547896355390549,0.08421705663204193,0.2059471160173416,0.13366277515888214,0.14393240213394165,0.1283629685640335,0.058183811604976654,0.05971534550189972,-0.0775841474533081,0.0,0.0,0.0,False,False,True,False,False,False
gaussian_medium,129,kalman_cv,-1,0.0845702514052391,0.10369555652141571,0.10589858144521713,0.0584014467895031,0.0626315027475357,0.2846340537071228,0.0845702514052391,0.10369555652141571,0.10589858144521713,0.026168804615736008,0.041064053773880005,-0.17873546481132507,0.0,0.0,0.0,False,False,True,False,False,False
gaussian_medium,130,kalman_cv,-1,0.07837707549333572,0.09628422558307648,0.0981823056936264,0.06082163378596306,0.06922893226146698,0.24782146513462067,0.07837707549333572,0.09628422558307648,0.0981823056936264,0.017555441707372665,0.027055293321609497,-0.14963915944099426,0.0,0.0,0.0,False,False,True,False,False,False
gaussian_medium,131,kalman_cv,-1,0.09656856209039688,0.11531996726989746,0.13231748342514038,0.0703960657119751,0.07499675452709198,0.3548932671546936,0.09656856209039688,0.11531996726989746,0.13231748342514038,0.026172496378421783,0.04032321274280548,-0.22257578372955322,0.0,0.0,0.0,False,False,True,False,False,False
gaussian_medium,132,kalman_cv,-1,0.05540088564157486,0.06369918584823608,0.06872966885566711,0.057657770812511444,0.0630909726023674,0.14972493052482605,0.05540088564157486,0.06369918584823608,0.06872966885566711,-0.0022568851709365845,0.0006082132458686829,-0.08099526166915894,0.0,0.0,0.0,True,False,True,False,False,False
gaussian_medium,133,kalman_cv,-1,0.091493621468544,0.10401055961847305,0.08613310754299164,0.07890082895755768,0.08592783659696579,0.17625902593135834,0.091493621468544,0.10401055961847305,0.08613310754299164,0.012592792510986328,0.018082723021507263,-0.0901259183883667,0.0,0.0,0.0,False,False,True,False,False,False
gaussian_medium,134,kalman_cv,-1,0.08807655423879623,0.11113647371530533,0.09065839648246765,0.06966028362512589,0.07659758627414703,0.18685060739517212,0.08807655423879623,0.11113647371530533,0.09065839648246765,0.01841627061367035,0.034538887441158295,-0.09619221091270447,0.0,0.0,0.0,False,False,True,False,False,False
gaussian_medium,135,kalman_cv,-1,0.11236073821783066,0.13847272098064423,0.10575899481773376,0.06959477066993713,0.07729489356279373,0.1987147331237793,0.11236073821783066,0.13847272098064423,0.10575899481773376,0.042765967547893524,0.061177827417850494,-0.09295573830604553,0.0,0.0,0.0,False,False,True,False,False,False
gaussian_medium,136,kalman_cv,-1,0.0999903678894043,0.1170007660984993,0.11569443345069885,0.07904346287250519,0.08483950793743134,0.20913536846637726,0.0999903678894043,0.1170007660984993,0.11569443345069885,0.02094690501689911,0.03216125816106796,-0.0934409350156784,0.0,0.0,0.0,False,False,True,False,False,False
gaussian_medium,137,kalman_cv,-1,0.06587661802768707,0.0733184665441513,0.057983994483947754,0.06061019375920296,0.0663548931479454,0.13794785737991333,0.06587661802768707,0.0733184665441513,0.057983994483947754,0.005266424268484116,0.006963573396205902,-0.07996386289596558,0.0,0.0,0.0,False,False,True,False,False,False
gaussian_medium,138,kalman_cv,-1,0.10961546003818512,0.12978191673755646,0.10056919604539871,0.07277632504701614,0.07930939644575119,0.20100384950637817,0.10961546003818512,0.12978191673755646,0.10056919604539871,0.036839134991168976,0.05047252029180527,-0.10043465346097946,0.0,0.0,0.0,False,False,True,False,False,False
gaussian_medium,139,kalman_cv,-1,0.1312113106250763,0.15030963718891144,0.10507964342832565,0.05832662433385849,0.06483396142721176,0.1707523912191391,0.1312113106250763,0.15030963718891144,0.10507964342832565,0.0728846862912178,0.08547567576169968,-0.06567274779081345,0.0,0.0,0.0,False,False,True,False,False,False
gaussian_medium,140,kalman_cv,-1,0.08207020163536072,0.094312384724617,0.14707915484905243,0.06620535999536514,0.07372128963470459,0.39643633365631104,0.08207020163536072,0.094312384724617,0.14707915484905243,0.015864841639995575,0.020591095089912415,-0.2493571788072586,0.0,0.0,0.0,False,False,True,False,False,False
gaussian_medium,141,kalman_cv,-1,0.06886309385299683,0.07401607185602188,0.07892601191997528,0.07058821618556976,0.07576961815357208,0.16859117150306702,0.06886309385299683,0.07401607185602188,0.07892601191997528,-0.001725122332572937,-0.0017535462975502014,-0.08966515958309174,0.0,0.0,0.0,True,True,True,False,False,False
gaussian_medium,142,kalman_cv,-1,0.06528003513813019,0.07548685371875763,0.12546157836914062,0.053529269993305206,0.06264203041791916,0.3380206823348999,0.06528003513813019,0.07548685371875763,0.12546157836914062,0.011750765144824982,0.01284482330083847,-0.21255910396575928,0.0,0.0,0.0,False,False,True,False,False,False
gaussian_medium,143,kalman_cv,-1,0.05920374393463135,0.06757593899965286,0.1394093930721283,0.06082773953676224,0.06577008217573166,0.39537718892097473,0.05920374393463135,0.06757593899965286,0.1394093930721283,-0.00162399560213089,0.0018058568239212036,-0.25596779584884644,0.0,0.0,0.0,True,False,True,False,False,False
gaussian_medium,144,kalman_cv,-1,0.07690069079399109,0.0877382755279541,0.0861901193857193,0.058723390102386475,0.06540987640619278,0.16571247577667236,0.07690069079399109,0.0877382755279541,0.0861901193857193,0.018177300691604614,0.022328399121761322,-0.07952235639095306,0.0,0.0,0.0,False,False,True,False,False,False
gaussian_medium,145,kalman_cv,-1,0.08310166001319885,0.09842685610055923,0.14972013235092163,0.05548446252942085,0.06352952122688293,0.41859737038612366,0.08310166001319885,0.09842685610055923,0.14972013235092163,0.027617197483778,0.0348973348736763,-0.268877238035202,0.0,0.0,0.0,False,False,True,False,False,False
gaussian_medium,146,kalman_cv,-1,0.08351430296897888,0.09310465306043625,0.11195879429578781,0.07215584814548492,0.07738816738128662,0.2740419805049896,0.08351430296897888,0.09310465306043625,0.11195879429578781,0.011358454823493958,0.015716485679149628,-0.16208317875862122,0.0,0.0,0.0,False,False,True,False,False,False
gaussian_medium,147,kalman_cv,-1,0.05841634422540665,0.06950921565294266,0.06968433409929276,0.058708298951387405,0.06445464491844177,0.1274281144142151,0.05841634422540665,0.06950921565294266,0.06968433409929276,-0.00029195472598075867,0.005054570734500885,-0.05774378031492233,0.0,0.0,0.0,True,False,True,False,False,False
gaussian_medium,148,kalman_cv,-1,0.08347165584564209,0.0928395614027977,0.0996411144733429,0.0760311409831047,0.08489557355642319,0.21771861612796783,0.08347165584564209,0.0928395614027977,0.0996411144733429,0.007440514862537384,0.007943987846374512,-0.11807750165462494,0.0,0.0,0.0,False,False,True,False,False,False
gaussian_medium,149,kalman_cv,-1,0.05002996325492859,0.059157051146030426,0.05983170494437218,0.05259985849261284,0.05873362720012665,0.1418168544769287,0.05002996325492859,0.059157051146030426,0.05983170494437218,-0.00256989523768425,0.0004234239459037781,-0.08198514580726624,0.0,0.0,0.0,True,False,True,False,False,False
gaussian_medium,150,kalman_cv,-1,0.15172353386878967,0.18191339075565338,0.12546305358409882,0.06264053285121918,0.0715055987238884,0.20010407269001007,0.15172353386878967,0.18191339075565338,0.12546305358409882,0.0890830010175705,0.11040779203176498,-0.07464101910591125,0.0,0.0,0.0,False,False,True,False,False,False
gaussian_medium,151,kalman_cv,-1,0.10786683857440948,0.1319304257631302,0.09199569374322891,0.057472534477710724,0.06720471382141113,0.14393165707588196,0.10786683857440948,0.1319304257631302,0.09199569374322891,0.05039430409669876,0.06472571194171906,-0.051935963332653046,0.0,0.0,0.0,False,False,True,False,False,False
gaussian_medium,152,kalman_cv,-1,0.05814840644598007,0.06522561609745026,0.06451665610074997,0.06613504141569138,0.07512471824884415,0.13452142477035522,0.05814840644598007,0.06522561609745026,0.06451665610074997,-0.007986634969711304,-0.00989910215139389,-0.07000476866960526,0.0,0.0,0.0,True,True,True,False,False,False
gaussian_medium,153,kalman_cv,-1,0.06242305040359497,0.0812191292643547,0.09130758792161942,0.05708067864179611,0.06577662378549576,0.21622365713119507,0.06242305040359497,0.0812191292643547,0.09130758792161942,0.005342371761798859,0.015442505478858948,-0.12491606920957565,0.0,0.0,0.0,False,False,True,False,False,False
gaussian_medium,154,kalman_cv,-1,0.04803613945841789,0.054886940866708755,0.07084301859140396,0.06078441068530083,0.06879449635744095,0.1645355224609375,0.04803613945841789,0.054886940866708755,0.07084301859140396,-0.012748271226882935,-0.013907555490732193,-0.09369250386953354,0.0,0.0,0.0,True,True,True,False,False,False
gaussian_medium,155,kalman_cv,-1,0.06586124002933502,0.08467772603034973,0.08616473525762558,0.06064096838235855,0.06965964287519455,0.18995732069015503,0.06586124002933502,0.08467772603034973,0.08616473525762558,0.005220271646976471,0.015018083155155182,-0.10379258543252945,0.0,0.0,0.0,False,False,True,False,False,False
gaussian_medium,156,kalman_cv,-1,0.17494122684001923,0.20635084807872772,0.14638684689998627,0.042232804000377655,0.05013908073306084,0.19494909048080444,0.17494122684001923,0.20635084807872772,0.14638684689998627,0.13270843029022217,0.1562117636203766,-0.048562243580818176,0.0,0.0,0.0,False,False,True,False,False,False
gaussian_medium,157,kalman_cv,-1,0.16510574519634247,0.1910489946603775,0.15725503861904144,0.06546349823474884,0.070937879383564,0.2262924313545227,0.16510574519634247,0.1910489946603775,0.15725503861904144,0.09964224696159363,0.12011111527681351,-0.06903739273548126,0.0,0.0,0.0,False,False,True,False,False,False
gaussian_medium,158,kalman_cv,-1,0.0782218798995018,0.0920151099562645,0.0967440977692604,0.06597288697957993,0.07500369846820831,0.19826719164848328,0.0782218798995018,0.0920151099562645,0.0967440977692604,0.012248992919921875,0.017011411488056183,-0.10152309387922287,0.0,0.0,0.0,False,False,True,False,False,False
gaussian_medium,159,kalman_cv,-1,0.08392344415187836,0.10437065362930298,0.10287521034479141,0.07007939368486404,0.0786561518907547,0.20146112143993378,0.08392344415187836,0.10437065362930298,0.10287521034479141,0.013844050467014313,0.02571450173854828,-0.09858591109514236,0.0,0.0,0.0,False,False,True,False,False,False
gaussian_medium,160,kalman_cv,-1,0.0766003429889679,0.08945849537849426,0.14112326502799988,0.06853477656841278,0.07594887167215347,0.37168172001838684,0.0766003429889679,0.08945849537849426,0.14112326502799988,0.008065566420555115,0.01350962370634079,-0.23055845499038696,0.0,0.0,0.0,False,False,True,False,False,False
gaussian_medium,161,kalman_cv,-1,0.13029950857162476,0.1460462063550949,0.13670390844345093,0.08197537064552307,0.08844462782144547,0.23956158757209778,0.13029950857162476,0.1460462063550949,0.13670390844345093,0.048324137926101685,0.057601578533649445,-0.10285767912864685,0.0,0.0,0.0,False,False,True,False,False,False
gaussian_medium,162,kalman_cv,-1,0.07062796503305435,0.07597562670707703,0.06529215723276138,0.06918779015541077,0.07355402410030365,0.1329507827758789,0.07062796503305435,0.07597562670707703,0.06529215723276138,0.0014401748776435852,0.0024216026067733765,-0.06765862554311752,0.0,0.0,0.0,False,False,True,False,False,False
gaussian_medium,163,kalman_cv,-1,0.08342839032411575,0.09476235508918762,0.08158702403306961,0.07299311459064484,0.08021188527345657,0.17686158418655396,0.08342839032411575,0.09476235508918762,0.08158702403306961,0.010435275733470917,0.014550469815731049,-0.09527456015348434,0.0,0.0,0.0,False,False,True,False,False,False
gaussian_medium,164,kalman_cv,-1,0.04289114475250244,0.049601905047893524,0.07137329131364822,0.06470252573490143,0.07345385104417801,0.161900594830513,0.04289114475250244,0.049601905047893524,0.07137329131364822,-0.021811380982398987,-0.023851945996284485,-0.09052730351686478,0.0,0.0,0.0,True,True,True,False,False,False
gaussian_medium,165,kalman_cv,-1,0.09522255510091782,0.10660473257303238,0.12694883346557617,0.06595510989427567,0.07198909670114517,0.3393206298351288,0.09522255510091782,0.10660473257303238,0.12694883346557617,0.02926744520664215,0.03461563587188721,-0.2123717963695526,0.0,0.0,0.0,False,False,True,False,False,False
gaussian_medium,166,kalman_cv,-1,0.05914716050028801,0.06578616797924042,0.07679083943367004,0.07392732799053192,0.07966499030590057,0.19033850729465485,0.05914716050028801,0.06578616797924042,0.07679083943367004,-0.014780167490243912,-0.013878822326660156,-0.1135476678609848,0.0,0.0,0.0,True,True,True,False,False,False
gaussian_medium,167,kalman_cv,-1,0.10103826224803925,0.11792919784784317,0.14545971155166626,0.062389664351940155,0.06881745159626007,0.36570456624031067,0.10103826224803925,0.11792919784784317,0.14545971155166626,0.03864859789609909,0.0491117462515831,-0.2202448546886444,0.0,0.0,0.0,False,False,True,False,False,False
gaussian_medium,168,kalman_cv,-1,0.12790021300315857,0.14336130023002625,0.13746732473373413,0.0670127123594284,0.06993038207292557,0.23195475339889526,0.12790021300315857,0.14336130023002625,0.13746732473373413,0.060887500643730164,0.07343091815710068,-0.09448742866516113,0.0,0.0,0.0,False,False,True,False,False,False
gaussian_medium,169,kalman_cv,-1,0.07337288558483124,0.08452188223600388,0.08507054299116135,0.0525335893034935,0.060238223522901535,0.14226745069026947,0.07337288558483124,0.08452188223600388,0.08507054299116135,0.020839296281337738,0.02428365871310234,-0.057196907699108124,0.0,0.0,0.0,False,False,True,False,False,False
gaussian_medium,170,kalman_cv,-1,0.10968039929866791,0.1344609409570694,0.10515481978654861,0.07352592051029205,0.07853599637746811,0.18820954859256744,0.10968039929866791,0.1344609409570694,0.10515481978654861,0.036154478788375854,0.05592494457960129,-0.08305472880601883,0.0,0.0,0.0,False,False,True,False,False,False
gaussian_medium,171,kalman_cv,-1,0.1472957283258438,0.17791594564914703,0.17559106647968292,0.06817080080509186,0.07312192022800446,0.28808867931365967,0.1472957283258438,0.17791594564914703,0.17559106647968292,0.07912492752075195,0.10479402542114258,-0.11249761283397675,0.0,0.0,0.0,False,False,True,False,False,False
gaussian_medium,172,kalman_cv,-1,0.10009143501520157,0.12162172794342041,0.1654270589351654,0.06448812782764435,0.07626660913228989,0.46265363693237305,0.10009143501520157,0.12162172794342041,0.1654270589351654,0.03560330718755722,0.045355118811130524,-0.29722657799720764,0.0,0.0,0.0,False,False,True,False,False,False
gaussian_medium,173,kalman_cv,-1,0.06964030861854553,0.07949018478393555,0.07270883023738861,0.05530258268117905,0.06165451183915138,0.1512354016304016,0.06964030861854553,0.07949018478393555,0.07270883023738861,0.014337725937366486,0.017835672944784164,-0.078526571393013,0.0,0.0,0.0,False,False,True,False,False,False
gaussian_medium,174,kalman_cv,-1,0.07327752560377121,0.08283641189336777,0.0887870192527771,0.0680345892906189,0.0744103267788887,0.18603399395942688,0.07327752560377121,0.08283641189336777,0.0887870192527771,0.005242936313152313,0.008426085114479065,-0.09724697470664978,0.0,0.0,0.0,False,False,True,False,False,False
gaussian_medium,175,kalman_cv,-1,0.053175777196884155,0.05921982601284981,0.06814516335725784,0.06515919417142868,0.07146646827459335,0.1660345196723938,0.053175777196884155,0.05921982601284981,0.06814516335725784,-0.011983416974544525,-0.012246642261743546,-0.09788935631513596,0.0,0.0,0.0,True,True,True,False,False,False
gaussian_medium,176,kalman_cv,-1,0.06568118929862976,0.07773258537054062,0.06785482913255692,0.06126191094517708,0.06611419469118118,0.15007564425468445,0.06568118929862976,0.07773258537054062,0.06785482913255692,0.0044192783534526825,0.011618390679359436,-0.08222081512212753,0.0,0.0,0.0,False,False,True,False,False,False
gaussian_medium,177,kalman_cv,-1,0.1408078670501709,0.1670147031545639,0.15372470021247864,0.06333308666944504,0.070398710668087,0.2138184905052185,0.1408078670501709,0.1670147031545639,0.15372470021247864,0.07747478038072586,0.0966159924864769,-0.06009379029273987,0.0,0.0,0.0,False,False,True,False,False,False
gaussian_medium,178,kalman_cv,-1,0.046490415930747986,0.05391748622059822,0.07179262489080429,0.06996317207813263,0.07744736969470978,0.161967933177948,0.046490415930747986,0.05391748622059822,0.07179262489080429,-0.023472756147384644,-0.023529883474111557,-0.09017530828714371,0.0,0.0,0.0,True,True,True,False,False,False
gaussian_medium,179,kalman_cv,-1,0.072493776679039,0.08204653859138489,0.07331296801567078,0.05731259658932686,0.0641988217830658,0.15365171432495117,0.072493776679039,0.08204653859138489,0.07331296801567078,0.015181180089712143,0.017847716808319092,-0.0803387463092804,0.0,0.0,0.0,False,False,True,False,False,False
gaussian_medium,180,kalman_cv,-1,0.07086141407489777,0.07507897168397903,0.16434627771377563,0.07600606232881546,0.08060850948095322,0.4445343017578125,0.07086141407489777,0.07507897168397903,0.16434627771377563,-0.005144648253917694,-0.005529537796974182,-0.28018802404403687,0.0,0.0,0.0,True,True,True,False,False,False
gaussian_medium,181,kalman_cv,-1,0.049447350203990936,0.053724464029073715,0.07702918350696564,0.06523136049509048,0.07312249392271042,0.1865866482257843,0.049447350203990936,0.053724464029073715,0.07702918350696564,-0.01578401029109955,-0.019398029893636703,-0.10955746471881866,0.0,0.0,0.0,True,True,True,False,False,False
gaussian_medium,182,kalman_cv,-1,0.08985914289951324,0.10194089263677597,0.08430428057909012,0.05938028544187546,0.06872458010911942,0.16368362307548523,0.08985914289951324,0.10194089263677597,0.08430428057909012,0.030478857457637787,0.033216312527656555,-0.07937934249639511,0.0,0.0,0.0,False,False,True,False,False,False
gaussian_medium,183,kalman_cv,-1,0.10836652666330338,0.12256398051977158,0.11015557497739792,0.07407162338495255,0.08220779895782471,0.20291300117969513,0.10836652666330338,0.12256398051977158,0.11015557497739792,0.03429490327835083,0.04035618156194687,-0.09275742620229721,0.0,0.0,0.0,False,False,True,False,False,False
gaussian_medium,184,kalman_cv,-1,0.12253649532794952,0.13636323809623718,0.11853645741939545,0.0715017318725586,0.07698065042495728,0.20576082170009613,0.12253649532794952,0.13636323809623718,0.11853645741939545,0.05103476345539093,0.05938258767127991,-0.08722436428070068,0.0,0.0,0.0,False,False,True,False,False,False
gaussian_medium,185,kalman_cv,-1,0.08835574984550476,0.10710819065570831,0.08491603285074234,0.060521721839904785,0.06720143556594849,0.17453165352344513,0.08835574984550476,0.10710819065570831,0.08491603285074234,0.027834028005599976,0.03990675508975983,-0.08961562067270279,0.0,0.0,0.0,False,False,True,False,False,False
gaussian_medium,186,kalman_cv,-1,0.12061731517314911,0.14114060997962952,0.11078953742980957,0.06369609385728836,0.07375574856996536,0.19404500722885132,0.12061731517314911,0.14114060997962952,0.11078953742980957,0.05692122131586075,0.06738486140966415,-0.08325546979904175,0.0,0.0,0.0,False,False,True,False,False,False
gaussian_medium,187,kalman_cv,-1,0.0539214126765728,0.06085115298628807,0.07312317192554474,0.06392177939414978,0.07138048857450485,0.18108953535556793,0.0539214126765728,0.06085115298628807,0.07312317192554474,-0.01000036671757698,-0.010529335588216782,-0.1079663634300232,0.0,0.0,0.0,True,True,True,False,False,False
gaussian_medium,188,kalman_cv,-1,0.11652535200119019,0.13892251253128052,0.1874568611383438,0.0653810128569603,0.07349348813295364,0.5054105520248413,0.11652535200119019,0.13892251253128052,0.1874568611383438,0.05114433914422989,0.06542902439832687,-0.3179537057876587,0.0,0.0,0.0,False,False,True,False,False,False
gaussian_medium,189,kalman_cv,-1,0.0714629739522934,0.08310659974813461,0.0816706195473671,0.06656162440776825,0.07813990861177444,0.1824268102645874,0.0714629739522934,0.08310659974813461,0.0816706195473671,0.0049013495445251465,0.0049666911363601685,-0.1007561907172203,0.0,0.0,0.0,False,False,True,False,False,False
gaussian_medium,190,kalman_cv,-1,0.06279304623603821,0.07267977297306061,0.08157430589199066,0.06759876757860184,0.07977614551782608,0.19870619475841522,0.06279304623603821,0.07267977297306061,0.08157430589199066,-0.004805721342563629,-0.007096372544765472,-0.11713188886642456,0.0,0.0,0.0,True,True,True,False,False,False
gaussian_medium,191,kalman_cv,-1,0.09532114118337631,0.10731906443834305,0.17522448301315308,0.06463374197483063,0.07102222740650177,0.4700911343097687,0.09532114118337631,0.10731906443834305,0.17522448301315308,0.030687399208545685,0.03629683703184128,-0.2948666512966156,0.0,0.0,0.0,False,False,True,False,False,False
gaussian_medium,192,kalman_cv,-1,0.0415554903447628,0.04991080239415169,0.0760929137468338,0.05859602615237236,0.07080045342445374,0.17156200110912323,0.0415554903447628,0.04991080239415169,0.0760929137468338,-0.017040535807609558,-0.020889651030302048,-0.09546908736228943,0.0,0.0,0.0,True,True,True,False,False,False
gaussian_medium,193,kalman_cv,-1,0.09515133500099182,0.11330163478851318,0.09623470902442932,0.0729748010635376,0.08026672899723053,0.1986209750175476,0.09515133500099182,0.11330163478851318,0.09623470902442932,0.022176533937454224,0.033034905791282654,-0.10238626599311829,0.0,0.0,0.0,False,False,True,False,False,False
gaussian_medium,194,kalman_cv,-1,0.04568194970488548,0.0542171411216259,0.07765866070985794,0.06374062597751617,0.06858031451702118,0.16883911192417145,0.04568194970488548,0.0542171411216259,0.07765866070985794,-0.01805867627263069,-0.014363173395395279,-0.09118045121431351,0.0,0.0,0.0,True,True,True,False,False,False
gaussian_medium,195,kalman_cv,-1,0.08288542926311493,0.10209956020116806,0.07802359014749527,0.054165881127119064,0.06234164908528328,0.17377689480781555,0.08288542926311493,0.10209956020116806,0.07802359014749527,0.028719548135995865,0.03975791111588478,-0.09575330466032028,0.0,0.0,0.0,False,False,True,False,False,False
gaussian_medium,196,kalman_cv,-1,0.07191333174705505,0.07989911735057831,0.0902511328458786,0.06728403270244598,0.07599834352731705,0.19580087065696716,0.07191333174705505,0.07989911735057831,0.0902511328458786,0.00462929904460907,0.003900773823261261,-0.10554973781108856,0.0,0.0,0.0,False,False,True,False,False,False
gaussian_medium,197,kalman_cv,-1,0.08338262885808945,0.09782598167657852,0.13645607233047485,0.08035345375537872,0.08750757575035095,0.3378902077674866,0.08338262885808945,0.09782598167657852,0.13645607233047485,0.003029175102710724,0.01031840592622757,-0.20143413543701172,0.0,0.0,0.0,False,False,True,False,False,False
gaussian_medium,198,kalman_cv,-1,0.09945684671401978,0.1142820343375206,0.09235890209674835,0.05049503594636917,0.060940880328416824,0.14358703792095184,0.09945684671401978,0.1142820343375206,0.09235890209674835,0.048961810767650604,0.053341154009103775,-0.05122813582420349,0.0,0.0,0.0,False,False,True,False,False,False
gaussian_medium,199,kalman_cv,-1,0.07930950820446014,0.09314601123332977,0.16219818592071533,0.06212310865521431,0.06970205903053284,0.4190860390663147,0.07930950820446014,0.09314601123332977,0.16219818592071533,0.017186399549245834,0.023443952202796936,-0.25688785314559937,0.0,0.0,0.0,False,False,True,False,False,False
gaussian_medium,0,sdedit_t1,1,0.0490492582321167,0.05417890474200249,0.2518480718135834,0.05268967151641846,0.057725291699171066,0.25759485363960266,0.12529787421226501,0.14517368376255035,0.15431571006774902,-0.003640413284301758,-0.003546386957168579,-0.005746781826019287,-0.07624861598014832,-0.09099477529525757,0.09753236174583435,True,True,True,True,True,False
gaussian_medium,1,sdedit_t1,1,0.0633581355214119,0.07150174677371979,0.20705613493919373,0.06313766539096832,0.07085802406072617,0.21430154144763947,0.0972161591053009,0.10865356028079987,0.10967317223548889,0.000220470130443573,0.0006437227129936218,-0.00724540650844574,-0.03385802358388901,-0.03715181350708008,0.09738296270370483,False,False,True,True,True,False
gaussian_medium,2,sdedit_t1,1,0.0487271286547184,0.052378181368112564,0.4830114543437958,0.051779210567474365,0.05571683496236801,0.4836506247520447,0.09375806152820587,0.11739296466112137,0.1759970486164093,-0.003052081912755966,-0.0033386535942554474,-0.0006391704082489014,-0.04503093287348747,-0.0650147795677185,0.3070144057273865,True,True,True,True,True,False
gaussian_medium,3,sdedit_t1,1,0.054297417402267456,0.06024601683020592,0.14961761236190796,0.05588671565055847,0.061272185295820236,0.15313297510147095,0.07630807906389236,0.10413453727960587,0.08461419492959976,-0.0015892982482910156,-0.0010261684656143188,-0.0035153627395629883,-0.02201066166162491,-0.04388852044939995,0.0650034174323082,True,True,True,True,True,False
gaussian_medium,4,sdedit_t1,1,0.05399748682975769,0.060626644641160965,0.16317574679851532,0.05658530071377754,0.06404129415750504,0.1726716309785843,0.05667905882000923,0.07265491038560867,0.0768871083855629,-0.0025878138840198517,-0.0034146495163440704,-0.00949588418006897,-0.002681571990251541,-0.012028265744447708,0.08628863841295242,True,True,True,True,True,False
gaussian_medium,5,sdedit_t1,1,0.06525425612926483,0.07198404520750046,0.1620672345161438,0.06796588748693466,0.07432424277067184,0.16809971630573273,0.12682223320007324,0.15358968079090118,0.09472231566905975,-0.0027116313576698303,-0.0023401975631713867,-0.006032481789588928,-0.06156797707080841,-0.08160563558340073,0.06734491884708405,True,True,True,True,True,False
gaussian_medium,6,sdedit_t1,1,0.05424424260854721,0.060777656733989716,0.4675246775150299,0.056925155222415924,0.06360159814357758,0.46997445821762085,0.11094464361667633,0.1248965859413147,0.17236582934856415,-0.0026809126138687134,-0.00282394140958786,-0.0024497807025909424,-0.05670040100812912,-0.06411892920732498,0.29515886306762695,True,True,True,True,True,False
gaussian_medium,7,sdedit_t1,1,0.05609173700213432,0.0641099140048027,0.23917677998542786,0.06172262877225876,0.07102378457784653,0.2411469668149948,0.07777988165616989,0.09143956750631332,0.09678444266319275,-0.005630891770124435,-0.006913870573043823,-0.0019701868295669556,-0.021688144654035568,-0.02732965350151062,0.1423923373222351,True,True,True,True,True,False
gaussian_medium,8,sdedit_t1,1,0.05866539478302002,0.07071688026189804,0.19220726191997528,0.06060759350657463,0.0739072784781456,0.19851376116275787,0.13667991757392883,0.1608559936285019,0.12941202521324158,-0.0019421987235546112,-0.0031903982162475586,-0.006306499242782593,-0.07801452279090881,-0.09013911336660385,0.0627952367067337,True,True,True,True,True,False
gaussian_medium,9,sdedit_t1,1,0.06507058441638947,0.06917289644479752,0.199513778090477,0.0659550279378891,0.07036367803812027,0.19999346137046814,0.05514400452375412,0.061181992292404175,0.08773085474967957,-0.0008844435214996338,-0.001190781593322754,-0.0004796832799911499,0.009926579892635345,0.007990904152393341,0.11178292334079742,True,True,True,False,False,False
gaussian_medium,10,sdedit_t1,1,0.05406786873936653,0.06811444461345673,0.1624947190284729,0.05687336251139641,0.06923065334558487,0.16831055283546448,0.07535805553197861,0.1050732284784317,0.0868905708193779,-0.0028054937720298767,-0.0011162087321281433,-0.005815833806991577,-0.021290186792612076,-0.036958783864974976,0.075604148209095,True,True,True,True,True,False
gaussian_medium,11,sdedit_t1,1,0.0688258558511734,0.08031876385211945,0.48255443572998047,0.06904856115579605,0.08011011779308319,0.4834783971309662,0.1125505343079567,0.1267641931772232,0.1888846904039383,-0.00022270530462265015,0.00020864605903625488,-0.0009239614009857178,-0.043724678456783295,-0.04644542932510376,0.29366976022720337,True,False,True,True,True,False
gaussian_medium,12,sdedit_t1,1,0.061063505709171295,0.07017984241247177,0.4459543824195862,0.06322519481182098,0.07269512861967087,0.44773557782173157,0.0953829437494278,0.10913003236055374,0.16458579897880554,-0.0021616891026496887,-0.0025152862071990967,-0.0017811954021453857,-0.0343194380402565,-0.03895018994808197,0.28136858344078064,True,True,True,True,True,False
gaussian_medium,13,sdedit_t1,1,0.07458020001649857,0.08118886500597,0.168880894780159,0.07754329591989517,0.08461974561214447,0.1705045998096466,0.06686224043369293,0.07405371218919754,0.0764070525765419,-0.0029630959033966064,-0.003430880606174469,-0.0016237050294876099,0.0077179595828056335,0.007135152816772461,0.0924738422036171,True,True,True,False,False,False
gaussian_medium,14,sdedit_t1,1,0.06470707058906555,0.07128486037254333,0.1708783507347107,0.0635475218296051,0.07099167257547379,0.17696505784988403,0.12212444841861725,0.13505029678344727,0.11139941215515137,0.0011595487594604492,0.00029318779706954956,-0.00608670711517334,-0.0574173778295517,-0.06376543641090393,0.059478938579559326,False,False,True,True,True,False
gaussian_medium,15,sdedit_t1,1,0.059567082673311234,0.0653543770313263,0.18851083517074585,0.06149406358599663,0.06745760887861252,0.19606755673885345,0.11168408393859863,0.12970519065856934,0.1057356670498848,-0.0019269809126853943,-0.0021032318472862244,-0.007556721568107605,-0.0521170012652874,-0.06435081362724304,0.08277516812086105,True,True,True,True,True,False
gaussian_medium,16,sdedit_t1,1,0.04906872659921646,0.05777066946029663,0.17787481844425201,0.0525021068751812,0.06145070493221283,0.18295051157474518,0.05643541365861893,0.07842373102903366,0.0731649100780487,-0.003433380275964737,-0.0036800354719161987,-0.005075693130493164,-0.007366687059402466,-0.02065306156873703,0.10470990836620331,True,True,True,True,True,False
gaussian_medium,17,sdedit_t1,1,0.06852205097675323,0.07214286178350449,0.18329626321792603,0.06533661484718323,0.06932801753282547,0.1858934462070465,0.06839462369680405,0.07974874973297119,0.09814289212226868,0.0031854361295700073,0.002814844250679016,-0.0025971829891204834,0.00012742727994918823,-0.007605887949466705,0.08515337109565735,False,False,True,False,True,False
gaussian_medium,18,sdedit_t1,1,0.06025078892707825,0.06669198721647263,0.23532931506633759,0.06372842937707901,0.07014530897140503,0.24260497093200684,0.08144915848970413,0.09828464686870575,0.10069424659013748,-0.003477640450000763,-0.0034533217549324036,-0.0072756558656692505,-0.021198369562625885,-0.031592659652233124,0.1346350610256195,True,True,True,True,True,False
gaussian_medium,19,sdedit_t1,1,0.06649895012378693,0.07389950752258301,0.5772606134414673,0.06326358020305634,0.07194865494966507,0.5803443789482117,0.10456264019012451,0.12385936826467514,0.20973414182662964,0.003235369920730591,0.0019508525729179382,-0.0030837655067443848,-0.038063690066337585,-0.04995986074209213,0.36752647161483765,False,False,True,True,True,False
gaussian_medium,20,sdedit_t1,1,0.05687689036130905,0.06511540710926056,0.1429094523191452,0.05830741673707962,0.06681666523218155,0.1485026627779007,0.09243113547563553,0.1133967712521553,0.0828932523727417,-0.0014305263757705688,-0.00170125812292099,-0.005593210458755493,-0.03555424511432648,-0.048281364142894745,0.0600161999464035,True,True,True,True,True,False
gaussian_medium,21,sdedit_t1,1,0.0684690847992897,0.07586236298084259,0.16679289937019348,0.06869306415319443,0.07604878395795822,0.17002573609352112,0.08594666421413422,0.09556233137845993,0.09044021368026733,-0.00022397935390472412,-0.0001864209771156311,-0.0032328367233276367,-0.017477579414844513,-0.01969996839761734,0.07635268568992615,True,True,True,True,True,False
gaussian_medium,22,sdedit_t1,1,0.06309196352958679,0.06850148737430573,0.17533184587955475,0.06361999362707138,0.06911365687847137,0.1777394413948059,0.04468679428100586,0.05039234459400177,0.08038172125816345,-0.0005280300974845886,-0.0006121695041656494,-0.0024075955152511597,0.018405169248580933,0.018109142780303955,0.0949501246213913,True,True,True,False,False,False
gaussian_medium,23,sdedit_t1,1,0.06568744033575058,0.07246815413236618,0.42647331953048706,0.0694975033402443,0.07637134194374084,0.43005678057670593,0.08421041071414948,0.0959165170788765,0.15948551893234253,-0.0038100630044937134,-0.0039031878113746643,-0.003583461046218872,-0.018522970378398895,-0.023448362946510315,0.26698780059814453,True,True,True,True,True,False
gaussian_medium,24,sdedit_t1,1,0.060686998069286346,0.0663633719086647,0.15898793935775757,0.06091035529971123,0.06678153574466705,0.16263523697853088,0.05886750668287277,0.06911837309598923,0.06910611689090729,-0.00022335723042488098,-0.00041816383600234985,-0.0036472976207733154,0.0018194913864135742,-0.002755001187324524,0.08988182246685028,True,True,True,False,True,False
gaussian_medium,25,sdedit_t1,1,0.05879366397857666,0.06501297652721405,0.18008041381835938,0.06001255661249161,0.06595594435930252,0.18232184648513794,0.07961530238389969,0.09095113724470139,0.09747947007417679,-0.0012188926339149475,-0.0009429678320884705,-0.0022414326667785645,-0.02082163840532303,-0.025938160717487335,0.08260094374418259,True,True,True,True,True,False
gaussian_medium,26,sdedit_t1,1,0.0596206970512867,0.06889089196920395,0.16299335658550262,0.06416813284158707,0.07222946733236313,0.16826771199703217,0.08551899343729019,0.10191495716571808,0.07804542034864426,-0.004547435790300369,-0.0033385753631591797,-0.005274355411529541,-0.025898296386003494,-0.03302406519651413,0.08494793623685837,True,True,True,True,True,False
gaussian_medium,27,sdedit_t1,1,0.0509464330971241,0.059489648789167404,0.17157010734081268,0.053119100630283356,0.06218366324901581,0.17524825036525726,0.06460846215486526,0.0801643431186676,0.0858115702867508,-0.002172667533159256,-0.002694014459848404,-0.00367814302444458,-0.013662029057741165,-0.0206746943295002,0.08575853705406189,True,True,True,True,True,False
gaussian_medium,28,sdedit_t1,1,0.06009482219815254,0.06296063959598541,0.3129414916038513,0.06145323067903519,0.06438960134983063,0.31665515899658203,0.08821259438991547,0.0985681563615799,0.11641392111778259,-0.0013584084808826447,-0.0014289617538452148,-0.003713667392730713,-0.028117772191762924,-0.03560751676559448,0.19652757048606873,True,True,True,True,True,False
gaussian_medium,29,sdedit_t1,1,0.04374502971768379,0.04856206476688385,0.17605920135974884,0.04525135084986687,0.049853064119815826,0.17828969657421112,0.045068658888339996,0.0563717782497406,0.07350710779428482,-0.001506321132183075,-0.0012909993529319763,-0.0022304952144622803,-0.0013236291706562042,-0.0078097134828567505,0.10255209356546402,True,True,True,True,True,False
gaussian_medium,30,sdedit_t1,1,0.0566716268658638,0.06046868860721588,0.1526096612215042,0.05629705265164375,0.06097611039876938,0.15503937005996704,0.03874734789133072,0.04543539509177208,0.07505912333726883,0.000374574214220047,-0.0005074217915534973,-0.0024297088384628296,0.01792427897453308,0.015033293515443802,0.07755053788423538,False,True,True,False,False,False
gaussian_medium,31,sdedit_t1,1,0.06118326261639595,0.06686566770076752,0.16648602485656738,0.06441095471382141,0.0694565698504448,0.17235404253005981,0.0803450345993042,0.10264239460229874,0.08220918476581573,-0.003227692097425461,-0.0025909021496772766,-0.005868017673492432,-0.01916177198290825,-0.03577672690153122,0.08427684009075165,True,True,True,True,True,False
gaussian_medium,32,sdedit_t1,1,0.04858424514532089,0.05637658014893532,0.132605642080307,0.048632748425006866,0.05626371130347252,0.1344148814678192,0.03807102143764496,0.042552556842565536,0.05903628095984459,-4.850327968597412e-05,0.00011286884546279907,-0.001809239387512207,0.010513223707675934,0.013824023306369781,0.07356935739517212,True,False,True,False,False,False
gaussian_medium,33,sdedit_t1,1,0.04867160692811012,0.0545537993311882,0.39464712142944336,0.04978462681174278,0.0553671270608902,0.3969765901565552,0.0897296816110611,0.11102332919836044,0.14385737478733063,-0.00111301988363266,-0.0008133277297019958,-0.0023294687271118164,-0.041058074682950974,-0.05646952986717224,0.2507897615432739,True,True,True,True,True,False
gaussian_medium,34,sdedit_t1,1,0.06266001611948013,0.06718578189611435,0.1651281863451004,0.06210090592503548,0.0672195628285408,0.16616785526275635,0.05232954025268555,0.05817698314785957,0.07489174604415894,0.0005591101944446564,-3.378093242645264e-05,-0.0010396689176559448,0.010330475866794586,0.009008798748254776,0.09023644030094147,False,True,True,False,False,False
gaussian_medium,35,sdedit_t1,1,0.06702901422977448,0.07512601464986801,0.21599166095256805,0.06946993619203568,0.07746315747499466,0.22422467172145844,0.14610914885997772,0.16376319527626038,0.1328599750995636,-0.0024409219622612,-0.002337142825126648,-0.00823301076889038,-0.07908013463020325,-0.08863718062639236,0.08313168585300446,True,True,True,True,True,False
gaussian_medium,36,sdedit_t1,1,0.05283763259649277,0.05803903564810753,0.12189266085624695,0.0519719198346138,0.05791193246841431,0.12539997696876526,0.06268937885761261,0.07699908316135406,0.0722174420952797,0.0008657127618789673,0.00012710317969322205,-0.0035073161125183105,-0.009851746261119843,-0.018960047513246536,0.049675218760967255,False,False,True,True,True,False
gaussian_medium,37,sdedit_t1,1,0.054400134831666946,0.06142566725611687,0.1264318823814392,0.054066289216279984,0.060988396406173706,0.12783241271972656,0.04616834223270416,0.05102914944291115,0.05837356299161911,0.0003338456153869629,0.000437270849943161,-0.0014005303382873535,0.008231792598962784,0.010396517813205719,0.0680583193898201,False,False,True,False,False,False
gaussian_medium,38,sdedit_t1,1,0.057016175240278244,0.06671325117349625,0.1867823302745819,0.05767141655087471,0.06649630516767502,0.1928032487630844,0.112945057451725,0.13153612613677979,0.11281928420066833,-0.0006552413105964661,0.00021694600582122803,-0.0060209184885025024,-0.05592888221144676,-0.06482287496328354,0.07396304607391357,True,False,True,True,True,False
gaussian_medium,39,sdedit_t1,1,0.05725770443677902,0.06152219697833061,0.1358465999364853,0.058270812034606934,0.062285520136356354,0.14028388261795044,0.057680100202560425,0.07361862808465958,0.0632728636264801,-0.0010131075978279114,-0.0007633231580257416,-0.004437282681465149,-0.0004223957657814026,-0.012096431106328964,0.07257373631000519,True,True,True,True,True,False
gaussian_medium,40,sdedit_t1,1,0.06166233494877815,0.06923375278711319,0.15119792520999908,0.06381482630968094,0.07164228707551956,0.15788374841213226,0.10869055986404419,0.1263016313314438,0.09038344025611877,-0.0021524913609027863,-0.002408534288406372,-0.006685823202133179,-0.04702822491526604,-0.0570678785443306,0.06081448495388031,True,True,True,True,True,False
gaussian_medium,41,sdedit_t1,1,0.044143274426460266,0.04916663095355034,0.22210095822811127,0.04674428701400757,0.05210253968834877,0.2257722020149231,0.055353861302137375,0.06928640604019165,0.0878952220082283,-0.0026010125875473022,-0.0029359087347984314,-0.0036712437868118286,-0.011210586875677109,-0.02011977508664131,0.13420572876930237,True,True,True,True,True,False
gaussian_medium,42,sdedit_t1,1,0.06680585443973541,0.07254291325807571,0.19945526123046875,0.06890759617090225,0.07556033879518509,0.20640581846237183,0.1428239643573761,0.16340617835521698,0.13068650662899017,-0.0021017417311668396,-0.003017425537109375,-0.006950557231903076,-0.07601810991764069,-0.09086326509714127,0.06876875460147858,True,True,True,True,True,False
gaussian_medium,43,sdedit_t1,1,0.05258999392390251,0.05973808467388153,0.5122389197349548,0.05525180697441101,0.0630064457654953,0.5142030119895935,0.1017882451415062,0.11514029651880264,0.1861364245414734,-0.002661813050508499,-0.0032683610916137695,-0.001964092254638672,-0.049198251217603683,-0.05540221184492111,0.32610249519348145,True,True,True,True,True,False
gaussian_medium,44,sdedit_t1,1,0.058154888451099396,0.06511583924293518,0.18563200533390045,0.058719534426927567,0.06605015695095062,0.1930064558982849,0.08014661073684692,0.09082065522670746,0.0960921049118042,-0.0005646459758281708,-0.0009343177080154419,-0.0073744505643844604,-0.021991722285747528,-0.025704815983772278,0.08953990042209625,True,True,True,True,True,False
gaussian_medium,45,sdedit_t1,1,0.05310012772679329,0.05786820128560066,0.1490393429994583,0.05506425350904465,0.059542473405599594,0.1535624861717224,0.06537096202373505,0.07719239592552185,0.07987998425960541,-0.001964125782251358,-0.0016742721199989319,-0.004523143172264099,-0.012270834296941757,-0.01932419463992119,0.0691593587398529,True,True,True,True,True,False
gaussian_medium,46,sdedit_t1,1,0.06170780211687088,0.06700160354375839,0.2115657776594162,0.06088675186038017,0.06547555327415466,0.21503746509552002,0.06731045246124268,0.08105403184890747,0.08457271009683609,0.0008210502564907074,0.0015260502696037292,-0.003471687436103821,-0.005602650344371796,-0.014052428305149078,0.1269930601119995,False,False,True,True,True,False
gaussian_medium,47,sdedit_t1,1,0.057098619639873505,0.06670704483985901,0.13465061783790588,0.05681475251913071,0.06625670194625854,0.14031903445720673,0.08783204853534698,0.10454528778791428,0.06935080885887146,0.00028386712074279785,0.00045034289360046387,-0.005668416619300842,-0.03073342889547348,-0.03783824294805527,0.06529980897903442,False,False,True,True,True,False
gaussian_medium,48,sdedit_t1,1,0.06205213814973831,0.06927422434091568,0.32586392760276794,0.06416036933660507,0.07090205699205399,0.33097895979881287,0.06788663566112518,0.07316448539495468,0.12217546999454498,-0.0021082311868667603,-0.0016278326511383057,-0.005115032196044922,-0.005834497511386871,-0.0038902610540390015,0.20368845760822296,True,True,True,True,True,False
gaussian_medium,49,sdedit_t1,1,0.05265349894762039,0.05809430778026581,0.4323054254055023,0.050704699009656906,0.055561307817697525,0.43534010648727417,0.09345071017742157,0.11502446979284286,0.15426112711429596,0.0019487999379634857,0.002532999962568283,-0.0030346810817718506,-0.04079721122980118,-0.05693016201257706,0.27804428339004517,False,False,True,True,True,False
gaussian_medium,50,sdedit_t1,1,0.06722154468297958,0.08114424347877502,0.14910531044006348,0.06765604764223099,0.08247542381286621,0.15266388654708862,0.06647457182407379,0.07735765725374222,0.07994630187749863,-0.0004345029592514038,-0.0013311803340911865,-0.0035585761070251465,0.0007469728589057922,0.0037865862250328064,0.06915900856256485,True,True,True,False,False,False
gaussian_medium,51,sdedit_t1,1,0.05488085746765137,0.060683246701955795,0.14411205053329468,0.05603696033358574,0.06232739984989166,0.15089493989944458,0.07275380939245224,0.07833679765462875,0.07268514484167099,-0.001156102865934372,-0.0016441531479358673,-0.006782889366149902,-0.017872951924800873,-0.01765355095267296,0.07142690569162369,True,True,True,True,True,False
gaussian_medium,52,sdedit_t1,1,0.04538256302475929,0.05195116251707077,0.21297360956668854,0.04654904827475548,0.05289354920387268,0.2181859165430069,0.06380448490381241,0.07796647399663925,0.09404155611991882,-0.0011664852499961853,-0.0009423866868019104,-0.005212306976318359,-0.018421921879053116,-0.02601531147956848,0.11893205344676971,True,True,True,True,True,False
gaussian_medium,53,sdedit_t1,1,0.05212181806564331,0.06093158945441246,0.14830555021762848,0.05436959117650986,0.06369820237159729,0.15194040536880493,0.08806419372558594,0.11524361371994019,0.08799830079078674,-0.0022477731108665466,-0.0027666129171848297,-0.0036348551511764526,-0.03594237565994263,-0.054312024265527725,0.060307249426841736,True,True,True,True,True,False
gaussian_medium,54,sdedit_t1,1,0.05170644447207451,0.059456776827573776,0.16431361436843872,0.05588964745402336,0.06263424456119537,0.1693001240491867,0.15330655872821808,0.17771892249584198,0.1391122192144394,-0.0041832029819488525,-0.0031774677336215973,-0.004986509680747986,-0.10160011053085327,-0.1182621419429779,0.02520139515399933,True,True,True,True,True,False
gaussian_medium,55,sdedit_t1,1,0.061097390949726105,0.06749226897954941,0.2164115607738495,0.0649377852678299,0.07140223681926727,0.221160426735878,0.13965657353401184,0.16711007058620453,0.13090240955352783,-0.0038403943181037903,-0.003909967839717865,-0.004748865962028503,-0.07855918258428574,-0.09961780160665512,0.08550915122032166,True,True,True,True,True,False
gaussian_medium,56,sdedit_t1,1,0.046559445559978485,0.053135115653276443,0.1387152224779129,0.0474541038274765,0.054222606122493744,0.1410312056541443,0.048608262091875076,0.0536445789039135,0.059951916337013245,-0.0008946582674980164,-0.0010874904692173004,-0.0023159831762313843,-0.002048816531896591,-0.0005094632506370544,0.07876330614089966,True,True,True,True,True,False
gaussian_medium,57,sdedit_t1,1,0.05362128093838692,0.06086059659719467,0.1731211394071579,0.05567995831370354,0.06225590035319328,0.17635172605514526,0.10828615725040436,0.1300657093524933,0.09592897444963455,-0.00205867737531662,-0.0013953037559986115,-0.0032305866479873657,-0.05466487631201744,-0.06920511275529861,0.07719216495752335,True,True,True,True,True,False
gaussian_medium,58,sdedit_t1,1,0.06240219622850418,0.06766567379236221,0.12705248594284058,0.06290137022733688,0.06835019588470459,0.12769155204296112,0.05568752437829971,0.06097133085131645,0.062678761780262,-0.0004991739988327026,-0.0006845220923423767,-0.0006390661001205444,0.006714671850204468,0.006694342941045761,0.06437372416257858,True,True,True,False,False,False
gaussian_medium,59,sdedit_t1,1,0.06448472291231155,0.06926196068525314,0.1646430641412735,0.06501203775405884,0.07062306255102158,0.1676061749458313,0.06937425583600998,0.08191487193107605,0.07579575479030609,-0.0005273148417472839,-0.0013611018657684326,-0.0029631108045578003,-0.004889532923698425,-0.012652911245822906,0.08884730935096741,True,True,True,True,True,False
gaussian_medium,60,sdedit_t1,1,0.08212585002183914,0.08959392458200455,0.3568327724933624,0.07986714690923691,0.08753584325313568,0.3615890145301819,0.09320569783449173,0.11541580408811569,0.1529051810503006,0.002258703112602234,0.002058081328868866,-0.004756242036819458,-0.011079847812652588,-0.025821879506111145,0.20392759144306183,False,False,True,True,True,False
gaussian_medium,61,sdedit_t1,1,0.0606963112950325,0.06826107203960419,0.1819031685590744,0.06355413794517517,0.07137571275234222,0.18731608986854553,0.06705813854932785,0.07699379324913025,0.07850740849971771,-0.0028578266501426697,-0.003114640712738037,-0.00541292130947113,-0.006361827254295349,-0.008732721209526062,0.10339576005935669,True,True,True,True,True,False
gaussian_medium,62,sdedit_t1,1,0.0608706995844841,0.06675755232572556,0.1453379988670349,0.060209810733795166,0.06651534885168076,0.14791762828826904,0.049396343529224396,0.053224124014377594,0.06488995999097824,0.0006608888506889343,0.0002422034740447998,-0.002579629421234131,0.011474356055259705,0.013533428311347961,0.08044803887605667,False,False,True,False,False,False
gaussian_medium,63,sdedit_t1,1,0.06296996772289276,0.06893414258956909,0.1717803031206131,0.06362495571374893,0.0706520825624466,0.17745628952980042,0.0807112604379654,0.09007512778043747,0.0889793112874031,-0.0006549879908561707,-0.0017179399728775024,-0.005675986409187317,-0.017741292715072632,-0.021140985190868378,0.08280099183320999,True,True,True,True,True,False
gaussian_medium,64,sdedit_t1,1,0.0501764714717865,0.06081325188279152,0.15201342105865479,0.05301336571574211,0.06215537339448929,0.15553700923919678,0.06648920476436615,0.08591584861278534,0.06633707135915756,-0.002836894243955612,-0.0013421215116977692,-0.003523588180541992,-0.01631273329257965,-0.02510259672999382,0.08567634969949722,True,True,True,True,True,False
gaussian_medium,65,sdedit_t1,1,0.06602904945611954,0.07082602381706238,0.20943985879421234,0.06843168288469315,0.07318937033414841,0.21629437804222107,0.10768786817789078,0.12152266502380371,0.10990932583808899,-0.0024026334285736084,-0.002363346517086029,-0.006854519248008728,-0.04165881872177124,-0.05069664120674133,0.09953053295612335,True,True,True,True,True,False
gaussian_medium,66,sdedit_t1,1,0.08087389171123505,0.08941511064767838,0.19831956923007965,0.08183147758245468,0.09079550206661224,0.20187802612781525,0.06862256675958633,0.0772557258605957,0.08954665809869766,-0.000957585871219635,-0.0013803914189338684,-0.0035584568977355957,0.012251324951648712,0.012159384787082672,0.10877291113138199,True,True,True,False,False,False
gaussian_medium,67,sdedit_t1,1,0.04555792734026909,0.05190055072307587,0.14564749598503113,0.04765406250953674,0.05380195751786232,0.15165942907333374,0.08686287701129913,0.1036376878619194,0.08728952705860138,-0.0020961351692676544,-0.0019014067947864532,-0.006011933088302612,-0.041304949671030045,-0.051737137138843536,0.05835796892642975,True,True,True,True,True,False
gaussian_medium,68,sdedit_t1,1,0.06272102892398834,0.0708526074886322,0.19078047573566437,0.06450282037258148,0.07236339151859283,0.19587844610214233,0.06210776045918465,0.07548367977142334,0.0870240181684494,-0.0017817914485931396,-0.0015107840299606323,-0.005097970366477966,0.0006132684648036957,-0.004631072282791138,0.10375645756721497,True,True,True,False,True,False
gaussian_medium,69,sdedit_t1,1,0.06586430966854095,0.06991083174943924,0.22312402725219727,0.06581691652536392,0.0700242668390274,0.22751519083976746,0.07174934446811676,0.08514843136072159,0.09439700841903687,4.739314317703247e-05,-0.00011343508958816528,-0.00439116358757019,-0.005885034799575806,-0.015237599611282349,0.1287270188331604,False,True,True,True,True,False
gaussian_medium,70,sdedit_t1,1,0.0624140128493309,0.06999023258686066,0.26448890566825867,0.06503480672836304,0.07312535494565964,0.26727980375289917,0.07864745706319809,0.09715275466442108,0.10977312177419662,-0.002620793879032135,-0.0031351223587989807,-0.002790898084640503,-0.016233444213867188,-0.027162522077560425,0.15471577644348145,True,True,True,True,True,False
gaussian_medium,71,sdedit_t1,1,0.07897377014160156,0.08708517253398895,0.42386385798454285,0.08243260532617569,0.09130103886127472,0.430653840303421,0.1076890379190445,0.12818403542041779,0.17079782485961914,-0.003458835184574127,-0.004215866327285767,-0.006789982318878174,-0.028715267777442932,-0.04109886288642883,0.2530660331249237,True,True,True,True,True,False
gaussian_medium,72,sdedit_t1,1,0.058969754725694656,0.06538543105125427,0.20303714275360107,0.059163399040699005,0.06551691889762878,0.21139493584632874,0.12831208109855652,0.14897313714027405,0.12247622013092041,-0.00019364431500434875,-0.00013148784637451172,-0.008357793092727661,-0.06934233009815216,-0.08358770608901978,0.08056092262268066,True,True,True,True,True,False
gaussian_medium,73,sdedit_t1,1,0.047336988151073456,0.056066226214170456,0.1652250587940216,0.048943597823381424,0.059210751205682755,0.170535609126091,0.08089907467365265,0.0954967811703682,0.09982328861951828,-0.0016066096723079681,-0.0031445249915122986,-0.005310550332069397,-0.03356208652257919,-0.03943055495619774,0.06540177017450333,True,True,True,True,True,False
gaussian_medium,74,sdedit_t1,1,0.05378261208534241,0.06066851690411568,0.39468610286712646,0.05488523095846176,0.06209534779191017,0.3997913897037506,0.07875508069992065,0.10137559473514557,0.1493482142686844,-0.0011026188731193542,-0.0014268308877944946,-0.0051052868366241455,-0.024972468614578247,-0.04070707783102989,0.24533788859844208,True,True,True,True,True,False
gaussian_medium,75,sdedit_t1,1,0.061703018844127655,0.07246790081262589,0.1541994959115982,0.061505354940891266,0.07200919836759567,0.15565665066242218,0.04996796324849129,0.05643586814403534,0.06322984397411346,0.00019766390323638916,0.0004587024450302124,-0.0014571547508239746,0.011735055595636368,0.016032032668590546,0.09096965193748474,False,False,True,False,False,False
gaussian_medium,76,sdedit_t1,1,0.06443675607442856,0.0703514963388443,0.1651161015033722,0.06336772441864014,0.06893615424633026,0.16765718162059784,0.05375320836901665,0.06410188972949982,0.07128793001174927,0.0010690316557884216,0.001415342092514038,-0.002541080117225647,0.010683547705411911,0.006249606609344482,0.09382817149162292,False,False,True,False,False,False
gaussian_medium,77,sdedit_t1,1,0.05632542446255684,0.0641917809844017,0.14560788869857788,0.057621002197265625,0.06622353196144104,0.1471443772315979,0.05599760264158249,0.06255166977643967,0.06804715842008591,-0.001295577734708786,-0.002031750977039337,-0.0015364885330200195,0.00032782182097435,0.0016401112079620361,0.07756073027849197,True,True,True,False,False,False
gaussian_medium,78,sdedit_t1,1,0.05504251644015312,0.062011249363422394,0.1239103451371193,0.055813103914260864,0.06254932284355164,0.1270044893026352,0.047484248876571655,0.05415324121713638,0.054498083889484406,-0.0007705874741077423,-0.0005380734801292419,-0.0030941441655158997,0.007558267563581467,0.00785800814628601,0.06941226124763489,True,True,True,False,False,False
gaussian_medium,79,sdedit_t1,1,0.056016892194747925,0.0645500048995018,0.184037446975708,0.05461578816175461,0.06252054125070572,0.18641580641269684,0.06140183284878731,0.0677388608455658,0.07807531207799911,0.0014011040329933167,0.0020294636487960815,-0.0023783594369888306,-0.005384940654039383,-0.0031888559460639954,0.10596213489770889,False,False,True,True,True,False
gaussian_medium,80,sdedit_t1,1,0.06000164896249771,0.0691516250371933,0.1604413539171219,0.06143757700920105,0.07038457691669464,0.16220363974571228,0.043805550783872604,0.054113831371068954,0.06826687604188919,-0.0014359280467033386,-0.0012329518795013428,-0.001762285828590393,0.016196098178625107,0.015037793666124344,0.0921744778752327,True,True,True,False,False,False
gaussian_medium,81,sdedit_t1,1,0.06372543424367905,0.07106907665729523,0.2161380797624588,0.06261061131954193,0.06964774429798126,0.22152715921401978,0.13173100352287292,0.14868614077568054,0.14832067489624023,0.0011148229241371155,0.0014213323593139648,-0.005389079451560974,-0.06800556927919388,-0.07761706411838531,0.06781740486621857,False,False,True,True,True,False
gaussian_medium,82,sdedit_t1,1,0.06038413569331169,0.06381674110889435,0.2471596896648407,0.06371063739061356,0.06747692823410034,0.2529352307319641,0.13376091420650482,0.1613091379404068,0.1487712264060974,-0.0033265016973018646,-0.0036601871252059937,-0.005775541067123413,-0.07337677478790283,-0.09749239683151245,0.09838846325874329,True,True,True,True,True,False
gaussian_medium,83,sdedit_t1,1,0.06290384382009506,0.07366028428077698,0.12277814745903015,0.06458045542240143,0.07572315633296967,0.1238197460770607,0.05164887383580208,0.06379976123571396,0.056130826473236084,-0.001676611602306366,-0.002062872052192688,-0.001041598618030548,0.011254969984292984,0.009860523045063019,0.06664732098579407,True,True,True,False,False,False
gaussian_medium,84,sdedit_t1,1,0.0639772042632103,0.07476761192083359,0.3243989050388336,0.06669057905673981,0.0781894251704216,0.3272639513015747,0.06232018396258354,0.0730639100074768,0.13761843740940094,-0.0027133747935295105,-0.0034218132495880127,-0.002865046262741089,0.0016570203006267548,0.001703701913356781,0.18678046762943268,True,True,True,False,False,False
gaussian_medium,85,sdedit_t1,1,0.057291559875011444,0.0644790381193161,0.41165608167648315,0.058885347098112106,0.06669173389673233,0.414104700088501,0.08543301373720169,0.10398469120264053,0.15394435822963715,-0.0015937872231006622,-0.0022126957774162292,-0.0024486184120178223,-0.028141453862190247,-0.03950565308332443,0.2577117085456848,True,True,True,True,True,False
gaussian_medium,86,sdedit_t1,1,0.05672070384025574,0.0624072328209877,0.19734781980514526,0.05872054770588875,0.06591162830591202,0.20251381397247314,0.11469225585460663,0.1347866952419281,0.11775562167167664,-0.001999843865633011,-0.0035043954849243164,-0.005165994167327881,-0.05797155201435089,-0.0723794624209404,0.07959219813346863,True,True,True,True,True,False
gaussian_medium,87,sdedit_t1,1,0.06249126046895981,0.07076790183782578,0.5151343941688538,0.0609772689640522,0.06969040632247925,0.517386257648468,0.09252609312534332,0.1165836974978447,0.18229401111602783,0.001513991504907608,0.001077495515346527,-0.002251863479614258,-0.030034832656383514,-0.04581579566001892,0.3328403830528259,False,False,True,True,True,False
gaussian_medium,88,sdedit_t1,1,0.06075895577669144,0.06672090291976929,0.17240123450756073,0.06288284063339233,0.0694887563586235,0.17748552560806274,0.05788273364305496,0.06939943879842758,0.07858433574438095,-0.002123884856700897,-0.0027678534388542175,-0.005084291100502014,0.0028762221336364746,-0.0026785358786582947,0.09381689876317978,True,True,True,False,True,False
gaussian_medium,89,sdedit_t1,1,0.06536952406167984,0.07505901902914047,0.2159702032804489,0.06404105573892593,0.0755595937371254,0.22349926829338074,0.09721574932336807,0.12792930006980896,0.10490168631076813,0.0013284683227539062,-0.0005005747079849243,-0.007529065012931824,-0.03184622526168823,-0.05287028104066849,0.11106851696968079,False,True,True,True,True,False
gaussian_medium,90,sdedit_t1,1,0.0598003976047039,0.06673784554004669,0.37213701009750366,0.06123713403940201,0.06656623631715775,0.3742240071296692,0.10846875607967377,0.11480225622653961,0.16578835248947144,-0.0014367364346981049,0.00017160922288894653,-0.0020869970321655273,-0.048668358474969864,-0.04806441068649292,0.20634865760803223,True,False,True,True,True,False
gaussian_medium,91,sdedit_t1,1,0.07055579125881195,0.08051536232233047,0.17813166975975037,0.07062261551618576,0.08143483102321625,0.18131333589553833,0.07167880237102509,0.09203120321035385,0.08763167262077332,-6.682425737380981e-05,-0.0009194687008857727,-0.003181666135787964,-0.0011230111122131348,-0.011515840888023376,0.09049999713897705,True,True,True,True,True,False
gaussian_medium,92,sdedit_t1,1,0.06158940866589546,0.06684883683919907,0.18163368105888367,0.06249571964144707,0.0675351470708847,0.18886736035346985,0.07958246767520905,0.09701431542634964,0.08285306394100189,-0.0009063109755516052,-0.0006863102316856384,-0.007233679294586182,-0.017993059009313583,-0.030165478587150574,0.09878061711788177,True,True,True,True,True,False
gaussian_medium,93,sdedit_t1,1,0.07790573686361313,0.08649519085884094,0.21981270611286163,0.07992082089185715,0.08878232538700104,0.22813326120376587,0.09832006692886353,0.12360107898712158,0.10812805593013763,-0.0020150840282440186,-0.002287134528160095,-0.008320555090904236,-0.020414330065250397,-0.03710588812828064,0.111684650182724,True,True,True,True,True,False
gaussian_medium,94,sdedit_t1,1,0.06057504564523697,0.06625482439994812,0.30530914664268494,0.06401105225086212,0.06877055019140244,0.30806803703308105,0.08276674896478653,0.10058315843343735,0.12202835083007812,-0.0034360066056251526,-0.002515725791454315,-0.002758890390396118,-0.02219170331954956,-0.03432833403348923,0.1832807958126068,True,True,True,True,True,False
gaussian_medium,95,sdedit_t1,1,0.061225663870573044,0.07206625491380692,0.17911560833454132,0.06344695389270782,0.07464179396629333,0.1804322600364685,0.047720767557621,0.054087039083242416,0.07158920913934708,-0.002221290022134781,-0.0025755390524864197,-0.001316651701927185,0.013504896312952042,0.0179792158305645,0.10752639919519424,True,True,True,False,False,False
gaussian_medium,96,sdedit_t1,1,0.05573226884007454,0.05923082306981087,0.16705211997032166,0.05727323889732361,0.06087341159582138,0.17227008938789368,0.0910559743642807,0.10789001733064651,0.08745640516281128,-0.0015409700572490692,-0.0016425885260105133,-0.0052179694175720215,-0.03532370552420616,-0.04865919426083565,0.07959571480751038,True,True,True,True,True,False
gaussian_medium,97,sdedit_t1,1,0.055967360734939575,0.06492531299591064,0.14762794971466064,0.05725973844528198,0.06536348164081573,0.1539067029953003,0.06028691679239273,0.07081550359725952,0.07782384753227234,-0.0012923777103424072,-0.00043816864490509033,-0.0062787532806396484,-0.0043195560574531555,-0.005890190601348877,0.0698041021823883,True,True,True,True,True,False
gaussian_medium,98,sdedit_t1,1,0.06859628856182098,0.07717384397983551,0.14678320288658142,0.06984086334705353,0.07839515805244446,0.15195311605930328,0.1150994673371315,0.1282658576965332,0.10190113633871078,-0.001244574785232544,-0.0012213140726089478,-0.005169913172721863,-0.046503178775310516,-0.05109201371669769,0.044882066547870636,True,True,True,True,True,False
gaussian_medium,99,sdedit_t1,1,0.058555006980895996,0.06610380858182907,0.21330100297927856,0.05965913087129593,0.06772168725728989,0.2174004316329956,0.1352998912334442,0.1512903869152069,0.12771987915039062,-0.0011041238903999329,-0.0016178786754608154,-0.004099428653717041,-0.07674488425254822,-0.08518657833337784,0.08558112382888794,True,True,True,True,True,False
gaussian_medium,100,sdedit_t1,1,0.06436452269554138,0.07158207893371582,0.5543878078460693,0.061298519372940063,0.06865006685256958,0.559107780456543,0.09492410719394684,0.12343281507492065,0.2001308798789978,0.0030660033226013184,0.0029320120811462402,-0.004719972610473633,-0.030559584498405457,-0.051850736141204834,0.35425692796707153,False,False,True,True,True,False
gaussian_medium,101,sdedit_t1,1,0.06795036792755127,0.07782016694545746,0.17097751796245575,0.07044897973537445,0.08044664561748505,0.1754961609840393,0.09754346311092377,0.10942552238702774,0.08715121448040009,-0.002498611807823181,-0.002626478672027588,-0.004518643021583557,-0.029593095183372498,-0.03160535544157028,0.08382630348205566,True,True,True,True,True,False
gaussian_medium,102,sdedit_t1,1,0.05395406484603882,0.059920527040958405,0.16203410923480988,0.05523790046572685,0.06174482777714729,0.16772402822971344,0.10742755979299545,0.12047137320041656,0.08857806771993637,-0.001283835619688034,-0.0018243007361888885,-0.0056899189949035645,-0.053473494946956635,-0.06055084615945816,0.0734560415148735,True,True,True,True,True,False
gaussian_medium,103,sdedit_t1,1,0.05951537564396858,0.06870036572217941,0.1671208143234253,0.05866476893424988,0.06853143125772476,0.16977395117282867,0.09124589711427689,0.10280701518058777,0.08718530088663101,0.0008506067097187042,0.00016893446445465088,-0.0026531368494033813,-0.031730521470308304,-0.034106649458408356,0.07993551343679428,False,False,True,True,True,False
gaussian_medium,104,sdedit_t1,1,0.06312402337789536,0.0704546794295311,0.14850445091724396,0.06275846064090729,0.07007301598787308,0.14963671565055847,0.05481211468577385,0.06105152145028114,0.06407978385686874,0.0003655627369880676,0.00038166344165802,-0.0011322647333145142,0.008311908692121506,0.009403157979249954,0.08442466706037521,False,False,True,False,False,False
gaussian_medium,105,sdedit_t1,1,0.06182383745908737,0.07353534549474716,0.17940038442611694,0.061939459294080734,0.07198608666658401,0.18103794753551483,0.044719260185956955,0.051559071987867355,0.07936803251504898,-0.00011562183499336243,0.001549258828163147,-0.0016375631093978882,0.017104577273130417,0.021976273506879807,0.10003235191106796,True,False,True,False,False,False
gaussian_medium,106,sdedit_t1,1,0.06863843649625778,0.07757773250341415,0.1334982067346573,0.07259709388017654,0.08092089742422104,0.13709700107574463,0.12264351546764374,0.14158068597316742,0.09050361067056656,-0.003958657383918762,-0.0033431649208068848,-0.0035987943410873413,-0.054005078971385956,-0.06400295346975327,0.04299459606409073,True,True,True,True,True,False
gaussian_medium,107,sdedit_t1,1,0.05221341922879219,0.05513326823711395,0.23460401594638824,0.054060280323028564,0.05695231631398201,0.24029786884784698,0.06298675388097763,0.07301555573940277,0.09838788956403732,-0.001846861094236374,-0.0018190480768680573,-0.00569385290145874,-0.01077333465218544,-0.01788228750228882,0.13621613383293152,True,True,True,True,True,False
gaussian_medium,108,sdedit_t1,1,0.057239681482315063,0.06442844867706299,0.4448455572128296,0.0605158731341362,0.06790958344936371,0.4471472501754761,0.0842946395277977,0.11307083815336227,0.1680309772491455,-0.0032761916518211365,-0.00348113477230072,-0.0023016929626464844,-0.027054958045482635,-0.048642389476299286,0.2768145799636841,True,True,True,True,True,False
gaussian_medium,109,sdedit_t1,1,0.056533921509981155,0.062068913131952286,0.15643610060214996,0.05685434862971306,0.06278765201568604,0.16199812293052673,0.10577410459518433,0.11919612437486649,0.08583149313926697,-0.0003204271197319031,-0.0007187388837337494,-0.00556202232837677,-0.04924018308520317,-0.0571272112429142,0.070604607462883,True,True,True,True,True,False
gaussian_medium,110,sdedit_t1,1,0.04968671128153801,0.05660904943943024,0.4140501916408539,0.053803879767656326,0.06096247583627701,0.4171982407569885,0.08472300320863724,0.11249775439500809,0.15221010148525238,-0.004117168486118317,-0.004353426396846771,-0.0031480491161346436,-0.03503629192709923,-0.05588870495557785,0.2618401050567627,True,True,True,True,True,False
gaussian_medium,111,sdedit_t1,1,0.06620833277702332,0.06949595361948013,0.15296851098537445,0.06834503263235092,0.07125105708837509,0.15973493456840515,0.0927303358912468,0.11808854341506958,0.08771612495183945,-0.002136699855327606,-0.0017551034688949585,-0.006766423583030701,-0.02652200311422348,-0.04859258979558945,0.065252386033535,True,True,True,True,True,False
gaussian_medium,112,sdedit_t1,1,0.05757440999150276,0.0633762925863266,0.13179723918437958,0.057756416499614716,0.06401196122169495,0.1373388171195984,0.08926673233509064,0.11149761825799942,0.07968626171350479,-0.00018200650811195374,-0.0006356686353683472,-0.005541577935218811,-0.031692322343587875,-0.04812132567167282,0.052110977470874786,True,True,True,True,True,False
gaussian_medium,113,sdedit_t1,1,0.07170086354017258,0.07932822406291962,0.44260698556900024,0.07053997367620468,0.0780765563249588,0.44725003838539124,0.10411195456981659,0.12199509888887405,0.1704181730747223,0.0011608898639678955,0.0012516677379608154,-0.004643052816390991,-0.03241109102964401,-0.04266687482595444,0.27218881249427795,False,False,True,True,True,False
gaussian_medium,114,sdedit_t1,1,0.048166077584028244,0.05541128292679787,0.3964778184890747,0.05028399080038071,0.057803526520729065,0.40060532093048096,0.07708792388439178,0.09828725457191467,0.14565664529800415,-0.0021179132163524628,-0.002392243593931198,-0.00412750244140625,-0.02892184630036354,-0.042875971645116806,0.25082117319107056,True,True,True,True,True,False
gaussian_medium,115,sdedit_t1,1,0.06968337297439575,0.07668406516313553,0.48831844329833984,0.069786436855793,0.07676728814840317,0.4905249774456024,0.11679557710886002,0.14621074497699738,0.17673762142658234,-0.00010306388139724731,-8.322298526763916e-05,-0.0022065341472625732,-0.047112204134464264,-0.06952667981386185,0.3115808367729187,True,True,True,True,True,False
gaussian_medium,116,sdedit_t1,1,0.0829559713602066,0.08974397927522659,0.19450977444648743,0.08216828107833862,0.08877268433570862,0.1972154825925827,0.06919886916875839,0.07904010266065598,0.0969761312007904,0.000787690281867981,0.0009712949395179749,-0.002705708146095276,0.013757102191448212,0.010703876614570618,0.09753364324569702,False,False,True,False,False,False
gaussian_medium,117,sdedit_t1,1,0.05027129128575325,0.05674580857157707,0.12829716503620148,0.05175156146287918,0.057742949575185776,0.1293429434299469,0.03831713646650314,0.04369094595313072,0.05668577179312706,-0.0014802701771259308,-0.0009971410036087036,-0.0010457783937454224,0.011954154819250107,0.01305486261844635,0.07161138951778412,True,True,True,False,False,False
gaussian_medium,118,sdedit_t1,1,0.06216691806912422,0.06774476170539856,0.15528753399848938,0.06253249943256378,0.0691952109336853,0.15853089094161987,0.10341504961252213,0.12015019357204437,0.08345627039670944,-0.00036558136343955994,-0.0014504492282867432,-0.003243356943130493,-0.0412481315433979,-0.05240543186664581,0.07183126360177994,True,True,True,True,True,False
gaussian_medium,119,sdedit_t1,1,0.06748691946268082,0.0721532329916954,0.13855421543121338,0.06780588626861572,0.07269803434610367,0.14165262877941132,0.06439428776502609,0.07090190798044205,0.07135967165231705,-0.000318966805934906,-0.0005448013544082642,-0.003098413348197937,0.003092631697654724,0.001251325011253357,0.06719454377889633,True,True,True,False,False,False
gaussian_medium,120,sdedit_t1,1,0.05809096619486809,0.06375482678413391,0.39583903551101685,0.059413619339466095,0.06552422046661377,0.4000716209411621,0.07857690006494522,0.09154228866100311,0.14875134825706482,-0.0013226531445980072,-0.0017693936824798584,-0.004232585430145264,-0.020485933870077133,-0.0277874618768692,0.24708768725395203,True,True,True,True,True,False
gaussian_medium,121,sdedit_t1,1,0.06418155878782272,0.0699743926525116,0.192920982837677,0.06543900072574615,0.07137785851955414,0.19479991495609283,0.041555702686309814,0.051145587116479874,0.08577560633420944,-0.0012574419379234314,-0.0014034658670425415,-0.0018789321184158325,0.02262585610151291,0.018828805536031723,0.10714537650346756,True,True,True,False,False,False
gaussian_medium,122,sdedit_t1,1,0.06496987491846085,0.07222160696983337,0.5073553919792175,0.067314513027668,0.07474789768457413,0.5100261569023132,0.12390325218439102,0.13954085111618042,0.19669532775878906,-0.0023446381092071533,-0.002526290714740753,-0.002670764923095703,-0.058933377265930176,-0.06731924414634705,0.31066006422042847,True,True,True,True,True,False
gaussian_medium,123,sdedit_t1,1,0.059018272906541824,0.06732933223247528,0.1720491647720337,0.06365425139665604,0.06980235129594803,0.17862099409103394,0.1108345240354538,0.13837650418281555,0.09484073519706726,-0.004635978490114212,-0.002473019063472748,-0.006571829319000244,-0.05181625112891197,-0.07104717195034027,0.07720842957496643,True,True,True,True,True,False
gaussian_medium,124,sdedit_t1,1,0.06791859120130539,0.07536565512418747,0.16943281888961792,0.07229502499103546,0.07947789877653122,0.17555390298366547,0.1535102128982544,0.18486125767230988,0.11638464033603668,-0.004376433789730072,-0.00411224365234375,-0.006121084094047546,-0.085591621696949,-0.1094956025481224,0.05304817855358124,True,True,True,True,True,False
gaussian_medium,125,sdedit_t1,1,0.04946447163820267,0.05679578706622124,0.3125237822532654,0.0507008321583271,0.05799226090312004,0.3153918981552124,0.07737384736537933,0.09418966621160507,0.11674678325653076,-0.0012363605201244354,-0.0011964738368988037,-0.0028681159019470215,-0.027909375727176666,-0.037393879145383835,0.19577699899673462,True,True,True,True,True,False
gaussian_medium,126,sdedit_t1,1,0.06788894534111023,0.07754812389612198,0.2872144877910614,0.0687909722328186,0.07765668630599976,0.29283303022384644,0.07590890675783157,0.09671558439731598,0.11917459964752197,-0.000902026891708374,-0.0001085624098777771,-0.005618542432785034,-0.008019961416721344,-0.019167460501194,0.16803988814353943,True,True,True,True,True,False
gaussian_medium,127,sdedit_t1,1,0.04847981780767441,0.05619874224066734,0.15685947239398956,0.05025341361761093,0.0581631101667881,0.16333498060703278,0.08921194076538086,0.10469946265220642,0.07968658953905106,-0.0017735958099365234,-0.001964367926120758,-0.006475508213043213,-0.04073212295770645,-0.04850072041153908,0.07717288285493851,True,True,True,True,True,False
gaussian_medium,128,sdedit_t1,1,0.07340128719806671,0.08283126354217529,0.20160560309886932,0.07547896355390549,0.08421705663204193,0.2059471160173416,0.13366277515888214,0.14393240213394165,0.1283629685640335,-0.0020776763558387756,-0.0013857930898666382,-0.00434151291847229,-0.06026148796081543,-0.06110113859176636,0.07324263453483582,True,True,True,True,True,False
gaussian_medium,129,sdedit_t1,1,0.055288683623075485,0.05933915823698044,0.28265124559402466,0.0584014467895031,0.0626315027475357,0.2846340537071228,0.0845702514052391,0.10369555652141571,0.10589858144521713,-0.0031127631664276123,-0.0032923445105552673,-0.0019828081130981445,-0.02928156778216362,-0.04435639828443527,0.17675265669822693,True,True,True,True,True,False
gaussian_medium,130,sdedit_t1,1,0.06043975427746773,0.06905552744865417,0.24483244121074677,0.06082163378596306,0.06922893226146698,0.24782146513462067,0.07837707549333572,0.09628422558307648,0.0981823056936264,-0.0003818795084953308,-0.00017340481281280518,-0.0029890239238739014,-0.017937321215867996,-0.027228698134422302,0.14665013551712036,True,True,True,True,True,False
gaussian_medium,131,sdedit_t1,1,0.0671912282705307,0.07240728288888931,0.3529203236103058,0.0703960657119751,0.07499675452709198,0.3548932671546936,0.09656856209039688,0.11531996726989746,0.13231748342514038,-0.003204837441444397,-0.0025894716382026672,-0.0019729435443878174,-0.02937733381986618,-0.04291268438100815,0.2206028401851654,True,True,True,True,True,False
gaussian_medium,132,sdedit_t1,1,0.05568252131342888,0.0607791468501091,0.14611566066741943,0.057657770812511444,0.0630909726023674,0.14972493052482605,0.05540088564157486,0.06369918584823608,0.06872966885566711,-0.0019752494990825653,-0.0023118257522583008,-0.003609269857406616,0.00028163567185401917,-0.0029200389981269836,0.07738599181175232,True,True,True,False,True,False
gaussian_medium,133,sdedit_t1,1,0.07723093032836914,0.08530934900045395,0.1692529320716858,0.07890082895755768,0.08592783659696579,0.17625902593135834,0.091493621468544,0.10401055961847305,0.08613310754299164,-0.0016698986291885376,-0.0006184875965118408,-0.007006093859672546,-0.014262691140174866,-0.018701210618019104,0.08311982452869415,True,True,True,True,True,False
gaussian_medium,134,sdedit_t1,1,0.06717409938573837,0.07442552596330643,0.18244574964046478,0.06966028362512589,0.07659758627414703,0.18685060739517212,0.08807655423879623,0.11113647371530533,0.09065839648246765,-0.002486184239387512,-0.0021720603108406067,-0.004404857754707336,-0.02090245485305786,-0.0367109477519989,0.09178735315799713,True,True,True,True,True,False
gaussian_medium,135,sdedit_t1,1,0.07021807134151459,0.07867277413606644,0.19537965953350067,0.06959477066993713,0.07729489356279373,0.1987147331237793,0.11236073821783066,0.13847272098064423,0.10575899481773376,0.0006233006715774536,0.001377880573272705,-0.0033350735902786255,-0.04214266687631607,-0.05979994684457779,0.0896206647157669,False,False,True,True,True,False
gaussian_medium,136,sdedit_t1,1,0.07942230999469757,0.08568646758794785,0.20422875881195068,0.07904346287250519,0.08483950793743134,0.20913536846637726,0.0999903678894043,0.1170007660984993,0.11569443345069885,0.0003788471221923828,0.00084695965051651,-0.004906609654426575,-0.020568057894706726,-0.03131429851055145,0.08853432536125183,False,False,True,True,True,False
gaussian_medium,137,sdedit_t1,1,0.0618000254034996,0.06763458251953125,0.1368582844734192,0.06061019375920296,0.0663548931479454,0.13794785737991333,0.06587661802768707,0.0733184665441513,0.057983994483947754,0.0011898316442966461,0.001279689371585846,-0.0010895729064941406,-0.0040765926241874695,-0.005683884024620056,0.07887428998947144,False,False,True,True,True,False
gaussian_medium,138,sdedit_t1,1,0.07069069892168045,0.07702307403087616,0.1944257766008377,0.07277632504701614,0.07930939644575119,0.20100384950637817,0.10961546003818512,0.12978191673755646,0.10056919604539871,-0.0020856261253356934,-0.0022863224148750305,-0.006578072905540466,-0.03892476111650467,-0.0527588427066803,0.093856580555439,True,True,True,True,True,False
gaussian_medium,139,sdedit_t1,1,0.058124981820583344,0.06396692246198654,0.16291417181491852,0.05832662433385849,0.06483396142721176,0.1707523912191391,0.1312113106250763,0.15030963718891144,0.10507964342832565,-0.00020164251327514648,-0.0008670389652252197,-0.007838219404220581,-0.07308632880449295,-0.0863427147269249,0.057834528386592865,True,True,True,True,True,False
gaussian_medium,140,sdedit_t1,1,0.06387301534414291,0.07077805697917938,0.3938547372817993,0.06620535999536514,0.07372128963470459,0.39643633365631104,0.08207020163536072,0.094312384724617,0.14707915484905243,-0.002332344651222229,-0.0029432326555252075,-0.0025815963745117188,-0.018197186291217804,-0.023534327745437622,0.2467755824327469,True,True,True,True,True,False
gaussian_medium,141,sdedit_t1,1,0.06954984366893768,0.0751531720161438,0.16633981466293335,0.07058821618556976,0.07576961815357208,0.16859117150306702,0.06886309385299683,0.07401607185602188,0.07892601191997528,-0.00103837251663208,-0.0006164461374282837,-0.002251356840133667,0.0006867498159408569,0.0011371001601219177,0.08741380274295807,True,True,True,False,False,False
gaussian_medium,142,sdedit_t1,1,0.052788883447647095,0.062346749007701874,0.334048867225647,0.053529269993305206,0.06264203041791916,0.3380206823348999,0.06528003513813019,0.07548685371875763,0.12546157836914062,-0.0007403865456581116,-0.00029528141021728516,-0.00397181510925293,-0.012491151690483093,-0.013140104711055756,0.20858728885650635,True,True,True,True,True,False
gaussian_medium,143,sdedit_t1,1,0.05890573933720589,0.06350848078727722,0.3928399980068207,0.06082773953676224,0.06577008217573166,0.39537718892097473,0.05920374393463135,0.06757593899965286,0.1394093930721283,-0.0019220001995563507,-0.0022616013884544373,-0.0025371909141540527,-0.0002980045974254608,-0.004067458212375641,0.2534306049346924,True,True,True,True,True,False
gaussian_medium,144,sdedit_t1,1,0.05634231120347977,0.0631326287984848,0.16264307498931885,0.058723390102386475,0.06540987640619278,0.16571247577667236,0.07690069079399109,0.0877382755279541,0.0861901193857193,-0.0023810788989067078,-0.0022772476077079773,-0.0030694007873535156,-0.020558379590511322,-0.0246056467294693,0.07645295560359955,True,True,True,True,True,False
gaussian_medium,145,sdedit_t1,1,0.05640890449285507,0.06315255165100098,0.4148777425289154,0.05548446252942085,0.06352952122688293,0.41859737038612366,0.08310166001319885,0.09842685610055923,0.14972013235092163,0.0009244419634342194,-0.000376969575881958,-0.003719627857208252,-0.02669275552034378,-0.03527430444955826,0.2651576101779938,False,True,True,True,True,False
gaussian_medium,146,sdedit_t1,1,0.07391930371522903,0.07917093485593796,0.26864948868751526,0.07215584814548492,0.07738816738128662,0.2740419805049896,0.08351430296897888,0.09310465306043625,0.11195879429578781,0.00176345556974411,0.0017827674746513367,-0.005392491817474365,-0.009594999253749847,-0.013933718204498291,0.15669068694114685,False,False,True,True,True,False
gaussian_medium,147,sdedit_t1,1,0.057747889310121536,0.06327424198389053,0.1225079596042633,0.058708298951387405,0.06445464491844177,0.1274281144142151,0.05841634422540665,0.06950921565294266,0.06968433409929276,-0.0009604096412658691,-0.001180402934551239,-0.004920154809951782,-0.0006684549152851105,-0.006234973669052124,0.05282362550497055,True,True,True,True,True,False
gaussian_medium,148,sdedit_t1,1,0.073212169110775,0.08246259391307831,0.2131766378879547,0.0760311409831047,0.08489557355642319,0.21771861612796783,0.08347165584564209,0.0928395614027977,0.0996411144733429,-0.002818971872329712,-0.002432979643344879,-0.0045419782400131226,-0.010259486734867096,-0.010376967489719391,0.11353552341461182,True,True,True,True,True,False
gaussian_medium,149,sdedit_t1,1,0.052112121134996414,0.05747108533978462,0.13966281712055206,0.05259985849261284,0.05873362720012665,0.1418168544769287,0.05002996325492859,0.059157051146030426,0.05983170494437218,-0.00048773735761642456,-0.0012625418603420258,-0.002154037356376648,0.0020821578800678253,-0.0016859658062458038,0.07983110845088959,True,True,True,False,True,False
gaussian_medium,150,sdedit_t1,1,0.062135569751262665,0.07032117992639542,0.1920659989118576,0.06264053285121918,0.0715055987238884,0.20010407269001007,0.15172353386878967,0.18191339075565338,0.12546305358409882,-0.0005049630999565125,-0.001184418797492981,-0.008038073778152466,-0.08958796411752701,-0.11159221082925797,0.06660294532775879,True,True,True,True,True,False
gaussian_medium,151,sdedit_t1,1,0.05551723763346672,0.06434206664562225,0.1378062665462494,0.057472534477710724,0.06720471382141113,0.14393165707588196,0.10786683857440948,0.1319304257631302,0.09199569374322891,-0.0019552968442440033,-0.0028626471757888794,-0.006125390529632568,-0.052349600940942764,-0.06758835911750793,0.04581057280302048,True,True,True,True,True,False
gaussian_medium,152,sdedit_t1,1,0.0655498057603836,0.07460440695285797,0.1329207867383957,0.06613504141569138,0.07512471824884415,0.13452142477035522,0.05814840644598007,0.06522561609745026,0.06451665610074997,-0.0005852356553077698,-0.0005203112959861755,-0.0016006380319595337,0.007401399314403534,0.009378790855407715,0.06840413063764572,True,True,True,False,False,False
gaussian_medium,153,sdedit_t1,1,0.05543472617864609,0.06374785304069519,0.20857933163642883,0.05708067864179611,0.06577662378549576,0.21622365713119507,0.06242305040359497,0.0812191292643547,0.09130758792161942,-0.0016459524631500244,-0.0020287707448005676,-0.007644325494766235,-0.006988324224948883,-0.017471276223659515,0.11727174371480942,True,True,True,True,True,False
gaussian_medium,154,sdedit_t1,1,0.06217038631439209,0.06981965154409409,0.16353118419647217,0.06078441068530083,0.06879449635744095,0.1645355224609375,0.04803613945841789,0.054886940866708755,0.07084301859140396,0.0013859756290912628,0.0010251551866531372,-0.001004338264465332,0.014134246855974197,0.01493271067738533,0.0926881656050682,False,False,True,False,False,False
gaussian_medium,155,sdedit_t1,1,0.057945024222135544,0.0681460052728653,0.18228928744792938,0.06064096838235855,0.06965964287519455,0.18995732069015503,0.06586124002933502,0.08467772603034973,0.08616473525762558,-0.002695944160223007,-0.0015136376023292542,-0.007668033242225647,-0.007916215807199478,-0.016531720757484436,0.0961245521903038,True,True,True,True,True,False
gaussian_medium,156,sdedit_t1,1,0.04058859497308731,0.04797381907701492,0.18931865692138672,0.042232804000377655,0.05013908073306084,0.19494909048080444,0.17494122684001923,0.20635084807872772,0.14638684689998627,-0.0016442090272903442,-0.0021652616560459137,-0.005630433559417725,-0.13435262441635132,-0.1583770215511322,0.04293181002140045,True,True,True,True,True,False
gaussian_medium,157,sdedit_t1,1,0.06176094338297844,0.0668221190571785,0.21863438189029694,0.06546349823474884,0.070937879383564,0.2262924313545227,0.16510574519634247,0.1910489946603775,0.15725503861904144,-0.003702554851770401,-0.004115760326385498,-0.007658049464225769,-0.10334479808807373,-0.124226875603199,0.06137934327125549,True,True,True,True,True,False
gaussian_medium,158,sdedit_t1,1,0.0633532702922821,0.07225168496370316,0.19167551398277283,0.06597288697957993,0.07500369846820831,0.19826719164848328,0.0782218798995018,0.0920151099562645,0.0967440977692604,-0.002619616687297821,-0.0027520135045051575,-0.006591677665710449,-0.014868609607219696,-0.01976342499256134,0.09493141621351242,True,True,True,True,True,False
gaussian_medium,159,sdedit_t1,1,0.07010889053344727,0.077121302485466,0.1960304230451584,0.07007939368486404,0.0786561518907547,0.20146112143993378,0.08392344415187836,0.10437065362930298,0.10287521034479141,2.9496848583221436e-05,-0.0015348494052886963,-0.005430698394775391,-0.013814553618431091,-0.027249351143836975,0.09315521270036697,False,True,True,True,True,False
gaussian_medium,160,sdedit_t1,1,0.06453731656074524,0.0730087086558342,0.3646276295185089,0.06853477656841278,0.07594887167215347,0.37168172001838684,0.0766003429889679,0.08945849537849426,0.14112326502799988,-0.0039974600076675415,-0.002940163016319275,-0.00705409049987793,-0.012063026428222656,-0.016449786722660065,0.22350436449050903,True,True,True,True,True,False
gaussian_medium,161,sdedit_t1,1,0.08033385127782822,0.08647403866052628,0.23261070251464844,0.08197537064552307,0.08844462782144547,0.23956158757209778,0.13029950857162476,0.1460462063550949,0.13670390844345093,-0.0016415193676948547,-0.0019705891609191895,-0.006950885057449341,-0.04996565729379654,-0.059572167694568634,0.09590679407119751,True,True,True,True,True,False
gaussian_medium,162,sdedit_t1,1,0.06581826508045197,0.07051090151071548,0.12920504808425903,0.06918779015541077,0.07355402410030365,0.1329507827758789,0.07062796503305435,0.07597562670707703,0.06529215723276138,-0.0033695250749588013,-0.0030431225895881653,-0.003745734691619873,-0.0048096999526023865,-0.005464725196361542,0.06391289085149765,True,True,True,True,True,False
gaussian_medium,163,sdedit_t1,1,0.07166977226734161,0.0782284066081047,0.17446906864643097,0.07299311459064484,0.08021188527345657,0.17686158418655396,0.08342839032411575,0.09476235508918762,0.08158702403306961,-0.0013233423233032227,-0.0019834786653518677,-0.002392515540122986,-0.01175861805677414,-0.016533948481082916,0.09288204461336136,True,True,True,True,True,False
gaussian_medium,164,sdedit_t1,1,0.06497687101364136,0.0741342157125473,0.1614019274711609,0.06470252573490143,0.07345385104417801,0.161900594830513,0.04289114475250244,0.049601905047893524,0.07137329131364822,0.0002743452787399292,0.0006803646683692932,-0.0004986673593521118,0.022085726261138916,0.024532310664653778,0.09002863615751266,False,False,True,False,False,False
gaussian_medium,165,sdedit_t1,1,0.06301908195018768,0.06872984021902084,0.3362216651439667,0.06595510989427567,0.07198909670114517,0.3393206298351288,0.09522255510091782,0.10660473257303238,0.12694883346557617,-0.002936027944087982,-0.0032592564821243286,-0.0030989646911621094,-0.03220347315073013,-0.037874892354011536,0.2092728316783905,True,True,True,True,True,False
gaussian_medium,166,sdedit_t1,1,0.07189905643463135,0.0769791305065155,0.18923765420913696,0.07392732799053192,0.07966499030590057,0.19033850729465485,0.05914716050028801,0.06578616797924042,0.07679083943367004,-0.0020282715559005737,-0.002685859799385071,-0.0011008530855178833,0.012751895934343338,0.011192962527275085,0.11244681477546692,True,True,True,False,False,False
gaussian_medium,167,sdedit_t1,1,0.059088803827762604,0.06457830220460892,0.36342504620552063,0.062389664351940155,0.06881745159626007,0.36570456624031067,0.10103826224803925,0.11792919784784317,0.14545971155166626,-0.0033008605241775513,-0.0042391493916511536,-0.002279520034790039,-0.04194945842027664,-0.05335089564323425,0.21796533465385437,True,True,True,True,True,False
gaussian_medium,168,sdedit_t1,1,0.06589853018522263,0.06823059916496277,0.22643470764160156,0.0670127123594284,0.06993038207292557,0.23195475339889526,0.12790021300315857,0.14336130023002625,0.13746732473373413,-0.00111418217420578,-0.001699782907962799,-0.005520045757293701,-0.062001682817935944,-0.07513070106506348,0.08896738290786743,True,True,True,True,True,False
gaussian_medium,169,sdedit_t1,1,0.050680339336395264,0.05837678909301758,0.13812711834907532,0.0525335893034935,0.060238223522901535,0.14226745069026947,0.07337288558483124,0.08452188223600388,0.08507054299116135,-0.001853249967098236,-0.001861434429883957,-0.004140332341194153,-0.022692546248435974,-0.026145093142986298,0.05305657535791397,True,True,True,True,True,False
gaussian_medium,170,sdedit_t1,1,0.06913287192583084,0.07456697523593903,0.1786920577287674,0.07352592051029205,0.07853599637746811,0.18820954859256744,0.10968039929866791,0.1344609409570694,0.10515481978654861,-0.004393048584461212,-0.003969021141529083,-0.009517490863800049,-0.04054752737283707,-0.05989396572113037,0.07353723794221878,True,True,True,True,True,False
gaussian_medium,171,sdedit_t1,1,0.06167937442660332,0.0677524134516716,0.2772955894470215,0.06817080080509186,0.07312192022800446,0.28808867931365967,0.1472957283258438,0.17791594564914703,0.17559106647968292,-0.006491426378488541,-0.005369506776332855,-0.010793089866638184,-0.0856163501739502,-0.11016353219747543,0.10170452296733856,True,True,True,True,True,False
gaussian_medium,172,sdedit_t1,1,0.0646841749548912,0.0754016861319542,0.4607989490032196,0.06448812782764435,0.07626660913228989,0.46265363693237305,0.10009143501520157,0.12162172794342041,0.1654270589351654,0.0001960471272468567,-0.0008649230003356934,-0.0018546879291534424,-0.035407260060310364,-0.04622004181146622,0.2953718900680542,False,True,True,True,True,False
gaussian_medium,173,sdedit_t1,1,0.0548800528049469,0.062113840132951736,0.14768990874290466,0.05530258268117905,0.06165451183915138,0.1512354016304016,0.06964030861854553,0.07949018478393555,0.07270883023738861,-0.0004225298762321472,0.000459328293800354,-0.0035454928874969482,-0.014760255813598633,-0.01737634465098381,0.07498107850551605,True,False,True,True,True,False
gaussian_medium,174,sdedit_t1,1,0.06594433635473251,0.07251381129026413,0.18099603056907654,0.0680345892906189,0.0744103267788887,0.18603399395942688,0.07327752560377121,0.08283641189336777,0.0887870192527771,-0.002090252935886383,-0.0018965154886245728,-0.005037963390350342,-0.007333189249038696,-0.010322600603103638,0.09220901131629944,True,True,True,True,True,False
gaussian_medium,175,sdedit_t1,1,0.06831936538219452,0.07462631165981293,0.16433085501194,0.06515919417142868,0.07146646827459335,0.1660345196723938,0.053175777196884155,0.05921982601284981,0.06814516335725784,0.0031601712107658386,0.003159843385219574,-0.0017036646604537964,0.015143588185310364,0.01540648564696312,0.09618569165468216,False,False,True,False,False,False
gaussian_medium,176,sdedit_t1,1,0.06050371378660202,0.06592974811792374,0.14438702166080475,0.06126191094517708,0.06611419469118118,0.15007564425468445,0.06568118929862976,0.07773258537054062,0.06785482913255692,-0.000758197158575058,-0.0001844465732574463,-0.0056886225938797,-0.0051774755120277405,-0.011802837252616882,0.07653219252824783,True,True,True,True,True,False
gaussian_medium,177,sdedit_t1,1,0.06449061632156372,0.07085379958152771,0.20835675299167633,0.06333308666944504,0.070398710668087,0.2138184905052185,0.1408078670501709,0.1670147031545639,0.15372470021247864,0.0011575296521186829,0.00045508891344070435,-0.005461737513542175,-0.07631725072860718,-0.0961609035730362,0.05463205277919769,False,False,True,True,True,False
gaussian_medium,178,sdedit_t1,1,0.07132414728403091,0.07841094583272934,0.1594795286655426,0.06996317207813263,0.07744736969470978,0.161967933177948,0.046490415930747986,0.05391748622059822,0.07179262489080429,0.001360975205898285,0.0009635761380195618,-0.0024884045124053955,0.02483373135328293,0.02449345961213112,0.08768690377473831,False,False,True,False,False,False
gaussian_medium,179,sdedit_t1,1,0.05663543939590454,0.06278114765882492,0.14890846610069275,0.05731259658932686,0.0641988217830658,0.15365171432495117,0.072493776679039,0.08204653859138489,0.07331296801567078,-0.0006771571934223175,-0.0014176741242408752,-0.004743248224258423,-0.01585833728313446,-0.019265390932559967,0.07559549808502197,True,True,True,True,True,False
gaussian_medium,180,sdedit_t1,1,0.07596327364444733,0.0810060203075409,0.44115960597991943,0.07600606232881546,0.08060850948095322,0.4445343017578125,0.07086141407489777,0.07507897168397903,0.16434627771377563,-4.2788684368133545e-05,0.000397510826587677,-0.0033746957778930664,0.0051018595695495605,0.005927048623561859,0.2768133282661438,True,False,True,False,False,False
gaussian_medium,181,sdedit_t1,1,0.06658580154180527,0.0748920887708664,0.1854548156261444,0.06523136049509048,0.07312249392271042,0.1865866482257843,0.049447350203990936,0.053724464029073715,0.07702918350696564,0.0013544410467147827,0.0017695948481559753,-0.0011318325996398926,0.01713845133781433,0.02116762474179268,0.10842563211917877,False,False,True,False,False,False
gaussian_medium,182,sdedit_t1,1,0.06191834807395935,0.06905142217874527,0.1584257185459137,0.05938028544187546,0.06872458010911942,0.16368362307548523,0.08985914289951324,0.10194089263677597,0.08430428057909012,0.002538062632083893,0.0003268420696258545,-0.005257904529571533,-0.027940794825553894,-0.0328894704580307,0.07412143796682358,False,False,True,True,True,False
gaussian_medium,183,sdedit_t1,1,0.07455863058567047,0.08527433127164841,0.19557195901870728,0.07407162338495255,0.08220779895782471,0.20291300117969513,0.10836652666330338,0.12256398051977158,0.11015557497739792,0.000487007200717926,0.0030665323138237,-0.007341042160987854,-0.033807896077632904,-0.03728964924812317,0.08541638404130936,False,False,True,True,True,False
gaussian_medium,184,sdedit_t1,1,0.07097966223955154,0.07665611803531647,0.19948996603488922,0.0715017318725586,0.07698065042495728,0.20576082170009613,0.12253649532794952,0.13636323809623718,0.11853645741939545,-0.0005220696330070496,-0.0003245323896408081,-0.006270855665206909,-0.05155683308839798,-0.059707120060920715,0.08095350861549377,True,True,True,True,True,False
gaussian_medium,185,sdedit_t1,1,0.05811134725809097,0.06496131420135498,0.1705579310655594,0.060521721839904785,0.06720143556594849,0.17453165352344513,0.08835574984550476,0.10710819065570831,0.08491603285074234,-0.0024103745818138123,-0.002240121364593506,-0.003973722457885742,-0.030244402587413788,-0.04214687645435333,0.08564189821481705,True,True,True,True,True,False
gaussian_medium,186,sdedit_t1,1,0.06148313730955124,0.07235421985387802,0.18520645797252655,0.06369609385728836,0.07375574856996536,0.19404500722885132,0.12061731517314911,0.14114060997962952,0.11078953742980957,-0.0022129565477371216,-0.0014015287160873413,-0.008838549256324768,-0.05913417786359787,-0.0687863901257515,0.07441692054271698,True,True,True,True,True,False
gaussian_medium,187,sdedit_t1,1,0.06386233866214752,0.0708552896976471,0.17983686923980713,0.06392177939414978,0.07138048857450485,0.18108953535556793,0.0539214126765728,0.06085115298628807,0.07312317192554474,-5.94407320022583e-05,-0.0005251988768577576,-0.0012526661157608032,0.009940925985574722,0.010004136711359024,0.10671369731426239,True,True,True,False,False,False
gaussian_medium,188,sdedit_t1,1,0.06277982890605927,0.07115582376718521,0.501552402973175,0.0653810128569603,0.07349348813295364,0.5054105520248413,0.11652535200119019,0.13892251253128052,0.1874568611383438,-0.0026011839509010315,-0.0023376643657684326,-0.0038581490516662598,-0.05374552309513092,-0.0677666887640953,0.31409555673599243,True,True,True,True,True,False
gaussian_medium,189,sdedit_t1,1,0.06478975713253021,0.07661563903093338,0.17826342582702637,0.06656162440776825,0.07813990861177444,0.1824268102645874,0.0714629739522934,0.08310659974813461,0.0816706195473671,-0.0017718672752380371,-0.0015242695808410645,-0.004163384437561035,-0.006673216819763184,-0.006490960717201233,0.09659280627965927,True,True,True,True,True,False
gaussian_medium,190,sdedit_t1,1,0.0671759769320488,0.07910215109586716,0.19606877863407135,0.06759876757860184,0.07977614551782608,0.19870619475841522,0.06279304623603821,0.07267977297306061,0.08157430589199066,-0.00042279064655303955,-0.0006739944219589233,-0.002637416124343872,0.00438293069601059,0.006422378122806549,0.11449447274208069,True,True,True,False,False,False
gaussian_medium,191,sdedit_t1,1,0.059716153889894485,0.0669555738568306,0.4683833718299866,0.06463374197483063,0.07102222740650177,0.4700911343097687,0.09532114118337631,0.10731906443834305,0.17522448301315308,-0.004917588084936142,-0.004066653549671173,-0.0017077624797821045,-0.03560498729348183,-0.04036349058151245,0.2931588888168335,True,True,True,True,True,False
gaussian_medium,192,sdedit_t1,1,0.058210235089063644,0.07048288732767105,0.17016182839870453,0.05859602615237236,0.07080045342445374,0.17156200110912323,0.0415554903447628,0.04991080239415169,0.0760929137468338,-0.0003857910633087158,-0.0003175660967826843,-0.0014001727104187012,0.016654744744300842,0.020572084933519363,0.09406891465187073,True,True,True,False,False,False
gaussian_medium,193,sdedit_t1,1,0.07168574631214142,0.07899444550275803,0.19432015717029572,0.0729748010635376,0.08026672899723053,0.1986209750175476,0.09515133500099182,0.11330163478851318,0.09623470902442932,-0.0012890547513961792,-0.0012722834944725037,-0.004300817847251892,-0.023465588688850403,-0.03430718928575516,0.0980854481458664,True,True,True,True,True,False
gaussian_medium,194,sdedit_t1,1,0.06244323402643204,0.06753909587860107,0.16523966193199158,0.06374062597751617,0.06858031451702118,0.16883911192417145,0.04568194970488548,0.0542171411216259,0.07765866070985794,-0.001297391951084137,-0.001041218638420105,-0.0035994499921798706,0.016761284321546555,0.013321954756975174,0.08758100122213364,True,True,True,False,False,False
gaussian_medium,195,sdedit_t1,1,0.05018363147974014,0.05804714560508728,0.16595689952373505,0.054165881127119064,0.06234164908528328,0.17377689480781555,0.08288542926311493,0.10209956020116806,0.07802359014749527,-0.0039822496473789215,-0.004294503480195999,-0.007819995284080505,-0.032701797783374786,-0.04405241459608078,0.08793330937623978,True,True,True,True,True,False
gaussian_medium,196,sdedit_t1,1,0.06788076460361481,0.07671170681715012,0.1921137273311615,0.06728403270244598,0.07599834352731705,0.19580087065696716,0.07191333174705505,0.07989911735057831,0.0902511328458786,0.0005967319011688232,0.0007133632898330688,-0.003687143325805664,-0.004032567143440247,-0.003187410533428192,0.1018625944852829,False,False,True,True,True,False
gaussian_medium,197,sdedit_t1,1,0.0783153623342514,0.0860256552696228,0.3336370885372162,0.08035345375537872,0.08750757575035095,0.3378902077674866,0.08338262885808945,0.09782598167657852,0.13645607233047485,-0.0020380914211273193,-0.0014819204807281494,-0.004253119230270386,-0.005067266523838043,-0.011800326406955719,0.19718101620674133,True,True,True,True,True,False
gaussian_medium,198,sdedit_t1,1,0.05019116401672363,0.06016306206583977,0.13892416656017303,0.05049503594636917,0.060940880328416824,0.14358703792095184,0.09945684671401978,0.1142820343375206,0.09235890209674835,-0.00030387192964553833,-0.0007778182625770569,-0.004662871360778809,-0.04926568269729614,-0.05411897227168083,0.04656526446342468,True,True,True,True,True,False
gaussian_medium,199,sdedit_t1,1,0.059025365859270096,0.0657336637377739,0.4165381193161011,0.06212310865521431,0.06970205903053284,0.4190860390663147,0.07930950820446014,0.09314601123332977,0.16219818592071533,-0.003097742795944214,-0.003968395292758942,-0.002547919750213623,-0.020284142345190048,-0.027412347495555878,0.25433993339538574,True,True,True,True,True,False
gaussian_medium,0,sdedit_t2,2,0.047386620193719864,0.052193403244018555,0.24638622999191284,0.05268967151641846,0.057725291699171066,0.25759485363960266,0.12529787421226501,0.14517368376255035,0.15431571006774902,-0.005303051322698593,-0.005531888455152512,-0.01120862364768982,-0.07791125774383545,-0.0929802805185318,0.09207051992416382,True,True,True,True,True,False
gaussian_medium,1,sdedit_t2,2,0.06346938759088516,0.07123503088951111,0.20075079798698425,0.06313766539096832,0.07085802406072617,0.21430154144763947,0.0972161591053009,0.10865356028079987,0.10967317223548889,0.0003317221999168396,0.0003770068287849426,-0.013550743460655212,-0.03374677151441574,-0.03741852939128876,0.09107762575149536,False,False,True,True,True,False
gaussian_medium,2,sdedit_t2,2,0.04479696601629257,0.04830324277281761,0.4807168245315552,0.051779210567474365,0.05571683496236801,0.4836506247520447,0.09375806152820587,0.11739296466112137,0.1759970486164093,-0.006982244551181793,-0.0074135921895504,-0.002933800220489502,-0.0489610955119133,-0.06908972561359406,0.3047197759151459,True,True,True,True,True,False
gaussian_medium,3,sdedit_t2,2,0.05423701927065849,0.06028178334236145,0.14626264572143555,0.05588671565055847,0.061272185295820236,0.15313297510147095,0.07630807906389236,0.10413453727960587,0.08461419492959976,-0.0016496963798999786,-0.000990401953458786,-0.0068703293800354,-0.02207105979323387,-0.043852753937244415,0.061648450791835785,True,True,True,True,True,False
gaussian_medium,4,sdedit_t2,2,0.05253947526216507,0.05864659696817398,0.15618100762367249,0.05658530071377754,0.06404129415750504,0.1726716309785843,0.05667905882000923,0.07265491038560867,0.0768871083855629,-0.0040458254516124725,-0.005394697189331055,-0.016490623354911804,-0.004139583557844162,-0.014008313417434692,0.07929389923810959,True,True,True,True,True,False
gaussian_medium,5,sdedit_t2,2,0.06385675817728043,0.07058349996805191,0.15678690373897552,0.06796588748693466,0.07432424277067184,0.16809971630573273,0.12682223320007324,0.15358968079090118,0.09472231566905975,-0.004109129309654236,-0.003740742802619934,-0.011312812566757202,-0.06296547502279282,-0.08300618082284927,0.06206458806991577,True,True,True,True,True,False
gaussian_medium,6,sdedit_t2,2,0.052198491990566254,0.0591425821185112,0.46487393975257874,0.056925155222415924,0.06360159814357758,0.46997445821762085,0.11094464361667633,0.1248965859413147,0.17236582934856415,-0.00472666323184967,-0.004459016025066376,-0.005100518465042114,-0.05874615162611008,-0.0657540038228035,0.2925081253051758,True,True,True,True,True,False
gaussian_medium,7,sdedit_t2,2,0.05677943676710129,0.06325061619281769,0.23728516697883606,0.06172262877225876,0.07102378457784653,0.2411469668149948,0.07777988165616989,0.09143956750631332,0.09678444266319275,-0.004943192005157471,-0.007773168385028839,-0.0038617998361587524,-0.021000444889068604,-0.028188951313495636,0.1405007243156433,True,True,True,True,True,False
gaussian_medium,8,sdedit_t2,2,0.05658552795648575,0.06818785518407822,0.18678423762321472,0.06060759350657463,0.0739072784781456,0.19851376116275787,0.13667991757392883,0.1608559936285019,0.12941202521324158,-0.0040220655500888824,-0.005719423294067383,-0.011729523539543152,-0.08009438961744308,-0.09266813844442368,0.057372212409973145,True,True,True,True,True,False
gaussian_medium,9,sdedit_t2,2,0.06458798795938492,0.06859490275382996,0.19862693548202515,0.0659550279378891,0.07036367803812027,0.19999346137046814,0.05514400452375412,0.061181992292404175,0.08773085474967957,-0.001367039978504181,-0.0017687752842903137,-0.0013665258884429932,0.009443983435630798,0.007412910461425781,0.11089608073234558,True,True,True,False,False,False
gaussian_medium,10,sdedit_t2,2,0.0535132959485054,0.06831323355436325,0.156169593334198,0.05687336251139641,0.06923065334558487,0.16831055283546448,0.07535805553197861,0.1050732284784317,0.0868905708193779,-0.0033600665628910065,-0.0009174197912216187,-0.01214095950126648,-0.021844759583473206,-0.03675999492406845,0.0692790225148201,True,True,True,True,True,False
gaussian_medium,11,sdedit_t2,2,0.06840251386165619,0.08051329851150513,0.4809362590312958,0.06904856115579605,0.08011011779308319,0.4834783971309662,0.1125505343079567,0.1267641931772232,0.1888846904039383,-0.0006460472941398621,0.00040318071842193604,-0.00254213809967041,-0.04414802044630051,-0.04625089466571808,0.2920515537261963,True,False,True,True,True,False
gaussian_medium,12,sdedit_t2,2,0.05999799445271492,0.06908886134624481,0.4450853168964386,0.06322519481182098,0.07269512861967087,0.44773557782173157,0.0953829437494278,0.10913003236055374,0.16458579897880554,-0.003227200359106064,-0.003606267273426056,-0.0026502609252929688,-0.035384949296712875,-0.04004117101430893,0.28049951791763306,True,True,True,True,True,False
gaussian_medium,13,sdedit_t2,2,0.07237817347049713,0.07887530326843262,0.16644281148910522,0.07754329591989517,0.08461974561214447,0.1705045998096466,0.06686224043369293,0.07405371218919754,0.0764070525765419,-0.005165122449398041,-0.005744442343711853,-0.004061788320541382,0.005515933036804199,0.004821591079235077,0.09003575891256332,True,True,True,False,False,False
gaussian_medium,14,sdedit_t2,2,0.06766773015260696,0.07319223135709763,0.1655595898628235,0.0635475218296051,0.07099167257547379,0.17696505784988403,0.12212444841861725,0.13505029678344727,0.11139941215515137,0.004120208323001862,0.0022005587816238403,-0.011405467987060547,-0.054456718266010284,-0.06185806542634964,0.05416017770767212,False,False,True,True,True,False
gaussian_medium,15,sdedit_t2,2,0.05707089230418205,0.0628737285733223,0.1829461008310318,0.06149406358599663,0.06745760887861252,0.19606755673885345,0.11168408393859863,0.12970519065856934,0.1057356670498848,-0.004423171281814575,-0.004583880305290222,-0.013121455907821655,-0.05461319163441658,-0.06683146208524704,0.077210433781147,True,True,True,True,True,False
gaussian_medium,16,sdedit_t2,2,0.04696940258145332,0.055972710251808167,0.17359425127506256,0.0525021068751812,0.06145070493221283,0.18295051157474518,0.05643541365861893,0.07842373102903366,0.0731649100780487,-0.005532704293727875,-0.005477994680404663,-0.009356260299682617,-0.009466011077165604,-0.022451020777225494,0.10042934119701385,True,True,True,True,True,False
gaussian_medium,17,sdedit_t2,2,0.07542040944099426,0.07948010414838791,0.18063528835773468,0.06533661484718323,0.06932801753282547,0.1858934462070465,0.06839462369680405,0.07974874973297119,0.09814289212226868,0.010083794593811035,0.010152086615562439,-0.005258157849311829,0.007025785744190216,-0.00026864558458328247,0.082492396235466,False,False,True,False,True,False
gaussian_medium,18,sdedit_t2,2,0.058131806552410126,0.06443079560995102,0.23107221722602844,0.06372842937707901,0.07014530897140503,0.24260497093200684,0.08144915848970413,0.09828464686870575,0.10069424659013748,-0.005596622824668884,-0.00571451336145401,-0.011532753705978394,-0.023317351937294006,-0.03385385125875473,0.13037797808647156,True,True,True,True,True,False
gaussian_medium,19,sdedit_t2,2,0.07403336465358734,0.08006457984447479,0.5753440856933594,0.06326358020305634,0.07194865494966507,0.5803443789482117,0.10456264019012451,0.12385936826467514,0.20973414182662964,0.010769784450531006,0.008115924894809723,-0.005000293254852295,-0.03052927553653717,-0.04379478842020035,0.36560994386672974,False,False,True,True,True,False
gaussian_medium,20,sdedit_t2,2,0.05672721937298775,0.06511258333921432,0.1377621591091156,0.05830741673707962,0.06681666523218155,0.1485026627779007,0.09243113547563553,0.1133967712521553,0.0828932523727417,-0.0015801973640918732,-0.0017040818929672241,-0.010740503668785095,-0.03570391610264778,-0.04828418791294098,0.0548689067363739,True,True,True,True,True,False
gaussian_medium,21,sdedit_t2,2,0.0674474760890007,0.07551649957895279,0.1633109301328659,0.06869306415319443,0.07604878395795822,0.17002573609352112,0.08594666421413422,0.09556233137845993,0.09044021368026733,-0.0012455880641937256,-0.0005322843790054321,-0.006714805960655212,-0.018499188125133514,-0.02004583179950714,0.07287071645259857,True,True,True,True,True,False
gaussian_medium,22,sdedit_t2,2,0.06207088753581047,0.0671083852648735,0.17230381071567535,0.06361999362707138,0.06911365687847137,0.1777394413948059,0.04468679428100586,0.05039234459400177,0.08038172125816345,-0.00154910609126091,-0.00200527161359787,-0.005435630679130554,0.01738409325480461,0.016716040670871735,0.0919220894575119,True,True,True,False,False,False
gaussian_medium,23,sdedit_t2,2,0.06300424039363861,0.0698600560426712,0.42271655797958374,0.0694975033402443,0.07637134194374084,0.43005678057670593,0.08421041071414948,0.0959165170788765,0.15948551893234253,-0.006493262946605682,-0.006511285901069641,-0.007340222597122192,-0.021206170320510864,-0.026056461036205292,0.2632310390472412,True,True,True,True,True,False
gaussian_medium,24,sdedit_t2,2,0.060476869344711304,0.06595001369714737,0.15533895790576935,0.06091035529971123,0.06678153574466705,0.16263523697853088,0.05886750668287277,0.06911837309598923,0.06910611689090729,-0.0004334859549999237,-0.0008315220475196838,-0.007296279072761536,0.0016093626618385315,-0.003168359398841858,0.08623284101486206,True,True,True,False,True,False
gaussian_medium,25,sdedit_t2,2,0.05806099623441696,0.06485778093338013,0.17713084816932678,0.06001255661249161,0.06595594435930252,0.18232184648513794,0.07961530238389969,0.09095113724470139,0.09747947007417679,-0.001951560378074646,-0.0010981634259223938,-0.005190998315811157,-0.021554306149482727,-0.02609335631132126,0.07965137809515,True,True,True,True,True,False
gaussian_medium,26,sdedit_t2,2,0.05765094235539436,0.06774117052555084,0.15698027610778809,0.06416813284158707,0.07222946733236313,0.16826771199703217,0.08551899343729019,0.10191495716571808,0.07804542034864426,-0.006517190486192703,-0.004488296806812286,-0.01128743588924408,-0.027868051081895828,-0.034173786640167236,0.07893485575914383,True,True,True,True,True,False
gaussian_medium,27,sdedit_t2,2,0.05013475567102432,0.058546070009469986,0.1686197817325592,0.053119100630283356,0.06218366324901581,0.17524825036525726,0.06460846215486526,0.0801643431186676,0.0858115702867508,-0.002984344959259033,-0.003637593239545822,-0.006628468632698059,-0.014473706483840942,-0.021618273109197617,0.08280821144580841,True,True,True,True,True,False
gaussian_medium,28,sdedit_t2,2,0.055255014449357986,0.05985289067029953,0.3100549280643463,0.06145323067903519,0.06438960134983063,0.31665515899658203,0.08821259438991547,0.0985681563615799,0.11641392111778259,-0.0061982162296772,-0.004536710679531097,-0.006600230932235718,-0.03295757994055748,-0.038715265691280365,0.19364100694656372,True,True,True,True,True,False
gaussian_medium,29,sdedit_t2,2,0.04133107140660286,0.04604310169816017,0.17352305352687836,0.04525135084986687,0.049853064119815826,0.17828969657421112,0.045068658888339996,0.0563717782497406,0.07350710779428482,-0.003920279443264008,-0.003809962421655655,-0.004766643047332764,-0.003737587481737137,-0.010328676551580429,0.10001594573259354,True,True,True,True,True,False
gaussian_medium,30,sdedit_t2,2,0.05774613097310066,0.06116236746311188,0.15069220960140228,0.05629705265164375,0.06097611039876938,0.15503937005996704,0.03874734789133072,0.04543539509177208,0.07505912333726883,0.0014490783214569092,0.00018625706434249878,-0.004347160458564758,0.018998783081769943,0.015726972371339798,0.07563308626413345,False,False,True,False,False,False
gaussian_medium,31,sdedit_t2,2,0.05876880884170532,0.0649685263633728,0.16179880499839783,0.06441095471382141,0.0694565698504448,0.17235404253005981,0.0803450345993042,0.10264239460229874,0.08220918476581573,-0.005642145872116089,-0.004488043487071991,-0.010555237531661987,-0.021576225757598877,-0.037673868238925934,0.07958962023258209,True,True,True,True,True,False
gaussian_medium,32,sdedit_t2,2,0.04661046341061592,0.05400002375245094,0.13006682693958282,0.048632748425006866,0.05626371130347252,0.1344148814678192,0.03807102143764496,0.042552556842565536,0.05903628095984459,-0.0020222850143909454,-0.002263687551021576,-0.004348054528236389,0.008539441972970963,0.011447466909885406,0.07103054225444794,True,True,True,False,False,False
gaussian_medium,33,sdedit_t2,2,0.04694921523332596,0.05299578979611397,0.39178383350372314,0.04978462681174278,0.0553671270608902,0.3969765901565552,0.0897296816110611,0.11102332919836044,0.14385737478733063,-0.0028354115784168243,-0.00237133726477623,-0.005192756652832031,-0.04278046637773514,-0.058027539402246475,0.24792645871639252,True,True,True,True,True,False
gaussian_medium,34,sdedit_t2,2,0.06353264302015305,0.06795968115329742,0.16343164443969727,0.06210090592503548,0.0672195628285408,0.16616785526275635,0.05232954025268555,0.05817698314785957,0.07489174604415894,0.001431737095117569,0.0007401183247566223,-0.002736210823059082,0.011203102767467499,0.009782698005437851,0.08853989839553833,False,False,True,False,False,False
gaussian_medium,35,sdedit_t2,2,0.06550481915473938,0.07361505925655365,0.20970407128334045,0.06946993619203568,0.07746315747499466,0.22422467172145844,0.14610914885997772,0.16376319527626038,0.1328599750995636,-0.003965117037296295,-0.0038480982184410095,-0.014520600438117981,-0.08060432970523834,-0.09014813601970673,0.07684409618377686,True,True,True,True,True,False
gaussian_medium,36,sdedit_t2,2,0.05699991434812546,0.06184729188680649,0.11924665421247482,0.0519719198346138,0.05791193246841431,0.12539997696876526,0.06268937885761261,0.07699908316135406,0.0722174420952797,0.005027994513511658,0.003935359418392181,-0.006153322756290436,-0.005689464509487152,-0.015151791274547577,0.04702921211719513,False,False,True,True,True,False
gaussian_medium,37,sdedit_t2,2,0.05498252063989639,0.0629340186715126,0.12415076792240143,0.054066289216279984,0.060988396406173706,0.12783241271972656,0.04616834223270416,0.05102914944291115,0.05837356299161911,0.0009162314236164093,0.0019456222653388977,-0.0036816447973251343,0.00881417840719223,0.011904869228601456,0.06577720493078232,False,False,True,False,False,False
gaussian_medium,38,sdedit_t2,2,0.05830905959010124,0.06778924912214279,0.181255504488945,0.05767141655087471,0.06649630516767502,0.1928032487630844,0.112945057451725,0.13153612613677979,0.11281928420066833,0.000637643039226532,0.0012929439544677734,-0.011547744274139404,-0.054635997861623764,-0.063746877014637,0.06843622028827667,False,False,True,True,True,False
gaussian_medium,39,sdedit_t2,2,0.05720699578523636,0.06157752498984337,0.13036948442459106,0.058270812034606934,0.062285520136356354,0.14028388261795044,0.057680100202560425,0.07361862808465958,0.0632728636264801,-0.001063816249370575,-0.0007079951465129852,-0.009914398193359375,-0.00047310441732406616,-0.012041103094816208,0.06709662079811096,True,True,True,True,True,False
gaussian_medium,40,sdedit_t2,2,0.059228479862213135,0.06642560660839081,0.14560428261756897,0.06381482630968094,0.07164228707551956,0.15788374841213226,0.10869055986404419,0.1263016313314438,0.09038344025611877,-0.004586346447467804,-0.005216680467128754,-0.012279465794563293,-0.049462080001831055,-0.05987602472305298,0.055220842361450195,True,True,True,True,True,False
gaussian_medium,41,sdedit_t2,2,0.043067172169685364,0.04742499813437462,0.2185124158859253,0.04674428701400757,0.05210253968834877,0.2257722020149231,0.055353861302137375,0.06928640604019165,0.0878952220082283,-0.0036771148443222046,-0.004677541553974152,-0.007259786128997803,-0.012286689132452011,-0.021861407905817032,0.1306172013282776,True,True,True,True,True,False
gaussian_medium,42,sdedit_t2,2,0.06586993485689163,0.07140020281076431,0.19274045526981354,0.06890759617090225,0.07556033879518509,0.20640581846237183,0.1428239643573761,0.16340617835521698,0.13068650662899017,-0.00303766131401062,-0.004160135984420776,-0.013665363192558289,-0.07695402950048447,-0.09200597554445267,0.062053948640823364,True,True,True,True,True,False
gaussian_medium,43,sdedit_t2,2,0.049309320747852325,0.05663776397705078,0.5114014148712158,0.05525180697441101,0.0630064457654953,0.5142030119895935,0.1017882451415062,0.11514029651880264,0.1861364245414734,-0.005942486226558685,-0.006368681788444519,-0.0028015971183776855,-0.05247892439365387,-0.05850253254175186,0.32526499032974243,True,True,True,True,True,False
gaussian_medium,44,sdedit_t2,2,0.06010277941823006,0.06701000034809113,0.17987731099128723,0.058719534426927567,0.06605015695095062,0.1930064558982849,0.08014661073684692,0.09082065522670746,0.0960921049118042,0.0013832449913024902,0.0009598433971405029,-0.01312914490699768,-0.020043831318616867,-0.023810654878616333,0.08378520607948303,False,False,True,True,True,False
gaussian_medium,45,sdedit_t2,2,0.052240628749132156,0.056982338428497314,0.14561450481414795,0.05506425350904465,0.059542473405599594,0.1535624861717224,0.06537096202373505,0.07719239592552185,0.07987998425960541,-0.002823624759912491,-0.0025601349771022797,-0.007947981357574463,-0.01313033327460289,-0.020210057497024536,0.06573452055454254,True,True,True,True,True,False
gaussian_medium,46,sdedit_t2,2,0.062371738255023956,0.06781306862831116,0.20884352922439575,0.06088675186038017,0.06547555327415466,0.21503746509552002,0.06731045246124268,0.08105403184890747,0.08457271009683609,0.0014849863946437836,0.002337515354156494,-0.006193935871124268,-0.0049387142062187195,-0.013240963220596313,0.12427081912755966,False,False,True,True,True,False
gaussian_medium,47,sdedit_t2,2,0.05824948474764824,0.06894206255674362,0.1297496259212494,0.05681475251913071,0.06625670194625854,0.14031903445720673,0.08783204853534698,0.10454528778791428,0.06935080885887146,0.0014347322285175323,0.002685360610485077,-0.010569408535957336,-0.029582563787698746,-0.035603225231170654,0.06039881706237793,False,False,True,True,True,False
gaussian_medium,48,sdedit_t2,2,0.059942763298749924,0.06741523742675781,0.3216010332107544,0.06416036933660507,0.07090205699205399,0.33097895979881287,0.06788663566112518,0.07316448539495468,0.12217546999454498,-0.004217606037855148,-0.003486819565296173,-0.009377926588058472,-0.00794387236237526,-0.005749247968196869,0.1994255632162094,True,True,True,True,True,False
gaussian_medium,49,sdedit_t2,2,0.05231960862874985,0.058245427906513214,0.430050253868103,0.050704699009656906,0.055561307817697525,0.43534010648727417,0.09345071017742157,0.11502446979284286,0.15426112711429596,0.0016149096190929413,0.002684120088815689,-0.005289852619171143,-0.04113110154867172,-0.05677904188632965,0.27578914165496826,False,False,True,True,True,False
gaussian_medium,50,sdedit_t2,2,0.06649713218212128,0.08012986928224564,0.14574874937534332,0.06765604764223099,0.08247542381286621,0.15266388654708862,0.06647457182407379,0.07735765725374222,0.07994630187749863,-0.0011589154601097107,-0.002345554530620575,-0.0069151371717453,2.256035804748535e-05,0.002772212028503418,0.0658024474978447,True,True,True,False,False,False
gaussian_medium,51,sdedit_t2,2,0.054497383534908295,0.05930163338780403,0.1389065980911255,0.05603696033358574,0.06232739984989166,0.15089493989944458,0.07275380939245224,0.07833679765462875,0.07268514484167099,-0.0015395767986774445,-0.0030257664620876312,-0.011988341808319092,-0.018256425857543945,-0.019035164266824722,0.0662214532494545,True,True,True,True,True,False
gaussian_medium,52,sdedit_t2,2,0.04397742450237274,0.05055761709809303,0.2078050673007965,0.04654904827475548,0.05289354920387268,0.2181859165430069,0.06380448490381241,0.07796647399663925,0.09404155611991882,-0.002571623772382736,-0.002335932105779648,-0.010380849242210388,-0.019827060401439667,-0.02740885689854622,0.11376351118087769,True,True,True,True,True,False
gaussian_medium,53,sdedit_t2,2,0.05152921751141548,0.0603526346385479,0.14537657797336578,0.05436959117650986,0.06369820237159729,0.15194040536880493,0.08806419372558594,0.11524361371994019,0.08799830079078674,-0.0028403736650943756,-0.0033455677330493927,-0.006563827395439148,-0.036534976214170456,-0.05489097908139229,0.05737827718257904,True,True,True,True,True,False
gaussian_medium,54,sdedit_t2,2,0.05241354554891586,0.05976608395576477,0.16037030518054962,0.05588964745402336,0.06263424456119537,0.1693001240491867,0.15330655872821808,0.17771892249584198,0.1391122192144394,-0.003476101905107498,-0.002868160605430603,-0.008929818868637085,-0.10089301317930222,-0.11795283854007721,0.02125808596611023,True,True,True,True,True,False
gaussian_medium,55,sdedit_t2,2,0.05912049859762192,0.06547559052705765,0.21179728209972382,0.0649377852678299,0.07140223681926727,0.221160426735878,0.13965657353401184,0.16711007058620453,0.13090240955352783,-0.005817286670207977,-0.005926646292209625,-0.009363144636154175,-0.08053607493638992,-0.10163448005914688,0.08089487254619598,True,True,True,True,True,False
gaussian_medium,56,sdedit_t2,2,0.04686834663152695,0.05397964268922806,0.13615429401397705,0.0474541038274765,0.054222606122493744,0.1410312056541443,0.048608262091875076,0.0536445789039135,0.059951916337013245,-0.0005857571959495544,-0.00024296343326568604,-0.004876911640167236,-0.0017399154603481293,0.00033506378531455994,0.0762023776769638,True,True,True,True,False,False
gaussian_medium,57,sdedit_t2,2,0.0524483323097229,0.06010385975241661,0.17019769549369812,0.05567995831370354,0.06225590035319328,0.17635172605514526,0.10828615725040436,0.1300657093524933,0.09592897444963455,-0.0032316260039806366,-0.0021520406007766724,-0.0061540305614471436,-0.05583782494068146,-0.06996184587478638,0.07426872104406357,True,True,True,True,True,False
gaussian_medium,58,sdedit_t2,2,0.06125074625015259,0.06653661280870438,0.12545669078826904,0.06290137022733688,0.06835019588470459,0.12769155204296112,0.05568752437829971,0.06097133085131645,0.062678761780262,-0.0016506239771842957,-0.0018135830760002136,-0.0022348612546920776,0.005563221871852875,0.005565281957387924,0.06277792900800705,True,True,True,False,False,False
gaussian_medium,59,sdedit_t2,2,0.06448425352573395,0.06926695257425308,0.16324466466903687,0.06501203775405884,0.07062306255102158,0.1676061749458313,0.06937425583600998,0.08191487193107605,0.07579575479030609,-0.0005277842283248901,-0.0013561099767684937,-0.004361510276794434,-0.0048900023102760315,-0.012647919356822968,0.08744890987873077,True,True,True,True,True,False
gaussian_medium,60,sdedit_t2,2,0.08646555244922638,0.09519783407449722,0.35211047530174255,0.07986714690923691,0.08753584325313568,0.3615890145301819,0.09320569783449173,0.11541580408811569,0.1529051810503006,0.0065984055399894714,0.007661990821361542,-0.009478539228439331,-0.00674014538526535,-0.02021797001361847,0.19920529425144196,False,False,True,True,True,False
gaussian_medium,61,sdedit_t2,2,0.059572983533144,0.06749077141284943,0.17734673619270325,0.06355413794517517,0.07137571275234222,0.18731608986854553,0.06705813854932785,0.07699379324913025,0.07850740849971771,-0.003981154412031174,-0.003884941339492798,-0.009969353675842285,-0.007485155016183853,-0.009503021836280823,0.09883932769298553,True,True,True,True,True,False
gaussian_medium,62,sdedit_t2,2,0.061993181705474854,0.06771387904882431,0.14335717260837555,0.060209810733795166,0.06651534885168076,0.14791762828826904,0.049396343529224396,0.053224124014377594,0.06488995999097824,0.0017833709716796875,0.0011985301971435547,-0.004560455679893494,0.012596838176250458,0.014489755034446716,0.07846721261739731,False,False,True,False,False,False
gaussian_medium,63,sdedit_t2,2,0.06161310151219368,0.06731630116701126,0.16646289825439453,0.06362495571374893,0.0706520825624466,0.17745628952980042,0.0807112604379654,0.09007512778043747,0.0889793112874031,-0.002011854201555252,-0.0033357813954353333,-0.010993391275405884,-0.019098158925771713,-0.02275882661342621,0.07748358696699142,True,True,True,True,True,False
gaussian_medium,64,sdedit_t2,2,0.04893536865711212,0.06082433834671974,0.14719635248184204,0.05301336571574211,0.06215537339448929,0.15553700923919678,0.06648920476436615,0.08591584861278534,0.06633707135915756,-0.00407799705862999,-0.0013310350477695465,-0.008340656757354736,-0.01755383610725403,-0.025091510266065598,0.08085928112268448,True,True,True,True,True,False
gaussian_medium,65,sdedit_t2,2,0.06356517225503922,0.06847728788852692,0.20470938086509705,0.06843168288469315,0.07318937033414841,0.21629437804222107,0.10768786817789078,0.12152266502380371,0.10990932583808899,-0.004866510629653931,-0.0047120824456214905,-0.011584997177124023,-0.04412269592285156,-0.053045377135276794,0.09480005502700806,True,True,True,True,True,False
gaussian_medium,66,sdedit_t2,2,0.08051754534244537,0.08899267762899399,0.19599512219429016,0.08183147758245468,0.09079550206661224,0.20187802612781525,0.06862256675958633,0.0772557258605957,0.08954665809869766,-0.0013139322400093079,-0.0018028244376182556,-0.0058829039335250854,0.01189497858285904,0.011736951768398285,0.1064484640955925,True,True,True,False,False,False
gaussian_medium,67,sdedit_t2,2,0.04511740058660507,0.05164460837841034,0.14063812792301178,0.04765406250953674,0.05380195751786232,0.15165942907333374,0.08686287701129913,0.1036376878619194,0.08728952705860138,-0.002536661922931671,-0.0021573491394519806,-0.01102130115032196,-0.04174547642469406,-0.051993079483509064,0.0533486008644104,True,True,True,True,True,False
gaussian_medium,68,sdedit_t2,2,0.06344390660524368,0.07154373824596405,0.1863524615764618,0.06450282037258148,0.07236339151859283,0.19587844610214233,0.06210776045918465,0.07548367977142334,0.0870240181684494,-0.001058913767337799,-0.0008196532726287842,-0.009525984525680542,0.0013361461460590363,-0.0039399415254592896,0.09932844340801239,True,True,True,False,True,False
gaussian_medium,69,sdedit_t2,2,0.06188448145985603,0.06567713618278503,0.2195582538843155,0.06581691652536392,0.0700242668390274,0.22751519083976746,0.07174934446811676,0.08514843136072159,0.09439700841903687,-0.003932435065507889,-0.004347130656242371,-0.007956936955451965,-0.009864863008260727,-0.019471295177936554,0.12516124546527863,True,True,True,True,True,False
gaussian_medium,70,sdedit_t2,2,0.06114041060209274,0.06835699081420898,0.2616974413394928,0.06503480672836304,0.07312535494565964,0.26727980375289917,0.07864745706319809,0.09715275466442108,0.10977312177419662,-0.003894396126270294,-0.004768364131450653,-0.005582362413406372,-0.017507046461105347,-0.028795763850212097,0.15192431211471558,True,True,True,True,True,False
gaussian_medium,71,sdedit_t2,2,0.07790100574493408,0.08574743568897247,0.41902559995651245,0.08243260532617569,0.09130103886127472,0.430653840303421,0.1076890379190445,0.12818403542041779,0.17079782485961914,-0.004531599581241608,-0.005553603172302246,-0.01162824034690857,-0.029788032174110413,-0.04243659973144531,0.2482277750968933,True,True,True,True,True,False
gaussian_medium,72,sdedit_t2,2,0.057292915880680084,0.06369119882583618,0.19625696539878845,0.059163399040699005,0.06551691889762878,0.21139493584632874,0.12831208109855652,0.14897313714027405,0.12247622013092041,-0.001870483160018921,-0.0018257200717926025,-0.015137970447540283,-0.07101916521787643,-0.08528193831443787,0.07378074526786804,True,True,True,True,True,False
gaussian_medium,73,sdedit_t2,2,0.04586131125688553,0.05468001961708069,0.16012126207351685,0.048943597823381424,0.059210751205682755,0.170535609126091,0.08089907467365265,0.0954967811703682,0.09982328861951828,-0.0030822865664958954,-0.004530731588602066,-0.010414347052574158,-0.03503776341676712,-0.040816761553287506,0.060297973453998566,True,True,True,True,True,False
gaussian_medium,74,sdedit_t2,2,0.05400891229510307,0.06110507994890213,0.3917980492115021,0.05488523095846176,0.06209534779191017,0.3997913897037506,0.07875508069992065,0.10137559473514557,0.1493482142686844,-0.0008763186633586884,-0.0009902678430080414,-0.007993340492248535,-0.02474616840481758,-0.04027051478624344,0.2424498349428177,True,True,True,True,True,False
gaussian_medium,75,sdedit_t2,2,0.061430513858795166,0.07213644683361053,0.15246599912643433,0.061505354940891266,0.07200919836759567,0.15565665066242218,0.04996796324849129,0.05643586814403534,0.06322984397411346,-7.484108209609985e-05,0.00012724846601486206,-0.003190651535987854,0.011462550610303879,0.015700578689575195,0.08923615515232086,True,False,True,False,False,False
gaussian_medium,76,sdedit_t2,2,0.06255820393562317,0.06852740049362183,0.16227354109287262,0.06336772441864014,0.06893615424633026,0.16765718162059784,0.05375320836901665,0.06410188972949982,0.07128793001174927,-0.0008095204830169678,-0.00040875375270843506,-0.00538364052772522,0.008804995566606522,0.004425510764122009,0.09098561108112335,True,True,True,False,False,False
gaussian_medium,77,sdedit_t2,2,0.0551779679954052,0.06270881742238998,0.14373254776000977,0.057621002197265625,0.06622353196144104,0.1471443772315979,0.05599760264158249,0.06255166977643967,0.06804715842008591,-0.002443034201860428,-0.003514714539051056,-0.0034118294715881348,-0.0008196346461772919,0.00015714764595031738,0.07568538933992386,True,True,True,True,False,False
gaussian_medium,78,sdedit_t2,2,0.05541296675801277,0.06279407441616058,0.12216785550117493,0.055813103914260864,0.06254932284355164,0.1270044893026352,0.047484248876571655,0.05415324121713638,0.054498083889484406,-0.00040013715624809265,0.00024475157260894775,-0.004836633801460266,0.007928717881441116,0.0086408331990242,0.06766977161169052,True,False,True,False,False,False
gaussian_medium,79,sdedit_t2,2,0.06119605898857117,0.07065147906541824,0.18158692121505737,0.05461578816175461,0.06252054125070572,0.18641580641269684,0.06140183284878731,0.0677388608455658,0.07807531207799911,0.006580270826816559,0.008130937814712524,-0.004828885197639465,-0.00020577386021614075,0.0029126182198524475,0.10351160913705826,False,False,True,True,False,False
gaussian_medium,80,sdedit_t2,2,0.059599995613098145,0.06847205758094788,0.15849077701568604,0.06143757700920105,0.07038457691669464,0.16220363974571228,0.043805550783872604,0.054113831371068954,0.06826687604188919,-0.0018375813961029053,-0.0019125193357467651,-0.003712862730026245,0.01579444482922554,0.014358226209878922,0.09022390097379684,True,True,True,False,False,False
gaussian_medium,81,sdedit_t2,2,0.06408657133579254,0.07085267454385757,0.2108132243156433,0.06261061131954193,0.06964774429798126,0.22152715921401978,0.13173100352287292,0.14868614077568054,0.14832067489624023,0.0014759600162506104,0.0012049302458763123,-0.010713934898376465,-0.06764443218708038,-0.07783346623182297,0.062492549419403076,False,False,True,True,True,False
gaussian_medium,82,sdedit_t2,2,0.05748429149389267,0.06078813970088959,0.241103857755661,0.06371063739061356,0.06747692823410034,0.2529352307319641,0.13376091420650482,0.1613091379404068,0.1487712264060974,-0.006226345896720886,-0.006688788533210754,-0.0118313729763031,-0.07627662271261215,-0.10052099823951721,0.0923326313495636,True,True,True,True,True,False
gaussian_medium,83,sdedit_t2,2,0.061417825520038605,0.07180927693843842,0.12139546871185303,0.06458045542240143,0.07572315633296967,0.1238197460770607,0.05164887383580208,0.06379976123571396,0.056130826473236084,-0.0031626299023628235,-0.00391387939453125,-0.002424277365207672,0.009768951684236526,0.008009515702724457,0.06526464223861694,True,True,True,False,False,False
gaussian_medium,84,sdedit_t2,2,0.06151527911424637,0.07220479100942612,0.3220598101615906,0.06669057905673981,0.0781894251704216,0.3272639513015747,0.06232018396258354,0.0730639100074768,0.13761843740940094,-0.005175299942493439,-0.005984634160995483,-0.005204141139984131,-0.0008049048483371735,-0.0008591189980506897,0.18444137275218964,True,True,True,True,True,False
gaussian_medium,85,sdedit_t2,2,0.05503176525235176,0.06229196488857269,0.4090377986431122,0.058885347098112106,0.06669173389673233,0.414104700088501,0.08543301373720169,0.10398469120264053,0.15394435822963715,-0.0038535818457603455,-0.0043997690081596375,-0.005066901445388794,-0.03040124848484993,-0.04169272631406784,0.25509345531463623,True,True,True,True,True,False
gaussian_medium,86,sdedit_t2,2,0.05923238396644592,0.06321515142917633,0.19302505254745483,0.05872054770588875,0.06591162830591202,0.20251381397247314,0.11469225585460663,0.1347866952419281,0.11775562167167664,0.0005118362605571747,-0.0026964768767356873,-0.00948876142501831,-0.055459871888160706,-0.07157154381275177,0.0752694308757782,False,True,True,True,True,False
gaussian_medium,87,sdedit_t2,2,0.06673810631036758,0.0753706768155098,0.5136620402336121,0.0609772689640522,0.06969040632247925,0.517386257648468,0.09252609312534332,0.1165836974978447,0.18229401111602783,0.005760837346315384,0.005680270493030548,-0.003724217414855957,-0.02578798681497574,-0.0412130206823349,0.33136802911758423,False,False,True,True,True,False
gaussian_medium,88,sdedit_t2,2,0.05980512499809265,0.0653674453496933,0.16855736076831818,0.06288284063339233,0.0694887563586235,0.17748552560806274,0.05788273364305496,0.06939943879842758,0.07858433574438095,-0.0030777156352996826,-0.004121311008930206,-0.008928164839744568,0.0019223913550376892,-0.0040319934487342834,0.08997302502393723,True,True,True,False,True,False
gaussian_medium,89,sdedit_t2,2,0.06562267243862152,0.07436177134513855,0.20919807255268097,0.06404105573892593,0.0755595937371254,0.22349926829338074,0.09721574932336807,0.12792930006980896,0.10490168631076813,0.0015816166996955872,-0.001197822391986847,-0.014301195740699768,-0.03159307688474655,-0.05356752872467041,0.10429638624191284,False,True,True,True,True,False
gaussian_medium,90,sdedit_t2,2,0.061442695558071136,0.06928681582212448,0.37153011560440063,0.06123713403940201,0.06656623631715775,0.3742240071296692,0.10846875607967377,0.11480225622653961,0.16578835248947144,0.00020556151866912842,0.002720579504966736,-0.0026938915252685547,-0.04702606052160263,-0.04551544040441513,0.2057417631149292,False,False,True,True,True,False
gaussian_medium,91,sdedit_t2,2,0.07111223042011261,0.07982317358255386,0.17529766261577606,0.07062261551618576,0.08143483102321625,0.18131333589553833,0.07167880237102509,0.09203120321035385,0.08763167262077332,0.0004896149039268494,-0.001611657440662384,-0.006015673279762268,-0.0005665719509124756,-0.012208029627799988,0.08766598999500275,False,True,True,True,True,False
gaussian_medium,92,sdedit_t2,2,0.06141924858093262,0.0670044794678688,0.1752009391784668,0.06249571964144707,0.0675351470708847,0.18886736035346985,0.07958246767520905,0.09701431542634964,0.08285306394100189,-0.00107647106051445,-0.0005306676030158997,-0.013666421175003052,-0.018163219094276428,-0.030009835958480835,0.0923478752374649,True,True,True,True,True,False
gaussian_medium,93,sdedit_t2,2,0.07513746619224548,0.0836334079504013,0.2126290500164032,0.07992082089185715,0.08878232538700104,0.22813326120376587,0.09832006692886353,0.12360107898712158,0.10812805593013763,-0.004783354699611664,-0.0051489174365997314,-0.015504211187362671,-0.023182600736618042,-0.039967671036720276,0.10450099408626556,True,True,True,True,True,False
gaussian_medium,94,sdedit_t2,2,0.057054661214351654,0.06279043108224869,0.3023741841316223,0.06401105225086212,0.06877055019140244,0.30806803703308105,0.08276674896478653,0.10058315843343735,0.12202835083007812,-0.0069563910365104675,-0.0059801191091537476,-0.00569385290145874,-0.025712087750434875,-0.03779272735118866,0.1803458333015442,True,True,True,True,True,False
gaussian_medium,95,sdedit_t2,2,0.06146591156721115,0.07137531787157059,0.17856451869010925,0.06344695389270782,0.07464179396629333,0.1804322600364685,0.047720767557621,0.054087039083242416,0.07158920913934708,-0.0019810423254966736,-0.003266476094722748,-0.001867741346359253,0.013745144009590149,0.01728827878832817,0.10697530955076218,True,True,True,False,False,False
gaussian_medium,96,sdedit_t2,2,0.05582281947135925,0.05951085314154625,0.1626567840576172,0.05727323889732361,0.06087341159582138,0.17227008938789368,0.0910559743642807,0.10789001733064651,0.08745640516281128,-0.0014504194259643555,-0.0013625584542751312,-0.00961330533027649,-0.03523315489292145,-0.048379164189100266,0.07520037889480591,True,True,True,True,True,False
gaussian_medium,97,sdedit_t2,2,0.05469636246562004,0.06457334011793137,0.14305685460567474,0.05725973844528198,0.06536348164081573,0.1539067029953003,0.06028691679239273,0.07081550359725952,0.07782384753227234,-0.0025633759796619415,-0.0007901415228843689,-0.01084984838962555,-0.00559055432677269,-0.0062421634793281555,0.0652330070734024,True,True,True,True,True,False
gaussian_medium,98,sdedit_t2,2,0.06922914832830429,0.07779769599437714,0.14314410090446472,0.06984086334705353,0.07839515805244446,0.15195311605930328,0.1150994673371315,0.1282658576965332,0.10190113633871078,-0.0006117150187492371,-0.0005974620580673218,-0.008809015154838562,-0.04587031900882721,-0.05046816170215607,0.04124296456575394,True,True,True,True,True,False
gaussian_medium,99,sdedit_t2,2,0.05975158140063286,0.06713835895061493,0.2097577452659607,0.05965913087129593,0.06772168725728989,0.2174004316329956,0.1352998912334442,0.1512903869152069,0.12771987915039062,9.245052933692932e-05,-0.0005833283066749573,-0.007642686367034912,-0.07554830610752106,-0.08415202796459198,0.08203786611557007,False,True,True,True,True,False
gaussian_medium,100,sdedit_t2,2,0.06733233481645584,0.07498319447040558,0.5506262183189392,0.061298519372940063,0.06865006685256958,0.559107780456543,0.09492410719394684,0.12343281507492065,0.2001308798789978,0.006033815443515778,0.0063331276178359985,-0.00848156213760376,-0.027591772377490997,-0.048449620604515076,0.3504953384399414,False,False,True,True,True,False
gaussian_medium,101,sdedit_t2,2,0.067762091755867,0.0781625360250473,0.1684419959783554,0.07044897973537445,0.08044664561748505,0.1754961609840393,0.09754346311092377,0.10942552238702774,0.08715121448040009,-0.0026868879795074463,-0.002284109592437744,-0.007054165005683899,-0.029781371355056763,-0.03126298636198044,0.08129078149795532,True,True,True,True,True,False
gaussian_medium,102,sdedit_t2,2,0.053923677653074265,0.05985848233103752,0.1562393307685852,0.05523790046572685,0.06174482777714729,0.16772402822971344,0.10742755979299545,0.12047137320041656,0.08857806771993637,-0.0013142228126525879,-0.0018863454461097717,-0.011484697461128235,-0.05350388213992119,-0.060612890869379044,0.06766126304864883,True,True,True,True,True,False
gaussian_medium,103,sdedit_t2,2,0.06090985983610153,0.07023554295301437,0.16417139768600464,0.05866476893424988,0.06853143125772476,0.16977395117282867,0.09124589711427689,0.10280701518058777,0.08718530088663101,0.002245090901851654,0.0017041116952896118,-0.005602553486824036,-0.030336037278175354,-0.032571472227573395,0.07698609679937363,False,False,True,True,True,False
gaussian_medium,104,sdedit_t2,2,0.061548035591840744,0.06867989152669907,0.146119624376297,0.06275846064090729,0.07007301598787308,0.14963671565055847,0.05481211468577385,0.06105152145028114,0.06407978385686874,-0.0012104250490665436,-0.0013931244611740112,-0.0035170912742614746,0.0067359209060668945,0.007628370076417923,0.08203984051942825,True,True,True,False,False,False
gaussian_medium,105,sdedit_t2,2,0.06388724595308304,0.0763540118932724,0.17705963551998138,0.061939459294080734,0.07198608666658401,0.18103794753551483,0.044719260185956955,0.051559071987867355,0.07936803251504898,0.001947786659002304,0.004367925226688385,-0.003978312015533447,0.019167985767126083,0.024794939905405045,0.0976916030049324,False,False,True,False,False,False
gaussian_medium,106,sdedit_t2,2,0.06602056324481964,0.07542194426059723,0.1304975003004074,0.07259709388017654,0.08092089742422104,0.13709700107574463,0.12264351546764374,0.14158068597316742,0.09050361067056656,-0.006576530635356903,-0.00549895316362381,-0.006599500775337219,-0.0566229522228241,-0.06615874171257019,0.03999388962984085,True,True,True,True,True,False
gaussian_medium,107,sdedit_t2,2,0.05070389434695244,0.053846366703510284,0.23042801022529602,0.054060280323028564,0.05695231631398201,0.24029786884784698,0.06298675388097763,0.07301555573940277,0.09838788956403732,-0.003356385976076126,-0.0031059496104717255,-0.009869858622550964,-0.012282859534025192,-0.019169189035892487,0.1320401132106781,True,True,True,True,True,False
gaussian_medium,108,sdedit_t2,2,0.05515333265066147,0.06200217083096504,0.441597044467926,0.0605158731341362,0.06790958344936371,0.4471472501754761,0.0842946395277977,0.11307083815336227,0.1680309772491455,-0.0053625404834747314,-0.005907412618398666,-0.005550205707550049,-0.02914130687713623,-0.05106866732239723,0.2735660672187805,True,True,True,True,True,False
gaussian_medium,109,sdedit_t2,2,0.055438332259655,0.060962509363889694,0.15149329602718353,0.05685434862971306,0.06278765201568604,0.16199812293052673,0.10577410459518433,0.11919612437486649,0.08583149313926697,-0.0014160163700580597,-0.001825142651796341,-0.0105048269033432,-0.05033577233552933,-0.05823361501097679,0.06566180288791656,True,True,True,True,True,False
gaussian_medium,110,sdedit_t2,2,0.04729805141687393,0.054240770637989044,0.4118533730506897,0.053803879767656326,0.06096247583627701,0.4171982407569885,0.08472300320863724,0.11249775439500809,0.15221010148525238,-0.006505828350782394,-0.006721705198287964,-0.005344867706298828,-0.037424951791763306,-0.05825698375701904,0.2596432566642761,True,True,True,True,True,False
gaussian_medium,111,sdedit_t2,2,0.06442736089229584,0.06823206692934036,0.14680935442447662,0.06834503263235092,0.07125105708837509,0.15973493456840515,0.0927303358912468,0.11808854341506958,0.08771612495183945,-0.003917671740055084,-0.003018990159034729,-0.012925580143928528,-0.028302974998950958,-0.04985647648572922,0.059093229472637177,True,True,True,True,True,False
gaussian_medium,112,sdedit_t2,2,0.057729076594114304,0.06373364478349686,0.1268681436777115,0.057756416499614716,0.06401196122169495,0.1373388171195984,0.08926673233509064,0.11149761825799942,0.07968626171350479,-2.7339905500411987e-05,-0.0002783164381980896,-0.010470673441886902,-0.031537655740976334,-0.047763973474502563,0.047181881964206696,True,True,True,True,True,False
gaussian_medium,113,sdedit_t2,2,0.07467598468065262,0.08326517045497894,0.4388686418533325,0.07053997367620468,0.0780765563249588,0.44725003838539124,0.10411195456981659,0.12199509888887405,0.1704181730747223,0.004136011004447937,0.005188614130020142,-0.008381396532058716,-0.02943596988916397,-0.03872992843389511,0.26845046877861023,False,False,True,True,True,False
gaussian_medium,114,sdedit_t2,2,0.046408768743276596,0.05412805452942848,0.3932831585407257,0.05028399080038071,0.057803526520729065,0.40060532093048096,0.07708792388439178,0.09828725457191467,0.14565664529800415,-0.0038752220571041107,-0.003675471991300583,-0.007322162389755249,-0.03067915514111519,-0.04415920004248619,0.24762651324272156,True,True,True,True,True,False
gaussian_medium,115,sdedit_t2,2,0.06863902509212494,0.0759657472372055,0.4857952892780304,0.069786436855793,0.07676728814840317,0.4905249774456024,0.11679557710886002,0.14621074497699738,0.17673762142658234,-0.0011474117636680603,-0.0008015409111976624,-0.0047296881675720215,-0.04815655201673508,-0.07024499773979187,0.30905765295028687,True,True,True,True,True,False
gaussian_medium,116,sdedit_t2,2,0.08446866273880005,0.09143641591072083,0.1919156163930893,0.08216828107833862,0.08877268433570862,0.1972154825925827,0.06919886916875839,0.07904010266065598,0.0969761312007904,0.0023003816604614258,0.002663731575012207,-0.005299866199493408,0.015269793570041656,0.01239631325006485,0.09493948519229889,False,False,True,False,False,False
gaussian_medium,117,sdedit_t2,2,0.049333564937114716,0.055958352982997894,0.12708759307861328,0.05175156146287918,0.057742949575185776,0.1293429434299469,0.03831713646650314,0.04369094595313072,0.05668577179312706,-0.0024179965257644653,-0.0017845965921878815,-0.002255350351333618,0.011016428470611572,0.012267407029867172,0.07040181756019592,True,True,True,False,False,False
gaussian_medium,118,sdedit_t2,2,0.06173434108495712,0.06734678149223328,0.15256255865097046,0.06253249943256378,0.0691952109336853,0.15853089094161987,0.10341504961252213,0.12015019357204437,0.08345627039670944,-0.0007981583476066589,-0.0018484294414520264,-0.005968332290649414,-0.041680708527565,-0.052803412079811096,0.06910628825426102,True,True,True,True,True,False
gaussian_medium,119,sdedit_t2,2,0.06830929219722748,0.07301762700080872,0.13592925667762756,0.06780588626861572,0.07269803434610367,0.14165262877941132,0.06439428776502609,0.07090190798044205,0.07135967165231705,0.0005034059286117554,0.0003195926547050476,-0.0057233721017837524,0.0039150044322013855,0.0021157190203666687,0.06456958502531052,False,False,True,False,False,False
gaussian_medium,120,sdedit_t2,2,0.0561603382229805,0.061606671661138535,0.3922036588191986,0.059413619339466095,0.06552422046661377,0.4000716209411621,0.07857690006494522,0.09154228866100311,0.14875134825706482,-0.0032532811164855957,-0.003917548805475235,-0.007867962121963501,-0.02241656184196472,-0.029935616999864578,0.2434523105621338,True,True,True,True,True,False
gaussian_medium,121,sdedit_t2,2,0.06267478317022324,0.06934891641139984,0.19127407670021057,0.06543900072574615,0.07137785851955414,0.19479991495609283,0.041555702686309814,0.051145587116479874,0.08577560633420944,-0.0027642175555229187,-0.002028942108154297,-0.003525838255882263,0.02111908048391342,0.018203329294919968,0.10549847036600113,True,True,True,False,False,False
gaussian_medium,122,sdedit_t2,2,0.06392703205347061,0.07109609246253967,0.5059012770652771,0.067314513027668,0.07474789768457413,0.5100261569023132,0.12390325218439102,0.13954085111618042,0.19669532775878906,-0.0033874809741973877,-0.0036518052220344543,-0.004124879837036133,-0.05997622013092041,-0.06844475865364075,0.30920594930648804,True,True,True,True,True,False
gaussian_medium,123,sdedit_t2,2,0.0620860680937767,0.06965895742177963,0.16716808080673218,0.06365425139665604,0.06980235129594803,0.17862099409103394,0.1108345240354538,0.13837650418281555,0.09484073519706726,-0.0015681833028793335,-0.000143393874168396,-0.011452913284301758,-0.048748455941677094,-0.06871754676103592,0.07232734560966492,True,True,True,True,True,False
gaussian_medium,124,sdedit_t2,2,0.06493774801492691,0.0724320337176323,0.16470873355865479,0.07229502499103546,0.07947789877653122,0.17555390298366547,0.1535102128982544,0.18486125767230988,0.11638464033603668,-0.007357276976108551,-0.007045865058898926,-0.010845169425010681,-0.08857246488332748,-0.11242922395467758,0.0483240932226181,True,True,True,True,True,False
gaussian_medium,125,sdedit_t2,2,0.04805511608719826,0.05541364848613739,0.3098638355731964,0.0507008321583271,0.05799226090312004,0.3153918981552124,0.07737384736537933,0.09418966621160507,0.11674678325653076,-0.002645716071128845,-0.0025786124169826508,-0.005528062582015991,-0.029318731278181076,-0.03877601772546768,0.19311705231666565,True,True,True,True,True,False
gaussian_medium,126,sdedit_t2,2,0.06655819714069366,0.07719404250383377,0.28179535269737244,0.0687909722328186,0.07765668630599976,0.29283303022384644,0.07590890675783157,0.09671558439731598,0.11917459964752197,-0.002232775092124939,-0.0004626438021659851,-0.011037677526473999,-0.009350709617137909,-0.019521541893482208,0.16262075304985046,True,True,True,True,True,False
gaussian_medium,127,sdedit_t2,2,0.04960797727108002,0.057002581655979156,0.15106447041034698,0.05025341361761093,0.0581631101667881,0.16333498060703278,0.08921194076538086,0.10469946265220642,0.07968658953905106,-0.0006454363465309143,-0.0011605285108089447,-0.012270510196685791,-0.03960396349430084,-0.047696880996227264,0.07137788087129593,True,True,True,True,True,False
gaussian_medium,128,sdedit_t2,2,0.07467413693666458,0.08394920825958252,0.19816885888576508,0.07547896355390549,0.08421705663204193,0.2059471160173416,0.13366277515888214,0.14393240213394165,0.1283629685640335,-0.0008048266172409058,-0.0002678483724594116,-0.007778257131576538,-0.05898863822221756,-0.05998319387435913,0.06980589032173157,True,True,True,True,True,False
gaussian_medium,129,sdedit_t2,2,0.051345743238925934,0.05511130392551422,0.2801065444946289,0.0584014467895031,0.0626315027475357,0.2846340537071228,0.0845702514052391,0.10369555652141571,0.10589858144521713,-0.007055703550577164,-0.007520198822021484,-0.0045275092124938965,-0.03322450816631317,-0.04858425259590149,0.17420795559883118,True,True,True,True,True,False
gaussian_medium,130,sdedit_t2,2,0.06087726354598999,0.07035499811172485,0.24220135807991028,0.06082163378596306,0.06922893226146698,0.24782146513462067,0.07837707549333572,0.09628422558307648,0.0981823056936264,5.562976002693176e-05,0.0011260658502578735,-0.005620107054710388,-0.017499811947345734,-0.025929227471351624,0.14401905238628387,False,False,True,True,True,False
gaussian_medium,131,sdedit_t2,2,0.06481794267892838,0.07037565857172012,0.3515004813671112,0.0703960657119751,0.07499675452709198,0.3548932671546936,0.09656856209039688,0.11531996726989746,0.13231748342514038,-0.005578123033046722,-0.004621095955371857,-0.0033927857875823975,-0.031750619411468506,-0.04494430869817734,0.21918299794197083,True,True,True,True,True,False
gaussian_medium,132,sdedit_t2,2,0.05542869493365288,0.06036940589547157,0.14321684837341309,0.057657770812511444,0.0630909726023674,0.14972493052482605,0.05540088564157486,0.06369918584823608,0.06872966885566711,-0.0022290758788585663,-0.0027215667068958282,-0.006508082151412964,2.780929207801819e-05,-0.003329779952764511,0.07448717951774597,True,True,True,False,True,False
gaussian_medium,133,sdedit_t2,2,0.0755254477262497,0.08474420756101608,0.16351187229156494,0.07890082895755768,0.08592783659696579,0.17625902593135834,0.091493621468544,0.10401055961847305,0.08613310754299164,-0.0033753812313079834,-0.001183629035949707,-0.012747153639793396,-0.01596817374229431,-0.01926635205745697,0.0773787647485733,True,True,True,True,True,False
gaussian_medium,134,sdedit_t2,2,0.06544259935617447,0.07242130488157272,0.17802193760871887,0.06966028362512589,0.07659758627414703,0.18685060739517212,0.08807655423879623,0.11113647371530533,0.09065839648246765,-0.004217684268951416,-0.00417628139257431,-0.008828669786453247,-0.022633954882621765,-0.038715168833732605,0.08736354112625122,True,True,True,True,True,False
gaussian_medium,135,sdedit_t2,2,0.07035399973392487,0.07960273325443268,0.19201724231243134,0.06959477066993713,0.07729489356279373,0.1987147331237793,0.11236073821783066,0.13847272098064423,0.10575899481773376,0.0007592290639877319,0.0023078396916389465,-0.006697490811347961,-0.04200673848390579,-0.05886998772621155,0.08625824749469757,False,False,True,True,True,False
gaussian_medium,136,sdedit_t2,2,0.08111713826656342,0.08897311985492706,0.20070189237594604,0.07904346287250519,0.08483950793743134,0.20913536846637726,0.0999903678894043,0.1170007660984993,0.11569443345069885,0.0020736753940582275,0.0041336119174957275,-0.008433476090431213,-0.01887322962284088,-0.028027646243572235,0.08500745892524719,False,False,True,True,True,False
gaussian_medium,137,sdedit_t2,2,0.06279843300580978,0.0688847154378891,0.13506679236888885,0.06061019375920296,0.0663548931479454,0.13794785737991333,0.06587661802768707,0.0733184665441513,0.057983994483947754,0.0021882392466068268,0.002529822289943695,-0.002881065011024475,-0.003078185021877289,-0.004433751106262207,0.0770827978849411,False,False,True,True,True,False
gaussian_medium,138,sdedit_t2,2,0.07108217477798462,0.07727617025375366,0.18825751543045044,0.07277632504701614,0.07930939644575119,0.20100384950637817,0.10961546003818512,0.12978191673755646,0.10056919604539871,-0.0016941502690315247,-0.002033226191997528,-0.012746334075927734,-0.0385332852602005,-0.052505746483802795,0.08768831938505173,True,True,True,True,True,False
gaussian_medium,139,sdedit_t2,2,0.05905001237988472,0.0639411211013794,0.15592408180236816,0.05832662433385849,0.06483396142721176,0.1707523912191391,0.1312113106250763,0.15030963718891144,0.10507964342832565,0.0007233880460262299,-0.0008928403258323669,-0.014828309416770935,-0.07216130197048187,-0.08636851608753204,0.05084443837404251,False,True,True,True,True,False
gaussian_medium,140,sdedit_t2,2,0.06203489378094673,0.06868527829647064,0.39107590913772583,0.06620535999536514,0.07372128963470459,0.39643633365631104,0.08207020163536072,0.094312384724617,0.14707915484905243,-0.004170466214418411,-0.005036011338233948,-0.005360424518585205,-0.020035307854413986,-0.025627106428146362,0.2439967542886734,True,True,True,True,True,False
gaussian_medium,141,sdedit_t2,2,0.06695447117090225,0.07289037108421326,0.16389378905296326,0.07058821618556976,0.07576961815357208,0.16859117150306702,0.06886309385299683,0.07401607185602188,0.07892601191997528,-0.003633745014667511,-0.0028792470693588257,-0.00469738245010376,-0.001908622682094574,-0.0011257007718086243,0.08496777713298798,True,True,True,True,True,False
gaussian_medium,142,sdedit_t2,2,0.05296086519956589,0.06213866546750069,0.330966979265213,0.053529269993305206,0.06264203041791916,0.3380206823348999,0.06528003513813019,0.07548685371875763,0.12546157836914062,-0.0005684047937393188,-0.0005033649504184723,-0.00705370306968689,-0.0123191699385643,-0.013348188251256943,0.2055054008960724,True,True,True,True,True,False
gaussian_medium,143,sdedit_t2,2,0.05732161924242973,0.061694320291280746,0.3907536268234253,0.06082773953676224,0.06577008217573166,0.39537718892097473,0.05920374393463135,0.06757593899965286,0.1394093930721283,-0.0035061202943325043,-0.0040757618844509125,-0.0046235620975494385,-0.0018821246922016144,-0.005881618708372116,0.251344233751297,True,True,True,True,True,False
gaussian_medium,144,sdedit_t2,2,0.05577952414751053,0.0625188946723938,0.1592290848493576,0.058723390102386475,0.06540987640619278,0.16571247577667236,0.07690069079399109,0.0877382755279541,0.0861901193857193,-0.002943865954875946,-0.0028909817337989807,-0.006483390927314758,-0.02112116664648056,-0.025219380855560303,0.0730389654636383,True,True,True,True,True,False
gaussian_medium,145,sdedit_t2,2,0.0628136694431305,0.06780815869569778,0.4130774438381195,0.05548446252942085,0.06352952122688293,0.41859737038612366,0.08310166001319885,0.09842685610055923,0.14972013235092163,0.0073292069137096405,0.00427863746881485,-0.00551992654800415,-0.02028799057006836,-0.03061869740486145,0.2633573114871979,False,False,True,True,True,False
gaussian_medium,146,sdedit_t2,2,0.0776657909154892,0.0831405445933342,0.2650565505027771,0.07215584814548492,0.07738816738128662,0.2740419805049896,0.08351430296897888,0.09310465306043625,0.11195879429578781,0.0055099427700042725,0.005752377212047577,-0.008985430002212524,-0.005848512053489685,-0.00996410846710205,0.1530977487564087,False,False,True,True,True,False
gaussian_medium,147,sdedit_t2,2,0.054874926805496216,0.060197535902261734,0.11730410158634186,0.058708298951387405,0.06445464491844177,0.1274281144142151,0.05841634422540665,0.06950921565294266,0.06968433409929276,-0.0038333721458911896,-0.0042571090161800385,-0.01012401282787323,-0.003541417419910431,-0.009311679750680923,0.0476197674870491,True,True,True,True,True,False
gaussian_medium,148,sdedit_t2,2,0.07573221623897552,0.08383533358573914,0.2094934582710266,0.0760311409831047,0.08489557355642319,0.21771861612796783,0.08347165584564209,0.0928395614027977,0.0996411144733429,-0.0002989247441291809,-0.0010602399706840515,-0.008225157856941223,-0.007739439606666565,-0.009004227817058563,0.10985234379768372,True,True,True,True,True,False
gaussian_medium,149,sdedit_t2,2,0.050687648355960846,0.05688773840665817,0.13759739696979523,0.05259985849261284,0.05873362720012665,0.1418168544769287,0.05002996325492859,0.059157051146030426,0.05983170494437218,-0.0019122101366519928,-0.0018458887934684753,-0.004219457507133484,0.0006576851010322571,-0.0022693127393722534,0.07776568830013275,True,True,True,False,True,False
gaussian_medium,150,sdedit_t2,2,0.06064735725522041,0.06908037513494492,0.18474102020263672,0.06264053285121918,0.0715055987238884,0.20010407269001007,0.15172353386878967,0.18191339075565338,0.12546305358409882,-0.001993175595998764,-0.0024252235889434814,-0.015363052487373352,-0.09107618033885956,-0.11283301562070847,0.0592779666185379,True,True,True,True,True,False
gaussian_medium,151,sdedit_t2,2,0.05477406457066536,0.06346427649259567,0.13166740536689758,0.057472534477710724,0.06720471382141113,0.14393165707588196,0.10786683857440948,0.1319304257631302,0.09199569374322891,-0.0026984699070453644,-0.00374043732881546,-0.012264251708984375,-0.053092774003744125,-0.06846614927053452,0.03967171162366867,True,True,True,True,True,False
gaussian_medium,152,sdedit_t2,2,0.06576871126890182,0.07494448870420456,0.13147836923599243,0.06613504141569138,0.07512471824884415,0.13452142477035522,0.05814840644598007,0.06522561609745026,0.06451665610074997,-0.0003663301467895508,-0.0001802295446395874,-0.003043055534362793,0.007620304822921753,0.009718872606754303,0.06696171313524246,True,True,True,False,False,False
gaussian_medium,153,sdedit_t2,2,0.05384068936109543,0.061747848987579346,0.2017965316772461,0.05708067864179611,0.06577662378549576,0.21622365713119507,0.06242305040359497,0.0812191292643547,0.09130758792161942,-0.0032399892807006836,-0.004028774797916412,-0.014427125453948975,-0.008582361042499542,-0.01947128027677536,0.11048894375562668,True,True,True,True,True,False
gaussian_medium,154,sdedit_t2,2,0.06329800188541412,0.070538230240345,0.16125355660915375,0.06078441068530083,0.06879449635744095,0.1645355224609375,0.04803613945841789,0.054886940866708755,0.07084301859140396,0.0025135912001132965,0.0017437338829040527,-0.0032819658517837524,0.015261862426996231,0.015651289373636246,0.09041053801774979,False,False,True,False,False,False
gaussian_medium,155,sdedit_t2,2,0.05715391784906387,0.06721529364585876,0.17624719440937042,0.06064096838235855,0.06965964287519455,0.18995732069015503,0.06586124002933502,0.08467772603034973,0.08616473525762558,-0.0034870505332946777,-0.002444349229335785,-0.013710126280784607,-0.008707322180271149,-0.017462432384490967,0.09008245915174484,True,True,True,True,True,False
gaussian_medium,156,sdedit_t2,2,0.04023702070116997,0.04719764366745949,0.18403971195220947,0.042232804000377655,0.05013908073306084,0.19494909048080444,0.17494122684001923,0.20635084807872772,0.14638684689998627,-0.0019957832992076874,-0.002941437065601349,-0.01090937852859497,-0.13470420241355896,-0.15915320813655853,0.037652865052223206,True,True,True,True,True,False
gaussian_medium,157,sdedit_t2,2,0.05867685005068779,0.06331218034029007,0.2123839259147644,0.06546349823474884,0.070937879383564,0.2262924313545227,0.16510574519634247,0.1910489946603775,0.15725503861904144,-0.00678664818406105,-0.007625699043273926,-0.0139085054397583,-0.10642889142036438,-0.12773680686950684,0.05512888729572296,True,True,True,True,True,False
gaussian_medium,158,sdedit_t2,2,0.06190451979637146,0.07166282832622528,0.18689902126789093,0.06597288697957993,0.07500369846820831,0.19826719164848328,0.0782218798995018,0.0920151099562645,0.0967440977692604,-0.004068367183208466,-0.0033408701419830322,-0.011368170380592346,-0.01631736010313034,-0.020352281630039215,0.09015492349863052,True,True,True,True,True,False
gaussian_medium,159,sdedit_t2,2,0.06972481310367584,0.07689516991376877,0.19223211705684662,0.07007939368486404,0.0786561518907547,0.20146112143993378,0.08392344415187836,0.10437065362930298,0.10287521034479141,-0.0003545805811882019,-0.0017609819769859314,-0.009229004383087158,-0.014198631048202515,-0.02747548371553421,0.0893569067120552,True,True,True,True,True,False
gaussian_medium,160,sdedit_t2,2,0.06177279353141785,0.07028232514858246,0.3596076965332031,0.06853477656841278,0.07594887167215347,0.37168172001838684,0.0766003429889679,0.08945849537849426,0.14112326502799988,-0.006761983036994934,-0.005666546523571014,-0.012074023485183716,-0.014827549457550049,-0.019176170229911804,0.21848443150520325,True,True,True,True,True,False
gaussian_medium,161,sdedit_t2,2,0.0791662260890007,0.08498893678188324,0.2277347296476364,0.08197537064552307,0.08844462782144547,0.23956158757209778,0.13029950857162476,0.1460462063550949,0.13670390844345093,-0.0028091445565223694,-0.0034556910395622253,-0.011826857924461365,-0.051133282482624054,-0.06105726957321167,0.09103082120418549,True,True,True,True,True,False
gaussian_medium,162,sdedit_t2,2,0.06370429694652557,0.06862594932317734,0.125372514128685,0.06918779015541077,0.07355402410030365,0.1329507827758789,0.07062796503305435,0.07597562670707703,0.06529215723276138,-0.005483493208885193,-0.004928074777126312,-0.007578268647193909,-0.006923668086528778,-0.007349677383899689,0.060080356895923615,True,True,True,True,True,False
gaussian_medium,163,sdedit_t2,2,0.07263775914907455,0.0796712264418602,0.17221876978874207,0.07299311459064484,0.08021188527345657,0.17686158418655396,0.08342839032411575,0.09476235508918762,0.08158702403306961,-0.000355355441570282,-0.0005406588315963745,-0.00464281439781189,-0.010790631175041199,-0.015091128647327423,0.09063174575567245,True,True,True,True,True,False
gaussian_medium,164,sdedit_t2,2,0.06519506871700287,0.07445275038480759,0.16046440601348877,0.06470252573490143,0.07345385104417801,0.161900594830513,0.04289114475250244,0.049601905047893524,0.07137329131364822,0.0004925429821014404,0.0009988993406295776,-0.001436188817024231,0.022303923964500427,0.024850845336914062,0.08909111469984055,False,False,True,False,False,False
gaussian_medium,165,sdedit_t2,2,0.06470518559217453,0.07021453976631165,0.3328225016593933,0.06595510989427567,0.07198909670114517,0.3393206298351288,0.09522255510091782,0.10660473257303238,0.12694883346557617,-0.0012499243021011353,-0.0017745569348335266,-0.006498128175735474,-0.030517369508743286,-0.036390192806720734,0.20587366819381714,True,True,True,True,True,False
gaussian_medium,166,sdedit_t2,2,0.07050678879022598,0.07556591928005219,0.18788188695907593,0.07392732799053192,0.07966499030590057,0.19033850729465485,0.05914716050028801,0.06578616797924042,0.07679083943367004,-0.0034205392003059387,-0.004099071025848389,-0.0024566203355789185,0.011359628289937973,0.009779751300811768,0.11109104752540588,True,True,True,False,False,False
gaussian_medium,167,sdedit_t2,2,0.05872470140457153,0.0634084939956665,0.3622366487979889,0.062389664351940155,0.06881745159626007,0.36570456624031067,0.10103826224803925,0.11792919784784317,0.14545971155166626,-0.003664962947368622,-0.005408957600593567,-0.0034679174423217773,-0.04231356084346771,-0.054520703852176666,0.21677693724632263,True,True,True,True,True,False
gaussian_medium,168,sdedit_t2,2,0.06333290040493011,0.06568929553031921,0.2217985838651657,0.0670127123594284,0.06993038207292557,0.23195475339889526,0.12790021300315857,0.14336130023002625,0.13746732473373413,-0.003679811954498291,-0.004241086542606354,-0.010156169533729553,-0.06456731259822845,-0.07767200469970703,0.08433125913143158,True,True,True,True,True,False
gaussian_medium,169,sdedit_t2,2,0.05150154232978821,0.058021847158670425,0.13408654928207397,0.0525335893034935,0.060238223522901535,0.14226745069026947,0.07337288558483124,0.08452188223600388,0.08507054299116135,-0.0010320469737052917,-0.0022163763642311096,-0.008180901408195496,-0.02187134325504303,-0.02650003507733345,0.04901600629091263,True,True,True,True,True,False
gaussian_medium,170,sdedit_t2,2,0.06644164025783539,0.07214860618114471,0.17125403881072998,0.07352592051029205,0.07853599637746811,0.18820954859256744,0.10968039929866791,0.1344609409570694,0.10515481978654861,-0.007084280252456665,-0.006387390196323395,-0.016955509781837463,-0.04323875904083252,-0.06231233477592468,0.06609921902418137,True,True,True,True,True,False
gaussian_medium,171,sdedit_t2,2,0.05761592462658882,0.06550212949514389,0.2681843042373657,0.06817080080509186,0.07312192022800446,0.28808867931365967,0.1472957283258438,0.17791594564914703,0.17559106647968292,-0.010554876178503036,-0.007619790732860565,-0.019904375076293945,-0.08967980742454529,-0.11241381615400314,0.0925932377576828,True,True,True,True,True,False
gaussian_medium,172,sdedit_t2,2,0.0654531717300415,0.0753980353474617,0.459032267332077,0.06448812782764435,0.07626660913228989,0.46265363693237305,0.10009143501520157,0.12162172794342041,0.1654270589351654,0.0009650439023971558,-0.000868573784828186,-0.0036213696002960205,-0.034638263285160065,-0.04622369259595871,0.2936052083969116,False,True,True,True,True,False
gaussian_medium,173,sdedit_t2,2,0.05465635657310486,0.0612720362842083,0.14465925097465515,0.05530258268117905,0.06165451183915138,0.1512354016304016,0.06964030861854553,0.07949018478393555,0.07270883023738861,-0.0006462261080741882,-0.0003824755549430847,-0.00657615065574646,-0.014983952045440674,-0.01821814849972725,0.07195042073726654,True,True,True,True,True,False
gaussian_medium,174,sdedit_t2,2,0.06301553547382355,0.0697745531797409,0.17679363489151,0.0680345892906189,0.0744103267788887,0.18603399395942688,0.07327752560377121,0.08283641189336777,0.0887870192527771,-0.005019053816795349,-0.004635773599147797,-0.00924035906791687,-0.010261990129947662,-0.013061858713626862,0.08800661563873291,True,True,True,True,True,False
gaussian_medium,175,sdedit_t2,2,0.06814289093017578,0.07388703525066376,0.1617976874113083,0.06515919417142868,0.07146646827459335,0.1660345196723938,0.053175777196884155,0.05921982601284981,0.06814516335725784,0.002983696758747101,0.002420566976070404,-0.00423683226108551,0.014967113733291626,0.01466720923781395,0.09365252405405045,False,False,True,False,False,False
gaussian_medium,176,sdedit_t2,2,0.05899126082658768,0.06500992178916931,0.14015647768974304,0.06126191094517708,0.06611419469118118,0.15007564425468445,0.06568118929862976,0.07773258537054062,0.06785482913255692,-0.0022706501185894012,-0.0011042729020118713,-0.009919166564941406,-0.006689928472042084,-0.012722663581371307,0.07230164855718613,True,True,True,True,True,False
gaussian_medium,177,sdedit_t2,2,0.06726086139678955,0.0731668770313263,0.203648641705513,0.06333308666944504,0.070398710668087,0.2138184905052185,0.1408078670501709,0.1670147031545639,0.15372470021247864,0.003927774727344513,0.0027681663632392883,-0.010169848799705505,-0.07354700565338135,-0.09384782612323761,0.04992394149303436,False,False,True,True,True,False
gaussian_medium,178,sdedit_t2,2,0.07316802442073822,0.07988180220127106,0.1568193882703781,0.06996317207813263,0.07744736969470978,0.161967933177948,0.046490415930747986,0.05391748622059822,0.07179262489080429,0.003204852342605591,0.0024344325065612793,-0.005148544907569885,0.026677608489990234,0.025964315980672836,0.08502676337957382,False,False,True,False,False,False
gaussian_medium,179,sdedit_t2,2,0.05721816420555115,0.06300778687000275,0.1444389522075653,0.05731259658932686,0.0641988217830658,0.15365171432495117,0.072493776679039,0.08204653859138489,0.07331296801567078,-9.443238377571106e-05,-0.0011910349130630493,-0.009212762117385864,-0.015275612473487854,-0.01903875172138214,0.07112598419189453,True,True,True,True,True,False
gaussian_medium,180,sdedit_t2,2,0.07601062953472137,0.08185272663831711,0.4383286237716675,0.07600606232881546,0.08060850948095322,0.4445343017578125,0.07086141407489777,0.07507897168397903,0.16434627771377563,4.567205905914307e-06,0.0012442171573638916,-0.0062056779861450195,0.005149215459823608,0.006773754954338074,0.27398234605789185,False,False,True,False,False,False
gaussian_medium,181,sdedit_t2,2,0.06522451341152191,0.07350478321313858,0.1840226948261261,0.06523136049509048,0.07312249392271042,0.1865866482257843,0.049447350203990936,0.053724464029073715,0.07702918350696564,-6.847083568572998e-06,0.0003822892904281616,-0.002563953399658203,0.015777163207530975,0.019780319184064865,0.10699351131916046,True,False,True,False,False,False
gaussian_medium,182,sdedit_t2,2,0.0647834911942482,0.07172636687755585,0.15417475998401642,0.05938028544187546,0.06872458010911942,0.16368362307548523,0.08985914289951324,0.10194089263677597,0.08430428057909012,0.005403205752372742,0.003001786768436432,-0.009508863091468811,-0.025075651705265045,-0.030214525759220123,0.0698704794049263,False,False,True,True,True,False
gaussian_medium,183,sdedit_t2,2,0.08026652038097382,0.09321048855781555,0.18952341377735138,0.07407162338495255,0.08220779895782471,0.20291300117969513,0.10836652666330338,0.12256398051977158,0.11015557497739792,0.006194896996021271,0.011002689599990845,-0.01338958740234375,-0.02810000628232956,-0.029353491961956024,0.07936783879995346,False,False,True,True,True,False
gaussian_medium,184,sdedit_t2,2,0.0696566104888916,0.07570535689592361,0.19395484030246735,0.0715017318725586,0.07698065042495728,0.20576082170009613,0.12253649532794952,0.13636323809623718,0.11853645741939545,-0.0018451213836669922,-0.0012752935290336609,-0.011805981397628784,-0.05287988483905792,-0.06065788120031357,0.0754183828830719,True,True,True,True,True,False
gaussian_medium,185,sdedit_t2,2,0.05593245103955269,0.06324625015258789,0.1660173535346985,0.060521721839904785,0.06720143556594849,0.17453165352344513,0.08835574984550476,0.10710819065570831,0.08491603285074234,-0.0045892708003520966,-0.003955185413360596,-0.008514299988746643,-0.03242329880595207,-0.04386194050312042,0.08110132068395615,True,True,True,True,True,False
gaussian_medium,186,sdedit_t2,2,0.05914529412984848,0.07042799890041351,0.178657665848732,0.06369609385728836,0.07375574856996536,0.19404500722885132,0.12061731517314911,0.14114060997962952,0.11078953742980957,-0.00455079972743988,-0.0033277496695518494,-0.015387341380119324,-0.06147202104330063,-0.070712611079216,0.06786812841892242,True,True,True,True,True,False
gaussian_medium,187,sdedit_t2,2,0.0633501261472702,0.0697697326540947,0.17743262648582458,0.06392177939414978,0.07138048857450485,0.18108953535556793,0.0539214126765728,0.06085115298628807,0.07312317192554474,-0.0005716532468795776,-0.0016107559204101562,-0.003656908869743347,0.009428713470697403,0.008918579667806625,0.10430945456027985,True,True,True,False,False,False
gaussian_medium,188,sdedit_t2,2,0.059943217784166336,0.06799419224262238,0.49838554859161377,0.0653810128569603,0.07349348813295364,0.5054105520248413,0.11652535200119019,0.13892251253128052,0.1874568611383438,-0.005437795072793961,-0.005499295890331268,-0.007025003433227539,-0.05658213421702385,-0.07092832028865814,0.31092870235443115,True,True,True,True,True,False
gaussian_medium,189,sdedit_t2,2,0.06407876312732697,0.07682362198829651,0.17554563283920288,0.06656162440776825,0.07813990861177444,0.1824268102645874,0.0714629739522934,0.08310659974813461,0.0816706195473671,-0.002482861280441284,-0.0013162866234779358,-0.0068811774253845215,-0.007384210824966431,-0.006282977759838104,0.09387501329183578,True,True,True,True,True,False
gaussian_medium,190,sdedit_t2,2,0.06681786477565765,0.07881297916173935,0.19421321153640747,0.06759876757860184,0.07977614551782608,0.19870619475841522,0.06279304623603821,0.07267977297306061,0.08157430589199066,-0.0007809028029441833,-0.000963166356086731,-0.0044929832220077515,0.004024818539619446,0.0061332061886787415,0.11263890564441681,True,True,True,False,False,False
gaussian_medium,191,sdedit_t2,2,0.05775012820959091,0.06456416845321655,0.4668170213699341,0.06463374197483063,0.07102222740650177,0.4700911343097687,0.09532114118337631,0.10731906443834305,0.17522448301315308,-0.006883613765239716,-0.006458058953285217,-0.0032741129398345947,-0.0375710129737854,-0.042754895985126495,0.291592538356781,True,True,True,True,True,False
gaussian_medium,192,sdedit_t2,2,0.05712788179516792,0.06905421614646912,0.16751383244991302,0.05859602615237236,0.07080045342445374,0.17156200110912323,0.0415554903447628,0.04991080239415169,0.0760929137468338,-0.0014681443572044373,-0.0017462372779846191,-0.004048168659210205,0.01557239145040512,0.01914341375231743,0.09142091870307922,True,True,True,False,False,False
gaussian_medium,193,sdedit_t2,2,0.07080189138650894,0.07811389118432999,0.19037050008773804,0.0729748010635376,0.08026672899723053,0.1986209750175476,0.09515133500099182,0.11330163478851318,0.09623470902442932,-0.002172909677028656,-0.002152837812900543,-0.00825047492980957,-0.02434944361448288,-0.0351877436041832,0.09413579106330872,True,True,True,True,True,False
gaussian_medium,194,sdedit_t2,2,0.06193128973245621,0.06718355417251587,0.16240890324115753,0.06374062597751617,0.06858031451702118,0.16883911192417145,0.04568194970488548,0.0542171411216259,0.07765866070985794,-0.001809336245059967,-0.00139676034450531,-0.006430208683013916,0.016249340027570724,0.012966413050889969,0.08475024253129959,True,True,True,False,False,False
gaussian_medium,195,sdedit_t2,2,0.04776886850595474,0.05571020022034645,0.1585882604122162,0.054165881127119064,0.06234164908528328,0.17377689480781555,0.08288542926311493,0.10209956020116806,0.07802359014749527,-0.006397012621164322,-0.006631448864936829,-0.015188634395599365,-0.03511656075716019,-0.04638935998082161,0.08056467026472092,True,True,True,True,True,False
gaussian_medium,196,sdedit_t2,2,0.06963903456926346,0.07824762165546417,0.18811877071857452,0.06728403270244598,0.07599834352731705,0.19580087065696716,0.07191333174705505,0.07989911735057831,0.0902511328458786,0.0023550018668174744,0.0022492781281471252,-0.007682099938392639,-0.0022742971777915955,-0.0016514956951141357,0.09786763787269592,False,False,True,True,True,False
gaussian_medium,197,sdedit_t2,2,0.07578673213720322,0.08374456316232681,0.32949575781822205,0.08035345375537872,0.08750757575035095,0.3378902077674866,0.08338262885808945,0.09782598167657852,0.13645607233047485,-0.004566721618175507,-0.0037630125880241394,-0.008394449949264526,-0.0075958967208862305,-0.014081418514251709,0.1930396854877472,True,True,True,True,True,False
gaussian_medium,198,sdedit_t2,2,0.05181989073753357,0.060747113078832626,0.1342645287513733,0.05049503594636917,0.060940880328416824,0.14358703792095184,0.09945684671401978,0.1142820343375206,0.09235890209674835,0.0013248547911643982,-0.000193767249584198,-0.009322509169578552,-0.047636955976486206,-0.05353492125868797,0.04190562665462494,False,True,True,True,True,False
gaussian_medium,199,sdedit_t2,2,0.058904193341732025,0.0654880702495575,0.4145714342594147,0.06212310865521431,0.06970205903053284,0.4190860390663147,0.07930950820446014,0.09314601123332977,0.16219818592071533,-0.0032189153134822845,-0.004213988780975342,-0.004514604806900024,-0.02040531486272812,-0.027657940983772278,0.25237324833869934,True,True,True,True,True,False
gaussian_medium,0,sdedit_t3,3,0.04616151377558708,0.0513305589556694,0.24136479198932648,0.05268967151641846,0.057725291699171066,0.25759485363960266,0.12529787421226501,0.14517368376255035,0.15431571006774902,-0.006528157740831375,-0.006394732743501663,-0.016230061650276184,-0.07913635671138763,-0.09384312480688095,0.08704908192157745,True,True,True,True,True,False
gaussian_medium,1,sdedit_t3,3,0.06313768029212952,0.07105442881584167,0.19309407472610474,0.06313766539096832,0.07085802406072617,0.21430154144763947,0.0972161591053009,0.10865356028079987,0.10967317223548889,1.4901161193847656e-08,0.00019640475511550903,-0.02120746672153473,-0.03407847881317139,-0.03759913146495819,0.08342090249061584,False,False,True,True,True,False
gaussian_medium,2,sdedit_t3,3,0.042115744203329086,0.045845095068216324,0.4787365198135376,0.051779210567474365,0.05571683496236801,0.4836506247520447,0.09375806152820587,0.11739296466112137,0.1759970486164093,-0.009663466364145279,-0.009871739894151688,-0.00491410493850708,-0.051642317324876785,-0.07154786586761475,0.3027394711971283,True,True,True,True,True,False
gaussian_medium,3,sdedit_t3,3,0.05232701823115349,0.05897549167275429,0.14273986220359802,0.05588671565055847,0.061272185295820236,0.15313297510147095,0.07630807906389236,0.10413453727960587,0.08461419492959976,-0.0035596974194049835,-0.0022966936230659485,-0.010393112897872925,-0.023981060832738876,-0.04515904560685158,0.05812566727399826,True,True,True,True,True,False
gaussian_medium,4,sdedit_t3,3,0.0507948100566864,0.056875962764024734,0.14916735887527466,0.05658530071377754,0.06404129415750504,0.1726716309785843,0.05667905882000923,0.07265491038560867,0.0768871083855629,-0.005790490657091141,-0.007165331393480301,-0.02350427210330963,-0.00588424876332283,-0.01577894762158394,0.07228025048971176,True,True,True,True,True,False
gaussian_medium,5,sdedit_t3,3,0.06061393767595291,0.06735272705554962,0.15064065158367157,0.06796588748693466,0.07432424277067184,0.16809971630573273,0.12682223320007324,0.15358968079090118,0.09472231566905975,-0.0073519498109817505,-0.006971515715122223,-0.017459064722061157,-0.06620829552412033,-0.08623695373535156,0.055918335914611816,True,True,True,True,True,False
gaussian_medium,6,sdedit_t3,3,0.049709126353263855,0.056014325469732285,0.4630959928035736,0.056925155222415924,0.06360159814357758,0.46997445821762085,0.11094464361667633,0.1248965859413147,0.17236582934856415,-0.007216028869152069,-0.007587272673845291,-0.006878465414047241,-0.061235517263412476,-0.06888225674629211,0.29073017835617065,True,True,True,True,True,False
gaussian_medium,7,sdedit_t3,3,0.0592937171459198,0.06533750891685486,0.23516196012496948,0.06172262877225876,0.07102378457784653,0.2411469668149948,0.07777988165616989,0.09143956750631332,0.09678444266319275,-0.0024289116263389587,-0.005686275660991669,-0.00598500669002533,-0.01848616451025009,-0.026102058589458466,0.13837751746177673,True,True,True,True,True,False
gaussian_medium,8,sdedit_t3,3,0.054412148892879486,0.06574010848999023,0.1809789091348648,0.06060759350657463,0.0739072784781456,0.19851376116275787,0.13667991757392883,0.1608559936285019,0.12941202521324158,-0.006195444613695145,-0.008167169988155365,-0.017534852027893066,-0.08226776868104935,-0.09511588513851166,0.05156688392162323,True,True,True,True,True,False
gaussian_medium,9,sdedit_t3,3,0.06400127708911896,0.06812065094709396,0.19700665771961212,0.0659550279378891,0.07036367803812027,0.19999346137046814,0.05514400452375412,0.061181992292404175,0.08773085474967957,-0.0019537508487701416,-0.002243027091026306,-0.002986803650856018,0.008857272565364838,0.006938658654689789,0.10927580296993256,True,True,True,False,False,False
gaussian_medium,10,sdedit_t3,3,0.05425836518406868,0.06857502460479736,0.14979487657546997,0.05687336251139641,0.06923065334558487,0.16831055283546448,0.07535805553197861,0.1050732284784317,0.0868905708193779,-0.0026149973273277283,-0.0006556287407875061,-0.018515676259994507,-0.021099690347909927,-0.03649820387363434,0.06290430575609207,True,True,True,True,True,False
gaussian_medium,11,sdedit_t3,3,0.06813184171915054,0.08178950101137161,0.48011717200279236,0.06904856115579605,0.08011011779308319,0.4834783971309662,0.1125505343079567,0.1267641931772232,0.1888846904039383,-0.0009167194366455078,0.0016793832182884216,-0.003361225128173828,-0.04441869258880615,-0.04497469216585159,0.29123246669769287,True,False,True,True,True,False
gaussian_medium,12,sdedit_t3,3,0.060172658413648605,0.06942480802536011,0.4429265260696411,0.06322519481182098,0.07269512861967087,0.44773557782173157,0.0953829437494278,0.10913003236055374,0.16458579897880554,-0.0030525363981723785,-0.0032703205943107605,-0.004809051752090454,-0.03521028533577919,-0.039705224335193634,0.27834072709083557,True,True,True,True,True,False
gaussian_medium,13,sdedit_t3,3,0.07137534022331238,0.07789234817028046,0.16445967555046082,0.07754329591989517,0.08461974561214447,0.1705045998096466,0.06686224043369293,0.07405371218919754,0.0764070525765419,-0.006167955696582794,-0.006727397441864014,-0.006044924259185791,0.004513099789619446,0.0038386359810829163,0.08805262297391891,True,True,True,False,False,False
gaussian_medium,14,sdedit_t3,3,0.07159444689750671,0.07636301219463348,0.15988917648792267,0.0635475218296051,0.07099167257547379,0.17696505784988403,0.12212444841861725,0.13505029678344727,0.11139941215515137,0.008046925067901611,0.0053713396191596985,-0.017075881361961365,-0.050530001521110535,-0.05868728458881378,0.0484897643327713,False,False,True,True,True,False
gaussian_medium,15,sdedit_t3,3,0.05538489297032356,0.061252158135175705,0.17649537324905396,0.06149406358599663,0.06745760887861252,0.19606755673885345,0.11168408393859863,0.12970519065856934,0.1057356670498848,-0.006109170615673065,-0.006205450743436813,-0.0195721834897995,-0.05629919096827507,-0.06845302879810333,0.07075970619916916,True,True,True,True,True,False
gaussian_medium,16,sdedit_t3,3,0.04498230665922165,0.05409805104136467,0.16886448860168457,0.0525021068751812,0.06145070493221283,0.18295051157474518,0.05643541365861893,0.07842373102903366,0.0731649100780487,-0.007519800215959549,-0.00735265389084816,-0.014086022973060608,-0.011453106999397278,-0.02432567998766899,0.09569957852363586,True,True,True,True,True,False
gaussian_medium,17,sdedit_t3,3,0.08446964621543884,0.08943053334951401,0.17804720997810364,0.06533661484718323,0.06932801753282547,0.1858934462070465,0.06839462369680405,0.07974874973297119,0.09814289212226868,0.019133031368255615,0.020102515816688538,-0.007846236228942871,0.016075022518634796,0.009681783616542816,0.07990431785583496,False,False,True,False,False,False
gaussian_medium,18,sdedit_t3,3,0.05775454640388489,0.06315481662750244,0.22541387379169464,0.06372842937707901,0.07014530897140503,0.24260497093200684,0.08144915848970413,0.09828464686870575,0.10069424659013748,-0.005973882973194122,-0.006990492343902588,-0.017191097140312195,-0.023694612085819244,-0.03512983024120331,0.12471962720155716,True,True,True,True,True,False
gaussian_medium,19,sdedit_t3,3,0.08245470374822617,0.08804454654455185,0.572723388671875,0.06326358020305634,0.07194865494966507,0.5803443789482117,0.10456264019012451,0.12385936826467514,0.20973414182662964,0.01919112354516983,0.01609589159488678,-0.00762099027633667,-0.022107936441898346,-0.03581482172012329,0.36298924684524536,False,False,True,True,True,False
gaussian_medium,20,sdedit_t3,3,0.05720954015851021,0.0652310773730278,0.13259615004062653,0.05830741673707962,0.06681666523218155,0.1485026627779007,0.09243113547563553,0.1133967712521553,0.0828932523727417,-0.0010978765785694122,-0.0015855878591537476,-0.01590651273727417,-0.03522159531712532,-0.0481656938791275,0.04970289766788483,True,True,True,True,True,False
gaussian_medium,21,sdedit_t3,3,0.0670667439699173,0.07561653852462769,0.1601121872663498,0.06869306415319443,0.07604878395795822,0.17002573609352112,0.08594666421413422,0.09556233137845993,0.09044021368026733,-0.0016263201832771301,-0.0004322454333305359,-0.009913548827171326,-0.01887992024421692,-0.019945792853832245,0.06967197358608246,True,True,True,True,True,False
gaussian_medium,22,sdedit_t3,3,0.059793900698423386,0.06471110135316849,0.16895490884780884,0.06361999362707138,0.06911365687847137,0.1777394413948059,0.04468679428100586,0.05039234459400177,0.08038172125816345,-0.003826092928647995,-0.004402555525302887,-0.00878453254699707,0.015107106417417526,0.014318756759166718,0.08857318758964539,True,True,True,False,False,False
gaussian_medium,23,sdedit_t3,3,0.0605446882545948,0.06734925508499146,0.41904985904693604,0.0694975033402443,0.07637134194374084,0.43005678057670593,0.08421041071414948,0.0959165170788765,0.15948551893234253,-0.00895281508564949,-0.00902208685874939,-0.011006921529769897,-0.023665722459554672,-0.02856726199388504,0.2595643401145935,True,True,True,True,True,False
gaussian_medium,24,sdedit_t3,3,0.06195152550935745,0.06777431815862656,0.1514013558626175,0.06091035529971123,0.06678153574466705,0.16263523697853088,0.05886750668287277,0.06911837309598923,0.06910611689090729,0.001041170209646225,0.0009927824139595032,-0.011233881115913391,0.00308401882648468,-0.001344054937362671,0.0822952389717102,False,False,True,False,True,False
gaussian_medium,25,sdedit_t3,3,0.05885148048400879,0.06669378280639648,0.17396388947963715,0.06001255661249161,0.06595594435930252,0.18232184648513794,0.07961530238389969,0.09095113724470139,0.09747947007417679,-0.0011610761284828186,0.0007378384470939636,-0.008357957005500793,-0.0207638218998909,-0.0242573544383049,0.07648441940546036,True,False,True,True,True,False
gaussian_medium,26,sdedit_t3,3,0.05783982202410698,0.06806711107492447,0.15181346237659454,0.06416813284158707,0.07222946733236313,0.16826771199703217,0.08551899343729019,0.10191495716571808,0.07804542034864426,-0.006328310817480087,-0.00416235625743866,-0.016454249620437622,-0.027679171413183212,-0.03384784609079361,0.07376804202795029,True,True,True,True,True,False
gaussian_medium,27,sdedit_t3,3,0.04850742593407631,0.05710159242153168,0.16544045507907867,0.053119100630283356,0.06218366324901581,0.17524825036525726,0.06460846215486526,0.0801643431186676,0.0858115702867508,-0.0046116746962070465,-0.005082070827484131,-0.009807795286178589,-0.016101036220788956,-0.023062750697135925,0.07962888479232788,True,True,True,True,True,False
gaussian_medium,28,sdedit_t3,3,0.05143984034657478,0.05724114552140236,0.30697616934776306,0.06145323067903519,0.06438960134983063,0.31665515899658203,0.08821259438991547,0.0985681563615799,0.11641392111778259,-0.010013390332460403,-0.007148455828428268,-0.00967898964881897,-0.03677275404334068,-0.041327010840177536,0.19056224822998047,True,True,True,True,True,False
gaussian_medium,29,sdedit_t3,3,0.04063655436038971,0.045260071754455566,0.16965407133102417,0.04525135084986687,0.049853064119815826,0.17828969657421112,0.045068658888339996,0.0563717782497406,0.07350710779428482,-0.004614796489477158,-0.00459299236536026,-0.00863562524318695,-0.004432104527950287,-0.011111706495285034,0.09614696353673935,True,True,True,True,True,False
gaussian_medium,30,sdedit_t3,3,0.05826080963015556,0.06127859279513359,0.14846912026405334,0.05629705265164375,0.06097611039876938,0.15503937005996704,0.03874734789133072,0.04543539509177208,0.07505912333726883,0.0019637569785118103,0.00030248239636421204,-0.006570249795913696,0.019513461738824844,0.01584319770336151,0.07340999692678452,False,False,True,False,False,False
gaussian_medium,31,sdedit_t3,3,0.05664311721920967,0.06310568004846573,0.15643376111984253,0.06441095471382141,0.0694565698504448,0.17235404253005981,0.0803450345993042,0.10264239460229874,0.08220918476581573,-0.00776783749461174,-0.006350889801979065,-0.015920281410217285,-0.023701917380094528,-0.03953671455383301,0.0742245763540268,True,True,True,True,True,False
gaussian_medium,32,sdedit_t3,3,0.046840548515319824,0.053571682423353195,0.12807515263557434,0.048632748425006866,0.05626371130347252,0.1344148814678192,0.03807102143764496,0.042552556842565536,0.05903628095984459,-0.0017921999096870422,-0.0026920288801193237,-0.006339728832244873,0.008769527077674866,0.011019125580787659,0.06903886795043945,True,True,True,False,False,False
gaussian_medium,33,sdedit_t3,3,0.045969948172569275,0.05200599133968353,0.3890710473060608,0.04978462681174278,0.0553671270608902,0.3969765901565552,0.0897296816110611,0.11102332919836044,0.14385737478733063,-0.0038146786391735077,-0.003361135721206665,-0.007905542850494385,-0.04375973343849182,-0.05901733785867691,0.24521367251873016,True,True,True,True,True,False
gaussian_medium,34,sdedit_t3,3,0.06351491063833237,0.06847484409809113,0.16161790490150452,0.06210090592503548,0.0672195628285408,0.16616785526275635,0.05232954025268555,0.05817698314785957,0.07489174604415894,0.0014140047132968903,0.0012552812695503235,-0.004549950361251831,0.01118537038564682,0.010297860950231552,0.08672615885734558,False,False,True,False,False,False
gaussian_medium,35,sdedit_t3,3,0.06496976315975189,0.0732397809624672,0.20218732953071594,0.06946993619203568,0.07746315747499466,0.22422467172145844,0.14610914885997772,0.16376319527626038,0.1328599750995636,-0.004500173032283783,-0.004223376512527466,-0.022037342190742493,-0.08113938570022583,-0.09052341431379318,0.06932735443115234,True,True,True,True,True,False
gaussian_medium,36,sdedit_t3,3,0.05807027220726013,0.06263605505228043,0.11578455567359924,0.0519719198346138,0.05791193246841431,0.12539997696876526,0.06268937885761261,0.07699908316135406,0.0722174420952797,0.006098352372646332,0.004724122583866119,-0.009615421295166016,-0.004619106650352478,-0.014363028109073639,0.04356711357831955,False,False,True,True,True,False
gaussian_medium,37,sdedit_t3,3,0.056536685675382614,0.06444769352674484,0.12282155454158783,0.054066289216279984,0.060988396406173706,0.12783241271972656,0.04616834223270416,0.05102914944291115,0.05837356299161911,0.0024703964591026306,0.0034592971205711365,-0.005010858178138733,0.010368343442678452,0.013418544083833694,0.06444799154996872,False,False,True,False,False,False
gaussian_medium,38,sdedit_t3,3,0.06039376184344292,0.06957569718360901,0.17499470710754395,0.05767141655087471,0.06649630516767502,0.1928032487630844,0.112945057451725,0.13153612613677979,0.11281928420066833,0.002722345292568207,0.0030793920159339905,-0.017808541655540466,-0.05255129560828209,-0.061960428953170776,0.06217542290687561,False,False,True,True,True,False
gaussian_medium,39,sdedit_t3,3,0.0570366196334362,0.061895545572042465,0.12452876567840576,0.058270812034606934,0.062285520136356354,0.14028388261795044,0.057680100202560425,0.07361862808465958,0.0632728636264801,-0.0012341924011707306,-0.00038997456431388855,-0.015755116939544678,-0.0006434805691242218,-0.011723082512617111,0.06125590205192566,True,True,True,True,True,False
gaussian_medium,40,sdedit_t3,3,0.05491966754198074,0.06174715980887413,0.13993984460830688,0.06381482630968094,0.07164228707551956,0.15788374841213226,0.10869055986404419,0.1263016313314438,0.09038344025611877,-0.008895158767700195,-0.009895127266645432,-0.01794390380382538,-0.053770892322063446,-0.06455446779727936,0.04955640435218811,True,True,True,True,True,False
gaussian_medium,41,sdedit_t3,3,0.04134514182806015,0.04543748497962952,0.21472562849521637,0.04674428701400757,0.05210253968834877,0.2257722020149231,0.055353861302137375,0.06928640604019165,0.0878952220082283,-0.005399145185947418,-0.0066650547087192535,-0.011046573519706726,-0.014008719474077225,-0.023848921060562134,0.12683039903640747,True,True,True,True,True,False
gaussian_medium,42,sdedit_t3,3,0.06634011119604111,0.07195617258548737,0.18562465906143188,0.06890759617090225,0.07556033879518509,0.20640581846237183,0.1428239643573761,0.16340617835521698,0.13068650662899017,-0.002567484974861145,-0.0036041662096977234,-0.02078115940093994,-0.07648385316133499,-0.09145000576972961,0.05493815243244171,True,True,True,True,True,False
gaussian_medium,43,sdedit_t3,3,0.048283178359270096,0.05614641681313515,0.5097588300704956,0.05525180697441101,0.0630064457654953,0.5142030119895935,0.1017882451415062,0.11514029651880264,0.1861364245414734,-0.006968628615140915,-0.006860028952360153,-0.0044441819190979,-0.0535050667822361,-0.058993879705667496,0.3236224055290222,True,True,True,True,True,False
gaussian_medium,44,sdedit_t3,3,0.06352971494197845,0.06978587806224823,0.17160600423812866,0.058719534426927567,0.06605015695095062,0.1930064558982849,0.08014661073684692,0.09082065522670746,0.0960921049118042,0.004810180515050888,0.0037357211112976074,-0.02140045166015625,-0.01661689579486847,-0.02103477716445923,0.07551389932632446,False,False,True,True,True,False
gaussian_medium,45,sdedit_t3,3,0.05265248939394951,0.057472243905067444,0.14149799942970276,0.05506425350904465,0.059542473405599594,0.1535624861717224,0.06537096202373505,0.07719239592552185,0.07987998425960541,-0.0024117641150951385,-0.0020702295005321503,-0.012064486742019653,-0.012718472629785538,-0.019720152020454407,0.06161801517009735,True,True,True,True,True,False
gaussian_medium,46,sdedit_t3,3,0.0646015927195549,0.07057163119316101,0.2059880793094635,0.06088675186038017,0.06547555327415466,0.21503746509552002,0.06731045246124268,0.08105403184890747,0.08457271009683609,0.0037148408591747284,0.005096077919006348,-0.009049385786056519,-0.0027088597416877747,-0.01048240065574646,0.12141536921262741,False,False,True,True,True,False
gaussian_medium,47,sdedit_t3,3,0.06092206761240959,0.07230718433856964,0.12483634054660797,0.05681475251913071,0.06625670194625854,0.14031903445720673,0.08783204853534698,0.10454528778791428,0.06935080885887146,0.004107315093278885,0.006050482392311096,-0.015482693910598755,-0.026909980922937393,-0.032238103449344635,0.05548553168773651,False,False,True,True,True,False
gaussian_medium,48,sdedit_t3,3,0.05771452933549881,0.06493575125932693,0.31558650732040405,0.06416036933660507,0.07090205699205399,0.33097895979881287,0.06788663566112518,0.07316448539495468,0.12217546999454498,-0.006445840001106262,-0.005966305732727051,-0.015392452478408813,-0.010172106325626373,-0.008228734135627747,0.19341103732585907,True,True,True,True,True,False
gaussian_medium,49,sdedit_t3,3,0.05427609756588936,0.06109003350138664,0.42794016003608704,0.050704699009656906,0.055561307817697525,0.43534010648727417,0.09345071017742157,0.11502446979284286,0.15426112711429596,0.0035713985562324524,0.005528725683689117,-0.007399946451187134,-0.03917461261153221,-0.05393443629145622,0.2736790180206299,False,False,True,True,True,False
gaussian_medium,50,sdedit_t3,3,0.063356414437294,0.07797825336456299,0.14206115901470184,0.06765604764223099,0.08247542381286621,0.15266388654708862,0.06647457182407379,0.07735765725374222,0.07994630187749863,-0.004299633204936981,-0.004497170448303223,-0.01060272753238678,-0.003118157386779785,0.0006205961108207703,0.06211485713720322,True,True,True,True,False,False
gaussian_medium,51,sdedit_t3,3,0.0539214089512825,0.058324046432971954,0.13320600986480713,0.05603696033358574,0.06232739984989166,0.15089493989944458,0.07275380939245224,0.07833679765462875,0.07268514484167099,-0.002115551382303238,-0.004003353416919708,-0.01768893003463745,-0.01883240044116974,-0.0200127512216568,0.06052086502313614,True,True,True,True,True,False
gaussian_medium,52,sdedit_t3,3,0.04275864362716675,0.049428220838308334,0.20283730328083038,0.04654904827475548,0.05289354920387268,0.2181859165430069,0.06380448490381241,0.07796647399663925,0.09404155611991882,-0.00379040464758873,-0.0034653283655643463,-0.015348613262176514,-0.02104584127664566,-0.028538253158330917,0.10879574716091156,True,True,True,True,True,False
gaussian_medium,53,sdedit_t3,3,0.05065572261810303,0.06003987789154053,0.14050428569316864,0.05436959117650986,0.06369820237159729,0.15194040536880493,0.08806419372558594,0.11524361371994019,0.08799830079078674,-0.00371386855840683,-0.0036583244800567627,-0.011436119675636292,-0.03740847110748291,-0.05520373582839966,0.0525059849023819,True,True,True,True,True,False
gaussian_medium,54,sdedit_t3,3,0.051941968500614166,0.05896937474608421,0.15634864568710327,0.05588964745402336,0.06263424456119537,0.1693001240491867,0.15330655872821808,0.17771892249584198,0.1391122192144394,-0.003947678953409195,-0.0036648698151111603,-0.012951478362083435,-0.10136459022760391,-0.11874954402446747,0.01723642647266388,True,True,True,True,True,False
gaussian_medium,55,sdedit_t3,3,0.05756952241063118,0.06419476866722107,0.20619018375873566,0.0649377852678299,0.07140223681926727,0.221160426735878,0.13965657353401184,0.16711007058620453,0.13090240955352783,-0.007368262857198715,-0.007207468152046204,-0.014970242977142334,-0.08208705484867096,-0.10291530191898346,0.07528777420520782,True,True,True,True,True,False
gaussian_medium,56,sdedit_t3,3,0.04945710673928261,0.05753311142325401,0.13239531219005585,0.0474541038274765,0.054222606122493744,0.1410312056541443,0.048608262091875076,0.0536445789039135,0.059951916337013245,0.0020030029118061066,0.003310505300760269,-0.00863589346408844,0.0008488446474075317,0.003888532519340515,0.0724433958530426,False,False,True,False,False,False
gaussian_medium,57,sdedit_t3,3,0.05113580822944641,0.05960773304104805,0.16744190454483032,0.05567995831370354,0.06225590035319328,0.17635172605514526,0.10828615725040436,0.1300657093524933,0.09592897444963455,-0.004544150084257126,-0.002648167312145233,-0.008909821510314941,-0.05715034902095795,-0.07045798003673553,0.07151293009519577,True,True,True,True,True,False
gaussian_medium,58,sdedit_t3,3,0.061025600880384445,0.06647951155900955,0.1235908642411232,0.06290137022733688,0.06835019588470459,0.12769155204296112,0.05568752437829971,0.06097133085131645,0.062678761780262,-0.0018757693469524384,-0.0018706843256950378,-0.004100687801837921,0.005338076502084732,0.0055081807076931,0.060912102460861206,True,True,True,False,False,False
gaussian_medium,59,sdedit_t3,3,0.065861277282238,0.07111777365207672,0.16131581366062164,0.06501203775405884,0.07062306255102158,0.1676061749458313,0.06937425583600998,0.08191487193107605,0.07579575479030609,0.0008492395281791687,0.0004947111010551453,-0.006290361285209656,-0.0035129785537719727,-0.010797098278999329,0.08552005887031555,False,False,True,True,True,False
gaussian_medium,60,sdedit_t3,3,0.092140331864357,0.10216759145259857,0.34750109910964966,0.07986714690923691,0.08753584325313568,0.3615890145301819,0.09320569783449173,0.11541580408811569,0.1529051810503006,0.012273184955120087,0.01463174819946289,-0.014087915420532227,-0.001065365970134735,-0.01324821263551712,0.19459591805934906,False,False,True,True,True,False
gaussian_medium,61,sdedit_t3,3,0.05757869407534599,0.06543052941560745,0.17126865684986115,0.06355413794517517,0.07137571275234222,0.18731608986854553,0.06705813854932785,0.07699379324913025,0.07850740849971771,-0.005975443869829178,-0.005945183336734772,-0.016047433018684387,-0.009479444473981857,-0.011563263833522797,0.09276124835014343,True,True,True,True,True,False
gaussian_medium,62,sdedit_t3,3,0.06127587705850601,0.06672496348619461,0.1408023238182068,0.060209810733795166,0.06651534885168076,0.14791762828826904,0.049396343529224396,0.053224124014377594,0.06488995999097824,0.001066066324710846,0.00020961463451385498,-0.007115304470062256,0.011879533529281616,0.013500839471817017,0.07591236382722855,False,False,True,False,False,False
gaussian_medium,63,sdedit_t3,3,0.06131132319569588,0.06617847830057144,0.1608009785413742,0.06362495571374893,0.0706520825624466,0.17745628952980042,0.0807112604379654,0.09007512778043747,0.0889793112874031,-0.002313632518053055,-0.004473604261875153,-0.01665531098842621,-0.019399937242269516,-0.023896649479866028,0.0718216672539711,True,True,True,True,True,False
gaussian_medium,64,sdedit_t3,3,0.05030665919184685,0.0621771402657032,0.14212800562381744,0.05301336571574211,0.06215537339448929,0.15553700923919678,0.06648920476436615,0.08591584861278534,0.06633707135915756,-0.0027067065238952637,2.1766871213912964e-05,-0.013409003615379333,-0.016182545572519302,-0.023738708347082138,0.07579093426465988,True,False,True,True,True,False
gaussian_medium,65,sdedit_t3,3,0.06159784272313118,0.06686655431985855,0.19905127584934235,0.06843168288469315,0.07318937033414841,0.21629437804222107,0.10768786817789078,0.12152266502380371,0.10990932583808899,-0.006833840161561966,-0.006322816014289856,-0.017243102192878723,-0.0460900254547596,-0.05465611070394516,0.08914195001125336,True,True,True,True,True,False
gaussian_medium,66,sdedit_t3,3,0.08008719980716705,0.08828884363174438,0.19310323894023895,0.08183147758245468,0.09079550206661224,0.20187802612781525,0.06862256675958633,0.0772557258605957,0.08954665809869766,-0.0017442777752876282,-0.002506658434867859,-0.008774787187576294,0.011464633047580719,0.011033117771148682,0.10355658084154129,True,True,True,False,False,False
gaussian_medium,67,sdedit_t3,3,0.044320620596408844,0.05115305632352829,0.13605806231498718,0.04765406250953674,0.05380195751786232,0.15165942907333374,0.08686287701129913,0.1036376878619194,0.08728952705860138,-0.003333441913127899,-0.00264890119433403,-0.015601366758346558,-0.04254225641489029,-0.05248463153839111,0.0487685352563858,True,True,True,True,True,False
gaussian_medium,68,sdedit_t3,3,0.06360914558172226,0.07198888063430786,0.1811179518699646,0.06450282037258148,0.07236339151859283,0.19587844610214233,0.06210776045918465,0.07548367977142334,0.0870240181684494,-0.0008936747908592224,-0.00037451088428497314,-0.014760494232177734,0.001501385122537613,-0.0034947991371154785,0.0940939337015152,True,True,True,False,True,False
gaussian_medium,69,sdedit_t3,3,0.0568317286670208,0.06084863469004631,0.21507002413272858,0.06581691652536392,0.0700242668390274,0.22751519083976746,0.07174934446811676,0.08514843136072159,0.09439700841903687,-0.008985187858343124,-0.009175632148981094,-0.01244516670703888,-0.014917615801095963,-0.024299796670675278,0.12067301571369171,True,True,True,True,True,False
gaussian_medium,70,sdedit_t3,3,0.060450781136751175,0.0667584240436554,0.25858938694000244,0.06503480672836304,0.07312535494565964,0.26727980375289917,0.07864745706319809,0.09715275466442108,0.10977312177419662,-0.004584025591611862,-0.006366930902004242,-0.008690416812896729,-0.018196675926446915,-0.030394330620765686,0.14881625771522522,True,True,True,True,True,False
gaussian_medium,71,sdedit_t3,3,0.07850047945976257,0.0855812057852745,0.4133416414260864,0.08243260532617569,0.09130103886127472,0.430653840303421,0.1076890379190445,0.12818403542041779,0.17079782485961914,-0.0039321258664131165,-0.005719833076000214,-0.017312198877334595,-0.02918855845928192,-0.04260282963514328,0.24254381656646729,True,True,True,True,True,False
gaussian_medium,72,sdedit_t3,3,0.05512572452425957,0.06150980293750763,0.1875721663236618,0.059163399040699005,0.06551691889762878,0.21139493584632874,0.12831208109855652,0.14897313714027405,0.12247622013092041,-0.004037674516439438,-0.004007115960121155,-0.02382276952266693,-0.07318635284900665,-0.08746333420276642,0.0650959461927414,True,True,True,True,True,False
gaussian_medium,73,sdedit_t3,3,0.04459896683692932,0.054944705218076706,0.15522003173828125,0.048943597823381424,0.059210751205682755,0.170535609126091,0.08089907467365265,0.0954967811703682,0.09982328861951828,-0.004344630986452103,-0.004266045987606049,-0.015315577387809753,-0.03630010783672333,-0.04055207595229149,0.05539674311876297,True,True,True,True,True,False
gaussian_medium,74,sdedit_t3,3,0.05363088846206665,0.0607326403260231,0.3883264362812042,0.05488523095846176,0.06209534779191017,0.3997913897037506,0.07875508069992065,0.10137559473514557,0.1493482142686844,-0.001254342496395111,-0.0013627074658870697,-0.011464953422546387,-0.025124192237854004,-0.04064295440912247,0.23897822201251984,True,True,True,True,True,False
gaussian_medium,75,sdedit_t3,3,0.06157524511218071,0.07166378945112228,0.1511603742837906,0.061505354940891266,0.07200919836759567,0.15565665066242218,0.04996796324849129,0.05643586814403534,0.06322984397411346,6.989017128944397e-05,-0.00034540891647338867,-0.004496276378631592,0.011607281863689423,0.015227921307086945,0.08793053030967712,False,True,True,False,False,False
gaussian_medium,76,sdedit_t3,3,0.06298546493053436,0.06899480521678925,0.15925271809101105,0.06336772441864014,0.06893615424633026,0.16765718162059784,0.05375320836901665,0.06410188972949982,0.07128793001174927,-0.0003822594881057739,5.8650970458984375e-05,-0.008404463529586792,0.009232256561517715,0.004892915487289429,0.08796478807926178,True,False,True,False,False,False
gaussian_medium,77,sdedit_t3,3,0.05444880574941635,0.06227301433682442,0.141116201877594,0.057621002197265625,0.06622353196144104,0.1471443772315979,0.05599760264158249,0.06255166977643967,0.06804715842008591,-0.0031721964478492737,-0.003950517624616623,-0.006028175354003906,-0.0015487968921661377,-0.00027865543961524963,0.07306904345750809,True,True,True,True,True,False
gaussian_medium,78,sdedit_t3,3,0.05481293052434921,0.06161869689822197,0.11999336630105972,0.055813103914260864,0.06254932284355164,0.1270044893026352,0.047484248876571655,0.05415324121713638,0.054498083889484406,-0.0010001733899116516,-0.0009306259453296661,-0.00701112300157547,0.007328681647777557,0.0074654556810855865,0.06549528241157532,True,True,True,False,False,False
gaussian_medium,79,sdedit_t3,3,0.06915943324565887,0.078534796833992,0.17856797575950623,0.05461578816175461,0.06252054125070572,0.18641580641269684,0.06140183284878731,0.0677388608455658,0.07807531207799911,0.014543645083904266,0.016014255583286285,-0.007847830653190613,0.007757600396871567,0.010795935988426208,0.10049266368150711,False,False,True,False,False,False
gaussian_medium,80,sdedit_t3,3,0.05847186595201492,0.0674426257610321,0.15640951693058014,0.06143757700920105,0.07038457691669464,0.16220363974571228,0.043805550783872604,0.054113831371068954,0.06826687604188919,-0.0029657110571861267,-0.0029419511556625366,-0.005794122815132141,0.014666315168142319,0.01332879438996315,0.08814264088869095,True,True,True,False,False,False
gaussian_medium,81,sdedit_t3,3,0.06311933696269989,0.0693957731127739,0.20576044917106628,0.06261061131954193,0.06964774429798126,0.22152715921401978,0.13173100352287292,0.14868614077568054,0.14832067489624023,0.000508725643157959,-0.00025197118520736694,-0.01576671004295349,-0.06861166656017303,-0.07929036766290665,0.05743977427482605,False,True,True,True,True,False
gaussian_medium,82,sdedit_t3,3,0.05454585701227188,0.05814994499087334,0.23473797738552094,0.06371063739061356,0.06747692823410034,0.2529352307319641,0.13376091420650482,0.1613091379404068,0.1487712264060974,-0.009164780378341675,-0.009326983243227005,-0.018197253346443176,-0.07921505719423294,-0.10315918922424316,0.08596675097942352,True,True,True,True,True,False
gaussian_medium,83,sdedit_t3,3,0.06055798381567001,0.07078923285007477,0.11974350363016129,0.06458045542240143,0.07572315633296967,0.1238197460770607,0.05164887383580208,0.06379976123571396,0.056130826473236084,-0.004022471606731415,-0.0049339234828948975,-0.004076242446899414,0.008909109979867935,0.006989471614360809,0.0636126771569252,True,True,True,False,False,False
gaussian_medium,84,sdedit_t3,3,0.05951709672808647,0.0697910338640213,0.3196428716182709,0.06669057905673981,0.0781894251704216,0.3272639513015747,0.06232018396258354,0.0730639100074768,0.13761843740940094,-0.007173482328653336,-0.008398391306400299,-0.007621079683303833,-0.0028030872344970703,-0.0032728761434555054,0.18202443420886993,True,True,True,True,True,False
gaussian_medium,85,sdedit_t3,3,0.0529615581035614,0.06012262403964996,0.4068574607372284,0.058885347098112106,0.06669173389673233,0.414104700088501,0.08543301373720169,0.10398469120264053,0.15394435822963715,-0.005923788994550705,-0.006569109857082367,-0.007247239351272583,-0.03247145563364029,-0.04386206716299057,0.25291311740875244,True,True,True,True,True,False
gaussian_medium,86,sdedit_t3,3,0.06360568851232529,0.06820148229598999,0.18824158608913422,0.05872054770588875,0.06591162830591202,0.20251381397247314,0.11469225585460663,0.1347866952419281,0.11775562167167664,0.004885140806436539,0.0022898539900779724,-0.014272227883338928,-0.05108656734228134,-0.06658521294593811,0.07048596441745758,False,False,True,True,True,False
gaussian_medium,87,sdedit_t3,3,0.07310013473033905,0.08227268606424332,0.5115579962730408,0.0609772689640522,0.06969040632247925,0.517386257648468,0.09252609312534332,0.1165836974978447,0.18229401111602783,0.01212286576628685,0.012582279741764069,-0.005828261375427246,-0.019425958395004272,-0.03431101143360138,0.32926398515701294,False,False,True,True,True,False
gaussian_medium,88,sdedit_t3,3,0.059138841927051544,0.06390365213155746,0.16336797177791595,0.06288284063339233,0.0694887563586235,0.17748552560806274,0.05788273364305496,0.06939943879842758,0.07858433574438095,-0.00374399870634079,-0.00558510422706604,-0.01411755383014679,0.001256108283996582,-0.005495786666870117,0.084783636033535,True,True,True,False,True,False
gaussian_medium,89,sdedit_t3,3,0.06595835089683533,0.07430639863014221,0.20096522569656372,0.06404105573892593,0.0755595937371254,0.22349926829338074,0.09721574932336807,0.12792930006980896,0.10490168631076813,0.0019172951579093933,-0.0012531951069831848,-0.022534042596817017,-0.031257398426532745,-0.05362290143966675,0.0960635393857956,False,True,True,True,True,False
gaussian_medium,90,sdedit_t3,3,0.07214422523975372,0.0791650265455246,0.36998721957206726,0.06123713403940201,0.06656623631715775,0.3742240071296692,0.10846875607967377,0.11480225622653961,0.16578835248947144,0.010907091200351715,0.012598790228366852,-0.004236787557601929,-0.036324530839920044,-0.035637229681015015,0.20419886708259583,False,False,True,True,True,False
gaussian_medium,91,sdedit_t3,3,0.07227825373411179,0.07944857329130173,0.17169694602489471,0.07062261551618576,0.08143483102321625,0.18131333589553833,0.07167880237102509,0.09203120321035385,0.08763167262077332,0.0016556382179260254,-0.0019862577319145203,-0.009616389870643616,0.0005994513630867004,-0.012582629919052124,0.0840652734041214,False,True,True,False,True,False
gaussian_medium,92,sdedit_t3,3,0.06151915714144707,0.06733758747577667,0.1682625412940979,0.06249571964144707,0.0675351470708847,0.18886736035346985,0.07958246767520905,0.09701431542634964,0.08285306394100189,-0.0009765625,-0.00019755959510803223,-0.020604819059371948,-0.018063310533761978,-0.029676727950572968,0.08540947735309601,True,True,True,True,True,False
gaussian_medium,93,sdedit_t3,3,0.07342013716697693,0.0818639025092125,0.20452649891376495,0.07992082089185715,0.08878232538700104,0.22813326120376587,0.09832006692886353,0.12360107898712158,0.10812805593013763,-0.0065006837248802185,-0.006918422877788544,-0.023606762290000916,-0.024899929761886597,-0.04173717647790909,0.09639844298362732,True,True,True,True,True,False
gaussian_medium,94,sdedit_t3,3,0.05423580855131149,0.06056508794426918,0.29892492294311523,0.06401105225086212,0.06877055019140244,0.30806803703308105,0.08276674896478653,0.10058315843343735,0.12202835083007812,-0.009775243699550629,-0.008205462247133255,-0.00914311408996582,-0.028530940413475037,-0.04001807048916817,0.1768965721130371,True,True,True,True,True,False
gaussian_medium,95,sdedit_t3,3,0.06181013584136963,0.07101551443338394,0.17634373903274536,0.06344695389270782,0.07464179396629333,0.1804322600364685,0.047720767557621,0.054087039083242416,0.07158920913934708,-0.0016368180513381958,-0.0036262795329093933,-0.0040885210037231445,0.014089368283748627,0.016928475350141525,0.10475452989339828,True,True,True,False,False,False
gaussian_medium,96,sdedit_t3,3,0.05666646361351013,0.06154867634177208,0.15670248866081238,0.05727323889732361,0.06087341159582138,0.17227008938789368,0.0910559743642807,0.10789001733064651,0.08745640516281128,-0.0006067752838134766,0.0006752647459506989,-0.015567600727081299,-0.03438951075077057,-0.046341340988874435,0.0692460834980011,True,False,True,True,True,False
gaussian_medium,97,sdedit_t3,3,0.05278510972857475,0.0645928606390953,0.1381431370973587,0.05725973844528198,0.06536348164081573,0.1539067029953003,0.06028691679239273,0.07081550359725952,0.07782384753227234,-0.00447462871670723,-0.0007706210017204285,-0.01576356589794159,-0.007501807063817978,-0.006222642958164215,0.060319289565086365,True,True,True,True,True,False
gaussian_medium,98,sdedit_t3,3,0.07246096432209015,0.08075949549674988,0.13748615980148315,0.06984086334705353,0.07839515805244446,0.15195311605930328,0.1150994673371315,0.1282658576965332,0.10190113633871078,0.002620100975036621,0.00236433744430542,-0.01446695625782013,-0.04263850301504135,-0.047506362199783325,0.03558502346277237,False,False,True,True,True,False
gaussian_medium,99,sdedit_t3,3,0.060643695294857025,0.06843408197164536,0.20637066662311554,0.05965913087129593,0.06772168725728989,0.2174004316329956,0.1352998912334442,0.1512903869152069,0.12771987915039062,0.0009845644235610962,0.0007123947143554688,-0.011029765009880066,-0.07465619593858719,-0.08285630494356155,0.07865078747272491,False,False,True,True,True,False
gaussian_medium,100,sdedit_t3,3,0.06991933286190033,0.07814124971628189,0.5469793677330017,0.061298519372940063,0.06865006685256958,0.559107780456543,0.09492410719394684,0.12343281507492065,0.2001308798789978,0.008620813488960266,0.00949118286371231,-0.01212841272354126,-0.02500477433204651,-0.04529156535863876,0.3468484878540039,False,False,True,True,True,False
gaussian_medium,101,sdedit_t3,3,0.06699783354997635,0.0766800194978714,0.16424797475337982,0.07044897973537445,0.08044664561748505,0.1754961609840393,0.09754346311092377,0.10942552238702774,0.08715121448040009,-0.003451146185398102,-0.0037666261196136475,-0.011248186230659485,-0.030545629560947418,-0.03274550288915634,0.07709676027297974,True,True,True,True,True,False
gaussian_medium,102,sdedit_t3,3,0.05177893489599228,0.05770499259233475,0.1492813527584076,0.05523790046572685,0.06174482777714729,0.16772402822971344,0.10742755979299545,0.12047137320041656,0.08857806771993637,-0.0034589655697345734,-0.004039835184812546,-0.018442675471305847,-0.055648624897003174,-0.06276638060808182,0.06070328503847122,True,True,True,True,True,False
gaussian_medium,103,sdedit_t3,3,0.06491965800523758,0.07466805726289749,0.1609831154346466,0.05866476893424988,0.06853143125772476,0.16977395117282867,0.09124589711427689,0.10280701518058777,0.08718530088663101,0.006254889070987701,0.0061366260051727295,-0.008790835738182068,-0.026326239109039307,-0.028138957917690277,0.0737978145480156,False,False,True,True,True,False
gaussian_medium,104,sdedit_t3,3,0.06094130873680115,0.06745217740535736,0.14443814754486084,0.06275846064090729,0.07007301598787308,0.14963671565055847,0.05481211468577385,0.06105152145028114,0.06407978385686874,-0.0018171519041061401,-0.0026208385825157166,-0.005198568105697632,0.006129194051027298,0.006400655955076218,0.0803583636879921,True,True,True,False,False,False
gaussian_medium,105,sdedit_t3,3,0.06712216883897781,0.07988075166940689,0.1752975732088089,0.061939459294080734,0.07198608666658401,0.18103794753551483,0.044719260185956955,0.051559071987867355,0.07936803251504898,0.0051827095448970795,0.007894665002822876,-0.005740374326705933,0.02240290865302086,0.028321679681539536,0.09592954069375992,False,False,True,False,False,False
gaussian_medium,106,sdedit_t3,3,0.0634370669722557,0.07314210385084152,0.126817986369133,0.07259709388017654,0.08092089742422104,0.13709700107574463,0.12264351546764374,0.14158068597316742,0.09050361067056656,-0.009160026907920837,-0.007778793573379517,-0.010279014706611633,-0.05920644849538803,-0.0684385821223259,0.03631437569856644,True,True,True,True,True,False
gaussian_medium,107,sdedit_t3,3,0.0503503791987896,0.05355294421315193,0.22531859576702118,0.054060280323028564,0.05695231631398201,0.24029786884784698,0.06298675388097763,0.07301555573940277,0.09838788956403732,-0.003709901124238968,-0.003399372100830078,-0.014979273080825806,-0.012636374682188034,-0.01946261152625084,0.12693071365356445,True,True,True,True,True,False
gaussian_medium,108,sdedit_t3,3,0.0524926595389843,0.05990630388259888,0.43942752480506897,0.0605158731341362,0.06790958344936371,0.4471472501754761,0.0842946395277977,0.11307083815336227,0.1680309772491455,-0.008023213595151901,-0.008003279566764832,-0.0077197253704071045,-0.0318019799888134,-0.0531645342707634,0.27139654755592346,True,True,True,True,True,False
gaussian_medium,109,sdedit_t3,3,0.05397249013185501,0.0597117654979229,0.1447223275899887,0.05685434862971306,0.06278765201568604,0.16199812293052673,0.10577410459518433,0.11919612437486649,0.08583149313926697,-0.0028818584978580475,-0.003075886517763138,-0.017275795340538025,-0.051801614463329315,-0.05948435887694359,0.05889083445072174,True,True,True,True,True,False
gaussian_medium,110,sdedit_t3,3,0.0459873229265213,0.052729278802871704,0.4088100790977478,0.053803879767656326,0.06096247583627701,0.4171982407569885,0.08472300320863724,0.11249775439500809,0.15221010148525238,-0.007816556841135025,-0.008233197033405304,-0.008388161659240723,-0.038735680282115936,-0.05976847559213638,0.25659996271133423,True,True,True,True,True,False
gaussian_medium,111,sdedit_t3,3,0.0623885914683342,0.06700830906629562,0.14072832465171814,0.06834503263235092,0.07125105708837509,0.15973493456840515,0.0927303358912468,0.11808854341506958,0.08771612495183945,-0.005956441164016724,-0.004242748022079468,-0.01900660991668701,-0.030341744422912598,-0.051080234348773956,0.05301219969987869,True,True,True,True,True,False
gaussian_medium,112,sdedit_t3,3,0.057607512921094894,0.06412719190120697,0.12083203345537186,0.057756416499614716,0.06401196122169495,0.1373388171195984,0.08926673233509064,0.11149761825799942,0.07968626171350479,-0.00014890357851982117,0.00011523067951202393,-0.016506783664226532,-0.03165921941399574,-0.04737042635679245,0.041145771741867065,True,False,True,True,True,False
gaussian_medium,113,sdedit_t3,3,0.08034450560808182,0.09132920205593109,0.43411603569984436,0.07053997367620468,0.0780765563249588,0.44725003838539124,0.10411195456981659,0.12199509888887405,0.1704181730747223,0.009804531931877136,0.01325264573097229,-0.013134002685546875,-0.02376744896173477,-0.030665896832942963,0.26369786262512207,False,False,True,True,True,False
gaussian_medium,114,sdedit_t3,3,0.046523287892341614,0.054706934839487076,0.38986000418663025,0.05028399080038071,0.057803526520729065,0.40060532093048096,0.07708792388439178,0.09828725457191467,0.14565664529800415,-0.003760702908039093,-0.003096591681241989,-0.010745316743850708,-0.03056463599205017,-0.0435803197324276,0.2442033588886261,True,True,True,True,True,False
gaussian_medium,115,sdedit_t3,3,0.0704035758972168,0.07850245386362076,0.4834200143814087,0.069786436855793,0.07676728814840317,0.4905249774456024,0.11679557710886002,0.14621074497699738,0.17673762142658234,0.0006171390414237976,0.0017351657152175903,-0.007104963064193726,-0.04639200121164322,-0.06770829111337662,0.30668240785598755,False,False,True,True,True,False
gaussian_medium,116,sdedit_t3,3,0.08964130282402039,0.0967215821146965,0.18908531963825226,0.08216828107833862,0.08877268433570862,0.1972154825925827,0.06919886916875839,0.07904010266065598,0.0969761312007904,0.007473021745681763,0.007948897778987885,-0.008130162954330444,0.020442433655261993,0.017681479454040527,0.09210918843746185,False,False,True,False,False,False
gaussian_medium,117,sdedit_t3,3,0.04784413427114487,0.05470258370041847,0.1252444088459015,0.05175156146287918,0.057742949575185776,0.1293429434299469,0.03831713646650314,0.04369094595313072,0.05668577179312706,-0.003907427191734314,-0.0030403658747673035,-0.00409853458404541,0.009526997804641724,0.01101163774728775,0.06855863332748413,True,True,True,False,False,False
gaussian_medium,118,sdedit_t3,3,0.06053709238767624,0.066251240670681,0.14895552396774292,0.06253249943256378,0.0691952109336853,0.15853089094161987,0.10341504961252213,0.12015019357204437,0.08345627039670944,-0.0019954070448875427,-0.002943970263004303,-0.009575366973876953,-0.042877957224845886,-0.05389895290136337,0.06549925357103348,True,True,True,True,True,False
gaussian_medium,119,sdedit_t3,3,0.07010668516159058,0.07478894293308258,0.133587047457695,0.06780588626861572,0.07269803434610367,0.14165262877941132,0.06439428776502609,0.07090190798044205,0.07135967165231705,0.0023007988929748535,0.0020909085869789124,-0.008065581321716309,0.005712397396564484,0.0038870349526405334,0.06222737580537796,False,False,True,False,False,False
gaussian_medium,120,sdedit_t3,3,0.052503518760204315,0.05810064822435379,0.38800081610679626,0.059413619339466095,0.06552422046661377,0.4000716209411621,0.07857690006494522,0.09154228866100311,0.14875134825706482,-0.00691010057926178,-0.007423572242259979,-0.012070804834365845,-0.026073381304740906,-0.03344164043664932,0.23924946784973145,True,True,True,True,True,False
gaussian_medium,121,sdedit_t3,3,0.06219739839434624,0.06907132267951965,0.18894748389720917,0.06543900072574615,0.07137785851955414,0.19479991495609283,0.041555702686309814,0.051145587116479874,0.08577560633420944,-0.0032416023313999176,-0.002306535840034485,-0.005852431058883667,0.020641695708036423,0.01792573556303978,0.10317187756299973,True,True,True,False,False,False
gaussian_medium,122,sdedit_t3,3,0.06352290511131287,0.07012360543012619,0.5038518905639648,0.067314513027668,0.07474789768457413,0.5100261569023132,0.12390325218439102,0.13954085111618042,0.19669532775878906,-0.003791607916355133,-0.004624292254447937,-0.006174266338348389,-0.060380347073078156,-0.06941724568605423,0.3071565628051758,True,True,True,True,True,False
gaussian_medium,123,sdedit_t3,3,0.06914614886045456,0.0755435898900032,0.1616395264863968,0.06365425139665604,0.06980235129594803,0.17862099409103394,0.1108345240354538,0.13837650418281555,0.09484073519706726,0.005491897463798523,0.005741238594055176,-0.016981467604637146,-0.04168837517499924,-0.06283291429281235,0.06679879128932953,False,False,True,True,True,False
gaussian_medium,124,sdedit_t3,3,0.06209520250558853,0.07032407820224762,0.15938416123390198,0.07229502499103546,0.07947789877653122,0.17555390298366547,0.1535102128982544,0.18486125767230988,0.11638464033603668,-0.01019982248544693,-0.0091538205742836,-0.01616974174976349,-0.09141501039266586,-0.11453717947006226,0.042999520897865295,True,True,True,True,True,False
gaussian_medium,125,sdedit_t3,3,0.04816959798336029,0.056083209812641144,0.3066696524620056,0.0507008321583271,0.05799226090312004,0.3153918981552124,0.07737384736537933,0.09418966621160507,0.11674678325653076,-0.002531234174966812,-0.001909051090478897,-0.008722245693206787,-0.029204249382019043,-0.03810645639896393,0.18992286920547485,True,True,True,True,True,False
gaussian_medium,126,sdedit_t3,3,0.0655352845788002,0.0765867531299591,0.2770012319087982,0.0687909722328186,0.07765668630599976,0.29283303022384644,0.07590890675783157,0.09671558439731598,0.11917459964752197,-0.003255687654018402,-0.0010699331760406494,-0.015831798315048218,-0.010373622179031372,-0.020128831267356873,0.15782663226127625,True,True,True,True,True,False
gaussian_medium,127,sdedit_t3,3,0.05047287791967392,0.057659126818180084,0.1444026231765747,0.05025341361761093,0.0581631101667881,0.16333498060703278,0.08921194076538086,0.10469946265220642,0.07968658953905106,0.00021946430206298828,-0.000503983348608017,-0.01893235743045807,-0.03873906284570694,-0.04704033583402634,0.06471603363752365,False,True,True,True,True,False
gaussian_medium,128,sdedit_t3,3,0.07759751379489899,0.08537481725215912,0.1939334124326706,0.07547896355390549,0.08421705663204193,0.2059471160173416,0.13366277515888214,0.14393240213394165,0.1283629685640335,0.0021185502409934998,0.0011577606201171875,-0.01201370358467102,-0.056065261363983154,-0.05855758488178253,0.06557044386863708,False,False,True,True,True,False
gaussian_medium,129,sdedit_t3,3,0.04743961617350578,0.051146820187568665,0.2768453061580658,0.0584014467895031,0.0626315027475357,0.2846340537071228,0.0845702514052391,0.10369555652141571,0.10589858144521713,-0.010961830615997314,-0.011484682559967041,-0.007788747549057007,-0.03713063523173332,-0.052548736333847046,0.17094671726226807,True,True,True,True,True,False
gaussian_medium,130,sdedit_t3,3,0.0620686337351799,0.07277566194534302,0.23947829008102417,0.06082163378596306,0.06922893226146698,0.24782146513462067,0.07837707549333572,0.09628422558307648,0.0981823056936264,0.0012469999492168427,0.0035467296838760376,-0.008343175053596497,-0.016308441758155823,-0.02350856363773346,0.14129598438739777,False,False,True,True,True,False
gaussian_medium,131,sdedit_t3,3,0.061649762094020844,0.06731555610895157,0.349216103553772,0.0703960657119751,0.07499675452709198,0.3548932671546936,0.09656856209039688,0.11531996726989746,0.13231748342514038,-0.008746303617954254,-0.007681198418140411,-0.005677163600921631,-0.03491879999637604,-0.04800441116094589,0.2168986201286316,True,True,True,True,True,False
gaussian_medium,132,sdedit_t3,3,0.05466669052839279,0.05916988104581833,0.1387583613395691,0.057657770812511444,0.0630909726023674,0.14972493052482605,0.05540088564157486,0.06369918584823608,0.06872966885566711,-0.0029910802841186523,-0.003921091556549072,-0.010966569185256958,-0.0007341951131820679,-0.004529304802417755,0.07002869248390198,True,True,True,True,True,False
gaussian_medium,133,sdedit_t3,3,0.07630567252635956,0.08697792887687683,0.1569541096687317,0.07890082895755768,0.08592783659696579,0.17625902593135834,0.091493621468544,0.10401055961847305,0.08613310754299164,-0.00259515643119812,0.0010500922799110413,-0.019304916262626648,-0.015187948942184448,-0.017032630741596222,0.07082100212574005,True,False,True,True,True,False
gaussian_medium,134,sdedit_t3,3,0.06491519510746002,0.0711757019162178,0.17352138459682465,0.06966028362512589,0.07659758627414703,0.18685060739517212,0.08807655423879623,0.11113647371530533,0.09065839648246765,-0.004745088517665863,-0.00542188435792923,-0.013329222798347473,-0.023161359131336212,-0.039960771799087524,0.082862988114357,True,True,True,True,True,False
gaussian_medium,135,sdedit_t3,3,0.06824779510498047,0.0773625373840332,0.18787740170955658,0.06959477066993713,0.07729489356279373,0.1987147331237793,0.11236073821783066,0.13847272098064423,0.10575899481773376,-0.001346975564956665,6.764382123947144e-05,-0.010837331414222717,-0.04411294311285019,-0.06111018359661102,0.08211840689182281,True,False,True,True,True,False
gaussian_medium,136,sdedit_t3,3,0.08617906272411346,0.09697049856185913,0.19653864204883575,0.07904346287250519,0.08483950793743134,0.20913536846637726,0.0999903678894043,0.1170007660984993,0.11569443345069885,0.007135599851608276,0.012130990624427795,-0.012596726417541504,-0.013811305165290833,-0.020030267536640167,0.0808442085981369,False,False,True,True,True,False
gaussian_medium,137,sdedit_t3,3,0.06418769061565399,0.07060776650905609,0.13291242718696594,0.06061019375920296,0.0663548931479454,0.13794785737991333,0.06587661802768707,0.0733184665441513,0.057983994483947754,0.0035774968564510345,0.004252873361110687,-0.005035430192947388,-0.001688927412033081,-0.002710700035095215,0.07492843270301819,False,False,True,True,True,False
gaussian_medium,138,sdedit_t3,3,0.07062002271413803,0.07698096334934235,0.18190568685531616,0.07277632504701614,0.07930939644575119,0.20100384950637817,0.10961546003818512,0.12978191673755646,0.10056919604539871,-0.002156302332878113,-0.002328433096408844,-0.01909816265106201,-0.03899543732404709,-0.05280095338821411,0.08133649080991745,True,True,True,True,True,False
gaussian_medium,139,sdedit_t3,3,0.05883659049868584,0.06303337961435318,0.1474776566028595,0.05832662433385849,0.06483396142721176,0.1707523912191391,0.1312113106250763,0.15030963718891144,0.10507964342832565,0.0005099661648273468,-0.0018005818128585815,-0.023274734616279602,-0.07237471640110016,-0.08727625757455826,0.042398013174533844,False,True,True,True,True,False
gaussian_medium,140,sdedit_t3,3,0.06126694008708,0.06725054234266281,0.3899012506008148,0.06620535999536514,0.07372128963470459,0.39643633365631104,0.08207020163536072,0.094312384724617,0.14707915484905243,-0.004938419908285141,-0.0064707472920417786,-0.006535083055496216,-0.020803261548280716,-0.027061842381954193,0.2428220957517624,True,True,True,True,True,False
gaussian_medium,141,sdedit_t3,3,0.06556166708469391,0.07158222794532776,0.16095265746116638,0.07058821618556976,0.07576961815357208,0.16859117150306702,0.06886309385299683,0.07401607185602188,0.07892601191997528,-0.0050265491008758545,-0.004187390208244324,-0.007638514041900635,-0.0033014267683029175,-0.0024338439106941223,0.0820266455411911,True,True,True,True,True,False
gaussian_medium,142,sdedit_t3,3,0.0533418133854866,0.0618865042924881,0.32702305912971497,0.053529269993305206,0.06264203041791916,0.3380206823348999,0.06528003513813019,0.07548685371875763,0.12546157836914062,-0.00018745660781860352,-0.0007555261254310608,-0.010997623205184937,-0.011938221752643585,-0.013600349426269531,0.20156148076057434,True,True,True,True,True,False
gaussian_medium,143,sdedit_t3,3,0.05551028996706009,0.05955756455659866,0.38832181692123413,0.06082773953676224,0.06577008217573166,0.39537718892097473,0.05920374393463135,0.06757593899965286,0.1394093930721283,-0.0053174495697021484,-0.006212517619132996,-0.007055371999740601,-0.0036934539675712585,-0.0080183744430542,0.24891242384910583,True,True,True,True,True,False
gaussian_medium,144,sdedit_t3,3,0.05589500069618225,0.06309996545314789,0.1550927311182022,0.058723390102386475,0.06540987640619278,0.16571247577667236,0.07690069079399109,0.0877382755279541,0.0861901193857193,-0.0028283894062042236,-0.0023099109530448914,-0.010619744658470154,-0.021005690097808838,-0.024638310074806213,0.06890261173248291,True,True,True,True,True,False
gaussian_medium,145,sdedit_t3,3,0.07025686651468277,0.0753314197063446,0.4101935923099518,0.05548446252942085,0.06352952122688293,0.41859737038612366,0.08310166001319885,0.09842685610055923,0.14972013235092163,0.014772403985261917,0.01180189847946167,-0.008403778076171875,-0.012844793498516083,-0.02309543639421463,0.26047345995903015,False,False,True,True,True,False
gaussian_medium,146,sdedit_t3,3,0.07941507548093796,0.08489897847175598,0.25938329100608826,0.07215584814548492,0.07738816738128662,0.2740419805049896,0.08351430296897888,0.09310465306043625,0.11195879429578781,0.0072592273354530334,0.00751081109046936,-0.014658689498901367,-0.004099227488040924,-0.008205674588680267,0.14742448925971985,False,False,True,True,True,False
gaussian_medium,147,sdedit_t3,3,0.05388880521059036,0.05921168252825737,0.11172068119049072,0.058708298951387405,0.06445464491844177,0.1274281144142151,0.05841634422540665,0.06950921565294266,0.06968433409929276,-0.004819493740797043,-0.0052429623901844025,-0.015707433223724365,-0.004527539014816284,-0.010297533124685287,0.04203634709119797,True,True,True,True,True,False
gaussian_medium,148,sdedit_t3,3,0.08304447680711746,0.09098580479621887,0.20548440515995026,0.0760311409831047,0.08489557355642319,0.21771861612796783,0.08347165584564209,0.0928395614027977,0.0996411144733429,0.007013335824012756,0.006090231239795685,-0.012234210968017578,-0.0004271790385246277,-0.001853756606578827,0.10584329068660736,False,False,True,True,True,False
gaussian_medium,149,sdedit_t3,3,0.049379635602235794,0.05628867819905281,0.13520410656929016,0.05259985849261284,0.05873362720012665,0.1418168544769287,0.05002996325492859,0.059157051146030426,0.05983170494437218,-0.0032202228903770447,-0.0024449490010738373,-0.00661274790763855,-0.0006503276526927948,-0.0028683729469776154,0.07537239789962769,True,True,True,True,True,False
gaussian_medium,150,sdedit_t3,3,0.05983914062380791,0.0685834065079689,0.1773928701877594,0.06264053285121918,0.0715055987238884,0.20010407269001007,0.15172353386878967,0.18191339075565338,0.12546305358409882,-0.00280139222741127,-0.0029221922159194946,-0.02271120250225067,-0.09188438951969147,-0.11332998424768448,0.051929816603660583,True,True,True,True,True,False
gaussian_medium,151,sdedit_t3,3,0.05580884963274002,0.06474711745977402,0.12571629881858826,0.057472534477710724,0.06720471382141113,0.14393165707588196,0.10786683857440948,0.1319304257631302,0.09199569374322891,-0.0016636848449707031,-0.0024575963616371155,-0.0182153582572937,-0.052057988941669464,-0.06718330830335617,0.033720605075359344,True,True,True,True,True,False
gaussian_medium,152,sdedit_t3,3,0.0675402581691742,0.07724902033805847,0.12942464649677277,0.06613504141569138,0.07512471824884415,0.13452142477035522,0.05814840644598007,0.06522561609745026,0.06451665610074997,0.0014052167534828186,0.002124302089214325,-0.0050967782735824585,0.009391851723194122,0.012023404240608215,0.0649079903960228,False,False,True,False,False,False
gaussian_medium,153,sdedit_t3,3,0.05302348732948303,0.06026269495487213,0.19500043988227844,0.05708067864179611,0.06577662378549576,0.21622365713119507,0.06242305040359497,0.0812191292643547,0.09130758792161942,-0.00405719131231308,-0.005513928830623627,-0.021223217248916626,-0.009399563074111938,-0.020956434309482574,0.10369285196065903,True,True,True,True,True,False
gaussian_medium,154,sdedit_t3,3,0.06371612846851349,0.07098256796598434,0.15882790088653564,0.06078441068530083,0.06879449635744095,0.1645355224609375,0.04803613945841789,0.054886940866708755,0.07084301859140396,0.0029317177832126617,0.002188071608543396,-0.0057076215744018555,0.015679989010095596,0.01609562709927559,0.08798488229513168,False,False,True,False,False,False
gaussian_medium,155,sdedit_t3,3,0.05608502775430679,0.06619025766849518,0.16899898648262024,0.06064096838235855,0.06965964287519455,0.18995732069015503,0.06586124002933502,0.08467772603034973,0.08616473525762558,-0.004555940628051758,-0.0034693852066993713,-0.02095833420753479,-0.009776212275028229,-0.018487468361854553,0.08283425122499466,True,True,True,True,True,False
gaussian_medium,156,sdedit_t3,3,0.040483374148607254,0.047532252967357635,0.1786385178565979,0.042232804000377655,0.05013908073306084,0.19494909048080444,0.17494122684001923,0.20635084807872772,0.14638684689998627,-0.001749429851770401,-0.0026068277657032013,-0.016310572624206543,-0.13445785641670227,-0.15881860256195068,0.03225167095661163,True,True,True,True,True,False
gaussian_medium,157,sdedit_t3,3,0.058684926480054855,0.06371083110570908,0.2046411782503128,0.06546349823474884,0.070937879383564,0.2262924313545227,0.16510574519634247,0.1910489946603775,0.15725503861904144,-0.006778571754693985,-0.007227048277854919,-0.0216512531042099,-0.10642081499099731,-0.12733817100524902,0.04738613963127136,True,True,True,True,True,False
gaussian_medium,158,sdedit_t3,3,0.060675591230392456,0.0699365884065628,0.18062682449817657,0.06597288697957993,0.07500369846820831,0.19826719164848328,0.0782218798995018,0.0920151099562645,0.0967440977692604,-0.0052972957491874695,-0.005067110061645508,-0.0176403671503067,-0.017546288669109344,-0.02207852154970169,0.08388272672891617,True,True,True,True,True,False
gaussian_medium,159,sdedit_t3,3,0.06798595190048218,0.07576897740364075,0.18740051984786987,0.07007939368486404,0.0786561518907547,0.20146112143993378,0.08392344415187836,0.10437065362930298,0.10287521034479141,-0.0020934417843818665,-0.0028871744871139526,-0.014060601592063904,-0.01593749225139618,-0.02860167622566223,0.08452530950307846,True,True,True,True,True,False
gaussian_medium,160,sdedit_t3,3,0.05856328457593918,0.06738517433404922,0.35490259528160095,0.06853477656841278,0.07594887167215347,0.37168172001838684,0.0766003429889679,0.08945849537849426,0.14112326502799988,-0.009971491992473602,-0.008563697338104248,-0.01677912473678589,-0.018037058413028717,-0.022073321044445038,0.21377933025360107,True,True,True,True,True,False
gaussian_medium,161,sdedit_t3,3,0.07769976556301117,0.0832890048623085,0.22137755155563354,0.08197537064552307,0.08844462782144547,0.23956158757209778,0.13029950857162476,0.1460462063550949,0.13670390844345093,-0.004275605082511902,-0.005155622959136963,-0.018184036016464233,-0.052599743008613586,-0.06275720149278641,0.08467364311218262,True,True,True,True,True,False
gaussian_medium,162,sdedit_t3,3,0.06214360147714615,0.06707362830638885,0.12136521935462952,0.06918779015541077,0.07355402410030365,0.1329507827758789,0.07062796503305435,0.07597562670707703,0.06529215723276138,-0.007044188678264618,-0.006480395793914795,-0.01158556342124939,-0.008484363555908203,-0.008901998400688171,0.056073062121868134,True,True,True,True,True,False
gaussian_medium,163,sdedit_t3,3,0.07277812063694,0.08030091971158981,0.16927973926067352,0.07299311459064484,0.08021188527345657,0.17686158418655396,0.08342839032411575,0.09476235508918762,0.08158702403306961,-0.00021499395370483398,8.903443813323975e-05,-0.007581844925880432,-0.01065026968717575,-0.014461435377597809,0.08769271522760391,True,False,True,True,True,False
gaussian_medium,164,sdedit_t3,3,0.06529464572668076,0.07452624291181564,0.15918585658073425,0.06470252573490143,0.07345385104417801,0.161900594830513,0.04289114475250244,0.049601905047893524,0.07137329131364822,0.0005921199917793274,0.0010723918676376343,-0.0027147382497787476,0.022403500974178314,0.02492433786392212,0.08781256526708603,False,False,True,False,False,False
gaussian_medium,165,sdedit_t3,3,0.06370092928409576,0.06930264085531235,0.32859644293785095,0.06595510989427567,0.07198909670114517,0.3393206298351288,0.09522255510091782,0.10660473257303238,0.12694883346557617,-0.002254180610179901,-0.0026864558458328247,-0.010724186897277832,-0.03152162581682205,-0.03730209171772003,0.20164760947227478,True,True,True,True,True,False
gaussian_medium,166,sdedit_t3,3,0.06914565712213516,0.07430501282215118,0.18604153394699097,0.07392732799053192,0.07966499030590057,0.19033850729465485,0.05914716050028801,0.06578616797924042,0.07679083943367004,-0.004781670868396759,-0.00535997748374939,-0.004296973347663879,0.009998496621847153,0.008518844842910767,0.10925069451332092,True,True,True,False,False,False
gaussian_medium,167,sdedit_t3,3,0.05902964621782303,0.06300006061792374,0.3592606782913208,0.062389664351940155,0.06881745159626007,0.36570456624031067,0.10103826224803925,0.11792919784784317,0.14545971155166626,-0.0033600181341171265,-0.005817390978336334,-0.006443887948989868,-0.04200861603021622,-0.054929137229919434,0.21380096673965454,True,True,True,True,True,False
gaussian_medium,168,sdedit_t3,3,0.06270023435354233,0.06518102437257767,0.2168990671634674,0.0670127123594284,0.06993038207292557,0.23195475339889526,0.12790021300315857,0.14336130023002625,0.13746732473373413,-0.004312478005886078,-0.0047493577003479,-0.015055686235427856,-0.06519997864961624,-0.07818027585744858,0.07943174242973328,True,True,True,True,True,False
gaussian_medium,169,sdedit_t3,3,0.0500313825905323,0.05650438740849495,0.1298348754644394,0.0525335893034935,0.060238223522901535,0.14226745069026947,0.07337288558483124,0.08452188223600388,0.08507054299116135,-0.002502206712961197,-0.0037338361144065857,-0.012432575225830078,-0.023341502994298935,-0.028017494827508926,0.044764332473278046,True,True,True,True,True,False
gaussian_medium,170,sdedit_t3,3,0.0636238306760788,0.07000008970499039,0.16290445625782013,0.07352592051029205,0.07853599637746811,0.18820954859256744,0.10968039929866791,0.1344609409570694,0.10515481978654861,-0.009902089834213257,-0.008535906672477722,-0.025305092334747314,-0.04605656862258911,-0.06446085125207901,0.057749636471271515,True,True,True,True,True,False
gaussian_medium,171,sdedit_t3,3,0.05586358159780502,0.06446027755737305,0.2594968378543854,0.06817080080509186,0.07312192022800446,0.28808867931365967,0.1472957283258438,0.17791594564914703,0.17559106647968292,-0.012307219207286835,-0.008661642670631409,-0.028591841459274292,-0.09143214672803879,-0.11345566809177399,0.08390577137470245,True,True,True,True,True,False
gaussian_medium,172,sdedit_t3,3,0.06588471680879593,0.07594119757413864,0.45710209012031555,0.06448812782764435,0.07626660913228989,0.46265363693237305,0.10009143501520157,0.12162172794342041,0.1654270589351654,0.0013965889811515808,-0.0003254115581512451,-0.005551546812057495,-0.03420671820640564,-0.04568053036928177,0.29167503118515015,False,True,True,True,True,False
gaussian_medium,173,sdedit_t3,3,0.05364946275949478,0.060026027262210846,0.14119455218315125,0.05530258268117905,0.06165451183915138,0.1512354016304016,0.06964030861854553,0.07949018478393555,0.07270883023738861,-0.0016531199216842651,-0.0016284845769405365,-0.010040849447250366,-0.01599084585905075,-0.0194641575217247,0.06848572194576263,True,True,True,True,True,False
gaussian_medium,174,sdedit_t3,3,0.06033633276820183,0.06770797073841095,0.17255103588104248,0.0680345892906189,0.0744103267788887,0.18603399395942688,0.07327752560377121,0.08283641189336777,0.0887870192527771,-0.0076982565224170685,-0.006702356040477753,-0.0134829580783844,-0.012941192835569382,-0.015128441154956818,0.08376401662826538,True,True,True,True,True,False
gaussian_medium,175,sdedit_t3,3,0.06839926540851593,0.07428816705942154,0.1586749255657196,0.06515919417142868,0.07146646827459335,0.1660345196723938,0.053175777196884155,0.05921982601284981,0.06814516335725784,0.0032400712370872498,0.002821698784828186,-0.007359594106674194,0.015223488211631775,0.015068341046571732,0.09052976220846176,False,False,True,False,False,False
gaussian_medium,176,sdedit_t3,3,0.058671362698078156,0.06505656242370605,0.13527126610279083,0.06126191094517708,0.06611419469118118,0.15007564425468445,0.06568118929862976,0.07773258537054062,0.06785482913255692,-0.0025905482470989227,-0.0010576322674751282,-0.014804378151893616,-0.007009826600551605,-0.012676022946834564,0.06741643697023392,True,True,True,True,True,False
gaussian_medium,177,sdedit_t3,3,0.0687774047255516,0.07508688420057297,0.19831682741641998,0.06333308666944504,0.070398710668087,0.2138184905052185,0.1408078670501709,0.1670147031545639,0.15372470021247864,0.005444318056106567,0.004688173532485962,-0.015501663088798523,-0.0720304623246193,-0.09192781895399094,0.044592127203941345,False,False,True,True,True,False
gaussian_medium,178,sdedit_t3,3,0.07554758340120316,0.08235868066549301,0.15416830778121948,0.06996317207813263,0.07744736969470978,0.161967933177948,0.046490415930747986,0.05391748622059822,0.07179262489080429,0.005584411323070526,0.004911310970783234,-0.007799625396728516,0.02905716747045517,0.02844119444489479,0.08237568289041519,False,False,True,False,False,False
gaussian_medium,179,sdedit_t3,3,0.057108111679553986,0.06344109773635864,0.13921970129013062,0.05731259658932686,0.0641988217830658,0.15365171432495117,0.072493776679039,0.08204653859138489,0.07331296801567078,-0.00020448490977287292,-0.0007577240467071533,-0.014432013034820557,-0.015385664999485016,-0.018605440855026245,0.06590673327445984,True,True,True,True,True,False
gaussian_medium,180,sdedit_t3,3,0.0769219771027565,0.08364961296319962,0.43510428071022034,0.07600606232881546,0.08060850948095322,0.4445343017578125,0.07086141407489777,0.07507897168397903,0.16434627771377563,0.00091591477394104,0.003041103482246399,-0.009430021047592163,0.006060563027858734,0.008570641279220581,0.2707580029964447,False,False,True,False,False,False
gaussian_medium,181,sdedit_t3,3,0.06713345646858215,0.07529819756746292,0.18308909237384796,0.06523136049509048,0.07312249392271042,0.1865866482257843,0.049447350203990936,0.053724464029073715,0.07702918350696564,0.0019020959734916687,0.0021757036447525024,-0.0034975558519363403,0.017686106264591217,0.021573733538389206,0.10605990886688232,False,False,True,False,False,False
gaussian_medium,182,sdedit_t3,3,0.06629297882318497,0.07435060292482376,0.14843927323818207,0.05938028544187546,0.06872458010911942,0.16368362307548523,0.08985914289951324,0.10194089263677597,0.08430428057909012,0.006912693381309509,0.005626022815704346,-0.015244349837303162,-0.023566164076328278,-0.02759028971195221,0.06413499265909195,False,False,True,True,True,False
gaussian_medium,183,sdedit_t3,3,0.09028224647045135,0.10433311760425568,0.18341827392578125,0.07407162338495255,0.08220779895782471,0.20291300117969513,0.10836652666330338,0.12256398051977158,0.11015557497739792,0.01621062308549881,0.02212531864643097,-0.01949472725391388,-0.01808428019285202,-0.0182308629155159,0.07326269894838333,False,False,True,True,True,False
gaussian_medium,184,sdedit_t3,3,0.07028837502002716,0.0764910951256752,0.18793731927871704,0.0715017318725586,0.07698065042495728,0.20576082170009613,0.12253649532794952,0.13636323809623718,0.11853645741939545,-0.001213356852531433,-0.000489555299282074,-0.01782350242137909,-0.05224812030792236,-0.05987214297056198,0.0694008618593216,True,True,True,True,True,False
gaussian_medium,185,sdedit_t3,3,0.05659954622387886,0.06393291801214218,0.161210834980011,0.060521721839904785,0.06720143556594849,0.17453165352344513,0.08835574984550476,0.10710819065570831,0.08491603285074234,-0.003922175616025925,-0.003268517553806305,-0.013320818543434143,-0.0317562036216259,-0.04317527264356613,0.07629480212926865,True,True,True,True,True,False
gaussian_medium,186,sdedit_t3,3,0.0579305998980999,0.06897024810314178,0.17214128375053406,0.06369609385728836,0.07375574856996536,0.19404500722885132,0.12061731517314911,0.14114060997962952,0.11078953742980957,-0.005765493959188461,-0.004785500466823578,-0.02190372347831726,-0.06268671154975891,-0.07217036187648773,0.06135174632072449,True,True,True,True,True,False
gaussian_medium,187,sdedit_t3,3,0.06337911635637283,0.069567009806633,0.1741839051246643,0.06392177939414978,0.07138048857450485,0.18108953535556793,0.0539214126765728,0.06085115298628807,0.07312317192554474,-0.000542663037776947,-0.0018134787678718567,-0.0069056302309036255,0.009457703679800034,0.008715856820344925,0.10106073319911957,True,True,True,False,False,False
gaussian_medium,188,sdedit_t3,3,0.0584234781563282,0.06652560085058212,0.494157999753952,0.0653810128569603,0.07349348813295364,0.5054105520248413,0.11652535200119019,0.13892251253128052,0.1874568611383438,-0.006957534700632095,-0.006967887282371521,-0.011252552270889282,-0.058101873844861984,-0.0723969116806984,0.306701123714447,True,True,True,True,True,False
gaussian_medium,189,sdedit_t3,3,0.06683392822742462,0.0813622921705246,0.17098969221115112,0.06656162440776825,0.07813990861177444,0.1824268102645874,0.0714629739522934,0.08310659974813461,0.0816706195473671,0.00027230381965637207,0.0032223835587501526,-0.01143711805343628,-0.004629045724868774,-0.0017443075776100159,0.08931907266378403,False,False,True,True,True,False
gaussian_medium,190,sdedit_t3,3,0.06732818484306335,0.07931607961654663,0.1912764459848404,0.06759876757860184,0.07977614551782608,0.19870619475841522,0.06279304623603821,0.07267977297306061,0.08157430589199066,-0.00027058273553848267,-0.00046006590127944946,-0.007429748773574829,0.0045351386070251465,0.006636306643486023,0.10970214009284973,True,True,True,False,False,False
gaussian_medium,191,sdedit_t3,3,0.0545949824154377,0.061561066657304764,0.4648042917251587,0.06463374197483063,0.07102222740650177,0.4700911343097687,0.09532114118337631,0.10731906443834305,0.17522448301315308,-0.010038759559392929,-0.009461160749197006,-0.005286842584609985,-0.040726158767938614,-0.045757997781038284,0.2895798087120056,True,True,True,True,True,False
gaussian_medium,192,sdedit_t3,3,0.05779821425676346,0.06923621892929077,0.1647227257490158,0.05859602615237236,0.07080045342445374,0.17156200110912323,0.0415554903447628,0.04991080239415169,0.0760929137468338,-0.000797811895608902,-0.0015642344951629639,-0.006839275360107422,0.016242723912000656,0.019325416535139084,0.088629812002182,True,True,True,False,False,False
gaussian_medium,193,sdedit_t3,3,0.07222705334424973,0.08032216131687164,0.1852167248725891,0.0729748010635376,0.08026672899723053,0.1986209750175476,0.09515133500099182,0.11330163478851318,0.09623470902442932,-0.0007477477192878723,5.543231964111328e-05,-0.013404250144958496,-0.022924281656742096,-0.03297947347164154,0.08898201584815979,True,False,True,True,True,False
gaussian_medium,194,sdedit_t3,3,0.06120485067367554,0.06666857749223709,0.1595621258020401,0.06374062597751617,0.06858031451702118,0.16883911192417145,0.04568194970488548,0.0542171411216259,0.07765866070985794,-0.002535775303840637,-0.0019117370247840881,-0.009276986122131348,0.015522900968790054,0.01245143637061119,0.08190346509218216,True,True,True,False,False,False
gaussian_medium,195,sdedit_t3,3,0.04536008834838867,0.052796024829149246,0.14981570839881897,0.054165881127119064,0.06234164908528328,0.17377689480781555,0.08288542926311493,0.10209956020116806,0.07802359014749527,-0.008805792778730392,-0.009545624256134033,-0.023961186408996582,-0.03752534091472626,-0.049303535372018814,0.0717921182513237,True,True,True,True,True,False
gaussian_medium,196,sdedit_t3,3,0.07408206909894943,0.0825219377875328,0.1844962239265442,0.06728403270244598,0.07599834352731705,0.19580087065696716,0.07191333174705505,0.07989911735057831,0.0902511328458786,0.0067980363965034485,0.006523594260215759,-0.011304646730422974,0.0021687373518943787,0.0026228204369544983,0.09424509108066559,False,False,True,False,False,False
gaussian_medium,197,sdedit_t3,3,0.07305337488651276,0.08133232593536377,0.3235677182674408,0.08035345375537872,0.08750757575035095,0.3378902077674866,0.08338262885808945,0.09782598167657852,0.13645607233047485,-0.007300078868865967,-0.006175249814987183,-0.014322489500045776,-0.01032925397157669,-0.016493655741214752,0.18711164593696594,True,True,True,True,True,False
gaussian_medium,198,sdedit_t3,3,0.056633125990629196,0.0648021325469017,0.12856043875217438,0.05049503594636917,0.060940880328416824,0.14358703792095184,0.09945684671401978,0.1142820343375206,0.09235890209674835,0.006138090044260025,0.0038612522184848785,-0.015026599168777466,-0.04282372072339058,-0.049479901790618896,0.036201536655426025,False,False,True,True,True,False
gaussian_medium,199,sdedit_t3,3,0.06295128166675568,0.06922225654125214,0.4126303195953369,0.06212310865521431,0.06970205903053284,0.4190860390663147,0.07930950820446014,0.09314601123332977,0.16219818592071533,0.0008281730115413666,-0.0004798024892807007,-0.006455719470977783,-0.016358226537704468,-0.023923754692077637,0.2504321336746216,False,True,True,True,True,False
gaussian_medium,0,sdedit_t5,5,0.04590187594294548,0.05094879865646362,0.23067982494831085,0.05268967151641846,0.057725291699171066,0.25759485363960266,0.12529787421226501,0.14517368376255035,0.15431571006774902,-0.006787795573472977,-0.006776493042707443,-0.02691502869129181,-0.07939599454402924,-0.09422488510608673,0.07636411488056183,True,True,True,True,True,False
gaussian_medium,1,sdedit_t5,5,0.06246691942214966,0.07108290493488312,0.17623013257980347,0.06313766539096832,0.07085802406072617,0.21430154144763947,0.0972161591053009,0.10865356028079987,0.10967317223548889,-0.0006707459688186646,0.0002248808741569519,-0.038071408867836,-0.034749239683151245,-0.03757065534591675,0.06655696034431458,True,False,True,True,True,False
gaussian_medium,2,sdedit_t5,5,0.0371747687458992,0.041936639696359634,0.4744759798049927,0.051779210567474365,0.05571683496236801,0.4836506247520447,0.09375806152820587,0.11739296466112137,0.1759970486164093,-0.014604441821575165,-0.013780195266008377,-0.009174644947052002,-0.05658329278230667,-0.07545632123947144,0.2984789311885834,True,True,True,True,True,False
gaussian_medium,3,sdedit_t5,5,0.05284087732434273,0.061013005673885345,0.13486991822719574,0.05588671565055847,0.061272185295820236,0.15313297510147095,0.07630807906389236,0.10413453727960587,0.08461419492959976,-0.003045838326215744,-0.00025917962193489075,-0.018263056874275208,-0.023467201739549637,-0.04312153160572052,0.05025572329759598,True,True,True,True,True,False
gaussian_medium,4,sdedit_t5,5,0.051716458052396774,0.05740442872047424,0.13216090202331543,0.05658530071377754,0.06404129415750504,0.1726716309785843,0.05667905882000923,0.07265491038560867,0.0768871083855629,-0.004868842661380768,-0.006636865437030792,-0.04051072895526886,-0.004962600767612457,-0.01525048166513443,0.05527379363775253,True,True,True,True,True,False
gaussian_medium,5,sdedit_t5,5,0.0566369965672493,0.06340308487415314,0.1363670825958252,0.06796588748693466,0.07432424277067184,0.16809971630573273,0.12682223320007324,0.15358968079090118,0.09472231566905975,-0.011328890919685364,-0.010921157896518707,-0.03173263370990753,-0.07018523663282394,-0.09018659591674805,0.04164476692676544,True,True,True,True,True,False
gaussian_medium,6,sdedit_t5,5,0.044622018933296204,0.05171239376068115,0.4598487615585327,0.056925155222415924,0.06360159814357758,0.46997445821762085,0.11094464361667633,0.1248965859413147,0.17236582934856415,-0.01230313628911972,-0.011889204382896423,-0.010125696659088135,-0.06632262468338013,-0.07318419218063354,0.2874829173088074,True,True,True,True,True,False
gaussian_medium,7,sdedit_t5,5,0.07647757977247238,0.08481458574533463,0.2304719090461731,0.06172262877225876,0.07102378457784653,0.2411469668149948,0.07777988165616989,0.09143956750631332,0.09678444266319275,0.014754951000213623,0.013790801167488098,-0.010675057768821716,-0.0013023018836975098,-0.006624981760978699,0.13368746638298035,False,False,True,True,True,False
gaussian_medium,8,sdedit_t5,5,0.0513276681303978,0.059482142329216,0.16876134276390076,0.06060759350657463,0.0739072784781456,0.19851376116275787,0.13667991757392883,0.1608559936285019,0.12941202521324158,-0.009279925376176834,-0.014425136148929596,-0.029752418398857117,-0.08535224944353104,-0.10137385129928589,0.03934931755065918,True,True,True,True,True,False
gaussian_medium,9,sdedit_t5,5,0.06263840943574905,0.06635554134845734,0.19403967261314392,0.0659550279378891,0.07036367803812027,0.19999346137046814,0.05514400452375412,0.061181992292404175,0.08773085474967957,-0.003316618502140045,-0.004008136689662933,-0.005953788757324219,0.007494404911994934,0.005173549056053162,0.10630881786346436,True,True,True,False,False,False
gaussian_medium,10,sdedit_t5,5,0.06023257225751877,0.07362453639507294,0.13587906956672668,0.05687336251139641,0.06923065334558487,0.16831055283546448,0.07535805553197861,0.1050732284784317,0.0868905708193779,0.0033592097461223602,0.004393883049488068,-0.03243148326873779,-0.015125483274459839,-0.031448692083358765,0.048988498747348785,False,False,True,True,True,False
gaussian_medium,11,sdedit_t5,5,0.07014874368906021,0.08587587624788284,0.47892698645591736,0.06904856115579605,0.08011011779308319,0.4834783971309662,0.1125505343079567,0.1267641931772232,0.1888846904039383,0.0011001825332641602,0.005765758454799652,-0.004551410675048828,-0.042401790618896484,-0.04088831692934036,0.29004228115081787,False,False,True,True,True,False
gaussian_medium,12,sdedit_t5,5,0.061444561928510666,0.0703727975487709,0.4397777318954468,0.06322519481182098,0.07269512861967087,0.44773557782173157,0.0953829437494278,0.10913003236055374,0.16458579897880554,-0.001780632883310318,-0.0023223310708999634,-0.00795784592628479,-0.03393838182091713,-0.03875723481178284,0.27519193291664124,True,True,True,True,True,False
gaussian_medium,13,sdedit_t5,5,0.06766720116138458,0.07559692114591599,0.15960881114006042,0.07754329591989517,0.08461974561214447,0.1705045998096466,0.06686224043369293,0.07405371218919754,0.0764070525765419,-0.00987609475851059,-0.009022824466228485,-0.010895788669586182,0.0008049607276916504,0.0015432089567184448,0.08320175856351852,True,True,True,False,False,False
gaussian_medium,14,sdedit_t5,5,0.07635296136140823,0.08204252272844315,0.1486911028623581,0.0635475218296051,0.07099167257547379,0.17696505784988403,0.12212444841861725,0.13505029678344727,0.11139941215515137,0.012805439531803131,0.01105085015296936,-0.02827395498752594,-0.045771487057209015,-0.05300777405500412,0.037291690707206726,False,False,True,True,True,False
gaussian_medium,15,sdedit_t5,5,0.05324089527130127,0.0597325898706913,0.16131220757961273,0.06149406358599663,0.06745760887861252,0.19606755673885345,0.11168408393859863,0.12970519065856934,0.1057356670498848,-0.008253168314695358,-0.007725019007921219,-0.03475534915924072,-0.05844318866729736,-0.06997260451316833,0.055576540529727936,True,True,True,True,True,False
gaussian_medium,16,sdedit_t5,5,0.045008741319179535,0.054734062403440475,0.15752622485160828,0.0525021068751812,0.06145070493221283,0.18295051157474518,0.05643541365861893,0.07842373102903366,0.0731649100780487,-0.007493365556001663,-0.006716642528772354,-0.025424286723136902,-0.011426672339439392,-0.023689668625593185,0.08436131477355957,True,True,True,True,True,False
gaussian_medium,17,sdedit_t5,5,0.11052441596984863,0.11843811720609665,0.1716514676809311,0.06533661484718323,0.06932801753282547,0.1858934462070465,0.06839462369680405,0.07974874973297119,0.09814289212226868,0.045187801122665405,0.04911009967327118,-0.014241978526115417,0.042129792273044586,0.03868936747312546,0.07350857555866241,False,False,True,False,False,False
gaussian_medium,18,sdedit_t5,5,0.057534050196409225,0.061469390988349915,0.2147447168827057,0.06372842937707901,0.07014530897140503,0.24260497093200684,0.08144915848970413,0.09828464686870575,0.10069424659013748,-0.0061943791806697845,-0.008675917983055115,-0.027860254049301147,-0.023915108293294907,-0.036815255880355835,0.1140504702925682,True,True,True,True,True,False
gaussian_medium,19,sdedit_t5,5,0.10023287683725357,0.10511055588722229,0.5681319236755371,0.06326358020305634,0.07194865494966507,0.5803443789482117,0.10456264019012451,0.12385936826467514,0.20973414182662964,0.036969296634197235,0.03316190093755722,-0.01221245527267456,-0.004329763352870941,-0.01874881237745285,0.35839778184890747,False,False,True,True,True,False
gaussian_medium,20,sdedit_t5,5,0.059395067393779755,0.06618789583444595,0.12071026861667633,0.05830741673707962,0.06681666523218155,0.1485026627779007,0.09243113547563553,0.1133967712521553,0.0828932523727417,0.0010876506567001343,-0.0006287693977355957,-0.027792394161224365,-0.033036068081855774,-0.04720887541770935,0.03781701624393463,False,True,True,True,True,False
gaussian_medium,21,sdedit_t5,5,0.06546606868505478,0.0734528973698616,0.15242770314216614,0.06869306415319443,0.07604878395795822,0.17002573609352112,0.08594666421413422,0.09556233137845993,0.09044021368026733,-0.0032269954681396484,-0.0025958865880966187,-0.01759803295135498,-0.020480595529079437,-0.022109434008598328,0.061987489461898804,True,True,True,True,True,False
gaussian_medium,22,sdedit_t5,5,0.05638207122683525,0.06136506423354149,0.1623561978340149,0.06361999362707138,0.06911365687847137,0.1777394413948059,0.04468679428100586,0.05039234459400177,0.08038172125816345,-0.00723792240023613,-0.007748592644929886,-0.015383243560791016,0.011695276945829391,0.010972719639539719,0.08197447657585144,True,True,True,False,False,False
gaussian_medium,23,sdedit_t5,5,0.054806459695100784,0.060730431228876114,0.41318491101264954,0.0694975033402443,0.07637134194374084,0.43005678057670593,0.08421041071414948,0.0959165170788765,0.15948551893234253,-0.014691043645143509,-0.01564091071486473,-0.016871869564056396,-0.02940395101904869,-0.03518608585000038,0.253699392080307,True,True,True,True,True,False
gaussian_medium,24,sdedit_t5,5,0.06414389610290527,0.07062182575464249,0.14217522740364075,0.06091035529971123,0.06678153574466705,0.16263523697853088,0.05886750668287277,0.06911837309598923,0.06910611689090729,0.003233540803194046,0.0038402900099754333,-0.020460009574890137,0.005276389420032501,0.0015034526586532593,0.07306911051273346,False,False,True,False,False,False
gaussian_medium,25,sdedit_t5,5,0.059125639498233795,0.067835733294487,0.16729336977005005,0.06001255661249161,0.06595594435930252,0.18232184648513794,0.07961530238389969,0.09095113724470139,0.09747947007417679,-0.0008869171142578125,0.0018797889351844788,-0.01502847671508789,-0.020489662885665894,-0.023115403950214386,0.06981389969587326,True,False,True,True,True,False
gaussian_medium,26,sdedit_t5,5,0.0589006170630455,0.06890363991260529,0.13874036073684692,0.06416813284158707,0.07222946733236313,0.16826771199703217,0.08551899343729019,0.10191495716571808,0.07804542034864426,-0.005267515778541565,-0.003325827419757843,-0.02952735126018524,-0.02661837637424469,-0.03301131725311279,0.06069494038820267,True,True,True,True,True,False
gaussian_medium,27,sdedit_t5,5,0.0498451292514801,0.05810309946537018,0.15808042883872986,0.053119100630283356,0.06218366324901581,0.17524825036525726,0.06460846215486526,0.0801643431186676,0.0858115702867508,-0.003273971378803253,-0.00408056378364563,-0.017167821526527405,-0.014763332903385162,-0.022061243653297424,0.07226885855197906,True,True,True,True,True,False
gaussian_medium,28,sdedit_t5,5,0.04849083349108696,0.05463525652885437,0.29966846108436584,0.06145323067903519,0.06438960134983063,0.31665515899658203,0.08821259438991547,0.0985681563615799,0.11641392111778259,-0.012962397187948227,-0.009754344820976257,-0.016986697912216187,-0.039721760898828506,-0.043932899832725525,0.18325453996658325,True,True,True,True,True,False
gaussian_medium,29,sdedit_t5,5,0.03896961733698845,0.04346606880426407,0.1631176620721817,0.04525135084986687,0.049853064119815826,0.17828969657421112,0.045068658888339996,0.0563717782497406,0.07350710779428482,-0.006281733512878418,-0.006386995315551758,-0.015172034502029419,-0.006099041551351547,-0.012905709445476532,0.08961055427789688,True,True,True,True,True,False
gaussian_medium,30,sdedit_t5,5,0.055613357573747635,0.05801762640476227,0.14334172010421753,0.05629705265164375,0.06097611039876938,0.15503937005996704,0.03874734789133072,0.04543539509177208,0.07505912333726883,-0.0006836950778961182,-0.0029584839940071106,-0.011697649955749512,0.016866009682416916,0.012582231312990189,0.0682825967669487,True,True,True,False,False,False
gaussian_medium,31,sdedit_t5,5,0.05211854726076126,0.05902993306517601,0.14345644414424896,0.06441095471382141,0.0694565698504448,0.17235404253005981,0.0803450345993042,0.10264239460229874,0.08220918476581573,-0.01229240745306015,-0.010426636785268784,-0.028897598385810852,-0.028226487338542938,-0.043612461537122726,0.06124725937843323,True,True,True,True,True,False
gaussian_medium,32,sdedit_t5,5,0.04586475342512131,0.05178128555417061,0.12250726670026779,0.048632748425006866,0.05626371130347252,0.1344148814678192,0.03807102143764496,0.042552556842565536,0.05903628095984459,-0.002767994999885559,-0.00448242574930191,-0.011907614767551422,0.007793731987476349,0.009228728711605072,0.0634709894657135,True,True,True,False,False,False
gaussian_medium,33,sdedit_t5,5,0.047796137630939484,0.05326595529913902,0.38210251927375793,0.04978462681174278,0.0553671270608902,0.3969765901565552,0.0897296816110611,0.11102332919836044,0.14385737478733063,-0.001988489180803299,-0.002101171761751175,-0.014874070882797241,-0.04193354398012161,-0.05775737389922142,0.2382451444864273,True,True,True,True,True,False
gaussian_medium,34,sdedit_t5,5,0.06621047109365463,0.07177576422691345,0.15765206515789032,0.06210090592503548,0.0672195628285408,0.16616785526275635,0.05232954025268555,0.05817698314785957,0.07489174604415894,0.004109565168619156,0.00455620139837265,-0.008515790104866028,0.013880930840969086,0.013598781079053879,0.08276031911373138,False,False,True,False,False,False
gaussian_medium,35,sdedit_t5,5,0.06673478335142136,0.07486063241958618,0.1837558001279831,0.06946993619203568,0.07746315747499466,0.22422467172145844,0.14610914885997772,0.16376319527626038,0.1328599750995636,-0.002735152840614319,-0.002602525055408478,-0.04046887159347534,-0.07937436550855637,-0.0889025628566742,0.050895825028419495,True,True,True,True,True,False
gaussian_medium,36,sdedit_t5,5,0.06397248059511185,0.06846944242715836,0.10893446207046509,0.0519719198346138,0.05791193246841431,0.12539997696876526,0.06268937885761261,0.07699908316135406,0.0722174420952797,0.012000560760498047,0.010557509958744049,-0.01646551489830017,0.001283101737499237,-0.00852964073419571,0.036717019975185394,False,False,True,False,True,False
gaussian_medium,37,sdedit_t5,5,0.06113366410136223,0.06944438815116882,0.11968372762203217,0.054066289216279984,0.060988396406173706,0.12783241271972656,0.04616834223270416,0.05102914944291115,0.05837356299161911,0.007067374885082245,0.008455991744995117,-0.008148685097694397,0.014965321868658066,0.018415238708257675,0.061310164630413055,False,False,True,False,False,False
gaussian_medium,38,sdedit_t5,5,0.07032764703035355,0.0804128423333168,0.162775456905365,0.05767141655087471,0.06649630516767502,0.1928032487630844,0.112945057451725,0.13153612613677979,0.11281928420066833,0.012656230479478836,0.013916537165641785,-0.03002779185771942,-0.04261741042137146,-0.05112328380346298,0.049956172704696655,False,False,True,True,True,False
gaussian_medium,39,sdedit_t5,5,0.0567447654902935,0.06310801208019257,0.11286985874176025,0.058270812034606934,0.062285520136356354,0.14028388261795044,0.057680100202560425,0.07361862808465958,0.0632728636264801,-0.0015260465443134308,0.0008224919438362122,-0.027414023876190186,-0.000935334712266922,-0.01051061600446701,0.04959699511528015,True,False,True,True,True,False
gaussian_medium,40,sdedit_t5,5,0.049568064510822296,0.055753063410520554,0.12648358941078186,0.06381482630968094,0.07164228707551956,0.15788374841213226,0.10869055986404419,0.1263016313314438,0.09038344025611877,-0.014246761798858643,-0.015889223664999008,-0.0314001590013504,-0.05912249535322189,-0.07054856419563293,0.036100149154663086,True,True,True,True,True,False
gaussian_medium,41,sdedit_t5,5,0.03621522709727287,0.04056994989514351,0.20830954611301422,0.04674428701400757,0.05210253968834877,0.2257722020149231,0.055353861302137375,0.06928640604019165,0.0878952220082283,-0.010529059916734695,-0.011532589793205261,-0.017462655901908875,-0.019138634204864502,-0.02871645614504814,0.12041432410478592,True,True,True,True,True,False
gaussian_medium,42,sdedit_t5,5,0.07016255706548691,0.07947120070457458,0.17256677150726318,0.06890759617090225,0.07556033879518509,0.20640581846237183,0.1428239643573761,0.16340617835521698,0.13068650662899017,0.0012549608945846558,0.003910861909389496,-0.03383904695510864,-0.07266140729188919,-0.0839349776506424,0.04188026487827301,False,False,True,True,True,False
gaussian_medium,43,sdedit_t5,5,0.051723890006542206,0.06008453667163849,0.5082648396492004,0.05525180697441101,0.0630064457654953,0.5142030119895935,0.1017882451415062,0.11514029651880264,0.1861364245414734,-0.003527916967868805,-0.0029219090938568115,-0.005938172340393066,-0.05006435513496399,-0.055055759847164154,0.32212841510772705,True,True,True,True,True,False
gaussian_medium,44,sdedit_t5,5,0.07821165770292282,0.08548242598772049,0.15575887262821198,0.058719534426927567,0.06605015695095062,0.1930064558982849,0.08014661073684692,0.09082065522670746,0.0960921049118042,0.019492123275995255,0.019432269036769867,-0.03724758327007294,-0.0019349530339241028,-0.005338229238986969,0.059666767716407776,False,False,True,True,True,False
gaussian_medium,45,sdedit_t5,5,0.051291316747665405,0.056516360491514206,0.13375061750411987,0.05506425350904465,0.059542473405599594,0.1535624861717224,0.06537096202373505,0.07719239592552185,0.07987998425960541,-0.003772936761379242,-0.003026112914085388,-0.01981186866760254,-0.014079645276069641,-0.020676035434007645,0.053870633244514465,True,True,True,True,True,False
gaussian_medium,46,sdedit_t5,5,0.07025469094514847,0.07718779146671295,0.1996130645275116,0.06088675186038017,0.06547555327415466,0.21503746509552002,0.06731045246124268,0.08105403184890747,0.08457271009683609,0.009367939084768295,0.011712238192558289,-0.015424400568008423,0.0029442384839057922,-0.003866240382194519,0.1150403544306755,False,False,True,False,True,False
gaussian_medium,47,sdedit_t5,5,0.06556253880262375,0.07954002916812897,0.11307334899902344,0.05681475251913071,0.06625670194625854,0.14031903445720673,0.08783204853534698,0.10454528778791428,0.06935080885887146,0.008747786283493042,0.013283327221870422,-0.02724568545818329,-0.022269509732723236,-0.02500525861978531,0.04372254014015198,False,False,True,True,True,False
gaussian_medium,48,sdedit_t5,5,0.0526670441031456,0.0603821836411953,0.303712397813797,0.06416036933660507,0.07090205699205399,0.33097895979881287,0.06788663566112518,0.07316448539495468,0.12217546999454498,-0.011493325233459473,-0.010519873350858688,-0.02726656198501587,-0.015219591557979584,-0.012782301753759384,0.18153692781925201,True,True,True,True,True,False
gaussian_medium,49,sdedit_t5,5,0.05932648107409477,0.06688427180051804,0.42316877841949463,0.050704699009656906,0.055561307817697525,0.43534010648727417,0.09345071017742157,0.11502446979284286,0.15426112711429596,0.008621782064437866,0.01132296398282051,-0.012171328067779541,-0.0341242291033268,-0.04814019799232483,0.26890766620635986,False,False,True,True,True,False
gaussian_medium,50,sdedit_t5,5,0.06149011105298996,0.07516001164913177,0.13260824978351593,0.06765604764223099,0.08247542381286621,0.15266388654708862,0.06647457182407379,0.07735765725374222,0.07994630187749863,-0.006165936589241028,-0.007315412163734436,-0.020055636763572693,-0.004984460771083832,-0.002197645604610443,0.0526619479060173,True,True,True,True,True,False
gaussian_medium,51,sdedit_t5,5,0.060016073286533356,0.06361646950244904,0.12036369740962982,0.05603696033358574,0.06232739984989166,0.15089493989944458,0.07275380939245224,0.07833679765462875,0.07268514484167099,0.003979112952947617,0.001289069652557373,-0.03053124248981476,-0.012737736105918884,-0.014720328152179718,0.04767855256795883,False,False,True,True,True,False
gaussian_medium,52,sdedit_t5,5,0.043339598923921585,0.05016649514436722,0.19174979627132416,0.04654904827475548,0.05289354920387268,0.2181859165430069,0.06380448490381241,0.07796647399663925,0.09404155611991882,-0.003209449350833893,-0.0027270540595054626,-0.02643612027168274,-0.020464885979890823,-0.027799978852272034,0.09770824015140533,True,True,True,True,True,False
gaussian_medium,53,sdedit_t5,5,0.050856612622737885,0.05856911465525627,0.13100001215934753,0.05436959117650986,0.06369820237159729,0.15194040536880493,0.08806419372558594,0.11524361371994019,0.08799830079078674,-0.0035129785537719727,-0.005129087716341019,-0.020940393209457397,-0.03720758110284805,-0.056674499064683914,0.04300171136856079,True,True,True,True,True,False
gaussian_medium,54,sdedit_t5,5,0.050945114344358444,0.058322660624980927,0.14696532487869263,0.05588964745402336,0.06263424456119537,0.1693001240491867,0.15330655872821808,0.17771892249584198,0.1391122192144394,-0.004944533109664917,-0.004311583936214447,-0.02233479917049408,-0.10236144065856934,-0.11939626187086105,0.007853105664253235,True,True,True,True,True,False
gaussian_medium,55,sdedit_t5,5,0.05603235960006714,0.062234219163656235,0.19415654242038727,0.0649377852678299,0.07140223681926727,0.221160426735878,0.13965657353401184,0.16711007058620453,0.13090240955352783,-0.008905425667762756,-0.009168017655611038,-0.027003884315490723,-0.0836242139339447,-0.104875847697258,0.06325413286685944,True,True,True,True,True,False
gaussian_medium,56,sdedit_t5,5,0.05502759665250778,0.06276971101760864,0.12367808818817139,0.0474541038274765,0.054222606122493744,0.1410312056541443,0.048608262091875076,0.0536445789039135,0.059951916337013245,0.0075734928250312805,0.008547104895114899,-0.0173531174659729,0.006419334560632706,0.009125132113695145,0.06372617185115814,False,False,True,False,False,False
gaussian_medium,57,sdedit_t5,5,0.05200235918164253,0.059883080422878265,0.16119146347045898,0.05567995831370354,0.06225590035319328,0.17635172605514526,0.10828615725040436,0.1300657093524933,0.09592897444963455,-0.0036775991320610046,-0.0023728199303150177,-0.01516026258468628,-0.056283798068761826,-0.07018262892961502,0.06526248902082443,True,True,True,True,True,False
gaussian_medium,58,sdedit_t5,5,0.060198135673999786,0.06563519686460495,0.12051574140787125,0.06290137022733688,0.06835019588470459,0.12769155204296112,0.05568752437829971,0.06097133085131645,0.062678761780262,-0.002703234553337097,-0.00271499902009964,-0.007175810635089874,0.004510611295700073,0.004663866013288498,0.05783697962760925,True,True,True,False,False,False
gaussian_medium,59,sdedit_t5,5,0.07141558825969696,0.07708586007356644,0.15609675645828247,0.06501203775405884,0.07062306255102158,0.1676061749458313,0.06937425583600998,0.08191487193107605,0.07579575479030609,0.0064035505056381226,0.006462797522544861,-0.011509418487548828,0.002041332423686981,-0.004829011857509613,0.08030100166797638,False,False,True,False,True,False
gaussian_medium,60,sdedit_t5,5,0.10971696674823761,0.12366124242544174,0.33869633078575134,0.07986714690923691,0.08753584325313568,0.3615890145301819,0.09320569783449173,0.11541580408811569,0.1529051810503006,0.029849819839000702,0.03612539917230606,-0.022892683744430542,0.01651126891374588,0.00824543833732605,0.18579114973545074,False,False,True,False,False,False
gaussian_medium,61,sdedit_t5,5,0.05431630089879036,0.06315231323242188,0.15853950381278992,0.06355413794517517,0.07137571275234222,0.18731608986854553,0.06705813854932785,0.07699379324913025,0.07850740849971771,-0.009237837046384811,-0.008223399519920349,-0.028776586055755615,-0.01274183765053749,-0.013841480016708374,0.0800320953130722,True,True,True,True,True,False
gaussian_medium,62,sdedit_t5,5,0.061783213168382645,0.06737613677978516,0.1357216089963913,0.060209810733795166,0.06651534885168076,0.14791762828826904,0.049396343529224396,0.053224124014377594,0.06488995999097824,0.0015734024345874786,0.0008607879281044006,-0.012196019291877747,0.012386869639158249,0.014152012765407562,0.07083164900541306,False,False,True,False,False,False
gaussian_medium,63,sdedit_t5,5,0.062109798192977905,0.06697116792201996,0.14792943000793457,0.06362495571374893,0.0706520825624466,0.17745628952980042,0.0807112604379654,0.09007512778043747,0.0889793112874031,-0.0015151575207710266,-0.0036809146404266357,-0.029526859521865845,-0.018601462244987488,-0.02310395985841751,0.058950118720531464,True,True,True,True,True,False
gaussian_medium,64,sdedit_t5,5,0.05071888118982315,0.06405309587717056,0.1307762861251831,0.05301336571574211,0.06215537339448929,0.15553700923919678,0.06648920476436615,0.08591584861278534,0.06633707135915756,-0.0022944845259189606,0.0018977224826812744,-0.024760723114013672,-0.015770323574543,-0.021862752735614777,0.06443921476602554,True,False,True,True,True,False
gaussian_medium,65,sdedit_t5,5,0.059020839631557465,0.06373383849859238,0.18521612882614136,0.06843168288469315,0.07318937033414841,0.21629437804222107,0.10768786817789078,0.12152266502380371,0.10990932583808899,-0.009410843253135681,-0.00945553183555603,-0.031078249216079712,-0.04866702854633331,-0.057788826525211334,0.07530680298805237,True,True,True,True,True,False
gaussian_medium,66,sdedit_t5,5,0.07847297936677933,0.08680503070354462,0.18632228672504425,0.08183147758245468,0.09079550206661224,0.20187802612781525,0.06862256675958633,0.0772557258605957,0.08954665809869766,-0.003358498215675354,-0.003990471363067627,-0.015555739402770996,0.009850412607192993,0.009549304842948914,0.09677562862634659,True,True,True,False,False,False
gaussian_medium,67,sdedit_t5,5,0.044244226068258286,0.05349895730614662,0.12352612614631653,0.04765406250953674,0.05380195751786232,0.15165942907333374,0.08686287701129913,0.1036376878619194,0.08728952705860138,-0.0034098364412784576,-0.00030300021171569824,-0.028133302927017212,-0.04261865094304085,-0.05013873055577278,0.03623659908771515,True,True,True,True,True,False
gaussian_medium,68,sdedit_t5,5,0.06786231696605682,0.0766816958785057,0.1704322099685669,0.06450282037258148,0.07236339151859283,0.19587844610214233,0.06210776045918465,0.07548367977142334,0.0870240181684494,0.003359496593475342,0.004318304359912872,-0.02544623613357544,0.005754556506872177,0.001198016107082367,0.08340819180011749,False,False,True,False,False,False
gaussian_medium,69,sdedit_t5,5,0.05113257095217705,0.055631741881370544,0.2068052887916565,0.06581691652536392,0.0700242668390274,0.22751519083976746,0.07174934446811676,0.08514843136072159,0.09439700841903687,-0.014684345573186874,-0.01439252495765686,-0.020709902048110962,-0.020616773515939713,-0.029516689479351044,0.11240828037261963,True,True,True,True,True,False
gaussian_medium,70,sdedit_t5,5,0.06464652717113495,0.0679662749171257,0.25147613883018494,0.06503480672836304,0.07312535494565964,0.26727980375289917,0.07864745706319809,0.09715275466442108,0.10977312177419662,-0.0003882795572280884,-0.0051590800285339355,-0.015803664922714233,-0.014000929892063141,-0.02918647974729538,0.14170300960540771,True,True,True,True,True,False
gaussian_medium,71,sdedit_t5,5,0.0809764638543129,0.08919741213321686,0.3999626636505127,0.08243260532617569,0.09130103886127472,0.430653840303421,0.1076890379190445,0.12818403542041779,0.17079782485961914,-0.001456141471862793,-0.0021036267280578613,-0.030691176652908325,-0.026712574064731598,-0.03898662328720093,0.22916483879089355,True,True,True,True,True,False
gaussian_medium,72,sdedit_t5,5,0.05128992721438408,0.05760263279080391,0.17164362967014313,0.059163399040699005,0.06551691889762878,0.21139493584632874,0.12831208109855652,0.14897313714027405,0.12247622013092041,-0.007873471826314926,-0.007914286106824875,-0.03975130617618561,-0.07702215015888214,-0.09137050807476044,0.04916740953922272,True,True,True,True,True,False
gaussian_medium,73,sdedit_t5,5,0.0479813888669014,0.05669566988945007,0.14594098925590515,0.048943597823381424,0.059210751205682755,0.170535609126091,0.08089907467365265,0.0954967811703682,0.09982328861951828,-0.0009622089564800262,-0.0025150813162326813,-0.024594619870185852,-0.03291768580675125,-0.03880111128091812,0.04611770063638687,True,True,True,True,True,False
gaussian_medium,74,sdedit_t5,5,0.055012959986925125,0.06157155707478523,0.382374107837677,0.05488523095846176,0.06209534779191017,0.3997913897037506,0.07875508069992065,0.10137559473514557,0.1493482142686844,0.00012772902846336365,-0.000523790717124939,-0.01741728186607361,-0.02374212071299553,-0.039804037660360336,0.23302589356899261,False,True,True,True,True,False
gaussian_medium,75,sdedit_t5,5,0.06258507072925568,0.07195740193128586,0.14704345166683197,0.061505354940891266,0.07200919836759567,0.15565665066242218,0.04996796324849129,0.05643586814403534,0.06322984397411346,0.0010797157883644104,-5.179643630981445e-05,-0.00861319899559021,0.012617107480764389,0.015521533787250519,0.0838136076927185,False,True,True,False,False,False
gaussian_medium,76,sdedit_t5,5,0.06757248938083649,0.0736405998468399,0.15237098932266235,0.06336772441864014,0.06893615424633026,0.16765718162059784,0.05375320836901665,0.06410188972949982,0.07128793001174927,0.00420476496219635,0.0047044456005096436,-0.015286192297935486,0.01381928101181984,0.009538710117340088,0.08108305931091309,False,False,True,False,False,False
gaussian_medium,77,sdedit_t5,5,0.05352703854441643,0.06107452139258385,0.1366848349571228,0.057621002197265625,0.06622353196144104,0.1471443772315979,0.05599760264158249,0.06255166977643967,0.06804715842008591,-0.004093963652849197,-0.005149010568857193,-0.010459542274475098,-0.0024705640971660614,-0.0014771483838558197,0.0686376765370369,True,True,True,True,True,False
gaussian_medium,78,sdedit_t5,5,0.05524800345301628,0.06142120435833931,0.11457285284996033,0.055813103914260864,0.06254932284355164,0.1270044893026352,0.047484248876571655,0.05415324121713638,0.054498083889484406,-0.0005651004612445831,-0.001128118485212326,-0.012431636452674866,0.007763754576444626,0.007267963141202927,0.06007476896047592,True,True,True,False,False,False
gaussian_medium,79,sdedit_t5,5,0.08525021374225616,0.09428346157073975,0.17219310998916626,0.05461578816175461,0.06252054125070572,0.18641580641269684,0.06140183284878731,0.0677388608455658,0.07807531207799911,0.030634425580501556,0.03176292032003403,-0.014222696423530579,0.023848380893468857,0.02654460072517395,0.09411779791116714,False,False,True,False,False,False
gaussian_medium,80,sdedit_t5,5,0.056139569729566574,0.06453408300876617,0.15031671524047852,0.06143757700920105,0.07038457691669464,0.16220363974571228,0.043805550783872604,0.054113831371068954,0.06826687604188919,-0.005298007279634476,-0.005850493907928467,-0.011886924505233765,0.01233401894569397,0.01042025163769722,0.08204983919858932,True,True,True,False,False,False
gaussian_medium,81,sdedit_t5,5,0.06492940336465836,0.07121770083904266,0.1962326467037201,0.06261061131954193,0.06964774429798126,0.22152715921401978,0.13173100352287292,0.14868614077568054,0.14832067489624023,0.0023187920451164246,0.0015699565410614014,-0.025294512510299683,-0.06680160015821457,-0.07746843993663788,0.04791197180747986,False,False,True,True,True,False
gaussian_medium,82,sdedit_t5,5,0.053395919501781464,0.05619128420948982,0.22221583127975464,0.06371063739061356,0.06747692823410034,0.2529352307319641,0.13376091420650482,0.1613091379404068,0.1487712264060974,-0.010314717888832092,-0.01128564402461052,-0.030719399452209473,-0.08036499470472336,-0.10511785745620728,0.07344460487365723,True,True,True,True,True,False
gaussian_medium,83,sdedit_t5,5,0.058169446885585785,0.06874697655439377,0.11656446009874344,0.06458045542240143,0.07572315633296967,0.1238197460770607,0.05164887383580208,0.06379976123571396,0.056130826473236084,-0.006411008536815643,-0.006976179778575897,-0.007255285978317261,0.006520573049783707,0.00494721531867981,0.060433633625507355,True,True,True,False,False,False
gaussian_medium,84,sdedit_t5,5,0.0556090883910656,0.06453322619199753,0.3157195746898651,0.06669057905673981,0.0781894251704216,0.3272639513015747,0.06232018396258354,0.0730639100074768,0.13761843740940094,-0.01108149066567421,-0.013656198978424072,-0.011544376611709595,-0.006711095571517944,-0.008530683815479279,0.17810113728046417,True,True,True,True,True,False
gaussian_medium,85,sdedit_t5,5,0.050091154873371124,0.05686613544821739,0.4019724428653717,0.058885347098112106,0.06669173389673233,0.414104700088501,0.08543301373720169,0.10398469120264053,0.15394435822963715,-0.008794192224740982,-0.009825598448514938,-0.012132257223129272,-0.035341858863830566,-0.04711855575442314,0.24802808463573456,True,True,True,True,True,False
gaussian_medium,86,sdedit_t5,5,0.08075931668281555,0.08948790282011032,0.17814785242080688,0.05872054770588875,0.06591162830591202,0.20251381397247314,0.11469225585460663,0.1347866952419281,0.11775562167167664,0.022038768976926804,0.023576274514198303,-0.02436596155166626,-0.03393293917179108,-0.04529879242181778,0.06039223074913025,False,False,True,True,True,False
gaussian_medium,87,sdedit_t5,5,0.09364508837461472,0.10834363102912903,0.5076975226402283,0.0609772689640522,0.06969040632247925,0.517386257648468,0.09252609312534332,0.1165836974978447,0.18229401111602783,0.032667819410562515,0.03865322470664978,-0.009688735008239746,0.0011189952492713928,-0.008240066468715668,0.32540351152420044,False,False,True,False,True,False
gaussian_medium,88,sdedit_t5,5,0.06279317289590836,0.06853964924812317,0.1529679149389267,0.06288284063339233,0.0694887563586235,0.17748552560806274,0.05788273364305496,0.06939943879842758,0.07858433574438095,-8.966773748397827e-05,-0.0009491071105003357,-0.024517610669136047,0.0049104392528533936,-0.0008597895503044128,0.07438357919454575,True,True,True,False,True,False
gaussian_medium,89,sdedit_t5,5,0.06756390631198883,0.07463324069976807,0.18475410342216492,0.06404105573892593,0.0755595937371254,0.22349926829338074,0.09721574932336807,0.12792930006980896,0.10490168631076813,0.0035228505730628967,-0.0009263530373573303,-0.03874516487121582,-0.029651843011379242,-0.053296059370040894,0.07985241711139679,False,True,True,True,True,False
gaussian_medium,90,sdedit_t5,5,0.0972098559141159,0.10515037178993225,0.36683833599090576,0.06123713403940201,0.06656623631715775,0.3742240071296692,0.10846875607967377,0.11480225622653961,0.16578835248947144,0.0359727218747139,0.038584135472774506,-0.007385671138763428,-0.011258900165557861,-0.00965188443660736,0.20104998350143433,False,False,True,True,True,False
gaussian_medium,91,sdedit_t5,5,0.07325918227434158,0.07941047102212906,0.16469846665859222,0.07062261551618576,0.08143483102321625,0.18131333589553833,0.07167880237102509,0.09203120321035385,0.08763167262077332,0.0026365667581558228,-0.0020243600010871887,-0.016614869236946106,0.0015803799033164978,-0.012620732188224792,0.07706679403781891,False,True,True,False,True,False
gaussian_medium,92,sdedit_t5,5,0.06032682582736015,0.06602295488119125,0.15368269383907318,0.06249571964144707,0.0675351470708847,0.18886736035346985,0.07958246767520905,0.09701431542634964,0.08285306394100189,-0.002168893814086914,-0.001512192189693451,-0.03518466651439667,-0.019255641847848892,-0.030991360545158386,0.07082962989807129,True,True,True,True,True,False
gaussian_medium,93,sdedit_t5,5,0.06643674522638321,0.07451209425926208,0.18734091520309448,0.07992082089185715,0.08878232538700104,0.22813326120376587,0.09832006692886353,0.12360107898712158,0.10812805593013763,-0.013484075665473938,-0.014270231127738953,-0.04079234600067139,-0.031883321702480316,-0.0490889847278595,0.07921285927295685,True,True,True,True,True,False
gaussian_medium,94,sdedit_t5,5,0.055424369871616364,0.0638919547200203,0.2914266884326935,0.06401105225086212,0.06877055019140244,0.30806803703308105,0.08276674896478653,0.10058315843343735,0.12202835083007812,-0.008586682379245758,-0.004878595471382141,-0.016641348600387573,-0.027342379093170166,-0.03669120371341705,0.16939833760261536,True,True,True,True,True,False
gaussian_medium,95,sdedit_t5,5,0.06329244375228882,0.07135020196437836,0.17237350344657898,0.06344695389270782,0.07464179396629333,0.1804322600364685,0.047720767557621,0.054087039083242416,0.07158920913934708,-0.00015451014041900635,-0.003291592001914978,-0.008058756589889526,0.015571676194667816,0.01726316288113594,0.1007842943072319,True,True,True,False,False,False
gaussian_medium,96,sdedit_t5,5,0.05990751460194588,0.06532852351665497,0.14444415271282196,0.05727323889732361,0.06087341159582138,0.17227008938789368,0.0910559743642807,0.10789001733064651,0.08745640516281128,0.0026342757046222687,0.004455111920833588,-0.027825936675071716,-0.031148459762334824,-0.04256149381399155,0.05698774755001068,False,False,True,True,True,False
gaussian_medium,97,sdedit_t5,5,0.0573226697742939,0.07233937829732895,0.12591008841991425,0.05725973844528198,0.06536348164081573,0.1539067029953003,0.06028691679239273,0.07081550359725952,0.07782384753227234,6.293132901191711e-05,0.006975896656513214,-0.027996614575386047,-0.002964247018098831,0.0015238747000694275,0.04808624088764191,False,False,True,True,False,False
gaussian_medium,98,sdedit_t5,5,0.08354209363460541,0.09188868850469589,0.12637808918952942,0.06984086334705353,0.07839515805244446,0.15195311605930328,0.1150994673371315,0.1282658576965332,0.10190113633871078,0.01370123028755188,0.013493530452251434,-0.025575026869773865,-0.03155737370252609,-0.03637716919183731,0.024476952850818634,False,False,True,True,True,False
gaussian_medium,99,sdedit_t5,5,0.06750819087028503,0.07576172798871994,0.1990608423948288,0.05965913087129593,0.06772168725728989,0.2174004316329956,0.1352998912334442,0.1512903869152069,0.12771987915039062,0.007849059998989105,0.008040040731430054,-0.01833958923816681,-0.06779170036315918,-0.07552865892648697,0.07134096324443817,False,False,True,True,True,False
gaussian_medium,100,sdedit_t5,5,0.08153831958770752,0.09207657724618912,0.5396887063980103,0.061298519372940063,0.06865006685256958,0.559107780456543,0.09492410719394684,0.12343281507492065,0.2001308798789978,0.020239800214767456,0.023426510393619537,-0.019419074058532715,-0.013385787606239319,-0.03135623782873154,0.33955782651901245,False,False,True,True,True,False
gaussian_medium,101,sdedit_t5,5,0.0658886730670929,0.0761011391878128,0.15536072850227356,0.07044897973537445,0.08044664561748505,0.1754961609840393,0.09754346311092377,0.10942552238702774,0.08715121448040009,-0.004560306668281555,-0.004345506429672241,-0.020135432481765747,-0.03165479004383087,-0.033324383199214935,0.06820951402187347,True,True,True,True,True,False
gaussian_medium,102,sdedit_t5,5,0.051394570618867874,0.05765262991189957,0.13626764714717865,0.05523790046572685,0.06174482777714729,0.16772402822971344,0.10742755979299545,0.12047137320041656,0.08857806771993637,-0.0038433298468589783,-0.0040921978652477264,-0.03145638108253479,-0.05603298917412758,-0.062818743288517,0.04768957942724228,True,True,True,True,True,False
gaussian_medium,103,sdedit_t5,5,0.07364644855260849,0.08455079048871994,0.15541334450244904,0.05866476893424988,0.06853143125772476,0.16977395117282867,0.09124589711427689,0.10280701518058777,0.08718530088663101,0.014981679618358612,0.016019359230995178,-0.014360606670379639,-0.017599448561668396,-0.01825622469186783,0.06822804361581802,False,False,True,True,True,False
gaussian_medium,104,sdedit_t5,5,0.06133411452174187,0.06766855716705322,0.13949328660964966,0.06275846064090729,0.07007301598787308,0.14963671565055847,0.05481211468577385,0.06105152145028114,0.06407978385686874,-0.0014243461191654205,-0.0024044588208198547,-0.010143429040908813,0.006521999835968018,0.0066170357167720795,0.07541350275278091,True,True,True,False,False,False
gaussian_medium,105,sdedit_t5,5,0.07937757670879364,0.09184933453798294,0.1699543297290802,0.061939459294080734,0.07198608666658401,0.18103794753551483,0.044719260185956955,0.051559071987867355,0.07936803251504898,0.017438117414712906,0.019863247871398926,-0.011083617806434631,0.034658316522836685,0.040290262550115585,0.09058629721403122,False,False,True,False,False,False
gaussian_medium,106,sdedit_t5,5,0.06111970543861389,0.07238084077835083,0.12024997174739838,0.07259709388017654,0.08092089742422104,0.13709700107574463,0.12264351546764374,0.14158068597316742,0.09050361067056656,-0.011477388441562653,-0.008540056645870209,-0.016847029328346252,-0.061523810029029846,-0.06919984519481659,0.029746361076831818,True,True,True,True,True,False
gaussian_medium,107,sdedit_t5,5,0.04770170524716377,0.051164381206035614,0.2150251567363739,0.054060280323028564,0.05695231631398201,0.24029786884784698,0.06298675388097763,0.07301555573940277,0.09838788956403732,-0.006358575075864792,-0.005787935107946396,-0.025272712111473083,-0.015285048633813858,-0.021851174533367157,0.11663726717233658,True,True,True,True,True,False
gaussian_medium,108,sdedit_t5,5,0.052083004266023636,0.05786049738526344,0.4355422258377075,0.0605158731341362,0.06790958344936371,0.4471472501754761,0.0842946395277977,0.11307083815336227,0.1680309772491455,-0.008432868868112564,-0.010049086064100266,-0.011605024337768555,-0.03221163526177406,-0.05521034076809883,0.267511248588562,True,True,True,True,True,False
gaussian_medium,109,sdedit_t5,5,0.0497005432844162,0.056083548814058304,0.13043402135372162,0.05685434862971306,0.06278765201568604,0.16199812293052673,0.10577410459518433,0.11919612437486649,0.08583149313926697,-0.00715380534529686,-0.006704103201627731,-0.031564101576805115,-0.05607356131076813,-0.06311257183551788,0.04460252821445465,True,True,True,True,True,False
gaussian_medium,110,sdedit_t5,5,0.04437408596277237,0.05042186379432678,0.4012211561203003,0.053803879767656326,0.06096247583627701,0.4171982407569885,0.08472300320863724,0.11249775439500809,0.15221010148525238,-0.009429793804883957,-0.010540612041950226,-0.015977084636688232,-0.04034891724586487,-0.062075890600681305,0.2490110546350479,True,True,True,True,True,False
gaussian_medium,111,sdedit_t5,5,0.0608639195561409,0.0673195943236351,0.12621116638183594,0.06834503263235092,0.07125105708837509,0.15973493456840515,0.0927303358912468,0.11808854341506958,0.08771612495183945,-0.007481113076210022,-0.00393146276473999,-0.033523768186569214,-0.031866416335105896,-0.05076894909143448,0.03849504142999649,True,True,True,True,True,False
gaussian_medium,112,sdedit_t5,5,0.05800706148147583,0.06542487442493439,0.10900603234767914,0.057756416499614716,0.06401196122169495,0.1373388171195984,0.08926673233509064,0.11149761825799942,0.07968626171350479,0.0002506449818611145,0.001412913203239441,-0.02833278477191925,-0.03125967085361481,-0.04607274383306503,0.029319770634174347,False,False,True,True,True,False
gaussian_medium,113,sdedit_t5,5,0.0969443991780281,0.11441854387521744,0.4250989556312561,0.07053997367620468,0.0780765563249588,0.44725003838539124,0.10411195456981659,0.12199509888887405,0.1704181730747223,0.026404425501823425,0.036341987550258636,-0.022151082754135132,-0.007167555391788483,-0.007576555013656616,0.2546807825565338,False,False,True,True,True,False
gaussian_medium,114,sdedit_t5,5,0.048358410596847534,0.05661952868103981,0.3827013075351715,0.05028399080038071,0.057803526520729065,0.40060532093048096,0.07708792388439178,0.09828725457191467,0.14565664529800415,-0.0019255802035331726,-0.0011839978396892548,-0.017904013395309448,-0.02872951328754425,-0.04166772589087486,0.23704466223716736,True,True,True,True,True,False
gaussian_medium,115,sdedit_t5,5,0.07490213215351105,0.08380930125713348,0.478957861661911,0.069786436855793,0.07676728814840317,0.4905249774456024,0.11679557710886002,0.14621074497699738,0.17673762142658234,0.005115695297718048,0.007042013108730316,-0.011567115783691406,-0.04189344495534897,-0.06240144371986389,0.3022202253341675,False,False,True,True,True,False
gaussian_medium,116,sdedit_t5,5,0.09502825140953064,0.10223136097192764,0.1818343698978424,0.08216828107833862,0.08877268433570862,0.1972154825925827,0.06919886916875839,0.07904010266065598,0.0969761312007904,0.012859970331192017,0.013458676636219025,-0.015381112694740295,0.025829382240772247,0.023191258311271667,0.084858238697052,False,False,True,False,False,False
gaussian_medium,117,sdedit_t5,5,0.047010283917188644,0.054158274084329605,0.12054532021284103,0.05175156146287918,0.057742949575185776,0.1293429434299469,0.03831713646650314,0.04369094595313072,0.05668577179312706,-0.0047412775456905365,-0.0035846754908561707,-0.008797623217105865,0.008693147450685501,0.010467328131198883,0.06385955214500427,True,True,True,False,False,False
gaussian_medium,118,sdedit_t5,5,0.05770065262913704,0.06287845969200134,0.14219841361045837,0.06253249943256378,0.0691952109336853,0.15853089094161987,0.10341504961252213,0.12015019357204437,0.08345627039670944,-0.0048318468034267426,-0.00631675124168396,-0.0163324773311615,-0.045714396983385086,-0.05727173388004303,0.05874214321374893,True,True,True,True,True,False
gaussian_medium,119,sdedit_t5,5,0.07160326838493347,0.07803907990455627,0.12678928673267365,0.06780588626861572,0.07269803434610367,0.14165262877941132,0.06439428776502609,0.07090190798044205,0.07135967165231705,0.003797382116317749,0.005341045558452606,-0.014863342046737671,0.007208980619907379,0.007137171924114227,0.0554296150803566,False,False,True,False,False,False
gaussian_medium,120,sdedit_t5,5,0.051296986639499664,0.05568232014775276,0.3779554069042206,0.059413619339466095,0.06552422046661377,0.4000716209411621,0.07857690006494522,0.09154228866100311,0.14875134825706482,-0.00811663269996643,-0.009841900318861008,-0.02211621403694153,-0.027279913425445557,-0.03585996851325035,0.22920405864715576,True,True,True,True,True,False
gaussian_medium,121,sdedit_t5,5,0.06268320977687836,0.06989119946956635,0.18271392583847046,0.06543900072574615,0.07137785851955414,0.19479991495609283,0.041555702686309814,0.051145587116479874,0.08577560633420944,-0.002755790948867798,-0.001486659049987793,-0.012085989117622375,0.021127507090568542,0.01874561235308647,0.09693831950426102,True,True,True,False,False,False
gaussian_medium,122,sdedit_t5,5,0.06767699122428894,0.07285526394844055,0.5014268755912781,0.067314513027668,0.07474789768457413,0.5100261569023132,0.12390325218439102,0.13954085111618042,0.19669532775878906,0.00036247819662094116,-0.0018926337361335754,-0.008599281311035156,-0.05622626096010208,-0.06668558716773987,0.304731547832489,False,True,True,True,True,False
gaussian_medium,123,sdedit_t5,5,0.08565972745418549,0.09181273728609085,0.1498362272977829,0.06365425139665604,0.06980235129594803,0.17862099409103394,0.1108345240354538,0.13837650418281555,0.09484073519706726,0.02200547605752945,0.022010385990142822,-0.028784766793251038,-0.02517479658126831,-0.0465637668967247,0.05499549210071564,False,False,True,True,True,False
gaussian_medium,124,sdedit_t5,5,0.05814676359295845,0.06971383094787598,0.14790457487106323,0.07229502499103546,0.07947789877653122,0.17555390298366547,0.1535102128982544,0.18486125767230988,0.11638464033603668,-0.014148261398077011,-0.009764067828655243,-0.027649328112602234,-0.09536345303058624,-0.1151474267244339,0.03151993453502655,True,True,True,True,True,False
gaussian_medium,125,sdedit_t5,5,0.05423508957028389,0.06305356323719025,0.29907289147377014,0.0507008321583271,0.05799226090312004,0.3153918981552124,0.07737384736537933,0.09418966621160507,0.11674678325653076,0.003534257411956787,0.005061302334070206,-0.01631900668144226,-0.023138757795095444,-0.031136102974414825,0.18232610821723938,False,False,True,True,True,False
gaussian_medium,126,sdedit_t5,5,0.06554170697927475,0.07728380709886551,0.26569753885269165,0.0687909722328186,0.07765668630599976,0.29283303022384644,0.07590890675783157,0.09671558439731598,0.11917459964752197,-0.0032492652535438538,-0.0003728792071342468,-0.027135491371154785,-0.010367199778556824,-0.01943177729845047,0.14652293920516968,True,True,True,True,True,False
gaussian_medium,127,sdedit_t5,5,0.054438263177871704,0.06124317646026611,0.13001245260238647,0.05025341361761093,0.0581631101667881,0.16333498060703278,0.08921194076538086,0.10469946265220642,0.07968658953905106,0.004184849560260773,0.003080066293478012,-0.0333225280046463,-0.034773677587509155,-0.04345628619194031,0.05032586306333542,False,False,True,True,True,False
gaussian_medium,128,sdedit_t5,5,0.08243165165185928,0.08859093487262726,0.18620574474334717,0.07547896355390549,0.08421705663204193,0.2059471160173416,0.13366277515888214,0.14393240213394165,0.1283629685640335,0.006952688097953796,0.004373878240585327,-0.019741371273994446,-0.05123112350702286,-0.05534146726131439,0.05784277617931366,False,False,True,True,True,False
gaussian_medium,129,sdedit_t5,5,0.042285919189453125,0.04647215083241463,0.2714408338069916,0.0584014467895031,0.0626315027475357,0.2846340537071228,0.0845702514052391,0.10369555652141571,0.10589858144521713,-0.016115527600049973,-0.01615935191512108,-0.013193219900131226,-0.04228433221578598,-0.05722340568900108,0.16554224491119385,True,True,True,True,True,False
gaussian_medium,130,sdedit_t5,5,0.06876430660486221,0.08296938985586166,0.23428981006145477,0.06082163378596306,0.06922893226146698,0.24782146513462067,0.07837707549333572,0.09628422558307648,0.0981823056936264,0.007942672818899155,0.013740457594394684,-0.013531655073165894,-0.00961276888847351,-0.013314835727214813,0.13610750436782837,False,False,True,True,True,False
gaussian_medium,131,sdedit_t5,5,0.056877247989177704,0.06445801258087158,0.34370172023773193,0.0703960657119751,0.07499675452709198,0.3548932671546936,0.09656856209039688,0.11531996726989746,0.13231748342514038,-0.013518817722797394,-0.010538741946220398,-0.01119154691696167,-0.03969131410121918,-0.05086195468902588,0.21138423681259155,True,True,True,True,True,False
gaussian_medium,132,sdedit_t5,5,0.05196749046444893,0.05615955963730812,0.12940731644630432,0.057657770812511444,0.0630909726023674,0.14972493052482605,0.05540088564157486,0.06369918584823608,0.06872966885566711,-0.005690280348062515,-0.00693141296505928,-0.02031761407852173,-0.003433395177125931,-0.007539626210927963,0.06067764759063721,True,True,True,True,True,False
gaussian_medium,133,sdedit_t5,5,0.07165573537349701,0.08403543382883072,0.14371715486049652,0.07890082895755768,0.08592783659696579,0.17625902593135834,0.091493621468544,0.10401055961847305,0.08613310754299164,-0.007245093584060669,-0.0018924027681350708,-0.032541871070861816,-0.019837886095046997,-0.019975125789642334,0.05758404731750488,True,True,True,True,True,False
gaussian_medium,134,sdedit_t5,5,0.06351515650749207,0.0687299370765686,0.16309654712677002,0.06966028362512589,0.07659758627414703,0.18685060739517212,0.08807655423879623,0.11113647371530533,0.09065839648246765,-0.00614512711763382,-0.00786764919757843,-0.0237540602684021,-0.02456139773130417,-0.042406536638736725,0.07243815064430237,True,True,True,True,True,False
gaussian_medium,135,sdedit_t5,5,0.06826843321323395,0.07837627828121185,0.18004944920539856,0.06959477066993713,0.07729489356279373,0.1987147331237793,0.11236073821783066,0.13847272098064423,0.10575899481773376,-0.001326337456703186,0.0010813847184181213,-0.018665283918380737,-0.04409230500459671,-0.06009644269943237,0.0742904543876648,True,False,True,True,True,False
gaussian_medium,136,sdedit_t5,5,0.1034528985619545,0.11856219172477722,0.1875264048576355,0.07904346287250519,0.08483950793743134,0.20913536846637726,0.0999903678894043,0.1170007660984993,0.11569443345069885,0.02440943568944931,0.033722683787345886,-0.02160896360874176,0.0034625306725502014,0.0015614256262779236,0.07183197140693665,False,False,True,False,False,False
gaussian_medium,137,sdedit_t5,5,0.06118285655975342,0.06806634366512299,0.12911614775657654,0.06061019375920296,0.0663548931479454,0.13794785737991333,0.06587661802768707,0.0733184665441513,0.057983994483947754,0.0005726628005504608,0.0017114505171775818,-0.008831709623336792,-0.004693761467933655,-0.00525212287902832,0.07113215327262878,False,False,True,True,True,False
gaussian_medium,138,sdedit_t5,5,0.07349541783332825,0.08192787319421768,0.16956159472465515,0.07277632504701614,0.07930939644575119,0.20100384950637817,0.10961546003818512,0.12978191673755646,0.10056919604539871,0.0007190927863121033,0.0026184767484664917,-0.03144225478172302,-0.03612004220485687,-0.047854043543338776,0.06899239867925644,False,False,True,True,True,False
gaussian_medium,139,sdedit_t5,5,0.05858967825770378,0.06291387975215912,0.1307838261127472,0.05832662433385849,0.06483396142721176,0.1707523912191391,0.1312113106250763,0.15030963718891144,0.10507964342832565,0.00026305392384529114,-0.0019200816750526428,-0.03996856510639191,-0.07262162864208221,-0.08739575743675232,0.02570418268442154,False,True,True,True,True,False
gaussian_medium,140,sdedit_t5,5,0.06073934957385063,0.06613205373287201,0.38687416911125183,0.06620535999536514,0.07372128963470459,0.39643633365631104,0.08207020163536072,0.094312384724617,0.14707915484905243,-0.005466010421514511,-0.007589235901832581,-0.009562164545059204,-0.021330852061510086,-0.028180330991744995,0.2397950142621994,True,True,True,True,True,False
gaussian_medium,141,sdedit_t5,5,0.06381509453058243,0.07011762261390686,0.15551967918872833,0.07058821618556976,0.07576961815357208,0.16859117150306702,0.06886309385299683,0.07401607185602188,0.07892601191997528,-0.006773121654987335,-0.005651995539665222,-0.013071492314338684,-0.005047999322414398,-0.0038984492421150208,0.07659366726875305,True,True,True,True,True,False
gaussian_medium,142,sdedit_t5,5,0.059115100651979446,0.06603749096393585,0.31928327679634094,0.053529269993305206,0.06264203041791916,0.3380206823348999,0.06528003513813019,0.07548685371875763,0.12546157836914062,0.00558583065867424,0.003395460546016693,-0.01873740553855896,-0.006164934486150742,-0.009449362754821777,0.19382169842720032,False,False,True,True,True,False
gaussian_medium,143,sdedit_t5,5,0.05168282240629196,0.055921509861946106,0.3825329542160034,0.06082773953676224,0.06577008217573166,0.39537718892097473,0.05920374393463135,0.06757593899965286,0.1394093930721283,-0.009144917130470276,-0.009848572313785553,-0.012844234704971313,-0.007520921528339386,-0.011654429137706757,0.24312356114387512,True,True,True,True,True,False
gaussian_medium,144,sdedit_t5,5,0.05384112522006035,0.061376672238111496,0.14437051117420197,0.058723390102386475,0.06540987640619278,0.16571247577667236,0.07690069079399109,0.0877382755279541,0.0861901193857193,-0.004882264882326126,-0.004033204168081284,-0.021341964602470398,-0.02305956557393074,-0.026361603289842606,0.058180391788482666,True,True,True,True,True,False
gaussian_medium,145,sdedit_t5,5,0.0789756029844284,0.08468972891569138,0.4074718654155731,0.05548446252942085,0.06352952122688293,0.41859737038612366,0.08310166001319885,0.09842685610055923,0.14972013235092163,0.023491140455007553,0.02116020768880844,-0.011125504970550537,-0.004126057028770447,-0.013737127184867859,0.2577517330646515,False,False,True,True,True,False
gaussian_medium,146,sdedit_t5,5,0.08164114505052567,0.08791665732860565,0.24813219904899597,0.07215584814548492,0.07738816738128662,0.2740419805049896,0.08351430296897888,0.09310465306043625,0.11195879429578781,0.009485296905040741,0.01052848994731903,-0.025909781455993652,-0.0018731579184532166,-0.005187995731830597,0.13617339730262756,False,False,True,True,True,False
gaussian_medium,147,sdedit_t5,5,0.05110182240605354,0.05616702884435654,0.0992201715707779,0.058708298951387405,0.06445464491844177,0.1274281144142151,0.05841634422540665,0.06950921565294266,0.06968433409929276,-0.007606476545333862,-0.008287616074085236,-0.028207942843437195,-0.007314521819353104,-0.01334218680858612,0.029535837471485138,True,True,True,True,True,False
gaussian_medium,148,sdedit_t5,5,0.09684626758098602,0.10724206268787384,0.1966148018836975,0.0760311409831047,0.08489557355642319,0.21771861612796783,0.08347165584564209,0.0928395614027977,0.0996411144733429,0.020815126597881317,0.022346489131450653,-0.021103814244270325,0.013374611735343933,0.014402501285076141,0.09697368741035461,False,False,True,False,False,False
gaussian_medium,149,sdedit_t5,5,0.04744093120098114,0.05555776134133339,0.1303388774394989,0.05259985849261284,0.05873362720012665,0.1418168544769287,0.05002996325492859,0.059157051146030426,0.05983170494437218,-0.005158927291631699,-0.0031758658587932587,-0.01147797703742981,-0.0025890320539474487,-0.0035992898046970367,0.07050716876983643,True,True,True,True,True,False
gaussian_medium,150,sdedit_t5,5,0.06334234774112701,0.07157175242900848,0.16311781108379364,0.06264053285121918,0.0715055987238884,0.20010407269001007,0.15172353386878967,0.18191339075565338,0.12546305358409882,0.0007018148899078369,6.615370512008667e-05,-0.03698626160621643,-0.08838118612766266,-0.1103416383266449,0.037654757499694824,False,False,True,True,True,False
gaussian_medium,151,sdedit_t5,5,0.05833957716822624,0.0700477734208107,0.11321083456277847,0.057472534477710724,0.06720471382141113,0.14393165707588196,0.10786683857440948,0.1319304257631302,0.09199569374322891,0.0008670426905155182,0.0028430595993995667,-0.030720822513103485,-0.04952726140618324,-0.06188265234231949,0.02121514081954956,False,False,True,True,True,False
gaussian_medium,152,sdedit_t5,5,0.07795137166976929,0.0870378315448761,0.1244407594203949,0.06613504141569138,0.07512471824884415,0.13452142477035522,0.05814840644598007,0.06522561609745026,0.06451665610074997,0.011816330254077911,0.011913113296031952,-0.010080665349960327,0.019802965223789215,0.021812215447425842,0.05992410331964493,False,False,True,False,False,False
gaussian_medium,153,sdedit_t5,5,0.05220691114664078,0.05815569683909416,0.18098019063472748,0.05708067864179611,0.06577662378549576,0.21622365713119507,0.06242305040359497,0.0812191292643547,0.09130758792161942,-0.0048737674951553345,-0.007620926946401596,-0.03524346649646759,-0.010216139256954193,-0.023063432425260544,0.08967260271310806,True,True,True,True,True,False
gaussian_medium,154,sdedit_t5,5,0.0697556883096695,0.0770459994673729,0.15380829572677612,0.06078441068530083,0.06879449635744095,0.1645355224609375,0.04803613945841789,0.054886940866708755,0.07084301859140396,0.008971277624368668,0.008251503109931946,-0.010727226734161377,0.021719548851251602,0.02215905860066414,0.08296527713537216,False,False,True,False,False,False
gaussian_medium,155,sdedit_t5,5,0.05363791063427925,0.06357398629188538,0.15517722070217133,0.06064096838235855,0.06965964287519455,0.18995732069015503,0.06586124002933502,0.08467772603034973,0.08616473525762558,-0.0070030577480793,-0.006085656583309174,-0.034780099987983704,-0.012223329395055771,-0.021103739738464355,0.06901248544454575,True,True,True,True,True,False
gaussian_medium,156,sdedit_t5,5,0.043525587767362595,0.05022725462913513,0.16622236371040344,0.042232804000377655,0.05013908073306084,0.19494909048080444,0.17494122684001923,0.20635084807872772,0.14638684689998627,0.0012927837669849396,8.817389607429504e-05,-0.028726726770401,-0.13141563534736633,-0.1561235934495926,0.019835516810417175,False,False,True,True,True,False
gaussian_medium,157,sdedit_t5,5,0.06337684392929077,0.06902690976858139,0.19144338369369507,0.06546349823474884,0.070937879383564,0.2262924313545227,0.16510574519634247,0.1910489946603775,0.15725503861904144,-0.002086654305458069,-0.001910969614982605,-0.03484904766082764,-0.1017289012670517,-0.12202208489179611,0.034188345074653625,True,True,True,True,True,False
gaussian_medium,158,sdedit_t5,5,0.0583164282143116,0.06870546191930771,0.16706672310829163,0.06597288697957993,0.07500369846820831,0.19826719164848328,0.0782218798995018,0.0920151099562645,0.0967440977692604,-0.007656458765268326,-0.006298236548900604,-0.03120046854019165,-0.0199054516851902,-0.023309648036956787,0.07032262533903122,True,True,True,True,True,False
gaussian_medium,159,sdedit_t5,5,0.06730230152606964,0.07781565189361572,0.17567749321460724,0.07007939368486404,0.0786561518907547,0.20146112143993378,0.08392344415187836,0.10437065362930298,0.10287521034479141,-0.002777092158794403,-0.000840499997138977,-0.025783628225326538,-0.016621142625808716,-0.026555001735687256,0.07280228286981583,True,True,True,True,True,False
gaussian_medium,160,sdedit_t5,5,0.05211365967988968,0.06263319402933121,0.3443690836429596,0.06853477656841278,0.07594887167215347,0.37168172001838684,0.0766003429889679,0.08945849537849426,0.14112326502799988,-0.016421116888523102,-0.013315677642822266,-0.027312636375427246,-0.024486683309078217,-0.026825301349163055,0.20324581861495972,True,True,True,True,True,False
gaussian_medium,161,sdedit_t5,5,0.07300505042076111,0.07884208858013153,0.2092621922492981,0.08197537064552307,0.08844462782144547,0.23956158757209778,0.13029950857162476,0.1460462063550949,0.13670390844345093,-0.008970320224761963,-0.009602539241313934,-0.030299395322799683,-0.05729445815086365,-0.06720411777496338,0.07255828380584717,True,True,True,True,True,False
gaussian_medium,162,sdedit_t5,5,0.059027038514614105,0.06441680341959,0.11073172837495804,0.06918779015541077,0.07355402410030365,0.1329507827758789,0.07062796503305435,0.07597562670707703,0.06529215723276138,-0.010160751640796661,-0.009137220680713654,-0.022219054400920868,-0.011600926518440247,-0.01155882328748703,0.045439571142196655,True,True,True,True,True,False
gaussian_medium,163,sdedit_t5,5,0.07725316286087036,0.08758511394262314,0.162444606423378,0.07299311459064484,0.08021188527345657,0.17686158418655396,0.08342839032411575,0.09476235508918762,0.08158702403306961,0.004260048270225525,0.007373228669166565,-0.014416977763175964,-0.006175227463245392,-0.007177241146564484,0.08085758239030838,False,False,True,True,True,False
gaussian_medium,164,sdedit_t5,5,0.06649051606655121,0.0755830630660057,0.15561418235301971,0.06470252573490143,0.07345385104417801,0.161900594830513,0.04289114475250244,0.049601905047893524,0.07137329131364822,0.0017879903316497803,0.0021292120218276978,-0.006286412477493286,0.023599371314048767,0.025981158018112183,0.08424089103937149,False,False,True,False,False,False
gaussian_medium,165,sdedit_t5,5,0.07098795473575592,0.07591738551855087,0.3213958442211151,0.06595510989427567,0.07198909670114517,0.3393206298351288,0.09522255510091782,0.10660473257303238,0.12694883346557617,0.005032844841480255,0.003928288817405701,-0.017924785614013672,-0.024234600365161896,-0.030687347054481506,0.19444701075553894,False,False,True,True,True,False
gaussian_medium,166,sdedit_t5,5,0.06623487919569016,0.07169788330793381,0.1819135546684265,0.07392732799053192,0.07966499030590057,0.19033850729465485,0.05914716050028801,0.06578616797924042,0.07679083943367004,-0.007692448794841766,-0.007967106997966766,-0.008424952626228333,0.007087718695402145,0.00591171532869339,0.10512271523475647,True,True,True,False,False,False
gaussian_medium,167,sdedit_t5,5,0.06837774068117142,0.07328254729509354,0.35348838567733765,0.062389664351940155,0.06881745159626007,0.36570456624031067,0.10103826224803925,0.11792919784784317,0.14545971155166626,0.005988076329231262,0.004465095698833466,-0.012216180562973022,-0.03266052156686783,-0.044646650552749634,0.2080286741256714,False,False,True,True,True,False
gaussian_medium,168,sdedit_t5,5,0.06242798641324043,0.06561236083507538,0.20585393905639648,0.0670127123594284,0.06993038207292557,0.23195475339889526,0.12790021300315857,0.14336130023002625,0.13746732473373413,-0.004584725946187973,-0.004318021237850189,-0.02610081434249878,-0.06547223031520844,-0.07774893939495087,0.06838661432266235,True,True,True,True,True,False
gaussian_medium,169,sdedit_t5,5,0.04995309188961983,0.055356159806251526,0.1196422278881073,0.0525335893034935,0.060238223522901535,0.14226745069026947,0.07337288558483124,0.08452188223600388,0.08507054299116135,-0.0025804974138736725,-0.004882063716650009,-0.02262522280216217,-0.02341979369521141,-0.02916572242975235,0.03457168489694595,True,True,True,True,True,False
gaussian_medium,170,sdedit_t5,5,0.06235707923769951,0.07014472782611847,0.14516860246658325,0.07352592051029205,0.07853599637746811,0.18820954859256744,0.10968039929866791,0.1344609409570694,0.10515481978654861,-0.011168841272592545,-0.00839126855134964,-0.04304094612598419,-0.0473233200609684,-0.06431621313095093,0.04001378268003464,True,True,True,True,True,False
gaussian_medium,171,sdedit_t5,5,0.05645782873034477,0.06468784064054489,0.23938030004501343,0.06817080080509186,0.07312192022800446,0.28808867931365967,0.1472957283258438,0.17791594564914703,0.17559106647968292,-0.011712972074747086,-0.008434079587459564,-0.04870837926864624,-0.09083789587020874,-0.11322810500860214,0.0637892335653305,True,True,True,True,True,False
gaussian_medium,172,sdedit_t5,5,0.06798427551984787,0.07968978583812714,0.45277276635169983,0.06448812782764435,0.07626660913228989,0.46265363693237305,0.10009143501520157,0.12162172794342041,0.1654270589351654,0.0034961476922035217,0.0034231767058372498,-0.009880870580673218,-0.0321071594953537,-0.041931942105293274,0.2873457074165344,False,False,True,True,True,False
gaussian_medium,173,sdedit_t5,5,0.05250458046793938,0.05900978296995163,0.1326679289340973,0.05530258268117905,0.06165451183915138,0.1512354016304016,0.06964030861854553,0.07949018478393555,0.07270883023738861,-0.00279800221323967,-0.002644728869199753,-0.01856747269630432,-0.017135728150606155,-0.020480401813983917,0.05995909869670868,True,True,True,True,True,False
gaussian_medium,174,sdedit_t5,5,0.057091765105724335,0.0647437646985054,0.1610584408044815,0.0680345892906189,0.0744103267788887,0.18603399395942688,0.07327752560377121,0.08283641189336777,0.0887870192527771,-0.010942824184894562,-0.0096665620803833,-0.024975553154945374,-0.016185760498046875,-0.018092647194862366,0.0722714215517044,True,True,True,True,True,False
gaussian_medium,175,sdedit_t5,5,0.07017645984888077,0.07796452939510345,0.15231402218341827,0.06515919417142868,0.07146646827459335,0.1660345196723938,0.053175777196884155,0.05921982601284981,0.06814516335725784,0.005017265677452087,0.006498061120510101,-0.013720497488975525,0.017000682651996613,0.018744703382253647,0.08416885882616043,False,False,True,False,False,False
gaussian_medium,176,sdedit_t5,5,0.05883704870939255,0.06639700382947922,0.12483807653188705,0.06126191094517708,0.06611419469118118,0.15007564425468445,0.06568118929862976,0.07773258537054062,0.06785482913255692,-0.0024248622357845306,0.00028280913829803467,-0.025237567722797394,-0.006844140589237213,-0.011335581541061401,0.05698324739933014,True,False,True,True,True,False
gaussian_medium,177,sdedit_t5,5,0.07031338661909103,0.07855544239282608,0.18814656138420105,0.06333308666944504,0.070398710668087,0.2138184905052185,0.1408078670501709,0.1670147031545639,0.15372470021247864,0.006980299949645996,0.008156731724739075,-0.025671929121017456,-0.07049448043107986,-0.08845926076173782,0.03442186117172241,False,False,True,True,True,False
gaussian_medium,178,sdedit_t5,5,0.08352293074131012,0.09070897847414017,0.14873401820659637,0.06996317207813263,0.07744736969470978,0.161967933177948,0.046490415930747986,0.05391748622059822,0.07179262489080429,0.01355975866317749,0.01326160877943039,-0.013233914971351624,0.037032514810562134,0.036791492253541946,0.07694139331579208,False,False,True,False,False,False
gaussian_medium,179,sdedit_t5,5,0.059578657150268555,0.0677059069275856,0.12739774584770203,0.05731259658932686,0.0641988217830658,0.15365171432495117,0.072493776679039,0.08204653859138489,0.07331296801567078,0.002266060560941696,0.003507085144519806,-0.026253968477249146,-0.012915119528770447,-0.014340631663799286,0.05408477783203125,False,False,True,True,True,False
gaussian_medium,180,sdedit_t5,5,0.0785900130867958,0.08704419434070587,0.4280409812927246,0.07600606232881546,0.08060850948095322,0.4445343017578125,0.07086141407489777,0.07507897168397903,0.16434627771377563,0.0025839507579803467,0.006435684859752655,-0.01649332046508789,0.007728599011898041,0.011965222656726837,0.263694703578949,False,False,True,False,False,False
gaussian_medium,181,sdedit_t5,5,0.07455985248088837,0.08358892798423767,0.18031680583953857,0.06523136049509048,0.07312249392271042,0.1865866482257843,0.049447350203990936,0.053724464029073715,0.07702918350696564,0.009328491985797882,0.010466434061527252,-0.0062698423862457275,0.02511250227689743,0.029864463955163956,0.10328762233257294,False,False,True,False,False,False
gaussian_medium,182,sdedit_t5,5,0.06950201094150543,0.07922196388244629,0.13724717497825623,0.05938028544187546,0.06872458010911942,0.16368362307548523,0.08985914289951324,0.10194089263677597,0.08430428057909012,0.010121725499629974,0.010497383773326874,-0.026436448097229004,-0.020357131958007812,-0.02271892875432968,0.05294289439916611,False,False,True,True,True,False
gaussian_medium,183,sdedit_t5,5,0.11414699256420135,0.1313478648662567,0.16999542713165283,0.07407162338495255,0.08220779895782471,0.20291300117969513,0.10836652666330338,0.12256398051977158,0.11015557497739792,0.04007536917924881,0.04914006590843201,-0.0329175740480423,0.00578046590089798,0.008783884346485138,0.05983985215425491,False,False,True,False,False,False
gaussian_medium,184,sdedit_t5,5,0.07173467427492142,0.07771576941013336,0.1757723093032837,0.0715017318725586,0.07698065042495728,0.20576082170009613,0.12253649532794952,0.13636323809623718,0.11853645741939545,0.00023294240236282349,0.0007351189851760864,-0.02998851239681244,-0.05080182105302811,-0.05864746868610382,0.057235851883888245,False,False,True,True,True,False
gaussian_medium,185,sdedit_t5,5,0.056602053344249725,0.06386521458625793,0.14854149520397186,0.060521721839904785,0.06720143556594849,0.17453165352344513,0.08835574984550476,0.10710819065570831,0.08491603285074234,-0.00391966849565506,-0.0033362209796905518,-0.025990158319473267,-0.031753696501255035,-0.04324297606945038,0.06362546235322952,True,True,True,True,True,False
gaussian_medium,186,sdedit_t5,5,0.05700703337788582,0.06801801919937134,0.15732510387897491,0.06369609385728836,0.07375574856996536,0.19404500722885132,0.12061731517314911,0.14114060997962952,0.11078953742980957,-0.006689060479402542,-0.005737729370594025,-0.036719903349876404,-0.06361028552055359,-0.07312259078025818,0.046535566449165344,True,True,True,True,True,False
gaussian_medium,187,sdedit_t5,5,0.0638342946767807,0.06947489082813263,0.1699943095445633,0.06392177939414978,0.07138048857450485,0.18108953535556793,0.0539214126765728,0.06085115298628807,0.07312317192554474,-8.748471736907959e-05,-0.001905597746372223,-0.011095225811004639,0.009912882000207901,0.008623737841844559,0.09687113761901855,True,True,True,False,False,False
gaussian_medium,188,sdedit_t5,5,0.05595479533076286,0.06362678110599518,0.4861183762550354,0.0653810128569603,0.07349348813295364,0.5054105520248413,0.11652535200119019,0.13892251253128052,0.1874568611383438,-0.009426217526197433,-0.009866707026958466,-0.019292175769805908,-0.06057055667042732,-0.07529573142528534,0.2986615300178528,True,True,True,True,True,False
gaussian_medium,189,sdedit_t5,5,0.07769212126731873,0.09337179362773895,0.1625267118215561,0.06656162440776825,0.07813990861177444,0.1824268102645874,0.0714629739522934,0.08310659974813461,0.0816706195473671,0.011130496859550476,0.015231885015964508,-0.01990009844303131,0.00622914731502533,0.01026519387960434,0.080856092274189,False,False,True,False,False,False
gaussian_medium,190,sdedit_t5,5,0.06853128969669342,0.07994639873504639,0.18636007606983185,0.06759876757860184,0.07977614551782608,0.19870619475841522,0.06279304623603821,0.07267977297306061,0.08157430589199066,0.0009325221180915833,0.0001702532172203064,-0.012346118688583374,0.005738243460655212,0.007266625761985779,0.10478577017784119,False,False,True,False,False,False
gaussian_medium,191,sdedit_t5,5,0.050696033984422684,0.056669682264328,0.4607466459274292,0.06463374197483063,0.07102222740650177,0.4700911343097687,0.09532114118337631,0.10731906443834305,0.17522448301315308,-0.013937707990407944,-0.014352545142173767,-0.009344488382339478,-0.04462510719895363,-0.050649382174015045,0.2855221629142761,True,True,True,True,True,False
gaussian_medium,192,sdedit_t5,5,0.05761674791574478,0.06866440922021866,0.15821196138858795,0.05859602615237236,0.07080045342445374,0.17156200110912323,0.0415554903447628,0.04991080239415169,0.0760929137468338,-0.0009792782366275787,-0.002136044204235077,-0.013350039720535278,0.01606125757098198,0.01875360682606697,0.08211904764175415,True,True,True,False,False,False
gaussian_medium,193,sdedit_t5,5,0.0755995661020279,0.08545660227537155,0.1744379997253418,0.0729748010635376,0.08026672899723053,0.1986209750175476,0.09515133500099182,0.11330163478851318,0.09623470902442932,0.0026247650384902954,0.005189873278141022,-0.02418297529220581,-0.019551768898963928,-0.027845032513141632,0.07820329070091248,False,False,True,True,True,False
gaussian_medium,194,sdedit_t5,5,0.06707863509654999,0.07280310243368149,0.15547209978103638,0.06374062597751617,0.06858031451702118,0.16883911192417145,0.04568194970488548,0.0542171411216259,0.07765866070985794,0.0033380091190338135,0.004222787916660309,-0.01336701214313507,0.021396685391664505,0.018585961312055588,0.07781343907117844,False,False,True,False,False,False
gaussian_medium,195,sdedit_t5,5,0.04373970627784729,0.0499051958322525,0.13153813779354095,0.054165881127119064,0.06234164908528328,0.17377689480781555,0.08288542926311493,0.10209956020116806,0.07802359014749527,-0.010426174849271774,-0.012436453253030777,-0.0422387570142746,-0.03914572298526764,-0.05219436436891556,0.053514547646045685,True,True,True,True,True,False
gaussian_medium,196,sdedit_t5,5,0.07980353385210037,0.08750801533460617,0.17652127146720886,0.06728403270244598,0.07599834352731705,0.19580087065696716,0.07191333174705505,0.07989911735057831,0.0902511328458786,0.012519501149654388,0.011509671807289124,-0.0192795991897583,0.007890202105045319,0.0076088979840278625,0.08627013862133026,False,False,True,False,False,False
gaussian_medium,197,sdedit_t5,5,0.0701562687754631,0.07953400164842606,0.3113337755203247,0.08035345375537872,0.08750757575035095,0.3378902077674866,0.08338262885808945,0.09782598167657852,0.13645607233047485,-0.010197184979915619,-0.007973574101924896,-0.026556432247161865,-0.013226360082626343,-0.018291980028152466,0.17487770318984985,True,True,True,True,True,False
gaussian_medium,198,sdedit_t5,5,0.06885463744401932,0.07585687190294266,0.11818989366292953,0.05049503594636917,0.060940880328416824,0.14358703792095184,0.09945684671401978,0.1142820343375206,0.09235890209674835,0.018359601497650146,0.014915991574525833,-0.02539714425802231,-0.030602209270000458,-0.03842516243457794,0.025830991566181183,False,False,True,True,True,False
gaussian_medium,199,sdedit_t5,5,0.07516424357891083,0.08356188237667084,0.4086378812789917,0.06212310865521431,0.06970205903053284,0.4190860390663147,0.07930950820446014,0.09314601123332977,0.16219818592071533,0.013041134923696518,0.013859823346138,-0.010448157787322998,-0.004145264625549316,-0.009584128856658936,0.24643969535827637,False,False,True,True,True,False
