metric,real_mean,gen_mean,real_std,gen_std,real_median,gen_median,real_q10,gen_q10,real_q90,gen_q90,mean_ratio_gen_over_real,std_ratio_gen_over_real
step_norm_all,0.241194,0.226440,0.189435,0.140847,0.233449,0.199940,0.006471,0.067858,0.496139,0.424757,0.938830,0.743510
avg_speed,0.241194,0.226440,0.175639,0.106729,0.230006,0.202570,0.008275,0.115111,0.478425,0.380031,0.938830,0.607663
total_length,4.582688,4.302363,3.337133,2.027854,4.370111,3.848834,0.157228,2.187101,9.090078,7.220587,0.938830,0.607663
endpoint_displacement,4.372882,3.509406,3.318358,2.316474,4.101030,2.991453,0.141720,1.006943,8.947489,7.002272,0.802539,0.698078
moving_ratio_global,0.897918,0.999075,0.288615,0.006916,1.000000,1.000000,0.473684,1.000000,1.000000,1.000000,1.112658,0.023964
propulsion_ratio,0.932410,0.762808,0.126672,0.234738,0.978716,0.857928,0.818072,0.369750,0.999063,0.982417,0.818104,1.853120
acc_rms,0.042321,0.061825,0.030154,0.010586,0.040234,0.060472,0.000295,0.049492,0.075341,0.075669,1.460885,0.351074
