metric,real_mean,gen_mean,real_std,gen_std,real_median,gen_median,real_q10,gen_q10,real_q90,gen_q90,mean_ratio_gen_over_real,std_ratio_gen_over_real
step_norm_all,0.328220,0.310791,0.156690,0.159974,0.327603,0.300524,0.122032,0.104976,0.524123,0.534067,0.946900,1.020963
avg_speed,0.328220,0.310791,0.135084,0.121329,0.318897,0.294268,0.155074,0.167195,0.508050,0.485615,0.946900,0.898179
total_length,6.236176,5.905035,2.566587,2.305254,6.059034,5.591102,2.946410,3.176707,9.652952,9.226685,0.946900,0.898179
endpoint_displacement,5.980539,4.889195,2.635707,2.745313,5.753386,4.629449,2.668038,1.414187,9.500957,8.720178,0.817517,1.041585
moving_ratio_global,0.898887,0.871608,0.177121,0.186053,1.000000,1.000000,0.578947,0.631579,1.000000,1.000000,0.969652,1.050434
propulsion_ratio,0.947851,0.788497,0.095055,0.235599,0.979110,0.890969,0.874903,0.405401,0.996812,0.989846,0.831879,2.478569
acc_rms,0.051887,0.069418,0.027227,0.019766,0.047283,0.066004,0.025461,0.046770,0.081313,0.096181,1.337866,0.725955
