metric,real_mean,gen_mean,real_std,gen_std,real_median,gen_median,real_q10,gen_q10,real_q90,gen_q90,mean_ratio_gen_over_real,std_ratio_gen_over_real
step_norm_all,0.241194,0.221217,0.189435,0.161334,0.233449,0.194577,0.006471,0.032520,0.496139,0.454581,0.917176,0.851658
avg_speed,0.241194,0.221217,0.175639,0.127550,0.230006,0.197425,0.008275,0.072421,0.478425,0.410508,0.917176,0.726209
total_length,4.582688,4.203131,3.337133,2.423458,4.370111,3.751072,0.157228,1.376004,9.090078,7.799654,0.917176,0.726209
endpoint_displacement,4.372882,3.564972,3.318358,2.506451,4.101030,2.867748,0.141720,0.839727,8.947489,7.328114,0.815246,0.755329
moving_ratio_global,0.897918,0.994552,0.288615,0.020741,1.000000,1.000000,0.473684,1.000000,1.000000,1.000000,1.107620,0.071864
propulsion_ratio,0.932410,0.799701,0.126672,0.210639,0.978716,0.889736,0.818072,0.485896,0.999063,0.985307,0.857671,1.662873
acc_rms,0.042321,0.058414,0.030154,0.021663,0.040234,0.055504,0.000295,0.032251,0.075341,0.086996,1.380279,0.718414
