original_path,proposed_new_path,category,item_type,should_move,should_delete_original_after_move,requires_reference_update,confidence,notes
docs/stage4/E2_DPS_hypothesis.md,docs/stage3_sde/imported_stage4_docs/E2_DPS_hypothesis.md,NEGATIVE_DIAGNOSTIC,markdown,yes,yes,yes,high,DPS audit or rejected DPS alternative
docs/stage4/E2_DPS_hypothesis_amendment_001.md,docs/stage3_sde/imported_stage4_docs/E2_DPS_hypothesis_amendment_001.md,NEGATIVE_DIAGNOSTIC,markdown,yes,yes,yes,high,DPS audit or rejected DPS alternative
docs/stage4/E2_DPS_hypothesis_amendment_002.md,docs/stage3_sde/imported_stage4_docs/E2_DPS_hypothesis_amendment_002.md,NEGATIVE_DIAGNOSTIC,markdown,yes,yes,yes,high,DPS audit or rejected DPS alternative
docs/stage4/E3_observation_initialized_prior_interface_audit.md,docs/stage3_sde/imported_stage4_docs/E3_observation_initialized_prior_interface_audit.md,FUTURE_SENSOR_INTERFACE,markdown,yes,yes,yes,high,future observation-initialized prior interface audit
docs/stage4/e3_frozen_holdout1000_baseline.md,docs/stage3_sde/imported_stage4_docs/e3_frozen_holdout1000_baseline.md,MAINLINE_STAGE3_SDE,markdown,yes,yes,yes,high,frozen E3/SDE baseline document
docs/stage4/stage3_sde_legacy_audit.md,docs/stage3_sde/imported_stage4_docs/stage3_sde_legacy_audit.md,NEGATIVE_DIAGNOSTIC,markdown,yes,yes,yes,high,legacy SDE/SDEdit audit supporting limitation analysis
outputs/stage3/README.md,outputs/curated/stage3_sde/unknown_manual_review/README.md/stage3/README.md,UNKNOWN_NEEDS_MANUAL_REVIEW,markdown,no,no,no,low,no high-confidence cleanup rule matched
outputs/stage3/archive/README.md,outputs/curated/stage3_sde/unknown_manual_review/archive/archive/README.md,UNKNOWN_NEEDS_MANUAL_REVIEW,markdown,no,no,no,low,no high-confidence cleanup rule matched
outputs/stage3/archive/legacy_flat_outputs/baselines/kalman_results.npz,outputs/curated/stage3_sde/unknown_manual_review/archive/baselines/kalman_results.npz,UNKNOWN_NEEDS_MANUAL_REVIEW,array,no,no,no,low,no high-confidence cleanup rule matched
outputs/stage3/archive/legacy_flat_outputs/baselines/linear_interp_results.npz,outputs/curated/stage3_sde/unknown_manual_review/archive/baselines/linear_interp_results.npz,UNKNOWN_NEEDS_MANUAL_REVIEW,array,no,no,no,low,no high-confidence cleanup rule matched
outputs/stage3/archive/legacy_flat_outputs/baselines/savgol_results.npz,outputs/curated/stage3_sde/unknown_manual_review/archive/baselines/savgol_results.npz,UNKNOWN_NEEDS_MANUAL_REVIEW,array,no,no,no,low,no high-confidence cleanup rule matched
outputs/stage3/archive/legacy_flat_outputs/data/clean_windows.npz,outputs/curated/stage3_sde/unknown_manual_review/archive/data/clean_windows.npz,UNKNOWN_NEEDS_MANUAL_REVIEW,array,no,no,no,low,no high-confidence cleanup rule matched
outputs/stage3/archive/legacy_flat_outputs/data/clean_windows_meta.json,outputs/curated/stage3_sde/unknown_manual_review/archive/data/clean_windows_meta.json,UNKNOWN_NEEDS_MANUAL_REVIEW,json,no,no,no,low,no high-confidence cleanup rule matched
outputs/stage3/archive/legacy_flat_outputs/data/missing_span_windows.npz,outputs/curated/stage3_sde/unknown_manual_review/archive/data/missing_span_windows.npz,UNKNOWN_NEEDS_MANUAL_REVIEW,array,no,no,no,low,no high-confidence cleanup rule matched
outputs/stage3/archive/legacy_flat_outputs/data/occupancy_map.npz,outputs/curated/stage3_sde/unknown_manual_review/archive/data/occupancy_map.npz,UNKNOWN_NEEDS_MANUAL_REVIEW,array,no,no,no,low,no high-confidence cleanup rule matched
outputs/stage3/archive/legacy_flat_outputs/data/occupancy_map_room3.npz,outputs/curated/stage3_sde/unknown_manual_review/archive/data/occupancy_map_room3.npz,UNKNOWN_NEEDS_MANUAL_REVIEW,array,no,no,no,low,no high-confidence cleanup rule matched
outputs/stage3/archive/legacy_flat_outputs/data/toy_long.npy,outputs/curated/stage3_sde/unknown_manual_review/archive/data/toy_long.npy,UNKNOWN_NEEDS_MANUAL_REVIEW,array,no,no,no,low,no high-confidence cleanup rule matched
outputs/stage3/audit/AUDIT_REPORT.md,outputs/curated/stage3_sde/unknown_manual_review/audit/audit/AUDIT_REPORT.md,UNKNOWN_NEEDS_MANUAL_REVIEW,markdown,no,no,no,low,no high-confidence cleanup rule matched
outputs/stage3/canonical_v1/CHANGELOG.md,outputs/curated/stage3_sde/unknown_manual_review/canonical_v1/canonical_v1/CHANGELOG.md,UNKNOWN_NEEDS_MANUAL_REVIEW,markdown,no,no,no,low,no high-confidence cleanup rule matched
outputs/stage3/canonical_v1/README.md,outputs/curated/stage3_sde/unknown_manual_review/canonical_v1/canonical_v1/README.md,UNKNOWN_NEEDS_MANUAL_REVIEW,markdown,no,no,no,low,no high-confidence cleanup rule matched
outputs/stage3/canonical_v1/audit/ddpm_case_traceability.md,outputs/curated/stage3_sde/unknown_manual_review/canonical_v1/audit/ddpm_case_traceability.md,UNKNOWN_NEEDS_MANUAL_REVIEW,markdown,no,no,no,low,no high-confidence cleanup rule matched
outputs/stage3/canonical_v1/audit/fde_zero_audit.md,outputs/curated/stage3_sde/unknown_manual_review/canonical_v1/audit/fde_zero_audit.md,UNKNOWN_NEEDS_MANUAL_REVIEW,markdown,no,no,no,low,no high-confidence cleanup rule matched
outputs/stage3/canonical_v1/audit/figure3_spread_definition.md,outputs/curated/stage3_sde/unknown_manual_review/canonical_v1/audit/figure3_spread_definition.md,UNKNOWN_NEEDS_MANUAL_REVIEW,markdown,no,no,no,low,no high-confidence cleanup rule matched
outputs/stage3/canonical_v1/audit/figure5_spread_definition.md,outputs/curated/stage3_sde/unknown_manual_review/canonical_v1/audit/figure5_spread_definition.md,UNKNOWN_NEEDS_MANUAL_REVIEW,markdown,no,no,no,low,no high-confidence cleanup rule matched
outputs/stage3/canonical_v1/audit/geometry_usage_statement.md,outputs/curated/stage3_sde/unknown_manual_review/canonical_v1/audit/geometry_usage_statement.md,UNKNOWN_NEEDS_MANUAL_REVIEW,markdown,no,no,no,low,no high-confidence cleanup rule matched
outputs/stage3/canonical_v1/config/stage3_canonical_v1_config.json,outputs/curated/stage3_sde/unknown_manual_review/canonical_v1/config/stage3_canonical_v1_config.json,UNKNOWN_NEEDS_MANUAL_REVIEW,json,no,no,no,low,no high-confidence cleanup rule matched
outputs/stage3/canonical_v1/figures/ddpm_case_best_improvement_five_column.png,outputs/curated/stage3_sde/unknown_manual_review/canonical_v1/figures/ddpm_case_best_improvement_five_column.png,UNKNOWN_NEEDS_MANUAL_REVIEW,figure,no,no,no,low,no high-confidence cleanup rule matched
outputs/stage3/canonical_v1/figures/ddpm_case_median_five_column.png,outputs/curated/stage3_sde/unknown_manual_review/canonical_v1/figures/ddpm_case_median_five_column.png,UNKNOWN_NEEDS_MANUAL_REVIEW,figure,no,no,no,low,no high-confidence cleanup rule matched
outputs/stage3/canonical_v1/figures/ddpm_case_worst_degradation_five_column.png,outputs/curated/stage3_sde/unknown_manual_review/canonical_v1/figures/ddpm_case_worst_degradation_five_column.png,UNKNOWN_NEEDS_MANUAL_REVIEW,figure,no,no,no,low,no high-confidence cleanup rule matched
outputs/stage3/canonical_v1/figures/figure3_replacement_raw_spread.png,outputs/curated/stage3_sde/unknown_manual_review/canonical_v1/figures/figure3_replacement_raw_spread.png,UNKNOWN_NEEDS_MANUAL_REVIEW,figure,no,no,no,low,no high-confidence cleanup rule matched
outputs/stage3/canonical_v1/figures/figure5_replacement_alpha_variance.png,outputs/curated/stage3_sde/unknown_manual_review/canonical_v1/figures/figure5_replacement_alpha_variance.png,UNKNOWN_NEEDS_MANUAL_REVIEW,figure,no,no,no,low,no high-confidence cleanup rule matched
outputs/stage3/canonical_v1/logs/run_log.txt,outputs/curated/stage3_sde/unknown_manual_review/canonical_v1/logs/run_log.txt,UNKNOWN_NEEDS_MANUAL_REVIEW,other,no,no,no,low,no high-confidence cleanup rule matched
outputs/stage3/canonical_v1/raw/per_case_results_seed_level.csv,outputs/curated/stage3_sde/unknown_manual_review/canonical_v1/raw/per_case_results_seed_level.csv,UNKNOWN_NEEDS_MANUAL_REVIEW,metric_csv,no,no,no,low,no high-confidence cleanup rule matched
outputs/stage3/canonical_v1/raw/per_case_results_trajectory_level.csv,outputs/curated/stage3_sde/unknown_manual_review/canonical_v1/raw/per_case_results_trajectory_level.csv,UNKNOWN_NEEDS_MANUAL_REVIEW,metric_csv,no,no,no,low,no high-confidence cleanup rule matched
outputs/stage3/canonical_v1/raw/selected_ddpm_cases.json,outputs/curated/stage3_sde/unknown_manual_review/canonical_v1/raw/selected_ddpm_cases.json,UNKNOWN_NEEDS_MANUAL_REVIEW,json,no,no,no,low,no high-confidence cleanup rule matched
outputs/stage3/canonical_v1/tables/full_matrix_seed_level.csv,outputs/curated/stage3_sde/unknown_manual_review/canonical_v1/tables/full_matrix_seed_level.csv,UNKNOWN_NEEDS_MANUAL_REVIEW,metric_csv,no,no,no,low,no high-confidence cleanup rule matched
outputs/stage3/canonical_v1/tables/full_matrix_seed_level.md,outputs/curated/stage3_sde/unknown_manual_review/canonical_v1/tables/full_matrix_seed_level.md,UNKNOWN_NEEDS_MANUAL_REVIEW,markdown,no,no,no,low,no high-confidence cleanup rule matched
outputs/stage3/canonical_v1/tables/full_matrix_trajectory_level.csv,outputs/curated/stage3_sde/unknown_manual_review/canonical_v1/tables/full_matrix_trajectory_level.csv,UNKNOWN_NEEDS_MANUAL_REVIEW,metric_csv,no,no,no,low,no high-confidence cleanup rule matched
outputs/stage3/canonical_v1/tables/full_matrix_trajectory_level.md,outputs/curated/stage3_sde/unknown_manual_review/canonical_v1/tables/full_matrix_trajectory_level.md,UNKNOWN_NEEDS_MANUAL_REVIEW,markdown,no,no,no,low,no high-confidence cleanup rule matched
outputs/stage3/canonical_v1/tables/missing_cell_audit.csv,outputs/curated/stage3_sde/unknown_manual_review/canonical_v1/tables/missing_cell_audit.csv,UNKNOWN_NEEDS_MANUAL_REVIEW,metric_csv,no,no,no,low,no high-confidence cleanup rule matched
outputs/stage3/canonical_v1/tables/table2_complete_replacement.md,outputs/curated/stage3_sde/unknown_manual_review/canonical_v1/tables/table2_complete_replacement.md,UNKNOWN_NEEDS_MANUAL_REVIEW,markdown,no,no,no,low,no high-confidence cleanup rule matched
outputs/stage3/controlled_benchmark/degradation/clean.npy,outputs/curated/stage3_sde/unknown_manual_review/controlled_benchmark/degradation/clean.npy,UNKNOWN_NEEDS_MANUAL_REVIEW,array,no,no,no,low,no high-confidence cleanup rule matched
outputs/stage3/controlled_benchmark/degradation/degraded_missing_drift_span20_fixed_seed42.npy,outputs/curated/stage3_sde/unknown_manual_review/controlled_benchmark/degradation/degraded_missing_drift_span20_fixed_seed42.npy,UNKNOWN_NEEDS_MANUAL_REVIEW,array,no,no,no,low,no high-confidence cleanup rule matched
outputs/stage3/controlled_benchmark/degradation/degraded_missing_noise_drift_span20_fixed_seed42.npy,outputs/curated/stage3_sde/unknown_manual_review/controlled_benchmark/degradation/degraded_missing_noise_drift_span20_fixed_seed42.npy,UNKNOWN_NEEDS_MANUAL_REVIEW,array,no,no,no,low,no high-confidence cleanup rule matched
outputs/stage3/controlled_benchmark/degradation/degraded_missing_noise_span20_fixed_seed42.npy,outputs/curated/stage3_sde/unknown_manual_review/controlled_benchmark/degradation/degraded_missing_noise_span20_fixed_seed42.npy,UNKNOWN_NEEDS_MANUAL_REVIEW,array,no,no,no,low,no high-confidence cleanup rule matched
outputs/stage3/controlled_benchmark/degradation/degraded_missing_only_span20_fixed_seed42.npy,outputs/curated/stage3_sde/unknown_manual_review/controlled_benchmark/degradation/degraded_missing_only_span20_fixed_seed42.npy,UNKNOWN_NEEDS_MANUAL_REVIEW,array,no,no,no,low,no high-confidence cleanup rule matched
outputs/stage3/controlled_benchmark/degradation/mask_span20_fixed_seed42.npy,outputs/curated/stage3_sde/unknown_manual_review/controlled_benchmark/degradation/mask_span20_fixed_seed42.npy,UNKNOWN_NEEDS_MANUAL_REVIEW,array,no,no,no,low,no high-confidence cleanup rule matched
outputs/stage3/controlled_benchmark/degradation/metadata_span20_fixed_seed42.json,outputs/curated/stage3_sde/unknown_manual_review/controlled_benchmark/degradation/metadata_span20_fixed_seed42.json,UNKNOWN_NEEDS_MANUAL_REVIEW,json,no,no,no,low,no high-confidence cleanup rule matched
outputs/stage3/controlled_benchmark/eval/legacy_flat_metrics/kalman_geometry_metrics.json,outputs/curated/stage3_sde/unknown_manual_review/controlled_benchmark/legacy_flat_metrics/kalman_geometry_metrics.json,UNKNOWN_NEEDS_MANUAL_REVIEW,json,no,no,no,low,no high-confidence cleanup rule matched
outputs/stage3/controlled_benchmark/eval/legacy_flat_metrics/kalman_reconstruction_metrics.json,outputs/curated/stage3_sde/unknown_manual_review/controlled_benchmark/legacy_flat_metrics/kalman_reconstruction_metrics.json,UNKNOWN_NEEDS_MANUAL_REVIEW,json,no,no,no,low,no high-confidence cleanup rule matched
outputs/stage3/controlled_benchmark/eval/legacy_flat_metrics/kalman_room3_geometry_metrics.json,outputs/curated/stage3_sde/unknown_manual_review/controlled_benchmark/legacy_flat_metrics/kalman_room3_geometry_metrics.json,UNKNOWN_NEEDS_MANUAL_REVIEW,json,no,no,no,low,no high-confidence cleanup rule matched
outputs/stage3/controlled_benchmark/eval/legacy_flat_metrics/linear_interp_geometry_metrics.json,outputs/curated/stage3_sde/unknown_manual_review/controlled_benchmark/legacy_flat_metrics/linear_interp_geometry_metrics.json,UNKNOWN_NEEDS_MANUAL_REVIEW,json,no,no,no,low,no high-confidence cleanup rule matched
outputs/stage3/controlled_benchmark/eval/legacy_flat_metrics/linear_interp_reconstruction_metrics.json,outputs/curated/stage3_sde/unknown_manual_review/controlled_benchmark/legacy_flat_metrics/linear_interp_reconstruction_metrics.json,UNKNOWN_NEEDS_MANUAL_REVIEW,json,no,no,no,low,no high-confidence cleanup rule matched
outputs/stage3/controlled_benchmark/eval/legacy_flat_metrics/linear_interp_room3_geometry_metrics.json,outputs/curated/stage3_sde/unknown_manual_review/controlled_benchmark/legacy_flat_metrics/linear_interp_room3_geometry_metrics.json,UNKNOWN_NEEDS_MANUAL_REVIEW,json,no,no,no,low,no high-confidence cleanup rule matched
outputs/stage3/controlled_benchmark/eval/legacy_flat_metrics/savgol_geometry_metrics.json,outputs/curated/stage3_sde/unknown_manual_review/controlled_benchmark/legacy_flat_metrics/savgol_geometry_metrics.json,UNKNOWN_NEEDS_MANUAL_REVIEW,json,no,no,no,low,no high-confidence cleanup rule matched
outputs/stage3/controlled_benchmark/eval/legacy_flat_metrics/savgol_reconstruction_metrics.json,outputs/curated/stage3_sde/unknown_manual_review/controlled_benchmark/legacy_flat_metrics/savgol_reconstruction_metrics.json,UNKNOWN_NEEDS_MANUAL_REVIEW,json,no,no,no,low,no high-confidence cleanup rule matched
outputs/stage3/controlled_benchmark/eval/legacy_flat_metrics/savgol_room3_geometry_metrics.json,outputs/curated/stage3_sde/unknown_manual_review/controlled_benchmark/legacy_flat_metrics/savgol_room3_geometry_metrics.json,UNKNOWN_NEEDS_MANUAL_REVIEW,json,no,no,no,low,no high-confidence cleanup rule matched
outputs/stage3/controlled_benchmark/eval/metrics_summary.csv,outputs/curated/stage3_sde/unknown_manual_review/controlled_benchmark/eval/metrics_summary.csv,UNKNOWN_NEEDS_MANUAL_REVIEW,metric_csv,no,no,no,low,no high-confidence cleanup rule matched
outputs/stage3/controlled_benchmark/eval/metrics_summary.json,outputs/curated/stage3_sde/unknown_manual_review/controlled_benchmark/eval/metrics_summary.json,UNKNOWN_NEEDS_MANUAL_REVIEW,json,no,no,no,low,no high-confidence cleanup rule matched
outputs/stage3/controlled_benchmark/figures/bar_ADE_by_degradation.png,outputs/curated/stage3_sde/unknown_manual_review/controlled_benchmark/figures/bar_ADE_by_degradation.png,UNKNOWN_NEEDS_MANUAL_REVIEW,figure,no,no,no,low,no high-confidence cleanup rule matched
outputs/stage3/controlled_benchmark/figures/bar_RMSE_by_degradation.png,outputs/curated/stage3_sde/unknown_manual_review/controlled_benchmark/figures/bar_RMSE_by_degradation.png,UNKNOWN_NEEDS_MANUAL_REVIEW,figure,no,no,no,low,no high-confidence cleanup rule matched
outputs/stage3/controlled_benchmark/figures/bar_masked_ADE_by_degradation.png,outputs/curated/stage3_sde/unknown_manual_review/controlled_benchmark/figures/bar_masked_ADE_by_degradation.png,UNKNOWN_NEEDS_MANUAL_REVIEW,figure,no,no,no,low,no high-confidence cleanup rule matched
outputs/stage3/controlled_benchmark/figures/trajectory_example_missing_drift_sample0.png,outputs/curated/stage3_sde/unknown_manual_review/controlled_benchmark/figures/trajectory_example_missing_drift_sample0.png,UNKNOWN_NEEDS_MANUAL_REVIEW,figure,no,no,no,low,no high-confidence cleanup rule matched
outputs/stage3/controlled_benchmark/figures/trajectory_example_missing_noise_drift_sample0.png,outputs/curated/stage3_sde/unknown_manual_review/controlled_benchmark/figures/trajectory_example_missing_noise_drift_sample0.png,UNKNOWN_NEEDS_MANUAL_REVIEW,figure,no,no,no,low,no high-confidence cleanup rule matched
outputs/stage3/controlled_benchmark/figures/trajectory_example_missing_noise_sample0.png,outputs/curated/stage3_sde/unknown_manual_review/controlled_benchmark/figures/trajectory_example_missing_noise_sample0.png,UNKNOWN_NEEDS_MANUAL_REVIEW,figure,no,no,no,low,no high-confidence cleanup rule matched
outputs/stage3/controlled_benchmark/figures/trajectory_example_missing_only_sample0.png,outputs/curated/stage3_sde/unknown_manual_review/controlled_benchmark/figures/trajectory_example_missing_only_sample0.png,UNKNOWN_NEEDS_MANUAL_REVIEW,figure,no,no,no,low,no high-confidence cleanup rule matched
outputs/stage3/controlled_benchmark/reconstruction/recon_missing_drift_input_degraded_span20_fixed_seed42.npy,outputs/curated/stage3_sde/unknown_manual_review/controlled_benchmark/reconstruction/recon_missing_drift_input_degraded_span20_fixed_seed42.npy,UNKNOWN_NEEDS_MANUAL_REVIEW,array,no,no,no,low,no high-confidence cleanup rule matched
outputs/stage3/controlled_benchmark/reconstruction/recon_missing_drift_kalman_cv_dt1.0_q1e-3_r1e-2_span20_fixed_seed42.npy,outputs/curated/stage3_sde/unknown_manual_review/controlled_benchmark/reconstruction/recon_missing_drift_kalman_cv_dt1.0_q1e-3_r1e-2_span20_fixed_seed42.npy,UNKNOWN_NEEDS_MANUAL_REVIEW,array,no,no,no,low,no high-confidence cleanup rule matched
outputs/stage3/controlled_benchmark/reconstruction/recon_missing_drift_linear_interp_span20_fixed_seed42.npy,outputs/curated/stage3_sde/unknown_manual_review/controlled_benchmark/reconstruction/recon_missing_drift_linear_interp_span20_fixed_seed42.npy,UNKNOWN_NEEDS_MANUAL_REVIEW,array,no,no,no,low,no high-confidence cleanup rule matched
outputs/stage3/controlled_benchmark/reconstruction/recon_missing_drift_savgol_w5_p2_span20_fixed_seed42.npy,outputs/curated/stage3_sde/unknown_manual_review/controlled_benchmark/reconstruction/recon_missing_drift_savgol_w5_p2_span20_fixed_seed42.npy,UNKNOWN_NEEDS_MANUAL_REVIEW,array,no,no,no,low,no high-confidence cleanup rule matched
outputs/stage3/controlled_benchmark/reconstruction/recon_missing_noise_drift_input_degraded_span20_fixed_seed42.npy,outputs/curated/stage3_sde/unknown_manual_review/controlled_benchmark/reconstruction/recon_missing_noise_drift_input_degraded_span20_fixed_seed42.npy,UNKNOWN_NEEDS_MANUAL_REVIEW,array,no,no,no,low,no high-confidence cleanup rule matched
outputs/stage3/controlled_benchmark/reconstruction/recon_missing_noise_drift_kalman_cv_dt1.0_q1e-3_r1e-2_span20_fixed_seed42.npy,outputs/curated/stage3_sde/unknown_manual_review/controlled_benchmark/reconstruction/recon_missing_noise_drift_kalman_cv_dt1.0_q1e-3_r1e-2_span20_fixed_seed42.npy,UNKNOWN_NEEDS_MANUAL_REVIEW,array,no,no,no,low,no high-confidence cleanup rule matched
outputs/stage3/controlled_benchmark/reconstruction/recon_missing_noise_drift_linear_interp_span20_fixed_seed42.npy,outputs/curated/stage3_sde/unknown_manual_review/controlled_benchmark/reconstruction/recon_missing_noise_drift_linear_interp_span20_fixed_seed42.npy,UNKNOWN_NEEDS_MANUAL_REVIEW,array,no,no,no,low,no high-confidence cleanup rule matched
outputs/stage3/controlled_benchmark/reconstruction/recon_missing_noise_drift_savgol_w5_p2_span20_fixed_seed42.npy,outputs/curated/stage3_sde/unknown_manual_review/controlled_benchmark/reconstruction/recon_missing_noise_drift_savgol_w5_p2_span20_fixed_seed42.npy,UNKNOWN_NEEDS_MANUAL_REVIEW,array,no,no,no,low,no high-confidence cleanup rule matched
outputs/stage3/controlled_benchmark/reconstruction/recon_missing_noise_input_degraded_span20_fixed_seed42.npy,outputs/curated/stage3_sde/unknown_manual_review/controlled_benchmark/reconstruction/recon_missing_noise_input_degraded_span20_fixed_seed42.npy,UNKNOWN_NEEDS_MANUAL_REVIEW,array,no,no,no,low,no high-confidence cleanup rule matched
outputs/stage3/controlled_benchmark/reconstruction/recon_missing_noise_kalman_cv_dt1.0_q1e-3_r1e-2_span20_fixed_seed42.npy,outputs/curated/stage3_sde/unknown_manual_review/controlled_benchmark/reconstruction/recon_missing_noise_kalman_cv_dt1.0_q1e-3_r1e-2_span20_fixed_seed42.npy,UNKNOWN_NEEDS_MANUAL_REVIEW,array,no,no,no,low,no high-confidence cleanup rule matched
outputs/stage3/controlled_benchmark/reconstruction/recon_missing_noise_linear_interp_span20_fixed_seed42.npy,outputs/curated/stage3_sde/unknown_manual_review/controlled_benchmark/reconstruction/recon_missing_noise_linear_interp_span20_fixed_seed42.npy,UNKNOWN_NEEDS_MANUAL_REVIEW,array,no,no,no,low,no high-confidence cleanup rule matched
outputs/stage3/controlled_benchmark/reconstruction/recon_missing_noise_savgol_w5_p2_span20_fixed_seed42.npy,outputs/curated/stage3_sde/unknown_manual_review/controlled_benchmark/reconstruction/recon_missing_noise_savgol_w5_p2_span20_fixed_seed42.npy,UNKNOWN_NEEDS_MANUAL_REVIEW,array,no,no,no,low,no high-confidence cleanup rule matched
outputs/stage3/controlled_benchmark/reconstruction/recon_missing_only_input_degraded_span20_fixed_seed42.npy,outputs/curated/stage3_sde/unknown_manual_review/controlled_benchmark/reconstruction/recon_missing_only_input_degraded_span20_fixed_seed42.npy,UNKNOWN_NEEDS_MANUAL_REVIEW,array,no,no,no,low,no high-confidence cleanup rule matched
outputs/stage3/controlled_benchmark/reconstruction/recon_missing_only_kalman_cv_dt1.0_q1e-3_r1e-2_span20_fixed_seed42.npy,outputs/curated/stage3_sde/unknown_manual_review/controlled_benchmark/reconstruction/recon_missing_only_kalman_cv_dt1.0_q1e-3_r1e-2_span20_fixed_seed42.npy,UNKNOWN_NEEDS_MANUAL_REVIEW,array,no,no,no,low,no high-confidence cleanup rule matched
outputs/stage3/controlled_benchmark/reconstruction/recon_missing_only_linear_interp_span20_fixed_seed42.npy,outputs/curated/stage3_sde/unknown_manual_review/controlled_benchmark/reconstruction/recon_missing_only_linear_interp_span20_fixed_seed42.npy,UNKNOWN_NEEDS_MANUAL_REVIEW,array,no,no,no,low,no high-confidence cleanup rule matched
outputs/stage3/controlled_benchmark/reconstruction/recon_missing_only_savgol_w5_p2_span20_fixed_seed42.npy,outputs/curated/stage3_sde/unknown_manual_review/controlled_benchmark/reconstruction/recon_missing_only_savgol_w5_p2_span20_fixed_seed42.npy,UNKNOWN_NEEDS_MANUAL_REVIEW,array,no,no,no,low,no high-confidence cleanup rule matched
outputs/stage3/correction_exp01_ethucy_indomain_quick/CHANGELOG.md,outputs/curated/stage3_sde/unknown_manual_review/correction_exp01_ethucy_indomain_quick/correction_exp01_ethucy_indomain_quick/CHANGELOG.md,UNKNOWN_NEEDS_MANUAL_REVIEW,markdown,no,no,no,low,no high-confidence cleanup rule matched
outputs/stage3/correction_exp01_ethucy_indomain_quick/README.md,outputs/curated/stage3_sde/unknown_manual_review/correction_exp01_ethucy_indomain_quick/correction_exp01_ethucy_indomain_quick/README.md,UNKNOWN_NEEDS_MANUAL_REVIEW,markdown,no,no,no,low,no high-confidence cleanup rule matched
outputs/stage3/correction_exp01_ethucy_indomain_quick/config/exp01_config.json,outputs/curated/stage3_sde/unknown_manual_review/correction_exp01_ethucy_indomain_quick/config/exp01_config.json,UNKNOWN_NEEDS_MANUAL_REVIEW,json,no,no,no,low,no high-confidence cleanup rule matched
outputs/stage3/correction_exp01_ethucy_indomain_quick/figures/best_ddpm_improvement_five_column.png,outputs/curated/stage3_sde/unknown_manual_review/correction_exp01_ethucy_indomain_quick/figures/best_ddpm_improvement_five_column.png,UNKNOWN_NEEDS_MANUAL_REVIEW,figure,no,no,no,low,no high-confidence cleanup rule matched
outputs/stage3/correction_exp01_ethucy_indomain_quick/figures/median_case_five_column.png,outputs/curated/stage3_sde/unknown_manual_review/correction_exp01_ethucy_indomain_quick/figures/median_case_five_column.png,UNKNOWN_NEEDS_MANUAL_REVIEW,figure,no,no,no,low,no high-confidence cleanup rule matched
outputs/stage3/correction_exp01_ethucy_indomain_quick/figures/worst_ddpm_degradation_five_column.png,outputs/curated/stage3_sde/unknown_manual_review/correction_exp01_ethucy_indomain_quick/figures/worst_ddpm_degradation_five_column.png,UNKNOWN_NEEDS_MANUAL_REVIEW,figure,no,no,no,low,no high-confidence cleanup rule matched
outputs/stage3/correction_exp01_ethucy_indomain_quick/logs/run_log.txt,outputs/curated/stage3_sde/unknown_manual_review/correction_exp01_ethucy_indomain_quick/logs/run_log.txt,UNKNOWN_NEEDS_MANUAL_REVIEW,other,no,no,no,low,no high-confidence cleanup rule matched
outputs/stage3/correction_exp01_ethucy_indomain_quick/raw/per_case_results.csv,outputs/curated/stage3_sde/unknown_manual_review/correction_exp01_ethucy_indomain_quick/raw/per_case_results.csv,UNKNOWN_NEEDS_MANUAL_REVIEW,metric_csv,no,no,no,low,no high-confidence cleanup rule matched
outputs/stage3/correction_exp01_ethucy_indomain_quick/raw/selected_cases.json,outputs/curated/stage3_sde/unknown_manual_review/correction_exp01_ethucy_indomain_quick/raw/selected_cases.json,UNKNOWN_NEEDS_MANUAL_REVIEW,json,no,no,no,low,no high-confidence cleanup rule matched
outputs/stage3/correction_exp01_ethucy_indomain_quick/tables/full_stats_matrix.csv,outputs/curated/stage3_sde/unknown_manual_review/correction_exp01_ethucy_indomain_quick/tables/full_stats_matrix.csv,UNKNOWN_NEEDS_MANUAL_REVIEW,metric_csv,no,no,no,low,no high-confidence cleanup rule matched
outputs/stage3/correction_exp01_ethucy_indomain_quick/tables/full_stats_matrix.md,outputs/curated/stage3_sde/unknown_manual_review/correction_exp01_ethucy_indomain_quick/tables/full_stats_matrix.md,UNKNOWN_NEEDS_MANUAL_REVIEW,markdown,no,no,no,low,no high-confidence cleanup rule matched
outputs/stage3/correction_exp01_ethucy_indomain_quick/tables/summary_key_metrics.md,outputs/curated/stage3_sde/unknown_manual_review/correction_exp01_ethucy_indomain_quick/tables/summary_key_metrics.md,UNKNOWN_NEEDS_MANUAL_REVIEW,markdown,no,no,no,low,no high-confidence cleanup rule matched
outputs/stage3/diagnosis/DIAGNOSIS.md,outputs/curated/stage3_sde/unknown_manual_review/diagnosis/diagnosis/DIAGNOSIS.md,UNKNOWN_NEEDS_MANUAL_REVIEW,markdown,no,no,no,low,no high-confidence cleanup rule matched
outputs/stage3/diagnosis/scale_comparison.csv,outputs/curated/stage3_sde/unknown_manual_review/diagnosis/diagnosis/scale_comparison.csv,UNKNOWN_NEEDS_MANUAL_REVIEW,metric_csv,no,no,no,low,no high-confidence cleanup rule matched
outputs/stage3/diagnosis/v3_diagnosis_table.csv,outputs/curated/stage3_sde/unknown_manual_review/diagnosis/diagnosis/v3_diagnosis_table.csv,UNKNOWN_NEEDS_MANUAL_REVIEW,metric_csv,no,no,no,low,no high-confidence cleanup rule matched
outputs/stage3/exp01_ethucy_indomain_quick/CHANGELOG.md,outputs/curated/stage3_sde/unknown_manual_review/exp01_ethucy_indomain_quick/exp01_ethucy_indomain_quick/CHANGELOG.md,UNKNOWN_NEEDS_MANUAL_REVIEW,markdown,no,no,no,low,no high-confidence cleanup rule matched
outputs/stage3/exp01_ethucy_indomain_quick/README.md,outputs/curated/stage3_sde/unknown_manual_review/exp01_ethucy_indomain_quick/exp01_ethucy_indomain_quick/README.md,UNKNOWN_NEEDS_MANUAL_REVIEW,markdown,no,no,no,low,no high-confidence cleanup rule matched
outputs/stage3/exp01_ethucy_indomain_quick/config/exp01_config.json,outputs/curated/stage3_sde/unknown_manual_review/exp01_ethucy_indomain_quick/config/exp01_config.json,UNKNOWN_NEEDS_MANUAL_REVIEW,json,no,no,no,low,no high-confidence cleanup rule matched
outputs/stage3/exp01_ethucy_indomain_quick/figures/best_ddpm_improvement_five_column.png,outputs/curated/stage3_sde/unknown_manual_review/exp01_ethucy_indomain_quick/figures/best_ddpm_improvement_five_column.png,UNKNOWN_NEEDS_MANUAL_REVIEW,figure,no,no,no,low,no high-confidence cleanup rule matched
outputs/stage3/exp01_ethucy_indomain_quick/figures/median_case_five_column.png,outputs/curated/stage3_sde/unknown_manual_review/exp01_ethucy_indomain_quick/figures/median_case_five_column.png,UNKNOWN_NEEDS_MANUAL_REVIEW,figure,no,no,no,low,no high-confidence cleanup rule matched
outputs/stage3/exp01_ethucy_indomain_quick/figures/worst_ddpm_degradation_five_column.png,outputs/curated/stage3_sde/unknown_manual_review/exp01_ethucy_indomain_quick/figures/worst_ddpm_degradation_five_column.png,UNKNOWN_NEEDS_MANUAL_REVIEW,figure,no,no,no,low,no high-confidence cleanup rule matched
outputs/stage3/exp01_ethucy_indomain_quick/logs/run_log.txt,outputs/curated/stage3_sde/unknown_manual_review/exp01_ethucy_indomain_quick/logs/run_log.txt,UNKNOWN_NEEDS_MANUAL_REVIEW,other,no,no,no,low,no high-confidence cleanup rule matched
outputs/stage3/exp01_ethucy_indomain_quick/raw/per_case_results.csv,outputs/curated/stage3_sde/unknown_manual_review/exp01_ethucy_indomain_quick/raw/per_case_results.csv,UNKNOWN_NEEDS_MANUAL_REVIEW,metric_csv,no,no,no,low,no high-confidence cleanup rule matched
outputs/stage3/exp01_ethucy_indomain_quick/raw/selected_cases.json,outputs/curated/stage3_sde/unknown_manual_review/exp01_ethucy_indomain_quick/raw/selected_cases.json,UNKNOWN_NEEDS_MANUAL_REVIEW,json,no,no,no,low,no high-confidence cleanup rule matched
outputs/stage3/exp01_ethucy_indomain_quick/tables/full_stats_matrix.csv,outputs/curated/stage3_sde/unknown_manual_review/exp01_ethucy_indomain_quick/tables/full_stats_matrix.csv,UNKNOWN_NEEDS_MANUAL_REVIEW,metric_csv,no,no,no,low,no high-confidence cleanup rule matched
outputs/stage3/exp01_ethucy_indomain_quick/tables/full_stats_matrix.md,outputs/curated/stage3_sde/unknown_manual_review/exp01_ethucy_indomain_quick/tables/full_stats_matrix.md,UNKNOWN_NEEDS_MANUAL_REVIEW,markdown,no,no,no,low,no high-confidence cleanup rule matched
outputs/stage3/exp01_ethucy_indomain_quick/tables/summary_key_metrics.md,outputs/curated/stage3_sde/unknown_manual_review/exp01_ethucy_indomain_quick/tables/summary_key_metrics.md,UNKNOWN_NEEDS_MANUAL_REVIEW,markdown,no,no,no,low,no high-confidence cleanup rule matched
outputs/stage3/geometry_extension/geometry_profiles_summary.csv,outputs/curated/stage3_sde/unknown_manual_review/geometry_extension/geometry_extension/geometry_profiles_summary.csv,UNKNOWN_NEEDS_MANUAL_REVIEW,metric_csv,no,no,no,low,no high-confidence cleanup rule matched
outputs/stage3/geometry_extension/geometry_profiles_summary.md,outputs/curated/stage3_sde/unknown_manual_review/geometry_extension/geometry_extension/geometry_profiles_summary.md,UNKNOWN_NEEDS_MANUAL_REVIEW,markdown,no,no,no,low,no high-confidence cleanup rule matched
outputs/stage3/geometry_extension/obstacle_v1/feasible_indices.npy,outputs/curated/stage3_sde/unknown_manual_review/geometry_extension/obstacle_v1/feasible_indices.npy,UNKNOWN_NEEDS_MANUAL_REVIEW,array,no,no,no,low,no high-confidence cleanup rule matched
outputs/stage3/geometry_extension/obstacle_v1/figures/geometry_violation_summary.png,outputs/curated/stage3_sde/unknown_manual_review/geometry_extension/figures/geometry_violation_summary.png,UNKNOWN_NEEDS_MANUAL_REVIEW,figure,no,no,no,low,no high-confidence cleanup rule matched
outputs/stage3/geometry_extension/obstacle_v1/figures/obstacle_v1_layout.png,outputs/curated/stage3_sde/unknown_manual_review/geometry_extension/figures/obstacle_v1_layout.png,UNKNOWN_NEEDS_MANUAL_REVIEW,figure,no,no,no,low,no high-confidence cleanup rule matched
outputs/stage3/geometry_extension/obstacle_v1/geometry_extension_report.md,outputs/curated/stage3_sde/unknown_manual_review/geometry_extension/obstacle_v1/geometry_extension_report.md,UNKNOWN_NEEDS_MANUAL_REVIEW,markdown,no,no,no,low,no high-confidence cleanup rule matched
outputs/stage3/geometry_extension/obstacle_v1/geometry_filter_summary.csv,outputs/curated/stage3_sde/unknown_manual_review/geometry_extension/obstacle_v1/geometry_filter_summary.csv,UNKNOWN_NEEDS_MANUAL_REVIEW,metric_csv,no,no,no,low,no high-confidence cleanup rule matched
outputs/stage3/geometry_extension/obstacle_v1/geometry_metrics.csv,outputs/curated/stage3_sde/unknown_manual_review/geometry_extension/obstacle_v1/geometry_metrics.csv,UNKNOWN_NEEDS_MANUAL_REVIEW,metric_csv,no,no,no,low,no high-confidence cleanup rule matched
outputs/stage3/geometry_extension/obstacle_v1/geometry_summary.csv,outputs/curated/stage3_sde/unknown_manual_review/geometry_extension/obstacle_v1/geometry_summary.csv,UNKNOWN_NEEDS_MANUAL_REVIEW,metric_csv,no,no,no,low,no high-confidence cleanup rule matched
outputs/stage3/geometry_extension/two_room_v1/feasible_indices.npy,outputs/curated/stage3_sde/unknown_manual_review/geometry_extension/two_room_v1/feasible_indices.npy,UNKNOWN_NEEDS_MANUAL_REVIEW,array,no,no,no,low,no high-confidence cleanup rule matched
outputs/stage3/geometry_extension/two_room_v1/figures/geometry_violation_summary.png,outputs/curated/stage3_sde/unknown_manual_review/geometry_extension/figures/geometry_violation_summary.png,UNKNOWN_NEEDS_MANUAL_REVIEW,figure,no,no,no,low,no high-confidence cleanup rule matched
outputs/stage3/geometry_extension/two_room_v1/figures/two_room_v1_layout.png,outputs/curated/stage3_sde/unknown_manual_review/geometry_extension/figures/two_room_v1_layout.png,UNKNOWN_NEEDS_MANUAL_REVIEW,figure,no,no,no,low,no high-confidence cleanup rule matched
outputs/stage3/geometry_extension/two_room_v1/geometry_extension_report.md,outputs/curated/stage3_sde/unknown_manual_review/geometry_extension/two_room_v1/geometry_extension_report.md,UNKNOWN_NEEDS_MANUAL_REVIEW,markdown,no,no,no,low,no high-confidence cleanup rule matched
outputs/stage3/geometry_extension/two_room_v1/geometry_filter_summary.csv,outputs/curated/stage3_sde/unknown_manual_review/geometry_extension/two_room_v1/geometry_filter_summary.csv,UNKNOWN_NEEDS_MANUAL_REVIEW,metric_csv,no,no,no,low,no high-confidence cleanup rule matched
outputs/stage3/geometry_extension/two_room_v1/geometry_metrics.csv,outputs/curated/stage3_sde/unknown_manual_review/geometry_extension/two_room_v1/geometry_metrics.csv,UNKNOWN_NEEDS_MANUAL_REVIEW,metric_csv,no,no,no,low,no high-confidence cleanup rule matched
outputs/stage3/geometry_extension/two_room_v1/geometry_summary.csv,outputs/curated/stage3_sde/unknown_manual_review/geometry_extension/two_room_v1/geometry_summary.csv,UNKNOWN_NEEDS_MANUAL_REVIEW,metric_csv,no,no,no,low,no high-confidence cleanup rule matched
outputs/stage3/inpainting_experiment/REPORT.md,outputs/curated/stage3_sde/unknown_manual_review/inpainting_experiment/inpainting_experiment/REPORT.md,UNKNOWN_NEEDS_MANUAL_REVIEW,markdown,no,no,no,low,no high-confidence cleanup rule matched
outputs/stage3/inpainting_experiment/full_results.csv,outputs/curated/stage3_sde/unknown_manual_review/inpainting_experiment/inpainting_experiment/full_results.csv,UNKNOWN_NEEDS_MANUAL_REVIEW,metric_csv,no,no,no,low,no high-confidence cleanup rule matched
outputs/stage3/inpainting_experiment/trajectory_plots/case_p10_sample930.png,outputs/curated/stage3_sde/unknown_manual_review/inpainting_experiment/trajectory_plots/case_p10_sample930.png,UNKNOWN_NEEDS_MANUAL_REVIEW,figure,no,no,no,low,no high-confidence cleanup rule matched
outputs/stage3/inpainting_experiment/trajectory_plots/case_p25_sample63.png,outputs/curated/stage3_sde/unknown_manual_review/inpainting_experiment/trajectory_plots/case_p25_sample63.png,UNKNOWN_NEEDS_MANUAL_REVIEW,figure,no,no,no,low,no high-confidence cleanup rule matched
outputs/stage3/inpainting_experiment/trajectory_plots/case_p50_sample334.png,outputs/curated/stage3_sde/unknown_manual_review/inpainting_experiment/trajectory_plots/case_p50_sample334.png,UNKNOWN_NEEDS_MANUAL_REVIEW,figure,no,no,no,low,no high-confidence cleanup rule matched
outputs/stage3/inpainting_experiment/trajectory_plots/case_p75_sample62.png,outputs/curated/stage3_sde/unknown_manual_review/inpainting_experiment/trajectory_plots/case_p75_sample62.png,UNKNOWN_NEEDS_MANUAL_REVIEW,figure,no,no,no,low,no high-confidence cleanup rule matched
outputs/stage3/inpainting_experiment/trajectory_plots/case_p90_sample968.png,outputs/curated/stage3_sde/unknown_manual_review/inpainting_experiment/trajectory_plots/case_p90_sample968.png,UNKNOWN_NEEDS_MANUAL_REVIEW,figure,no,no,no,low,no high-confidence cleanup rule matched
outputs/stage3/inpainting_experiment/variance_decomposition.csv,outputs/curated/stage3_sde/unknown_manual_review/inpainting_experiment/inpainting_experiment/variance_decomposition.csv,UNKNOWN_NEEDS_MANUAL_REVIEW,metric_csv,no,no,no,low,no high-confidence cleanup rule matched
outputs/stage3/phase1/canonical_room3/baselines/span10_fixed_seed42/kalman_cv_dt1.0_q1e-3_r1e-2/results.npz,outputs/curated/stage3_sde/unknown_manual_review/phase1/kalman_cv_dt1.0_q1e-3_r1e-2/results.npz,UNKNOWN_NEEDS_MANUAL_REVIEW,array,no,no,no,low,no high-confidence cleanup rule matched
outputs/stage3/phase1/canonical_room3/baselines/span10_fixed_seed42/linear_interp/results.npz,outputs/curated/stage3_sde/unknown_manual_review/phase1/linear_interp/results.npz,UNKNOWN_NEEDS_MANUAL_REVIEW,array,no,no,no,low,no high-confidence cleanup rule matched
outputs/stage3/phase1/canonical_room3/baselines/span10_fixed_seed42/savgol_w5_p2/results.npz,outputs/curated/stage3_sde/unknown_manual_review/phase1/savgol_w5_p2/results.npz,UNKNOWN_NEEDS_MANUAL_REVIEW,array,no,no,no,low,no high-confidence cleanup rule matched
outputs/stage3/phase1/canonical_room3/baselines/span20_fixed_seed42/kalman_cv_dt1.0_q1e-3_r1e-2/results.npz,outputs/curated/stage3_sde/unknown_manual_review/phase1/kalman_cv_dt1.0_q1e-3_r1e-2/results.npz,UNKNOWN_NEEDS_MANUAL_REVIEW,array,no,no,no,low,no high-confidence cleanup rule matched
outputs/stage3/phase1/canonical_room3/baselines/span20_fixed_seed42/linear_interp/results.npz,outputs/curated/stage3_sde/unknown_manual_review/phase1/linear_interp/results.npz,UNKNOWN_NEEDS_MANUAL_REVIEW,array,no,no,no,low,no high-confidence cleanup rule matched
outputs/stage3/phase1/canonical_room3/baselines/span20_fixed_seed42/savgol_w5_p2/results.npz,outputs/curated/stage3_sde/unknown_manual_review/phase1/savgol_w5_p2/results.npz,UNKNOWN_NEEDS_MANUAL_REVIEW,array,no,no,no,low,no high-confidence cleanup rule matched
outputs/stage3/phase1/canonical_room3/baselines/span20_random_seed0/kalman_cv_dt1.0_q1e-3_r1e-2/results.npz,outputs/curated/stage3_sde/unknown_manual_review/phase1/kalman_cv_dt1.0_q1e-3_r1e-2/results.npz,UNKNOWN_NEEDS_MANUAL_REVIEW,array,no,no,no,low,no high-confidence cleanup rule matched
outputs/stage3/phase1/canonical_room3/baselines/span20_random_seed0/linear_interp/results.npz,outputs/curated/stage3_sde/unknown_manual_review/phase1/linear_interp/results.npz,UNKNOWN_NEEDS_MANUAL_REVIEW,array,no,no,no,low,no high-confidence cleanup rule matched
outputs/stage3/phase1/canonical_room3/baselines/span20_random_seed0/savgol_w5_p2/results.npz,outputs/curated/stage3_sde/unknown_manual_review/phase1/savgol_w5_p2/results.npz,UNKNOWN_NEEDS_MANUAL_REVIEW,array,no,no,no,low,no high-confidence cleanup rule matched
outputs/stage3/phase1/canonical_room3/baselines/span20_random_seed1/kalman_cv_dt1.0_q1e-3_r1e-2/results.npz,outputs/curated/stage3_sde/unknown_manual_review/phase1/kalman_cv_dt1.0_q1e-3_r1e-2/results.npz,UNKNOWN_NEEDS_MANUAL_REVIEW,array,no,no,no,low,no high-confidence cleanup rule matched
outputs/stage3/phase1/canonical_room3/baselines/span20_random_seed1/linear_interp/results.npz,outputs/curated/stage3_sde/unknown_manual_review/phase1/linear_interp/results.npz,UNKNOWN_NEEDS_MANUAL_REVIEW,array,no,no,no,low,no high-confidence cleanup rule matched
outputs/stage3/phase1/canonical_room3/baselines/span20_random_seed1/savgol_w5_p2/results.npz,outputs/curated/stage3_sde/unknown_manual_review/phase1/savgol_w5_p2/results.npz,UNKNOWN_NEEDS_MANUAL_REVIEW,array,no,no,no,low,no high-confidence cleanup rule matched
outputs/stage3/phase1/canonical_room3/baselines/span20_random_seed10/kalman_cv_dt1.0_q1e-3_r1e-2/results.npz,outputs/curated/stage3_sde/unknown_manual_review/phase1/kalman_cv_dt1.0_q1e-3_r1e-2/results.npz,UNKNOWN_NEEDS_MANUAL_REVIEW,array,no,no,no,low,no high-confidence cleanup rule matched
outputs/stage3/phase1/canonical_room3/baselines/span20_random_seed10/linear_interp/results.npz,outputs/curated/stage3_sde/unknown_manual_review/phase1/linear_interp/results.npz,UNKNOWN_NEEDS_MANUAL_REVIEW,array,no,no,no,low,no high-confidence cleanup rule matched
outputs/stage3/phase1/canonical_room3/baselines/span20_random_seed10/savgol_w5_p2/results.npz,outputs/curated/stage3_sde/unknown_manual_review/phase1/savgol_w5_p2/results.npz,UNKNOWN_NEEDS_MANUAL_REVIEW,array,no,no,no,low,no high-confidence cleanup rule matched
outputs/stage3/phase1/canonical_room3/baselines/span20_random_seed11/kalman_cv_dt1.0_q1e-3_r1e-2/results.npz,outputs/curated/stage3_sde/unknown_manual_review/phase1/kalman_cv_dt1.0_q1e-3_r1e-2/results.npz,UNKNOWN_NEEDS_MANUAL_REVIEW,array,no,no,no,low,no high-confidence cleanup rule matched
outputs/stage3/phase1/canonical_room3/baselines/span20_random_seed11/linear_interp/results.npz,outputs/curated/stage3_sde/unknown_manual_review/phase1/linear_interp/results.npz,UNKNOWN_NEEDS_MANUAL_REVIEW,array,no,no,no,low,no high-confidence cleanup rule matched
outputs/stage3/phase1/canonical_room3/baselines/span20_random_seed11/savgol_w5_p2/results.npz,outputs/curated/stage3_sde/unknown_manual_review/phase1/savgol_w5_p2/results.npz,UNKNOWN_NEEDS_MANUAL_REVIEW,array,no,no,no,low,no high-confidence cleanup rule matched
outputs/stage3/phase1/canonical_room3/baselines/span20_random_seed12/kalman_cv_dt1.0_q1e-3_r1e-2/results.npz,outputs/curated/stage3_sde/unknown_manual_review/phase1/kalman_cv_dt1.0_q1e-3_r1e-2/results.npz,UNKNOWN_NEEDS_MANUAL_REVIEW,array,no,no,no,low,no high-confidence cleanup rule matched
outputs/stage3/phase1/canonical_room3/baselines/span20_random_seed12/linear_interp/results.npz,outputs/curated/stage3_sde/unknown_manual_review/phase1/linear_interp/results.npz,UNKNOWN_NEEDS_MANUAL_REVIEW,array,no,no,no,low,no high-confidence cleanup rule matched
outputs/stage3/phase1/canonical_room3/baselines/span20_random_seed12/savgol_w5_p2/results.npz,outputs/curated/stage3_sde/unknown_manual_review/phase1/savgol_w5_p2/results.npz,UNKNOWN_NEEDS_MANUAL_REVIEW,array,no,no,no,low,no high-confidence cleanup rule matched
outputs/stage3/phase1/canonical_room3/baselines/span20_random_seed13/kalman_cv_dt1.0_q1e-3_r1e-2/results.npz,outputs/curated/stage3_sde/unknown_manual_review/phase1/kalman_cv_dt1.0_q1e-3_r1e-2/results.npz,UNKNOWN_NEEDS_MANUAL_REVIEW,array,no,no,no,low,no high-confidence cleanup rule matched
outputs/stage3/phase1/canonical_room3/baselines/span20_random_seed13/linear_interp/results.npz,outputs/curated/stage3_sde/unknown_manual_review/phase1/linear_interp/results.npz,UNKNOWN_NEEDS_MANUAL_REVIEW,array,no,no,no,low,no high-confidence cleanup rule matched
outputs/stage3/phase1/canonical_room3/baselines/span20_random_seed13/savgol_w5_p2/results.npz,outputs/curated/stage3_sde/unknown_manual_review/phase1/savgol_w5_p2/results.npz,UNKNOWN_NEEDS_MANUAL_REVIEW,array,no,no,no,low,no high-confidence cleanup rule matched
outputs/stage3/phase1/canonical_room3/baselines/span20_random_seed14/kalman_cv_dt1.0_q1e-3_r1e-2/results.npz,outputs/curated/stage3_sde/unknown_manual_review/phase1/kalman_cv_dt1.0_q1e-3_r1e-2/results.npz,UNKNOWN_NEEDS_MANUAL_REVIEW,array,no,no,no,low,no high-confidence cleanup rule matched
outputs/stage3/phase1/canonical_room3/baselines/span20_random_seed14/linear_interp/results.npz,outputs/curated/stage3_sde/unknown_manual_review/phase1/linear_interp/results.npz,UNKNOWN_NEEDS_MANUAL_REVIEW,array,no,no,no,low,no high-confidence cleanup rule matched
outputs/stage3/phase1/canonical_room3/baselines/span20_random_seed14/savgol_w5_p2/results.npz,outputs/curated/stage3_sde/unknown_manual_review/phase1/savgol_w5_p2/results.npz,UNKNOWN_NEEDS_MANUAL_REVIEW,array,no,no,no,low,no high-confidence cleanup rule matched
outputs/stage3/phase1/canonical_room3/baselines/span20_random_seed15/kalman_cv_dt1.0_q1e-3_r1e-2/results.npz,outputs/curated/stage3_sde/unknown_manual_review/phase1/kalman_cv_dt1.0_q1e-3_r1e-2/results.npz,UNKNOWN_NEEDS_MANUAL_REVIEW,array,no,no,no,low,no high-confidence cleanup rule matched
outputs/stage3/phase1/canonical_room3/baselines/span20_random_seed15/linear_interp/results.npz,outputs/curated/stage3_sde/unknown_manual_review/phase1/linear_interp/results.npz,UNKNOWN_NEEDS_MANUAL_REVIEW,array,no,no,no,low,no high-confidence cleanup rule matched
outputs/stage3/phase1/canonical_room3/baselines/span20_random_seed15/savgol_w5_p2/results.npz,outputs/curated/stage3_sde/unknown_manual_review/phase1/savgol_w5_p2/results.npz,UNKNOWN_NEEDS_MANUAL_REVIEW,array,no,no,no,low,no high-confidence cleanup rule matched
outputs/stage3/phase1/canonical_room3/baselines/span20_random_seed16/kalman_cv_dt1.0_q1e-3_r1e-2/results.npz,outputs/curated/stage3_sde/unknown_manual_review/phase1/kalman_cv_dt1.0_q1e-3_r1e-2/results.npz,UNKNOWN_NEEDS_MANUAL_REVIEW,array,no,no,no,low,no high-confidence cleanup rule matched
outputs/stage3/phase1/canonical_room3/baselines/span20_random_seed16/linear_interp/results.npz,outputs/curated/stage3_sde/unknown_manual_review/phase1/linear_interp/results.npz,UNKNOWN_NEEDS_MANUAL_REVIEW,array,no,no,no,low,no high-confidence cleanup rule matched
outputs/stage3/phase1/canonical_room3/baselines/span20_random_seed16/savgol_w5_p2/results.npz,outputs/curated/stage3_sde/unknown_manual_review/phase1/savgol_w5_p2/results.npz,UNKNOWN_NEEDS_MANUAL_REVIEW,array,no,no,no,low,no high-confidence cleanup rule matched
outputs/stage3/phase1/canonical_room3/baselines/span20_random_seed17/kalman_cv_dt1.0_q1e-3_r1e-2/results.npz,outputs/curated/stage3_sde/unknown_manual_review/phase1/kalman_cv_dt1.0_q1e-3_r1e-2/results.npz,UNKNOWN_NEEDS_MANUAL_REVIEW,array,no,no,no,low,no high-confidence cleanup rule matched
outputs/stage3/phase1/canonical_room3/baselines/span20_random_seed17/linear_interp/results.npz,outputs/curated/stage3_sde/unknown_manual_review/phase1/linear_interp/results.npz,UNKNOWN_NEEDS_MANUAL_REVIEW,array,no,no,no,low,no high-confidence cleanup rule matched
outputs/stage3/phase1/canonical_room3/baselines/span20_random_seed17/savgol_w5_p2/results.npz,outputs/curated/stage3_sde/unknown_manual_review/phase1/savgol_w5_p2/results.npz,UNKNOWN_NEEDS_MANUAL_REVIEW,array,no,no,no,low,no high-confidence cleanup rule matched
outputs/stage3/phase1/canonical_room3/baselines/span20_random_seed18/kalman_cv_dt1.0_q1e-3_r1e-2/results.npz,outputs/curated/stage3_sde/unknown_manual_review/phase1/kalman_cv_dt1.0_q1e-3_r1e-2/results.npz,UNKNOWN_NEEDS_MANUAL_REVIEW,array,no,no,no,low,no high-confidence cleanup rule matched
outputs/stage3/phase1/canonical_room3/baselines/span20_random_seed18/linear_interp/results.npz,outputs/curated/stage3_sde/unknown_manual_review/phase1/linear_interp/results.npz,UNKNOWN_NEEDS_MANUAL_REVIEW,array,no,no,no,low,no high-confidence cleanup rule matched
outputs/stage3/phase1/canonical_room3/baselines/span20_random_seed18/savgol_w5_p2/results.npz,outputs/curated/stage3_sde/unknown_manual_review/phase1/savgol_w5_p2/results.npz,UNKNOWN_NEEDS_MANUAL_REVIEW,array,no,no,no,low,no high-confidence cleanup rule matched
outputs/stage3/phase1/canonical_room3/baselines/span20_random_seed19/kalman_cv_dt1.0_q1e-3_r1e-2/results.npz,outputs/curated/stage3_sde/unknown_manual_review/phase1/kalman_cv_dt1.0_q1e-3_r1e-2/results.npz,UNKNOWN_NEEDS_MANUAL_REVIEW,array,no,no,no,low,no high-confidence cleanup rule matched
outputs/stage3/phase1/canonical_room3/baselines/span20_random_seed19/linear_interp/results.npz,outputs/curated/stage3_sde/unknown_manual_review/phase1/linear_interp/results.npz,UNKNOWN_NEEDS_MANUAL_REVIEW,array,no,no,no,low,no high-confidence cleanup rule matched
outputs/stage3/phase1/canonical_room3/baselines/span20_random_seed19/savgol_w5_p2/results.npz,outputs/curated/stage3_sde/unknown_manual_review/phase1/savgol_w5_p2/results.npz,UNKNOWN_NEEDS_MANUAL_REVIEW,array,no,no,no,low,no high-confidence cleanup rule matched
outputs/stage3/phase1/canonical_room3/baselines/span20_random_seed2/kalman_cv_dt1.0_q1e-3_r1e-2/results.npz,outputs/curated/stage3_sde/unknown_manual_review/phase1/kalman_cv_dt1.0_q1e-3_r1e-2/results.npz,UNKNOWN_NEEDS_MANUAL_REVIEW,array,no,no,no,low,no high-confidence cleanup rule matched
outputs/stage3/phase1/canonical_room3/baselines/span20_random_seed2/linear_interp/results.npz,outputs/curated/stage3_sde/unknown_manual_review/phase1/linear_interp/results.npz,UNKNOWN_NEEDS_MANUAL_REVIEW,array,no,no,no,low,no high-confidence cleanup rule matched
outputs/stage3/phase1/canonical_room3/baselines/span20_random_seed2/savgol_w5_p2/results.npz,outputs/curated/stage3_sde/unknown_manual_review/phase1/savgol_w5_p2/results.npz,UNKNOWN_NEEDS_MANUAL_REVIEW,array,no,no,no,low,no high-confidence cleanup rule matched
outputs/stage3/phase1/canonical_room3/baselines/span20_random_seed3/kalman_cv_dt1.0_q1e-3_r1e-2/results.npz,outputs/curated/stage3_sde/unknown_manual_review/phase1/kalman_cv_dt1.0_q1e-3_r1e-2/results.npz,UNKNOWN_NEEDS_MANUAL_REVIEW,array,no,no,no,low,no high-confidence cleanup rule matched
outputs/stage3/phase1/canonical_room3/baselines/span20_random_seed3/linear_interp/results.npz,outputs/curated/stage3_sde/unknown_manual_review/phase1/linear_interp/results.npz,UNKNOWN_NEEDS_MANUAL_REVIEW,array,no,no,no,low,no high-confidence cleanup rule matched
outputs/stage3/phase1/canonical_room3/baselines/span20_random_seed3/savgol_w5_p2/results.npz,outputs/curated/stage3_sde/unknown_manual_review/phase1/savgol_w5_p2/results.npz,UNKNOWN_NEEDS_MANUAL_REVIEW,array,no,no,no,low,no high-confidence cleanup rule matched
outputs/stage3/phase1/canonical_room3/baselines/span20_random_seed4/kalman_cv_dt1.0_q1e-3_r1e-2/results.npz,outputs/curated/stage3_sde/unknown_manual_review/phase1/kalman_cv_dt1.0_q1e-3_r1e-2/results.npz,UNKNOWN_NEEDS_MANUAL_REVIEW,array,no,no,no,low,no high-confidence cleanup rule matched
outputs/stage3/phase1/canonical_room3/baselines/span20_random_seed4/linear_interp/results.npz,outputs/curated/stage3_sde/unknown_manual_review/phase1/linear_interp/results.npz,UNKNOWN_NEEDS_MANUAL_REVIEW,array,no,no,no,low,no high-confidence cleanup rule matched
outputs/stage3/phase1/canonical_room3/baselines/span20_random_seed4/savgol_w5_p2/results.npz,outputs/curated/stage3_sde/unknown_manual_review/phase1/savgol_w5_p2/results.npz,UNKNOWN_NEEDS_MANUAL_REVIEW,array,no,no,no,low,no high-confidence cleanup rule matched
outputs/stage3/phase1/canonical_room3/baselines/span20_random_seed42/kalman_cv_dt1.0_q1e-3_r1e-2/results.npz,outputs/curated/stage3_sde/unknown_manual_review/phase1/kalman_cv_dt1.0_q1e-3_r1e-2/results.npz,UNKNOWN_NEEDS_MANUAL_REVIEW,array,no,no,no,low,no high-confidence cleanup rule matched
outputs/stage3/phase1/canonical_room3/baselines/span20_random_seed42/linear_interp/results.npz,outputs/curated/stage3_sde/unknown_manual_review/phase1/linear_interp/results.npz,UNKNOWN_NEEDS_MANUAL_REVIEW,array,no,no,no,low,no high-confidence cleanup rule matched
outputs/stage3/phase1/canonical_room3/baselines/span20_random_seed42/savgol_w5_p2/results.npz,outputs/curated/stage3_sde/unknown_manual_review/phase1/savgol_w5_p2/results.npz,UNKNOWN_NEEDS_MANUAL_REVIEW,array,no,no,no,low,no high-confidence cleanup rule matched
outputs/stage3/phase1/canonical_room3/baselines/span20_random_seed43/kalman_cv_dt1.0_q1e-3_r1e-2/results.npz,outputs/curated/stage3_sde/unknown_manual_review/phase1/kalman_cv_dt1.0_q1e-3_r1e-2/results.npz,UNKNOWN_NEEDS_MANUAL_REVIEW,array,no,no,no,low,no high-confidence cleanup rule matched
outputs/stage3/phase1/canonical_room3/baselines/span20_random_seed43/linear_interp/results.npz,outputs/curated/stage3_sde/unknown_manual_review/phase1/linear_interp/results.npz,UNKNOWN_NEEDS_MANUAL_REVIEW,array,no,no,no,low,no high-confidence cleanup rule matched
outputs/stage3/phase1/canonical_room3/baselines/span20_random_seed43/savgol_w5_p2/results.npz,outputs/curated/stage3_sde/unknown_manual_review/phase1/savgol_w5_p2/results.npz,UNKNOWN_NEEDS_MANUAL_REVIEW,array,no,no,no,low,no high-confidence cleanup rule matched
outputs/stage3/phase1/canonical_room3/baselines/span20_random_seed44/kalman_cv_dt1.0_q1e-3_r1e-2/results.npz,outputs/curated/stage3_sde/unknown_manual_review/phase1/kalman_cv_dt1.0_q1e-3_r1e-2/results.npz,UNKNOWN_NEEDS_MANUAL_REVIEW,array,no,no,no,low,no high-confidence cleanup rule matched
outputs/stage3/phase1/canonical_room3/baselines/span20_random_seed44/linear_interp/results.npz,outputs/curated/stage3_sde/unknown_manual_review/phase1/linear_interp/results.npz,UNKNOWN_NEEDS_MANUAL_REVIEW,array,no,no,no,low,no high-confidence cleanup rule matched
outputs/stage3/phase1/canonical_room3/baselines/span20_random_seed44/savgol_w5_p2/results.npz,outputs/curated/stage3_sde/unknown_manual_review/phase1/savgol_w5_p2/results.npz,UNKNOWN_NEEDS_MANUAL_REVIEW,array,no,no,no,low,no high-confidence cleanup rule matched
outputs/stage3/phase1/canonical_room3/baselines/span20_random_seed5/kalman_cv_dt1.0_q1e-3_r1e-2/results.npz,outputs/curated/stage3_sde/unknown_manual_review/phase1/kalman_cv_dt1.0_q1e-3_r1e-2/results.npz,UNKNOWN_NEEDS_MANUAL_REVIEW,array,no,no,no,low,no high-confidence cleanup rule matched
outputs/stage3/phase1/canonical_room3/baselines/span20_random_seed5/linear_interp/results.npz,outputs/curated/stage3_sde/unknown_manual_review/phase1/linear_interp/results.npz,UNKNOWN_NEEDS_MANUAL_REVIEW,array,no,no,no,low,no high-confidence cleanup rule matched
outputs/stage3/phase1/canonical_room3/baselines/span20_random_seed5/savgol_w5_p2/results.npz,outputs/curated/stage3_sde/unknown_manual_review/phase1/savgol_w5_p2/results.npz,UNKNOWN_NEEDS_MANUAL_REVIEW,array,no,no,no,low,no high-confidence cleanup rule matched
outputs/stage3/phase1/canonical_room3/baselines/span20_random_seed6/kalman_cv_dt1.0_q1e-3_r1e-2/results.npz,outputs/curated/stage3_sde/unknown_manual_review/phase1/kalman_cv_dt1.0_q1e-3_r1e-2/results.npz,UNKNOWN_NEEDS_MANUAL_REVIEW,array,no,no,no,low,no high-confidence cleanup rule matched
outputs/stage3/phase1/canonical_room3/baselines/span20_random_seed6/linear_interp/results.npz,outputs/curated/stage3_sde/unknown_manual_review/phase1/linear_interp/results.npz,UNKNOWN_NEEDS_MANUAL_REVIEW,array,no,no,no,low,no high-confidence cleanup rule matched
outputs/stage3/phase1/canonical_room3/baselines/span20_random_seed6/savgol_w5_p2/results.npz,outputs/curated/stage3_sde/unknown_manual_review/phase1/savgol_w5_p2/results.npz,UNKNOWN_NEEDS_MANUAL_REVIEW,array,no,no,no,low,no high-confidence cleanup rule matched
outputs/stage3/phase1/canonical_room3/baselines/span20_random_seed7/kalman_cv_dt1.0_q1e-3_r1e-2/results.npz,outputs/curated/stage3_sde/unknown_manual_review/phase1/kalman_cv_dt1.0_q1e-3_r1e-2/results.npz,UNKNOWN_NEEDS_MANUAL_REVIEW,array,no,no,no,low,no high-confidence cleanup rule matched
outputs/stage3/phase1/canonical_room3/baselines/span20_random_seed7/linear_interp/results.npz,outputs/curated/stage3_sde/unknown_manual_review/phase1/linear_interp/results.npz,UNKNOWN_NEEDS_MANUAL_REVIEW,array,no,no,no,low,no high-confidence cleanup rule matched
outputs/stage3/phase1/canonical_room3/baselines/span20_random_seed7/savgol_w5_p2/results.npz,outputs/curated/stage3_sde/unknown_manual_review/phase1/savgol_w5_p2/results.npz,UNKNOWN_NEEDS_MANUAL_REVIEW,array,no,no,no,low,no high-confidence cleanup rule matched
outputs/stage3/phase1/canonical_room3/baselines/span20_random_seed8/kalman_cv_dt1.0_q1e-3_r1e-2/results.npz,outputs/curated/stage3_sde/unknown_manual_review/phase1/kalman_cv_dt1.0_q1e-3_r1e-2/results.npz,UNKNOWN_NEEDS_MANUAL_REVIEW,array,no,no,no,low,no high-confidence cleanup rule matched
outputs/stage3/phase1/canonical_room3/baselines/span20_random_seed8/linear_interp/results.npz,outputs/curated/stage3_sde/unknown_manual_review/phase1/linear_interp/results.npz,UNKNOWN_NEEDS_MANUAL_REVIEW,array,no,no,no,low,no high-confidence cleanup rule matched
outputs/stage3/phase1/canonical_room3/baselines/span20_random_seed8/savgol_w5_p2/results.npz,outputs/curated/stage3_sde/unknown_manual_review/phase1/savgol_w5_p2/results.npz,UNKNOWN_NEEDS_MANUAL_REVIEW,array,no,no,no,low,no high-confidence cleanup rule matched
outputs/stage3/phase1/canonical_room3/baselines/span20_random_seed9/kalman_cv_dt1.0_q1e-3_r1e-2/results.npz,outputs/curated/stage3_sde/unknown_manual_review/phase1/kalman_cv_dt1.0_q1e-3_r1e-2/results.npz,UNKNOWN_NEEDS_MANUAL_REVIEW,array,no,no,no,low,no high-confidence cleanup rule matched
outputs/stage3/phase1/canonical_room3/baselines/span20_random_seed9/linear_interp/results.npz,outputs/curated/stage3_sde/unknown_manual_review/phase1/linear_interp/results.npz,UNKNOWN_NEEDS_MANUAL_REVIEW,array,no,no,no,low,no high-confidence cleanup rule matched
outputs/stage3/phase1/canonical_room3/baselines/span20_random_seed9/savgol_w5_p2/results.npz,outputs/curated/stage3_sde/unknown_manual_review/phase1/savgol_w5_p2/results.npz,UNKNOWN_NEEDS_MANUAL_REVIEW,array,no,no,no,low,no high-confidence cleanup rule matched
outputs/stage3/phase1/canonical_room3/baselines/span30_fixed_seed42/kalman_cv_dt1.0_q1e-3_r1e-2/results.npz,outputs/curated/stage3_sde/unknown_manual_review/phase1/kalman_cv_dt1.0_q1e-3_r1e-2/results.npz,UNKNOWN_NEEDS_MANUAL_REVIEW,array,no,no,no,low,no high-confidence cleanup rule matched
outputs/stage3/phase1/canonical_room3/baselines/span30_fixed_seed42/linear_interp/results.npz,outputs/curated/stage3_sde/unknown_manual_review/phase1/linear_interp/results.npz,UNKNOWN_NEEDS_MANUAL_REVIEW,array,no,no,no,low,no high-confidence cleanup rule matched
outputs/stage3/phase1/canonical_room3/baselines/span30_fixed_seed42/savgol_w5_p2/results.npz,outputs/curated/stage3_sde/unknown_manual_review/phase1/savgol_w5_p2/results.npz,UNKNOWN_NEEDS_MANUAL_REVIEW,array,no,no,no,low,no high-confidence cleanup rule matched
outputs/stage3/phase1/canonical_room3/data/clean_windows_room3.npz,outputs/curated/stage3_sde/unknown_manual_review/phase1/data/clean_windows_room3.npz,UNKNOWN_NEEDS_MANUAL_REVIEW,array,no,no,no,low,no high-confidence cleanup rule matched
outputs/stage3/phase1/canonical_room3/data/clean_windows_room3_meta.json,outputs/curated/stage3_sde/unknown_manual_review/phase1/data/clean_windows_room3_meta.json,UNKNOWN_NEEDS_MANUAL_REVIEW,json,no,no,no,low,no high-confidence cleanup rule matched
outputs/stage3/phase1/canonical_room3/data/experiments/span10_fixed_seed42/missing_span_windows.npz,outputs/curated/stage3_sde/unknown_manual_review/phase1/span10_fixed_seed42/missing_span_windows.npz,UNKNOWN_NEEDS_MANUAL_REVIEW,array,no,no,no,low,no high-confidence cleanup rule matched
outputs/stage3/phase1/canonical_room3/data/experiments/span20_fixed_seed42/missing_span_windows.npz,outputs/curated/stage3_sde/unknown_manual_review/phase1/span20_fixed_seed42/missing_span_windows.npz,UNKNOWN_NEEDS_MANUAL_REVIEW,array,no,no,no,low,no high-confidence cleanup rule matched
outputs/stage3/phase1/canonical_room3/data/experiments/span20_random_seed0/missing_span_windows.npz,outputs/curated/stage3_sde/unknown_manual_review/phase1/span20_random_seed0/missing_span_windows.npz,UNKNOWN_NEEDS_MANUAL_REVIEW,array,no,no,no,low,no high-confidence cleanup rule matched
outputs/stage3/phase1/canonical_room3/data/experiments/span20_random_seed1/missing_span_windows.npz,outputs/curated/stage3_sde/unknown_manual_review/phase1/span20_random_seed1/missing_span_windows.npz,UNKNOWN_NEEDS_MANUAL_REVIEW,array,no,no,no,low,no high-confidence cleanup rule matched
outputs/stage3/phase1/canonical_room3/data/experiments/span20_random_seed10/missing_span_windows.npz,outputs/curated/stage3_sde/unknown_manual_review/phase1/span20_random_seed10/missing_span_windows.npz,UNKNOWN_NEEDS_MANUAL_REVIEW,array,no,no,no,low,no high-confidence cleanup rule matched
outputs/stage3/phase1/canonical_room3/data/experiments/span20_random_seed11/missing_span_windows.npz,outputs/curated/stage3_sde/unknown_manual_review/phase1/span20_random_seed11/missing_span_windows.npz,UNKNOWN_NEEDS_MANUAL_REVIEW,array,no,no,no,low,no high-confidence cleanup rule matched
outputs/stage3/phase1/canonical_room3/data/experiments/span20_random_seed12/missing_span_windows.npz,outputs/curated/stage3_sde/unknown_manual_review/phase1/span20_random_seed12/missing_span_windows.npz,UNKNOWN_NEEDS_MANUAL_REVIEW,array,no,no,no,low,no high-confidence cleanup rule matched
outputs/stage3/phase1/canonical_room3/data/experiments/span20_random_seed13/missing_span_windows.npz,outputs/curated/stage3_sde/unknown_manual_review/phase1/span20_random_seed13/missing_span_windows.npz,UNKNOWN_NEEDS_MANUAL_REVIEW,array,no,no,no,low,no high-confidence cleanup rule matched
outputs/stage3/phase1/canonical_room3/data/experiments/span20_random_seed14/missing_span_windows.npz,outputs/curated/stage3_sde/unknown_manual_review/phase1/span20_random_seed14/missing_span_windows.npz,UNKNOWN_NEEDS_MANUAL_REVIEW,array,no,no,no,low,no high-confidence cleanup rule matched
outputs/stage3/phase1/canonical_room3/data/experiments/span20_random_seed15/missing_span_windows.npz,outputs/curated/stage3_sde/unknown_manual_review/phase1/span20_random_seed15/missing_span_windows.npz,UNKNOWN_NEEDS_MANUAL_REVIEW,array,no,no,no,low,no high-confidence cleanup rule matched
outputs/stage3/phase1/canonical_room3/data/experiments/span20_random_seed16/missing_span_windows.npz,outputs/curated/stage3_sde/unknown_manual_review/phase1/span20_random_seed16/missing_span_windows.npz,UNKNOWN_NEEDS_MANUAL_REVIEW,array,no,no,no,low,no high-confidence cleanup rule matched
outputs/stage3/phase1/canonical_room3/data/experiments/span20_random_seed17/missing_span_windows.npz,outputs/curated/stage3_sde/unknown_manual_review/phase1/span20_random_seed17/missing_span_windows.npz,UNKNOWN_NEEDS_MANUAL_REVIEW,array,no,no,no,low,no high-confidence cleanup rule matched
outputs/stage3/phase1/canonical_room3/data/experiments/span20_random_seed18/missing_span_windows.npz,outputs/curated/stage3_sde/unknown_manual_review/phase1/span20_random_seed18/missing_span_windows.npz,UNKNOWN_NEEDS_MANUAL_REVIEW,array,no,no,no,low,no high-confidence cleanup rule matched
outputs/stage3/phase1/canonical_room3/data/experiments/span20_random_seed19/missing_span_windows.npz,outputs/curated/stage3_sde/unknown_manual_review/phase1/span20_random_seed19/missing_span_windows.npz,UNKNOWN_NEEDS_MANUAL_REVIEW,array,no,no,no,low,no high-confidence cleanup rule matched
outputs/stage3/phase1/canonical_room3/data/experiments/span20_random_seed2/missing_span_windows.npz,outputs/curated/stage3_sde/unknown_manual_review/phase1/span20_random_seed2/missing_span_windows.npz,UNKNOWN_NEEDS_MANUAL_REVIEW,array,no,no,no,low,no high-confidence cleanup rule matched
outputs/stage3/phase1/canonical_room3/data/experiments/span20_random_seed3/missing_span_windows.npz,outputs/curated/stage3_sde/unknown_manual_review/phase1/span20_random_seed3/missing_span_windows.npz,UNKNOWN_NEEDS_MANUAL_REVIEW,array,no,no,no,low,no high-confidence cleanup rule matched
outputs/stage3/phase1/canonical_room3/data/experiments/span20_random_seed4/missing_span_windows.npz,outputs/curated/stage3_sde/unknown_manual_review/phase1/span20_random_seed4/missing_span_windows.npz,UNKNOWN_NEEDS_MANUAL_REVIEW,array,no,no,no,low,no high-confidence cleanup rule matched
outputs/stage3/phase1/canonical_room3/data/experiments/span20_random_seed42/missing_span_windows.npz,outputs/curated/stage3_sde/unknown_manual_review/phase1/span20_random_seed42/missing_span_windows.npz,UNKNOWN_NEEDS_MANUAL_REVIEW,array,no,no,no,low,no high-confidence cleanup rule matched
outputs/stage3/phase1/canonical_room3/data/experiments/span20_random_seed43/missing_span_windows.npz,outputs/curated/stage3_sde/unknown_manual_review/phase1/span20_random_seed43/missing_span_windows.npz,UNKNOWN_NEEDS_MANUAL_REVIEW,array,no,no,no,low,no high-confidence cleanup rule matched
outputs/stage3/phase1/canonical_room3/data/experiments/span20_random_seed44/missing_span_windows.npz,outputs/curated/stage3_sde/unknown_manual_review/phase1/span20_random_seed44/missing_span_windows.npz,UNKNOWN_NEEDS_MANUAL_REVIEW,array,no,no,no,low,no high-confidence cleanup rule matched
outputs/stage3/phase1/canonical_room3/data/experiments/span20_random_seed5/missing_span_windows.npz,outputs/curated/stage3_sde/unknown_manual_review/phase1/span20_random_seed5/missing_span_windows.npz,UNKNOWN_NEEDS_MANUAL_REVIEW,array,no,no,no,low,no high-confidence cleanup rule matched
outputs/stage3/phase1/canonical_room3/data/experiments/span20_random_seed6/missing_span_windows.npz,outputs/curated/stage3_sde/unknown_manual_review/phase1/span20_random_seed6/missing_span_windows.npz,UNKNOWN_NEEDS_MANUAL_REVIEW,array,no,no,no,low,no high-confidence cleanup rule matched
outputs/stage3/phase1/canonical_room3/data/experiments/span20_random_seed7/missing_span_windows.npz,outputs/curated/stage3_sde/unknown_manual_review/phase1/span20_random_seed7/missing_span_windows.npz,UNKNOWN_NEEDS_MANUAL_REVIEW,array,no,no,no,low,no high-confidence cleanup rule matched
outputs/stage3/phase1/canonical_room3/data/experiments/span20_random_seed8/missing_span_windows.npz,outputs/curated/stage3_sde/unknown_manual_review/phase1/span20_random_seed8/missing_span_windows.npz,UNKNOWN_NEEDS_MANUAL_REVIEW,array,no,no,no,low,no high-confidence cleanup rule matched
outputs/stage3/phase1/canonical_room3/data/experiments/span20_random_seed9/missing_span_windows.npz,outputs/curated/stage3_sde/unknown_manual_review/phase1/span20_random_seed9/missing_span_windows.npz,UNKNOWN_NEEDS_MANUAL_REVIEW,array,no,no,no,low,no high-confidence cleanup rule matched
outputs/stage3/phase1/canonical_room3/data/experiments/span30_fixed_seed42/missing_span_windows.npz,outputs/curated/stage3_sde/unknown_manual_review/phase1/span30_fixed_seed42/missing_span_windows.npz,UNKNOWN_NEEDS_MANUAL_REVIEW,array,no,no,no,low,no high-confidence cleanup rule matched
outputs/stage3/phase1/canonical_room3/data/occupancy_map_room3_empty.npz,outputs/curated/stage3_sde/unknown_manual_review/phase1/data/occupancy_map_room3_empty.npz,UNKNOWN_NEEDS_MANUAL_REVIEW,array,no,no,no,low,no high-confidence cleanup rule matched
outputs/stage3/phase1/canonical_room3/eval/span10_fixed_seed42/kalman_cv_dt1.0_q1e-3_r1e-2/geometry_metrics.json,outputs/curated/stage3_sde/unknown_manual_review/phase1/kalman_cv_dt1.0_q1e-3_r1e-2/geometry_metrics.json,UNKNOWN_NEEDS_MANUAL_REVIEW,json,no,no,no,low,no high-confidence cleanup rule matched
outputs/stage3/phase1/canonical_room3/eval/span10_fixed_seed42/kalman_cv_dt1.0_q1e-3_r1e-2/reconstruction_metrics.json,outputs/curated/stage3_sde/unknown_manual_review/phase1/kalman_cv_dt1.0_q1e-3_r1e-2/reconstruction_metrics.json,UNKNOWN_NEEDS_MANUAL_REVIEW,json,no,no,no,low,no high-confidence cleanup rule matched
outputs/stage3/phase1/canonical_room3/eval/span10_fixed_seed42/linear_interp/geometry_metrics.json,outputs/curated/stage3_sde/unknown_manual_review/phase1/linear_interp/geometry_metrics.json,UNKNOWN_NEEDS_MANUAL_REVIEW,json,no,no,no,low,no high-confidence cleanup rule matched
outputs/stage3/phase1/canonical_room3/eval/span10_fixed_seed42/linear_interp/reconstruction_metrics.json,outputs/curated/stage3_sde/unknown_manual_review/phase1/linear_interp/reconstruction_metrics.json,UNKNOWN_NEEDS_MANUAL_REVIEW,json,no,no,no,low,no high-confidence cleanup rule matched
outputs/stage3/phase1/canonical_room3/eval/span10_fixed_seed42/savgol_w5_p2/geometry_metrics.json,outputs/curated/stage3_sde/unknown_manual_review/phase1/savgol_w5_p2/geometry_metrics.json,UNKNOWN_NEEDS_MANUAL_REVIEW,json,no,no,no,low,no high-confidence cleanup rule matched
outputs/stage3/phase1/canonical_room3/eval/span10_fixed_seed42/savgol_w5_p2/reconstruction_metrics.json,outputs/curated/stage3_sde/unknown_manual_review/phase1/savgol_w5_p2/reconstruction_metrics.json,UNKNOWN_NEEDS_MANUAL_REVIEW,json,no,no,no,low,no high-confidence cleanup rule matched
outputs/stage3/phase1/canonical_room3/eval/span20_fixed_seed42/kalman_cv_dt1.0_q1e-3_r1e-2/geometry_metrics.json,outputs/curated/stage3_sde/unknown_manual_review/phase1/kalman_cv_dt1.0_q1e-3_r1e-2/geometry_metrics.json,UNKNOWN_NEEDS_MANUAL_REVIEW,json,no,no,no,low,no high-confidence cleanup rule matched
outputs/stage3/phase1/canonical_room3/eval/span20_fixed_seed42/kalman_cv_dt1.0_q1e-3_r1e-2/reconstruction_metrics.json,outputs/curated/stage3_sde/unknown_manual_review/phase1/kalman_cv_dt1.0_q1e-3_r1e-2/reconstruction_metrics.json,UNKNOWN_NEEDS_MANUAL_REVIEW,json,no,no,no,low,no high-confidence cleanup rule matched
outputs/stage3/phase1/canonical_room3/eval/span20_fixed_seed42/linear_interp/geometry_metrics.json,outputs/curated/stage3_sde/unknown_manual_review/phase1/linear_interp/geometry_metrics.json,UNKNOWN_NEEDS_MANUAL_REVIEW,json,no,no,no,low,no high-confidence cleanup rule matched
outputs/stage3/phase1/canonical_room3/eval/span20_fixed_seed42/linear_interp/reconstruction_metrics.json,outputs/curated/stage3_sde/unknown_manual_review/phase1/linear_interp/reconstruction_metrics.json,UNKNOWN_NEEDS_MANUAL_REVIEW,json,no,no,no,low,no high-confidence cleanup rule matched
outputs/stage3/phase1/canonical_room3/eval/span20_fixed_seed42/savgol_w5_p2/geometry_metrics.json,outputs/curated/stage3_sde/unknown_manual_review/phase1/savgol_w5_p2/geometry_metrics.json,UNKNOWN_NEEDS_MANUAL_REVIEW,json,no,no,no,low,no high-confidence cleanup rule matched
outputs/stage3/phase1/canonical_room3/eval/span20_fixed_seed42/savgol_w5_p2/reconstruction_metrics.json,outputs/curated/stage3_sde/unknown_manual_review/phase1/savgol_w5_p2/reconstruction_metrics.json,UNKNOWN_NEEDS_MANUAL_REVIEW,json,no,no,no,low,no high-confidence cleanup rule matched
outputs/stage3/phase1/canonical_room3/eval/span20_random_seed0/kalman_cv_dt1.0_q1e-3_r1e-2/geometry_metrics.json,outputs/curated/stage3_sde/unknown_manual_review/phase1/kalman_cv_dt1.0_q1e-3_r1e-2/geometry_metrics.json,UNKNOWN_NEEDS_MANUAL_REVIEW,json,no,no,no,low,no high-confidence cleanup rule matched
outputs/stage3/phase1/canonical_room3/eval/span20_random_seed0/kalman_cv_dt1.0_q1e-3_r1e-2/reconstruction_metrics.json,outputs/curated/stage3_sde/unknown_manual_review/phase1/kalman_cv_dt1.0_q1e-3_r1e-2/reconstruction_metrics.json,UNKNOWN_NEEDS_MANUAL_REVIEW,json,no,no,no,low,no high-confidence cleanup rule matched
outputs/stage3/phase1/canonical_room3/eval/span20_random_seed0/linear_interp/geometry_metrics.json,outputs/curated/stage3_sde/unknown_manual_review/phase1/linear_interp/geometry_metrics.json,UNKNOWN_NEEDS_MANUAL_REVIEW,json,no,no,no,low,no high-confidence cleanup rule matched
outputs/stage3/phase1/canonical_room3/eval/span20_random_seed0/linear_interp/reconstruction_metrics.json,outputs/curated/stage3_sde/unknown_manual_review/phase1/linear_interp/reconstruction_metrics.json,UNKNOWN_NEEDS_MANUAL_REVIEW,json,no,no,no,low,no high-confidence cleanup rule matched
outputs/stage3/phase1/canonical_room3/eval/span20_random_seed0/savgol_w5_p2/geometry_metrics.json,outputs/curated/stage3_sde/unknown_manual_review/phase1/savgol_w5_p2/geometry_metrics.json,UNKNOWN_NEEDS_MANUAL_REVIEW,json,no,no,no,low,no high-confidence cleanup rule matched
outputs/stage3/phase1/canonical_room3/eval/span20_random_seed0/savgol_w5_p2/reconstruction_metrics.json,outputs/curated/stage3_sde/unknown_manual_review/phase1/savgol_w5_p2/reconstruction_metrics.json,UNKNOWN_NEEDS_MANUAL_REVIEW,json,no,no,no,low,no high-confidence cleanup rule matched
outputs/stage3/phase1/canonical_room3/eval/span20_random_seed1/kalman_cv_dt1.0_q1e-3_r1e-2/geometry_metrics.json,outputs/curated/stage3_sde/unknown_manual_review/phase1/kalman_cv_dt1.0_q1e-3_r1e-2/geometry_metrics.json,UNKNOWN_NEEDS_MANUAL_REVIEW,json,no,no,no,low,no high-confidence cleanup rule matched
outputs/stage3/phase1/canonical_room3/eval/span20_random_seed1/kalman_cv_dt1.0_q1e-3_r1e-2/reconstruction_metrics.json,outputs/curated/stage3_sde/unknown_manual_review/phase1/kalman_cv_dt1.0_q1e-3_r1e-2/reconstruction_metrics.json,UNKNOWN_NEEDS_MANUAL_REVIEW,json,no,no,no,low,no high-confidence cleanup rule matched
outputs/stage3/phase1/canonical_room3/eval/span20_random_seed1/linear_interp/geometry_metrics.json,outputs/curated/stage3_sde/unknown_manual_review/phase1/linear_interp/geometry_metrics.json,UNKNOWN_NEEDS_MANUAL_REVIEW,json,no,no,no,low,no high-confidence cleanup rule matched
outputs/stage3/phase1/canonical_room3/eval/span20_random_seed1/linear_interp/reconstruction_metrics.json,outputs/curated/stage3_sde/unknown_manual_review/phase1/linear_interp/reconstruction_metrics.json,UNKNOWN_NEEDS_MANUAL_REVIEW,json,no,no,no,low,no high-confidence cleanup rule matched
outputs/stage3/phase1/canonical_room3/eval/span20_random_seed1/savgol_w5_p2/geometry_metrics.json,outputs/curated/stage3_sde/unknown_manual_review/phase1/savgol_w5_p2/geometry_metrics.json,UNKNOWN_NEEDS_MANUAL_REVIEW,json,no,no,no,low,no high-confidence cleanup rule matched
outputs/stage3/phase1/canonical_room3/eval/span20_random_seed1/savgol_w5_p2/reconstruction_metrics.json,outputs/curated/stage3_sde/unknown_manual_review/phase1/savgol_w5_p2/reconstruction_metrics.json,UNKNOWN_NEEDS_MANUAL_REVIEW,json,no,no,no,low,no high-confidence cleanup rule matched
outputs/stage3/phase1/canonical_room3/eval/span20_random_seed10/kalman_cv_dt1.0_q1e-3_r1e-2/geometry_metrics.json,outputs/curated/stage3_sde/unknown_manual_review/phase1/kalman_cv_dt1.0_q1e-3_r1e-2/geometry_metrics.json,UNKNOWN_NEEDS_MANUAL_REVIEW,json,no,no,no,low,no high-confidence cleanup rule matched
outputs/stage3/phase1/canonical_room3/eval/span20_random_seed10/kalman_cv_dt1.0_q1e-3_r1e-2/reconstruction_metrics.json,outputs/curated/stage3_sde/unknown_manual_review/phase1/kalman_cv_dt1.0_q1e-3_r1e-2/reconstruction_metrics.json,UNKNOWN_NEEDS_MANUAL_REVIEW,json,no,no,no,low,no high-confidence cleanup rule matched
outputs/stage3/phase1/canonical_room3/eval/span20_random_seed10/linear_interp/geometry_metrics.json,outputs/curated/stage3_sde/unknown_manual_review/phase1/linear_interp/geometry_metrics.json,UNKNOWN_NEEDS_MANUAL_REVIEW,json,no,no,no,low,no high-confidence cleanup rule matched
outputs/stage3/phase1/canonical_room3/eval/span20_random_seed10/linear_interp/reconstruction_metrics.json,outputs/curated/stage3_sde/unknown_manual_review/phase1/linear_interp/reconstruction_metrics.json,UNKNOWN_NEEDS_MANUAL_REVIEW,json,no,no,no,low,no high-confidence cleanup rule matched
outputs/stage3/phase1/canonical_room3/eval/span20_random_seed10/savgol_w5_p2/geometry_metrics.json,outputs/curated/stage3_sde/unknown_manual_review/phase1/savgol_w5_p2/geometry_metrics.json,UNKNOWN_NEEDS_MANUAL_REVIEW,json,no,no,no,low,no high-confidence cleanup rule matched
outputs/stage3/phase1/canonical_room3/eval/span20_random_seed10/savgol_w5_p2/reconstruction_metrics.json,outputs/curated/stage3_sde/unknown_manual_review/phase1/savgol_w5_p2/reconstruction_metrics.json,UNKNOWN_NEEDS_MANUAL_REVIEW,json,no,no,no,low,no high-confidence cleanup rule matched
outputs/stage3/phase1/canonical_room3/eval/span20_random_seed11/kalman_cv_dt1.0_q1e-3_r1e-2/geometry_metrics.json,outputs/curated/stage3_sde/unknown_manual_review/phase1/kalman_cv_dt1.0_q1e-3_r1e-2/geometry_metrics.json,UNKNOWN_NEEDS_MANUAL_REVIEW,json,no,no,no,low,no high-confidence cleanup rule matched
outputs/stage3/phase1/canonical_room3/eval/span20_random_seed11/kalman_cv_dt1.0_q1e-3_r1e-2/reconstruction_metrics.json,outputs/curated/stage3_sde/unknown_manual_review/phase1/kalman_cv_dt1.0_q1e-3_r1e-2/reconstruction_metrics.json,UNKNOWN_NEEDS_MANUAL_REVIEW,json,no,no,no,low,no high-confidence cleanup rule matched
outputs/stage3/phase1/canonical_room3/eval/span20_random_seed11/linear_interp/geometry_metrics.json,outputs/curated/stage3_sde/unknown_manual_review/phase1/linear_interp/geometry_metrics.json,UNKNOWN_NEEDS_MANUAL_REVIEW,json,no,no,no,low,no high-confidence cleanup rule matched
outputs/stage3/phase1/canonical_room3/eval/span20_random_seed11/linear_interp/reconstruction_metrics.json,outputs/curated/stage3_sde/unknown_manual_review/phase1/linear_interp/reconstruction_metrics.json,UNKNOWN_NEEDS_MANUAL_REVIEW,json,no,no,no,low,no high-confidence cleanup rule matched
outputs/stage3/phase1/canonical_room3/eval/span20_random_seed11/savgol_w5_p2/geometry_metrics.json,outputs/curated/stage3_sde/unknown_manual_review/phase1/savgol_w5_p2/geometry_metrics.json,UNKNOWN_NEEDS_MANUAL_REVIEW,json,no,no,no,low,no high-confidence cleanup rule matched
outputs/stage3/phase1/canonical_room3/eval/span20_random_seed11/savgol_w5_p2/reconstruction_metrics.json,outputs/curated/stage3_sde/unknown_manual_review/phase1/savgol_w5_p2/reconstruction_metrics.json,UNKNOWN_NEEDS_MANUAL_REVIEW,json,no,no,no,low,no high-confidence cleanup rule matched
outputs/stage3/phase1/canonical_room3/eval/span20_random_seed12/kalman_cv_dt1.0_q1e-3_r1e-2/geometry_metrics.json,outputs/curated/stage3_sde/unknown_manual_review/phase1/kalman_cv_dt1.0_q1e-3_r1e-2/geometry_metrics.json,UNKNOWN_NEEDS_MANUAL_REVIEW,json,no,no,no,low,no high-confidence cleanup rule matched
outputs/stage3/phase1/canonical_room3/eval/span20_random_seed12/kalman_cv_dt1.0_q1e-3_r1e-2/reconstruction_metrics.json,outputs/curated/stage3_sde/unknown_manual_review/phase1/kalman_cv_dt1.0_q1e-3_r1e-2/reconstruction_metrics.json,UNKNOWN_NEEDS_MANUAL_REVIEW,json,no,no,no,low,no high-confidence cleanup rule matched
outputs/stage3/phase1/canonical_room3/eval/span20_random_seed12/linear_interp/geometry_metrics.json,outputs/curated/stage3_sde/unknown_manual_review/phase1/linear_interp/geometry_metrics.json,UNKNOWN_NEEDS_MANUAL_REVIEW,json,no,no,no,low,no high-confidence cleanup rule matched
outputs/stage3/phase1/canonical_room3/eval/span20_random_seed12/linear_interp/reconstruction_metrics.json,outputs/curated/stage3_sde/unknown_manual_review/phase1/linear_interp/reconstruction_metrics.json,UNKNOWN_NEEDS_MANUAL_REVIEW,json,no,no,no,low,no high-confidence cleanup rule matched
outputs/stage3/phase1/canonical_room3/eval/span20_random_seed12/savgol_w5_p2/geometry_metrics.json,outputs/curated/stage3_sde/unknown_manual_review/phase1/savgol_w5_p2/geometry_metrics.json,UNKNOWN_NEEDS_MANUAL_REVIEW,json,no,no,no,low,no high-confidence cleanup rule matched
outputs/stage3/phase1/canonical_room3/eval/span20_random_seed12/savgol_w5_p2/reconstruction_metrics.json,outputs/curated/stage3_sde/unknown_manual_review/phase1/savgol_w5_p2/reconstruction_metrics.json,UNKNOWN_NEEDS_MANUAL_REVIEW,json,no,no,no,low,no high-confidence cleanup rule matched
outputs/stage3/phase1/canonical_room3/eval/span20_random_seed13/kalman_cv_dt1.0_q1e-3_r1e-2/geometry_metrics.json,outputs/curated/stage3_sde/unknown_manual_review/phase1/kalman_cv_dt1.0_q1e-3_r1e-2/geometry_metrics.json,UNKNOWN_NEEDS_MANUAL_REVIEW,json,no,no,no,low,no high-confidence cleanup rule matched
outputs/stage3/phase1/canonical_room3/eval/span20_random_seed13/kalman_cv_dt1.0_q1e-3_r1e-2/reconstruction_metrics.json,outputs/curated/stage3_sde/unknown_manual_review/phase1/kalman_cv_dt1.0_q1e-3_r1e-2/reconstruction_metrics.json,UNKNOWN_NEEDS_MANUAL_REVIEW,json,no,no,no,low,no high-confidence cleanup rule matched
outputs/stage3/phase1/canonical_room3/eval/span20_random_seed13/linear_interp/geometry_metrics.json,outputs/curated/stage3_sde/unknown_manual_review/phase1/linear_interp/geometry_metrics.json,UNKNOWN_NEEDS_MANUAL_REVIEW,json,no,no,no,low,no high-confidence cleanup rule matched
outputs/stage3/phase1/canonical_room3/eval/span20_random_seed13/linear_interp/reconstruction_metrics.json,outputs/curated/stage3_sde/unknown_manual_review/phase1/linear_interp/reconstruction_metrics.json,UNKNOWN_NEEDS_MANUAL_REVIEW,json,no,no,no,low,no high-confidence cleanup rule matched
outputs/stage3/phase1/canonical_room3/eval/span20_random_seed13/savgol_w5_p2/geometry_metrics.json,outputs/curated/stage3_sde/unknown_manual_review/phase1/savgol_w5_p2/geometry_metrics.json,UNKNOWN_NEEDS_MANUAL_REVIEW,json,no,no,no,low,no high-confidence cleanup rule matched
outputs/stage3/phase1/canonical_room3/eval/span20_random_seed13/savgol_w5_p2/reconstruction_metrics.json,outputs/curated/stage3_sde/unknown_manual_review/phase1/savgol_w5_p2/reconstruction_metrics.json,UNKNOWN_NEEDS_MANUAL_REVIEW,json,no,no,no,low,no high-confidence cleanup rule matched
outputs/stage3/phase1/canonical_room3/eval/span20_random_seed14/kalman_cv_dt1.0_q1e-3_r1e-2/geometry_metrics.json,outputs/curated/stage3_sde/unknown_manual_review/phase1/kalman_cv_dt1.0_q1e-3_r1e-2/geometry_metrics.json,UNKNOWN_NEEDS_MANUAL_REVIEW,json,no,no,no,low,no high-confidence cleanup rule matched
outputs/stage3/phase1/canonical_room3/eval/span20_random_seed14/kalman_cv_dt1.0_q1e-3_r1e-2/reconstruction_metrics.json,outputs/curated/stage3_sde/unknown_manual_review/phase1/kalman_cv_dt1.0_q1e-3_r1e-2/reconstruction_metrics.json,UNKNOWN_NEEDS_MANUAL_REVIEW,json,no,no,no,low,no high-confidence cleanup rule matched
outputs/stage3/phase1/canonical_room3/eval/span20_random_seed14/linear_interp/geometry_metrics.json,outputs/curated/stage3_sde/unknown_manual_review/phase1/linear_interp/geometry_metrics.json,UNKNOWN_NEEDS_MANUAL_REVIEW,json,no,no,no,low,no high-confidence cleanup rule matched
outputs/stage3/phase1/canonical_room3/eval/span20_random_seed14/linear_interp/reconstruction_metrics.json,outputs/curated/stage3_sde/unknown_manual_review/phase1/linear_interp/reconstruction_metrics.json,UNKNOWN_NEEDS_MANUAL_REVIEW,json,no,no,no,low,no high-confidence cleanup rule matched
outputs/stage3/phase1/canonical_room3/eval/span20_random_seed14/savgol_w5_p2/geometry_metrics.json,outputs/curated/stage3_sde/unknown_manual_review/phase1/savgol_w5_p2/geometry_metrics.json,UNKNOWN_NEEDS_MANUAL_REVIEW,json,no,no,no,low,no high-confidence cleanup rule matched
outputs/stage3/phase1/canonical_room3/eval/span20_random_seed14/savgol_w5_p2/reconstruction_metrics.json,outputs/curated/stage3_sde/unknown_manual_review/phase1/savgol_w5_p2/reconstruction_metrics.json,UNKNOWN_NEEDS_MANUAL_REVIEW,json,no,no,no,low,no high-confidence cleanup rule matched
outputs/stage3/phase1/canonical_room3/eval/span20_random_seed15/kalman_cv_dt1.0_q1e-3_r1e-2/geometry_metrics.json,outputs/curated/stage3_sde/unknown_manual_review/phase1/kalman_cv_dt1.0_q1e-3_r1e-2/geometry_metrics.json,UNKNOWN_NEEDS_MANUAL_REVIEW,json,no,no,no,low,no high-confidence cleanup rule matched
outputs/stage3/phase1/canonical_room3/eval/span20_random_seed15/kalman_cv_dt1.0_q1e-3_r1e-2/reconstruction_metrics.json,outputs/curated/stage3_sde/unknown_manual_review/phase1/kalman_cv_dt1.0_q1e-3_r1e-2/reconstruction_metrics.json,UNKNOWN_NEEDS_MANUAL_REVIEW,json,no,no,no,low,no high-confidence cleanup rule matched
outputs/stage3/phase1/canonical_room3/eval/span20_random_seed15/linear_interp/geometry_metrics.json,outputs/curated/stage3_sde/unknown_manual_review/phase1/linear_interp/geometry_metrics.json,UNKNOWN_NEEDS_MANUAL_REVIEW,json,no,no,no,low,no high-confidence cleanup rule matched
outputs/stage3/phase1/canonical_room3/eval/span20_random_seed15/linear_interp/reconstruction_metrics.json,outputs/curated/stage3_sde/unknown_manual_review/phase1/linear_interp/reconstruction_metrics.json,UNKNOWN_NEEDS_MANUAL_REVIEW,json,no,no,no,low,no high-confidence cleanup rule matched
outputs/stage3/phase1/canonical_room3/eval/span20_random_seed15/savgol_w5_p2/geometry_metrics.json,outputs/curated/stage3_sde/unknown_manual_review/phase1/savgol_w5_p2/geometry_metrics.json,UNKNOWN_NEEDS_MANUAL_REVIEW,json,no,no,no,low,no high-confidence cleanup rule matched
outputs/stage3/phase1/canonical_room3/eval/span20_random_seed15/savgol_w5_p2/reconstruction_metrics.json,outputs/curated/stage3_sde/unknown_manual_review/phase1/savgol_w5_p2/reconstruction_metrics.json,UNKNOWN_NEEDS_MANUAL_REVIEW,json,no,no,no,low,no high-confidence cleanup rule matched
outputs/stage3/phase1/canonical_room3/eval/span20_random_seed16/kalman_cv_dt1.0_q1e-3_r1e-2/geometry_metrics.json,outputs/curated/stage3_sde/unknown_manual_review/phase1/kalman_cv_dt1.0_q1e-3_r1e-2/geometry_metrics.json,UNKNOWN_NEEDS_MANUAL_REVIEW,json,no,no,no,low,no high-confidence cleanup rule matched
outputs/stage3/phase1/canonical_room3/eval/span20_random_seed16/kalman_cv_dt1.0_q1e-3_r1e-2/reconstruction_metrics.json,outputs/curated/stage3_sde/unknown_manual_review/phase1/kalman_cv_dt1.0_q1e-3_r1e-2/reconstruction_metrics.json,UNKNOWN_NEEDS_MANUAL_REVIEW,json,no,no,no,low,no high-confidence cleanup rule matched
outputs/stage3/phase1/canonical_room3/eval/span20_random_seed16/linear_interp/geometry_metrics.json,outputs/curated/stage3_sde/unknown_manual_review/phase1/linear_interp/geometry_metrics.json,UNKNOWN_NEEDS_MANUAL_REVIEW,json,no,no,no,low,no high-confidence cleanup rule matched
outputs/stage3/phase1/canonical_room3/eval/span20_random_seed16/linear_interp/reconstruction_metrics.json,outputs/curated/stage3_sde/unknown_manual_review/phase1/linear_interp/reconstruction_metrics.json,UNKNOWN_NEEDS_MANUAL_REVIEW,json,no,no,no,low,no high-confidence cleanup rule matched
outputs/stage3/phase1/canonical_room3/eval/span20_random_seed16/savgol_w5_p2/geometry_metrics.json,outputs/curated/stage3_sde/unknown_manual_review/phase1/savgol_w5_p2/geometry_metrics.json,UNKNOWN_NEEDS_MANUAL_REVIEW,json,no,no,no,low,no high-confidence cleanup rule matched
outputs/stage3/phase1/canonical_room3/eval/span20_random_seed16/savgol_w5_p2/reconstruction_metrics.json,outputs/curated/stage3_sde/unknown_manual_review/phase1/savgol_w5_p2/reconstruction_metrics.json,UNKNOWN_NEEDS_MANUAL_REVIEW,json,no,no,no,low,no high-confidence cleanup rule matched
outputs/stage3/phase1/canonical_room3/eval/span20_random_seed17/kalman_cv_dt1.0_q1e-3_r1e-2/geometry_metrics.json,outputs/curated/stage3_sde/unknown_manual_review/phase1/kalman_cv_dt1.0_q1e-3_r1e-2/geometry_metrics.json,UNKNOWN_NEEDS_MANUAL_REVIEW,json,no,no,no,low,no high-confidence cleanup rule matched
outputs/stage3/phase1/canonical_room3/eval/span20_random_seed17/kalman_cv_dt1.0_q1e-3_r1e-2/reconstruction_metrics.json,outputs/curated/stage3_sde/unknown_manual_review/phase1/kalman_cv_dt1.0_q1e-3_r1e-2/reconstruction_metrics.json,UNKNOWN_NEEDS_MANUAL_REVIEW,json,no,no,no,low,no high-confidence cleanup rule matched
outputs/stage3/phase1/canonical_room3/eval/span20_random_seed17/linear_interp/geometry_metrics.json,outputs/curated/stage3_sde/unknown_manual_review/phase1/linear_interp/geometry_metrics.json,UNKNOWN_NEEDS_MANUAL_REVIEW,json,no,no,no,low,no high-confidence cleanup rule matched
outputs/stage3/phase1/canonical_room3/eval/span20_random_seed17/linear_interp/reconstruction_metrics.json,outputs/curated/stage3_sde/unknown_manual_review/phase1/linear_interp/reconstruction_metrics.json,UNKNOWN_NEEDS_MANUAL_REVIEW,json,no,no,no,low,no high-confidence cleanup rule matched
outputs/stage3/phase1/canonical_room3/eval/span20_random_seed17/savgol_w5_p2/geometry_metrics.json,outputs/curated/stage3_sde/unknown_manual_review/phase1/savgol_w5_p2/geometry_metrics.json,UNKNOWN_NEEDS_MANUAL_REVIEW,json,no,no,no,low,no high-confidence cleanup rule matched
outputs/stage3/phase1/canonical_room3/eval/span20_random_seed17/savgol_w5_p2/reconstruction_metrics.json,outputs/curated/stage3_sde/unknown_manual_review/phase1/savgol_w5_p2/reconstruction_metrics.json,UNKNOWN_NEEDS_MANUAL_REVIEW,json,no,no,no,low,no high-confidence cleanup rule matched
outputs/stage3/phase1/canonical_room3/eval/span20_random_seed18/kalman_cv_dt1.0_q1e-3_r1e-2/geometry_metrics.json,outputs/curated/stage3_sde/unknown_manual_review/phase1/kalman_cv_dt1.0_q1e-3_r1e-2/geometry_metrics.json,UNKNOWN_NEEDS_MANUAL_REVIEW,json,no,no,no,low,no high-confidence cleanup rule matched
outputs/stage3/phase1/canonical_room3/eval/span20_random_seed18/kalman_cv_dt1.0_q1e-3_r1e-2/reconstruction_metrics.json,outputs/curated/stage3_sde/unknown_manual_review/phase1/kalman_cv_dt1.0_q1e-3_r1e-2/reconstruction_metrics.json,UNKNOWN_NEEDS_MANUAL_REVIEW,json,no,no,no,low,no high-confidence cleanup rule matched
outputs/stage3/phase1/canonical_room3/eval/span20_random_seed18/linear_interp/geometry_metrics.json,outputs/curated/stage3_sde/unknown_manual_review/phase1/linear_interp/geometry_metrics.json,UNKNOWN_NEEDS_MANUAL_REVIEW,json,no,no,no,low,no high-confidence cleanup rule matched
outputs/stage3/phase1/canonical_room3/eval/span20_random_seed18/linear_interp/reconstruction_metrics.json,outputs/curated/stage3_sde/unknown_manual_review/phase1/linear_interp/reconstruction_metrics.json,UNKNOWN_NEEDS_MANUAL_REVIEW,json,no,no,no,low,no high-confidence cleanup rule matched
outputs/stage3/phase1/canonical_room3/eval/span20_random_seed18/savgol_w5_p2/geometry_metrics.json,outputs/curated/stage3_sde/unknown_manual_review/phase1/savgol_w5_p2/geometry_metrics.json,UNKNOWN_NEEDS_MANUAL_REVIEW,json,no,no,no,low,no high-confidence cleanup rule matched
outputs/stage3/phase1/canonical_room3/eval/span20_random_seed18/savgol_w5_p2/reconstruction_metrics.json,outputs/curated/stage3_sde/unknown_manual_review/phase1/savgol_w5_p2/reconstruction_metrics.json,UNKNOWN_NEEDS_MANUAL_REVIEW,json,no,no,no,low,no high-confidence cleanup rule matched
outputs/stage3/phase1/canonical_room3/eval/span20_random_seed19/kalman_cv_dt1.0_q1e-3_r1e-2/geometry_metrics.json,outputs/curated/stage3_sde/unknown_manual_review/phase1/kalman_cv_dt1.0_q1e-3_r1e-2/geometry_metrics.json,UNKNOWN_NEEDS_MANUAL_REVIEW,json,no,no,no,low,no high-confidence cleanup rule matched
outputs/stage3/phase1/canonical_room3/eval/span20_random_seed19/kalman_cv_dt1.0_q1e-3_r1e-2/reconstruction_metrics.json,outputs/curated/stage3_sde/unknown_manual_review/phase1/kalman_cv_dt1.0_q1e-3_r1e-2/reconstruction_metrics.json,UNKNOWN_NEEDS_MANUAL_REVIEW,json,no,no,no,low,no high-confidence cleanup rule matched
outputs/stage3/phase1/canonical_room3/eval/span20_random_seed19/linear_interp/geometry_metrics.json,outputs/curated/stage3_sde/unknown_manual_review/phase1/linear_interp/geometry_metrics.json,UNKNOWN_NEEDS_MANUAL_REVIEW,json,no,no,no,low,no high-confidence cleanup rule matched
outputs/stage3/phase1/canonical_room3/eval/span20_random_seed19/linear_interp/reconstruction_metrics.json,outputs/curated/stage3_sde/unknown_manual_review/phase1/linear_interp/reconstruction_metrics.json,UNKNOWN_NEEDS_MANUAL_REVIEW,json,no,no,no,low,no high-confidence cleanup rule matched
outputs/stage3/phase1/canonical_room3/eval/span20_random_seed19/savgol_w5_p2/geometry_metrics.json,outputs/curated/stage3_sde/unknown_manual_review/phase1/savgol_w5_p2/geometry_metrics.json,UNKNOWN_NEEDS_MANUAL_REVIEW,json,no,no,no,low,no high-confidence cleanup rule matched
outputs/stage3/phase1/canonical_room3/eval/span20_random_seed19/savgol_w5_p2/reconstruction_metrics.json,outputs/curated/stage3_sde/unknown_manual_review/phase1/savgol_w5_p2/reconstruction_metrics.json,UNKNOWN_NEEDS_MANUAL_REVIEW,json,no,no,no,low,no high-confidence cleanup rule matched
outputs/stage3/phase1/canonical_room3/eval/span20_random_seed2/kalman_cv_dt1.0_q1e-3_r1e-2/geometry_metrics.json,outputs/curated/stage3_sde/unknown_manual_review/phase1/kalman_cv_dt1.0_q1e-3_r1e-2/geometry_metrics.json,UNKNOWN_NEEDS_MANUAL_REVIEW,json,no,no,no,low,no high-confidence cleanup rule matched
outputs/stage3/phase1/canonical_room3/eval/span20_random_seed2/kalman_cv_dt1.0_q1e-3_r1e-2/reconstruction_metrics.json,outputs/curated/stage3_sde/unknown_manual_review/phase1/kalman_cv_dt1.0_q1e-3_r1e-2/reconstruction_metrics.json,UNKNOWN_NEEDS_MANUAL_REVIEW,json,no,no,no,low,no high-confidence cleanup rule matched
outputs/stage3/phase1/canonical_room3/eval/span20_random_seed2/linear_interp/geometry_metrics.json,outputs/curated/stage3_sde/unknown_manual_review/phase1/linear_interp/geometry_metrics.json,UNKNOWN_NEEDS_MANUAL_REVIEW,json,no,no,no,low,no high-confidence cleanup rule matched
outputs/stage3/phase1/canonical_room3/eval/span20_random_seed2/linear_interp/reconstruction_metrics.json,outputs/curated/stage3_sde/unknown_manual_review/phase1/linear_interp/reconstruction_metrics.json,UNKNOWN_NEEDS_MANUAL_REVIEW,json,no,no,no,low,no high-confidence cleanup rule matched
outputs/stage3/phase1/canonical_room3/eval/span20_random_seed2/savgol_w5_p2/geometry_metrics.json,outputs/curated/stage3_sde/unknown_manual_review/phase1/savgol_w5_p2/geometry_metrics.json,UNKNOWN_NEEDS_MANUAL_REVIEW,json,no,no,no,low,no high-confidence cleanup rule matched
outputs/stage3/phase1/canonical_room3/eval/span20_random_seed2/savgol_w5_p2/reconstruction_metrics.json,outputs/curated/stage3_sde/unknown_manual_review/phase1/savgol_w5_p2/reconstruction_metrics.json,UNKNOWN_NEEDS_MANUAL_REVIEW,json,no,no,no,low,no high-confidence cleanup rule matched
outputs/stage3/phase1/canonical_room3/eval/span20_random_seed3/kalman_cv_dt1.0_q1e-3_r1e-2/geometry_metrics.json,outputs/curated/stage3_sde/unknown_manual_review/phase1/kalman_cv_dt1.0_q1e-3_r1e-2/geometry_metrics.json,UNKNOWN_NEEDS_MANUAL_REVIEW,json,no,no,no,low,no high-confidence cleanup rule matched
outputs/stage3/phase1/canonical_room3/eval/span20_random_seed3/kalman_cv_dt1.0_q1e-3_r1e-2/reconstruction_metrics.json,outputs/curated/stage3_sde/unknown_manual_review/phase1/kalman_cv_dt1.0_q1e-3_r1e-2/reconstruction_metrics.json,UNKNOWN_NEEDS_MANUAL_REVIEW,json,no,no,no,low,no high-confidence cleanup rule matched
outputs/stage3/phase1/canonical_room3/eval/span20_random_seed3/linear_interp/geometry_metrics.json,outputs/curated/stage3_sde/unknown_manual_review/phase1/linear_interp/geometry_metrics.json,UNKNOWN_NEEDS_MANUAL_REVIEW,json,no,no,no,low,no high-confidence cleanup rule matched
outputs/stage3/phase1/canonical_room3/eval/span20_random_seed3/linear_interp/reconstruction_metrics.json,outputs/curated/stage3_sde/unknown_manual_review/phase1/linear_interp/reconstruction_metrics.json,UNKNOWN_NEEDS_MANUAL_REVIEW,json,no,no,no,low,no high-confidence cleanup rule matched
outputs/stage3/phase1/canonical_room3/eval/span20_random_seed3/savgol_w5_p2/geometry_metrics.json,outputs/curated/stage3_sde/unknown_manual_review/phase1/savgol_w5_p2/geometry_metrics.json,UNKNOWN_NEEDS_MANUAL_REVIEW,json,no,no,no,low,no high-confidence cleanup rule matched
outputs/stage3/phase1/canonical_room3/eval/span20_random_seed3/savgol_w5_p2/reconstruction_metrics.json,outputs/curated/stage3_sde/unknown_manual_review/phase1/savgol_w5_p2/reconstruction_metrics.json,UNKNOWN_NEEDS_MANUAL_REVIEW,json,no,no,no,low,no high-confidence cleanup rule matched
outputs/stage3/phase1/canonical_room3/eval/span20_random_seed4/kalman_cv_dt1.0_q1e-3_r1e-2/geometry_metrics.json,outputs/curated/stage3_sde/unknown_manual_review/phase1/kalman_cv_dt1.0_q1e-3_r1e-2/geometry_metrics.json,UNKNOWN_NEEDS_MANUAL_REVIEW,json,no,no,no,low,no high-confidence cleanup rule matched
outputs/stage3/phase1/canonical_room3/eval/span20_random_seed4/kalman_cv_dt1.0_q1e-3_r1e-2/reconstruction_metrics.json,outputs/curated/stage3_sde/unknown_manual_review/phase1/kalman_cv_dt1.0_q1e-3_r1e-2/reconstruction_metrics.json,UNKNOWN_NEEDS_MANUAL_REVIEW,json,no,no,no,low,no high-confidence cleanup rule matched
outputs/stage3/phase1/canonical_room3/eval/span20_random_seed4/linear_interp/geometry_metrics.json,outputs/curated/stage3_sde/unknown_manual_review/phase1/linear_interp/geometry_metrics.json,UNKNOWN_NEEDS_MANUAL_REVIEW,json,no,no,no,low,no high-confidence cleanup rule matched
outputs/stage3/phase1/canonical_room3/eval/span20_random_seed4/linear_interp/reconstruction_metrics.json,outputs/curated/stage3_sde/unknown_manual_review/phase1/linear_interp/reconstruction_metrics.json,UNKNOWN_NEEDS_MANUAL_REVIEW,json,no,no,no,low,no high-confidence cleanup rule matched
outputs/stage3/phase1/canonical_room3/eval/span20_random_seed4/savgol_w5_p2/geometry_metrics.json,outputs/curated/stage3_sde/unknown_manual_review/phase1/savgol_w5_p2/geometry_metrics.json,UNKNOWN_NEEDS_MANUAL_REVIEW,json,no,no,no,low,no high-confidence cleanup rule matched
outputs/stage3/phase1/canonical_room3/eval/span20_random_seed4/savgol_w5_p2/reconstruction_metrics.json,outputs/curated/stage3_sde/unknown_manual_review/phase1/savgol_w5_p2/reconstruction_metrics.json,UNKNOWN_NEEDS_MANUAL_REVIEW,json,no,no,no,low,no high-confidence cleanup rule matched
outputs/stage3/phase1/canonical_room3/eval/span20_random_seed42/kalman_cv_dt1.0_q1e-3_r1e-2/geometry_metrics.json,outputs/curated/stage3_sde/unknown_manual_review/phase1/kalman_cv_dt1.0_q1e-3_r1e-2/geometry_metrics.json,UNKNOWN_NEEDS_MANUAL_REVIEW,json,no,no,no,low,no high-confidence cleanup rule matched
outputs/stage3/phase1/canonical_room3/eval/span20_random_seed42/kalman_cv_dt1.0_q1e-3_r1e-2/reconstruction_metrics.json,outputs/curated/stage3_sde/unknown_manual_review/phase1/kalman_cv_dt1.0_q1e-3_r1e-2/reconstruction_metrics.json,UNKNOWN_NEEDS_MANUAL_REVIEW,json,no,no,no,low,no high-confidence cleanup rule matched
outputs/stage3/phase1/canonical_room3/eval/span20_random_seed42/linear_interp/geometry_metrics.json,outputs/curated/stage3_sde/unknown_manual_review/phase1/linear_interp/geometry_metrics.json,UNKNOWN_NEEDS_MANUAL_REVIEW,json,no,no,no,low,no high-confidence cleanup rule matched
outputs/stage3/phase1/canonical_room3/eval/span20_random_seed42/linear_interp/reconstruction_metrics.json,outputs/curated/stage3_sde/unknown_manual_review/phase1/linear_interp/reconstruction_metrics.json,UNKNOWN_NEEDS_MANUAL_REVIEW,json,no,no,no,low,no high-confidence cleanup rule matched
outputs/stage3/phase1/canonical_room3/eval/span20_random_seed42/savgol_w5_p2/geometry_metrics.json,outputs/curated/stage3_sde/unknown_manual_review/phase1/savgol_w5_p2/geometry_metrics.json,UNKNOWN_NEEDS_MANUAL_REVIEW,json,no,no,no,low,no high-confidence cleanup rule matched
outputs/stage3/phase1/canonical_room3/eval/span20_random_seed42/savgol_w5_p2/reconstruction_metrics.json,outputs/curated/stage3_sde/unknown_manual_review/phase1/savgol_w5_p2/reconstruction_metrics.json,UNKNOWN_NEEDS_MANUAL_REVIEW,json,no,no,no,low,no high-confidence cleanup rule matched
outputs/stage3/phase1/canonical_room3/eval/span20_random_seed43/kalman_cv_dt1.0_q1e-3_r1e-2/geometry_metrics.json,outputs/curated/stage3_sde/unknown_manual_review/phase1/kalman_cv_dt1.0_q1e-3_r1e-2/geometry_metrics.json,UNKNOWN_NEEDS_MANUAL_REVIEW,json,no,no,no,low,no high-confidence cleanup rule matched
outputs/stage3/phase1/canonical_room3/eval/span20_random_seed43/kalman_cv_dt1.0_q1e-3_r1e-2/reconstruction_metrics.json,outputs/curated/stage3_sde/unknown_manual_review/phase1/kalman_cv_dt1.0_q1e-3_r1e-2/reconstruction_metrics.json,UNKNOWN_NEEDS_MANUAL_REVIEW,json,no,no,no,low,no high-confidence cleanup rule matched
outputs/stage3/phase1/canonical_room3/eval/span20_random_seed43/linear_interp/geometry_metrics.json,outputs/curated/stage3_sde/unknown_manual_review/phase1/linear_interp/geometry_metrics.json,UNKNOWN_NEEDS_MANUAL_REVIEW,json,no,no,no,low,no high-confidence cleanup rule matched
outputs/stage3/phase1/canonical_room3/eval/span20_random_seed43/linear_interp/reconstruction_metrics.json,outputs/curated/stage3_sde/unknown_manual_review/phase1/linear_interp/reconstruction_metrics.json,UNKNOWN_NEEDS_MANUAL_REVIEW,json,no,no,no,low,no high-confidence cleanup rule matched
outputs/stage3/phase1/canonical_room3/eval/span20_random_seed43/savgol_w5_p2/geometry_metrics.json,outputs/curated/stage3_sde/unknown_manual_review/phase1/savgol_w5_p2/geometry_metrics.json,UNKNOWN_NEEDS_MANUAL_REVIEW,json,no,no,no,low,no high-confidence cleanup rule matched
outputs/stage3/phase1/canonical_room3/eval/span20_random_seed43/savgol_w5_p2/reconstruction_metrics.json,outputs/curated/stage3_sde/unknown_manual_review/phase1/savgol_w5_p2/reconstruction_metrics.json,UNKNOWN_NEEDS_MANUAL_REVIEW,json,no,no,no,low,no high-confidence cleanup rule matched
outputs/stage3/phase1/canonical_room3/eval/span20_random_seed44/kalman_cv_dt1.0_q1e-3_r1e-2/geometry_metrics.json,outputs/curated/stage3_sde/unknown_manual_review/phase1/kalman_cv_dt1.0_q1e-3_r1e-2/geometry_metrics.json,UNKNOWN_NEEDS_MANUAL_REVIEW,json,no,no,no,low,no high-confidence cleanup rule matched
outputs/stage3/phase1/canonical_room3/eval/span20_random_seed44/kalman_cv_dt1.0_q1e-3_r1e-2/reconstruction_metrics.json,outputs/curated/stage3_sde/unknown_manual_review/phase1/kalman_cv_dt1.0_q1e-3_r1e-2/reconstruction_metrics.json,UNKNOWN_NEEDS_MANUAL_REVIEW,json,no,no,no,low,no high-confidence cleanup rule matched
outputs/stage3/phase1/canonical_room3/eval/span20_random_seed44/linear_interp/geometry_metrics.json,outputs/curated/stage3_sde/unknown_manual_review/phase1/linear_interp/geometry_metrics.json,UNKNOWN_NEEDS_MANUAL_REVIEW,json,no,no,no,low,no high-confidence cleanup rule matched
outputs/stage3/phase1/canonical_room3/eval/span20_random_seed44/linear_interp/reconstruction_metrics.json,outputs/curated/stage3_sde/unknown_manual_review/phase1/linear_interp/reconstruction_metrics.json,UNKNOWN_NEEDS_MANUAL_REVIEW,json,no,no,no,low,no high-confidence cleanup rule matched
outputs/stage3/phase1/canonical_room3/eval/span20_random_seed44/savgol_w5_p2/geometry_metrics.json,outputs/curated/stage3_sde/unknown_manual_review/phase1/savgol_w5_p2/geometry_metrics.json,UNKNOWN_NEEDS_MANUAL_REVIEW,json,no,no,no,low,no high-confidence cleanup rule matched
outputs/stage3/phase1/canonical_room3/eval/span20_random_seed44/savgol_w5_p2/reconstruction_metrics.json,outputs/curated/stage3_sde/unknown_manual_review/phase1/savgol_w5_p2/reconstruction_metrics.json,UNKNOWN_NEEDS_MANUAL_REVIEW,json,no,no,no,low,no high-confidence cleanup rule matched
outputs/stage3/phase1/canonical_room3/eval/span20_random_seed5/kalman_cv_dt1.0_q1e-3_r1e-2/geometry_metrics.json,outputs/curated/stage3_sde/unknown_manual_review/phase1/kalman_cv_dt1.0_q1e-3_r1e-2/geometry_metrics.json,UNKNOWN_NEEDS_MANUAL_REVIEW,json,no,no,no,low,no high-confidence cleanup rule matched
outputs/stage3/phase1/canonical_room3/eval/span20_random_seed5/kalman_cv_dt1.0_q1e-3_r1e-2/reconstruction_metrics.json,outputs/curated/stage3_sde/unknown_manual_review/phase1/kalman_cv_dt1.0_q1e-3_r1e-2/reconstruction_metrics.json,UNKNOWN_NEEDS_MANUAL_REVIEW,json,no,no,no,low,no high-confidence cleanup rule matched
outputs/stage3/phase1/canonical_room3/eval/span20_random_seed5/linear_interp/geometry_metrics.json,outputs/curated/stage3_sde/unknown_manual_review/phase1/linear_interp/geometry_metrics.json,UNKNOWN_NEEDS_MANUAL_REVIEW,json,no,no,no,low,no high-confidence cleanup rule matched
outputs/stage3/phase1/canonical_room3/eval/span20_random_seed5/linear_interp/reconstruction_metrics.json,outputs/curated/stage3_sde/unknown_manual_review/phase1/linear_interp/reconstruction_metrics.json,UNKNOWN_NEEDS_MANUAL_REVIEW,json,no,no,no,low,no high-confidence cleanup rule matched
outputs/stage3/phase1/canonical_room3/eval/span20_random_seed5/savgol_w5_p2/geometry_metrics.json,outputs/curated/stage3_sde/unknown_manual_review/phase1/savgol_w5_p2/geometry_metrics.json,UNKNOWN_NEEDS_MANUAL_REVIEW,json,no,no,no,low,no high-confidence cleanup rule matched
outputs/stage3/phase1/canonical_room3/eval/span20_random_seed5/savgol_w5_p2/reconstruction_metrics.json,outputs/curated/stage3_sde/unknown_manual_review/phase1/savgol_w5_p2/reconstruction_metrics.json,UNKNOWN_NEEDS_MANUAL_REVIEW,json,no,no,no,low,no high-confidence cleanup rule matched
outputs/stage3/phase1/canonical_room3/eval/span20_random_seed6/kalman_cv_dt1.0_q1e-3_r1e-2/geometry_metrics.json,outputs/curated/stage3_sde/unknown_manual_review/phase1/kalman_cv_dt1.0_q1e-3_r1e-2/geometry_metrics.json,UNKNOWN_NEEDS_MANUAL_REVIEW,json,no,no,no,low,no high-confidence cleanup rule matched
outputs/stage3/phase1/canonical_room3/eval/span20_random_seed6/kalman_cv_dt1.0_q1e-3_r1e-2/reconstruction_metrics.json,outputs/curated/stage3_sde/unknown_manual_review/phase1/kalman_cv_dt1.0_q1e-3_r1e-2/reconstruction_metrics.json,UNKNOWN_NEEDS_MANUAL_REVIEW,json,no,no,no,low,no high-confidence cleanup rule matched
outputs/stage3/phase1/canonical_room3/eval/span20_random_seed6/linear_interp/geometry_metrics.json,outputs/curated/stage3_sde/unknown_manual_review/phase1/linear_interp/geometry_metrics.json,UNKNOWN_NEEDS_MANUAL_REVIEW,json,no,no,no,low,no high-confidence cleanup rule matched
outputs/stage3/phase1/canonical_room3/eval/span20_random_seed6/linear_interp/reconstruction_metrics.json,outputs/curated/stage3_sde/unknown_manual_review/phase1/linear_interp/reconstruction_metrics.json,UNKNOWN_NEEDS_MANUAL_REVIEW,json,no,no,no,low,no high-confidence cleanup rule matched
outputs/stage3/phase1/canonical_room3/eval/span20_random_seed6/savgol_w5_p2/geometry_metrics.json,outputs/curated/stage3_sde/unknown_manual_review/phase1/savgol_w5_p2/geometry_metrics.json,UNKNOWN_NEEDS_MANUAL_REVIEW,json,no,no,no,low,no high-confidence cleanup rule matched
outputs/stage3/phase1/canonical_room3/eval/span20_random_seed6/savgol_w5_p2/reconstruction_metrics.json,outputs/curated/stage3_sde/unknown_manual_review/phase1/savgol_w5_p2/reconstruction_metrics.json,UNKNOWN_NEEDS_MANUAL_REVIEW,json,no,no,no,low,no high-confidence cleanup rule matched
outputs/stage3/phase1/canonical_room3/eval/span20_random_seed7/kalman_cv_dt1.0_q1e-3_r1e-2/geometry_metrics.json,outputs/curated/stage3_sde/unknown_manual_review/phase1/kalman_cv_dt1.0_q1e-3_r1e-2/geometry_metrics.json,UNKNOWN_NEEDS_MANUAL_REVIEW,json,no,no,no,low,no high-confidence cleanup rule matched
outputs/stage3/phase1/canonical_room3/eval/span20_random_seed7/kalman_cv_dt1.0_q1e-3_r1e-2/reconstruction_metrics.json,outputs/curated/stage3_sde/unknown_manual_review/phase1/kalman_cv_dt1.0_q1e-3_r1e-2/reconstruction_metrics.json,UNKNOWN_NEEDS_MANUAL_REVIEW,json,no,no,no,low,no high-confidence cleanup rule matched
outputs/stage3/phase1/canonical_room3/eval/span20_random_seed7/linear_interp/geometry_metrics.json,outputs/curated/stage3_sde/unknown_manual_review/phase1/linear_interp/geometry_metrics.json,UNKNOWN_NEEDS_MANUAL_REVIEW,json,no,no,no,low,no high-confidence cleanup rule matched
outputs/stage3/phase1/canonical_room3/eval/span20_random_seed7/linear_interp/reconstruction_metrics.json,outputs/curated/stage3_sde/unknown_manual_review/phase1/linear_interp/reconstruction_metrics.json,UNKNOWN_NEEDS_MANUAL_REVIEW,json,no,no,no,low,no high-confidence cleanup rule matched
outputs/stage3/phase1/canonical_room3/eval/span20_random_seed7/savgol_w5_p2/geometry_metrics.json,outputs/curated/stage3_sde/unknown_manual_review/phase1/savgol_w5_p2/geometry_metrics.json,UNKNOWN_NEEDS_MANUAL_REVIEW,json,no,no,no,low,no high-confidence cleanup rule matched
outputs/stage3/phase1/canonical_room3/eval/span20_random_seed7/savgol_w5_p2/reconstruction_metrics.json,outputs/curated/stage3_sde/unknown_manual_review/phase1/savgol_w5_p2/reconstruction_metrics.json,UNKNOWN_NEEDS_MANUAL_REVIEW,json,no,no,no,low,no high-confidence cleanup rule matched
outputs/stage3/phase1/canonical_room3/eval/span20_random_seed8/kalman_cv_dt1.0_q1e-3_r1e-2/geometry_metrics.json,outputs/curated/stage3_sde/unknown_manual_review/phase1/kalman_cv_dt1.0_q1e-3_r1e-2/geometry_metrics.json,UNKNOWN_NEEDS_MANUAL_REVIEW,json,no,no,no,low,no high-confidence cleanup rule matched
outputs/stage3/phase1/canonical_room3/eval/span20_random_seed8/kalman_cv_dt1.0_q1e-3_r1e-2/reconstruction_metrics.json,outputs/curated/stage3_sde/unknown_manual_review/phase1/kalman_cv_dt1.0_q1e-3_r1e-2/reconstruction_metrics.json,UNKNOWN_NEEDS_MANUAL_REVIEW,json,no,no,no,low,no high-confidence cleanup rule matched
outputs/stage3/phase1/canonical_room3/eval/span20_random_seed8/linear_interp/geometry_metrics.json,outputs/curated/stage3_sde/unknown_manual_review/phase1/linear_interp/geometry_metrics.json,UNKNOWN_NEEDS_MANUAL_REVIEW,json,no,no,no,low,no high-confidence cleanup rule matched
outputs/stage3/phase1/canonical_room3/eval/span20_random_seed8/linear_interp/reconstruction_metrics.json,outputs/curated/stage3_sde/unknown_manual_review/phase1/linear_interp/reconstruction_metrics.json,UNKNOWN_NEEDS_MANUAL_REVIEW,json,no,no,no,low,no high-confidence cleanup rule matched
outputs/stage3/phase1/canonical_room3/eval/span20_random_seed8/savgol_w5_p2/geometry_metrics.json,outputs/curated/stage3_sde/unknown_manual_review/phase1/savgol_w5_p2/geometry_metrics.json,UNKNOWN_NEEDS_MANUAL_REVIEW,json,no,no,no,low,no high-confidence cleanup rule matched
outputs/stage3/phase1/canonical_room3/eval/span20_random_seed8/savgol_w5_p2/reconstruction_metrics.json,outputs/curated/stage3_sde/unknown_manual_review/phase1/savgol_w5_p2/reconstruction_metrics.json,UNKNOWN_NEEDS_MANUAL_REVIEW,json,no,no,no,low,no high-confidence cleanup rule matched
outputs/stage3/phase1/canonical_room3/eval/span20_random_seed9/kalman_cv_dt1.0_q1e-3_r1e-2/geometry_metrics.json,outputs/curated/stage3_sde/unknown_manual_review/phase1/kalman_cv_dt1.0_q1e-3_r1e-2/geometry_metrics.json,UNKNOWN_NEEDS_MANUAL_REVIEW,json,no,no,no,low,no high-confidence cleanup rule matched
outputs/stage3/phase1/canonical_room3/eval/span20_random_seed9/kalman_cv_dt1.0_q1e-3_r1e-2/reconstruction_metrics.json,outputs/curated/stage3_sde/unknown_manual_review/phase1/kalman_cv_dt1.0_q1e-3_r1e-2/reconstruction_metrics.json,UNKNOWN_NEEDS_MANUAL_REVIEW,json,no,no,no,low,no high-confidence cleanup rule matched
outputs/stage3/phase1/canonical_room3/eval/span20_random_seed9/linear_interp/geometry_metrics.json,outputs/curated/stage3_sde/unknown_manual_review/phase1/linear_interp/geometry_metrics.json,UNKNOWN_NEEDS_MANUAL_REVIEW,json,no,no,no,low,no high-confidence cleanup rule matched
outputs/stage3/phase1/canonical_room3/eval/span20_random_seed9/linear_interp/reconstruction_metrics.json,outputs/curated/stage3_sde/unknown_manual_review/phase1/linear_interp/reconstruction_metrics.json,UNKNOWN_NEEDS_MANUAL_REVIEW,json,no,no,no,low,no high-confidence cleanup rule matched
outputs/stage3/phase1/canonical_room3/eval/span20_random_seed9/savgol_w5_p2/geometry_metrics.json,outputs/curated/stage3_sde/unknown_manual_review/phase1/savgol_w5_p2/geometry_metrics.json,UNKNOWN_NEEDS_MANUAL_REVIEW,json,no,no,no,low,no high-confidence cleanup rule matched
outputs/stage3/phase1/canonical_room3/eval/span20_random_seed9/savgol_w5_p2/reconstruction_metrics.json,outputs/curated/stage3_sde/unknown_manual_review/phase1/savgol_w5_p2/reconstruction_metrics.json,UNKNOWN_NEEDS_MANUAL_REVIEW,json,no,no,no,low,no high-confidence cleanup rule matched
outputs/stage3/phase1/canonical_room3/eval/span30_fixed_seed42/kalman_cv_dt1.0_q1e-3_r1e-2/geometry_metrics.json,outputs/curated/stage3_sde/unknown_manual_review/phase1/kalman_cv_dt1.0_q1e-3_r1e-2/geometry_metrics.json,UNKNOWN_NEEDS_MANUAL_REVIEW,json,no,no,no,low,no high-confidence cleanup rule matched
outputs/stage3/phase1/canonical_room3/eval/span30_fixed_seed42/kalman_cv_dt1.0_q1e-3_r1e-2/reconstruction_metrics.json,outputs/curated/stage3_sde/unknown_manual_review/phase1/kalman_cv_dt1.0_q1e-3_r1e-2/reconstruction_metrics.json,UNKNOWN_NEEDS_MANUAL_REVIEW,json,no,no,no,low,no high-confidence cleanup rule matched
outputs/stage3/phase1/canonical_room3/eval/span30_fixed_seed42/linear_interp/geometry_metrics.json,outputs/curated/stage3_sde/unknown_manual_review/phase1/linear_interp/geometry_metrics.json,UNKNOWN_NEEDS_MANUAL_REVIEW,json,no,no,no,low,no high-confidence cleanup rule matched
outputs/stage3/phase1/canonical_room3/eval/span30_fixed_seed42/linear_interp/reconstruction_metrics.json,outputs/curated/stage3_sde/unknown_manual_review/phase1/linear_interp/reconstruction_metrics.json,UNKNOWN_NEEDS_MANUAL_REVIEW,json,no,no,no,low,no high-confidence cleanup rule matched
outputs/stage3/phase1/canonical_room3/eval/span30_fixed_seed42/savgol_w5_p2/geometry_metrics.json,outputs/curated/stage3_sde/unknown_manual_review/phase1/savgol_w5_p2/geometry_metrics.json,UNKNOWN_NEEDS_MANUAL_REVIEW,json,no,no,no,low,no high-confidence cleanup rule matched
outputs/stage3/phase1/canonical_room3/eval/span30_fixed_seed42/savgol_w5_p2/reconstruction_metrics.json,outputs/curated/stage3_sde/unknown_manual_review/phase1/savgol_w5_p2/reconstruction_metrics.json,UNKNOWN_NEEDS_MANUAL_REVIEW,json,no,no,no,low,no high-confidence cleanup rule matched
outputs/stage3/phase1/canonical_room3/eval/summary_metrics.csv,outputs/curated/stage3_sde/unknown_manual_review/phase1/eval/summary_metrics.csv,UNKNOWN_NEEDS_MANUAL_REVIEW,metric_csv,no,no,no,low,no high-confidence cleanup rule matched
outputs/stage3/phase1/canonical_room3/eval/summary_report.md,outputs/curated/stage3_sde/unknown_manual_review/phase1/eval/summary_report.md,UNKNOWN_NEEDS_MANUAL_REVIEW,markdown,no,no,no,low,no high-confidence cleanup rule matched
outputs/stage3/phase1/canonical_room3/figures/exp0_baseline_ade_maskedade_bar.pdf,outputs/curated/stage3_sde/unknown_manual_review/phase1/figures/exp0_baseline_ade_maskedade_bar.pdf,UNKNOWN_NEEDS_MANUAL_REVIEW,figure,no,no,no,low,no high-confidence cleanup rule matched
outputs/stage3/phase1/canonical_room3/figures/exp0_baseline_ade_maskedade_bar.png,outputs/curated/stage3_sde/unknown_manual_review/phase1/figures/exp0_baseline_ade_maskedade_bar.png,UNKNOWN_NEEDS_MANUAL_REVIEW,figure,no,no,no,low,no high-confidence cleanup rule matched
outputs/stage3/phase1/canonical_room3/figures/exp0_representative_reconstruction.pdf,outputs/curated/stage3_sde/unknown_manual_review/phase1/figures/exp0_representative_reconstruction.pdf,UNKNOWN_NEEDS_MANUAL_REVIEW,figure,no,no,no,low,no high-confidence cleanup rule matched
outputs/stage3/phase1/canonical_room3/figures/exp0_representative_reconstruction.png,outputs/curated/stage3_sde/unknown_manual_review/phase1/figures/exp0_representative_reconstruction.png,UNKNOWN_NEEDS_MANUAL_REVIEW,figure,no,no,no,low,no high-confidence cleanup rule matched
outputs/stage3/phase1/canonical_room3/figures/exp1_span_sweep_maskedade_line.pdf,outputs/curated/stage3_sde/unknown_manual_review/phase1/figures/exp1_span_sweep_maskedade_line.pdf,UNKNOWN_NEEDS_MANUAL_REVIEW,figure,no,no,no,low,no high-confidence cleanup rule matched
outputs/stage3/phase1/canonical_room3/figures/exp1_span_sweep_maskedade_line.png,outputs/curated/stage3_sde/unknown_manual_review/phase1/figures/exp1_span_sweep_maskedade_line.png,UNKNOWN_NEEDS_MANUAL_REVIEW,figure,no,no,no,low,no high-confidence cleanup rule matched
outputs/stage3/phase1/canonical_room3/random_span_statistics/figures/full_vs_masked_comparison.png,outputs/curated/stage3_sde/unknown_manual_review/phase1/figures/full_vs_masked_comparison.png,UNKNOWN_NEEDS_MANUAL_REVIEW,figure,no,no,no,low,no high-confidence cleanup rule matched
outputs/stage3/phase1/canonical_room3/random_span_statistics/figures/random_span_ADE_mean_std.png,outputs/curated/stage3_sde/unknown_manual_review/phase1/figures/random_span_ADE_mean_std.png,UNKNOWN_NEEDS_MANUAL_REVIEW,figure,no,no,no,low,no high-confidence cleanup rule matched
outputs/stage3/phase1/canonical_room3/random_span_statistics/figures/random_span_RMSE_mean_std.png,outputs/curated/stage3_sde/unknown_manual_review/phase1/figures/random_span_RMSE_mean_std.png,UNKNOWN_NEEDS_MANUAL_REVIEW,figure,no,no,no,low,no high-confidence cleanup rule matched
outputs/stage3/phase1/canonical_room3/random_span_statistics/figures/random_span_masked_ADE_mean_std.png,outputs/curated/stage3_sde/unknown_manual_review/phase1/figures/random_span_masked_ADE_mean_std.png,UNKNOWN_NEEDS_MANUAL_REVIEW,figure,no,no,no,low,no high-confidence cleanup rule matched
outputs/stage3/phase1/canonical_room3/random_span_statistics/metrics_by_seed.csv,outputs/curated/stage3_sde/unknown_manual_review/phase1/random_span_statistics/metrics_by_seed.csv,UNKNOWN_NEEDS_MANUAL_REVIEW,metric_csv,no,no,no,low,no high-confidence cleanup rule matched
outputs/stage3/phase1/canonical_room3/random_span_statistics/metrics_by_seed.json,outputs/curated/stage3_sde/unknown_manual_review/phase1/random_span_statistics/metrics_by_seed.json,UNKNOWN_NEEDS_MANUAL_REVIEW,json,no,no,no,low,no high-confidence cleanup rule matched
outputs/stage3/phase1/canonical_room3/random_span_statistics/metrics_summary_mean_std.csv,outputs/curated/stage3_sde/unknown_manual_review/phase1/random_span_statistics/metrics_summary_mean_std.csv,UNKNOWN_NEEDS_MANUAL_REVIEW,metric_csv,no,no,no,low,no high-confidence cleanup rule matched
outputs/stage3/phase1/canonical_room3/random_span_statistics/metrics_summary_mean_std.json,outputs/curated/stage3_sde/unknown_manual_review/phase1/random_span_statistics/metrics_summary_mean_std.json,UNKNOWN_NEEDS_MANUAL_REVIEW,json,no,no,no,low,no high-confidence cleanup rule matched
outputs/stage3/phase1/canonical_room3/random_span_statistics/random_span_statistics_report.md,outputs/curated/stage3_sde/unknown_manual_review/phase1/random_span_statistics/random_span_statistics_report.md,UNKNOWN_NEEDS_MANUAL_REVIEW,markdown,no,no,no,low,no high-confidence cleanup rule matched
outputs/stage3/refinement/alpha_sweep/alpha_sweep_metrics.csv,outputs/curated/stage3_sde/unknown_manual_review/refinement/alpha_sweep/alpha_sweep_metrics.csv,UNKNOWN_NEEDS_MANUAL_REVIEW,metric_csv,no,no,no,low,no high-confidence cleanup rule matched
outputs/stage3/refinement/alpha_sweep/alpha_sweep_metrics.json,outputs/curated/stage3_sde/unknown_manual_review/refinement/alpha_sweep/alpha_sweep_metrics.json,UNKNOWN_NEEDS_MANUAL_REVIEW,json,no,no,no,low,no high-confidence cleanup rule matched
outputs/stage3/refinement/alpha_sweep/alpha_sweep_report.md,outputs/curated/stage3_sde/unknown_manual_review/refinement/alpha_sweep/alpha_sweep_report.md,UNKNOWN_NEEDS_MANUAL_REVIEW,markdown,no,no,no,low,no high-confidence cleanup rule matched
outputs/stage3/refinement/alpha_sweep/alpha_sweep_summary.csv,outputs/curated/stage3_sde/unknown_manual_review/refinement/alpha_sweep/alpha_sweep_summary.csv,UNKNOWN_NEEDS_MANUAL_REVIEW,metric_csv,no,no,no,low,no high-confidence cleanup rule matched
outputs/stage3/refinement/alpha_sweep/figures/alpha_sweep_ADE.png,outputs/curated/stage3_sde/unknown_manual_review/refinement/figures/alpha_sweep_ADE.png,UNKNOWN_NEEDS_MANUAL_REVIEW,figure,no,no,no,low,no high-confidence cleanup rule matched
outputs/stage3/refinement/alpha_sweep/figures/alpha_sweep_improvement_masked_ADE.png,outputs/curated/stage3_sde/unknown_manual_review/refinement/figures/alpha_sweep_improvement_masked_ADE.png,UNKNOWN_NEEDS_MANUAL_REVIEW,figure,no,no,no,low,no high-confidence cleanup rule matched
outputs/stage3/refinement/alpha_sweep/figures/alpha_sweep_masked_ADE.png,outputs/curated/stage3_sde/unknown_manual_review/refinement/figures/alpha_sweep_masked_ADE.png,UNKNOWN_NEEDS_MANUAL_REVIEW,figure,no,no,no,low,no high-confidence cleanup rule matched
outputs/stage3/refinement/alpha_sweep/refined/refined_missing_drift_kalman_cv_dt1.0_q1e-3_r1e-2_ddpm_prior_masked_blend_v2_alpha0.00.npy,outputs/curated/stage3_sde/unknown_manual_review/refinement/refined/refined_missing_drift_kalman_cv_dt1.0_q1e-3_r1e-2_ddpm_prior_masked_blend_v2_alpha0.00.npy,UNKNOWN_NEEDS_MANUAL_REVIEW,array,no,no,no,low,no high-confidence cleanup rule matched
outputs/stage3/refinement/alpha_sweep/refined/refined_missing_drift_kalman_cv_dt1.0_q1e-3_r1e-2_ddpm_prior_masked_blend_v2_alpha0.05.npy,outputs/curated/stage3_sde/unknown_manual_review/refinement/refined/refined_missing_drift_kalman_cv_dt1.0_q1e-3_r1e-2_ddpm_prior_masked_blend_v2_alpha0.05.npy,UNKNOWN_NEEDS_MANUAL_REVIEW,array,no,no,no,low,no high-confidence cleanup rule matched
outputs/stage3/refinement/alpha_sweep/refined/refined_missing_drift_kalman_cv_dt1.0_q1e-3_r1e-2_ddpm_prior_masked_blend_v2_alpha0.10.npy,outputs/curated/stage3_sde/unknown_manual_review/refinement/refined/refined_missing_drift_kalman_cv_dt1.0_q1e-3_r1e-2_ddpm_prior_masked_blend_v2_alpha0.10.npy,UNKNOWN_NEEDS_MANUAL_REVIEW,array,no,no,no,low,no high-confidence cleanup rule matched
outputs/stage3/refinement/alpha_sweep/refined/refined_missing_drift_kalman_cv_dt1.0_q1e-3_r1e-2_ddpm_prior_masked_blend_v2_alpha0.25.npy,outputs/curated/stage3_sde/unknown_manual_review/refinement/refined/refined_missing_drift_kalman_cv_dt1.0_q1e-3_r1e-2_ddpm_prior_masked_blend_v2_alpha0.25.npy,UNKNOWN_NEEDS_MANUAL_REVIEW,array,no,no,no,low,no high-confidence cleanup rule matched
outputs/stage3/refinement/alpha_sweep/refined/refined_missing_drift_kalman_cv_dt1.0_q1e-3_r1e-2_ddpm_prior_masked_blend_v2_alpha0.50.npy,outputs/curated/stage3_sde/unknown_manual_review/refinement/refined/refined_missing_drift_kalman_cv_dt1.0_q1e-3_r1e-2_ddpm_prior_masked_blend_v2_alpha0.50.npy,UNKNOWN_NEEDS_MANUAL_REVIEW,array,no,no,no,low,no high-confidence cleanup rule matched
outputs/stage3/refinement/alpha_sweep/refined/refined_missing_drift_kalman_cv_dt1.0_q1e-3_r1e-2_ddpm_prior_masked_blend_v2_alpha0.75.npy,outputs/curated/stage3_sde/unknown_manual_review/refinement/refined/refined_missing_drift_kalman_cv_dt1.0_q1e-3_r1e-2_ddpm_prior_masked_blend_v2_alpha0.75.npy,UNKNOWN_NEEDS_MANUAL_REVIEW,array,no,no,no,low,no high-confidence cleanup rule matched
outputs/stage3/refinement/alpha_sweep/refined/refined_missing_drift_kalman_cv_dt1.0_q1e-3_r1e-2_ddpm_prior_masked_blend_v2_alpha1.00.npy,outputs/curated/stage3_sde/unknown_manual_review/refinement/refined/refined_missing_drift_kalman_cv_dt1.0_q1e-3_r1e-2_ddpm_prior_masked_blend_v2_alpha1.00.npy,UNKNOWN_NEEDS_MANUAL_REVIEW,array,no,no,no,low,no high-confidence cleanup rule matched
outputs/stage3/refinement/alpha_sweep/refined/refined_missing_drift_linear_interp_ddpm_prior_masked_blend_v2_alpha0.00.npy,outputs/curated/stage3_sde/unknown_manual_review/refinement/refined/refined_missing_drift_linear_interp_ddpm_prior_masked_blend_v2_alpha0.00.npy,UNKNOWN_NEEDS_MANUAL_REVIEW,array,no,no,no,low,no high-confidence cleanup rule matched
outputs/stage3/refinement/alpha_sweep/refined/refined_missing_drift_linear_interp_ddpm_prior_masked_blend_v2_alpha0.05.npy,outputs/curated/stage3_sde/unknown_manual_review/refinement/refined/refined_missing_drift_linear_interp_ddpm_prior_masked_blend_v2_alpha0.05.npy,UNKNOWN_NEEDS_MANUAL_REVIEW,array,no,no,no,low,no high-confidence cleanup rule matched
outputs/stage3/refinement/alpha_sweep/refined/refined_missing_drift_linear_interp_ddpm_prior_masked_blend_v2_alpha0.10.npy,outputs/curated/stage3_sde/unknown_manual_review/refinement/refined/refined_missing_drift_linear_interp_ddpm_prior_masked_blend_v2_alpha0.10.npy,UNKNOWN_NEEDS_MANUAL_REVIEW,array,no,no,no,low,no high-confidence cleanup rule matched
outputs/stage3/refinement/alpha_sweep/refined/refined_missing_drift_linear_interp_ddpm_prior_masked_blend_v2_alpha0.25.npy,outputs/curated/stage3_sde/unknown_manual_review/refinement/refined/refined_missing_drift_linear_interp_ddpm_prior_masked_blend_v2_alpha0.25.npy,UNKNOWN_NEEDS_MANUAL_REVIEW,array,no,no,no,low,no high-confidence cleanup rule matched
outputs/stage3/refinement/alpha_sweep/refined/refined_missing_drift_linear_interp_ddpm_prior_masked_blend_v2_alpha0.50.npy,outputs/curated/stage3_sde/unknown_manual_review/refinement/refined/refined_missing_drift_linear_interp_ddpm_prior_masked_blend_v2_alpha0.50.npy,UNKNOWN_NEEDS_MANUAL_REVIEW,array,no,no,no,low,no high-confidence cleanup rule matched
outputs/stage3/refinement/alpha_sweep/refined/refined_missing_drift_linear_interp_ddpm_prior_masked_blend_v2_alpha0.75.npy,outputs/curated/stage3_sde/unknown_manual_review/refinement/refined/refined_missing_drift_linear_interp_ddpm_prior_masked_blend_v2_alpha0.75.npy,UNKNOWN_NEEDS_MANUAL_REVIEW,array,no,no,no,low,no high-confidence cleanup rule matched
outputs/stage3/refinement/alpha_sweep/refined/refined_missing_drift_linear_interp_ddpm_prior_masked_blend_v2_alpha1.00.npy,outputs/curated/stage3_sde/unknown_manual_review/refinement/refined/refined_missing_drift_linear_interp_ddpm_prior_masked_blend_v2_alpha1.00.npy,UNKNOWN_NEEDS_MANUAL_REVIEW,array,no,no,no,low,no high-confidence cleanup rule matched
outputs/stage3/refinement/alpha_sweep/refined/refined_missing_drift_savgol_w5_p2_ddpm_prior_masked_blend_v2_alpha0.00.npy,outputs/curated/stage3_sde/unknown_manual_review/refinement/refined/refined_missing_drift_savgol_w5_p2_ddpm_prior_masked_blend_v2_alpha0.00.npy,UNKNOWN_NEEDS_MANUAL_REVIEW,array,no,no,no,low,no high-confidence cleanup rule matched
outputs/stage3/refinement/alpha_sweep/refined/refined_missing_drift_savgol_w5_p2_ddpm_prior_masked_blend_v2_alpha0.05.npy,outputs/curated/stage3_sde/unknown_manual_review/refinement/refined/refined_missing_drift_savgol_w5_p2_ddpm_prior_masked_blend_v2_alpha0.05.npy,UNKNOWN_NEEDS_MANUAL_REVIEW,array,no,no,no,low,no high-confidence cleanup rule matched
outputs/stage3/refinement/alpha_sweep/refined/refined_missing_drift_savgol_w5_p2_ddpm_prior_masked_blend_v2_alpha0.10.npy,outputs/curated/stage3_sde/unknown_manual_review/refinement/refined/refined_missing_drift_savgol_w5_p2_ddpm_prior_masked_blend_v2_alpha0.10.npy,UNKNOWN_NEEDS_MANUAL_REVIEW,array,no,no,no,low,no high-confidence cleanup rule matched
outputs/stage3/refinement/alpha_sweep/refined/refined_missing_drift_savgol_w5_p2_ddpm_prior_masked_blend_v2_alpha0.25.npy,outputs/curated/stage3_sde/unknown_manual_review/refinement/refined/refined_missing_drift_savgol_w5_p2_ddpm_prior_masked_blend_v2_alpha0.25.npy,UNKNOWN_NEEDS_MANUAL_REVIEW,array,no,no,no,low,no high-confidence cleanup rule matched
outputs/stage3/refinement/alpha_sweep/refined/refined_missing_drift_savgol_w5_p2_ddpm_prior_masked_blend_v2_alpha0.50.npy,outputs/curated/stage3_sde/unknown_manual_review/refinement/refined/refined_missing_drift_savgol_w5_p2_ddpm_prior_masked_blend_v2_alpha0.50.npy,UNKNOWN_NEEDS_MANUAL_REVIEW,array,no,no,no,low,no high-confidence cleanup rule matched
outputs/stage3/refinement/alpha_sweep/refined/refined_missing_drift_savgol_w5_p2_ddpm_prior_masked_blend_v2_alpha0.75.npy,outputs/curated/stage3_sde/unknown_manual_review/refinement/refined/refined_missing_drift_savgol_w5_p2_ddpm_prior_masked_blend_v2_alpha0.75.npy,UNKNOWN_NEEDS_MANUAL_REVIEW,array,no,no,no,low,no high-confidence cleanup rule matched
outputs/stage3/refinement/alpha_sweep/refined/refined_missing_drift_savgol_w5_p2_ddpm_prior_masked_blend_v2_alpha1.00.npy,outputs/curated/stage3_sde/unknown_manual_review/refinement/refined/refined_missing_drift_savgol_w5_p2_ddpm_prior_masked_blend_v2_alpha1.00.npy,UNKNOWN_NEEDS_MANUAL_REVIEW,array,no,no,no,low,no high-confidence cleanup rule matched
outputs/stage3/refinement/alpha_sweep/refined/refined_missing_noise_drift_kalman_cv_dt1.0_q1e-3_r1e-2_ddpm_prior_masked_blend_v2_alpha0.00.npy,outputs/curated/stage3_sde/unknown_manual_review/refinement/refined/refined_missing_noise_drift_kalman_cv_dt1.0_q1e-3_r1e-2_ddpm_prior_masked_blend_v2_alpha0.00.npy,UNKNOWN_NEEDS_MANUAL_REVIEW,array,no,no,no,low,no high-confidence cleanup rule matched
outputs/stage3/refinement/alpha_sweep/refined/refined_missing_noise_drift_kalman_cv_dt1.0_q1e-3_r1e-2_ddpm_prior_masked_blend_v2_alpha0.05.npy,outputs/curated/stage3_sde/unknown_manual_review/refinement/refined/refined_missing_noise_drift_kalman_cv_dt1.0_q1e-3_r1e-2_ddpm_prior_masked_blend_v2_alpha0.05.npy,UNKNOWN_NEEDS_MANUAL_REVIEW,array,no,no,no,low,no high-confidence cleanup rule matched
outputs/stage3/refinement/alpha_sweep/refined/refined_missing_noise_drift_kalman_cv_dt1.0_q1e-3_r1e-2_ddpm_prior_masked_blend_v2_alpha0.10.npy,outputs/curated/stage3_sde/unknown_manual_review/refinement/refined/refined_missing_noise_drift_kalman_cv_dt1.0_q1e-3_r1e-2_ddpm_prior_masked_blend_v2_alpha0.10.npy,UNKNOWN_NEEDS_MANUAL_REVIEW,array,no,no,no,low,no high-confidence cleanup rule matched
outputs/stage3/refinement/alpha_sweep/refined/refined_missing_noise_drift_kalman_cv_dt1.0_q1e-3_r1e-2_ddpm_prior_masked_blend_v2_alpha0.25.npy,outputs/curated/stage3_sde/unknown_manual_review/refinement/refined/refined_missing_noise_drift_kalman_cv_dt1.0_q1e-3_r1e-2_ddpm_prior_masked_blend_v2_alpha0.25.npy,UNKNOWN_NEEDS_MANUAL_REVIEW,array,no,no,no,low,no high-confidence cleanup rule matched
outputs/stage3/refinement/alpha_sweep/refined/refined_missing_noise_drift_kalman_cv_dt1.0_q1e-3_r1e-2_ddpm_prior_masked_blend_v2_alpha0.50.npy,outputs/curated/stage3_sde/unknown_manual_review/refinement/refined/refined_missing_noise_drift_kalman_cv_dt1.0_q1e-3_r1e-2_ddpm_prior_masked_blend_v2_alpha0.50.npy,UNKNOWN_NEEDS_MANUAL_REVIEW,array,no,no,no,low,no high-confidence cleanup rule matched
outputs/stage3/refinement/alpha_sweep/refined/refined_missing_noise_drift_kalman_cv_dt1.0_q1e-3_r1e-2_ddpm_prior_masked_blend_v2_alpha0.75.npy,outputs/curated/stage3_sde/unknown_manual_review/refinement/refined/refined_missing_noise_drift_kalman_cv_dt1.0_q1e-3_r1e-2_ddpm_prior_masked_blend_v2_alpha0.75.npy,UNKNOWN_NEEDS_MANUAL_REVIEW,array,no,no,no,low,no high-confidence cleanup rule matched
outputs/stage3/refinement/alpha_sweep/refined/refined_missing_noise_drift_kalman_cv_dt1.0_q1e-3_r1e-2_ddpm_prior_masked_blend_v2_alpha1.00.npy,outputs/curated/stage3_sde/unknown_manual_review/refinement/refined/refined_missing_noise_drift_kalman_cv_dt1.0_q1e-3_r1e-2_ddpm_prior_masked_blend_v2_alpha1.00.npy,UNKNOWN_NEEDS_MANUAL_REVIEW,array,no,no,no,low,no high-confidence cleanup rule matched
outputs/stage3/refinement/alpha_sweep/refined/refined_missing_noise_drift_linear_interp_ddpm_prior_masked_blend_v2_alpha0.00.npy,outputs/curated/stage3_sde/unknown_manual_review/refinement/refined/refined_missing_noise_drift_linear_interp_ddpm_prior_masked_blend_v2_alpha0.00.npy,UNKNOWN_NEEDS_MANUAL_REVIEW,array,no,no,no,low,no high-confidence cleanup rule matched
outputs/stage3/refinement/alpha_sweep/refined/refined_missing_noise_drift_linear_interp_ddpm_prior_masked_blend_v2_alpha0.05.npy,outputs/curated/stage3_sde/unknown_manual_review/refinement/refined/refined_missing_noise_drift_linear_interp_ddpm_prior_masked_blend_v2_alpha0.05.npy,UNKNOWN_NEEDS_MANUAL_REVIEW,array,no,no,no,low,no high-confidence cleanup rule matched
outputs/stage3/refinement/alpha_sweep/refined/refined_missing_noise_drift_linear_interp_ddpm_prior_masked_blend_v2_alpha0.10.npy,outputs/curated/stage3_sde/unknown_manual_review/refinement/refined/refined_missing_noise_drift_linear_interp_ddpm_prior_masked_blend_v2_alpha0.10.npy,UNKNOWN_NEEDS_MANUAL_REVIEW,array,no,no,no,low,no high-confidence cleanup rule matched
outputs/stage3/refinement/alpha_sweep/refined/refined_missing_noise_drift_linear_interp_ddpm_prior_masked_blend_v2_alpha0.25.npy,outputs/curated/stage3_sde/unknown_manual_review/refinement/refined/refined_missing_noise_drift_linear_interp_ddpm_prior_masked_blend_v2_alpha0.25.npy,UNKNOWN_NEEDS_MANUAL_REVIEW,array,no,no,no,low,no high-confidence cleanup rule matched
outputs/stage3/refinement/alpha_sweep/refined/refined_missing_noise_drift_linear_interp_ddpm_prior_masked_blend_v2_alpha0.50.npy,outputs/curated/stage3_sde/unknown_manual_review/refinement/refined/refined_missing_noise_drift_linear_interp_ddpm_prior_masked_blend_v2_alpha0.50.npy,UNKNOWN_NEEDS_MANUAL_REVIEW,array,no,no,no,low,no high-confidence cleanup rule matched
outputs/stage3/refinement/alpha_sweep/refined/refined_missing_noise_drift_linear_interp_ddpm_prior_masked_blend_v2_alpha0.75.npy,outputs/curated/stage3_sde/unknown_manual_review/refinement/refined/refined_missing_noise_drift_linear_interp_ddpm_prior_masked_blend_v2_alpha0.75.npy,UNKNOWN_NEEDS_MANUAL_REVIEW,array,no,no,no,low,no high-confidence cleanup rule matched
outputs/stage3/refinement/alpha_sweep/refined/refined_missing_noise_drift_linear_interp_ddpm_prior_masked_blend_v2_alpha1.00.npy,outputs/curated/stage3_sde/unknown_manual_review/refinement/refined/refined_missing_noise_drift_linear_interp_ddpm_prior_masked_blend_v2_alpha1.00.npy,UNKNOWN_NEEDS_MANUAL_REVIEW,array,no,no,no,low,no high-confidence cleanup rule matched
outputs/stage3/refinement/alpha_sweep/refined/refined_missing_noise_drift_savgol_w5_p2_ddpm_prior_masked_blend_v2_alpha0.00.npy,outputs/curated/stage3_sde/unknown_manual_review/refinement/refined/refined_missing_noise_drift_savgol_w5_p2_ddpm_prior_masked_blend_v2_alpha0.00.npy,UNKNOWN_NEEDS_MANUAL_REVIEW,array,no,no,no,low,no high-confidence cleanup rule matched
outputs/stage3/refinement/alpha_sweep/refined/refined_missing_noise_drift_savgol_w5_p2_ddpm_prior_masked_blend_v2_alpha0.05.npy,outputs/curated/stage3_sde/unknown_manual_review/refinement/refined/refined_missing_noise_drift_savgol_w5_p2_ddpm_prior_masked_blend_v2_alpha0.05.npy,UNKNOWN_NEEDS_MANUAL_REVIEW,array,no,no,no,low,no high-confidence cleanup rule matched
outputs/stage3/refinement/alpha_sweep/refined/refined_missing_noise_drift_savgol_w5_p2_ddpm_prior_masked_blend_v2_alpha0.10.npy,outputs/curated/stage3_sde/unknown_manual_review/refinement/refined/refined_missing_noise_drift_savgol_w5_p2_ddpm_prior_masked_blend_v2_alpha0.10.npy,UNKNOWN_NEEDS_MANUAL_REVIEW,array,no,no,no,low,no high-confidence cleanup rule matched
outputs/stage3/refinement/alpha_sweep/refined/refined_missing_noise_drift_savgol_w5_p2_ddpm_prior_masked_blend_v2_alpha0.25.npy,outputs/curated/stage3_sde/unknown_manual_review/refinement/refined/refined_missing_noise_drift_savgol_w5_p2_ddpm_prior_masked_blend_v2_alpha0.25.npy,UNKNOWN_NEEDS_MANUAL_REVIEW,array,no,no,no,low,no high-confidence cleanup rule matched
outputs/stage3/refinement/alpha_sweep/refined/refined_missing_noise_drift_savgol_w5_p2_ddpm_prior_masked_blend_v2_alpha0.50.npy,outputs/curated/stage3_sde/unknown_manual_review/refinement/refined/refined_missing_noise_drift_savgol_w5_p2_ddpm_prior_masked_blend_v2_alpha0.50.npy,UNKNOWN_NEEDS_MANUAL_REVIEW,array,no,no,no,low,no high-confidence cleanup rule matched
outputs/stage3/refinement/alpha_sweep/refined/refined_missing_noise_drift_savgol_w5_p2_ddpm_prior_masked_blend_v2_alpha0.75.npy,outputs/curated/stage3_sde/unknown_manual_review/refinement/refined/refined_missing_noise_drift_savgol_w5_p2_ddpm_prior_masked_blend_v2_alpha0.75.npy,UNKNOWN_NEEDS_MANUAL_REVIEW,array,no,no,no,low,no high-confidence cleanup rule matched
outputs/stage3/refinement/alpha_sweep/refined/refined_missing_noise_drift_savgol_w5_p2_ddpm_prior_masked_blend_v2_alpha1.00.npy,outputs/curated/stage3_sde/unknown_manual_review/refinement/refined/refined_missing_noise_drift_savgol_w5_p2_ddpm_prior_masked_blend_v2_alpha1.00.npy,UNKNOWN_NEEDS_MANUAL_REVIEW,array,no,no,no,low,no high-confidence cleanup rule matched
outputs/stage3/refinement/alpha_sweep/refined/refined_missing_noise_kalman_cv_dt1.0_q1e-3_r1e-2_ddpm_prior_masked_blend_v2_alpha0.00.npy,outputs/curated/stage3_sde/unknown_manual_review/refinement/refined/refined_missing_noise_kalman_cv_dt1.0_q1e-3_r1e-2_ddpm_prior_masked_blend_v2_alpha0.00.npy,UNKNOWN_NEEDS_MANUAL_REVIEW,array,no,no,no,low,no high-confidence cleanup rule matched
outputs/stage3/refinement/alpha_sweep/refined/refined_missing_noise_kalman_cv_dt1.0_q1e-3_r1e-2_ddpm_prior_masked_blend_v2_alpha0.05.npy,outputs/curated/stage3_sde/unknown_manual_review/refinement/refined/refined_missing_noise_kalman_cv_dt1.0_q1e-3_r1e-2_ddpm_prior_masked_blend_v2_alpha0.05.npy,UNKNOWN_NEEDS_MANUAL_REVIEW,array,no,no,no,low,no high-confidence cleanup rule matched
outputs/stage3/refinement/alpha_sweep/refined/refined_missing_noise_kalman_cv_dt1.0_q1e-3_r1e-2_ddpm_prior_masked_blend_v2_alpha0.10.npy,outputs/curated/stage3_sde/unknown_manual_review/refinement/refined/refined_missing_noise_kalman_cv_dt1.0_q1e-3_r1e-2_ddpm_prior_masked_blend_v2_alpha0.10.npy,UNKNOWN_NEEDS_MANUAL_REVIEW,array,no,no,no,low,no high-confidence cleanup rule matched
outputs/stage3/refinement/alpha_sweep/refined/refined_missing_noise_kalman_cv_dt1.0_q1e-3_r1e-2_ddpm_prior_masked_blend_v2_alpha0.25.npy,outputs/curated/stage3_sde/unknown_manual_review/refinement/refined/refined_missing_noise_kalman_cv_dt1.0_q1e-3_r1e-2_ddpm_prior_masked_blend_v2_alpha0.25.npy,UNKNOWN_NEEDS_MANUAL_REVIEW,array,no,no,no,low,no high-confidence cleanup rule matched
outputs/stage3/refinement/alpha_sweep/refined/refined_missing_noise_kalman_cv_dt1.0_q1e-3_r1e-2_ddpm_prior_masked_blend_v2_alpha0.50.npy,outputs/curated/stage3_sde/unknown_manual_review/refinement/refined/refined_missing_noise_kalman_cv_dt1.0_q1e-3_r1e-2_ddpm_prior_masked_blend_v2_alpha0.50.npy,UNKNOWN_NEEDS_MANUAL_REVIEW,array,no,no,no,low,no high-confidence cleanup rule matched
outputs/stage3/refinement/alpha_sweep/refined/refined_missing_noise_kalman_cv_dt1.0_q1e-3_r1e-2_ddpm_prior_masked_blend_v2_alpha0.75.npy,outputs/curated/stage3_sde/unknown_manual_review/refinement/refined/refined_missing_noise_kalman_cv_dt1.0_q1e-3_r1e-2_ddpm_prior_masked_blend_v2_alpha0.75.npy,UNKNOWN_NEEDS_MANUAL_REVIEW,array,no,no,no,low,no high-confidence cleanup rule matched
outputs/stage3/refinement/alpha_sweep/refined/refined_missing_noise_kalman_cv_dt1.0_q1e-3_r1e-2_ddpm_prior_masked_blend_v2_alpha1.00.npy,outputs/curated/stage3_sde/unknown_manual_review/refinement/refined/refined_missing_noise_kalman_cv_dt1.0_q1e-3_r1e-2_ddpm_prior_masked_blend_v2_alpha1.00.npy,UNKNOWN_NEEDS_MANUAL_REVIEW,array,no,no,no,low,no high-confidence cleanup rule matched
outputs/stage3/refinement/alpha_sweep/refined/refined_missing_noise_linear_interp_ddpm_prior_masked_blend_v2_alpha0.00.npy,outputs/curated/stage3_sde/unknown_manual_review/refinement/refined/refined_missing_noise_linear_interp_ddpm_prior_masked_blend_v2_alpha0.00.npy,UNKNOWN_NEEDS_MANUAL_REVIEW,array,no,no,no,low,no high-confidence cleanup rule matched
outputs/stage3/refinement/alpha_sweep/refined/refined_missing_noise_linear_interp_ddpm_prior_masked_blend_v2_alpha0.05.npy,outputs/curated/stage3_sde/unknown_manual_review/refinement/refined/refined_missing_noise_linear_interp_ddpm_prior_masked_blend_v2_alpha0.05.npy,UNKNOWN_NEEDS_MANUAL_REVIEW,array,no,no,no,low,no high-confidence cleanup rule matched
outputs/stage3/refinement/alpha_sweep/refined/refined_missing_noise_linear_interp_ddpm_prior_masked_blend_v2_alpha0.10.npy,outputs/curated/stage3_sde/unknown_manual_review/refinement/refined/refined_missing_noise_linear_interp_ddpm_prior_masked_blend_v2_alpha0.10.npy,UNKNOWN_NEEDS_MANUAL_REVIEW,array,no,no,no,low,no high-confidence cleanup rule matched
outputs/stage3/refinement/alpha_sweep/refined/refined_missing_noise_linear_interp_ddpm_prior_masked_blend_v2_alpha0.25.npy,outputs/curated/stage3_sde/unknown_manual_review/refinement/refined/refined_missing_noise_linear_interp_ddpm_prior_masked_blend_v2_alpha0.25.npy,UNKNOWN_NEEDS_MANUAL_REVIEW,array,no,no,no,low,no high-confidence cleanup rule matched
outputs/stage3/refinement/alpha_sweep/refined/refined_missing_noise_linear_interp_ddpm_prior_masked_blend_v2_alpha0.50.npy,outputs/curated/stage3_sde/unknown_manual_review/refinement/refined/refined_missing_noise_linear_interp_ddpm_prior_masked_blend_v2_alpha0.50.npy,UNKNOWN_NEEDS_MANUAL_REVIEW,array,no,no,no,low,no high-confidence cleanup rule matched
outputs/stage3/refinement/alpha_sweep/refined/refined_missing_noise_linear_interp_ddpm_prior_masked_blend_v2_alpha0.75.npy,outputs/curated/stage3_sde/unknown_manual_review/refinement/refined/refined_missing_noise_linear_interp_ddpm_prior_masked_blend_v2_alpha0.75.npy,UNKNOWN_NEEDS_MANUAL_REVIEW,array,no,no,no,low,no high-confidence cleanup rule matched
outputs/stage3/refinement/alpha_sweep/refined/refined_missing_noise_linear_interp_ddpm_prior_masked_blend_v2_alpha1.00.npy,outputs/curated/stage3_sde/unknown_manual_review/refinement/refined/refined_missing_noise_linear_interp_ddpm_prior_masked_blend_v2_alpha1.00.npy,UNKNOWN_NEEDS_MANUAL_REVIEW,array,no,no,no,low,no high-confidence cleanup rule matched
outputs/stage3/refinement/alpha_sweep/refined/refined_missing_noise_savgol_w5_p2_ddpm_prior_masked_blend_v2_alpha0.00.npy,outputs/curated/stage3_sde/unknown_manual_review/refinement/refined/refined_missing_noise_savgol_w5_p2_ddpm_prior_masked_blend_v2_alpha0.00.npy,UNKNOWN_NEEDS_MANUAL_REVIEW,array,no,no,no,low,no high-confidence cleanup rule matched
outputs/stage3/refinement/alpha_sweep/refined/refined_missing_noise_savgol_w5_p2_ddpm_prior_masked_blend_v2_alpha0.05.npy,outputs/curated/stage3_sde/unknown_manual_review/refinement/refined/refined_missing_noise_savgol_w5_p2_ddpm_prior_masked_blend_v2_alpha0.05.npy,UNKNOWN_NEEDS_MANUAL_REVIEW,array,no,no,no,low,no high-confidence cleanup rule matched
outputs/stage3/refinement/alpha_sweep/refined/refined_missing_noise_savgol_w5_p2_ddpm_prior_masked_blend_v2_alpha0.10.npy,outputs/curated/stage3_sde/unknown_manual_review/refinement/refined/refined_missing_noise_savgol_w5_p2_ddpm_prior_masked_blend_v2_alpha0.10.npy,UNKNOWN_NEEDS_MANUAL_REVIEW,array,no,no,no,low,no high-confidence cleanup rule matched
outputs/stage3/refinement/alpha_sweep/refined/refined_missing_noise_savgol_w5_p2_ddpm_prior_masked_blend_v2_alpha0.25.npy,outputs/curated/stage3_sde/unknown_manual_review/refinement/refined/refined_missing_noise_savgol_w5_p2_ddpm_prior_masked_blend_v2_alpha0.25.npy,UNKNOWN_NEEDS_MANUAL_REVIEW,array,no,no,no,low,no high-confidence cleanup rule matched
outputs/stage3/refinement/alpha_sweep/refined/refined_missing_noise_savgol_w5_p2_ddpm_prior_masked_blend_v2_alpha0.50.npy,outputs/curated/stage3_sde/unknown_manual_review/refinement/refined/refined_missing_noise_savgol_w5_p2_ddpm_prior_masked_blend_v2_alpha0.50.npy,UNKNOWN_NEEDS_MANUAL_REVIEW,array,no,no,no,low,no high-confidence cleanup rule matched
outputs/stage3/refinement/alpha_sweep/refined/refined_missing_noise_savgol_w5_p2_ddpm_prior_masked_blend_v2_alpha0.75.npy,outputs/curated/stage3_sde/unknown_manual_review/refinement/refined/refined_missing_noise_savgol_w5_p2_ddpm_prior_masked_blend_v2_alpha0.75.npy,UNKNOWN_NEEDS_MANUAL_REVIEW,array,no,no,no,low,no high-confidence cleanup rule matched
outputs/stage3/refinement/alpha_sweep/refined/refined_missing_noise_savgol_w5_p2_ddpm_prior_masked_blend_v2_alpha1.00.npy,outputs/curated/stage3_sde/unknown_manual_review/refinement/refined/refined_missing_noise_savgol_w5_p2_ddpm_prior_masked_blend_v2_alpha1.00.npy,UNKNOWN_NEEDS_MANUAL_REVIEW,array,no,no,no,low,no high-confidence cleanup rule matched
outputs/stage3/refinement/alpha_sweep/refined/refined_missing_only_kalman_cv_dt1.0_q1e-3_r1e-2_ddpm_prior_masked_blend_v2_alpha0.00.npy,outputs/curated/stage3_sde/unknown_manual_review/refinement/refined/refined_missing_only_kalman_cv_dt1.0_q1e-3_r1e-2_ddpm_prior_masked_blend_v2_alpha0.00.npy,UNKNOWN_NEEDS_MANUAL_REVIEW,array,no,no,no,low,no high-confidence cleanup rule matched
outputs/stage3/refinement/alpha_sweep/refined/refined_missing_only_kalman_cv_dt1.0_q1e-3_r1e-2_ddpm_prior_masked_blend_v2_alpha0.05.npy,outputs/curated/stage3_sde/unknown_manual_review/refinement/refined/refined_missing_only_kalman_cv_dt1.0_q1e-3_r1e-2_ddpm_prior_masked_blend_v2_alpha0.05.npy,UNKNOWN_NEEDS_MANUAL_REVIEW,array,no,no,no,low,no high-confidence cleanup rule matched
outputs/stage3/refinement/alpha_sweep/refined/refined_missing_only_kalman_cv_dt1.0_q1e-3_r1e-2_ddpm_prior_masked_blend_v2_alpha0.10.npy,outputs/curated/stage3_sde/unknown_manual_review/refinement/refined/refined_missing_only_kalman_cv_dt1.0_q1e-3_r1e-2_ddpm_prior_masked_blend_v2_alpha0.10.npy,UNKNOWN_NEEDS_MANUAL_REVIEW,array,no,no,no,low,no high-confidence cleanup rule matched
outputs/stage3/refinement/alpha_sweep/refined/refined_missing_only_kalman_cv_dt1.0_q1e-3_r1e-2_ddpm_prior_masked_blend_v2_alpha0.25.npy,outputs/curated/stage3_sde/unknown_manual_review/refinement/refined/refined_missing_only_kalman_cv_dt1.0_q1e-3_r1e-2_ddpm_prior_masked_blend_v2_alpha0.25.npy,UNKNOWN_NEEDS_MANUAL_REVIEW,array,no,no,no,low,no high-confidence cleanup rule matched
outputs/stage3/refinement/alpha_sweep/refined/refined_missing_only_kalman_cv_dt1.0_q1e-3_r1e-2_ddpm_prior_masked_blend_v2_alpha0.50.npy,outputs/curated/stage3_sde/unknown_manual_review/refinement/refined/refined_missing_only_kalman_cv_dt1.0_q1e-3_r1e-2_ddpm_prior_masked_blend_v2_alpha0.50.npy,UNKNOWN_NEEDS_MANUAL_REVIEW,array,no,no,no,low,no high-confidence cleanup rule matched
outputs/stage3/refinement/alpha_sweep/refined/refined_missing_only_kalman_cv_dt1.0_q1e-3_r1e-2_ddpm_prior_masked_blend_v2_alpha0.75.npy,outputs/curated/stage3_sde/unknown_manual_review/refinement/refined/refined_missing_only_kalman_cv_dt1.0_q1e-3_r1e-2_ddpm_prior_masked_blend_v2_alpha0.75.npy,UNKNOWN_NEEDS_MANUAL_REVIEW,array,no,no,no,low,no high-confidence cleanup rule matched
outputs/stage3/refinement/alpha_sweep/refined/refined_missing_only_kalman_cv_dt1.0_q1e-3_r1e-2_ddpm_prior_masked_blend_v2_alpha1.00.npy,outputs/curated/stage3_sde/unknown_manual_review/refinement/refined/refined_missing_only_kalman_cv_dt1.0_q1e-3_r1e-2_ddpm_prior_masked_blend_v2_alpha1.00.npy,UNKNOWN_NEEDS_MANUAL_REVIEW,array,no,no,no,low,no high-confidence cleanup rule matched
outputs/stage3/refinement/alpha_sweep/refined/refined_missing_only_linear_interp_ddpm_prior_masked_blend_v2_alpha0.00.npy,outputs/curated/stage3_sde/unknown_manual_review/refinement/refined/refined_missing_only_linear_interp_ddpm_prior_masked_blend_v2_alpha0.00.npy,UNKNOWN_NEEDS_MANUAL_REVIEW,array,no,no,no,low,no high-confidence cleanup rule matched
outputs/stage3/refinement/alpha_sweep/refined/refined_missing_only_linear_interp_ddpm_prior_masked_blend_v2_alpha0.05.npy,outputs/curated/stage3_sde/unknown_manual_review/refinement/refined/refined_missing_only_linear_interp_ddpm_prior_masked_blend_v2_alpha0.05.npy,UNKNOWN_NEEDS_MANUAL_REVIEW,array,no,no,no,low,no high-confidence cleanup rule matched
outputs/stage3/refinement/alpha_sweep/refined/refined_missing_only_linear_interp_ddpm_prior_masked_blend_v2_alpha0.10.npy,outputs/curated/stage3_sde/unknown_manual_review/refinement/refined/refined_missing_only_linear_interp_ddpm_prior_masked_blend_v2_alpha0.10.npy,UNKNOWN_NEEDS_MANUAL_REVIEW,array,no,no,no,low,no high-confidence cleanup rule matched
outputs/stage3/refinement/alpha_sweep/refined/refined_missing_only_linear_interp_ddpm_prior_masked_blend_v2_alpha0.25.npy,outputs/curated/stage3_sde/unknown_manual_review/refinement/refined/refined_missing_only_linear_interp_ddpm_prior_masked_blend_v2_alpha0.25.npy,UNKNOWN_NEEDS_MANUAL_REVIEW,array,no,no,no,low,no high-confidence cleanup rule matched
outputs/stage3/refinement/alpha_sweep/refined/refined_missing_only_linear_interp_ddpm_prior_masked_blend_v2_alpha0.50.npy,outputs/curated/stage3_sde/unknown_manual_review/refinement/refined/refined_missing_only_linear_interp_ddpm_prior_masked_blend_v2_alpha0.50.npy,UNKNOWN_NEEDS_MANUAL_REVIEW,array,no,no,no,low,no high-confidence cleanup rule matched
outputs/stage3/refinement/alpha_sweep/refined/refined_missing_only_linear_interp_ddpm_prior_masked_blend_v2_alpha0.75.npy,outputs/curated/stage3_sde/unknown_manual_review/refinement/refined/refined_missing_only_linear_interp_ddpm_prior_masked_blend_v2_alpha0.75.npy,UNKNOWN_NEEDS_MANUAL_REVIEW,array,no,no,no,low,no high-confidence cleanup rule matched
outputs/stage3/refinement/alpha_sweep/refined/refined_missing_only_linear_interp_ddpm_prior_masked_blend_v2_alpha1.00.npy,outputs/curated/stage3_sde/unknown_manual_review/refinement/refined/refined_missing_only_linear_interp_ddpm_prior_masked_blend_v2_alpha1.00.npy,UNKNOWN_NEEDS_MANUAL_REVIEW,array,no,no,no,low,no high-confidence cleanup rule matched
outputs/stage3/refinement/alpha_sweep/refined/refined_missing_only_savgol_w5_p2_ddpm_prior_masked_blend_v2_alpha0.00.npy,outputs/curated/stage3_sde/unknown_manual_review/refinement/refined/refined_missing_only_savgol_w5_p2_ddpm_prior_masked_blend_v2_alpha0.00.npy,UNKNOWN_NEEDS_MANUAL_REVIEW,array,no,no,no,low,no high-confidence cleanup rule matched
outputs/stage3/refinement/alpha_sweep/refined/refined_missing_only_savgol_w5_p2_ddpm_prior_masked_blend_v2_alpha0.05.npy,outputs/curated/stage3_sde/unknown_manual_review/refinement/refined/refined_missing_only_savgol_w5_p2_ddpm_prior_masked_blend_v2_alpha0.05.npy,UNKNOWN_NEEDS_MANUAL_REVIEW,array,no,no,no,low,no high-confidence cleanup rule matched
outputs/stage3/refinement/alpha_sweep/refined/refined_missing_only_savgol_w5_p2_ddpm_prior_masked_blend_v2_alpha0.10.npy,outputs/curated/stage3_sde/unknown_manual_review/refinement/refined/refined_missing_only_savgol_w5_p2_ddpm_prior_masked_blend_v2_alpha0.10.npy,UNKNOWN_NEEDS_MANUAL_REVIEW,array,no,no,no,low,no high-confidence cleanup rule matched
outputs/stage3/refinement/alpha_sweep/refined/refined_missing_only_savgol_w5_p2_ddpm_prior_masked_blend_v2_alpha0.25.npy,outputs/curated/stage3_sde/unknown_manual_review/refinement/refined/refined_missing_only_savgol_w5_p2_ddpm_prior_masked_blend_v2_alpha0.25.npy,UNKNOWN_NEEDS_MANUAL_REVIEW,array,no,no,no,low,no high-confidence cleanup rule matched
outputs/stage3/refinement/alpha_sweep/refined/refined_missing_only_savgol_w5_p2_ddpm_prior_masked_blend_v2_alpha0.50.npy,outputs/curated/stage3_sde/unknown_manual_review/refinement/refined/refined_missing_only_savgol_w5_p2_ddpm_prior_masked_blend_v2_alpha0.50.npy,UNKNOWN_NEEDS_MANUAL_REVIEW,array,no,no,no,low,no high-confidence cleanup rule matched
outputs/stage3/refinement/alpha_sweep/refined/refined_missing_only_savgol_w5_p2_ddpm_prior_masked_blend_v2_alpha0.75.npy,outputs/curated/stage3_sde/unknown_manual_review/refinement/refined/refined_missing_only_savgol_w5_p2_ddpm_prior_masked_blend_v2_alpha0.75.npy,UNKNOWN_NEEDS_MANUAL_REVIEW,array,no,no,no,low,no high-confidence cleanup rule matched
outputs/stage3/refinement/alpha_sweep/refined/refined_missing_only_savgol_w5_p2_ddpm_prior_masked_blend_v2_alpha1.00.npy,outputs/curated/stage3_sde/unknown_manual_review/refinement/refined/refined_missing_only_savgol_w5_p2_ddpm_prior_masked_blend_v2_alpha1.00.npy,UNKNOWN_NEEDS_MANUAL_REVIEW,array,no,no,no,low,no high-confidence cleanup rule matched
outputs/stage3/refinement/eval/refinement_metrics.csv,outputs/curated/stage3_sde/unknown_manual_review/refinement/eval/refinement_metrics.csv,UNKNOWN_NEEDS_MANUAL_REVIEW,metric_csv,no,no,no,low,no high-confidence cleanup rule matched
outputs/stage3/refinement/eval/refinement_metrics.json,outputs/curated/stage3_sde/unknown_manual_review/refinement/eval/refinement_metrics.json,UNKNOWN_NEEDS_MANUAL_REVIEW,json,no,no,no,low,no high-confidence cleanup rule matched
outputs/stage3/refinement/figures/coarse_vs_refined_ADE.png,outputs/curated/stage3_sde/unknown_manual_review/refinement/figures/coarse_vs_refined_ADE.png,UNKNOWN_NEEDS_MANUAL_REVIEW,figure,no,no,no,low,no high-confidence cleanup rule matched
outputs/stage3/refinement/figures/coarse_vs_refined_masked_ADE.png,outputs/curated/stage3_sde/unknown_manual_review/refinement/figures/coarse_vs_refined_masked_ADE.png,UNKNOWN_NEEDS_MANUAL_REVIEW,figure,no,no,no,low,no high-confidence cleanup rule matched
outputs/stage3/refinement/figures/ddpm_vs_naive_refinement_improvement.png,outputs/curated/stage3_sde/unknown_manual_review/refinement/figures/ddpm_vs_naive_refinement_improvement.png,UNKNOWN_NEEDS_MANUAL_REVIEW,figure,no,no,no,low,no high-confidence cleanup rule matched
outputs/stage3/refinement/figures/full_vs_masked_refinement_improvement.png,outputs/curated/stage3_sde/unknown_manual_review/refinement/figures/full_vs_masked_refinement_improvement.png,UNKNOWN_NEEDS_MANUAL_REVIEW,figure,no,no,no,low,no high-confidence cleanup rule matched
outputs/stage3/refinement/figures/improvement_bar_chart.png,outputs/curated/stage3_sde/unknown_manual_review/refinement/figures/improvement_bar_chart.png,UNKNOWN_NEEDS_MANUAL_REVIEW,figure,no,no,no,low,no high-confidence cleanup rule matched
outputs/stage3/refinement/figures/trajectory_example_coarse_refined.png,outputs/curated/stage3_sde/unknown_manual_review/refinement/figures/trajectory_example_coarse_refined.png,UNKNOWN_NEEDS_MANUAL_REVIEW,figure,no,no,no,low,no high-confidence cleanup rule matched
outputs/stage3/refinement/metadata/refined_missing_drift_kalman_cv_dt1.0_q1e-3_r1e-2_ddpm_prior_interface_v0.json,outputs/curated/stage3_sde/unknown_manual_review/refinement/metadata/refined_missing_drift_kalman_cv_dt1.0_q1e-3_r1e-2_ddpm_prior_interface_v0.json,UNKNOWN_NEEDS_MANUAL_REVIEW,json,no,no,no,low,no high-confidence cleanup rule matched
outputs/stage3/refinement/metadata/refined_missing_drift_kalman_cv_dt1.0_q1e-3_r1e-2_ddpm_prior_masked_blend_v2_alpha0.25.json,outputs/curated/stage3_sde/unknown_manual_review/refinement/metadata/refined_missing_drift_kalman_cv_dt1.0_q1e-3_r1e-2_ddpm_prior_masked_blend_v2_alpha0.25.json,UNKNOWN_NEEDS_MANUAL_REVIEW,json,no,no,no,low,no high-confidence cleanup rule matched
outputs/stage3/refinement/metadata/refined_missing_drift_kalman_cv_dt1.0_q1e-3_r1e-2_ddpm_prior_masked_replace_v1.json,outputs/curated/stage3_sde/unknown_manual_review/refinement/metadata/refined_missing_drift_kalman_cv_dt1.0_q1e-3_r1e-2_ddpm_prior_masked_replace_v1.json,UNKNOWN_NEEDS_MANUAL_REVIEW,json,no,no,no,low,no high-confidence cleanup rule matched
outputs/stage3/refinement/metadata/refined_missing_drift_kalman_cv_dt1.0_q1e-3_r1e-2_identity_refiner.json,outputs/curated/stage3_sde/unknown_manual_review/refinement/metadata/refined_missing_drift_kalman_cv_dt1.0_q1e-3_r1e-2_identity_refiner.json,UNKNOWN_NEEDS_MANUAL_REVIEW,json,no,no,no,low,no high-confidence cleanup rule matched
outputs/stage3/refinement/metadata/refined_missing_drift_kalman_cv_dt1.0_q1e-3_r1e-2_light_savgol_refiner.json,outputs/curated/stage3_sde/unknown_manual_review/refinement/metadata/refined_missing_drift_kalman_cv_dt1.0_q1e-3_r1e-2_light_savgol_refiner.json,UNKNOWN_NEEDS_MANUAL_REVIEW,json,no,no,no,low,no high-confidence cleanup rule matched
outputs/stage3/refinement/metadata/refined_missing_drift_linear_interp_ddpm_prior_interface_v0.json,outputs/curated/stage3_sde/unknown_manual_review/refinement/metadata/refined_missing_drift_linear_interp_ddpm_prior_interface_v0.json,UNKNOWN_NEEDS_MANUAL_REVIEW,json,no,no,no,low,no high-confidence cleanup rule matched
outputs/stage3/refinement/metadata/refined_missing_drift_linear_interp_ddpm_prior_masked_blend_v2_alpha0.25.json,outputs/curated/stage3_sde/unknown_manual_review/refinement/metadata/refined_missing_drift_linear_interp_ddpm_prior_masked_blend_v2_alpha0.25.json,UNKNOWN_NEEDS_MANUAL_REVIEW,json,no,no,no,low,no high-confidence cleanup rule matched
outputs/stage3/refinement/metadata/refined_missing_drift_linear_interp_ddpm_prior_masked_replace_v1.json,outputs/curated/stage3_sde/unknown_manual_review/refinement/metadata/refined_missing_drift_linear_interp_ddpm_prior_masked_replace_v1.json,UNKNOWN_NEEDS_MANUAL_REVIEW,json,no,no,no,low,no high-confidence cleanup rule matched
outputs/stage3/refinement/metadata/refined_missing_drift_linear_interp_identity_refiner.json,outputs/curated/stage3_sde/unknown_manual_review/refinement/metadata/refined_missing_drift_linear_interp_identity_refiner.json,UNKNOWN_NEEDS_MANUAL_REVIEW,json,no,no,no,low,no high-confidence cleanup rule matched
outputs/stage3/refinement/metadata/refined_missing_drift_linear_interp_light_savgol_refiner.json,outputs/curated/stage3_sde/unknown_manual_review/refinement/metadata/refined_missing_drift_linear_interp_light_savgol_refiner.json,UNKNOWN_NEEDS_MANUAL_REVIEW,json,no,no,no,low,no high-confidence cleanup rule matched
outputs/stage3/refinement/metadata/refined_missing_drift_savgol_w5_p2_ddpm_prior_interface_v0.json,outputs/curated/stage3_sde/unknown_manual_review/refinement/metadata/refined_missing_drift_savgol_w5_p2_ddpm_prior_interface_v0.json,UNKNOWN_NEEDS_MANUAL_REVIEW,json,no,no,no,low,no high-confidence cleanup rule matched
outputs/stage3/refinement/metadata/refined_missing_drift_savgol_w5_p2_ddpm_prior_masked_blend_v2_alpha0.25.json,outputs/curated/stage3_sde/unknown_manual_review/refinement/metadata/refined_missing_drift_savgol_w5_p2_ddpm_prior_masked_blend_v2_alpha0.25.json,UNKNOWN_NEEDS_MANUAL_REVIEW,json,no,no,no,low,no high-confidence cleanup rule matched
outputs/stage3/refinement/metadata/refined_missing_drift_savgol_w5_p2_ddpm_prior_masked_replace_v1.json,outputs/curated/stage3_sde/unknown_manual_review/refinement/metadata/refined_missing_drift_savgol_w5_p2_ddpm_prior_masked_replace_v1.json,UNKNOWN_NEEDS_MANUAL_REVIEW,json,no,no,no,low,no high-confidence cleanup rule matched
outputs/stage3/refinement/metadata/refined_missing_drift_savgol_w5_p2_identity_refiner.json,outputs/curated/stage3_sde/unknown_manual_review/refinement/metadata/refined_missing_drift_savgol_w5_p2_identity_refiner.json,UNKNOWN_NEEDS_MANUAL_REVIEW,json,no,no,no,low,no high-confidence cleanup rule matched
outputs/stage3/refinement/metadata/refined_missing_drift_savgol_w5_p2_light_savgol_refiner.json,outputs/curated/stage3_sde/unknown_manual_review/refinement/metadata/refined_missing_drift_savgol_w5_p2_light_savgol_refiner.json,UNKNOWN_NEEDS_MANUAL_REVIEW,json,no,no,no,low,no high-confidence cleanup rule matched
outputs/stage3/refinement/metadata/refined_missing_noise_drift_kalman_cv_dt1.0_q1e-3_r1e-2_ddpm_prior_interface_v0.json,outputs/curated/stage3_sde/unknown_manual_review/refinement/metadata/refined_missing_noise_drift_kalman_cv_dt1.0_q1e-3_r1e-2_ddpm_prior_interface_v0.json,UNKNOWN_NEEDS_MANUAL_REVIEW,json,no,no,no,low,no high-confidence cleanup rule matched
outputs/stage3/refinement/metadata/refined_missing_noise_drift_kalman_cv_dt1.0_q1e-3_r1e-2_ddpm_prior_masked_blend_v2_alpha0.25.json,outputs/curated/stage3_sde/unknown_manual_review/refinement/metadata/refined_missing_noise_drift_kalman_cv_dt1.0_q1e-3_r1e-2_ddpm_prior_masked_blend_v2_alpha0.25.json,UNKNOWN_NEEDS_MANUAL_REVIEW,json,no,no,no,low,no high-confidence cleanup rule matched
outputs/stage3/refinement/metadata/refined_missing_noise_drift_kalman_cv_dt1.0_q1e-3_r1e-2_ddpm_prior_masked_replace_v1.json,outputs/curated/stage3_sde/unknown_manual_review/refinement/metadata/refined_missing_noise_drift_kalman_cv_dt1.0_q1e-3_r1e-2_ddpm_prior_masked_replace_v1.json,UNKNOWN_NEEDS_MANUAL_REVIEW,json,no,no,no,low,no high-confidence cleanup rule matched
outputs/stage3/refinement/metadata/refined_missing_noise_drift_kalman_cv_dt1.0_q1e-3_r1e-2_identity_refiner.json,outputs/curated/stage3_sde/unknown_manual_review/refinement/metadata/refined_missing_noise_drift_kalman_cv_dt1.0_q1e-3_r1e-2_identity_refiner.json,UNKNOWN_NEEDS_MANUAL_REVIEW,json,no,no,no,low,no high-confidence cleanup rule matched
outputs/stage3/refinement/metadata/refined_missing_noise_drift_kalman_cv_dt1.0_q1e-3_r1e-2_light_savgol_refiner.json,outputs/curated/stage3_sde/unknown_manual_review/refinement/metadata/refined_missing_noise_drift_kalman_cv_dt1.0_q1e-3_r1e-2_light_savgol_refiner.json,UNKNOWN_NEEDS_MANUAL_REVIEW,json,no,no,no,low,no high-confidence cleanup rule matched
outputs/stage3/refinement/metadata/refined_missing_noise_drift_linear_interp_ddpm_prior_interface_v0.json,outputs/curated/stage3_sde/unknown_manual_review/refinement/metadata/refined_missing_noise_drift_linear_interp_ddpm_prior_interface_v0.json,UNKNOWN_NEEDS_MANUAL_REVIEW,json,no,no,no,low,no high-confidence cleanup rule matched
outputs/stage3/refinement/metadata/refined_missing_noise_drift_linear_interp_ddpm_prior_masked_blend_v2_alpha0.25.json,outputs/curated/stage3_sde/unknown_manual_review/refinement/metadata/refined_missing_noise_drift_linear_interp_ddpm_prior_masked_blend_v2_alpha0.25.json,UNKNOWN_NEEDS_MANUAL_REVIEW,json,no,no,no,low,no high-confidence cleanup rule matched
outputs/stage3/refinement/metadata/refined_missing_noise_drift_linear_interp_ddpm_prior_masked_replace_v1.json,outputs/curated/stage3_sde/unknown_manual_review/refinement/metadata/refined_missing_noise_drift_linear_interp_ddpm_prior_masked_replace_v1.json,UNKNOWN_NEEDS_MANUAL_REVIEW,json,no,no,no,low,no high-confidence cleanup rule matched
outputs/stage3/refinement/metadata/refined_missing_noise_drift_linear_interp_identity_refiner.json,outputs/curated/stage3_sde/unknown_manual_review/refinement/metadata/refined_missing_noise_drift_linear_interp_identity_refiner.json,UNKNOWN_NEEDS_MANUAL_REVIEW,json,no,no,no,low,no high-confidence cleanup rule matched
outputs/stage3/refinement/metadata/refined_missing_noise_drift_linear_interp_light_savgol_refiner.json,outputs/curated/stage3_sde/unknown_manual_review/refinement/metadata/refined_missing_noise_drift_linear_interp_light_savgol_refiner.json,UNKNOWN_NEEDS_MANUAL_REVIEW,json,no,no,no,low,no high-confidence cleanup rule matched
outputs/stage3/refinement/metadata/refined_missing_noise_drift_savgol_w5_p2_ddpm_prior_interface_v0.json,outputs/curated/stage3_sde/unknown_manual_review/refinement/metadata/refined_missing_noise_drift_savgol_w5_p2_ddpm_prior_interface_v0.json,UNKNOWN_NEEDS_MANUAL_REVIEW,json,no,no,no,low,no high-confidence cleanup rule matched
outputs/stage3/refinement/metadata/refined_missing_noise_drift_savgol_w5_p2_ddpm_prior_masked_blend_v2_alpha0.25.json,outputs/curated/stage3_sde/unknown_manual_review/refinement/metadata/refined_missing_noise_drift_savgol_w5_p2_ddpm_prior_masked_blend_v2_alpha0.25.json,UNKNOWN_NEEDS_MANUAL_REVIEW,json,no,no,no,low,no high-confidence cleanup rule matched
outputs/stage3/refinement/metadata/refined_missing_noise_drift_savgol_w5_p2_ddpm_prior_masked_replace_v1.json,outputs/curated/stage3_sde/unknown_manual_review/refinement/metadata/refined_missing_noise_drift_savgol_w5_p2_ddpm_prior_masked_replace_v1.json,UNKNOWN_NEEDS_MANUAL_REVIEW,json,no,no,no,low,no high-confidence cleanup rule matched
outputs/stage3/refinement/metadata/refined_missing_noise_drift_savgol_w5_p2_identity_refiner.json,outputs/curated/stage3_sde/unknown_manual_review/refinement/metadata/refined_missing_noise_drift_savgol_w5_p2_identity_refiner.json,UNKNOWN_NEEDS_MANUAL_REVIEW,json,no,no,no,low,no high-confidence cleanup rule matched
outputs/stage3/refinement/metadata/refined_missing_noise_drift_savgol_w5_p2_light_savgol_refiner.json,outputs/curated/stage3_sde/unknown_manual_review/refinement/metadata/refined_missing_noise_drift_savgol_w5_p2_light_savgol_refiner.json,UNKNOWN_NEEDS_MANUAL_REVIEW,json,no,no,no,low,no high-confidence cleanup rule matched
outputs/stage3/refinement/metadata/refined_missing_noise_kalman_cv_dt1.0_q1e-3_r1e-2_ddpm_prior_interface_v0.json,outputs/curated/stage3_sde/unknown_manual_review/refinement/metadata/refined_missing_noise_kalman_cv_dt1.0_q1e-3_r1e-2_ddpm_prior_interface_v0.json,UNKNOWN_NEEDS_MANUAL_REVIEW,json,no,no,no,low,no high-confidence cleanup rule matched
outputs/stage3/refinement/metadata/refined_missing_noise_kalman_cv_dt1.0_q1e-3_r1e-2_ddpm_prior_masked_blend_v2_alpha0.25.json,outputs/curated/stage3_sde/unknown_manual_review/refinement/metadata/refined_missing_noise_kalman_cv_dt1.0_q1e-3_r1e-2_ddpm_prior_masked_blend_v2_alpha0.25.json,UNKNOWN_NEEDS_MANUAL_REVIEW,json,no,no,no,low,no high-confidence cleanup rule matched
outputs/stage3/refinement/metadata/refined_missing_noise_kalman_cv_dt1.0_q1e-3_r1e-2_ddpm_prior_masked_replace_v1.json,outputs/curated/stage3_sde/unknown_manual_review/refinement/metadata/refined_missing_noise_kalman_cv_dt1.0_q1e-3_r1e-2_ddpm_prior_masked_replace_v1.json,UNKNOWN_NEEDS_MANUAL_REVIEW,json,no,no,no,low,no high-confidence cleanup rule matched
outputs/stage3/refinement/metadata/refined_missing_noise_kalman_cv_dt1.0_q1e-3_r1e-2_identity_refiner.json,outputs/curated/stage3_sde/unknown_manual_review/refinement/metadata/refined_missing_noise_kalman_cv_dt1.0_q1e-3_r1e-2_identity_refiner.json,UNKNOWN_NEEDS_MANUAL_REVIEW,json,no,no,no,low,no high-confidence cleanup rule matched
outputs/stage3/refinement/metadata/refined_missing_noise_kalman_cv_dt1.0_q1e-3_r1e-2_light_savgol_refiner.json,outputs/curated/stage3_sde/unknown_manual_review/refinement/metadata/refined_missing_noise_kalman_cv_dt1.0_q1e-3_r1e-2_light_savgol_refiner.json,UNKNOWN_NEEDS_MANUAL_REVIEW,json,no,no,no,low,no high-confidence cleanup rule matched
outputs/stage3/refinement/metadata/refined_missing_noise_linear_interp_ddpm_prior_interface_v0.json,outputs/curated/stage3_sde/unknown_manual_review/refinement/metadata/refined_missing_noise_linear_interp_ddpm_prior_interface_v0.json,UNKNOWN_NEEDS_MANUAL_REVIEW,json,no,no,no,low,no high-confidence cleanup rule matched
outputs/stage3/refinement/metadata/refined_missing_noise_linear_interp_ddpm_prior_masked_blend_v2_alpha0.25.json,outputs/curated/stage3_sde/unknown_manual_review/refinement/metadata/refined_missing_noise_linear_interp_ddpm_prior_masked_blend_v2_alpha0.25.json,UNKNOWN_NEEDS_MANUAL_REVIEW,json,no,no,no,low,no high-confidence cleanup rule matched
outputs/stage3/refinement/metadata/refined_missing_noise_linear_interp_ddpm_prior_masked_replace_v1.json,outputs/curated/stage3_sde/unknown_manual_review/refinement/metadata/refined_missing_noise_linear_interp_ddpm_prior_masked_replace_v1.json,UNKNOWN_NEEDS_MANUAL_REVIEW,json,no,no,no,low,no high-confidence cleanup rule matched
outputs/stage3/refinement/metadata/refined_missing_noise_linear_interp_identity_refiner.json,outputs/curated/stage3_sde/unknown_manual_review/refinement/metadata/refined_missing_noise_linear_interp_identity_refiner.json,UNKNOWN_NEEDS_MANUAL_REVIEW,json,no,no,no,low,no high-confidence cleanup rule matched
outputs/stage3/refinement/metadata/refined_missing_noise_linear_interp_light_savgol_refiner.json,outputs/curated/stage3_sde/unknown_manual_review/refinement/metadata/refined_missing_noise_linear_interp_light_savgol_refiner.json,UNKNOWN_NEEDS_MANUAL_REVIEW,json,no,no,no,low,no high-confidence cleanup rule matched
outputs/stage3/refinement/metadata/refined_missing_noise_savgol_w5_p2_ddpm_prior_interface_v0.json,outputs/curated/stage3_sde/unknown_manual_review/refinement/metadata/refined_missing_noise_savgol_w5_p2_ddpm_prior_interface_v0.json,UNKNOWN_NEEDS_MANUAL_REVIEW,json,no,no,no,low,no high-confidence cleanup rule matched
outputs/stage3/refinement/metadata/refined_missing_noise_savgol_w5_p2_ddpm_prior_masked_blend_v2_alpha0.25.json,outputs/curated/stage3_sde/unknown_manual_review/refinement/metadata/refined_missing_noise_savgol_w5_p2_ddpm_prior_masked_blend_v2_alpha0.25.json,UNKNOWN_NEEDS_MANUAL_REVIEW,json,no,no,no,low,no high-confidence cleanup rule matched
outputs/stage3/refinement/metadata/refined_missing_noise_savgol_w5_p2_ddpm_prior_masked_replace_v1.json,outputs/curated/stage3_sde/unknown_manual_review/refinement/metadata/refined_missing_noise_savgol_w5_p2_ddpm_prior_masked_replace_v1.json,UNKNOWN_NEEDS_MANUAL_REVIEW,json,no,no,no,low,no high-confidence cleanup rule matched
outputs/stage3/refinement/metadata/refined_missing_noise_savgol_w5_p2_identity_refiner.json,outputs/curated/stage3_sde/unknown_manual_review/refinement/metadata/refined_missing_noise_savgol_w5_p2_identity_refiner.json,UNKNOWN_NEEDS_MANUAL_REVIEW,json,no,no,no,low,no high-confidence cleanup rule matched
outputs/stage3/refinement/metadata/refined_missing_noise_savgol_w5_p2_light_savgol_refiner.json,outputs/curated/stage3_sde/unknown_manual_review/refinement/metadata/refined_missing_noise_savgol_w5_p2_light_savgol_refiner.json,UNKNOWN_NEEDS_MANUAL_REVIEW,json,no,no,no,low,no high-confidence cleanup rule matched
outputs/stage3/refinement/metadata/refined_missing_only_kalman_cv_dt1.0_q1e-3_r1e-2_ddpm_prior_interface_v0.json,outputs/curated/stage3_sde/unknown_manual_review/refinement/metadata/refined_missing_only_kalman_cv_dt1.0_q1e-3_r1e-2_ddpm_prior_interface_v0.json,UNKNOWN_NEEDS_MANUAL_REVIEW,json,no,no,no,low,no high-confidence cleanup rule matched
outputs/stage3/refinement/metadata/refined_missing_only_kalman_cv_dt1.0_q1e-3_r1e-2_ddpm_prior_masked_blend_v2_alpha0.25.json,outputs/curated/stage3_sde/unknown_manual_review/refinement/metadata/refined_missing_only_kalman_cv_dt1.0_q1e-3_r1e-2_ddpm_prior_masked_blend_v2_alpha0.25.json,UNKNOWN_NEEDS_MANUAL_REVIEW,json,no,no,no,low,no high-confidence cleanup rule matched
outputs/stage3/refinement/metadata/refined_missing_only_kalman_cv_dt1.0_q1e-3_r1e-2_ddpm_prior_masked_replace_v1.json,outputs/curated/stage3_sde/unknown_manual_review/refinement/metadata/refined_missing_only_kalman_cv_dt1.0_q1e-3_r1e-2_ddpm_prior_masked_replace_v1.json,UNKNOWN_NEEDS_MANUAL_REVIEW,json,no,no,no,low,no high-confidence cleanup rule matched
outputs/stage3/refinement/metadata/refined_missing_only_kalman_cv_dt1.0_q1e-3_r1e-2_identity_refiner.json,outputs/curated/stage3_sde/unknown_manual_review/refinement/metadata/refined_missing_only_kalman_cv_dt1.0_q1e-3_r1e-2_identity_refiner.json,UNKNOWN_NEEDS_MANUAL_REVIEW,json,no,no,no,low,no high-confidence cleanup rule matched
outputs/stage3/refinement/metadata/refined_missing_only_kalman_cv_dt1.0_q1e-3_r1e-2_light_savgol_refiner.json,outputs/curated/stage3_sde/unknown_manual_review/refinement/metadata/refined_missing_only_kalman_cv_dt1.0_q1e-3_r1e-2_light_savgol_refiner.json,UNKNOWN_NEEDS_MANUAL_REVIEW,json,no,no,no,low,no high-confidence cleanup rule matched
outputs/stage3/refinement/metadata/refined_missing_only_linear_interp_ddpm_prior_interface_v0.json,outputs/curated/stage3_sde/unknown_manual_review/refinement/metadata/refined_missing_only_linear_interp_ddpm_prior_interface_v0.json,UNKNOWN_NEEDS_MANUAL_REVIEW,json,no,no,no,low,no high-confidence cleanup rule matched
outputs/stage3/refinement/metadata/refined_missing_only_linear_interp_ddpm_prior_masked_blend_v2_alpha0.25.json,outputs/curated/stage3_sde/unknown_manual_review/refinement/metadata/refined_missing_only_linear_interp_ddpm_prior_masked_blend_v2_alpha0.25.json,UNKNOWN_NEEDS_MANUAL_REVIEW,json,no,no,no,low,no high-confidence cleanup rule matched
outputs/stage3/refinement/metadata/refined_missing_only_linear_interp_ddpm_prior_masked_replace_v1.json,outputs/curated/stage3_sde/unknown_manual_review/refinement/metadata/refined_missing_only_linear_interp_ddpm_prior_masked_replace_v1.json,UNKNOWN_NEEDS_MANUAL_REVIEW,json,no,no,no,low,no high-confidence cleanup rule matched
outputs/stage3/refinement/metadata/refined_missing_only_linear_interp_identity_refiner.json,outputs/curated/stage3_sde/unknown_manual_review/refinement/metadata/refined_missing_only_linear_interp_identity_refiner.json,UNKNOWN_NEEDS_MANUAL_REVIEW,json,no,no,no,low,no high-confidence cleanup rule matched
outputs/stage3/refinement/metadata/refined_missing_only_linear_interp_light_savgol_refiner.json,outputs/curated/stage3_sde/unknown_manual_review/refinement/metadata/refined_missing_only_linear_interp_light_savgol_refiner.json,UNKNOWN_NEEDS_MANUAL_REVIEW,json,no,no,no,low,no high-confidence cleanup rule matched
outputs/stage3/refinement/metadata/refined_missing_only_savgol_w5_p2_ddpm_prior_interface_v0.json,outputs/curated/stage3_sde/unknown_manual_review/refinement/metadata/refined_missing_only_savgol_w5_p2_ddpm_prior_interface_v0.json,UNKNOWN_NEEDS_MANUAL_REVIEW,json,no,no,no,low,no high-confidence cleanup rule matched
outputs/stage3/refinement/metadata/refined_missing_only_savgol_w5_p2_ddpm_prior_masked_blend_v2_alpha0.25.json,outputs/curated/stage3_sde/unknown_manual_review/refinement/metadata/refined_missing_only_savgol_w5_p2_ddpm_prior_masked_blend_v2_alpha0.25.json,UNKNOWN_NEEDS_MANUAL_REVIEW,json,no,no,no,low,no high-confidence cleanup rule matched
outputs/stage3/refinement/metadata/refined_missing_only_savgol_w5_p2_ddpm_prior_masked_replace_v1.json,outputs/curated/stage3_sde/unknown_manual_review/refinement/metadata/refined_missing_only_savgol_w5_p2_ddpm_prior_masked_replace_v1.json,UNKNOWN_NEEDS_MANUAL_REVIEW,json,no,no,no,low,no high-confidence cleanup rule matched
outputs/stage3/refinement/metadata/refined_missing_only_savgol_w5_p2_identity_refiner.json,outputs/curated/stage3_sde/unknown_manual_review/refinement/metadata/refined_missing_only_savgol_w5_p2_identity_refiner.json,UNKNOWN_NEEDS_MANUAL_REVIEW,json,no,no,no,low,no high-confidence cleanup rule matched
outputs/stage3/refinement/metadata/refined_missing_only_savgol_w5_p2_light_savgol_refiner.json,outputs/curated/stage3_sde/unknown_manual_review/refinement/metadata/refined_missing_only_savgol_w5_p2_light_savgol_refiner.json,UNKNOWN_NEEDS_MANUAL_REVIEW,json,no,no,no,low,no high-confidence cleanup rule matched
outputs/stage3/refinement/refined/refined_missing_drift_kalman_cv_dt1.0_q1e-3_r1e-2_ddpm_prior_interface_v0.npy,outputs/curated/stage3_sde/unknown_manual_review/refinement/refined/refined_missing_drift_kalman_cv_dt1.0_q1e-3_r1e-2_ddpm_prior_interface_v0.npy,UNKNOWN_NEEDS_MANUAL_REVIEW,array,no,no,no,low,no high-confidence cleanup rule matched
outputs/stage3/refinement/refined/refined_missing_drift_kalman_cv_dt1.0_q1e-3_r1e-2_ddpm_prior_masked_blend_v2_alpha0.25.npy,outputs/curated/stage3_sde/unknown_manual_review/refinement/refined/refined_missing_drift_kalman_cv_dt1.0_q1e-3_r1e-2_ddpm_prior_masked_blend_v2_alpha0.25.npy,UNKNOWN_NEEDS_MANUAL_REVIEW,array,no,no,no,low,no high-confidence cleanup rule matched
outputs/stage3/refinement/refined/refined_missing_drift_kalman_cv_dt1.0_q1e-3_r1e-2_ddpm_prior_masked_replace_v1.npy,outputs/curated/stage3_sde/unknown_manual_review/refinement/refined/refined_missing_drift_kalman_cv_dt1.0_q1e-3_r1e-2_ddpm_prior_masked_replace_v1.npy,UNKNOWN_NEEDS_MANUAL_REVIEW,array,no,no,no,low,no high-confidence cleanup rule matched
outputs/stage3/refinement/refined/refined_missing_drift_kalman_cv_dt1.0_q1e-3_r1e-2_identity_refiner.npy,outputs/curated/stage3_sde/unknown_manual_review/refinement/refined/refined_missing_drift_kalman_cv_dt1.0_q1e-3_r1e-2_identity_refiner.npy,UNKNOWN_NEEDS_MANUAL_REVIEW,array,no,no,no,low,no high-confidence cleanup rule matched
outputs/stage3/refinement/refined/refined_missing_drift_kalman_cv_dt1.0_q1e-3_r1e-2_light_savgol_refiner.npy,outputs/curated/stage3_sde/unknown_manual_review/refinement/refined/refined_missing_drift_kalman_cv_dt1.0_q1e-3_r1e-2_light_savgol_refiner.npy,UNKNOWN_NEEDS_MANUAL_REVIEW,array,no,no,no,low,no high-confidence cleanup rule matched
outputs/stage3/refinement/refined/refined_missing_drift_linear_interp_ddpm_prior_interface_v0.npy,outputs/curated/stage3_sde/unknown_manual_review/refinement/refined/refined_missing_drift_linear_interp_ddpm_prior_interface_v0.npy,UNKNOWN_NEEDS_MANUAL_REVIEW,array,no,no,no,low,no high-confidence cleanup rule matched
outputs/stage3/refinement/refined/refined_missing_drift_linear_interp_ddpm_prior_masked_blend_v2_alpha0.25.npy,outputs/curated/stage3_sde/unknown_manual_review/refinement/refined/refined_missing_drift_linear_interp_ddpm_prior_masked_blend_v2_alpha0.25.npy,UNKNOWN_NEEDS_MANUAL_REVIEW,array,no,no,no,low,no high-confidence cleanup rule matched
outputs/stage3/refinement/refined/refined_missing_drift_linear_interp_ddpm_prior_masked_replace_v1.npy,outputs/curated/stage3_sde/unknown_manual_review/refinement/refined/refined_missing_drift_linear_interp_ddpm_prior_masked_replace_v1.npy,UNKNOWN_NEEDS_MANUAL_REVIEW,array,no,no,no,low,no high-confidence cleanup rule matched
outputs/stage3/refinement/refined/refined_missing_drift_linear_interp_identity_refiner.npy,outputs/curated/stage3_sde/unknown_manual_review/refinement/refined/refined_missing_drift_linear_interp_identity_refiner.npy,UNKNOWN_NEEDS_MANUAL_REVIEW,array,no,no,no,low,no high-confidence cleanup rule matched
outputs/stage3/refinement/refined/refined_missing_drift_linear_interp_light_savgol_refiner.npy,outputs/curated/stage3_sde/unknown_manual_review/refinement/refined/refined_missing_drift_linear_interp_light_savgol_refiner.npy,UNKNOWN_NEEDS_MANUAL_REVIEW,array,no,no,no,low,no high-confidence cleanup rule matched
outputs/stage3/refinement/refined/refined_missing_drift_savgol_w5_p2_ddpm_prior_interface_v0.npy,outputs/curated/stage3_sde/unknown_manual_review/refinement/refined/refined_missing_drift_savgol_w5_p2_ddpm_prior_interface_v0.npy,UNKNOWN_NEEDS_MANUAL_REVIEW,array,no,no,no,low,no high-confidence cleanup rule matched
outputs/stage3/refinement/refined/refined_missing_drift_savgol_w5_p2_ddpm_prior_masked_blend_v2_alpha0.25.npy,outputs/curated/stage3_sde/unknown_manual_review/refinement/refined/refined_missing_drift_savgol_w5_p2_ddpm_prior_masked_blend_v2_alpha0.25.npy,UNKNOWN_NEEDS_MANUAL_REVIEW,array,no,no,no,low,no high-confidence cleanup rule matched
outputs/stage3/refinement/refined/refined_missing_drift_savgol_w5_p2_ddpm_prior_masked_replace_v1.npy,outputs/curated/stage3_sde/unknown_manual_review/refinement/refined/refined_missing_drift_savgol_w5_p2_ddpm_prior_masked_replace_v1.npy,UNKNOWN_NEEDS_MANUAL_REVIEW,array,no,no,no,low,no high-confidence cleanup rule matched
outputs/stage3/refinement/refined/refined_missing_drift_savgol_w5_p2_identity_refiner.npy,outputs/curated/stage3_sde/unknown_manual_review/refinement/refined/refined_missing_drift_savgol_w5_p2_identity_refiner.npy,UNKNOWN_NEEDS_MANUAL_REVIEW,array,no,no,no,low,no high-confidence cleanup rule matched
outputs/stage3/refinement/refined/refined_missing_drift_savgol_w5_p2_light_savgol_refiner.npy,outputs/curated/stage3_sde/unknown_manual_review/refinement/refined/refined_missing_drift_savgol_w5_p2_light_savgol_refiner.npy,UNKNOWN_NEEDS_MANUAL_REVIEW,array,no,no,no,low,no high-confidence cleanup rule matched
outputs/stage3/refinement/refined/refined_missing_noise_drift_kalman_cv_dt1.0_q1e-3_r1e-2_ddpm_prior_interface_v0.npy,outputs/curated/stage3_sde/unknown_manual_review/refinement/refined/refined_missing_noise_drift_kalman_cv_dt1.0_q1e-3_r1e-2_ddpm_prior_interface_v0.npy,UNKNOWN_NEEDS_MANUAL_REVIEW,array,no,no,no,low,no high-confidence cleanup rule matched
outputs/stage3/refinement/refined/refined_missing_noise_drift_kalman_cv_dt1.0_q1e-3_r1e-2_ddpm_prior_masked_blend_v2_alpha0.25.npy,outputs/curated/stage3_sde/unknown_manual_review/refinement/refined/refined_missing_noise_drift_kalman_cv_dt1.0_q1e-3_r1e-2_ddpm_prior_masked_blend_v2_alpha0.25.npy,UNKNOWN_NEEDS_MANUAL_REVIEW,array,no,no,no,low,no high-confidence cleanup rule matched
outputs/stage3/refinement/refined/refined_missing_noise_drift_kalman_cv_dt1.0_q1e-3_r1e-2_ddpm_prior_masked_replace_v1.npy,outputs/curated/stage3_sde/unknown_manual_review/refinement/refined/refined_missing_noise_drift_kalman_cv_dt1.0_q1e-3_r1e-2_ddpm_prior_masked_replace_v1.npy,UNKNOWN_NEEDS_MANUAL_REVIEW,array,no,no,no,low,no high-confidence cleanup rule matched
outputs/stage3/refinement/refined/refined_missing_noise_drift_kalman_cv_dt1.0_q1e-3_r1e-2_identity_refiner.npy,outputs/curated/stage3_sde/unknown_manual_review/refinement/refined/refined_missing_noise_drift_kalman_cv_dt1.0_q1e-3_r1e-2_identity_refiner.npy,UNKNOWN_NEEDS_MANUAL_REVIEW,array,no,no,no,low,no high-confidence cleanup rule matched
outputs/stage3/refinement/refined/refined_missing_noise_drift_kalman_cv_dt1.0_q1e-3_r1e-2_light_savgol_refiner.npy,outputs/curated/stage3_sde/unknown_manual_review/refinement/refined/refined_missing_noise_drift_kalman_cv_dt1.0_q1e-3_r1e-2_light_savgol_refiner.npy,UNKNOWN_NEEDS_MANUAL_REVIEW,array,no,no,no,low,no high-confidence cleanup rule matched
outputs/stage3/refinement/refined/refined_missing_noise_drift_linear_interp_ddpm_prior_interface_v0.npy,outputs/curated/stage3_sde/unknown_manual_review/refinement/refined/refined_missing_noise_drift_linear_interp_ddpm_prior_interface_v0.npy,UNKNOWN_NEEDS_MANUAL_REVIEW,array,no,no,no,low,no high-confidence cleanup rule matched
outputs/stage3/refinement/refined/refined_missing_noise_drift_linear_interp_ddpm_prior_masked_blend_v2_alpha0.25.npy,outputs/curated/stage3_sde/unknown_manual_review/refinement/refined/refined_missing_noise_drift_linear_interp_ddpm_prior_masked_blend_v2_alpha0.25.npy,UNKNOWN_NEEDS_MANUAL_REVIEW,array,no,no,no,low,no high-confidence cleanup rule matched
outputs/stage3/refinement/refined/refined_missing_noise_drift_linear_interp_ddpm_prior_masked_replace_v1.npy,outputs/curated/stage3_sde/unknown_manual_review/refinement/refined/refined_missing_noise_drift_linear_interp_ddpm_prior_masked_replace_v1.npy,UNKNOWN_NEEDS_MANUAL_REVIEW,array,no,no,no,low,no high-confidence cleanup rule matched
outputs/stage3/refinement/refined/refined_missing_noise_drift_linear_interp_identity_refiner.npy,outputs/curated/stage3_sde/unknown_manual_review/refinement/refined/refined_missing_noise_drift_linear_interp_identity_refiner.npy,UNKNOWN_NEEDS_MANUAL_REVIEW,array,no,no,no,low,no high-confidence cleanup rule matched
outputs/stage3/refinement/refined/refined_missing_noise_drift_linear_interp_light_savgol_refiner.npy,outputs/curated/stage3_sde/unknown_manual_review/refinement/refined/refined_missing_noise_drift_linear_interp_light_savgol_refiner.npy,UNKNOWN_NEEDS_MANUAL_REVIEW,array,no,no,no,low,no high-confidence cleanup rule matched
outputs/stage3/refinement/refined/refined_missing_noise_drift_savgol_w5_p2_ddpm_prior_interface_v0.npy,outputs/curated/stage3_sde/unknown_manual_review/refinement/refined/refined_missing_noise_drift_savgol_w5_p2_ddpm_prior_interface_v0.npy,UNKNOWN_NEEDS_MANUAL_REVIEW,array,no,no,no,low,no high-confidence cleanup rule matched
outputs/stage3/refinement/refined/refined_missing_noise_drift_savgol_w5_p2_ddpm_prior_masked_blend_v2_alpha0.25.npy,outputs/curated/stage3_sde/unknown_manual_review/refinement/refined/refined_missing_noise_drift_savgol_w5_p2_ddpm_prior_masked_blend_v2_alpha0.25.npy,UNKNOWN_NEEDS_MANUAL_REVIEW,array,no,no,no,low,no high-confidence cleanup rule matched
outputs/stage3/refinement/refined/refined_missing_noise_drift_savgol_w5_p2_ddpm_prior_masked_replace_v1.npy,outputs/curated/stage3_sde/unknown_manual_review/refinement/refined/refined_missing_noise_drift_savgol_w5_p2_ddpm_prior_masked_replace_v1.npy,UNKNOWN_NEEDS_MANUAL_REVIEW,array,no,no,no,low,no high-confidence cleanup rule matched
outputs/stage3/refinement/refined/refined_missing_noise_drift_savgol_w5_p2_identity_refiner.npy,outputs/curated/stage3_sde/unknown_manual_review/refinement/refined/refined_missing_noise_drift_savgol_w5_p2_identity_refiner.npy,UNKNOWN_NEEDS_MANUAL_REVIEW,array,no,no,no,low,no high-confidence cleanup rule matched
outputs/stage3/refinement/refined/refined_missing_noise_drift_savgol_w5_p2_light_savgol_refiner.npy,outputs/curated/stage3_sde/unknown_manual_review/refinement/refined/refined_missing_noise_drift_savgol_w5_p2_light_savgol_refiner.npy,UNKNOWN_NEEDS_MANUAL_REVIEW,array,no,no,no,low,no high-confidence cleanup rule matched
outputs/stage3/refinement/refined/refined_missing_noise_kalman_cv_dt1.0_q1e-3_r1e-2_ddpm_prior_interface_v0.npy,outputs/curated/stage3_sde/unknown_manual_review/refinement/refined/refined_missing_noise_kalman_cv_dt1.0_q1e-3_r1e-2_ddpm_prior_interface_v0.npy,UNKNOWN_NEEDS_MANUAL_REVIEW,array,no,no,no,low,no high-confidence cleanup rule matched
outputs/stage3/refinement/refined/refined_missing_noise_kalman_cv_dt1.0_q1e-3_r1e-2_ddpm_prior_masked_blend_v2_alpha0.25.npy,outputs/curated/stage3_sde/unknown_manual_review/refinement/refined/refined_missing_noise_kalman_cv_dt1.0_q1e-3_r1e-2_ddpm_prior_masked_blend_v2_alpha0.25.npy,UNKNOWN_NEEDS_MANUAL_REVIEW,array,no,no,no,low,no high-confidence cleanup rule matched
outputs/stage3/refinement/refined/refined_missing_noise_kalman_cv_dt1.0_q1e-3_r1e-2_ddpm_prior_masked_replace_v1.npy,outputs/curated/stage3_sde/unknown_manual_review/refinement/refined/refined_missing_noise_kalman_cv_dt1.0_q1e-3_r1e-2_ddpm_prior_masked_replace_v1.npy,UNKNOWN_NEEDS_MANUAL_REVIEW,array,no,no,no,low,no high-confidence cleanup rule matched
outputs/stage3/refinement/refined/refined_missing_noise_kalman_cv_dt1.0_q1e-3_r1e-2_identity_refiner.npy,outputs/curated/stage3_sde/unknown_manual_review/refinement/refined/refined_missing_noise_kalman_cv_dt1.0_q1e-3_r1e-2_identity_refiner.npy,UNKNOWN_NEEDS_MANUAL_REVIEW,array,no,no,no,low,no high-confidence cleanup rule matched
outputs/stage3/refinement/refined/refined_missing_noise_kalman_cv_dt1.0_q1e-3_r1e-2_light_savgol_refiner.npy,outputs/curated/stage3_sde/unknown_manual_review/refinement/refined/refined_missing_noise_kalman_cv_dt1.0_q1e-3_r1e-2_light_savgol_refiner.npy,UNKNOWN_NEEDS_MANUAL_REVIEW,array,no,no,no,low,no high-confidence cleanup rule matched
outputs/stage3/refinement/refined/refined_missing_noise_linear_interp_ddpm_prior_interface_v0.npy,outputs/curated/stage3_sde/unknown_manual_review/refinement/refined/refined_missing_noise_linear_interp_ddpm_prior_interface_v0.npy,UNKNOWN_NEEDS_MANUAL_REVIEW,array,no,no,no,low,no high-confidence cleanup rule matched
outputs/stage3/refinement/refined/refined_missing_noise_linear_interp_ddpm_prior_masked_blend_v2_alpha0.25.npy,outputs/curated/stage3_sde/unknown_manual_review/refinement/refined/refined_missing_noise_linear_interp_ddpm_prior_masked_blend_v2_alpha0.25.npy,UNKNOWN_NEEDS_MANUAL_REVIEW,array,no,no,no,low,no high-confidence cleanup rule matched
outputs/stage3/refinement/refined/refined_missing_noise_linear_interp_ddpm_prior_masked_replace_v1.npy,outputs/curated/stage3_sde/unknown_manual_review/refinement/refined/refined_missing_noise_linear_interp_ddpm_prior_masked_replace_v1.npy,UNKNOWN_NEEDS_MANUAL_REVIEW,array,no,no,no,low,no high-confidence cleanup rule matched
outputs/stage3/refinement/refined/refined_missing_noise_linear_interp_identity_refiner.npy,outputs/curated/stage3_sde/unknown_manual_review/refinement/refined/refined_missing_noise_linear_interp_identity_refiner.npy,UNKNOWN_NEEDS_MANUAL_REVIEW,array,no,no,no,low,no high-confidence cleanup rule matched
outputs/stage3/refinement/refined/refined_missing_noise_linear_interp_light_savgol_refiner.npy,outputs/curated/stage3_sde/unknown_manual_review/refinement/refined/refined_missing_noise_linear_interp_light_savgol_refiner.npy,UNKNOWN_NEEDS_MANUAL_REVIEW,array,no,no,no,low,no high-confidence cleanup rule matched
outputs/stage3/refinement/refined/refined_missing_noise_savgol_w5_p2_ddpm_prior_interface_v0.npy,outputs/curated/stage3_sde/unknown_manual_review/refinement/refined/refined_missing_noise_savgol_w5_p2_ddpm_prior_interface_v0.npy,UNKNOWN_NEEDS_MANUAL_REVIEW,array,no,no,no,low,no high-confidence cleanup rule matched
outputs/stage3/refinement/refined/refined_missing_noise_savgol_w5_p2_ddpm_prior_masked_blend_v2_alpha0.25.npy,outputs/curated/stage3_sde/unknown_manual_review/refinement/refined/refined_missing_noise_savgol_w5_p2_ddpm_prior_masked_blend_v2_alpha0.25.npy,UNKNOWN_NEEDS_MANUAL_REVIEW,array,no,no,no,low,no high-confidence cleanup rule matched
outputs/stage3/refinement/refined/refined_missing_noise_savgol_w5_p2_ddpm_prior_masked_replace_v1.npy,outputs/curated/stage3_sde/unknown_manual_review/refinement/refined/refined_missing_noise_savgol_w5_p2_ddpm_prior_masked_replace_v1.npy,UNKNOWN_NEEDS_MANUAL_REVIEW,array,no,no,no,low,no high-confidence cleanup rule matched
outputs/stage3/refinement/refined/refined_missing_noise_savgol_w5_p2_identity_refiner.npy,outputs/curated/stage3_sde/unknown_manual_review/refinement/refined/refined_missing_noise_savgol_w5_p2_identity_refiner.npy,UNKNOWN_NEEDS_MANUAL_REVIEW,array,no,no,no,low,no high-confidence cleanup rule matched
outputs/stage3/refinement/refined/refined_missing_noise_savgol_w5_p2_light_savgol_refiner.npy,outputs/curated/stage3_sde/unknown_manual_review/refinement/refined/refined_missing_noise_savgol_w5_p2_light_savgol_refiner.npy,UNKNOWN_NEEDS_MANUAL_REVIEW,array,no,no,no,low,no high-confidence cleanup rule matched
outputs/stage3/refinement/refined/refined_missing_only_kalman_cv_dt1.0_q1e-3_r1e-2_ddpm_prior_interface_v0.npy,outputs/curated/stage3_sde/unknown_manual_review/refinement/refined/refined_missing_only_kalman_cv_dt1.0_q1e-3_r1e-2_ddpm_prior_interface_v0.npy,UNKNOWN_NEEDS_MANUAL_REVIEW,array,no,no,no,low,no high-confidence cleanup rule matched
outputs/stage3/refinement/refined/refined_missing_only_kalman_cv_dt1.0_q1e-3_r1e-2_ddpm_prior_masked_blend_v2_alpha0.25.npy,outputs/curated/stage3_sde/unknown_manual_review/refinement/refined/refined_missing_only_kalman_cv_dt1.0_q1e-3_r1e-2_ddpm_prior_masked_blend_v2_alpha0.25.npy,UNKNOWN_NEEDS_MANUAL_REVIEW,array,no,no,no,low,no high-confidence cleanup rule matched
outputs/stage3/refinement/refined/refined_missing_only_kalman_cv_dt1.0_q1e-3_r1e-2_ddpm_prior_masked_replace_v1.npy,outputs/curated/stage3_sde/unknown_manual_review/refinement/refined/refined_missing_only_kalman_cv_dt1.0_q1e-3_r1e-2_ddpm_prior_masked_replace_v1.npy,UNKNOWN_NEEDS_MANUAL_REVIEW,array,no,no,no,low,no high-confidence cleanup rule matched
outputs/stage3/refinement/refined/refined_missing_only_kalman_cv_dt1.0_q1e-3_r1e-2_identity_refiner.npy,outputs/curated/stage3_sde/unknown_manual_review/refinement/refined/refined_missing_only_kalman_cv_dt1.0_q1e-3_r1e-2_identity_refiner.npy,UNKNOWN_NEEDS_MANUAL_REVIEW,array,no,no,no,low,no high-confidence cleanup rule matched
outputs/stage3/refinement/refined/refined_missing_only_kalman_cv_dt1.0_q1e-3_r1e-2_light_savgol_refiner.npy,outputs/curated/stage3_sde/unknown_manual_review/refinement/refined/refined_missing_only_kalman_cv_dt1.0_q1e-3_r1e-2_light_savgol_refiner.npy,UNKNOWN_NEEDS_MANUAL_REVIEW,array,no,no,no,low,no high-confidence cleanup rule matched
outputs/stage3/refinement/refined/refined_missing_only_linear_interp_ddpm_prior_interface_v0.npy,outputs/curated/stage3_sde/unknown_manual_review/refinement/refined/refined_missing_only_linear_interp_ddpm_prior_interface_v0.npy,UNKNOWN_NEEDS_MANUAL_REVIEW,array,no,no,no,low,no high-confidence cleanup rule matched
outputs/stage3/refinement/refined/refined_missing_only_linear_interp_ddpm_prior_masked_blend_v2_alpha0.25.npy,outputs/curated/stage3_sde/unknown_manual_review/refinement/refined/refined_missing_only_linear_interp_ddpm_prior_masked_blend_v2_alpha0.25.npy,UNKNOWN_NEEDS_MANUAL_REVIEW,array,no,no,no,low,no high-confidence cleanup rule matched
outputs/stage3/refinement/refined/refined_missing_only_linear_interp_ddpm_prior_masked_replace_v1.npy,outputs/curated/stage3_sde/unknown_manual_review/refinement/refined/refined_missing_only_linear_interp_ddpm_prior_masked_replace_v1.npy,UNKNOWN_NEEDS_MANUAL_REVIEW,array,no,no,no,low,no high-confidence cleanup rule matched
outputs/stage3/refinement/refined/refined_missing_only_linear_interp_identity_refiner.npy,outputs/curated/stage3_sde/unknown_manual_review/refinement/refined/refined_missing_only_linear_interp_identity_refiner.npy,UNKNOWN_NEEDS_MANUAL_REVIEW,array,no,no,no,low,no high-confidence cleanup rule matched
outputs/stage3/refinement/refined/refined_missing_only_linear_interp_light_savgol_refiner.npy,outputs/curated/stage3_sde/unknown_manual_review/refinement/refined/refined_missing_only_linear_interp_light_savgol_refiner.npy,UNKNOWN_NEEDS_MANUAL_REVIEW,array,no,no,no,low,no high-confidence cleanup rule matched
outputs/stage3/refinement/refined/refined_missing_only_savgol_w5_p2_ddpm_prior_interface_v0.npy,outputs/curated/stage3_sde/unknown_manual_review/refinement/refined/refined_missing_only_savgol_w5_p2_ddpm_prior_interface_v0.npy,UNKNOWN_NEEDS_MANUAL_REVIEW,array,no,no,no,low,no high-confidence cleanup rule matched
outputs/stage3/refinement/refined/refined_missing_only_savgol_w5_p2_ddpm_prior_masked_blend_v2_alpha0.25.npy,outputs/curated/stage3_sde/unknown_manual_review/refinement/refined/refined_missing_only_savgol_w5_p2_ddpm_prior_masked_blend_v2_alpha0.25.npy,UNKNOWN_NEEDS_MANUAL_REVIEW,array,no,no,no,low,no high-confidence cleanup rule matched
outputs/stage3/refinement/refined/refined_missing_only_savgol_w5_p2_ddpm_prior_masked_replace_v1.npy,outputs/curated/stage3_sde/unknown_manual_review/refinement/refined/refined_missing_only_savgol_w5_p2_ddpm_prior_masked_replace_v1.npy,UNKNOWN_NEEDS_MANUAL_REVIEW,array,no,no,no,low,no high-confidence cleanup rule matched
outputs/stage3/refinement/refined/refined_missing_only_savgol_w5_p2_identity_refiner.npy,outputs/curated/stage3_sde/unknown_manual_review/refinement/refined/refined_missing_only_savgol_w5_p2_identity_refiner.npy,UNKNOWN_NEEDS_MANUAL_REVIEW,array,no,no,no,low,no high-confidence cleanup rule matched
outputs/stage3/refinement/refined/refined_missing_only_savgol_w5_p2_light_savgol_refiner.npy,outputs/curated/stage3_sde/unknown_manual_review/refinement/refined/refined_missing_only_savgol_w5_p2_light_savgol_refiner.npy,UNKNOWN_NEEDS_MANUAL_REVIEW,array,no,no,no,low,no high-confidence cleanup rule matched
outputs/stage3/refinement/refinement_report.md,outputs/curated/stage3_sde/unknown_manual_review/refinement/refinement/refinement_report.md,UNKNOWN_NEEDS_MANUAL_REVIEW,markdown,no,no,no,low,no high-confidence cleanup rule matched
outputs/stage3/report_issue_checkout/STAGE3_REPORT_ISSUE_CHECKOUT.md,outputs/curated/stage3_sde/unknown_manual_review/report_issue_checkout/report_issue_checkout/STAGE3_REPORT_ISSUE_CHECKOUT.md,UNKNOWN_NEEDS_MANUAL_REVIEW,markdown,no,no,no,low,no high-confidence cleanup rule matched
outputs/stage3/report_issue_checkout/ddpm_trajectory_figure_checkout.md,outputs/curated/stage3_sde/unknown_manual_review/report_issue_checkout/report_issue_checkout/ddpm_trajectory_figure_checkout.md,UNKNOWN_NEEDS_MANUAL_REVIEW,markdown,no,no,no,low,no high-confidence cleanup rule matched
outputs/stage3/report_issue_checkout/figure3_spread_checkout.csv,outputs/curated/stage3_sde/unknown_manual_review/report_issue_checkout/report_issue_checkout/figure3_spread_checkout.csv,UNKNOWN_NEEDS_MANUAL_REVIEW,metric_csv,no,no,no,low,no high-confidence cleanup rule matched
outputs/stage3/report_issue_checkout/figure5_alpha_spread_checkout.csv,outputs/curated/stage3_sde/unknown_manual_review/report_issue_checkout/report_issue_checkout/figure5_alpha_spread_checkout.csv,UNKNOWN_NEEDS_MANUAL_REVIEW,metric_csv,no,no,no,low,no high-confidence cleanup rule matched
outputs/stage3/report_issue_checkout/geometry_usage_checkout.md,outputs/curated/stage3_sde/unknown_manual_review/report_issue_checkout/report_issue_checkout/geometry_usage_checkout.md,UNKNOWN_NEEDS_MANUAL_REVIEW,markdown,no,no,no,low,no high-confidence cleanup rule matched
outputs/stage3/report_issue_checkout/raw_file_manifest.csv,outputs/curated/stage3_sde/unknown_manual_review/report_issue_checkout/report_issue_checkout/raw_file_manifest.csv,UNKNOWN_NEEDS_MANUAL_REVIEW,metric_csv,no,no,no,low,no high-confidence cleanup rule matched
outputs/stage3/report_issue_checkout/table2_full_matrix_checkout.csv,outputs/curated/stage3_sde/unknown_manual_review/report_issue_checkout/report_issue_checkout/table2_full_matrix_checkout.csv,UNKNOWN_NEEDS_MANUAL_REVIEW,metric_csv,no,no,no,low,no high-confidence cleanup rule matched
outputs/stage3_indoor/.DS_Store,outputs/curated/stage3_sde/legacy_or_deprecated/.DS_Store/stage3_indoor/.DS_Store,LEGACY_OR_DEPRECATED,other,no,no,no,low,cache/system file; not moved
outputs/stage3_indoor/conditional_residual_ddpm_gaussian/seed42/best_ema_model.pt,outputs/curated/stage3_sde/mainline/summaries/conditional_residual_ddpm_gaussian/best_ema_model.pt,MAINLINE_STAGE3_SDE,other,no,no,no,medium,checkpoint/raw-like artifact preserved in place
outputs/stage3_indoor/conditional_residual_ddpm_gaussian/seed42/best_model.pt,outputs/curated/stage3_sde/unknown_manual_review/conditional_residual_ddpm_gaussian/seed42/best_model.pt,UNKNOWN_NEEDS_MANUAL_REVIEW,other,no,no,no,low,checkpoint or raw-like artifact; manual review before moving
outputs/stage3_indoor/conditional_residual_ddpm_gaussian/seed42/cond_residual_gaussian_conclusion.json,outputs/curated/stage3_sde/legacy_or_deprecated/conditional_residual_ddpm_gaussian/seed42/cond_residual_gaussian_conclusion.json,LEGACY_OR_DEPRECATED,json,yes,yes,yes,high,conditional-residual Stage 4 branch superseded by SDE mainline
outputs/stage3_indoor/conditional_residual_ddpm_gaussian/seed42/cond_residual_gaussian_eval.png,outputs/curated/stage3_sde/legacy_or_deprecated/conditional_residual_ddpm_gaussian/seed42/cond_residual_gaussian_eval.png,LEGACY_OR_DEPRECATED,figure,yes,yes,yes,high,conditional-residual Stage 4 branch superseded by SDE mainline
outputs/stage3_indoor/conditional_residual_ddpm_gaussian/seed42/cond_residual_gaussian_per_traj.csv,outputs/curated/stage3_sde/legacy_or_deprecated/conditional_residual_ddpm_gaussian/seed42/cond_residual_gaussian_per_traj.csv,LEGACY_OR_DEPRECATED,metric_csv,yes,yes,yes,high,conditional-residual Stage 4 branch superseded by SDE mainline
outputs/stage3_indoor/conditional_residual_ddpm_gaussian/seed42/cond_residual_gaussian_summary.csv,outputs/curated/stage3_sde/legacy_or_deprecated/conditional_residual_ddpm_gaussian/seed42/cond_residual_gaussian_summary.csv,LEGACY_OR_DEPRECATED,metric_csv,yes,yes,yes,high,conditional-residual Stage 4 branch superseded by SDE mainline
outputs/stage3_indoor/conditional_residual_ddpm_gaussian/seed42/eval_degraded_gaussian.npy,outputs/curated/stage3_sde/legacy_or_deprecated/conditional_residual_ddpm_gaussian/seed42/eval_degraded_gaussian.npy,LEGACY_OR_DEPRECATED,array,yes,yes,yes,high,conditional-residual Stage 4 branch superseded by SDE mainline
outputs/stage3_indoor/conditional_residual_ddpm_gaussian/seed42/final_ema_model.pt,outputs/curated/stage3_sde/unknown_manual_review/conditional_residual_ddpm_gaussian/seed42/final_ema_model.pt,UNKNOWN_NEEDS_MANUAL_REVIEW,other,no,no,no,low,checkpoint or raw-like artifact; manual review before moving
outputs/stage3_indoor/conditional_residual_ddpm_gaussian/seed42/final_model.pt,outputs/curated/stage3_sde/unknown_manual_review/conditional_residual_ddpm_gaussian/seed42/final_model.pt,UNKNOWN_NEEDS_MANUAL_REVIEW,other,no,no,no,low,checkpoint or raw-like artifact; manual review before moving
outputs/stage3_indoor/conditional_residual_ddpm_gaussian/seed42/generalization_conclusion.json,outputs/curated/stage3_sde/legacy_or_deprecated/conditional_residual_ddpm_gaussian/seed42/generalization_conclusion.json,LEGACY_OR_DEPRECATED,json,yes,yes,yes,high,conditional-residual Stage 4 branch superseded by SDE mainline
outputs/stage3_indoor/conditional_residual_ddpm_gaussian/seed42/generalization_degraded_bias.npy,outputs/curated/stage3_sde/legacy_or_deprecated/conditional_residual_ddpm_gaussian/seed42/generalization_degraded_bias.npy,LEGACY_OR_DEPRECATED,array,yes,yes,yes,high,conditional-residual Stage 4 branch superseded by SDE mainline
outputs/stage3_indoor/conditional_residual_ddpm_gaussian/seed42/generalization_degraded_burst.npy,outputs/curated/stage3_sde/legacy_or_deprecated/conditional_residual_ddpm_gaussian/seed42/generalization_degraded_burst.npy,LEGACY_OR_DEPRECATED,array,yes,yes,yes,high,conditional-residual Stage 4 branch superseded by SDE mainline
outputs/stage3_indoor/conditional_residual_ddpm_gaussian/seed42/generalization_degraded_combined.npy,outputs/curated/stage3_sde/legacy_or_deprecated/conditional_residual_ddpm_gaussian/seed42/generalization_degraded_combined.npy,LEGACY_OR_DEPRECATED,array,yes,yes,yes,high,conditional-residual Stage 4 branch superseded by SDE mainline
outputs/stage3_indoor/conditional_residual_ddpm_gaussian/seed42/generalization_degraded_drift.npy,outputs/curated/stage3_sde/legacy_or_deprecated/conditional_residual_ddpm_gaussian/seed42/generalization_degraded_drift.npy,LEGACY_OR_DEPRECATED,array,yes,yes,yes,high,conditional-residual Stage 4 branch superseded by SDE mainline
outputs/stage3_indoor/conditional_residual_ddpm_gaussian/seed42/generalization_degraded_gaussian.npy,outputs/curated/stage3_sde/legacy_or_deprecated/conditional_residual_ddpm_gaussian/seed42/generalization_degraded_gaussian.npy,LEGACY_OR_DEPRECATED,array,yes,yes,yes,high,conditional-residual Stage 4 branch superseded by SDE mainline
outputs/stage3_indoor/conditional_residual_ddpm_gaussian/seed42/generalization_degraded_jump.npy,outputs/curated/stage3_sde/legacy_or_deprecated/conditional_residual_ddpm_gaussian/seed42/generalization_degraded_jump.npy,LEGACY_OR_DEPRECATED,array,yes,yes,yes,high,conditional-residual Stage 4 branch superseded by SDE mainline
outputs/stage3_indoor/conditional_residual_ddpm_gaussian/seed42/generalization_diagnostic.png,outputs/curated/stage3_sde/legacy_or_deprecated/conditional_residual_ddpm_gaussian/seed42/generalization_diagnostic.png,LEGACY_OR_DEPRECATED,figure,yes,yes,yes,high,conditional-residual Stage 4 branch superseded by SDE mainline
outputs/stage3_indoor/conditional_residual_ddpm_gaussian/seed42/generalization_per_traj.csv,outputs/curated/stage3_sde/legacy_or_deprecated/conditional_residual_ddpm_gaussian/seed42/generalization_per_traj.csv,LEGACY_OR_DEPRECATED,metric_csv,yes,yes,yes,high,conditional-residual Stage 4 branch superseded by SDE mainline
outputs/stage3_indoor/conditional_residual_ddpm_gaussian/seed42/generalization_summary.csv,outputs/curated/stage3_sde/legacy_or_deprecated/conditional_residual_ddpm_gaussian/seed42/generalization_summary.csv,LEGACY_OR_DEPRECATED,metric_csv,yes,yes,yes,high,conditional-residual Stage 4 branch superseded by SDE mainline
outputs/stage3_indoor/conditional_residual_ddpm_gaussian/seed42/loss_curve.csv,outputs/curated/stage3_sde/legacy_or_deprecated/conditional_residual_ddpm_gaussian/seed42/loss_curve.csv,LEGACY_OR_DEPRECATED,metric_csv,yes,yes,yes,high,conditional-residual Stage 4 branch superseded by SDE mainline
outputs/stage3_indoor/conditional_residual_ddpm_gaussian/seed42/rel_norm_params_v2.npz,outputs/curated/stage3_sde/legacy_or_deprecated/conditional_residual_ddpm_gaussian/seed42/rel_norm_params_v2.npz,LEGACY_OR_DEPRECATED,array,yes,yes,yes,high,conditional-residual Stage 4 branch superseded by SDE mainline
outputs/stage3_indoor/ddpm_indoor/seed42/best_model.pt,outputs/curated/stage3_sde/unknown_manual_review/ddpm_indoor/seed42/best_model.pt,UNKNOWN_NEEDS_MANUAL_REVIEW,other,no,no,no,low,checkpoint or raw-like artifact; manual review before moving
outputs/stage3_indoor/ddpm_indoor/seed42/final_model.pt,outputs/curated/stage3_sde/unknown_manual_review/ddpm_indoor/seed42/final_model.pt,UNKNOWN_NEEDS_MANUAL_REVIEW,other,no,no,no,low,checkpoint or raw-like artifact; manual review before moving
outputs/stage3_indoor/ddpm_indoor/seed42/loss_curve.csv,outputs/curated/stage3_sde/unknown_manual_review/ddpm_indoor/seed42/loss_curve.csv,UNKNOWN_NEEDS_MANUAL_REVIEW,metric_csv,no,no,no,low,no high-confidence cleanup rule matched
outputs/stage3_indoor/ddpm_indoor/seed42/oor_diagnosis.png,outputs/curated/stage3_sde/unknown_manual_review/ddpm_indoor/seed42/oor_diagnosis.png,UNKNOWN_NEEDS_MANUAL_REVIEW,figure,no,no,no,low,no high-confidence cleanup rule matched
outputs/stage3_indoor/ddpm_indoor/seed42/oor_diagnosis_summary.csv,outputs/curated/stage3_sde/unknown_manual_review/ddpm_indoor/seed42/oor_diagnosis_summary.csv,UNKNOWN_NEEDS_MANUAL_REVIEW,metric_csv,no,no,no,low,no high-confidence cleanup rule matched
outputs/stage3_indoor/ddpm_indoor/seed42/rel_norm_params.npz,outputs/curated/stage3_sde/unknown_manual_review/ddpm_indoor/seed42/rel_norm_params.npz,UNKNOWN_NEEDS_MANUAL_REVIEW,array,no,no,no,low,no high-confidence cleanup rule matched
outputs/stage3_indoor/ddpm_indoor/seed42/sampling_check.png,outputs/curated/stage3_sde/unknown_manual_review/ddpm_indoor/seed42/sampling_check.png,UNKNOWN_NEEDS_MANUAL_REVIEW,figure,no,no,no,low,no high-confidence cleanup rule matched
outputs/stage3_indoor/ddpm_indoor_v2/seed42/best_ema_model.pt,outputs/curated/stage3_sde/mainline/summaries/ddpm_indoor_v2/best_ema_model.pt,MAINLINE_STAGE3_SDE,other,no,no,no,medium,checkpoint/raw-like artifact preserved in place
outputs/stage3_indoor/ddpm_indoor_v2/seed42/best_model.pt,outputs/curated/stage3_sde/mainline/summaries/ddpm_indoor_v2/best_model.pt,MAINLINE_STAGE3_SDE,other,no,no,no,medium,checkpoint/raw-like artifact preserved in place
outputs/stage3_indoor/ddpm_indoor_v2/seed42/final_ema_model.pt,outputs/curated/stage3_sde/mainline/summaries/ddpm_indoor_v2/final_ema_model.pt,MAINLINE_STAGE3_SDE,other,no,no,no,medium,checkpoint/raw-like artifact preserved in place
outputs/stage3_indoor/ddpm_indoor_v2/seed42/final_model.pt,outputs/curated/stage3_sde/mainline/summaries/ddpm_indoor_v2/final_model.pt,MAINLINE_STAGE3_SDE,other,no,no,no,medium,checkpoint/raw-like artifact preserved in place
outputs/stage3_indoor/ddpm_indoor_v2/seed42/gaussian_full_degraded.npy,outputs/curated/stage3_sde/unknown_manual_review/ddpm_indoor_v2/seed42/gaussian_full_degraded.npy,UNKNOWN_NEEDS_MANUAL_REVIEW,array,no,no,no,low,no high-confidence cleanup rule matched
outputs/stage3_indoor/ddpm_indoor_v2/seed42/loss_curve.csv,outputs/curated/stage3_sde/unknown_manual_review/ddpm_indoor_v2/seed42/loss_curve.csv,UNKNOWN_NEEDS_MANUAL_REVIEW,metric_csv,no,no,no,low,no high-confidence cleanup rule matched
outputs/stage3_indoor/ddpm_indoor_v2/seed42/prior_check_v2.json,outputs/curated/stage3_sde/unknown_manual_review/ddpm_indoor_v2/seed42/prior_check_v2.json,UNKNOWN_NEEDS_MANUAL_REVIEW,json,no,no,no,low,no high-confidence cleanup rule matched
outputs/stage3_indoor/ddpm_indoor_v2/seed42/rel_norm_params_v2.npz,outputs/curated/stage3_sde/unknown_manual_review/ddpm_indoor_v2/seed42/rel_norm_params_v2.npz,UNKNOWN_NEEDS_MANUAL_REVIEW,array,no,no,no,low,no high-confidence cleanup rule matched
outputs/stage3_indoor/ddpm_indoor_v2/seed42/sampling_check_v2.png,outputs/curated/stage3_sde/unknown_manual_review/ddpm_indoor_v2/seed42/sampling_check_v2.png,UNKNOWN_NEEDS_MANUAL_REVIEW,figure,no,no,no,low,no high-confidence cleanup rule matched
outputs/stage3_indoor/ddpm_indoor_v2/seed42/sdedit_gaussian_full_conclusion.json,outputs/curated/stage3_sde/unknown_manual_review/ddpm_indoor_v2/seed42/sdedit_gaussian_full_conclusion.json,UNKNOWN_NEEDS_MANUAL_REVIEW,json,no,no,no,low,no high-confidence cleanup rule matched
outputs/stage3_indoor/ddpm_indoor_v2/seed42/sdedit_gaussian_full_diagnostic.png,outputs/curated/stage3_sde/unknown_manual_review/ddpm_indoor_v2/seed42/sdedit_gaussian_full_diagnostic.png,UNKNOWN_NEEDS_MANUAL_REVIEW,figure,no,no,no,low,no high-confidence cleanup rule matched
outputs/stage3_indoor/ddpm_indoor_v2/seed42/sdedit_gaussian_full_per_traj.csv,outputs/curated/stage3_sde/unknown_manual_review/ddpm_indoor_v2/seed42/sdedit_gaussian_full_per_traj.csv,UNKNOWN_NEEDS_MANUAL_REVIEW,metric_csv,no,no,no,low,no high-confidence cleanup rule matched
outputs/stage3_indoor/ddpm_indoor_v2/seed42/sdedit_gaussian_full_summary.csv,outputs/curated/stage3_sde/unknown_manual_review/ddpm_indoor_v2/seed42/sdedit_gaussian_full_summary.csv,UNKNOWN_NEEDS_MANUAL_REVIEW,metric_csv,no,no,no,low,no high-confidence cleanup rule matched
outputs/stage3_indoor/ddpm_indoor_v2/seed42/sdedit_scout.png,outputs/curated/stage3_sde/unknown_manual_review/ddpm_indoor_v2/seed42/sdedit_scout.png,UNKNOWN_NEEDS_MANUAL_REVIEW,figure,no,no,no,low,no high-confidence cleanup rule matched
outputs/stage3_indoor/ddpm_indoor_v2/seed42/sdedit_scout_results.csv,outputs/curated/stage3_sde/unknown_manual_review/ddpm_indoor_v2/seed42/sdedit_scout_results.csv,UNKNOWN_NEEDS_MANUAL_REVIEW,metric_csv,no,no,no,low,no high-confidence cleanup rule matched
outputs/stage3_indoor/ddpm_prior/generated_abs.npy,outputs/curated/stage3_sde/legacy_or_deprecated/ddpm_prior/ddpm_prior/generated_abs.npy,LEGACY_OR_DEPRECATED,array,no,no,no,medium,old indoor prior/report artifact; preserved unless manually reviewed
outputs/stage3_indoor/ddpm_prior/generated_examples.png,outputs/curated/stage3_sde/legacy_or_deprecated/ddpm_prior/ddpm_prior/generated_examples.png,LEGACY_OR_DEPRECATED,figure,no,no,no,medium,old indoor prior/report artifact; preserved unless manually reviewed
outputs/stage3_indoor/ddpm_prior/generated_rel.npy,outputs/curated/stage3_sde/legacy_or_deprecated/ddpm_prior/ddpm_prior/generated_rel.npy,LEGACY_OR_DEPRECATED,array,no,no,no,medium,old indoor prior/report artifact; preserved unless manually reviewed
outputs/stage3_indoor/ddpm_prior/last_model.pt,outputs/curated/stage3_sde/unknown_manual_review/ddpm_prior/ddpm_prior/last_model.pt,UNKNOWN_NEEDS_MANUAL_REVIEW,other,no,no,no,low,checkpoint or raw-like artifact; manual review before moving
outputs/stage3_indoor/ddpm_prior/loss_curve.csv,outputs/curated/stage3_sde/legacy_or_deprecated/ddpm_prior/ddpm_prior/loss_curve.csv,LEGACY_OR_DEPRECATED,metric_csv,no,no,no,medium,old indoor prior/report artifact; preserved unless manually reviewed
outputs/stage3_indoor/ddpm_prior/prior_check.json,outputs/curated/stage3_sde/legacy_or_deprecated/ddpm_prior/ddpm_prior/prior_check.json,LEGACY_OR_DEPRECATED,json,no,no,no,medium,old indoor prior/report artifact; preserved unless manually reviewed
outputs/stage3_indoor/ddpm_prior/val_selected_model.pt,outputs/curated/stage3_sde/unknown_manual_review/ddpm_prior/ddpm_prior/val_selected_model.pt,UNKNOWN_NEEDS_MANUAL_REVIEW,other,no,no,no,low,checkpoint or raw-like artifact; manual review before moving
outputs/stage3_indoor/ddpm_prior_diagnostics/generated_abs_check.npy,outputs/curated/stage3_sde/legacy_or_deprecated/ddpm_prior_diagnostics/ddpm_prior_diagnostics/generated_abs_check.npy,LEGACY_OR_DEPRECATED,array,no,no,no,medium,old indoor prior/report artifact; preserved unless manually reviewed
outputs/stage3_indoor/ddpm_prior_diagnostics/generated_rel_check.npy,outputs/curated/stage3_sde/legacy_or_deprecated/ddpm_prior_diagnostics/ddpm_prior_diagnostics/generated_rel_check.npy,LEGACY_OR_DEPRECATED,array,no,no,no,medium,old indoor prior/report artifact; preserved unless manually reviewed
outputs/stage3_indoor/ddpm_prior_diagnostics/one_step_denoise.csv,outputs/curated/stage3_sde/legacy_or_deprecated/ddpm_prior_diagnostics/ddpm_prior_diagnostics/one_step_denoise.csv,LEGACY_OR_DEPRECATED,metric_csv,no,no,no,medium,old indoor prior/report artifact; preserved unless manually reviewed
outputs/stage3_indoor/ddpm_prior_diagnostics/overfit_loss_curve.csv,outputs/curated/stage3_sde/legacy_or_deprecated/ddpm_prior_diagnostics/ddpm_prior_diagnostics/overfit_loss_curve.csv,LEGACY_OR_DEPRECATED,metric_csv,no,no,no,medium,old indoor prior/report artifact; preserved unless manually reviewed
outputs/stage3_indoor/ddpm_prior_diagnostics/sampling_distribution.json,outputs/curated/stage3_sde/legacy_or_deprecated/ddpm_prior_diagnostics/ddpm_prior_diagnostics/sampling_distribution.json,LEGACY_OR_DEPRECATED,json,no,no,no,medium,old indoor prior/report artifact; preserved unless manually reviewed
outputs/stage3_indoor/ddpm_prior_diagnostics/sampling_examples.png,outputs/curated/stage3_sde/legacy_or_deprecated/ddpm_prior_diagnostics/ddpm_prior_diagnostics/sampling_examples.png,LEGACY_OR_DEPRECATED,figure,no,no,no,medium,old indoor prior/report artifact; preserved unless manually reviewed
outputs/stage3_indoor/receptive_field_expansion/ablation_results.csv,outputs/curated/stage3_sde/legacy_or_deprecated/receptive_field_expansion/receptive_field_expansion/ablation_results.csv,LEGACY_OR_DEPRECATED,metric_csv,no,no,no,medium,conditional architecture ablation; not current SDE mainline
outputs/stage3_indoor/receptive_field_expansion/ablation_summary.md,outputs/curated/stage3_sde/legacy_or_deprecated/receptive_field_expansion/receptive_field_expansion/ablation_summary.md,LEGACY_OR_DEPRECATED,markdown,no,no,no,medium,conditional architecture ablation; not current SDE mainline
outputs/stage3_indoor/receptive_field_expansion/ckpt_4block_best.pt,outputs/curated/stage3_sde/unknown_manual_review/receptive_field_expansion/receptive_field_expansion/ckpt_4block_best.pt,UNKNOWN_NEEDS_MANUAL_REVIEW,other,no,no,no,low,checkpoint or raw-like artifact; manual review before moving
outputs/stage3_indoor/receptive_field_expansion/ckpt_4block_best_ema.pt,outputs/curated/stage3_sde/unknown_manual_review/receptive_field_expansion/receptive_field_expansion/ckpt_4block_best_ema.pt,UNKNOWN_NEEDS_MANUAL_REVIEW,other,no,no,no,low,checkpoint or raw-like artifact; manual review before moving
outputs/stage3_indoor/receptive_field_expansion/ckpt_4block_final.pt,outputs/curated/stage3_sde/unknown_manual_review/receptive_field_expansion/receptive_field_expansion/ckpt_4block_final.pt,UNKNOWN_NEEDS_MANUAL_REVIEW,other,no,no,no,low,checkpoint or raw-like artifact; manual review before moving
outputs/stage3_indoor/receptive_field_expansion/ckpt_4block_final_ema.pt,outputs/curated/stage3_sde/unknown_manual_review/receptive_field_expansion/receptive_field_expansion/ckpt_4block_final_ema.pt,UNKNOWN_NEEDS_MANUAL_REVIEW,other,no,no,no,low,checkpoint or raw-like artifact; manual review before moving
outputs/stage3_indoor/receptive_field_expansion/figs/rf_expansion_comparison.png,outputs/curated/stage3_sde/legacy_or_deprecated/receptive_field_expansion/figs/rf_expansion_comparison.png,LEGACY_OR_DEPRECATED,figure,no,no,no,medium,conditional architecture ablation; not current SDE mainline
outputs/stage3_indoor/receptive_field_expansion/param_count.txt,outputs/curated/stage3_sde/legacy_or_deprecated/receptive_field_expansion/receptive_field_expansion/param_count.txt,LEGACY_OR_DEPRECATED,other,no,no,no,medium,conditional architecture ablation; not current SDE mainline
outputs/stage3_indoor/receptive_field_expansion/raw_4block_eval.csv,outputs/curated/stage3_sde/legacy_or_deprecated/receptive_field_expansion/receptive_field_expansion/raw_4block_eval.csv,LEGACY_OR_DEPRECATED,metric_csv,no,no,no,medium,conditional architecture ablation; not current SDE mainline
outputs/stage3_indoor/receptive_field_expansion/rel_norm_params_v2.npz,outputs/curated/stage3_sde/legacy_or_deprecated/receptive_field_expansion/receptive_field_expansion/rel_norm_params_v2.npz,LEGACY_OR_DEPRECATED,array,no,no,no,medium,conditional architecture ablation; not current SDE mainline
outputs/stage3_indoor/receptive_field_expansion/train_4block_log.csv,outputs/curated/stage3_sde/legacy_or_deprecated/receptive_field_expansion/receptive_field_expansion/train_4block_log.csv,LEGACY_OR_DEPRECATED,metric_csv,no,no,no,medium,conditional architecture ablation; not current SDE mainline
outputs/stage3_indoor/report/.DS_Store,outputs/curated/stage3_sde/legacy_or_deprecated/report/report/.DS_Store,LEGACY_OR_DEPRECATED,other,no,no,no,low,cache/system file; not moved
outputs/stage3_indoor/report/cache/bias_cond_residual_t20_refined.npy,outputs/curated/stage3_sde/legacy_or_deprecated/report/cache/bias_cond_residual_t20_refined.npy,LEGACY_OR_DEPRECATED,array,no,no,no,medium,old indoor prior/report artifact; preserved unless manually reviewed
outputs/stage3_indoor/report/cache/burst_cond_residual_t20_refined.npy,outputs/curated/stage3_sde/legacy_or_deprecated/report/cache/burst_cond_residual_t20_refined.npy,LEGACY_OR_DEPRECATED,array,no,no,no,medium,old indoor prior/report artifact; preserved unless manually reviewed
outputs/stage3_indoor/report/cache/drift_cond_residual_t20_refined.npy,outputs/curated/stage3_sde/legacy_or_deprecated/report/cache/drift_cond_residual_t20_refined.npy,LEGACY_OR_DEPRECATED,array,no,no,no,medium,old indoor prior/report artifact; preserved unless manually reviewed
outputs/stage3_indoor/report/cache/gaussian_cond_residual_t20_refined.npy,outputs/curated/stage3_sde/legacy_or_deprecated/report/cache/gaussian_cond_residual_t20_refined.npy,LEGACY_OR_DEPRECATED,array,no,no,no,medium,old indoor prior/report artifact; preserved unless manually reviewed
outputs/stage3_indoor/report/cache/gaussian_uncond_sdedit_t2_refined.npy,outputs/curated/stage3_sde/legacy_or_deprecated/report/cache/gaussian_uncond_sdedit_t2_refined.npy,LEGACY_OR_DEPRECATED,array,no,no,no,medium,old indoor prior/report artifact; preserved unless manually reviewed
outputs/stage3_indoor/report/captions.txt,outputs/curated/stage3_sde/legacy_or_deprecated/report/report/captions.txt,LEGACY_OR_DEPRECATED,other,no,no,no,medium,old indoor prior/report artifact; preserved unless manually reviewed
outputs/stage3_indoor/report/figures/fig1_clean_trajectories_overview.png,outputs/curated/stage3_sde/legacy_or_deprecated/report/figures/fig1_clean_trajectories_overview.png,LEGACY_OR_DEPRECATED,figure,no,no,no,medium,old indoor prior/report artifact; preserved unless manually reviewed
outputs/stage3_indoor/report/figures/fig2_degradation_examples.png,outputs/curated/stage3_sde/legacy_or_deprecated/report/figures/fig2_degradation_examples.png,LEGACY_OR_DEPRECATED,figure,no,no,no,medium,old indoor prior/report artifact; preserved unless manually reviewed
outputs/stage3_indoor/report/figures/fig3_pipeline_uncond_vs_cond.png,outputs/curated/stage3_sde/legacy_or_deprecated/report/figures/fig3_pipeline_uncond_vs_cond.png,LEGACY_OR_DEPRECATED,figure,no,no,no,medium,old indoor prior/report artifact; preserved unless manually reviewed
outputs/stage3_indoor/report/figures/fig4_metric_explanation.png,outputs/curated/stage3_sde/legacy_or_deprecated/report/figures/fig4_metric_explanation.png,LEGACY_OR_DEPRECATED,figure,no,no,no,medium,old indoor prior/report artifact; preserved unless manually reviewed
outputs/stage3_indoor/report/figures/fig5_unconditional_diagnostic.png,outputs/curated/stage3_sde/legacy_or_deprecated/report/figures/fig5_unconditional_diagnostic.png,LEGACY_OR_DEPRECATED,figure,no,no,no,medium,old indoor prior/report artifact; preserved unless manually reviewed
outputs/stage3_indoor/report/figures/fig6_conditional_gaussian_success.png,outputs/curated/stage3_sde/legacy_or_deprecated/report/figures/fig6_conditional_gaussian_success.png,LEGACY_OR_DEPRECATED,figure,no,no,no,medium,old indoor prior/report artifact; preserved unless manually reviewed
outputs/stage3_indoor/report/figures/fig7_generalization_heatmap.png,outputs/curated/stage3_sde/legacy_or_deprecated/report/figures/fig7_generalization_heatmap.png,LEGACY_OR_DEPRECATED,figure,no,no,no,medium,old indoor prior/report artifact; preserved unless manually reviewed
outputs/stage3_indoor/report/figures/fig8_failure_modes.png,outputs/curated/stage3_sde/legacy_or_deprecated/report/figures/fig8_failure_modes.png,LEGACY_OR_DEPRECATED,figure,no,no,no,medium,old indoor prior/report artifact; preserved unless manually reviewed
outputs/stage3_indoor/report/tables/table1_gaussian_medium.csv,outputs/curated/stage3_sde/legacy_or_deprecated/report/tables/table1_gaussian_medium.csv,LEGACY_OR_DEPRECATED,metric_csv,yes,yes,yes,high,conditional-residual Stage 4 branch superseded by SDE mainline
outputs/stage3_indoor/report/tables/table2_generalization.csv,outputs/curated/stage3_sde/legacy_or_deprecated/report/tables/table2_generalization.csv,LEGACY_OR_DEPRECATED,metric_csv,no,no,no,medium,old indoor prior/report artifact; preserved unless manually reviewed
outputs/stage3_indoor/report/tables/table3_glossary.csv,outputs/curated/stage3_sde/legacy_or_deprecated/report/tables/table3_glossary.csv,LEGACY_OR_DEPRECATED,metric_csv,no,no,no,medium,old indoor prior/report artifact; preserved unless manually reviewed
outputs/stage3_indoor/report_v2/figures/fig01_task_correction.png,outputs/curated/stage3_sde/legacy_or_deprecated/report_v2/figures/fig01_task_correction.png,LEGACY_OR_DEPRECATED,figure,no,no,no,medium,old indoor prior/report artifact; preserved unless manually reviewed
outputs/stage3_indoor/report_v2/figures/fig02_pipeline_overview.png,outputs/curated/stage3_sde/legacy_or_deprecated/report_v2/figures/fig02_pipeline_overview.png,LEGACY_OR_DEPRECATED,figure,no,no,no,medium,old indoor prior/report artifact; preserved unless manually reviewed
outputs/stage3_indoor/report_v2/figures/fig03_synthetic_trajectories.png,outputs/curated/stage3_sde/legacy_or_deprecated/report_v2/figures/fig03_synthetic_trajectories.png,LEGACY_OR_DEPRECATED,figure,no,no,no,medium,old indoor prior/report artifact; preserved unless manually reviewed
outputs/stage3_indoor/report_v2/figures/fig04_degradation_examples.png,outputs/curated/stage3_sde/legacy_or_deprecated/report_v2/figures/fig04_degradation_examples.png,LEGACY_OR_DEPRECATED,figure,no,no,no,medium,old indoor prior/report artifact; preserved unless manually reviewed
outputs/stage3_indoor/report_v2/figures/fig05_prior_sampling_check.png,outputs/curated/stage3_sde/legacy_or_deprecated/report_v2/figures/fig05_prior_sampling_check.png,LEGACY_OR_DEPRECATED,figure,no,no,no,medium,old indoor prior/report artifact; preserved unless manually reviewed
outputs/stage3_indoor/report_v2/figures/fig06_tstart_sweep.png,outputs/curated/stage3_sde/legacy_or_deprecated/report_v2/figures/fig06_tstart_sweep.png,LEGACY_OR_DEPRECATED,figure,no,no,no,medium,old indoor prior/report artifact; preserved unless manually reviewed
outputs/stage3_indoor/report_v2/figures/fig07_unconditional_diagnostic.png,outputs/curated/stage3_sde/legacy_or_deprecated/report_v2/figures/fig07_unconditional_diagnostic.png,LEGACY_OR_DEPRECATED,figure,no,no,no,medium,old indoor prior/report artifact; preserved unless manually reviewed
outputs/stage3_indoor/report_v2/figures/fig08_conditional_comparison.png,outputs/curated/stage3_sde/legacy_or_deprecated/report_v2/figures/fig08_conditional_comparison.png,LEGACY_OR_DEPRECATED,figure,no,no,no,medium,old indoor prior/report artifact; preserved unless manually reviewed
outputs/stage3_indoor/report_v2/figures/fig09_generalization_heatmap.png,outputs/curated/stage3_sde/legacy_or_deprecated/report_v2/figures/fig09_generalization_heatmap.png,LEGACY_OR_DEPRECATED,figure,no,no,no,medium,old indoor prior/report artifact; preserved unless manually reviewed
outputs/stage3_indoor/report_v2/figures/fig10_representative_cases.png,outputs/curated/stage3_sde/legacy_or_deprecated/report_v2/figures/fig10_representative_cases.png,LEGACY_OR_DEPRECATED,figure,no,no,no,medium,old indoor prior/report artifact; preserved unless manually reviewed
outputs/stage3_indoor/report_v2/stage3_final_report.docx,outputs/curated/stage3_sde/legacy_or_deprecated/report_v2/report_v2/stage3_final_report.docx,LEGACY_OR_DEPRECATED,other,no,no,no,medium,old indoor prior/report artifact; preserved unless manually reviewed
outputs/stage3_indoor/sdedit_diagnostic/diagnostic_config.json,outputs/curated/stage3_sde/negative_diagnostic/old_sdedit_diagnosis/sdedit_diagnostic/sdedit_diagnostic/diagnostic_config.json,NEGATIVE_DIAGNOSTIC,json,yes,yes,yes,high,old vanilla SDEdit mechanism/limitation diagnosis
outputs/stage3_indoor/sdedit_diagnostic/diagnostic_examples.png,outputs/curated/stage3_sde/negative_diagnostic/old_sdedit_diagnosis/sdedit_diagnostic/sdedit_diagnostic/diagnostic_examples.png,NEGATIVE_DIAGNOSTIC,figure,yes,yes,yes,high,old vanilla SDEdit mechanism/limitation diagnosis
outputs/stage3_indoor/sdedit_diagnostic/diagnostic_per_traj.csv,outputs/curated/stage3_sde/negative_diagnostic/old_sdedit_diagnosis/sdedit_diagnostic/sdedit_diagnostic/diagnostic_per_traj.csv,NEGATIVE_DIAGNOSTIC,metric_csv,yes,yes,yes,high,old vanilla SDEdit mechanism/limitation diagnosis
outputs/stage3_indoor/sdedit_diagnostic/diagnostic_summary.csv,outputs/curated/stage3_sde/negative_diagnostic/old_sdedit_diagnosis/sdedit_diagnostic/sdedit_diagnostic/diagnostic_summary.csv,NEGATIVE_DIAGNOSTIC,metric_csv,yes,yes,yes,high,old vanilla SDEdit mechanism/limitation diagnosis
outputs/stage3_indoor/sssd_ablation/param_count.txt,outputs/curated/stage3_sde/legacy_or_deprecated/sssd_ablation/sssd_ablation/param_count.txt,LEGACY_OR_DEPRECATED,other,no,no,no,medium,conditional architecture ablation; not current SDE mainline
outputs/stage4/.matplotlib_cache/fontlist-v390.json,outputs/curated/stage3_sde/legacy_or_deprecated/.matplotlib_cache/.matplotlib_cache/fontlist-v390.json,LEGACY_OR_DEPRECATED,json,no,no,no,low,cache/system file; not moved
outputs/stage4/e1_failure_diagnosis/conservative_gate_gamma_ablation.csv,outputs/curated/stage3_sde/legacy_or_deprecated/e1_failure_diagnosis/e1_failure_diagnosis/conservative_gate_gamma_ablation.csv,LEGACY_OR_DEPRECATED,metric_csv,yes,yes,yes,high,conditional-residual Stage 4 branch superseded by SDE mainline
outputs/stage4/e1_failure_diagnosis/delta0_c2_tradeoff.csv,outputs/curated/stage3_sde/legacy_or_deprecated/e1_failure_diagnosis/e1_failure_diagnosis/delta0_c2_tradeoff.csv,LEGACY_OR_DEPRECATED,metric_csv,yes,yes,yes,high,conditional-residual Stage 4 branch superseded by SDE mainline
outputs/stage4/e1_failure_diagnosis/diagnosis_figures.csv,outputs/curated/stage3_sde/legacy_or_deprecated/e1_failure_diagnosis/e1_failure_diagnosis/diagnosis_figures.csv,LEGACY_OR_DEPRECATED,metric_csv,yes,yes,yes,high,conditional-residual Stage 4 branch superseded by SDE mainline
outputs/stage4/e1_failure_diagnosis/diagnosis_summary.md,outputs/curated/stage3_sde/legacy_or_deprecated/e1_failure_diagnosis/e1_failure_diagnosis/diagnosis_summary.md,LEGACY_OR_DEPRECATED,markdown,yes,yes,yes,high,conditional-residual Stage 4 branch superseded by SDE mainline
outputs/stage4/e1_failure_diagnosis/failure_cause_judgment.csv,outputs/curated/stage3_sde/legacy_or_deprecated/e1_failure_diagnosis/e1_failure_diagnosis/failure_cause_judgment.csv,LEGACY_OR_DEPRECATED,metric_csv,yes,yes,yes,high,conditional-residual Stage 4 branch superseded by SDE mainline
outputs/stage4/e1_failure_diagnosis/figures/burst_medium_failure_traj114.png,outputs/curated/stage3_sde/legacy_or_deprecated/e1_failure_diagnosis/figures/burst_medium_failure_traj114.png,LEGACY_OR_DEPRECATED,figure,yes,yes,yes,high,conditional-residual Stage 4 branch superseded by SDE mainline
outputs/stage4/e1_failure_diagnosis/figures/burst_medium_failure_traj172.png,outputs/curated/stage3_sde/legacy_or_deprecated/e1_failure_diagnosis/figures/burst_medium_failure_traj172.png,LEGACY_OR_DEPRECATED,figure,yes,yes,yes,high,conditional-residual Stage 4 branch superseded by SDE mainline
outputs/stage4/e1_failure_diagnosis/figures/burst_medium_failure_traj41.png,outputs/curated/stage3_sde/legacy_or_deprecated/e1_failure_diagnosis/figures/burst_medium_failure_traj41.png,LEGACY_OR_DEPRECATED,figure,yes,yes,yes,high,conditional-residual Stage 4 branch superseded by SDE mainline
outputs/stage4/e1_failure_diagnosis/figures/drift_medium_failure_traj156.png,outputs/curated/stage3_sde/legacy_or_deprecated/e1_failure_diagnosis/figures/drift_medium_failure_traj156.png,LEGACY_OR_DEPRECATED,figure,yes,yes,yes,high,conditional-residual Stage 4 branch superseded by SDE mainline
outputs/stage4/e1_failure_diagnosis/figures/drift_medium_failure_traj160.png,outputs/curated/stage3_sde/legacy_or_deprecated/e1_failure_diagnosis/figures/drift_medium_failure_traj160.png,LEGACY_OR_DEPRECATED,figure,yes,yes,yes,high,conditional-residual Stage 4 branch superseded by SDE mainline
outputs/stage4/e1_failure_diagnosis/figures/drift_medium_failure_traj65.png,outputs/curated/stage3_sde/legacy_or_deprecated/e1_failure_diagnosis/figures/drift_medium_failure_traj65.png,LEGACY_OR_DEPRECATED,figure,yes,yes,yes,high,conditional-residual Stage 4 branch superseded by SDE mainline
outputs/stage4/e1_failure_diagnosis/high_confidence_failure_summary.csv,outputs/curated/stage3_sde/legacy_or_deprecated/e1_failure_diagnosis/e1_failure_diagnosis/high_confidence_failure_summary.csv,LEGACY_OR_DEPRECATED,metric_csv,yes,yes,yes,high,conditional-residual Stage 4 branch superseded by SDE mainline
outputs/stage4/e1_failure_diagnosis/trajectory_dominance.csv,outputs/curated/stage3_sde/legacy_or_deprecated/e1_failure_diagnosis/e1_failure_diagnosis/trajectory_dominance.csv,LEGACY_OR_DEPRECATED,metric_csv,yes,yes,yes,high,conditional-residual Stage 4 branch superseded by SDE mainline
outputs/stage4/e1_failure_diagnosis/worst10_high_confidence_violations.csv,outputs/curated/stage3_sde/legacy_or_deprecated/e1_failure_diagnosis/e1_failure_diagnosis/worst10_high_confidence_violations.csv,LEGACY_OR_DEPRECATED,metric_csv,yes,yes,yes,high,conditional-residual Stage 4 branch superseded by SDE mainline
outputs/stage4/e1_oracle_residual_gating_6conditions/confidence_cache/bias_medium_confidence.npy,outputs/curated/stage3_sde/legacy_or_deprecated/e1_oracle_residual_gating_6conditions/confidence_cache/bias_medium_confidence.npy,LEGACY_OR_DEPRECATED,array,yes,yes,yes,high,conditional-residual Stage 4 branch superseded by SDE mainline
outputs/stage4/e1_oracle_residual_gating_6conditions/confidence_cache/bias_medium_confidence_validation.json,outputs/curated/stage3_sde/legacy_or_deprecated/e1_oracle_residual_gating_6conditions/confidence_cache/bias_medium_confidence_validation.json,LEGACY_OR_DEPRECATED,json,yes,yes,yes,high,conditional-residual Stage 4 branch superseded by SDE mainline
outputs/stage4/e1_oracle_residual_gating_6conditions/confidence_cache/burst_medium_confidence.npy,outputs/curated/stage3_sde/legacy_or_deprecated/e1_oracle_residual_gating_6conditions/confidence_cache/burst_medium_confidence.npy,LEGACY_OR_DEPRECATED,array,yes,yes,yes,high,conditional-residual Stage 4 branch superseded by SDE mainline
outputs/stage4/e1_oracle_residual_gating_6conditions/confidence_cache/burst_medium_confidence_validation.json,outputs/curated/stage3_sde/legacy_or_deprecated/e1_oracle_residual_gating_6conditions/confidence_cache/burst_medium_confidence_validation.json,LEGACY_OR_DEPRECATED,json,yes,yes,yes,high,conditional-residual Stage 4 branch superseded by SDE mainline
outputs/stage4/e1_oracle_residual_gating_6conditions/confidence_cache/combined_medium_confidence.npy,outputs/curated/stage3_sde/legacy_or_deprecated/e1_oracle_residual_gating_6conditions/confidence_cache/combined_medium_confidence.npy,LEGACY_OR_DEPRECATED,array,yes,yes,yes,high,conditional-residual Stage 4 branch superseded by SDE mainline
outputs/stage4/e1_oracle_residual_gating_6conditions/confidence_cache/combined_medium_confidence_validation.json,outputs/curated/stage3_sde/legacy_or_deprecated/e1_oracle_residual_gating_6conditions/confidence_cache/combined_medium_confidence_validation.json,LEGACY_OR_DEPRECATED,json,yes,yes,yes,high,conditional-residual Stage 4 branch superseded by SDE mainline
outputs/stage4/e1_oracle_residual_gating_6conditions/confidence_cache/confidence_cache_validation_summary.csv,outputs/curated/stage3_sde/legacy_or_deprecated/e1_oracle_residual_gating_6conditions/confidence_cache/confidence_cache_validation_summary.csv,LEGACY_OR_DEPRECATED,metric_csv,yes,yes,yes,high,conditional-residual Stage 4 branch superseded by SDE mainline
outputs/stage4/e1_oracle_residual_gating_6conditions/confidence_cache/confidence_cache_validation_summary.md,outputs/curated/stage3_sde/legacy_or_deprecated/e1_oracle_residual_gating_6conditions/confidence_cache/confidence_cache_validation_summary.md,LEGACY_OR_DEPRECATED,markdown,yes,yes,yes,high,conditional-residual Stage 4 branch superseded by SDE mainline
outputs/stage4/e1_oracle_residual_gating_6conditions/confidence_cache/drift_medium_confidence.npy,outputs/curated/stage3_sde/legacy_or_deprecated/e1_oracle_residual_gating_6conditions/confidence_cache/drift_medium_confidence.npy,LEGACY_OR_DEPRECATED,array,yes,yes,yes,high,conditional-residual Stage 4 branch superseded by SDE mainline
outputs/stage4/e1_oracle_residual_gating_6conditions/confidence_cache/drift_medium_confidence_validation.json,outputs/curated/stage3_sde/legacy_or_deprecated/e1_oracle_residual_gating_6conditions/confidence_cache/drift_medium_confidence_validation.json,LEGACY_OR_DEPRECATED,json,yes,yes,yes,high,conditional-residual Stage 4 branch superseded by SDE mainline
outputs/stage4/e1_oracle_residual_gating_6conditions/confidence_cache/gaussian_medium_confidence.npy,outputs/curated/stage3_sde/legacy_or_deprecated/e1_oracle_residual_gating_6conditions/confidence_cache/gaussian_medium_confidence.npy,LEGACY_OR_DEPRECATED,array,yes,yes,yes,high,conditional-residual Stage 4 branch superseded by SDE mainline
outputs/stage4/e1_oracle_residual_gating_6conditions/confidence_cache/gaussian_medium_confidence_validation.json,outputs/curated/stage3_sde/legacy_or_deprecated/e1_oracle_residual_gating_6conditions/confidence_cache/gaussian_medium_confidence_validation.json,LEGACY_OR_DEPRECATED,json,yes,yes,yes,high,conditional-residual Stage 4 branch superseded by SDE mainline
outputs/stage4/e1_oracle_residual_gating_6conditions/confidence_cache/jump_medium_confidence.npy,outputs/curated/stage3_sde/legacy_or_deprecated/e1_oracle_residual_gating_6conditions/confidence_cache/jump_medium_confidence.npy,LEGACY_OR_DEPRECATED,array,yes,yes,yes,high,conditional-residual Stage 4 branch superseded by SDE mainline
outputs/stage4/e1_oracle_residual_gating_6conditions/confidence_cache/jump_medium_confidence_validation.json,outputs/curated/stage3_sde/legacy_or_deprecated/e1_oracle_residual_gating_6conditions/confidence_cache/jump_medium_confidence_validation.json,LEGACY_OR_DEPRECATED,json,yes,yes,yes,high,conditional-residual Stage 4 branch superseded by SDE mainline
outputs/stage4/e1_oracle_residual_gating_6conditions/e1_confidence_bin_metrics.csv,outputs/curated/stage3_sde/legacy_or_deprecated/e1_oracle_residual_gating_6conditions/e1_oracle_residual_gating_6conditions/e1_confidence_bin_metrics.csv,LEGACY_OR_DEPRECATED,metric_csv,yes,yes,yes,high,conditional-residual Stage 4 branch superseded by SDE mainline
outputs/stage4/e1_oracle_residual_gating_6conditions/e1_delta0_sweep.csv,outputs/curated/stage3_sde/legacy_or_deprecated/e1_oracle_residual_gating_6conditions/e1_oracle_residual_gating_6conditions/e1_delta0_sweep.csv,LEGACY_OR_DEPRECATED,metric_csv,yes,yes,yes,high,conditional-residual Stage 4 branch superseded by SDE mainline
outputs/stage4/e1_oracle_residual_gating_6conditions/e1_full_metrics.csv,outputs/curated/stage3_sde/legacy_or_deprecated/e1_oracle_residual_gating_6conditions/e1_oracle_residual_gating_6conditions/e1_full_metrics.csv,LEGACY_OR_DEPRECATED,metric_csv,yes,yes,yes,high,conditional-residual Stage 4 branch superseded by SDE mainline
outputs/stage4/e1_oracle_residual_gating_6conditions/e1_pass_fail_summary.csv,outputs/curated/stage3_sde/legacy_or_deprecated/e1_oracle_residual_gating_6conditions/e1_oracle_residual_gating_6conditions/e1_pass_fail_summary.csv,LEGACY_OR_DEPRECATED,metric_csv,yes,yes,yes,high,conditional-residual Stage 4 branch superseded by SDE mainline
outputs/stage4/e1_oracle_residual_gating_6conditions/e1_per_trajectory_metrics.csv,outputs/curated/stage3_sde/legacy_or_deprecated/e1_oracle_residual_gating_6conditions/e1_oracle_residual_gating_6conditions/e1_per_trajectory_metrics.csv,LEGACY_OR_DEPRECATED,metric_csv,yes,yes,yes,high,conditional-residual Stage 4 branch superseded by SDE mainline
outputs/stage4/e1_oracle_residual_gating_6conditions/e1_protocol_validation_summary.csv,outputs/curated/stage3_sde/legacy_or_deprecated/e1_oracle_residual_gating_6conditions/e1_oracle_residual_gating_6conditions/e1_protocol_validation_summary.csv,LEGACY_OR_DEPRECATED,metric_csv,yes,yes,yes,high,conditional-residual Stage 4 branch superseded by SDE mainline
outputs/stage4/e1_oracle_residual_gating_6conditions/e1_summary.md,outputs/curated/stage3_sde/legacy_or_deprecated/e1_oracle_residual_gating_6conditions/e1_oracle_residual_gating_6conditions/e1_summary.md,LEGACY_OR_DEPRECATED,markdown,yes,yes,yes,high,conditional-residual Stage 4 branch superseded by SDE mainline
outputs/stage4/e1_oracle_residual_gating_6conditions/figures/failure_or_ambiguous_case_burst_medium_traj165.png,outputs/curated/stage3_sde/legacy_or_deprecated/e1_oracle_residual_gating_6conditions/figures/failure_or_ambiguous_case_burst_medium_traj165.png,LEGACY_OR_DEPRECATED,figure,yes,yes,yes,high,conditional-residual Stage 4 branch superseded by SDE mainline
outputs/stage4/e1_oracle_residual_gating_6conditions/figures/high_confidence_overcorrection_burst_medium_traj107.png,outputs/curated/stage3_sde/legacy_or_deprecated/e1_oracle_residual_gating_6conditions/figures/high_confidence_overcorrection_burst_medium_traj107.png,LEGACY_OR_DEPRECATED,figure,yes,yes,yes,high,conditional-residual Stage 4 branch superseded by SDE mainline
outputs/stage4/e1_oracle_residual_gating_6conditions/figures/low_confidence_preserved_burst_medium_traj85.png,outputs/curated/stage3_sde/legacy_or_deprecated/e1_oracle_residual_gating_6conditions/figures/low_confidence_preserved_burst_medium_traj85.png,LEGACY_OR_DEPRECATED,figure,yes,yes,yes,high,conditional-residual Stage 4 branch superseded by SDE mainline
outputs/stage4/e1_oracle_residual_gating_6conditions/figures/representative_bias_medium_bias_medium_traj154.png,outputs/curated/stage3_sde/legacy_or_deprecated/e1_oracle_residual_gating_6conditions/figures/representative_bias_medium_bias_medium_traj154.png,LEGACY_OR_DEPRECATED,figure,yes,yes,yes,high,conditional-residual Stage 4 branch superseded by SDE mainline
outputs/stage4/e1_oracle_residual_gating_6conditions/figures/representative_burst_medium_burst_medium_traj107.png,outputs/curated/stage3_sde/legacy_or_deprecated/e1_oracle_residual_gating_6conditions/figures/representative_burst_medium_burst_medium_traj107.png,LEGACY_OR_DEPRECATED,figure,yes,yes,yes,high,conditional-residual Stage 4 branch superseded by SDE mainline
outputs/stage4/e1_oracle_residual_gating_6conditions/figures/representative_combined_medium_combined_medium_traj123.png,outputs/curated/stage3_sde/legacy_or_deprecated/e1_oracle_residual_gating_6conditions/figures/representative_combined_medium_combined_medium_traj123.png,LEGACY_OR_DEPRECATED,figure,yes,yes,yes,high,conditional-residual Stage 4 branch superseded by SDE mainline
outputs/stage4/e1_oracle_residual_gating_6conditions/figures/representative_drift_medium_drift_medium_traj53.png,outputs/curated/stage3_sde/legacy_or_deprecated/e1_oracle_residual_gating_6conditions/figures/representative_drift_medium_drift_medium_traj53.png,LEGACY_OR_DEPRECATED,figure,yes,yes,yes,high,conditional-residual Stage 4 branch superseded by SDE mainline
outputs/stage4/e1_oracle_residual_gating_6conditions/figures/representative_gaussian_medium_gaussian_medium_traj100.png,outputs/curated/stage3_sde/legacy_or_deprecated/e1_oracle_residual_gating_6conditions/figures/representative_gaussian_medium_gaussian_medium_traj100.png,LEGACY_OR_DEPRECATED,figure,yes,yes,yes,high,conditional-residual Stage 4 branch superseded by SDE mainline
outputs/stage4/e1_oracle_residual_gating_6conditions/figures/representative_jump_medium_jump_medium_traj143.png,outputs/curated/stage3_sde/legacy_or_deprecated/e1_oracle_residual_gating_6conditions/figures/representative_jump_medium_jump_medium_traj143.png,LEGACY_OR_DEPRECATED,figure,yes,yes,yes,high,conditional-residual Stage 4 branch superseded by SDE mainline
outputs/stage4/e1_oracle_residual_gating_full/e1_confidence_bin_metrics.csv,outputs/curated/stage3_sde/legacy_or_deprecated/e1_oracle_residual_gating_full/e1_oracle_residual_gating_full/e1_confidence_bin_metrics.csv,LEGACY_OR_DEPRECATED,metric_csv,yes,yes,yes,high,conditional-residual Stage 4 branch superseded by SDE mainline
outputs/stage4/e1_oracle_residual_gating_full/e1_delta0_sweep.csv,outputs/curated/stage3_sde/legacy_or_deprecated/e1_oracle_residual_gating_full/e1_oracle_residual_gating_full/e1_delta0_sweep.csv,LEGACY_OR_DEPRECATED,metric_csv,yes,yes,yes,high,conditional-residual Stage 4 branch superseded by SDE mainline
outputs/stage4/e1_oracle_residual_gating_full/e1_full_metrics.csv,outputs/curated/stage3_sde/legacy_or_deprecated/e1_oracle_residual_gating_full/e1_oracle_residual_gating_full/e1_full_metrics.csv,LEGACY_OR_DEPRECATED,metric_csv,yes,yes,yes,high,conditional-residual Stage 4 branch superseded by SDE mainline
outputs/stage4/e1_oracle_residual_gating_full/e1_pass_fail_summary.csv,outputs/curated/stage3_sde/legacy_or_deprecated/e1_oracle_residual_gating_full/e1_oracle_residual_gating_full/e1_pass_fail_summary.csv,LEGACY_OR_DEPRECATED,metric_csv,yes,yes,yes,high,conditional-residual Stage 4 branch superseded by SDE mainline
outputs/stage4/e1_oracle_residual_gating_full/e1_per_trajectory_metrics.csv,outputs/curated/stage3_sde/legacy_or_deprecated/e1_oracle_residual_gating_full/e1_oracle_residual_gating_full/e1_per_trajectory_metrics.csv,LEGACY_OR_DEPRECATED,metric_csv,yes,yes,yes,high,conditional-residual Stage 4 branch superseded by SDE mainline
outputs/stage4/e1_oracle_residual_gating_full/e1_summary.md,outputs/curated/stage3_sde/legacy_or_deprecated/e1_oracle_residual_gating_full/e1_oracle_residual_gating_full/e1_summary.md,LEGACY_OR_DEPRECATED,markdown,yes,yes,yes,high,conditional-residual Stage 4 branch superseded by SDE mainline
outputs/stage4/e1_oracle_residual_gating_full/figures/burst_case_burst_medium_traj107.png,outputs/curated/stage3_sde/legacy_or_deprecated/e1_oracle_residual_gating_full/figures/burst_case_burst_medium_traj107.png,LEGACY_OR_DEPRECATED,figure,yes,yes,yes,high,conditional-residual Stage 4 branch superseded by SDE mainline
outputs/stage4/e1_oracle_residual_gating_full/figures/drift_case_drift_medium_traj53.png,outputs/curated/stage3_sde/legacy_or_deprecated/e1_oracle_residual_gating_full/figures/drift_case_drift_medium_traj53.png,LEGACY_OR_DEPRECATED,figure,yes,yes,yes,high,conditional-residual Stage 4 branch superseded by SDE mainline
outputs/stage4/e1_oracle_residual_gating_full/figures/failure_or_ambiguous_case_burst_medium_traj165.png,outputs/curated/stage3_sde/legacy_or_deprecated/e1_oracle_residual_gating_full/figures/failure_or_ambiguous_case_burst_medium_traj165.png,LEGACY_OR_DEPRECATED,figure,yes,yes,yes,high,conditional-residual Stage 4 branch superseded by SDE mainline
outputs/stage4/e1_oracle_residual_gating_full/figures/high_confidence_overcorrection_burst_medium_traj107.png,outputs/curated/stage3_sde/legacy_or_deprecated/e1_oracle_residual_gating_full/figures/high_confidence_overcorrection_burst_medium_traj107.png,LEGACY_OR_DEPRECATED,figure,yes,yes,yes,high,conditional-residual Stage 4 branch superseded by SDE mainline
outputs/stage4/e1_oracle_residual_gating_full/figures/low_confidence_preserved_burst_medium_traj85.png,outputs/curated/stage3_sde/legacy_or_deprecated/e1_oracle_residual_gating_full/figures/low_confidence_preserved_burst_medium_traj85.png,LEGACY_OR_DEPRECATED,figure,yes,yes,yes,high,conditional-residual Stage 4 branch superseded by SDE mainline
outputs/stage4/e1_oracle_residual_gating_smoke/smoke_examples.npz,outputs/curated/stage3_sde/legacy_or_deprecated/e1_oracle_residual_gating_smoke/e1_oracle_residual_gating_smoke/smoke_examples.npz,LEGACY_OR_DEPRECATED,array,yes,yes,yes,high,conditional-residual Stage 4 branch superseded by SDE mainline
outputs/stage4/e1_oracle_residual_gating_smoke/smoke_examples.png,outputs/curated/stage3_sde/legacy_or_deprecated/e1_oracle_residual_gating_smoke/e1_oracle_residual_gating_smoke/smoke_examples.png,LEGACY_OR_DEPRECATED,figure,yes,yes,yes,high,conditional-residual Stage 4 branch superseded by SDE mainline
outputs/stage4/e1_oracle_residual_gating_smoke/smoke_metrics.csv,outputs/curated/stage3_sde/legacy_or_deprecated/e1_oracle_residual_gating_smoke/e1_oracle_residual_gating_smoke/smoke_metrics.csv,LEGACY_OR_DEPRECATED,metric_csv,yes,yes,yes,high,conditional-residual Stage 4 branch superseded by SDE mainline
outputs/stage4/e1_oracle_residual_gating_smoke/smoke_summary.md,outputs/curated/stage3_sde/legacy_or_deprecated/e1_oracle_residual_gating_smoke/e1_oracle_residual_gating_smoke/smoke_summary.md,LEGACY_OR_DEPRECATED,markdown,yes,yes,yes,high,conditional-residual Stage 4 branch superseded by SDE mainline
outputs/stage4/e1_supplementary_gamma_delta_ablation/e1_supp_gamma_delta_confidence_bin_metrics.csv,outputs/curated/stage3_sde/legacy_or_deprecated/e1_supplementary_gamma_delta_ablation/e1_supplementary_gamma_delta_ablation/e1_supp_gamma_delta_confidence_bin_metrics.csv,LEGACY_OR_DEPRECATED,metric_csv,yes,yes,yes,high,conditional-residual Stage 4 branch superseded by SDE mainline
outputs/stage4/e1_supplementary_gamma_delta_ablation/e1_supp_gamma_delta_figures.csv,outputs/curated/stage3_sde/legacy_or_deprecated/e1_supplementary_gamma_delta_ablation/e1_supplementary_gamma_delta_ablation/e1_supp_gamma_delta_figures.csv,LEGACY_OR_DEPRECATED,metric_csv,yes,yes,yes,high,conditional-residual Stage 4 branch superseded by SDE mainline
outputs/stage4/e1_supplementary_gamma_delta_ablation/e1_supp_gamma_delta_full_metrics.csv,outputs/curated/stage3_sde/legacy_or_deprecated/e1_supplementary_gamma_delta_ablation/e1_supplementary_gamma_delta_ablation/e1_supp_gamma_delta_full_metrics.csv,LEGACY_OR_DEPRECATED,metric_csv,yes,yes,yes,high,conditional-residual Stage 4 branch superseded by SDE mainline
outputs/stage4/e1_supplementary_gamma_delta_ablation/e1_supp_gamma_delta_interpretation.csv,outputs/curated/stage3_sde/legacy_or_deprecated/e1_supplementary_gamma_delta_ablation/e1_supplementary_gamma_delta_ablation/e1_supp_gamma_delta_interpretation.csv,LEGACY_OR_DEPRECATED,metric_csv,yes,yes,yes,high,conditional-residual Stage 4 branch superseded by SDE mainline
outputs/stage4/e1_supplementary_gamma_delta_ablation/e1_supp_gamma_delta_per_trajectory_metrics.csv,outputs/curated/stage3_sde/legacy_or_deprecated/e1_supplementary_gamma_delta_ablation/e1_supplementary_gamma_delta_ablation/e1_supp_gamma_delta_per_trajectory_metrics.csv,LEGACY_OR_DEPRECATED,metric_csv,yes,yes,yes,high,conditional-residual Stage 4 branch superseded by SDE mainline
outputs/stage4/e1_supplementary_gamma_delta_ablation/e1_supp_gamma_delta_summary.md,outputs/curated/stage3_sde/legacy_or_deprecated/e1_supplementary_gamma_delta_ablation/e1_supplementary_gamma_delta_ablation/e1_supp_gamma_delta_summary.md,LEGACY_OR_DEPRECATED,markdown,yes,yes,yes,high,conditional-residual Stage 4 branch superseded by SDE mainline
outputs/stage4/e1_supplementary_gamma_delta_ablation/e1_supp_gamma_delta_summary_table.csv,outputs/curated/stage3_sde/legacy_or_deprecated/e1_supplementary_gamma_delta_ablation/e1_supplementary_gamma_delta_ablation/e1_supp_gamma_delta_summary_table.csv,LEGACY_OR_DEPRECATED,metric_csv,yes,yes,yes,high,conditional-residual Stage 4 branch superseded by SDE mainline
outputs/stage4/e1_supplementary_gamma_delta_ablation/figures/case_c2_pass_residual_shutdown.png,outputs/curated/stage3_sde/legacy_or_deprecated/e1_supplementary_gamma_delta_ablation/figures/case_c2_pass_residual_shutdown.png,LEGACY_OR_DEPRECATED,figure,yes,yes,yes,high,conditional-residual Stage 4 branch superseded by SDE mainline
outputs/stage4/e1_supplementary_gamma_delta_ablation/figures/case_low_conf_residual_preserved.png,outputs/curated/stage3_sde/legacy_or_deprecated/e1_supplementary_gamma_delta_ablation/figures/case_low_conf_residual_preserved.png,LEGACY_OR_DEPRECATED,figure,yes,yes,yes,high,conditional-residual Stage 4 branch superseded by SDE mainline
outputs/stage4/e1_supplementary_gamma_delta_ablation/figures/drift_burst_high_conf_ADE_vs_gamma.png,outputs/curated/stage3_sde/legacy_or_deprecated/e1_supplementary_gamma_delta_ablation/figures/drift_burst_high_conf_ADE_vs_gamma.png,LEGACY_OR_DEPRECATED,figure,yes,yes,yes,high,conditional-residual Stage 4 branch superseded by SDE mainline
outputs/stage4/e1_supplementary_gamma_delta_ablation/figures/drift_burst_low_conf_ADE_vs_gamma.png,outputs/curated/stage3_sde/legacy_or_deprecated/e1_supplementary_gamma_delta_ablation/figures/drift_burst_low_conf_ADE_vs_gamma.png,LEGACY_OR_DEPRECATED,figure,yes,yes,yes,high,conditional-residual Stage 4 branch superseded by SDE mainline
outputs/stage4/e1_supplementary_gamma_delta_ablation/figures/noisy_reversion_gap_vs_gamma.png,outputs/curated/stage3_sde/legacy_or_deprecated/e1_supplementary_gamma_delta_ablation/figures/noisy_reversion_gap_vs_gamma.png,LEGACY_OR_DEPRECATED,figure,yes,yes,yes,high,conditional-residual Stage 4 branch superseded by SDE mainline
outputs/stage4/e1_supplementary_gamma_delta_ablation/figures/overall_ADE_vs_gamma.png,outputs/curated/stage3_sde/legacy_or_deprecated/e1_supplementary_gamma_delta_ablation/figures/overall_ADE_vs_gamma.png,LEGACY_OR_DEPRECATED,figure,yes,yes,yes,high,conditional-residual Stage 4 branch superseded by SDE mainline
outputs/stage4/e1_supplementary_gamma_delta_ablation/figures/residual_usage_ratio_vs_gamma.png,outputs/curated/stage3_sde/legacy_or_deprecated/e1_supplementary_gamma_delta_ablation/figures/residual_usage_ratio_vs_gamma.png,LEGACY_OR_DEPRECATED,figure,yes,yes,yes,high,conditional-residual Stage 4 branch superseded by SDE mainline
outputs/stage4/e2_dps_interface_audit/e2_dps_interface_audit_case_summary.csv,outputs/curated/stage3_sde/negative_diagnostic/dps/e2_dps_interface_audit/e2_dps_interface_audit/e2_dps_interface_audit_case_summary.csv,NEGATIVE_DIAGNOSTIC,metric_csv,yes,yes,yes,high,DPS audit or rejected DPS alternative
outputs/stage4/e2_dps_interface_audit/e2_dps_interface_audit_initialization_summary.json,outputs/curated/stage3_sde/negative_diagnostic/dps/e2_dps_interface_audit/e2_dps_interface_audit/e2_dps_interface_audit_initialization_summary.json,NEGATIVE_DIAGNOSTIC,json,yes,yes,yes,high,DPS audit or rejected DPS alternative
outputs/stage4/e2_dps_interface_audit/e2_dps_interface_audit_step_trace.csv,outputs/curated/stage3_sde/negative_diagnostic/dps/e2_dps_interface_audit/e2_dps_interface_audit/e2_dps_interface_audit_step_trace.csv,NEGATIVE_DIAGNOSTIC,metric_csv,yes,yes,yes,high,DPS audit or rejected DPS alternative
outputs/stage4/e2_dps_interface_audit/e2_dps_interface_audit_summary.md,outputs/curated/stage3_sde/negative_diagnostic/dps/e2_dps_interface_audit/e2_dps_interface_audit/e2_dps_interface_audit_summary.md,NEGATIVE_DIAGNOSTIC,markdown,yes,yes,yes,high,DPS audit or rejected DPS alternative
outputs/stage4/e2_dps_mean_likelihood_reaudit/e2_dps_mean_likelihood_reaudit_case_summary.csv,outputs/curated/stage3_sde/negative_diagnostic/dps/e2_dps_mean_likelihood_reaudit/e2_dps_mean_likelihood_reaudit/e2_dps_mean_likelihood_reaudit_case_summary.csv,NEGATIVE_DIAGNOSTIC,metric_csv,yes,yes,yes,high,DPS audit or rejected DPS alternative
outputs/stage4/e2_dps_mean_likelihood_reaudit/e2_dps_mean_likelihood_reaudit_summary.md,outputs/curated/stage3_sde/negative_diagnostic/dps/e2_dps_mean_likelihood_reaudit/e2_dps_mean_likelihood_reaudit/e2_dps_mean_likelihood_reaudit_summary.md,NEGATIVE_DIAGNOSTIC,markdown,yes,yes,yes,high,DPS audit or rejected DPS alternative
outputs/stage4/e2_dps_mean_likelihood_reaudit/e2_dps_mean_likelihood_reaudit_trace.csv,outputs/curated/stage3_sde/negative_diagnostic/dps/e2_dps_mean_likelihood_reaudit/e2_dps_mean_likelihood_reaudit/e2_dps_mean_likelihood_reaudit_trace.csv,NEGATIVE_DIAGNOSTIC,metric_csv,yes,yes,yes,high,DPS audit or rejected DPS alternative
outputs/stage4/e2_dps_mechanism_audit/e2_dps_mechanism_audit_case_summary.csv,outputs/curated/stage3_sde/negative_diagnostic/dps/e2_dps_mechanism_audit/e2_dps_mechanism_audit/e2_dps_mechanism_audit_case_summary.csv,NEGATIVE_DIAGNOSTIC,metric_csv,yes,yes,yes,high,DPS audit or rejected DPS alternative
outputs/stage4/e2_dps_mechanism_audit/e2_dps_mechanism_audit_figures.csv,outputs/curated/stage3_sde/negative_diagnostic/dps/e2_dps_mechanism_audit/e2_dps_mechanism_audit/e2_dps_mechanism_audit_figures.csv,NEGATIVE_DIAGNOSTIC,metric_csv,yes,yes,yes,high,DPS audit or rejected DPS alternative
outputs/stage4/e2_dps_mechanism_audit/e2_dps_mechanism_audit_step_trace.csv,outputs/curated/stage3_sde/negative_diagnostic/dps/e2_dps_mechanism_audit/e2_dps_mechanism_audit/e2_dps_mechanism_audit_step_trace.csv,NEGATIVE_DIAGNOSTIC,metric_csv,yes,yes,yes,high,DPS audit or rejected DPS alternative
outputs/stage4/e2_dps_mechanism_audit/e2_dps_mechanism_audit_summary.md,outputs/curated/stage3_sde/negative_diagnostic/dps/e2_dps_mechanism_audit/e2_dps_mechanism_audit/e2_dps_mechanism_audit_summary.md,NEGATIVE_DIAGNOSTIC,markdown,yes,yes,yes,high,DPS audit or rejected DPS alternative
outputs/stage4/e2_dps_mechanism_audit/figures/burst_medium_traj0_mechanism_trace.png,outputs/curated/stage3_sde/negative_diagnostic/dps/e2_dps_mechanism_audit/figures/burst_medium_traj0_mechanism_trace.png,NEGATIVE_DIAGNOSTIC,figure,yes,yes,yes,high,DPS audit or rejected DPS alternative
outputs/stage4/e2_dps_mechanism_audit/figures/drift_medium_traj0_mechanism_trace.png,outputs/curated/stage3_sde/negative_diagnostic/dps/e2_dps_mechanism_audit/figures/drift_medium_traj0_mechanism_trace.png,NEGATIVE_DIAGNOSTIC,figure,yes,yes,yes,high,DPS audit or rejected DPS alternative
outputs/stage4/e2_dps_mechanism_audit/figures/gaussian_medium_traj0_mechanism_trace.png,outputs/curated/stage3_sde/negative_diagnostic/dps/e2_dps_mechanism_audit/figures/gaussian_medium_traj0_mechanism_trace.png,NEGATIVE_DIAGNOSTIC,figure,yes,yes,yes,high,DPS audit or rejected DPS alternative
outputs/stage4/e2_dps_nan_diagnosis/e2_dps_nan_case_summary.csv,outputs/curated/stage3_sde/negative_diagnostic/dps/e2_dps_nan_diagnosis/e2_dps_nan_diagnosis/e2_dps_nan_case_summary.csv,NEGATIVE_DIAGNOSTIC,metric_csv,yes,yes,yes,high,DPS audit or rejected DPS alternative
outputs/stage4/e2_dps_nan_diagnosis/e2_dps_nan_diagnosis_figures.csv,outputs/curated/stage3_sde/negative_diagnostic/dps/e2_dps_nan_diagnosis/e2_dps_nan_diagnosis/e2_dps_nan_diagnosis_figures.csv,NEGATIVE_DIAGNOSTIC,metric_csv,yes,yes,yes,high,DPS audit or rejected DPS alternative
outputs/stage4/e2_dps_nan_diagnosis/e2_dps_nan_diagnosis_summary.md,outputs/curated/stage3_sde/negative_diagnostic/dps/e2_dps_nan_diagnosis/e2_dps_nan_diagnosis/e2_dps_nan_diagnosis_summary.md,NEGATIVE_DIAGNOSTIC,markdown,yes,yes,yes,high,DPS audit or rejected DPS alternative
outputs/stage4/e2_dps_nan_diagnosis/e2_dps_nan_trace.csv,outputs/curated/stage3_sde/negative_diagnostic/dps/e2_dps_nan_diagnosis/e2_dps_nan_diagnosis/e2_dps_nan_trace.csv,NEGATIVE_DIAGNOSTIC,metric_csv,yes,yes,yes,high,DPS audit or rejected DPS alternative
outputs/stage4/e2_dps_nan_diagnosis/figures/bias_medium_traj0_zeta0p3_trace.png,outputs/curated/stage3_sde/negative_diagnostic/dps/e2_dps_nan_diagnosis/figures/bias_medium_traj0_zeta0p3_trace.png,NEGATIVE_DIAGNOSTIC,figure,yes,yes,yes,high,DPS audit or rejected DPS alternative
outputs/stage4/e2_dps_nan_diagnosis/figures/burst_medium_traj0_zeta0p3_trace.png,outputs/curated/stage3_sde/negative_diagnostic/dps/e2_dps_nan_diagnosis/figures/burst_medium_traj0_zeta0p3_trace.png,NEGATIVE_DIAGNOSTIC,figure,yes,yes,yes,high,DPS audit or rejected DPS alternative
outputs/stage4/e2_dps_nan_diagnosis/figures/drift_medium_traj0_zeta0p3_trace.png,outputs/curated/stage3_sde/negative_diagnostic/dps/e2_dps_nan_diagnosis/figures/drift_medium_traj0_zeta0p3_trace.png,NEGATIVE_DIAGNOSTIC,figure,yes,yes,yes,high,DPS audit or rejected DPS alternative
outputs/stage4/e2_dps_nan_diagnosis/figures/gaussian_medium_traj0_zeta0p3_trace.png,outputs/curated/stage3_sde/negative_diagnostic/dps/e2_dps_nan_diagnosis/figures/gaussian_medium_traj0_zeta0p3_trace.png,NEGATIVE_DIAGNOSTIC,figure,yes,yes,yes,high,DPS audit or rejected DPS alternative
outputs/stage4/e2_dps_norm_guidance_reaudit/e2_dps_norm_guidance_reaudit_case_summary.csv,outputs/curated/stage3_sde/negative_diagnostic/dps/e2_dps_norm_guidance_reaudit/e2_dps_norm_guidance_reaudit/e2_dps_norm_guidance_reaudit_case_summary.csv,NEGATIVE_DIAGNOSTIC,metric_csv,yes,yes,yes,high,DPS audit or rejected DPS alternative
outputs/stage4/e2_dps_norm_guidance_reaudit/e2_dps_norm_guidance_reaudit_summary.md,outputs/curated/stage3_sde/negative_diagnostic/dps/e2_dps_norm_guidance_reaudit/e2_dps_norm_guidance_reaudit/e2_dps_norm_guidance_reaudit_summary.md,NEGATIVE_DIAGNOSTIC,markdown,yes,yes,yes,high,DPS audit or rejected DPS alternative
outputs/stage4/e2_dps_norm_guidance_reaudit/e2_dps_norm_guidance_reaudit_trace.csv,outputs/curated/stage3_sde/negative_diagnostic/dps/e2_dps_norm_guidance_reaudit/e2_dps_norm_guidance_reaudit/e2_dps_norm_guidance_reaudit_trace.csv,NEGATIVE_DIAGNOSTIC,metric_csv,yes,yes,yes,high,DPS audit or rejected DPS alternative
outputs/stage4/e2_dps_pilot/e2_dps_pilot_audit_failed.md,outputs/curated/stage3_sde/negative_diagnostic/dps/e2_dps_pilot/e2_dps_pilot/e2_dps_pilot_audit_failed.md,NEGATIVE_DIAGNOSTIC,markdown,yes,yes,yes,high,DPS audit or rejected DPS alternative
outputs/stage4/e2_dps_pilot/e2_dps_pilot_audit_summary.md,outputs/curated/stage3_sde/negative_diagnostic/dps/e2_dps_pilot/e2_dps_pilot/e2_dps_pilot_audit_summary.md,NEGATIVE_DIAGNOSTIC,markdown,yes,yes,yes,high,DPS audit or rejected DPS alternative
outputs/stage4/e2_dps_pilot/e2_dps_pilot_confidence_bin_metrics.csv,outputs/curated/stage3_sde/negative_diagnostic/dps/e2_dps_pilot/e2_dps_pilot/e2_dps_pilot_confidence_bin_metrics.csv,NEGATIVE_DIAGNOSTIC,metric_csv,yes,yes,yes,high,DPS audit or rejected DPS alternative
outputs/stage4/e2_dps_pilot/e2_dps_pilot_diagnostics.csv,outputs/curated/stage3_sde/negative_diagnostic/dps/e2_dps_pilot/e2_dps_pilot/e2_dps_pilot_diagnostics.csv,NEGATIVE_DIAGNOSTIC,metric_csv,yes,yes,yes,high,DPS audit or rejected DPS alternative
outputs/stage4/e2_dps_pilot/e2_dps_pilot_figures.csv,outputs/curated/stage3_sde/negative_diagnostic/dps/e2_dps_pilot/e2_dps_pilot/e2_dps_pilot_figures.csv,NEGATIVE_DIAGNOSTIC,metric_csv,yes,yes,yes,high,DPS audit or rejected DPS alternative
outputs/stage4/e2_dps_pilot/e2_dps_pilot_full_metrics.csv,outputs/curated/stage3_sde/negative_diagnostic/dps/e2_dps_pilot/e2_dps_pilot/e2_dps_pilot_full_metrics.csv,NEGATIVE_DIAGNOSTIC,metric_csv,yes,yes,yes,high,DPS audit or rejected DPS alternative
outputs/stage4/e2_dps_pilot/e2_dps_pilot_pass_fail_summary.csv,outputs/curated/stage3_sde/negative_diagnostic/dps/e2_dps_pilot/e2_dps_pilot/e2_dps_pilot_pass_fail_summary.csv,NEGATIVE_DIAGNOSTIC,metric_csv,yes,yes,yes,high,DPS audit or rejected DPS alternative
outputs/stage4/e2_dps_pilot/e2_dps_pilot_per_trajectory_metrics.csv,outputs/curated/stage3_sde/negative_diagnostic/dps/e2_dps_pilot/e2_dps_pilot/e2_dps_pilot_per_trajectory_metrics.csv,NEGATIVE_DIAGNOSTIC,metric_csv,yes,yes,yes,high,DPS audit or rejected DPS alternative
outputs/stage4/e2_dps_pilot/e2_dps_pilot_sampling_diagnostics.csv,outputs/curated/stage3_sde/negative_diagnostic/dps/e2_dps_pilot/e2_dps_pilot/e2_dps_pilot_sampling_diagnostics.csv,NEGATIVE_DIAGNOSTIC,metric_csv,yes,yes,yes,high,DPS audit or rejected DPS alternative
outputs/stage4/e2_dps_pilot/e2_dps_pilot_summary.md,outputs/curated/stage3_sde/negative_diagnostic/dps/e2_dps_pilot/e2_dps_pilot/e2_dps_pilot_summary.md,NEGATIVE_DIAGNOSTIC,markdown,yes,yes,yes,high,DPS audit or rejected DPS alternative
outputs/stage4/e2_dps_pilot/figures/bias_negative_control_bias_medium_traj11.png,outputs/curated/stage3_sde/negative_diagnostic/dps/e2_dps_pilot/figures/bias_negative_control_bias_medium_traj11.png,NEGATIVE_DIAGNOSTIC,figure,yes,yes,yes,high,DPS audit or rejected DPS alternative
outputs/stage4/e2_dps_pilot/figures/burst_burst_medium_traj9.png,outputs/curated/stage3_sde/negative_diagnostic/dps/e2_dps_pilot/figures/burst_burst_medium_traj9.png,NEGATIVE_DIAGNOSTIC,figure,yes,yes,yes,high,DPS audit or rejected DPS alternative
outputs/stage4/e2_dps_pilot/figures/drift_drift_medium_traj9.png,outputs/curated/stage3_sde/negative_diagnostic/dps/e2_dps_pilot/figures/drift_drift_medium_traj9.png,NEGATIVE_DIAGNOSTIC,figure,yes,yes,yes,high,DPS audit or rejected DPS alternative
outputs/stage4/e2_dps_pilot/figures/jump_diagnostic_jump_medium_traj14.png,outputs/curated/stage3_sde/negative_diagnostic/dps/e2_dps_pilot/figures/jump_diagnostic_jump_medium_traj14.png,NEGATIVE_DIAGNOSTIC,figure,yes,yes,yes,high,DPS audit or rejected DPS alternative
outputs/stage4/e2_min_absolute_posterior_anchoring/e2_min_condition_level_diagnostics.csv,outputs/curated/stage3_sde/negative_diagnostic/e2_min/e2_min_absolute_posterior_anchoring/e2_min_absolute_posterior_anchoring/e2_min_condition_level_diagnostics.csv,NEGATIVE_DIAGNOSTIC,metric_csv,yes,yes,yes,high,E2-Min deterministic posterior anchoring diagnostic
outputs/stage4/e2_min_absolute_posterior_anchoring/e2_min_condition_level_diagnostics.md,outputs/curated/stage3_sde/negative_diagnostic/e2_min/e2_min_absolute_posterior_anchoring/e2_min_absolute_posterior_anchoring/e2_min_condition_level_diagnostics.md,NEGATIVE_DIAGNOSTIC,markdown,yes,yes,yes,high,E2-Min deterministic posterior anchoring diagnostic
outputs/stage4/e2_min_absolute_posterior_anchoring/e2_min_confidence_bin_metrics.csv,outputs/curated/stage3_sde/negative_diagnostic/e2_min/e2_min_absolute_posterior_anchoring/e2_min_absolute_posterior_anchoring/e2_min_confidence_bin_metrics.csv,NEGATIVE_DIAGNOSTIC,metric_csv,yes,yes,yes,high,E2-Min deterministic posterior anchoring diagnostic
outputs/stage4/e2_min_absolute_posterior_anchoring/e2_min_diagnostics.csv,outputs/curated/stage3_sde/negative_diagnostic/e2_min/e2_min_absolute_posterior_anchoring/e2_min_absolute_posterior_anchoring/e2_min_diagnostics.csv,NEGATIVE_DIAGNOSTIC,metric_csv,yes,yes,yes,high,E2-Min deterministic posterior anchoring diagnostic
outputs/stage4/e2_min_absolute_posterior_anchoring/e2_min_figures.csv,outputs/curated/stage3_sde/negative_diagnostic/e2_min/e2_min_absolute_posterior_anchoring/e2_min_absolute_posterior_anchoring/e2_min_figures.csv,NEGATIVE_DIAGNOSTIC,metric_csv,yes,yes,yes,high,E2-Min deterministic posterior anchoring diagnostic
outputs/stage4/e2_min_absolute_posterior_anchoring/e2_min_full_metrics.csv,outputs/curated/stage3_sde/negative_diagnostic/e2_min/e2_min_absolute_posterior_anchoring/e2_min_absolute_posterior_anchoring/e2_min_full_metrics.csv,NEGATIVE_DIAGNOSTIC,metric_csv,yes,yes,yes,high,E2-Min deterministic posterior anchoring diagnostic
outputs/stage4/e2_min_absolute_posterior_anchoring/e2_min_layered_pass_fail_summary.csv,outputs/curated/stage3_sde/negative_diagnostic/e2_min/e2_min_absolute_posterior_anchoring/e2_min_absolute_posterior_anchoring/e2_min_layered_pass_fail_summary.csv,NEGATIVE_DIAGNOSTIC,metric_csv,yes,yes,yes,high,E2-Min deterministic posterior anchoring diagnostic
outputs/stage4/e2_min_absolute_posterior_anchoring/e2_min_optimized_trajectories.npz,outputs/curated/stage3_sde/negative_diagnostic/e2_min/e2_min_absolute_posterior_anchoring/e2_min_absolute_posterior_anchoring/e2_min_optimized_trajectories.npz,NEGATIVE_DIAGNOSTIC,array,yes,yes,yes,high,E2-Min deterministic posterior anchoring diagnostic
outputs/stage4/e2_min_absolute_posterior_anchoring/e2_min_parameter_sweep.csv,outputs/curated/stage3_sde/negative_diagnostic/e2_min/e2_min_absolute_posterior_anchoring/e2_min_absolute_posterior_anchoring/e2_min_parameter_sweep.csv,NEGATIVE_DIAGNOSTIC,metric_csv,yes,yes,yes,high,E2-Min deterministic posterior anchoring diagnostic
outputs/stage4/e2_min_absolute_posterior_anchoring/e2_min_pass_fail_summary.csv,outputs/curated/stage3_sde/negative_diagnostic/e2_min/e2_min_absolute_posterior_anchoring/e2_min_absolute_posterior_anchoring/e2_min_pass_fail_summary.csv,NEGATIVE_DIAGNOSTIC,metric_csv,yes,yes,yes,high,E2-Min deterministic posterior anchoring diagnostic
outputs/stage4/e2_min_absolute_posterior_anchoring/e2_min_per_trajectory_metrics.csv,outputs/curated/stage3_sde/negative_diagnostic/e2_min/e2_min_absolute_posterior_anchoring/e2_min_absolute_posterior_anchoring/e2_min_per_trajectory_metrics.csv,NEGATIVE_DIAGNOSTIC,metric_csv,yes,yes,yes,high,E2-Min deterministic posterior anchoring diagnostic
outputs/stage4/e2_min_absolute_posterior_anchoring/e2_min_summary.md,outputs/curated/stage3_sde/negative_diagnostic/e2_min/e2_min_absolute_posterior_anchoring/e2_min_absolute_posterior_anchoring/e2_min_summary.md,NEGATIVE_DIAGNOSTIC,markdown,yes,yes,yes,high,E2-Min deterministic posterior anchoring diagnostic
outputs/stage4/e2_min_absolute_posterior_anchoring/figures/bias_absolute_offset_bias_medium_traj83.png,outputs/curated/stage3_sde/negative_diagnostic/e2_min/e2_min_absolute_posterior_anchoring/figures/bias_absolute_offset_bias_medium_traj83.png,NEGATIVE_DIAGNOSTIC,figure,yes,yes,yes,high,E2-Min deterministic posterior anchoring diagnostic
outputs/stage4/e2_min_absolute_posterior_anchoring/figures/burst_boundary_failure_burst_medium_traj107.png,outputs/curated/stage3_sde/negative_diagnostic/e2_min/e2_min_absolute_posterior_anchoring/figures/burst_boundary_failure_burst_medium_traj107.png,NEGATIVE_DIAGNOSTIC,figure,yes,yes,yes,high,E2-Min deterministic posterior anchoring diagnostic
outputs/stage4/e2_min_absolute_posterior_anchoring/figures/combined_degradation_combined_medium_traj36.png,outputs/curated/stage3_sde/negative_diagnostic/e2_min/e2_min_absolute_posterior_anchoring/figures/combined_degradation_combined_medium_traj36.png,NEGATIVE_DIAGNOSTIC,figure,yes,yes,yes,high,E2-Min deterministic posterior anchoring diagnostic
outputs/stage4/e2_min_absolute_posterior_anchoring/figures/drift_high_confidence_e1_failure_drift_medium_traj183.png,outputs/curated/stage3_sde/negative_diagnostic/e2_min/e2_min_absolute_posterior_anchoring/figures/drift_high_confidence_e1_failure_drift_medium_traj183.png,NEGATIVE_DIAGNOSTIC,figure,yes,yes,yes,high,E2-Min deterministic posterior anchoring diagnostic
outputs/stage4/e2_min_absolute_posterior_anchoring/figures/failure_or_ambiguous_jump_medium_traj2.png,outputs/curated/stage3_sde/negative_diagnostic/e2_min/e2_min_absolute_posterior_anchoring/figures/failure_or_ambiguous_jump_medium_traj2.png,NEGATIVE_DIAGNOSTIC,figure,yes,yes,yes,high,E2-Min deterministic posterior anchoring diagnostic
outputs/stage4/e2_min_absolute_posterior_anchoring/figures/low_confidence_preservation_burst_medium_traj165.png,outputs/curated/stage3_sde/negative_diagnostic/e2_min/e2_min_absolute_posterior_anchoring/figures/low_confidence_preservation_burst_medium_traj165.png,NEGATIVE_DIAGNOSTIC,figure,yes,yes,yes,high,E2-Min deterministic posterior anchoring diagnostic
outputs/stage4/e2_prior_signal_sanity_bias/bias_prior_signal_figures.csv,outputs/curated/stage3_sde/negative_diagnostic/bias_sanity/e2_prior_signal_sanity_bias/e2_prior_signal_sanity_bias/bias_prior_signal_figures.csv,NEGATIVE_DIAGNOSTIC,metric_csv,yes,yes,yes,high,bias prior-signal sanity diagnostic
outputs/stage4/e2_prior_signal_sanity_bias/bias_prior_signal_metrics.csv,outputs/curated/stage3_sde/negative_diagnostic/bias_sanity/e2_prior_signal_sanity_bias/e2_prior_signal_sanity_bias/bias_prior_signal_metrics.csv,NEGATIVE_DIAGNOSTIC,metric_csv,yes,yes,yes,high,bias prior-signal sanity diagnostic
outputs/stage4/e2_prior_signal_sanity_bias/bias_prior_signal_per_trajectory.csv,outputs/curated/stage3_sde/negative_diagnostic/bias_sanity/e2_prior_signal_sanity_bias/e2_prior_signal_sanity_bias/bias_prior_signal_per_trajectory.csv,NEGATIVE_DIAGNOSTIC,metric_csv,yes,yes,yes,high,bias prior-signal sanity diagnostic
outputs/stage4/e2_prior_signal_sanity_bias/bias_prior_signal_summary.md,outputs/curated/stage3_sde/negative_diagnostic/bias_sanity/e2_prior_signal_sanity_bias/e2_prior_signal_sanity_bias/bias_prior_signal_summary.md,NEGATIVE_DIAGNOSTIC,markdown,yes,yes,yes,high,bias prior-signal sanity diagnostic
outputs/stage4/e2_prior_signal_sanity_bias/figures/best_ADE_improvement_traj123.png,outputs/curated/stage3_sde/negative_diagnostic/bias_sanity/e2_prior_signal_sanity_bias/figures/best_ADE_improvement_traj123.png,NEGATIVE_DIAGNOSTIC,figure,yes,yes,yes,high,bias prior-signal sanity diagnostic
outputs/stage4/e2_prior_signal_sanity_bias/figures/highest_global_alignment_traj7.png,outputs/curated/stage3_sde/negative_diagnostic/bias_sanity/e2_prior_signal_sanity_bias/figures/highest_global_alignment_traj7.png,NEGATIVE_DIAGNOSTIC,figure,yes,yes,yes,high,bias prior-signal sanity diagnostic
outputs/stage4/e2_prior_signal_sanity_bias/figures/median_global_alignment_traj62.png,outputs/curated/stage3_sde/negative_diagnostic/bias_sanity/e2_prior_signal_sanity_bias/figures/median_global_alignment_traj62.png,NEGATIVE_DIAGNOSTIC,figure,yes,yes,yes,high,bias prior-signal sanity diagnostic
outputs/stage4/e2_prior_signal_sanity_bias/figures/worst_offset_regression_traj154.png,outputs/curated/stage3_sde/negative_diagnostic/bias_sanity/e2_prior_signal_sanity_bias/figures/worst_offset_regression_traj154.png,NEGATIVE_DIAGNOSTIC,figure,yes,yes,yes,high,bias prior-signal sanity diagnostic
outputs/stage4/e3_dps_calibrated_phaseA/arrays/bias_medium_clean.npy,outputs/curated/stage3_sde/negative_diagnostic/dps/e3_dps_calibrated_phaseA/arrays/bias_medium_clean.npy,NEGATIVE_DIAGNOSTIC,array,yes,yes,yes,high,DPS audit or rejected DPS alternative
outputs/stage4/e3_dps_calibrated_phaseA/arrays/bias_medium_confidence.npy,outputs/curated/stage3_sde/negative_diagnostic/dps/e3_dps_calibrated_phaseA/arrays/bias_medium_confidence.npy,NEGATIVE_DIAGNOSTIC,array,yes,yes,yes,high,DPS audit or rejected DPS alternative
outputs/stage4/e3_dps_calibrated_phaseA/arrays/bias_medium_degraded.npy,outputs/curated/stage3_sde/negative_diagnostic/dps/e3_dps_calibrated_phaseA/arrays/bias_medium_degraded.npy,NEGATIVE_DIAGNOSTIC,array,yes,yes,yes,high,DPS audit or rejected DPS alternative
outputs/stage4/e3_dps_calibrated_phaseA/arrays/bias_medium_dps_zeta_0.0001.npy,outputs/curated/stage3_sde/negative_diagnostic/dps/e3_dps_calibrated_phaseA/arrays/bias_medium_dps_zeta_0.0001.npy,NEGATIVE_DIAGNOSTIC,array,yes,yes,yes,high,DPS audit or rejected DPS alternative
outputs/stage4/e3_dps_calibrated_phaseA/arrays/bias_medium_dps_zeta_0.0003.npy,outputs/curated/stage3_sde/negative_diagnostic/dps/e3_dps_calibrated_phaseA/arrays/bias_medium_dps_zeta_0.0003.npy,NEGATIVE_DIAGNOSTIC,array,yes,yes,yes,high,DPS audit or rejected DPS alternative
outputs/stage4/e3_dps_calibrated_phaseA/arrays/bias_medium_dps_zeta_0.001.npy,outputs/curated/stage3_sde/negative_diagnostic/dps/e3_dps_calibrated_phaseA/arrays/bias_medium_dps_zeta_0.001.npy,NEGATIVE_DIAGNOSTIC,array,yes,yes,yes,high,DPS audit or rejected DPS alternative
outputs/stage4/e3_dps_calibrated_phaseA/arrays/bias_medium_dps_zeta_1e-05.npy,outputs/curated/stage3_sde/negative_diagnostic/dps/e3_dps_calibrated_phaseA/arrays/bias_medium_dps_zeta_1e-05.npy,NEGATIVE_DIAGNOSTIC,array,yes,yes,yes,high,DPS audit or rejected DPS alternative
outputs/stage4/e3_dps_calibrated_phaseA/arrays/bias_medium_dps_zeta_3e-05.npy,outputs/curated/stage3_sde/negative_diagnostic/dps/e3_dps_calibrated_phaseA/arrays/bias_medium_dps_zeta_3e-05.npy,NEGATIVE_DIAGNOSTIC,array,yes,yes,yes,high,DPS audit or rejected DPS alternative
outputs/stage4/e3_dps_calibrated_phaseA/arrays/bias_medium_fused_t1_tau07_gamma2.npy,outputs/curated/stage3_sde/negative_diagnostic/dps/e3_dps_calibrated_phaseA/arrays/bias_medium_fused_t1_tau07_gamma2.npy,NEGATIVE_DIAGNOSTIC,array,yes,yes,yes,high,DPS audit or rejected DPS alternative
outputs/stage4/e3_dps_calibrated_phaseA/arrays/bias_medium_sdedit_t1.npy,outputs/curated/stage3_sde/negative_diagnostic/dps/e3_dps_calibrated_phaseA/arrays/bias_medium_sdedit_t1.npy,NEGATIVE_DIAGNOSTIC,array,yes,yes,yes,high,DPS audit or rejected DPS alternative
outputs/stage4/e3_dps_calibrated_phaseA/arrays/burst_medium_clean.npy,outputs/curated/stage3_sde/negative_diagnostic/dps/e3_dps_calibrated_phaseA/arrays/burst_medium_clean.npy,NEGATIVE_DIAGNOSTIC,array,yes,yes,yes,high,DPS audit or rejected DPS alternative
outputs/stage4/e3_dps_calibrated_phaseA/arrays/burst_medium_confidence.npy,outputs/curated/stage3_sde/negative_diagnostic/dps/e3_dps_calibrated_phaseA/arrays/burst_medium_confidence.npy,NEGATIVE_DIAGNOSTIC,array,yes,yes,yes,high,DPS audit or rejected DPS alternative
outputs/stage4/e3_dps_calibrated_phaseA/arrays/burst_medium_degraded.npy,outputs/curated/stage3_sde/negative_diagnostic/dps/e3_dps_calibrated_phaseA/arrays/burst_medium_degraded.npy,NEGATIVE_DIAGNOSTIC,array,yes,yes,yes,high,DPS audit or rejected DPS alternative
outputs/stage4/e3_dps_calibrated_phaseA/arrays/burst_medium_dps_zeta_0.0001.npy,outputs/curated/stage3_sde/negative_diagnostic/dps/e3_dps_calibrated_phaseA/arrays/burst_medium_dps_zeta_0.0001.npy,NEGATIVE_DIAGNOSTIC,array,yes,yes,yes,high,DPS audit or rejected DPS alternative
outputs/stage4/e3_dps_calibrated_phaseA/arrays/burst_medium_dps_zeta_0.0003.npy,outputs/curated/stage3_sde/negative_diagnostic/dps/e3_dps_calibrated_phaseA/arrays/burst_medium_dps_zeta_0.0003.npy,NEGATIVE_DIAGNOSTIC,array,yes,yes,yes,high,DPS audit or rejected DPS alternative
outputs/stage4/e3_dps_calibrated_phaseA/arrays/burst_medium_dps_zeta_0.001.npy,outputs/curated/stage3_sde/negative_diagnostic/dps/e3_dps_calibrated_phaseA/arrays/burst_medium_dps_zeta_0.001.npy,NEGATIVE_DIAGNOSTIC,array,yes,yes,yes,high,DPS audit or rejected DPS alternative
outputs/stage4/e3_dps_calibrated_phaseA/arrays/burst_medium_dps_zeta_1e-05.npy,outputs/curated/stage3_sde/negative_diagnostic/dps/e3_dps_calibrated_phaseA/arrays/burst_medium_dps_zeta_1e-05.npy,NEGATIVE_DIAGNOSTIC,array,yes,yes,yes,high,DPS audit or rejected DPS alternative
outputs/stage4/e3_dps_calibrated_phaseA/arrays/burst_medium_dps_zeta_3e-05.npy,outputs/curated/stage3_sde/negative_diagnostic/dps/e3_dps_calibrated_phaseA/arrays/burst_medium_dps_zeta_3e-05.npy,NEGATIVE_DIAGNOSTIC,array,yes,yes,yes,high,DPS audit or rejected DPS alternative
outputs/stage4/e3_dps_calibrated_phaseA/arrays/burst_medium_fused_t1_tau07_gamma2.npy,outputs/curated/stage3_sde/negative_diagnostic/dps/e3_dps_calibrated_phaseA/arrays/burst_medium_fused_t1_tau07_gamma2.npy,NEGATIVE_DIAGNOSTIC,array,yes,yes,yes,high,DPS audit or rejected DPS alternative
outputs/stage4/e3_dps_calibrated_phaseA/arrays/burst_medium_sdedit_t1.npy,outputs/curated/stage3_sde/negative_diagnostic/dps/e3_dps_calibrated_phaseA/arrays/burst_medium_sdedit_t1.npy,NEGATIVE_DIAGNOSTIC,array,yes,yes,yes,high,DPS audit or rejected DPS alternative
outputs/stage4/e3_dps_calibrated_phaseA/arrays/combined_medium_clean.npy,outputs/curated/stage3_sde/negative_diagnostic/dps/e3_dps_calibrated_phaseA/arrays/combined_medium_clean.npy,NEGATIVE_DIAGNOSTIC,array,yes,yes,yes,high,DPS audit or rejected DPS alternative
outputs/stage4/e3_dps_calibrated_phaseA/arrays/combined_medium_confidence.npy,outputs/curated/stage3_sde/negative_diagnostic/dps/e3_dps_calibrated_phaseA/arrays/combined_medium_confidence.npy,NEGATIVE_DIAGNOSTIC,array,yes,yes,yes,high,DPS audit or rejected DPS alternative
outputs/stage4/e3_dps_calibrated_phaseA/arrays/combined_medium_degraded.npy,outputs/curated/stage3_sde/negative_diagnostic/dps/e3_dps_calibrated_phaseA/arrays/combined_medium_degraded.npy,NEGATIVE_DIAGNOSTIC,array,yes,yes,yes,high,DPS audit or rejected DPS alternative
outputs/stage4/e3_dps_calibrated_phaseA/arrays/combined_medium_dps_zeta_0.0001.npy,outputs/curated/stage3_sde/negative_diagnostic/dps/e3_dps_calibrated_phaseA/arrays/combined_medium_dps_zeta_0.0001.npy,NEGATIVE_DIAGNOSTIC,array,yes,yes,yes,high,DPS audit or rejected DPS alternative
outputs/stage4/e3_dps_calibrated_phaseA/arrays/combined_medium_dps_zeta_0.0003.npy,outputs/curated/stage3_sde/negative_diagnostic/dps/e3_dps_calibrated_phaseA/arrays/combined_medium_dps_zeta_0.0003.npy,NEGATIVE_DIAGNOSTIC,array,yes,yes,yes,high,DPS audit or rejected DPS alternative
outputs/stage4/e3_dps_calibrated_phaseA/arrays/combined_medium_dps_zeta_0.001.npy,outputs/curated/stage3_sde/negative_diagnostic/dps/e3_dps_calibrated_phaseA/arrays/combined_medium_dps_zeta_0.001.npy,NEGATIVE_DIAGNOSTIC,array,yes,yes,yes,high,DPS audit or rejected DPS alternative
outputs/stage4/e3_dps_calibrated_phaseA/arrays/combined_medium_dps_zeta_1e-05.npy,outputs/curated/stage3_sde/negative_diagnostic/dps/e3_dps_calibrated_phaseA/arrays/combined_medium_dps_zeta_1e-05.npy,NEGATIVE_DIAGNOSTIC,array,yes,yes,yes,high,DPS audit or rejected DPS alternative
outputs/stage4/e3_dps_calibrated_phaseA/arrays/combined_medium_dps_zeta_3e-05.npy,outputs/curated/stage3_sde/negative_diagnostic/dps/e3_dps_calibrated_phaseA/arrays/combined_medium_dps_zeta_3e-05.npy,NEGATIVE_DIAGNOSTIC,array,yes,yes,yes,high,DPS audit or rejected DPS alternative
outputs/stage4/e3_dps_calibrated_phaseA/arrays/combined_medium_fused_t1_tau07_gamma2.npy,outputs/curated/stage3_sde/negative_diagnostic/dps/e3_dps_calibrated_phaseA/arrays/combined_medium_fused_t1_tau07_gamma2.npy,NEGATIVE_DIAGNOSTIC,array,yes,yes,yes,high,DPS audit or rejected DPS alternative
outputs/stage4/e3_dps_calibrated_phaseA/arrays/combined_medium_sdedit_t1.npy,outputs/curated/stage3_sde/negative_diagnostic/dps/e3_dps_calibrated_phaseA/arrays/combined_medium_sdedit_t1.npy,NEGATIVE_DIAGNOSTIC,array,yes,yes,yes,high,DPS audit or rejected DPS alternative
outputs/stage4/e3_dps_calibrated_phaseA/arrays/drift_medium_clean.npy,outputs/curated/stage3_sde/negative_diagnostic/dps/e3_dps_calibrated_phaseA/arrays/drift_medium_clean.npy,NEGATIVE_DIAGNOSTIC,array,yes,yes,yes,high,DPS audit or rejected DPS alternative
outputs/stage4/e3_dps_calibrated_phaseA/arrays/drift_medium_confidence.npy,outputs/curated/stage3_sde/negative_diagnostic/dps/e3_dps_calibrated_phaseA/arrays/drift_medium_confidence.npy,NEGATIVE_DIAGNOSTIC,array,yes,yes,yes,high,DPS audit or rejected DPS alternative
outputs/stage4/e3_dps_calibrated_phaseA/arrays/drift_medium_degraded.npy,outputs/curated/stage3_sde/negative_diagnostic/dps/e3_dps_calibrated_phaseA/arrays/drift_medium_degraded.npy,NEGATIVE_DIAGNOSTIC,array,yes,yes,yes,high,DPS audit or rejected DPS alternative
outputs/stage4/e3_dps_calibrated_phaseA/arrays/drift_medium_dps_zeta_0.0001.npy,outputs/curated/stage3_sde/negative_diagnostic/dps/e3_dps_calibrated_phaseA/arrays/drift_medium_dps_zeta_0.0001.npy,NEGATIVE_DIAGNOSTIC,array,yes,yes,yes,high,DPS audit or rejected DPS alternative
outputs/stage4/e3_dps_calibrated_phaseA/arrays/drift_medium_dps_zeta_0.0003.npy,outputs/curated/stage3_sde/negative_diagnostic/dps/e3_dps_calibrated_phaseA/arrays/drift_medium_dps_zeta_0.0003.npy,NEGATIVE_DIAGNOSTIC,array,yes,yes,yes,high,DPS audit or rejected DPS alternative
outputs/stage4/e3_dps_calibrated_phaseA/arrays/drift_medium_dps_zeta_0.001.npy,outputs/curated/stage3_sde/negative_diagnostic/dps/e3_dps_calibrated_phaseA/arrays/drift_medium_dps_zeta_0.001.npy,NEGATIVE_DIAGNOSTIC,array,yes,yes,yes,high,DPS audit or rejected DPS alternative
outputs/stage4/e3_dps_calibrated_phaseA/arrays/drift_medium_dps_zeta_1e-05.npy,outputs/curated/stage3_sde/negative_diagnostic/dps/e3_dps_calibrated_phaseA/arrays/drift_medium_dps_zeta_1e-05.npy,NEGATIVE_DIAGNOSTIC,array,yes,yes,yes,high,DPS audit or rejected DPS alternative
outputs/stage4/e3_dps_calibrated_phaseA/arrays/drift_medium_dps_zeta_3e-05.npy,outputs/curated/stage3_sde/negative_diagnostic/dps/e3_dps_calibrated_phaseA/arrays/drift_medium_dps_zeta_3e-05.npy,NEGATIVE_DIAGNOSTIC,array,yes,yes,yes,high,DPS audit or rejected DPS alternative
outputs/stage4/e3_dps_calibrated_phaseA/arrays/drift_medium_fused_t1_tau07_gamma2.npy,outputs/curated/stage3_sde/negative_diagnostic/dps/e3_dps_calibrated_phaseA/arrays/drift_medium_fused_t1_tau07_gamma2.npy,NEGATIVE_DIAGNOSTIC,array,yes,yes,yes,high,DPS audit or rejected DPS alternative
outputs/stage4/e3_dps_calibrated_phaseA/arrays/drift_medium_sdedit_t1.npy,outputs/curated/stage3_sde/negative_diagnostic/dps/e3_dps_calibrated_phaseA/arrays/drift_medium_sdedit_t1.npy,NEGATIVE_DIAGNOSTIC,array,yes,yes,yes,high,DPS audit or rejected DPS alternative
outputs/stage4/e3_dps_calibrated_phaseA/arrays/gaussian_medium_clean.npy,outputs/curated/stage3_sde/negative_diagnostic/dps/e3_dps_calibrated_phaseA/arrays/gaussian_medium_clean.npy,NEGATIVE_DIAGNOSTIC,array,yes,yes,yes,high,DPS audit or rejected DPS alternative
outputs/stage4/e3_dps_calibrated_phaseA/arrays/gaussian_medium_confidence.npy,outputs/curated/stage3_sde/negative_diagnostic/dps/e3_dps_calibrated_phaseA/arrays/gaussian_medium_confidence.npy,NEGATIVE_DIAGNOSTIC,array,yes,yes,yes,high,DPS audit or rejected DPS alternative
outputs/stage4/e3_dps_calibrated_phaseA/arrays/gaussian_medium_degraded.npy,outputs/curated/stage3_sde/negative_diagnostic/dps/e3_dps_calibrated_phaseA/arrays/gaussian_medium_degraded.npy,NEGATIVE_DIAGNOSTIC,array,yes,yes,yes,high,DPS audit or rejected DPS alternative
outputs/stage4/e3_dps_calibrated_phaseA/arrays/gaussian_medium_dps_zeta_0.0001.npy,outputs/curated/stage3_sde/negative_diagnostic/dps/e3_dps_calibrated_phaseA/arrays/gaussian_medium_dps_zeta_0.0001.npy,NEGATIVE_DIAGNOSTIC,array,yes,yes,yes,high,DPS audit or rejected DPS alternative
outputs/stage4/e3_dps_calibrated_phaseA/arrays/gaussian_medium_dps_zeta_0.0003.npy,outputs/curated/stage3_sde/negative_diagnostic/dps/e3_dps_calibrated_phaseA/arrays/gaussian_medium_dps_zeta_0.0003.npy,NEGATIVE_DIAGNOSTIC,array,yes,yes,yes,high,DPS audit or rejected DPS alternative
outputs/stage4/e3_dps_calibrated_phaseA/arrays/gaussian_medium_dps_zeta_0.001.npy,outputs/curated/stage3_sde/negative_diagnostic/dps/e3_dps_calibrated_phaseA/arrays/gaussian_medium_dps_zeta_0.001.npy,NEGATIVE_DIAGNOSTIC,array,yes,yes,yes,high,DPS audit or rejected DPS alternative
outputs/stage4/e3_dps_calibrated_phaseA/arrays/gaussian_medium_dps_zeta_1e-05.npy,outputs/curated/stage3_sde/negative_diagnostic/dps/e3_dps_calibrated_phaseA/arrays/gaussian_medium_dps_zeta_1e-05.npy,NEGATIVE_DIAGNOSTIC,array,yes,yes,yes,high,DPS audit or rejected DPS alternative
outputs/stage4/e3_dps_calibrated_phaseA/arrays/gaussian_medium_dps_zeta_3e-05.npy,outputs/curated/stage3_sde/negative_diagnostic/dps/e3_dps_calibrated_phaseA/arrays/gaussian_medium_dps_zeta_3e-05.npy,NEGATIVE_DIAGNOSTIC,array,yes,yes,yes,high,DPS audit or rejected DPS alternative
outputs/stage4/e3_dps_calibrated_phaseA/arrays/gaussian_medium_fused_t1_tau07_gamma2.npy,outputs/curated/stage3_sde/negative_diagnostic/dps/e3_dps_calibrated_phaseA/arrays/gaussian_medium_fused_t1_tau07_gamma2.npy,NEGATIVE_DIAGNOSTIC,array,yes,yes,yes,high,DPS audit or rejected DPS alternative
outputs/stage4/e3_dps_calibrated_phaseA/arrays/gaussian_medium_sdedit_t1.npy,outputs/curated/stage3_sde/negative_diagnostic/dps/e3_dps_calibrated_phaseA/arrays/gaussian_medium_sdedit_t1.npy,NEGATIVE_DIAGNOSTIC,array,yes,yes,yes,high,DPS audit or rejected DPS alternative
outputs/stage4/e3_dps_calibrated_phaseA/arrays/jump_medium_clean.npy,outputs/curated/stage3_sde/negative_diagnostic/dps/e3_dps_calibrated_phaseA/arrays/jump_medium_clean.npy,NEGATIVE_DIAGNOSTIC,array,yes,yes,yes,high,DPS audit or rejected DPS alternative
outputs/stage4/e3_dps_calibrated_phaseA/arrays/jump_medium_confidence.npy,outputs/curated/stage3_sde/negative_diagnostic/dps/e3_dps_calibrated_phaseA/arrays/jump_medium_confidence.npy,NEGATIVE_DIAGNOSTIC,array,yes,yes,yes,high,DPS audit or rejected DPS alternative
outputs/stage4/e3_dps_calibrated_phaseA/arrays/jump_medium_degraded.npy,outputs/curated/stage3_sde/negative_diagnostic/dps/e3_dps_calibrated_phaseA/arrays/jump_medium_degraded.npy,NEGATIVE_DIAGNOSTIC,array,yes,yes,yes,high,DPS audit or rejected DPS alternative
outputs/stage4/e3_dps_calibrated_phaseA/arrays/jump_medium_dps_zeta_0.0001.npy,outputs/curated/stage3_sde/negative_diagnostic/dps/e3_dps_calibrated_phaseA/arrays/jump_medium_dps_zeta_0.0001.npy,NEGATIVE_DIAGNOSTIC,array,yes,yes,yes,high,DPS audit or rejected DPS alternative
outputs/stage4/e3_dps_calibrated_phaseA/arrays/jump_medium_dps_zeta_0.0003.npy,outputs/curated/stage3_sde/negative_diagnostic/dps/e3_dps_calibrated_phaseA/arrays/jump_medium_dps_zeta_0.0003.npy,NEGATIVE_DIAGNOSTIC,array,yes,yes,yes,high,DPS audit or rejected DPS alternative
outputs/stage4/e3_dps_calibrated_phaseA/arrays/jump_medium_dps_zeta_0.001.npy,outputs/curated/stage3_sde/negative_diagnostic/dps/e3_dps_calibrated_phaseA/arrays/jump_medium_dps_zeta_0.001.npy,NEGATIVE_DIAGNOSTIC,array,yes,yes,yes,high,DPS audit or rejected DPS alternative
outputs/stage4/e3_dps_calibrated_phaseA/arrays/jump_medium_dps_zeta_1e-05.npy,outputs/curated/stage3_sde/negative_diagnostic/dps/e3_dps_calibrated_phaseA/arrays/jump_medium_dps_zeta_1e-05.npy,NEGATIVE_DIAGNOSTIC,array,yes,yes,yes,high,DPS audit or rejected DPS alternative
outputs/stage4/e3_dps_calibrated_phaseA/arrays/jump_medium_dps_zeta_3e-05.npy,outputs/curated/stage3_sde/negative_diagnostic/dps/e3_dps_calibrated_phaseA/arrays/jump_medium_dps_zeta_3e-05.npy,NEGATIVE_DIAGNOSTIC,array,yes,yes,yes,high,DPS audit or rejected DPS alternative
outputs/stage4/e3_dps_calibrated_phaseA/arrays/jump_medium_fused_t1_tau07_gamma2.npy,outputs/curated/stage3_sde/negative_diagnostic/dps/e3_dps_calibrated_phaseA/arrays/jump_medium_fused_t1_tau07_gamma2.npy,NEGATIVE_DIAGNOSTIC,array,yes,yes,yes,high,DPS audit or rejected DPS alternative
outputs/stage4/e3_dps_calibrated_phaseA/arrays/jump_medium_sdedit_t1.npy,outputs/curated/stage3_sde/negative_diagnostic/dps/e3_dps_calibrated_phaseA/arrays/jump_medium_sdedit_t1.npy,NEGATIVE_DIAGNOSTIC,array,yes,yes,yes,high,DPS audit or rejected DPS alternative
outputs/stage4/e3_dps_calibrated_phaseA/e3_dps_calibrated_phaseA_condition_summary.csv,outputs/curated/stage3_sde/negative_diagnostic/dps/e3_dps_calibrated_phaseA/e3_dps_calibrated_phaseA/e3_dps_calibrated_phaseA_condition_summary.csv,NEGATIVE_DIAGNOSTIC,metric_csv,yes,yes,yes,high,DPS audit or rejected DPS alternative
outputs/stage4/e3_dps_calibrated_phaseA/e3_dps_calibrated_phaseA_decision_summary.md,outputs/curated/stage3_sde/negative_diagnostic/dps/e3_dps_calibrated_phaseA/e3_dps_calibrated_phaseA/e3_dps_calibrated_phaseA_decision_summary.md,NEGATIVE_DIAGNOSTIC,markdown,yes,yes,yes,high,DPS audit or rejected DPS alternative
outputs/stage4/e3_dps_calibrated_phaseA/e3_dps_calibrated_phaseA_metrics.csv,outputs/curated/stage3_sde/negative_diagnostic/dps/e3_dps_calibrated_phaseA/e3_dps_calibrated_phaseA/e3_dps_calibrated_phaseA_metrics.csv,NEGATIVE_DIAGNOSTIC,metric_csv,yes,yes,yes,high,DPS audit or rejected DPS alternative
outputs/stage4/e3_dps_calibrated_phaseA/e3_dps_calibrated_phaseA_step_diagnostics.csv,outputs/curated/stage3_sde/negative_diagnostic/dps/e3_dps_calibrated_phaseA/e3_dps_calibrated_phaseA/e3_dps_calibrated_phaseA_step_diagnostics.csv,NEGATIVE_DIAGNOSTIC,metric_csv,yes,yes,yes,high,DPS audit or rejected DPS alternative
outputs/stage4/e3_dps_calibrated_phaseA/e3_dps_calibrated_phaseA_zeta_summary.csv,outputs/curated/stage3_sde/negative_diagnostic/dps/e3_dps_calibrated_phaseA/e3_dps_calibrated_phaseA/e3_dps_calibrated_phaseA_zeta_summary.csv,NEGATIVE_DIAGNOSTIC,metric_csv,yes,yes,yes,high,DPS audit or rejected DPS alternative
outputs/stage4/e3_dps_calibrated_phaseA/figures/representative_bias_medium.png,outputs/curated/stage3_sde/negative_diagnostic/dps/e3_dps_calibrated_phaseA/figures/representative_bias_medium.png,NEGATIVE_DIAGNOSTIC,figure,yes,yes,yes,high,DPS audit or rejected DPS alternative
outputs/stage4/e3_dps_calibrated_phaseA/figures/representative_burst_medium.png,outputs/curated/stage3_sde/negative_diagnostic/dps/e3_dps_calibrated_phaseA/figures/representative_burst_medium.png,NEGATIVE_DIAGNOSTIC,figure,yes,yes,yes,high,DPS audit or rejected DPS alternative
outputs/stage4/e3_dps_calibrated_phaseA/figures/representative_combined_medium.png,outputs/curated/stage3_sde/negative_diagnostic/dps/e3_dps_calibrated_phaseA/figures/representative_combined_medium.png,NEGATIVE_DIAGNOSTIC,figure,yes,yes,yes,high,DPS audit or rejected DPS alternative
outputs/stage4/e3_dps_calibrated_phaseA/figures/representative_drift_medium.png,outputs/curated/stage3_sde/negative_diagnostic/dps/e3_dps_calibrated_phaseA/figures/representative_drift_medium.png,NEGATIVE_DIAGNOSTIC,figure,yes,yes,yes,high,DPS audit or rejected DPS alternative
outputs/stage4/e3_dps_calibrated_phaseA/figures/representative_gaussian_medium.png,outputs/curated/stage3_sde/negative_diagnostic/dps/e3_dps_calibrated_phaseA/figures/representative_gaussian_medium.png,NEGATIVE_DIAGNOSTIC,figure,yes,yes,yes,high,DPS audit or rejected DPS alternative
outputs/stage4/e3_dps_calibrated_phaseA/figures/representative_jump_medium.png,outputs/curated/stage3_sde/negative_diagnostic/dps/e3_dps_calibrated_phaseA/figures/representative_jump_medium.png,NEGATIVE_DIAGNOSTIC,figure,yes,yes,yes,high,DPS audit or rejected DPS alternative
outputs/stage4/e3_dps_calibrated_phaseA_extension/bias_medium_dps_zeta_0.003.npy,outputs/curated/stage3_sde/negative_diagnostic/dps/e3_dps_calibrated_phaseA_extension/e3_dps_calibrated_phaseA_extension/bias_medium_dps_zeta_0.003.npy,NEGATIVE_DIAGNOSTIC,array,yes,yes,yes,high,DPS audit or rejected DPS alternative
outputs/stage4/e3_dps_calibrated_phaseA_extension/bias_medium_dps_zeta_0.npy,outputs/curated/stage3_sde/negative_diagnostic/dps/e3_dps_calibrated_phaseA_extension/e3_dps_calibrated_phaseA_extension/bias_medium_dps_zeta_0.npy,NEGATIVE_DIAGNOSTIC,array,yes,yes,yes,high,DPS audit or rejected DPS alternative
outputs/stage4/e3_dps_calibrated_phaseA_extension/burst_medium_dps_zeta_0.003.npy,outputs/curated/stage3_sde/negative_diagnostic/dps/e3_dps_calibrated_phaseA_extension/e3_dps_calibrated_phaseA_extension/burst_medium_dps_zeta_0.003.npy,NEGATIVE_DIAGNOSTIC,array,yes,yes,yes,high,DPS audit or rejected DPS alternative
outputs/stage4/e3_dps_calibrated_phaseA_extension/burst_medium_dps_zeta_0.npy,outputs/curated/stage3_sde/negative_diagnostic/dps/e3_dps_calibrated_phaseA_extension/e3_dps_calibrated_phaseA_extension/burst_medium_dps_zeta_0.npy,NEGATIVE_DIAGNOSTIC,array,yes,yes,yes,high,DPS audit or rejected DPS alternative
outputs/stage4/e3_dps_calibrated_phaseA_extension/combined_medium_dps_zeta_0.003.npy,outputs/curated/stage3_sde/negative_diagnostic/dps/e3_dps_calibrated_phaseA_extension/e3_dps_calibrated_phaseA_extension/combined_medium_dps_zeta_0.003.npy,NEGATIVE_DIAGNOSTIC,array,yes,yes,yes,high,DPS audit or rejected DPS alternative
outputs/stage4/e3_dps_calibrated_phaseA_extension/combined_medium_dps_zeta_0.npy,outputs/curated/stage3_sde/negative_diagnostic/dps/e3_dps_calibrated_phaseA_extension/e3_dps_calibrated_phaseA_extension/combined_medium_dps_zeta_0.npy,NEGATIVE_DIAGNOSTIC,array,yes,yes,yes,high,DPS audit or rejected DPS alternative
outputs/stage4/e3_dps_calibrated_phaseA_extension/drift_medium_dps_zeta_0.003.npy,outputs/curated/stage3_sde/negative_diagnostic/dps/e3_dps_calibrated_phaseA_extension/e3_dps_calibrated_phaseA_extension/drift_medium_dps_zeta_0.003.npy,NEGATIVE_DIAGNOSTIC,array,yes,yes,yes,high,DPS audit or rejected DPS alternative
outputs/stage4/e3_dps_calibrated_phaseA_extension/drift_medium_dps_zeta_0.npy,outputs/curated/stage3_sde/negative_diagnostic/dps/e3_dps_calibrated_phaseA_extension/e3_dps_calibrated_phaseA_extension/drift_medium_dps_zeta_0.npy,NEGATIVE_DIAGNOSTIC,array,yes,yes,yes,high,DPS audit or rejected DPS alternative
outputs/stage4/e3_dps_calibrated_phaseA_extension/e3_dps_phaseA_extension_decision_summary.md,outputs/curated/stage3_sde/negative_diagnostic/dps/e3_dps_calibrated_phaseA_extension/e3_dps_calibrated_phaseA_extension/e3_dps_phaseA_extension_decision_summary.md,NEGATIVE_DIAGNOSTIC,markdown,yes,yes,yes,high,DPS audit or rejected DPS alternative
outputs/stage4/e3_dps_calibrated_phaseA_extension/e3_dps_phaseA_extension_metrics.csv,outputs/curated/stage3_sde/negative_diagnostic/dps/e3_dps_calibrated_phaseA_extension/e3_dps_calibrated_phaseA_extension/e3_dps_phaseA_extension_metrics.csv,NEGATIVE_DIAGNOSTIC,metric_csv,yes,yes,yes,high,DPS audit or rejected DPS alternative
outputs/stage4/e3_dps_calibrated_phaseA_extension/e3_dps_phaseA_extension_zeta_summary.csv,outputs/curated/stage3_sde/negative_diagnostic/dps/e3_dps_calibrated_phaseA_extension/e3_dps_calibrated_phaseA_extension/e3_dps_phaseA_extension_zeta_summary.csv,NEGATIVE_DIAGNOSTIC,metric_csv,yes,yes,yes,high,DPS audit or rejected DPS alternative
outputs/stage4/e3_dps_calibrated_phaseA_extension/gaussian_medium_dps_zeta_0.003.npy,outputs/curated/stage3_sde/negative_diagnostic/dps/e3_dps_calibrated_phaseA_extension/e3_dps_calibrated_phaseA_extension/gaussian_medium_dps_zeta_0.003.npy,NEGATIVE_DIAGNOSTIC,array,yes,yes,yes,high,DPS audit or rejected DPS alternative
outputs/stage4/e3_dps_calibrated_phaseA_extension/gaussian_medium_dps_zeta_0.npy,outputs/curated/stage3_sde/negative_diagnostic/dps/e3_dps_calibrated_phaseA_extension/e3_dps_calibrated_phaseA_extension/gaussian_medium_dps_zeta_0.npy,NEGATIVE_DIAGNOSTIC,array,yes,yes,yes,high,DPS audit or rejected DPS alternative
outputs/stage4/e3_dps_calibrated_phaseA_extension/jump_medium_dps_zeta_0.003.npy,outputs/curated/stage3_sde/negative_diagnostic/dps/e3_dps_calibrated_phaseA_extension/e3_dps_calibrated_phaseA_extension/jump_medium_dps_zeta_0.003.npy,NEGATIVE_DIAGNOSTIC,array,yes,yes,yes,high,DPS audit or rejected DPS alternative
outputs/stage4/e3_dps_calibrated_phaseA_extension/jump_medium_dps_zeta_0.npy,outputs/curated/stage3_sde/negative_diagnostic/dps/e3_dps_calibrated_phaseA_extension/e3_dps_calibrated_phaseA_extension/jump_medium_dps_zeta_0.npy,NEGATIVE_DIAGNOSTIC,array,yes,yes,yes,high,DPS audit or rejected DPS alternative
outputs/stage4/e3_dps_extended_sign_check/e3_dps_extended_sign_check.csv,outputs/curated/stage3_sde/negative_diagnostic/dps/e3_dps_extended_sign_check/e3_dps_extended_sign_check/e3_dps_extended_sign_check.csv,NEGATIVE_DIAGNOSTIC,metric_csv,yes,yes,yes,high,DPS audit or rejected DPS alternative
outputs/stage4/e3_dps_extended_sign_check/e3_dps_extended_sign_check_case_summary.csv,outputs/curated/stage3_sde/negative_diagnostic/dps/e3_dps_extended_sign_check/e3_dps_extended_sign_check/e3_dps_extended_sign_check_case_summary.csv,NEGATIVE_DIAGNOSTIC,metric_csv,yes,yes,yes,high,DPS audit or rejected DPS alternative
outputs/stage4/e3_dps_extended_sign_check/e3_dps_extended_sign_check_summary.md,outputs/curated/stage3_sde/negative_diagnostic/dps/e3_dps_extended_sign_check/e3_dps_extended_sign_check/e3_dps_extended_sign_check_summary.md,NEGATIVE_DIAGNOSTIC,markdown,yes,yes,yes,high,DPS audit or rejected DPS alternative
outputs/stage4/e3_dps_single_step_sign_check/e3_dps_single_step_sign_check.csv,outputs/curated/stage3_sde/negative_diagnostic/dps/e3_dps_single_step_sign_check/e3_dps_single_step_sign_check/e3_dps_single_step_sign_check.csv,NEGATIVE_DIAGNOSTIC,metric_csv,yes,yes,yes,high,DPS audit or rejected DPS alternative
outputs/stage4/e3_dps_single_step_sign_check/e3_dps_single_step_sign_check_summary.md,outputs/curated/stage3_sde/negative_diagnostic/dps/e3_dps_single_step_sign_check/e3_dps_single_step_sign_check/e3_dps_single_step_sign_check_summary.md,NEGATIVE_DIAGNOSTIC,markdown,yes,yes,yes,high,DPS audit or rejected DPS alternative
outputs/stage4/e3_gain_bottleneck_minimal_diagnosis/e3_correction_direction_minimal.csv,outputs/curated/stage3_sde/supplementary_ablation/other/e3_gain_bottleneck_minimal_diagnosis/e3_gain_bottleneck_minimal_diagnosis/e3_correction_direction_minimal.csv,SUPPLEMENTARY_ABLATION,metric_csv,yes,yes,yes,high,gain bottleneck oracle/correction-direction diagnostic
outputs/stage4/e3_gain_bottleneck_minimal_diagnosis/e3_gain_bottleneck_decision_matrix.md,outputs/curated/stage3_sde/supplementary_ablation/other/e3_gain_bottleneck_minimal_diagnosis/e3_gain_bottleneck_minimal_diagnosis/e3_gain_bottleneck_decision_matrix.md,SUPPLEMENTARY_ABLATION,markdown,yes,yes,yes,high,gain bottleneck oracle/correction-direction diagnostic
outputs/stage4/e3_gain_bottleneck_minimal_diagnosis/e3_gain_bottleneck_minimal_summary.md,outputs/curated/stage3_sde/supplementary_ablation/other/e3_gain_bottleneck_minimal_diagnosis/e3_gain_bottleneck_minimal_diagnosis/e3_gain_bottleneck_minimal_summary.md,SUPPLEMENTARY_ABLATION,markdown,yes,yes,yes,high,gain bottleneck oracle/correction-direction diagnostic
outputs/stage4/e3_gain_bottleneck_minimal_diagnosis/e3_oracle_upper_bound_minimal.csv,outputs/curated/stage3_sde/supplementary_ablation/other/e3_gain_bottleneck_minimal_diagnosis/e3_gain_bottleneck_minimal_diagnosis/e3_oracle_upper_bound_minimal.csv,SUPPLEMENTARY_ABLATION,metric_csv,yes,yes,yes,high,gain bottleneck oracle/correction-direction diagnostic
outputs/stage4/e3_holdout1000_confidence_aware_sdedit/arrays/bias_medium_clean.npy,outputs/curated/stage3_sde/mainline/arrays/e3_holdout1000_confidence_aware_sdedit/bias_medium_clean.npy,MAINLINE_STAGE3_SDE,array,yes,yes,yes,high,current frozen holdout-1000 confidence-aware SDEdit mainline output
outputs/stage4/e3_holdout1000_confidence_aware_sdedit/arrays/bias_medium_confidence.npy,outputs/curated/stage3_sde/mainline/arrays/e3_holdout1000_confidence_aware_sdedit/bias_medium_confidence.npy,MAINLINE_STAGE3_SDE,array,yes,yes,yes,high,current frozen holdout-1000 confidence-aware SDEdit mainline output
outputs/stage4/e3_holdout1000_confidence_aware_sdedit/arrays/bias_medium_degraded.npy,outputs/curated/stage3_sde/mainline/arrays/e3_holdout1000_confidence_aware_sdedit/bias_medium_degraded.npy,MAINLINE_STAGE3_SDE,array,yes,yes,yes,high,current frozen holdout-1000 confidence-aware SDEdit mainline output
outputs/stage4/e3_holdout1000_confidence_aware_sdedit/arrays/bias_medium_fused_best_tau07_gamma2.npy,outputs/curated/stage3_sde/mainline/arrays/e3_holdout1000_confidence_aware_sdedit/bias_medium_fused_best_tau07_gamma2.npy,MAINLINE_STAGE3_SDE,array,yes,yes,yes,high,current frozen holdout-1000 confidence-aware SDEdit mainline output
outputs/stage4/e3_holdout1000_confidence_aware_sdedit/arrays/bias_medium_fused_t1_tau07_gamma2.npy,outputs/curated/stage3_sde/mainline/arrays/e3_holdout1000_confidence_aware_sdedit/bias_medium_fused_t1_tau07_gamma2.npy,MAINLINE_STAGE3_SDE,array,yes,yes,yes,high,current frozen holdout-1000 confidence-aware SDEdit mainline output
outputs/stage4/e3_holdout1000_confidence_aware_sdedit/arrays/bias_medium_sdedit_t1.npy,outputs/curated/stage3_sde/mainline/arrays/e3_holdout1000_confidence_aware_sdedit/bias_medium_sdedit_t1.npy,MAINLINE_STAGE3_SDE,array,yes,yes,yes,high,current frozen holdout-1000 confidence-aware SDEdit mainline output
outputs/stage4/e3_holdout1000_confidence_aware_sdedit/arrays/bias_medium_sdedit_t2.npy,outputs/curated/stage3_sde/mainline/arrays/e3_holdout1000_confidence_aware_sdedit/bias_medium_sdedit_t2.npy,MAINLINE_STAGE3_SDE,array,yes,yes,yes,high,current frozen holdout-1000 confidence-aware SDEdit mainline output
outputs/stage4/e3_holdout1000_confidence_aware_sdedit/arrays/bias_medium_sdedit_t3.npy,outputs/curated/stage3_sde/mainline/arrays/e3_holdout1000_confidence_aware_sdedit/bias_medium_sdedit_t3.npy,MAINLINE_STAGE3_SDE,array,yes,yes,yes,high,current frozen holdout-1000 confidence-aware SDEdit mainline output
outputs/stage4/e3_holdout1000_confidence_aware_sdedit/arrays/burst_medium_clean.npy,outputs/curated/stage3_sde/mainline/arrays/e3_holdout1000_confidence_aware_sdedit/burst_medium_clean.npy,MAINLINE_STAGE3_SDE,array,yes,yes,yes,high,current frozen holdout-1000 confidence-aware SDEdit mainline output
outputs/stage4/e3_holdout1000_confidence_aware_sdedit/arrays/burst_medium_confidence.npy,outputs/curated/stage3_sde/mainline/arrays/e3_holdout1000_confidence_aware_sdedit/burst_medium_confidence.npy,MAINLINE_STAGE3_SDE,array,yes,yes,yes,high,current frozen holdout-1000 confidence-aware SDEdit mainline output
outputs/stage4/e3_holdout1000_confidence_aware_sdedit/arrays/burst_medium_degraded.npy,outputs/curated/stage3_sde/mainline/arrays/e3_holdout1000_confidence_aware_sdedit/burst_medium_degraded.npy,MAINLINE_STAGE3_SDE,array,yes,yes,yes,high,current frozen holdout-1000 confidence-aware SDEdit mainline output
outputs/stage4/e3_holdout1000_confidence_aware_sdedit/arrays/burst_medium_fused_best_tau07_gamma2.npy,outputs/curated/stage3_sde/mainline/arrays/e3_holdout1000_confidence_aware_sdedit/burst_medium_fused_best_tau07_gamma2.npy,MAINLINE_STAGE3_SDE,array,yes,yes,yes,high,current frozen holdout-1000 confidence-aware SDEdit mainline output
outputs/stage4/e3_holdout1000_confidence_aware_sdedit/arrays/burst_medium_fused_t1_tau07_gamma2.npy,outputs/curated/stage3_sde/mainline/arrays/e3_holdout1000_confidence_aware_sdedit/burst_medium_fused_t1_tau07_gamma2.npy,MAINLINE_STAGE3_SDE,array,yes,yes,yes,high,current frozen holdout-1000 confidence-aware SDEdit mainline output
outputs/stage4/e3_holdout1000_confidence_aware_sdedit/arrays/burst_medium_sdedit_t1.npy,outputs/curated/stage3_sde/mainline/arrays/e3_holdout1000_confidence_aware_sdedit/burst_medium_sdedit_t1.npy,MAINLINE_STAGE3_SDE,array,yes,yes,yes,high,current frozen holdout-1000 confidence-aware SDEdit mainline output
outputs/stage4/e3_holdout1000_confidence_aware_sdedit/arrays/burst_medium_sdedit_t2.npy,outputs/curated/stage3_sde/mainline/arrays/e3_holdout1000_confidence_aware_sdedit/burst_medium_sdedit_t2.npy,MAINLINE_STAGE3_SDE,array,yes,yes,yes,high,current frozen holdout-1000 confidence-aware SDEdit mainline output
outputs/stage4/e3_holdout1000_confidence_aware_sdedit/arrays/burst_medium_sdedit_t3.npy,outputs/curated/stage3_sde/mainline/arrays/e3_holdout1000_confidence_aware_sdedit/burst_medium_sdedit_t3.npy,MAINLINE_STAGE3_SDE,array,yes,yes,yes,high,current frozen holdout-1000 confidence-aware SDEdit mainline output
outputs/stage4/e3_holdout1000_confidence_aware_sdedit/arrays/combined_medium_clean.npy,outputs/curated/stage3_sde/mainline/arrays/e3_holdout1000_confidence_aware_sdedit/combined_medium_clean.npy,MAINLINE_STAGE3_SDE,array,yes,yes,yes,high,current frozen holdout-1000 confidence-aware SDEdit mainline output
outputs/stage4/e3_holdout1000_confidence_aware_sdedit/arrays/combined_medium_confidence.npy,outputs/curated/stage3_sde/mainline/arrays/e3_holdout1000_confidence_aware_sdedit/combined_medium_confidence.npy,MAINLINE_STAGE3_SDE,array,yes,yes,yes,high,current frozen holdout-1000 confidence-aware SDEdit mainline output
outputs/stage4/e3_holdout1000_confidence_aware_sdedit/arrays/combined_medium_degraded.npy,outputs/curated/stage3_sde/mainline/arrays/e3_holdout1000_confidence_aware_sdedit/combined_medium_degraded.npy,MAINLINE_STAGE3_SDE,array,yes,yes,yes,high,current frozen holdout-1000 confidence-aware SDEdit mainline output
outputs/stage4/e3_holdout1000_confidence_aware_sdedit/arrays/combined_medium_fused_best_tau07_gamma2.npy,outputs/curated/stage3_sde/mainline/arrays/e3_holdout1000_confidence_aware_sdedit/combined_medium_fused_best_tau07_gamma2.npy,MAINLINE_STAGE3_SDE,array,yes,yes,yes,high,current frozen holdout-1000 confidence-aware SDEdit mainline output
outputs/stage4/e3_holdout1000_confidence_aware_sdedit/arrays/combined_medium_fused_t1_tau07_gamma2.npy,outputs/curated/stage3_sde/mainline/arrays/e3_holdout1000_confidence_aware_sdedit/combined_medium_fused_t1_tau07_gamma2.npy,MAINLINE_STAGE3_SDE,array,yes,yes,yes,high,current frozen holdout-1000 confidence-aware SDEdit mainline output
outputs/stage4/e3_holdout1000_confidence_aware_sdedit/arrays/combined_medium_sdedit_t1.npy,outputs/curated/stage3_sde/mainline/arrays/e3_holdout1000_confidence_aware_sdedit/combined_medium_sdedit_t1.npy,MAINLINE_STAGE3_SDE,array,yes,yes,yes,high,current frozen holdout-1000 confidence-aware SDEdit mainline output
outputs/stage4/e3_holdout1000_confidence_aware_sdedit/arrays/combined_medium_sdedit_t2.npy,outputs/curated/stage3_sde/mainline/arrays/e3_holdout1000_confidence_aware_sdedit/combined_medium_sdedit_t2.npy,MAINLINE_STAGE3_SDE,array,yes,yes,yes,high,current frozen holdout-1000 confidence-aware SDEdit mainline output
outputs/stage4/e3_holdout1000_confidence_aware_sdedit/arrays/combined_medium_sdedit_t3.npy,outputs/curated/stage3_sde/mainline/arrays/e3_holdout1000_confidence_aware_sdedit/combined_medium_sdedit_t3.npy,MAINLINE_STAGE3_SDE,array,yes,yes,yes,high,current frozen holdout-1000 confidence-aware SDEdit mainline output
outputs/stage4/e3_holdout1000_confidence_aware_sdedit/arrays/drift_medium_clean.npy,outputs/curated/stage3_sde/mainline/arrays/e3_holdout1000_confidence_aware_sdedit/drift_medium_clean.npy,MAINLINE_STAGE3_SDE,array,yes,yes,yes,high,current frozen holdout-1000 confidence-aware SDEdit mainline output
outputs/stage4/e3_holdout1000_confidence_aware_sdedit/arrays/drift_medium_confidence.npy,outputs/curated/stage3_sde/mainline/arrays/e3_holdout1000_confidence_aware_sdedit/drift_medium_confidence.npy,MAINLINE_STAGE3_SDE,array,yes,yes,yes,high,current frozen holdout-1000 confidence-aware SDEdit mainline output
outputs/stage4/e3_holdout1000_confidence_aware_sdedit/arrays/drift_medium_degraded.npy,outputs/curated/stage3_sde/mainline/arrays/e3_holdout1000_confidence_aware_sdedit/drift_medium_degraded.npy,MAINLINE_STAGE3_SDE,array,yes,yes,yes,high,current frozen holdout-1000 confidence-aware SDEdit mainline output
outputs/stage4/e3_holdout1000_confidence_aware_sdedit/arrays/drift_medium_fused_best_tau07_gamma2.npy,outputs/curated/stage3_sde/mainline/arrays/e3_holdout1000_confidence_aware_sdedit/drift_medium_fused_best_tau07_gamma2.npy,MAINLINE_STAGE3_SDE,array,yes,yes,yes,high,current frozen holdout-1000 confidence-aware SDEdit mainline output
outputs/stage4/e3_holdout1000_confidence_aware_sdedit/arrays/drift_medium_fused_t1_tau07_gamma2.npy,outputs/curated/stage3_sde/mainline/arrays/e3_holdout1000_confidence_aware_sdedit/drift_medium_fused_t1_tau07_gamma2.npy,MAINLINE_STAGE3_SDE,array,yes,yes,yes,high,current frozen holdout-1000 confidence-aware SDEdit mainline output
outputs/stage4/e3_holdout1000_confidence_aware_sdedit/arrays/drift_medium_sdedit_t1.npy,outputs/curated/stage3_sde/mainline/arrays/e3_holdout1000_confidence_aware_sdedit/drift_medium_sdedit_t1.npy,MAINLINE_STAGE3_SDE,array,yes,yes,yes,high,current frozen holdout-1000 confidence-aware SDEdit mainline output
outputs/stage4/e3_holdout1000_confidence_aware_sdedit/arrays/drift_medium_sdedit_t2.npy,outputs/curated/stage3_sde/mainline/arrays/e3_holdout1000_confidence_aware_sdedit/drift_medium_sdedit_t2.npy,MAINLINE_STAGE3_SDE,array,yes,yes,yes,high,current frozen holdout-1000 confidence-aware SDEdit mainline output
outputs/stage4/e3_holdout1000_confidence_aware_sdedit/arrays/drift_medium_sdedit_t3.npy,outputs/curated/stage3_sde/mainline/arrays/e3_holdout1000_confidence_aware_sdedit/drift_medium_sdedit_t3.npy,MAINLINE_STAGE3_SDE,array,yes,yes,yes,high,current frozen holdout-1000 confidence-aware SDEdit mainline output
outputs/stage4/e3_holdout1000_confidence_aware_sdedit/arrays/gaussian_medium_clean.npy,outputs/curated/stage3_sde/mainline/arrays/e3_holdout1000_confidence_aware_sdedit/gaussian_medium_clean.npy,MAINLINE_STAGE3_SDE,array,yes,yes,yes,high,current frozen holdout-1000 confidence-aware SDEdit mainline output
outputs/stage4/e3_holdout1000_confidence_aware_sdedit/arrays/gaussian_medium_confidence.npy,outputs/curated/stage3_sde/mainline/arrays/e3_holdout1000_confidence_aware_sdedit/gaussian_medium_confidence.npy,MAINLINE_STAGE3_SDE,array,yes,yes,yes,high,current frozen holdout-1000 confidence-aware SDEdit mainline output
outputs/stage4/e3_holdout1000_confidence_aware_sdedit/arrays/gaussian_medium_degraded.npy,outputs/curated/stage3_sde/mainline/arrays/e3_holdout1000_confidence_aware_sdedit/gaussian_medium_degraded.npy,MAINLINE_STAGE3_SDE,array,yes,yes,yes,high,current frozen holdout-1000 confidence-aware SDEdit mainline output
outputs/stage4/e3_holdout1000_confidence_aware_sdedit/arrays/gaussian_medium_fused_best_tau07_gamma2.npy,outputs/curated/stage3_sde/mainline/arrays/e3_holdout1000_confidence_aware_sdedit/gaussian_medium_fused_best_tau07_gamma2.npy,MAINLINE_STAGE3_SDE,array,yes,yes,yes,high,current frozen holdout-1000 confidence-aware SDEdit mainline output
outputs/stage4/e3_holdout1000_confidence_aware_sdedit/arrays/gaussian_medium_fused_t1_tau07_gamma2.npy,outputs/curated/stage3_sde/mainline/arrays/e3_holdout1000_confidence_aware_sdedit/gaussian_medium_fused_t1_tau07_gamma2.npy,MAINLINE_STAGE3_SDE,array,yes,yes,yes,high,current frozen holdout-1000 confidence-aware SDEdit mainline output
outputs/stage4/e3_holdout1000_confidence_aware_sdedit/arrays/gaussian_medium_sdedit_t1.npy,outputs/curated/stage3_sde/mainline/arrays/e3_holdout1000_confidence_aware_sdedit/gaussian_medium_sdedit_t1.npy,MAINLINE_STAGE3_SDE,array,yes,yes,yes,high,current frozen holdout-1000 confidence-aware SDEdit mainline output
outputs/stage4/e3_holdout1000_confidence_aware_sdedit/arrays/gaussian_medium_sdedit_t2.npy,outputs/curated/stage3_sde/mainline/arrays/e3_holdout1000_confidence_aware_sdedit/gaussian_medium_sdedit_t2.npy,MAINLINE_STAGE3_SDE,array,yes,yes,yes,high,current frozen holdout-1000 confidence-aware SDEdit mainline output
outputs/stage4/e3_holdout1000_confidence_aware_sdedit/arrays/gaussian_medium_sdedit_t3.npy,outputs/curated/stage3_sde/mainline/arrays/e3_holdout1000_confidence_aware_sdedit/gaussian_medium_sdedit_t3.npy,MAINLINE_STAGE3_SDE,array,yes,yes,yes,high,current frozen holdout-1000 confidence-aware SDEdit mainline output
outputs/stage4/e3_holdout1000_confidence_aware_sdedit/arrays/jump_medium_clean.npy,outputs/curated/stage3_sde/mainline/arrays/e3_holdout1000_confidence_aware_sdedit/jump_medium_clean.npy,MAINLINE_STAGE3_SDE,array,yes,yes,yes,high,current frozen holdout-1000 confidence-aware SDEdit mainline output
outputs/stage4/e3_holdout1000_confidence_aware_sdedit/arrays/jump_medium_confidence.npy,outputs/curated/stage3_sde/mainline/arrays/e3_holdout1000_confidence_aware_sdedit/jump_medium_confidence.npy,MAINLINE_STAGE3_SDE,array,yes,yes,yes,high,current frozen holdout-1000 confidence-aware SDEdit mainline output
outputs/stage4/e3_holdout1000_confidence_aware_sdedit/arrays/jump_medium_degraded.npy,outputs/curated/stage3_sde/mainline/arrays/e3_holdout1000_confidence_aware_sdedit/jump_medium_degraded.npy,MAINLINE_STAGE3_SDE,array,yes,yes,yes,high,current frozen holdout-1000 confidence-aware SDEdit mainline output
outputs/stage4/e3_holdout1000_confidence_aware_sdedit/arrays/jump_medium_fused_best_tau07_gamma2.npy,outputs/curated/stage3_sde/mainline/arrays/e3_holdout1000_confidence_aware_sdedit/jump_medium_fused_best_tau07_gamma2.npy,MAINLINE_STAGE3_SDE,array,yes,yes,yes,high,current frozen holdout-1000 confidence-aware SDEdit mainline output
outputs/stage4/e3_holdout1000_confidence_aware_sdedit/arrays/jump_medium_fused_t1_tau07_gamma2.npy,outputs/curated/stage3_sde/mainline/arrays/e3_holdout1000_confidence_aware_sdedit/jump_medium_fused_t1_tau07_gamma2.npy,MAINLINE_STAGE3_SDE,array,yes,yes,yes,high,current frozen holdout-1000 confidence-aware SDEdit mainline output
outputs/stage4/e3_holdout1000_confidence_aware_sdedit/arrays/jump_medium_sdedit_t1.npy,outputs/curated/stage3_sde/mainline/arrays/e3_holdout1000_confidence_aware_sdedit/jump_medium_sdedit_t1.npy,MAINLINE_STAGE3_SDE,array,yes,yes,yes,high,current frozen holdout-1000 confidence-aware SDEdit mainline output
outputs/stage4/e3_holdout1000_confidence_aware_sdedit/arrays/jump_medium_sdedit_t2.npy,outputs/curated/stage3_sde/mainline/arrays/e3_holdout1000_confidence_aware_sdedit/jump_medium_sdedit_t2.npy,MAINLINE_STAGE3_SDE,array,yes,yes,yes,high,current frozen holdout-1000 confidence-aware SDEdit mainline output
outputs/stage4/e3_holdout1000_confidence_aware_sdedit/arrays/jump_medium_sdedit_t3.npy,outputs/curated/stage3_sde/mainline/arrays/e3_holdout1000_confidence_aware_sdedit/jump_medium_sdedit_t3.npy,MAINLINE_STAGE3_SDE,array,yes,yes,yes,high,current frozen holdout-1000 confidence-aware SDEdit mainline output
outputs/stage4/e3_holdout1000_confidence_aware_sdedit/e3_holdout1000_confidence_aware_sdedit_summary.md,outputs/curated/stage3_sde/mainline/summaries/e3_holdout1000_confidence_aware_sdedit/e3_holdout1000_confidence_aware_sdedit_summary.md,MAINLINE_STAGE3_SDE,markdown,yes,yes,yes,high,current frozen holdout-1000 confidence-aware SDEdit mainline output
outputs/stage4/e3_holdout1000_confidence_aware_sdedit/e3_holdout1000_confidence_bin_metrics.csv,outputs/curated/stage3_sde/mainline/metrics/e3_holdout1000_confidence_aware_sdedit/e3_holdout1000_confidence_bin_metrics.csv,MAINLINE_STAGE3_SDE,metric_csv,yes,yes,yes,high,current frozen holdout-1000 confidence-aware SDEdit mainline output
outputs/stage4/e3_holdout1000_confidence_aware_sdedit/e3_holdout1000_global_t1_metrics.csv,outputs/curated/stage3_sde/mainline/metrics/e3_holdout1000_confidence_aware_sdedit/e3_holdout1000_global_t1_metrics.csv,MAINLINE_STAGE3_SDE,metric_csv,yes,yes,yes,high,current frozen holdout-1000 confidence-aware SDEdit mainline output
outputs/stage4/e3_holdout1000_confidence_aware_sdedit/e3_holdout1000_paired_statistics.csv,outputs/curated/stage3_sde/mainline/metrics/e3_holdout1000_confidence_aware_sdedit/e3_holdout1000_paired_statistics.csv,MAINLINE_STAGE3_SDE,metric_csv,yes,yes,yes,high,current frozen holdout-1000 confidence-aware SDEdit mainline output
outputs/stage4/e3_holdout1000_confidence_aware_sdedit/e3_holdout1000_per_condition_best_metrics.csv,outputs/curated/stage3_sde/mainline/metrics/e3_holdout1000_confidence_aware_sdedit/e3_holdout1000_per_condition_best_metrics.csv,MAINLINE_STAGE3_SDE,metric_csv,yes,yes,yes,high,current frozen holdout-1000 confidence-aware SDEdit mainline output
outputs/stage4/e3_holdout1000_confidence_aware_sdedit/e3_holdout1000_trend_stability_summary.csv,outputs/curated/stage3_sde/mainline/metrics/e3_holdout1000_confidence_aware_sdedit/e3_holdout1000_trend_stability_summary.csv,MAINLINE_STAGE3_SDE,metric_csv,yes,yes,yes,high,current frozen holdout-1000 confidence-aware SDEdit mainline output
outputs/stage4/e3_holdout1000_confidence_aware_sdedit/e3_holdout1000_vanilla_tstart_metrics.csv,outputs/curated/stage3_sde/mainline/metrics/e3_holdout1000_confidence_aware_sdedit/e3_holdout1000_vanilla_tstart_metrics.csv,MAINLINE_STAGE3_SDE,metric_csv,yes,yes,yes,high,current frozen holdout-1000 confidence-aware SDEdit mainline output
outputs/stage4/e3_holdout1000_confidence_aware_sdedit/figures/high_low_conf_comparison_global_t1.png,outputs/curated/stage3_sde/mainline/figures/e3_holdout1000_confidence_aware_sdedit/high_low_conf_comparison_global_t1.png,MAINLINE_STAGE3_SDE,figure,yes,yes,yes,high,current frozen holdout-1000 confidence-aware SDEdit mainline output
outputs/stage4/e3_holdout1000_confidence_aware_sdedit/figures/overall_ade_comparison_global_t1.png,outputs/curated/stage3_sde/mainline/figures/e3_holdout1000_confidence_aware_sdedit/overall_ade_comparison_global_t1.png,MAINLINE_STAGE3_SDE,figure,yes,yes,yes,high,current frozen holdout-1000 confidence-aware SDEdit mainline output
outputs/stage4/e3_holdout1000_confidence_aware_sdedit/figures/overall_ade_comparison_per_condition_best.png,outputs/curated/stage3_sde/mainline/figures/e3_holdout1000_confidence_aware_sdedit/overall_ade_comparison_per_condition_best.png,MAINLINE_STAGE3_SDE,figure,yes,yes,yes,high,current frozen holdout-1000 confidence-aware SDEdit mainline output
outputs/stage4/e3_holdout1000_confidence_aware_sdedit/figures/representative_bias_medium.png,outputs/curated/stage3_sde/mainline/figures/e3_holdout1000_confidence_aware_sdedit/representative_bias_medium.png,MAINLINE_STAGE3_SDE,figure,yes,yes,yes,high,current frozen holdout-1000 confidence-aware SDEdit mainline output
outputs/stage4/e3_holdout1000_confidence_aware_sdedit/figures/representative_burst_medium.png,outputs/curated/stage3_sde/mainline/figures/e3_holdout1000_confidence_aware_sdedit/representative_burst_medium.png,MAINLINE_STAGE3_SDE,figure,yes,yes,yes,high,current frozen holdout-1000 confidence-aware SDEdit mainline output
outputs/stage4/e3_holdout1000_confidence_aware_sdedit/figures/representative_combined_medium.png,outputs/curated/stage3_sde/mainline/figures/e3_holdout1000_confidence_aware_sdedit/representative_combined_medium.png,MAINLINE_STAGE3_SDE,figure,yes,yes,yes,high,current frozen holdout-1000 confidence-aware SDEdit mainline output
outputs/stage4/e3_holdout1000_confidence_aware_sdedit/figures/representative_drift_medium.png,outputs/curated/stage3_sde/mainline/figures/e3_holdout1000_confidence_aware_sdedit/representative_drift_medium.png,MAINLINE_STAGE3_SDE,figure,yes,yes,yes,high,current frozen holdout-1000 confidence-aware SDEdit mainline output
outputs/stage4/e3_holdout1000_confidence_aware_sdedit/figures/representative_gaussian_medium.png,outputs/curated/stage3_sde/mainline/figures/e3_holdout1000_confidence_aware_sdedit/representative_gaussian_medium.png,MAINLINE_STAGE3_SDE,figure,yes,yes,yes,high,current frozen holdout-1000 confidence-aware SDEdit mainline output
outputs/stage4/e3_holdout1000_confidence_aware_sdedit/figures/representative_jump_medium.png,outputs/curated/stage3_sde/mainline/figures/e3_holdout1000_confidence_aware_sdedit/representative_jump_medium.png,MAINLINE_STAGE3_SDE,figure,yes,yes,yes,high,current frozen holdout-1000 confidence-aware SDEdit mainline output
outputs/stage4/e3_holdout1000_confidence_aware_sdedit/figures/tstart_sweep_by_condition.png,outputs/curated/stage3_sde/mainline/figures/e3_holdout1000_confidence_aware_sdedit/tstart_sweep_by_condition.png,MAINLINE_STAGE3_SDE,figure,yes,yes,yes,high,current frozen holdout-1000 confidence-aware SDEdit mainline output
outputs/stage4/e3_initialized_dps_aligned_audit/e3_initialized_dps_aligned_condition_summary.csv,outputs/curated/stage3_sde/negative_diagnostic/dps/e3_initialized_dps_aligned_audit/e3_initialized_dps_aligned_audit/e3_initialized_dps_aligned_condition_summary.csv,NEGATIVE_DIAGNOSTIC,metric_csv,yes,yes,yes,high,DPS audit or rejected DPS alternative
outputs/stage4/e3_initialized_dps_aligned_audit/e3_initialized_dps_aligned_decision_summary.md,outputs/curated/stage3_sde/negative_diagnostic/dps/e3_initialized_dps_aligned_audit/e3_initialized_dps_aligned_audit/e3_initialized_dps_aligned_decision_summary.md,NEGATIVE_DIAGNOSTIC,markdown,yes,yes,yes,high,DPS audit or rejected DPS alternative
outputs/stage4/e3_initialized_dps_aligned_audit/e3_initialized_dps_aligned_metrics.csv,outputs/curated/stage3_sde/negative_diagnostic/dps/e3_initialized_dps_aligned_audit/e3_initialized_dps_aligned_audit/e3_initialized_dps_aligned_metrics.csv,NEGATIVE_DIAGNOSTIC,metric_csv,yes,yes,yes,high,DPS audit or rejected DPS alternative
outputs/stage4/e3_initialized_dps_aligned_audit/e3_initialized_dps_aligned_seed_zeta_summary.csv,outputs/curated/stage3_sde/negative_diagnostic/dps/e3_initialized_dps_aligned_audit/e3_initialized_dps_aligned_audit/e3_initialized_dps_aligned_seed_zeta_summary.csv,NEGATIVE_DIAGNOSTIC,metric_csv,yes,yes,yes,high,DPS audit or rejected DPS alternative
outputs/stage4/e3_initialized_dps_aligned_audit/e3_initialized_dps_aligned_step_trace.csv,outputs/curated/stage3_sde/negative_diagnostic/dps/e3_initialized_dps_aligned_audit/e3_initialized_dps_aligned_audit/e3_initialized_dps_aligned_step_trace.csv,NEGATIVE_DIAGNOSTIC,metric_csv,yes,yes,yes,high,DPS audit or rejected DPS alternative
outputs/stage4/e3_initialized_dps_aligned_audit/figures/representative_bias_medium_zeta0p3.png,outputs/curated/stage3_sde/negative_diagnostic/dps/e3_initialized_dps_aligned_audit/figures/representative_bias_medium_zeta0p3.png,NEGATIVE_DIAGNOSTIC,figure,yes,yes,yes,high,DPS audit or rejected DPS alternative
outputs/stage4/e3_initialized_dps_aligned_audit/figures/representative_burst_medium_zeta0p3.png,outputs/curated/stage3_sde/negative_diagnostic/dps/e3_initialized_dps_aligned_audit/figures/representative_burst_medium_zeta0p3.png,NEGATIVE_DIAGNOSTIC,figure,yes,yes,yes,high,DPS audit or rejected DPS alternative
outputs/stage4/e3_initialized_dps_aligned_audit/figures/representative_combined_medium_zeta0p3.png,outputs/curated/stage3_sde/negative_diagnostic/dps/e3_initialized_dps_aligned_audit/figures/representative_combined_medium_zeta0p3.png,NEGATIVE_DIAGNOSTIC,figure,yes,yes,yes,high,DPS audit or rejected DPS alternative
outputs/stage4/e3_initialized_dps_aligned_audit/figures/representative_drift_medium_zeta0p3.png,outputs/curated/stage3_sde/negative_diagnostic/dps/e3_initialized_dps_aligned_audit/figures/representative_drift_medium_zeta0p3.png,NEGATIVE_DIAGNOSTIC,figure,yes,yes,yes,high,DPS audit or rejected DPS alternative
outputs/stage4/e3_initialized_dps_aligned_audit/figures/representative_gaussian_medium_zeta0p3.png,outputs/curated/stage3_sde/negative_diagnostic/dps/e3_initialized_dps_aligned_audit/figures/representative_gaussian_medium_zeta0p3.png,NEGATIVE_DIAGNOSTIC,figure,yes,yes,yes,high,DPS audit or rejected DPS alternative
outputs/stage4/e3_initialized_dps_aligned_audit/figures/representative_jump_medium_zeta0p3.png,outputs/curated/stage3_sde/negative_diagnostic/dps/e3_initialized_dps_aligned_audit/figures/representative_jump_medium_zeta0p3.png,NEGATIVE_DIAGNOSTIC,figure,yes,yes,yes,high,DPS audit or rejected DPS alternative
outputs/stage4/e3_multit_candidate_source_ablation/cache_inventory.csv,outputs/curated/stage3_sde/supplementary_ablation/multit_candidate_source/e3_multit_candidate_source_ablation/e3_multit_candidate_source_ablation/cache_inventory.csv,SUPPLEMENTARY_ABLATION,metric_csv,yes,yes,yes,high,multi-t candidate-source ablation / consistency extraction
outputs/stage4/e3_multit_candidate_source_ablation/cache_inventory.md,outputs/curated/stage3_sde/supplementary_ablation/multit_candidate_source/e3_multit_candidate_source_ablation/e3_multit_candidate_source_ablation/cache_inventory.md,SUPPLEMENTARY_ABLATION,markdown,yes,yes,yes,high,multi-t candidate-source ablation / consistency extraction
outputs/stage4/e3_multit_candidate_source_ablation/cache_inventory_raw_file_list.txt,outputs/curated/stage3_sde/supplementary_ablation/multit_candidate_source/e3_multit_candidate_source_ablation/e3_multit_candidate_source_ablation/cache_inventory_raw_file_list.txt,SUPPLEMENTARY_ABLATION,other,yes,yes,yes,high,multi-t candidate-source ablation / consistency extraction
outputs/stage4/e3_multit_candidate_source_ablation/e3_multit_candidate_source_bin_metrics.csv,outputs/curated/stage3_sde/supplementary_ablation/multit_candidate_source/e3_multit_candidate_source_ablation/e3_multit_candidate_source_ablation/e3_multit_candidate_source_bin_metrics.csv,SUPPLEMENTARY_ABLATION,metric_csv,yes,yes,yes,high,multi-t candidate-source ablation / consistency extraction
outputs/stage4/e3_multit_candidate_source_ablation/e3_multit_candidate_source_condition_summary.csv,outputs/curated/stage3_sde/supplementary_ablation/multit_candidate_source/e3_multit_candidate_source_ablation/e3_multit_candidate_source_ablation/e3_multit_candidate_source_condition_summary.csv,SUPPLEMENTARY_ABLATION,metric_csv,yes,yes,yes,high,multi-t candidate-source ablation / consistency extraction
outputs/stage4/e3_multit_candidate_source_ablation/e3_multit_candidate_source_decision_summary.md,outputs/curated/stage3_sde/supplementary_ablation/multit_candidate_source/e3_multit_candidate_source_ablation/e3_multit_candidate_source_ablation/e3_multit_candidate_source_decision_summary.md,SUPPLEMENTARY_ABLATION,markdown,yes,yes,yes,high,multi-t candidate-source ablation / consistency extraction
outputs/stage4/e3_multit_candidate_source_ablation/e3_multit_candidate_source_full_metrics.csv,outputs/curated/stage3_sde/supplementary_ablation/multit_candidate_source/e3_multit_candidate_source_ablation/e3_multit_candidate_source_ablation/e3_multit_candidate_source_full_metrics.csv,SUPPLEMENTARY_ABLATION,metric_csv,yes,yes,yes,high,multi-t candidate-source ablation / consistency extraction
outputs/stage4/e3_multit_candidate_source_ablation/e3_multit_candidate_source_pass_fail_summary.csv,outputs/curated/stage3_sde/supplementary_ablation/multit_candidate_source/e3_multit_candidate_source_ablation/e3_multit_candidate_source_ablation/e3_multit_candidate_source_pass_fail_summary.csv,SUPPLEMENTARY_ABLATION,metric_csv,yes,yes,yes,high,multi-t candidate-source ablation / consistency extraction
outputs/stage4/e3_multit_candidate_source_ablation/figures/bias_medium_median_t1_candidate_source_comparison.png,outputs/curated/stage3_sde/supplementary_ablation/multit_candidate_source/e3_multit_candidate_source_ablation/figures/bias_medium_median_t1_candidate_source_comparison.png,SUPPLEMENTARY_ABLATION,figure,yes,yes,yes,high,multi-t candidate-source ablation / consistency extraction
outputs/stage4/e3_multit_candidate_source_ablation/figures/burst_medium_median_t1_candidate_source_comparison.png,outputs/curated/stage3_sde/supplementary_ablation/multit_candidate_source/e3_multit_candidate_source_ablation/figures/burst_medium_median_t1_candidate_source_comparison.png,SUPPLEMENTARY_ABLATION,figure,yes,yes,yes,high,multi-t candidate-source ablation / consistency extraction
outputs/stage4/e3_multit_candidate_source_ablation/figures/combined_medium_median_t1_candidate_source_comparison.png,outputs/curated/stage3_sde/supplementary_ablation/multit_candidate_source/e3_multit_candidate_source_ablation/figures/combined_medium_median_t1_candidate_source_comparison.png,SUPPLEMENTARY_ABLATION,figure,yes,yes,yes,high,multi-t candidate-source ablation / consistency extraction
outputs/stage4/e3_multit_candidate_source_ablation/figures/drift_medium_median_t1_candidate_source_comparison.png,outputs/curated/stage3_sde/supplementary_ablation/multit_candidate_source/e3_multit_candidate_source_ablation/figures/drift_medium_median_t1_candidate_source_comparison.png,SUPPLEMENTARY_ABLATION,figure,yes,yes,yes,high,multi-t candidate-source ablation / consistency extraction
outputs/stage4/e3_multit_candidate_source_ablation/figures/gaussian_medium_median_t1_candidate_source_comparison.png,outputs/curated/stage3_sde/supplementary_ablation/multit_candidate_source/e3_multit_candidate_source_ablation/figures/gaussian_medium_median_t1_candidate_source_comparison.png,SUPPLEMENTARY_ABLATION,figure,yes,yes,yes,high,multi-t candidate-source ablation / consistency extraction
outputs/stage4/e3_multit_candidate_source_ablation/figures/jump_medium_median_t1_candidate_source_comparison.png,outputs/curated/stage3_sde/supplementary_ablation/multit_candidate_source/e3_multit_candidate_source_ablation/figures/jump_medium_median_t1_candidate_source_comparison.png,SUPPLEMENTARY_ABLATION,figure,yes,yes,yes,high,multi-t candidate-source ablation / consistency extraction
outputs/stage4/e3_multit_candidate_source_ablation/per_condition_consistency/per_condition_ade_table.csv,outputs/curated/stage3_sde/supplementary_ablation/multit_candidate_source/e3_multit_candidate_source_ablation/per_condition_consistency/per_condition_ade_table.csv,SUPPLEMENTARY_ABLATION,metric_csv,yes,yes,yes,high,multi-t candidate-source ablation / consistency extraction
outputs/stage4/e3_multit_candidate_source_ablation/per_condition_consistency/per_condition_consistency_summary.md,outputs/curated/stage3_sde/supplementary_ablation/multit_candidate_source/e3_multit_candidate_source_ablation/per_condition_consistency/per_condition_consistency_summary.md,SUPPLEMENTARY_ABLATION,markdown,yes,yes,yes,high,multi-t candidate-source ablation / consistency extraction
outputs/stage4/e3_multit_candidate_source_ablation/per_condition_consistency/per_condition_high_conf_table.csv,outputs/curated/stage3_sde/supplementary_ablation/multit_candidate_source/e3_multit_candidate_source_ablation/per_condition_consistency/per_condition_high_conf_table.csv,SUPPLEMENTARY_ABLATION,metric_csv,yes,yes,yes,high,multi-t candidate-source ablation / consistency extraction
outputs/stage4/e3_multit_candidate_source_ablation/per_condition_consistency/per_condition_low_conf_table.csv,outputs/curated/stage3_sde/supplementary_ablation/multit_candidate_source/e3_multit_candidate_source_ablation/per_condition_consistency/per_condition_low_conf_table.csv,SUPPLEMENTARY_ABLATION,metric_csv,yes,yes,yes,high,multi-t candidate-source ablation / consistency extraction
outputs/stage4/e3_multit_candidate_source_ablation/per_condition_consistency/per_condition_motion_usage_table.csv,outputs/curated/stage3_sde/supplementary_ablation/multit_candidate_source/e3_multit_candidate_source_ablation/per_condition_consistency/per_condition_motion_usage_table.csv,SUPPLEMENTARY_ABLATION,metric_csv,yes,yes,yes,high,multi-t candidate-source ablation / consistency extraction
outputs/stage4/reconstructed_stage3_cond_outputs/combined_cond_residual_t20_refined_reconstructed.npy,outputs/curated/stage3_sde/legacy_or_deprecated/reconstructed_stage3_cond_outputs/reconstructed_stage3_cond_outputs/combined_cond_residual_t20_refined_reconstructed.npy,LEGACY_OR_DEPRECATED,array,yes,yes,yes,high,conditional-residual Stage 4 branch superseded by SDE mainline
outputs/stage4/reconstructed_stage3_cond_outputs/jump_cond_residual_t20_refined_reconstructed.npy,outputs/curated/stage3_sde/legacy_or_deprecated/reconstructed_stage3_cond_outputs/reconstructed_stage3_cond_outputs/jump_cond_residual_t20_refined_reconstructed.npy,LEGACY_OR_DEPRECATED,array,yes,yes,yes,high,conditional-residual Stage 4 branch superseded by SDE mainline
outputs/stage4/reconstructed_stage3_cond_outputs/reconstruction_manifest.json,outputs/curated/stage3_sde/legacy_or_deprecated/reconstructed_stage3_cond_outputs/reconstructed_stage3_cond_outputs/reconstruction_manifest.json,LEGACY_OR_DEPRECATED,json,yes,yes,yes,high,conditional-residual Stage 4 branch superseded by SDE mainline
outputs/stage4/reconstructed_stage3_cond_outputs/reconstruction_summary.md,outputs/curated/stage3_sde/legacy_or_deprecated/reconstructed_stage3_cond_outputs/reconstructed_stage3_cond_outputs/reconstruction_summary.md,LEGACY_OR_DEPRECATED,markdown,yes,yes,yes,high,conditional-residual Stage 4 branch superseded by SDE mainline
outputs/stage4/reconstructed_stage3_cond_outputs/reconstruction_verification.csv,outputs/curated/stage3_sde/legacy_or_deprecated/reconstructed_stage3_cond_outputs/reconstructed_stage3_cond_outputs/reconstruction_verification.csv,LEGACY_OR_DEPRECATED,metric_csv,yes,yes,yes,high,conditional-residual Stage 4 branch superseded by SDE mainline
outputs/stage4/stage3_sde_legacy_audit/stage3_sde_legacy_results_index.csv,outputs/curated/stage3_sde/negative_diagnostic/old_sdedit_diagnosis/stage3_sde_legacy_audit/stage3_sde_legacy_audit/stage3_sde_legacy_results_index.csv,NEGATIVE_DIAGNOSTIC,metric_csv,yes,yes,yes,high,legacy SDE/SDEdit audit supporting limitation analysis
outputs/stage4/stage3_sdedit_mechanism_diagnosis/figures/representative_gaussian_t2_partial_cache.png,outputs/curated/stage3_sde/negative_diagnostic/old_sdedit_diagnosis/stage3_sdedit_mechanism_diagnosis/figures/representative_gaussian_t2_partial_cache.png,NEGATIVE_DIAGNOSTIC,figure,yes,yes,yes,high,old vanilla SDEdit mechanism/limitation diagnosis
outputs/stage4/stage3_sdedit_mechanism_diagnosis/figures/tstart_sweep_diagnostic_summary.png,outputs/curated/stage3_sde/negative_diagnostic/old_sdedit_diagnosis/stage3_sdedit_mechanism_diagnosis/figures/tstart_sweep_diagnostic_summary.png,NEGATIVE_DIAGNOSTIC,figure,yes,yes,yes,high,old vanilla SDEdit mechanism/limitation diagnosis
outputs/stage4/stage3_sdedit_mechanism_diagnosis/figures/tstart_sweep_sdedit_gaussian_full_summary.png,outputs/curated/stage3_sde/negative_diagnostic/old_sdedit_diagnosis/stage3_sdedit_mechanism_diagnosis/figures/tstart_sweep_sdedit_gaussian_full_summary.png,NEGATIVE_DIAGNOSTIC,figure,yes,yes,yes,high,old vanilla SDEdit mechanism/limitation diagnosis
outputs/stage4/stage3_sdedit_mechanism_diagnosis/figures/tstart_sweep_sdedit_scout_results.png,outputs/curated/stage3_sde/negative_diagnostic/old_sdedit_diagnosis/stage3_sdedit_mechanism_diagnosis/figures/tstart_sweep_sdedit_scout_results.png,NEGATIVE_DIAGNOSTIC,figure,yes,yes,yes,high,old vanilla SDEdit mechanism/limitation diagnosis
outputs/stage4/stage3_sdedit_mechanism_diagnosis/missing_output_inventory.md,outputs/curated/stage3_sde/negative_diagnostic/old_sdedit_diagnosis/stage3_sdedit_mechanism_diagnosis/stage3_sdedit_mechanism_diagnosis/missing_output_inventory.md,NEGATIVE_DIAGNOSTIC,markdown,yes,yes,yes,high,old vanilla SDEdit mechanism/limitation diagnosis
outputs/stage4/stage3_sdedit_mechanism_diagnosis/stage3_sdedit_condition_metrics.csv,outputs/curated/stage3_sde/negative_diagnostic/old_sdedit_diagnosis/stage3_sdedit_mechanism_diagnosis/stage3_sdedit_mechanism_diagnosis/stage3_sdedit_condition_metrics.csv,NEGATIVE_DIAGNOSTIC,metric_csv,yes,yes,yes,high,old vanilla SDEdit mechanism/limitation diagnosis
outputs/stage4/stage3_sdedit_mechanism_diagnosis/stage3_sdedit_confidence_bin_metrics.csv,outputs/curated/stage3_sde/negative_diagnostic/old_sdedit_diagnosis/stage3_sdedit_mechanism_diagnosis/stage3_sdedit_mechanism_diagnosis/stage3_sdedit_confidence_bin_metrics.csv,NEGATIVE_DIAGNOSTIC,metric_csv,yes,yes,yes,high,old vanilla SDEdit mechanism/limitation diagnosis
outputs/stage4/stage3_sdedit_mechanism_diagnosis/stage3_sdedit_mechanism_summary.md,outputs/curated/stage3_sde/negative_diagnostic/old_sdedit_diagnosis/stage3_sdedit_mechanism_diagnosis/stage3_sdedit_mechanism_diagnosis/stage3_sdedit_mechanism_summary.md,NEGATIVE_DIAGNOSTIC,markdown,yes,yes,yes,high,old vanilla SDEdit mechanism/limitation diagnosis
outputs/stage4/stage3_sdedit_mechanism_diagnosis/stage3_sdedit_output_inventory.md,outputs/curated/stage3_sde/negative_diagnostic/old_sdedit_diagnosis/stage3_sdedit_mechanism_diagnosis/stage3_sdedit_mechanism_diagnosis/stage3_sdedit_output_inventory.md,NEGATIVE_DIAGNOSTIC,markdown,yes,yes,yes,high,old vanilla SDEdit mechanism/limitation diagnosis
outputs/stage4/stage3_sdedit_mechanism_diagnosis/stage3_sdedit_prior_sample_diagnostics.csv,outputs/curated/stage3_sde/negative_diagnostic/old_sdedit_diagnosis/stage3_sdedit_mechanism_diagnosis/stage3_sdedit_mechanism_diagnosis/stage3_sdedit_prior_sample_diagnostics.csv,NEGATIVE_DIAGNOSTIC,metric_csv,yes,yes,yes,high,old vanilla SDEdit mechanism/limitation diagnosis
outputs/stage4/stage3_sdedit_mechanism_diagnosis/stage3_sdedit_tstart_sweep.csv,outputs/curated/stage3_sde/negative_diagnostic/old_sdedit_diagnosis/stage3_sdedit_mechanism_diagnosis/stage3_sdedit_mechanism_diagnosis/stage3_sdedit_tstart_sweep.csv,NEGATIVE_DIAGNOSTIC,metric_csv,yes,yes,yes,high,old vanilla SDEdit mechanism/limitation diagnosis
outputs/stage4/stage3_sdedit_tstart123_confidence_hardfusion/arrays/bias_medium_clean.npy,outputs/curated/stage3_sde/mainline/arrays/stage3_sdedit_tstart123_confidence_hardfusion/bias_medium_clean.npy,MAINLINE_STAGE3_SDE,array,yes,yes,yes,high,mechanism cache for vanilla SDEdit plus confidence-aware hard-threshold fusion
outputs/stage4/stage3_sdedit_tstart123_confidence_hardfusion/arrays/bias_medium_confidence.npy,outputs/curated/stage3_sde/mainline/arrays/stage3_sdedit_tstart123_confidence_hardfusion/bias_medium_confidence.npy,MAINLINE_STAGE3_SDE,array,yes,yes,yes,high,mechanism cache for vanilla SDEdit plus confidence-aware hard-threshold fusion
outputs/stage4/stage3_sdedit_tstart123_confidence_hardfusion/arrays/bias_medium_degraded.npy,outputs/curated/stage3_sde/mainline/arrays/stage3_sdedit_tstart123_confidence_hardfusion/bias_medium_degraded.npy,MAINLINE_STAGE3_SDE,array,yes,yes,yes,high,mechanism cache for vanilla SDEdit plus confidence-aware hard-threshold fusion
outputs/stage4/stage3_sdedit_tstart123_confidence_hardfusion/arrays/bias_medium_fused_tau05_gamma1.npy,outputs/curated/stage3_sde/mainline/arrays/stage3_sdedit_tstart123_confidence_hardfusion/bias_medium_fused_tau05_gamma1.npy,MAINLINE_STAGE3_SDE,array,yes,yes,yes,high,mechanism cache for vanilla SDEdit plus confidence-aware hard-threshold fusion
outputs/stage4/stage3_sdedit_tstart123_confidence_hardfusion/arrays/bias_medium_fused_tau05_gamma2.npy,outputs/curated/stage3_sde/mainline/arrays/stage3_sdedit_tstart123_confidence_hardfusion/bias_medium_fused_tau05_gamma2.npy,MAINLINE_STAGE3_SDE,array,yes,yes,yes,high,mechanism cache for vanilla SDEdit plus confidence-aware hard-threshold fusion
outputs/stage4/stage3_sdedit_tstart123_confidence_hardfusion/arrays/bias_medium_fused_tau07_gamma1.npy,outputs/curated/stage3_sde/mainline/arrays/stage3_sdedit_tstart123_confidence_hardfusion/bias_medium_fused_tau07_gamma1.npy,MAINLINE_STAGE3_SDE,array,yes,yes,yes,high,mechanism cache for vanilla SDEdit plus confidence-aware hard-threshold fusion
outputs/stage4/stage3_sdedit_tstart123_confidence_hardfusion/arrays/bias_medium_fused_tau07_gamma2.npy,outputs/curated/stage3_sde/mainline/arrays/stage3_sdedit_tstart123_confidence_hardfusion/bias_medium_fused_tau07_gamma2.npy,MAINLINE_STAGE3_SDE,array,yes,yes,yes,high,mechanism cache for vanilla SDEdit plus confidence-aware hard-threshold fusion
outputs/stage4/stage3_sdedit_tstart123_confidence_hardfusion/arrays/bias_medium_fused_tau09_gamma1.npy,outputs/curated/stage3_sde/mainline/arrays/stage3_sdedit_tstart123_confidence_hardfusion/bias_medium_fused_tau09_gamma1.npy,MAINLINE_STAGE3_SDE,array,yes,yes,yes,high,mechanism cache for vanilla SDEdit plus confidence-aware hard-threshold fusion
outputs/stage4/stage3_sdedit_tstart123_confidence_hardfusion/arrays/bias_medium_fused_tau09_gamma2.npy,outputs/curated/stage3_sde/mainline/arrays/stage3_sdedit_tstart123_confidence_hardfusion/bias_medium_fused_tau09_gamma2.npy,MAINLINE_STAGE3_SDE,array,yes,yes,yes,high,mechanism cache for vanilla SDEdit plus confidence-aware hard-threshold fusion
outputs/stage4/stage3_sdedit_tstart123_confidence_hardfusion/arrays/bias_medium_sdedit_t1.npy,outputs/curated/stage3_sde/mainline/arrays/stage3_sdedit_tstart123_confidence_hardfusion/bias_medium_sdedit_t1.npy,MAINLINE_STAGE3_SDE,array,yes,yes,yes,high,mechanism cache for vanilla SDEdit plus confidence-aware hard-threshold fusion
outputs/stage4/stage3_sdedit_tstart123_confidence_hardfusion/arrays/bias_medium_sdedit_t2.npy,outputs/curated/stage3_sde/mainline/arrays/stage3_sdedit_tstart123_confidence_hardfusion/bias_medium_sdedit_t2.npy,MAINLINE_STAGE3_SDE,array,yes,yes,yes,high,mechanism cache for vanilla SDEdit plus confidence-aware hard-threshold fusion
outputs/stage4/stage3_sdedit_tstart123_confidence_hardfusion/arrays/bias_medium_sdedit_t3.npy,outputs/curated/stage3_sde/mainline/arrays/stage3_sdedit_tstart123_confidence_hardfusion/bias_medium_sdedit_t3.npy,MAINLINE_STAGE3_SDE,array,yes,yes,yes,high,mechanism cache for vanilla SDEdit plus confidence-aware hard-threshold fusion
outputs/stage4/stage3_sdedit_tstart123_confidence_hardfusion/arrays/burst_medium_clean.npy,outputs/curated/stage3_sde/mainline/arrays/stage3_sdedit_tstart123_confidence_hardfusion/burst_medium_clean.npy,MAINLINE_STAGE3_SDE,array,yes,yes,yes,high,mechanism cache for vanilla SDEdit plus confidence-aware hard-threshold fusion
outputs/stage4/stage3_sdedit_tstart123_confidence_hardfusion/arrays/burst_medium_confidence.npy,outputs/curated/stage3_sde/mainline/arrays/stage3_sdedit_tstart123_confidence_hardfusion/burst_medium_confidence.npy,MAINLINE_STAGE3_SDE,array,yes,yes,yes,high,mechanism cache for vanilla SDEdit plus confidence-aware hard-threshold fusion
outputs/stage4/stage3_sdedit_tstart123_confidence_hardfusion/arrays/burst_medium_degraded.npy,outputs/curated/stage3_sde/mainline/arrays/stage3_sdedit_tstart123_confidence_hardfusion/burst_medium_degraded.npy,MAINLINE_STAGE3_SDE,array,yes,yes,yes,high,mechanism cache for vanilla SDEdit plus confidence-aware hard-threshold fusion
outputs/stage4/stage3_sdedit_tstart123_confidence_hardfusion/arrays/burst_medium_fused_tau05_gamma1.npy,outputs/curated/stage3_sde/mainline/arrays/stage3_sdedit_tstart123_confidence_hardfusion/burst_medium_fused_tau05_gamma1.npy,MAINLINE_STAGE3_SDE,array,yes,yes,yes,high,mechanism cache for vanilla SDEdit plus confidence-aware hard-threshold fusion
outputs/stage4/stage3_sdedit_tstart123_confidence_hardfusion/arrays/burst_medium_fused_tau05_gamma2.npy,outputs/curated/stage3_sde/mainline/arrays/stage3_sdedit_tstart123_confidence_hardfusion/burst_medium_fused_tau05_gamma2.npy,MAINLINE_STAGE3_SDE,array,yes,yes,yes,high,mechanism cache for vanilla SDEdit plus confidence-aware hard-threshold fusion
outputs/stage4/stage3_sdedit_tstart123_confidence_hardfusion/arrays/burst_medium_fused_tau07_gamma1.npy,outputs/curated/stage3_sde/mainline/arrays/stage3_sdedit_tstart123_confidence_hardfusion/burst_medium_fused_tau07_gamma1.npy,MAINLINE_STAGE3_SDE,array,yes,yes,yes,high,mechanism cache for vanilla SDEdit plus confidence-aware hard-threshold fusion
outputs/stage4/stage3_sdedit_tstart123_confidence_hardfusion/arrays/burst_medium_fused_tau07_gamma2.npy,outputs/curated/stage3_sde/mainline/arrays/stage3_sdedit_tstart123_confidence_hardfusion/burst_medium_fused_tau07_gamma2.npy,MAINLINE_STAGE3_SDE,array,yes,yes,yes,high,mechanism cache for vanilla SDEdit plus confidence-aware hard-threshold fusion
outputs/stage4/stage3_sdedit_tstart123_confidence_hardfusion/arrays/burst_medium_fused_tau09_gamma1.npy,outputs/curated/stage3_sde/mainline/arrays/stage3_sdedit_tstart123_confidence_hardfusion/burst_medium_fused_tau09_gamma1.npy,MAINLINE_STAGE3_SDE,array,yes,yes,yes,high,mechanism cache for vanilla SDEdit plus confidence-aware hard-threshold fusion
outputs/stage4/stage3_sdedit_tstart123_confidence_hardfusion/arrays/burst_medium_fused_tau09_gamma2.npy,outputs/curated/stage3_sde/mainline/arrays/stage3_sdedit_tstart123_confidence_hardfusion/burst_medium_fused_tau09_gamma2.npy,MAINLINE_STAGE3_SDE,array,yes,yes,yes,high,mechanism cache for vanilla SDEdit plus confidence-aware hard-threshold fusion
outputs/stage4/stage3_sdedit_tstart123_confidence_hardfusion/arrays/burst_medium_sdedit_t1.npy,outputs/curated/stage3_sde/mainline/arrays/stage3_sdedit_tstart123_confidence_hardfusion/burst_medium_sdedit_t1.npy,MAINLINE_STAGE3_SDE,array,yes,yes,yes,high,mechanism cache for vanilla SDEdit plus confidence-aware hard-threshold fusion
outputs/stage4/stage3_sdedit_tstart123_confidence_hardfusion/arrays/burst_medium_sdedit_t2.npy,outputs/curated/stage3_sde/mainline/arrays/stage3_sdedit_tstart123_confidence_hardfusion/burst_medium_sdedit_t2.npy,MAINLINE_STAGE3_SDE,array,yes,yes,yes,high,mechanism cache for vanilla SDEdit plus confidence-aware hard-threshold fusion
outputs/stage4/stage3_sdedit_tstart123_confidence_hardfusion/arrays/burst_medium_sdedit_t3.npy,outputs/curated/stage3_sde/mainline/arrays/stage3_sdedit_tstart123_confidence_hardfusion/burst_medium_sdedit_t3.npy,MAINLINE_STAGE3_SDE,array,yes,yes,yes,high,mechanism cache for vanilla SDEdit plus confidence-aware hard-threshold fusion
outputs/stage4/stage3_sdedit_tstart123_confidence_hardfusion/arrays/combined_medium_clean.npy,outputs/curated/stage3_sde/mainline/arrays/stage3_sdedit_tstart123_confidence_hardfusion/combined_medium_clean.npy,MAINLINE_STAGE3_SDE,array,yes,yes,yes,high,mechanism cache for vanilla SDEdit plus confidence-aware hard-threshold fusion
outputs/stage4/stage3_sdedit_tstart123_confidence_hardfusion/arrays/combined_medium_confidence.npy,outputs/curated/stage3_sde/mainline/arrays/stage3_sdedit_tstart123_confidence_hardfusion/combined_medium_confidence.npy,MAINLINE_STAGE3_SDE,array,yes,yes,yes,high,mechanism cache for vanilla SDEdit plus confidence-aware hard-threshold fusion
outputs/stage4/stage3_sdedit_tstart123_confidence_hardfusion/arrays/combined_medium_degraded.npy,outputs/curated/stage3_sde/mainline/arrays/stage3_sdedit_tstart123_confidence_hardfusion/combined_medium_degraded.npy,MAINLINE_STAGE3_SDE,array,yes,yes,yes,high,mechanism cache for vanilla SDEdit plus confidence-aware hard-threshold fusion
outputs/stage4/stage3_sdedit_tstart123_confidence_hardfusion/arrays/combined_medium_fused_tau05_gamma1.npy,outputs/curated/stage3_sde/mainline/arrays/stage3_sdedit_tstart123_confidence_hardfusion/combined_medium_fused_tau05_gamma1.npy,MAINLINE_STAGE3_SDE,array,yes,yes,yes,high,mechanism cache for vanilla SDEdit plus confidence-aware hard-threshold fusion
outputs/stage4/stage3_sdedit_tstart123_confidence_hardfusion/arrays/combined_medium_fused_tau05_gamma2.npy,outputs/curated/stage3_sde/mainline/arrays/stage3_sdedit_tstart123_confidence_hardfusion/combined_medium_fused_tau05_gamma2.npy,MAINLINE_STAGE3_SDE,array,yes,yes,yes,high,mechanism cache for vanilla SDEdit plus confidence-aware hard-threshold fusion
outputs/stage4/stage3_sdedit_tstart123_confidence_hardfusion/arrays/combined_medium_fused_tau07_gamma1.npy,outputs/curated/stage3_sde/mainline/arrays/stage3_sdedit_tstart123_confidence_hardfusion/combined_medium_fused_tau07_gamma1.npy,MAINLINE_STAGE3_SDE,array,yes,yes,yes,high,mechanism cache for vanilla SDEdit plus confidence-aware hard-threshold fusion
outputs/stage4/stage3_sdedit_tstart123_confidence_hardfusion/arrays/combined_medium_fused_tau07_gamma2.npy,outputs/curated/stage3_sde/mainline/arrays/stage3_sdedit_tstart123_confidence_hardfusion/combined_medium_fused_tau07_gamma2.npy,MAINLINE_STAGE3_SDE,array,yes,yes,yes,high,mechanism cache for vanilla SDEdit plus confidence-aware hard-threshold fusion
outputs/stage4/stage3_sdedit_tstart123_confidence_hardfusion/arrays/combined_medium_fused_tau09_gamma1.npy,outputs/curated/stage3_sde/mainline/arrays/stage3_sdedit_tstart123_confidence_hardfusion/combined_medium_fused_tau09_gamma1.npy,MAINLINE_STAGE3_SDE,array,yes,yes,yes,high,mechanism cache for vanilla SDEdit plus confidence-aware hard-threshold fusion
outputs/stage4/stage3_sdedit_tstart123_confidence_hardfusion/arrays/combined_medium_fused_tau09_gamma2.npy,outputs/curated/stage3_sde/mainline/arrays/stage3_sdedit_tstart123_confidence_hardfusion/combined_medium_fused_tau09_gamma2.npy,MAINLINE_STAGE3_SDE,array,yes,yes,yes,high,mechanism cache for vanilla SDEdit plus confidence-aware hard-threshold fusion
outputs/stage4/stage3_sdedit_tstart123_confidence_hardfusion/arrays/combined_medium_sdedit_t1.npy,outputs/curated/stage3_sde/mainline/arrays/stage3_sdedit_tstart123_confidence_hardfusion/combined_medium_sdedit_t1.npy,MAINLINE_STAGE3_SDE,array,yes,yes,yes,high,mechanism cache for vanilla SDEdit plus confidence-aware hard-threshold fusion
outputs/stage4/stage3_sdedit_tstart123_confidence_hardfusion/arrays/combined_medium_sdedit_t2.npy,outputs/curated/stage3_sde/mainline/arrays/stage3_sdedit_tstart123_confidence_hardfusion/combined_medium_sdedit_t2.npy,MAINLINE_STAGE3_SDE,array,yes,yes,yes,high,mechanism cache for vanilla SDEdit plus confidence-aware hard-threshold fusion
outputs/stage4/stage3_sdedit_tstart123_confidence_hardfusion/arrays/combined_medium_sdedit_t3.npy,outputs/curated/stage3_sde/mainline/arrays/stage3_sdedit_tstart123_confidence_hardfusion/combined_medium_sdedit_t3.npy,MAINLINE_STAGE3_SDE,array,yes,yes,yes,high,mechanism cache for vanilla SDEdit plus confidence-aware hard-threshold fusion
outputs/stage4/stage3_sdedit_tstart123_confidence_hardfusion/arrays/drift_medium_clean.npy,outputs/curated/stage3_sde/mainline/arrays/stage3_sdedit_tstart123_confidence_hardfusion/drift_medium_clean.npy,MAINLINE_STAGE3_SDE,array,yes,yes,yes,high,mechanism cache for vanilla SDEdit plus confidence-aware hard-threshold fusion
outputs/stage4/stage3_sdedit_tstart123_confidence_hardfusion/arrays/drift_medium_confidence.npy,outputs/curated/stage3_sde/mainline/arrays/stage3_sdedit_tstart123_confidence_hardfusion/drift_medium_confidence.npy,MAINLINE_STAGE3_SDE,array,yes,yes,yes,high,mechanism cache for vanilla SDEdit plus confidence-aware hard-threshold fusion
outputs/stage4/stage3_sdedit_tstart123_confidence_hardfusion/arrays/drift_medium_degraded.npy,outputs/curated/stage3_sde/mainline/arrays/stage3_sdedit_tstart123_confidence_hardfusion/drift_medium_degraded.npy,MAINLINE_STAGE3_SDE,array,yes,yes,yes,high,mechanism cache for vanilla SDEdit plus confidence-aware hard-threshold fusion
outputs/stage4/stage3_sdedit_tstart123_confidence_hardfusion/arrays/drift_medium_fused_tau05_gamma1.npy,outputs/curated/stage3_sde/mainline/arrays/stage3_sdedit_tstart123_confidence_hardfusion/drift_medium_fused_tau05_gamma1.npy,MAINLINE_STAGE3_SDE,array,yes,yes,yes,high,mechanism cache for vanilla SDEdit plus confidence-aware hard-threshold fusion
outputs/stage4/stage3_sdedit_tstart123_confidence_hardfusion/arrays/drift_medium_fused_tau05_gamma2.npy,outputs/curated/stage3_sde/mainline/arrays/stage3_sdedit_tstart123_confidence_hardfusion/drift_medium_fused_tau05_gamma2.npy,MAINLINE_STAGE3_SDE,array,yes,yes,yes,high,mechanism cache for vanilla SDEdit plus confidence-aware hard-threshold fusion
outputs/stage4/stage3_sdedit_tstart123_confidence_hardfusion/arrays/drift_medium_fused_tau07_gamma1.npy,outputs/curated/stage3_sde/mainline/arrays/stage3_sdedit_tstart123_confidence_hardfusion/drift_medium_fused_tau07_gamma1.npy,MAINLINE_STAGE3_SDE,array,yes,yes,yes,high,mechanism cache for vanilla SDEdit plus confidence-aware hard-threshold fusion
outputs/stage4/stage3_sdedit_tstart123_confidence_hardfusion/arrays/drift_medium_fused_tau07_gamma2.npy,outputs/curated/stage3_sde/mainline/arrays/stage3_sdedit_tstart123_confidence_hardfusion/drift_medium_fused_tau07_gamma2.npy,MAINLINE_STAGE3_SDE,array,yes,yes,yes,high,mechanism cache for vanilla SDEdit plus confidence-aware hard-threshold fusion
outputs/stage4/stage3_sdedit_tstart123_confidence_hardfusion/arrays/drift_medium_fused_tau09_gamma1.npy,outputs/curated/stage3_sde/mainline/arrays/stage3_sdedit_tstart123_confidence_hardfusion/drift_medium_fused_tau09_gamma1.npy,MAINLINE_STAGE3_SDE,array,yes,yes,yes,high,mechanism cache for vanilla SDEdit plus confidence-aware hard-threshold fusion
outputs/stage4/stage3_sdedit_tstart123_confidence_hardfusion/arrays/drift_medium_fused_tau09_gamma2.npy,outputs/curated/stage3_sde/mainline/arrays/stage3_sdedit_tstart123_confidence_hardfusion/drift_medium_fused_tau09_gamma2.npy,MAINLINE_STAGE3_SDE,array,yes,yes,yes,high,mechanism cache for vanilla SDEdit plus confidence-aware hard-threshold fusion
outputs/stage4/stage3_sdedit_tstart123_confidence_hardfusion/arrays/drift_medium_sdedit_t1.npy,outputs/curated/stage3_sde/mainline/arrays/stage3_sdedit_tstart123_confidence_hardfusion/drift_medium_sdedit_t1.npy,MAINLINE_STAGE3_SDE,array,yes,yes,yes,high,mechanism cache for vanilla SDEdit plus confidence-aware hard-threshold fusion
outputs/stage4/stage3_sdedit_tstart123_confidence_hardfusion/arrays/drift_medium_sdedit_t2.npy,outputs/curated/stage3_sde/mainline/arrays/stage3_sdedit_tstart123_confidence_hardfusion/drift_medium_sdedit_t2.npy,MAINLINE_STAGE3_SDE,array,yes,yes,yes,high,mechanism cache for vanilla SDEdit plus confidence-aware hard-threshold fusion
outputs/stage4/stage3_sdedit_tstart123_confidence_hardfusion/arrays/drift_medium_sdedit_t3.npy,outputs/curated/stage3_sde/mainline/arrays/stage3_sdedit_tstart123_confidence_hardfusion/drift_medium_sdedit_t3.npy,MAINLINE_STAGE3_SDE,array,yes,yes,yes,high,mechanism cache for vanilla SDEdit plus confidence-aware hard-threshold fusion
outputs/stage4/stage3_sdedit_tstart123_confidence_hardfusion/arrays/gaussian_medium_clean.npy,outputs/curated/stage3_sde/mainline/arrays/stage3_sdedit_tstart123_confidence_hardfusion/gaussian_medium_clean.npy,MAINLINE_STAGE3_SDE,array,yes,yes,yes,high,mechanism cache for vanilla SDEdit plus confidence-aware hard-threshold fusion
outputs/stage4/stage3_sdedit_tstart123_confidence_hardfusion/arrays/gaussian_medium_confidence.npy,outputs/curated/stage3_sde/mainline/arrays/stage3_sdedit_tstart123_confidence_hardfusion/gaussian_medium_confidence.npy,MAINLINE_STAGE3_SDE,array,yes,yes,yes,high,mechanism cache for vanilla SDEdit plus confidence-aware hard-threshold fusion
outputs/stage4/stage3_sdedit_tstart123_confidence_hardfusion/arrays/gaussian_medium_degraded.npy,outputs/curated/stage3_sde/mainline/arrays/stage3_sdedit_tstart123_confidence_hardfusion/gaussian_medium_degraded.npy,MAINLINE_STAGE3_SDE,array,yes,yes,yes,high,mechanism cache for vanilla SDEdit plus confidence-aware hard-threshold fusion
outputs/stage4/stage3_sdedit_tstart123_confidence_hardfusion/arrays/gaussian_medium_fused_tau05_gamma1.npy,outputs/curated/stage3_sde/mainline/arrays/stage3_sdedit_tstart123_confidence_hardfusion/gaussian_medium_fused_tau05_gamma1.npy,MAINLINE_STAGE3_SDE,array,yes,yes,yes,high,mechanism cache for vanilla SDEdit plus confidence-aware hard-threshold fusion
outputs/stage4/stage3_sdedit_tstart123_confidence_hardfusion/arrays/gaussian_medium_fused_tau05_gamma2.npy,outputs/curated/stage3_sde/mainline/arrays/stage3_sdedit_tstart123_confidence_hardfusion/gaussian_medium_fused_tau05_gamma2.npy,MAINLINE_STAGE3_SDE,array,yes,yes,yes,high,mechanism cache for vanilla SDEdit plus confidence-aware hard-threshold fusion
outputs/stage4/stage3_sdedit_tstart123_confidence_hardfusion/arrays/gaussian_medium_fused_tau07_gamma1.npy,outputs/curated/stage3_sde/mainline/arrays/stage3_sdedit_tstart123_confidence_hardfusion/gaussian_medium_fused_tau07_gamma1.npy,MAINLINE_STAGE3_SDE,array,yes,yes,yes,high,mechanism cache for vanilla SDEdit plus confidence-aware hard-threshold fusion
outputs/stage4/stage3_sdedit_tstart123_confidence_hardfusion/arrays/gaussian_medium_fused_tau07_gamma2.npy,outputs/curated/stage3_sde/mainline/arrays/stage3_sdedit_tstart123_confidence_hardfusion/gaussian_medium_fused_tau07_gamma2.npy,MAINLINE_STAGE3_SDE,array,yes,yes,yes,high,mechanism cache for vanilla SDEdit plus confidence-aware hard-threshold fusion
outputs/stage4/stage3_sdedit_tstart123_confidence_hardfusion/arrays/gaussian_medium_fused_tau09_gamma1.npy,outputs/curated/stage3_sde/mainline/arrays/stage3_sdedit_tstart123_confidence_hardfusion/gaussian_medium_fused_tau09_gamma1.npy,MAINLINE_STAGE3_SDE,array,yes,yes,yes,high,mechanism cache for vanilla SDEdit plus confidence-aware hard-threshold fusion
outputs/stage4/stage3_sdedit_tstart123_confidence_hardfusion/arrays/gaussian_medium_fused_tau09_gamma2.npy,outputs/curated/stage3_sde/mainline/arrays/stage3_sdedit_tstart123_confidence_hardfusion/gaussian_medium_fused_tau09_gamma2.npy,MAINLINE_STAGE3_SDE,array,yes,yes,yes,high,mechanism cache for vanilla SDEdit plus confidence-aware hard-threshold fusion
outputs/stage4/stage3_sdedit_tstart123_confidence_hardfusion/arrays/gaussian_medium_sdedit_t1.npy,outputs/curated/stage3_sde/mainline/arrays/stage3_sdedit_tstart123_confidence_hardfusion/gaussian_medium_sdedit_t1.npy,MAINLINE_STAGE3_SDE,array,yes,yes,yes,high,mechanism cache for vanilla SDEdit plus confidence-aware hard-threshold fusion
outputs/stage4/stage3_sdedit_tstart123_confidence_hardfusion/arrays/gaussian_medium_sdedit_t2.npy,outputs/curated/stage3_sde/mainline/arrays/stage3_sdedit_tstart123_confidence_hardfusion/gaussian_medium_sdedit_t2.npy,MAINLINE_STAGE3_SDE,array,yes,yes,yes,high,mechanism cache for vanilla SDEdit plus confidence-aware hard-threshold fusion
outputs/stage4/stage3_sdedit_tstart123_confidence_hardfusion/arrays/gaussian_medium_sdedit_t3.npy,outputs/curated/stage3_sde/mainline/arrays/stage3_sdedit_tstart123_confidence_hardfusion/gaussian_medium_sdedit_t3.npy,MAINLINE_STAGE3_SDE,array,yes,yes,yes,high,mechanism cache for vanilla SDEdit plus confidence-aware hard-threshold fusion
outputs/stage4/stage3_sdedit_tstart123_confidence_hardfusion/arrays/jump_medium_clean.npy,outputs/curated/stage3_sde/mainline/arrays/stage3_sdedit_tstart123_confidence_hardfusion/jump_medium_clean.npy,MAINLINE_STAGE3_SDE,array,yes,yes,yes,high,mechanism cache for vanilla SDEdit plus confidence-aware hard-threshold fusion
outputs/stage4/stage3_sdedit_tstart123_confidence_hardfusion/arrays/jump_medium_confidence.npy,outputs/curated/stage3_sde/mainline/arrays/stage3_sdedit_tstart123_confidence_hardfusion/jump_medium_confidence.npy,MAINLINE_STAGE3_SDE,array,yes,yes,yes,high,mechanism cache for vanilla SDEdit plus confidence-aware hard-threshold fusion
outputs/stage4/stage3_sdedit_tstart123_confidence_hardfusion/arrays/jump_medium_degraded.npy,outputs/curated/stage3_sde/mainline/arrays/stage3_sdedit_tstart123_confidence_hardfusion/jump_medium_degraded.npy,MAINLINE_STAGE3_SDE,array,yes,yes,yes,high,mechanism cache for vanilla SDEdit plus confidence-aware hard-threshold fusion
outputs/stage4/stage3_sdedit_tstart123_confidence_hardfusion/arrays/jump_medium_fused_tau05_gamma1.npy,outputs/curated/stage3_sde/mainline/arrays/stage3_sdedit_tstart123_confidence_hardfusion/jump_medium_fused_tau05_gamma1.npy,MAINLINE_STAGE3_SDE,array,yes,yes,yes,high,mechanism cache for vanilla SDEdit plus confidence-aware hard-threshold fusion
outputs/stage4/stage3_sdedit_tstart123_confidence_hardfusion/arrays/jump_medium_fused_tau05_gamma2.npy,outputs/curated/stage3_sde/mainline/arrays/stage3_sdedit_tstart123_confidence_hardfusion/jump_medium_fused_tau05_gamma2.npy,MAINLINE_STAGE3_SDE,array,yes,yes,yes,high,mechanism cache for vanilla SDEdit plus confidence-aware hard-threshold fusion
outputs/stage4/stage3_sdedit_tstart123_confidence_hardfusion/arrays/jump_medium_fused_tau07_gamma1.npy,outputs/curated/stage3_sde/mainline/arrays/stage3_sdedit_tstart123_confidence_hardfusion/jump_medium_fused_tau07_gamma1.npy,MAINLINE_STAGE3_SDE,array,yes,yes,yes,high,mechanism cache for vanilla SDEdit plus confidence-aware hard-threshold fusion
outputs/stage4/stage3_sdedit_tstart123_confidence_hardfusion/arrays/jump_medium_fused_tau07_gamma2.npy,outputs/curated/stage3_sde/mainline/arrays/stage3_sdedit_tstart123_confidence_hardfusion/jump_medium_fused_tau07_gamma2.npy,MAINLINE_STAGE3_SDE,array,yes,yes,yes,high,mechanism cache for vanilla SDEdit plus confidence-aware hard-threshold fusion
outputs/stage4/stage3_sdedit_tstart123_confidence_hardfusion/arrays/jump_medium_fused_tau09_gamma1.npy,outputs/curated/stage3_sde/mainline/arrays/stage3_sdedit_tstart123_confidence_hardfusion/jump_medium_fused_tau09_gamma1.npy,MAINLINE_STAGE3_SDE,array,yes,yes,yes,high,mechanism cache for vanilla SDEdit plus confidence-aware hard-threshold fusion
outputs/stage4/stage3_sdedit_tstart123_confidence_hardfusion/arrays/jump_medium_fused_tau09_gamma2.npy,outputs/curated/stage3_sde/mainline/arrays/stage3_sdedit_tstart123_confidence_hardfusion/jump_medium_fused_tau09_gamma2.npy,MAINLINE_STAGE3_SDE,array,yes,yes,yes,high,mechanism cache for vanilla SDEdit plus confidence-aware hard-threshold fusion
outputs/stage4/stage3_sdedit_tstart123_confidence_hardfusion/arrays/jump_medium_sdedit_t1.npy,outputs/curated/stage3_sde/mainline/arrays/stage3_sdedit_tstart123_confidence_hardfusion/jump_medium_sdedit_t1.npy,MAINLINE_STAGE3_SDE,array,yes,yes,yes,high,mechanism cache for vanilla SDEdit plus confidence-aware hard-threshold fusion
outputs/stage4/stage3_sdedit_tstart123_confidence_hardfusion/arrays/jump_medium_sdedit_t2.npy,outputs/curated/stage3_sde/mainline/arrays/stage3_sdedit_tstart123_confidence_hardfusion/jump_medium_sdedit_t2.npy,MAINLINE_STAGE3_SDE,array,yes,yes,yes,high,mechanism cache for vanilla SDEdit plus confidence-aware hard-threshold fusion
outputs/stage4/stage3_sdedit_tstart123_confidence_hardfusion/arrays/jump_medium_sdedit_t3.npy,outputs/curated/stage3_sde/mainline/arrays/stage3_sdedit_tstart123_confidence_hardfusion/jump_medium_sdedit_t3.npy,MAINLINE_STAGE3_SDE,array,yes,yes,yes,high,mechanism cache for vanilla SDEdit plus confidence-aware hard-threshold fusion
outputs/stage4/stage3_sdedit_tstart123_confidence_hardfusion/figures/high_low_conf_ade_noisy_vanilla_fusion.png,outputs/curated/stage3_sde/mainline/figures/stage3_sdedit_tstart123_confidence_hardfusion/high_low_conf_ade_noisy_vanilla_fusion.png,MAINLINE_STAGE3_SDE,figure,yes,yes,yes,high,mechanism cache for vanilla SDEdit plus confidence-aware hard-threshold fusion
outputs/stage4/stage3_sdedit_tstart123_confidence_hardfusion/figures/overall_ade_noisy_vanilla_best_fusion.png,outputs/curated/stage3_sde/mainline/figures/stage3_sdedit_tstart123_confidence_hardfusion/overall_ade_noisy_vanilla_best_fusion.png,MAINLINE_STAGE3_SDE,figure,yes,yes,yes,high,mechanism cache for vanilla SDEdit plus confidence-aware hard-threshold fusion
outputs/stage4/stage3_sdedit_tstart123_confidence_hardfusion/figures/representative_bias_medium.png,outputs/curated/stage3_sde/mainline/figures/stage3_sdedit_tstart123_confidence_hardfusion/representative_bias_medium.png,MAINLINE_STAGE3_SDE,figure,yes,yes,yes,high,mechanism cache for vanilla SDEdit plus confidence-aware hard-threshold fusion
outputs/stage4/stage3_sdedit_tstart123_confidence_hardfusion/figures/representative_burst_medium.png,outputs/curated/stage3_sde/mainline/figures/stage3_sdedit_tstart123_confidence_hardfusion/representative_burst_medium.png,MAINLINE_STAGE3_SDE,figure,yes,yes,yes,high,mechanism cache for vanilla SDEdit plus confidence-aware hard-threshold fusion
outputs/stage4/stage3_sdedit_tstart123_confidence_hardfusion/figures/representative_combined_medium.png,outputs/curated/stage3_sde/mainline/figures/stage3_sdedit_tstart123_confidence_hardfusion/representative_combined_medium.png,MAINLINE_STAGE3_SDE,figure,yes,yes,yes,high,mechanism cache for vanilla SDEdit plus confidence-aware hard-threshold fusion
outputs/stage4/stage3_sdedit_tstart123_confidence_hardfusion/figures/representative_drift_medium.png,outputs/curated/stage3_sde/mainline/figures/stage3_sdedit_tstart123_confidence_hardfusion/representative_drift_medium.png,MAINLINE_STAGE3_SDE,figure,yes,yes,yes,high,mechanism cache for vanilla SDEdit plus confidence-aware hard-threshold fusion
outputs/stage4/stage3_sdedit_tstart123_confidence_hardfusion/figures/representative_gaussian_medium.png,outputs/curated/stage3_sde/mainline/figures/stage3_sdedit_tstart123_confidence_hardfusion/representative_gaussian_medium.png,MAINLINE_STAGE3_SDE,figure,yes,yes,yes,high,mechanism cache for vanilla SDEdit plus confidence-aware hard-threshold fusion
outputs/stage4/stage3_sdedit_tstart123_confidence_hardfusion/figures/representative_jump_medium.png,outputs/curated/stage3_sde/mainline/figures/stage3_sdedit_tstart123_confidence_hardfusion/representative_jump_medium.png,MAINLINE_STAGE3_SDE,figure,yes,yes,yes,high,mechanism cache for vanilla SDEdit plus confidence-aware hard-threshold fusion
outputs/stage4/stage3_sdedit_tstart123_confidence_hardfusion/figures/tstart_sweep_ade_by_condition.png,outputs/curated/stage3_sde/mainline/figures/stage3_sdedit_tstart123_confidence_hardfusion/tstart_sweep_ade_by_condition.png,MAINLINE_STAGE3_SDE,figure,yes,yes,yes,high,mechanism cache for vanilla SDEdit plus confidence-aware hard-threshold fusion
outputs/stage4/stage3_sdedit_tstart123_confidence_hardfusion/stage3_sdedit_best_tstart_by_condition.csv,outputs/curated/stage3_sde/mainline/metrics/stage3_sdedit_tstart123_confidence_hardfusion/stage3_sdedit_best_tstart_by_condition.csv,MAINLINE_STAGE3_SDE,metric_csv,yes,yes,yes,high,mechanism cache for vanilla SDEdit plus confidence-aware hard-threshold fusion
outputs/stage4/stage3_sdedit_tstart123_confidence_hardfusion/stage3_sdedit_hardfusion_condition_metrics.csv,outputs/curated/stage3_sde/mainline/metrics/stage3_sdedit_tstart123_confidence_hardfusion/stage3_sdedit_hardfusion_condition_metrics.csv,MAINLINE_STAGE3_SDE,metric_csv,yes,yes,yes,high,mechanism cache for vanilla SDEdit plus confidence-aware hard-threshold fusion
outputs/stage4/stage3_sdedit_tstart123_confidence_hardfusion/stage3_sdedit_hardfusion_confidence_bin_metrics.csv,outputs/curated/stage3_sde/mainline/metrics/stage3_sdedit_tstart123_confidence_hardfusion/stage3_sdedit_hardfusion_confidence_bin_metrics.csv,MAINLINE_STAGE3_SDE,metric_csv,yes,yes,yes,high,mechanism cache for vanilla SDEdit plus confidence-aware hard-threshold fusion
outputs/stage4/stage3_sdedit_tstart123_confidence_hardfusion/stage3_sdedit_hardfusion_passfail_diagnostic.csv,outputs/curated/stage3_sde/mainline/metrics/stage3_sdedit_tstart123_confidence_hardfusion/stage3_sdedit_hardfusion_passfail_diagnostic.csv,MAINLINE_STAGE3_SDE,metric_csv,yes,yes,yes,high,mechanism cache for vanilla SDEdit plus confidence-aware hard-threshold fusion
outputs/stage4/stage3_sdedit_tstart123_confidence_hardfusion/stage3_sdedit_tstart123_hardfusion_summary.md,outputs/curated/stage3_sde/mainline/summaries/stage3_sdedit_tstart123_confidence_hardfusion/stage3_sdedit_tstart123_hardfusion_summary.md,MAINLINE_STAGE3_SDE,markdown,yes,yes,yes,high,mechanism cache for vanilla SDEdit plus confidence-aware hard-threshold fusion
outputs/stage4/stage3_sdedit_tstart123_confidence_hardfusion/stage3_sdedit_tstart_sweep_summary.csv,outputs/curated/stage3_sde/mainline/metrics/stage3_sdedit_tstart123_confidence_hardfusion/stage3_sdedit_tstart_sweep_summary.csv,MAINLINE_STAGE3_SDE,metric_csv,yes,yes,yes,high,mechanism cache for vanilla SDEdit plus confidence-aware hard-threshold fusion
outputs/stage4/stage3_sdedit_tstart123_confidence_hardfusion/stage3_sdedit_vanilla_condition_metrics.csv,outputs/curated/stage3_sde/mainline/metrics/stage3_sdedit_tstart123_confidence_hardfusion/stage3_sdedit_vanilla_condition_metrics.csv,MAINLINE_STAGE3_SDE,metric_csv,yes,yes,yes,high,mechanism cache for vanilla SDEdit plus confidence-aware hard-threshold fusion
outputs/stage4/stage3_sdedit_tstart123_confidence_hardfusion/stage3_sdedit_vanilla_confidence_bin_metrics.csv,outputs/curated/stage3_sde/mainline/metrics/stage3_sdedit_tstart123_confidence_hardfusion/stage3_sdedit_vanilla_confidence_bin_metrics.csv,MAINLINE_STAGE3_SDE,metric_csv,yes,yes,yes,high,mechanism cache for vanilla SDEdit plus confidence-aware hard-threshold fusion
tools/stage3/baselines/__pycache__/run_kalman.cpython-314.pyc,outputs/curated/stage3_sde/legacy_or_deprecated/stage3/__pycache__/run_kalman.cpython-314.pyc,LEGACY_OR_DEPRECATED,other,no,no,no,low,cache/system file; not moved
tools/stage3/baselines/__pycache__/run_linear_interp.cpython-314.pyc,outputs/curated/stage3_sde/legacy_or_deprecated/stage3/__pycache__/run_linear_interp.cpython-314.pyc,LEGACY_OR_DEPRECATED,other,no,no,no,low,cache/system file; not moved
tools/stage3/baselines/__pycache__/run_savgol.cpython-314.pyc,outputs/curated/stage3_sde/legacy_or_deprecated/stage3/__pycache__/run_savgol.cpython-314.pyc,LEGACY_OR_DEPRECATED,other,no,no,no,low,cache/system file; not moved
tools/stage3/baselines/run_kalman.py,tools/curated/stage3_sde/legacy_or_deprecated/run_kalman.py,UNKNOWN_NEEDS_MANUAL_REVIEW,script,no,no,no,low,script not matched to current SDE cleanup rules
tools/stage3/baselines/run_linear_interp.py,tools/curated/stage3_sde/legacy_or_deprecated/run_linear_interp.py,UNKNOWN_NEEDS_MANUAL_REVIEW,script,no,no,no,low,script not matched to current SDE cleanup rules
tools/stage3/baselines/run_savgol.py,tools/curated/stage3_sde/legacy_or_deprecated/run_savgol.py,UNKNOWN_NEEDS_MANUAL_REVIEW,script,no,no,no,low,script not matched to current SDE cleanup rules
tools/stage3/build_controlled_degradation.py,tools/curated/stage3_sde/legacy_or_deprecated/build_controlled_degradation.py,UNKNOWN_NEEDS_MANUAL_REVIEW,script,no,no,no,low,script not matched to current SDE cleanup rules
tools/stage3/canonical_v1/CHANGELOG.md,outputs/curated/stage3_sde/unknown_manual_review/stage3/canonical_v1/CHANGELOG.md,UNKNOWN_NEEDS_MANUAL_REVIEW,markdown,no,no,no,low,no high-confidence cleanup rule matched
tools/stage3/canonical_v1/README.md,outputs/curated/stage3_sde/unknown_manual_review/stage3/canonical_v1/README.md,UNKNOWN_NEEDS_MANUAL_REVIEW,markdown,no,no,no,low,no high-confidence cleanup rule matched
tools/stage3/canonical_v1/__pycache__/utils.cpython-314.pyc,outputs/curated/stage3_sde/legacy_or_deprecated/stage3/__pycache__/utils.cpython-314.pyc,LEGACY_OR_DEPRECATED,other,no,no,no,low,cache/system file; not moved
tools/stage3/canonical_v1/run_canonical_v1.py,tools/curated/stage3_sde/legacy_or_deprecated/run_canonical_v1.py,UNKNOWN_NEEDS_MANUAL_REVIEW,script,no,no,no,low,script not matched to current SDE cleanup rules
tools/stage3/canonical_v1/utils.py,tools/curated/stage3_sde/legacy_or_deprecated/utils.py,UNKNOWN_NEEDS_MANUAL_REVIEW,script,no,no,no,low,script not matched to current SDE cleanup rules
tools/stage3/controlled/__init__.py,tools/curated/stage3_sde/legacy_or_deprecated/__init__.py,UNKNOWN_NEEDS_MANUAL_REVIEW,script,no,no,no,low,script not matched to current SDE cleanup rules
tools/stage3/controlled/__pycache__/__init__.cpython-314.pyc,outputs/curated/stage3_sde/legacy_or_deprecated/stage3/__pycache__/__init__.cpython-314.pyc,LEGACY_OR_DEPRECATED,other,no,no,no,low,cache/system file; not moved
tools/stage3/controlled/__pycache__/evaluate_coarse_reconstruction.cpython-314.pyc,outputs/curated/stage3_sde/legacy_or_deprecated/stage3/__pycache__/evaluate_coarse_reconstruction.cpython-314.pyc,LEGACY_OR_DEPRECATED,other,no,no,no,low,cache/system file; not moved
tools/stage3/controlled/build_controlled_degradation.py,tools/curated/stage3_sde/legacy_or_deprecated/build_controlled_degradation.py,UNKNOWN_NEEDS_MANUAL_REVIEW,script,no,no,no,low,script not matched to current SDE cleanup rules
tools/stage3/controlled/evaluate_coarse_reconstruction.py,tools/curated/stage3_sde/legacy_or_deprecated/evaluate_coarse_reconstruction.py,UNKNOWN_NEEDS_MANUAL_REVIEW,script,no,no,no,low,script not matched to current SDE cleanup rules
tools/stage3/controlled/run_coarse_reconstruction_baselines.py,tools/curated/stage3_sde/legacy_or_deprecated/run_coarse_reconstruction_baselines.py,UNKNOWN_NEEDS_MANUAL_REVIEW,script,no,no,no,low,script not matched to current SDE cleanup rules
tools/stage3/correction_exp01_ethucy_indomain_quick/CHANGELOG.md,outputs/curated/stage3_sde/unknown_manual_review/stage3/correction_exp01_ethucy_indomain_quick/CHANGELOG.md,UNKNOWN_NEEDS_MANUAL_REVIEW,markdown,no,no,no,low,no high-confidence cleanup rule matched
tools/stage3/correction_exp01_ethucy_indomain_quick/README.md,outputs/curated/stage3_sde/unknown_manual_review/stage3/correction_exp01_ethucy_indomain_quick/README.md,UNKNOWN_NEEDS_MANUAL_REVIEW,markdown,no,no,no,low,no high-confidence cleanup rule matched
tools/stage3/correction_exp01_ethucy_indomain_quick/run_exp01.py,tools/curated/stage3_sde/legacy_or_deprecated/run_exp01.py,UNKNOWN_NEEDS_MANUAL_REVIEW,script,no,no,no,low,script not matched to current SDE cleanup rules
tools/stage3/correction_exp01_ethucy_indomain_quick/utils.py,tools/curated/stage3_sde/legacy_or_deprecated/utils.py,UNKNOWN_NEEDS_MANUAL_REVIEW,script,no,no,no,low,script not matched to current SDE cleanup rules
tools/stage3/data/build_imputation_dataset.py,tools/curated/stage3_sde/legacy_or_deprecated/build_imputation_dataset.py,UNKNOWN_NEEDS_MANUAL_REVIEW,script,no,no,no,low,script not matched to current SDE cleanup rules
tools/stage3/data/build_occupancy_map.py,tools/curated/stage3_sde/legacy_or_deprecated/build_occupancy_map.py,UNKNOWN_NEEDS_MANUAL_REVIEW,script,no,no,no,low,script not matched to current SDE cleanup rules
tools/stage3/data/generate_missing_span.py,tools/curated/stage3_sde/legacy_or_deprecated/generate_missing_span.py,UNKNOWN_NEEDS_MANUAL_REVIEW,script,no,no,no,low,script not matched to current SDE cleanup rules
tools/stage3/eval/__pycache__/eval_geometry_metrics.cpython-314.pyc,outputs/curated/stage3_sde/legacy_or_deprecated/stage3/__pycache__/eval_geometry_metrics.cpython-314.pyc,LEGACY_OR_DEPRECATED,other,no,no,no,low,cache/system file; not moved
tools/stage3/eval/eval_geometry_metrics.py,tools/curated/stage3_sde/legacy_or_deprecated/eval_geometry_metrics.py,UNKNOWN_NEEDS_MANUAL_REVIEW,script,no,no,no,low,script not matched to current SDE cleanup rules
tools/stage3/eval/eval_reconstruction_metrics.py,tools/curated/stage3_sde/legacy_or_deprecated/eval_reconstruction_metrics.py,UNKNOWN_NEEDS_MANUAL_REVIEW,script,no,no,no,low,script not matched to current SDE cleanup rules
tools/stage3/eval/plot_phase1_figures.py,tools/curated/stage3_sde/legacy_or_deprecated/plot_phase1_figures.py,LEGACY_OR_DEPRECATED,script,yes,yes,yes,high,conditional-residual Stage 4 branch superseded by SDE mainline
tools/stage3/eval/plot_phase1_random_span_statistics.py,tools/curated/stage3_sde/legacy_or_deprecated/plot_phase1_random_span_statistics.py,LEGACY_OR_DEPRECATED,script,yes,yes,yes,high,conditional-residual Stage 4 branch superseded by SDE mainline
tools/stage3/eval/plot_representative_reconstruction.py,tools/curated/stage3_sde/legacy_or_deprecated/plot_representative_reconstruction.py,UNKNOWN_NEEDS_MANUAL_REVIEW,script,no,no,no,low,script not matched to current SDE cleanup rules
tools/stage3/eval/run_phase1_random_span_statistics.py,tools/curated/stage3_sde/legacy_or_deprecated/run_phase1_random_span_statistics.py,LEGACY_OR_DEPRECATED,script,yes,yes,yes,high,conditional-residual Stage 4 branch superseded by SDE mainline
tools/stage3/evaluate_coarse_reconstruction.py,tools/curated/stage3_sde/legacy_or_deprecated/evaluate_coarse_reconstruction.py,UNKNOWN_NEEDS_MANUAL_REVIEW,script,no,no,no,low,script not matched to current SDE cleanup rules
tools/stage3/figure_assets/__init__.py,tools/curated/stage3_sde/legacy_or_deprecated/__init__.py,UNKNOWN_NEEDS_MANUAL_REVIEW,script,no,no,no,low,script not matched to current SDE cleanup rules
tools/stage3/figure_assets/generate_stage3_figure_assets.py,tools/curated/stage3_sde/legacy_or_deprecated/generate_stage3_figure_assets.py,UNKNOWN_NEEDS_MANUAL_REVIEW,script,no,no,no,low,script not matched to current SDE cleanup rules
tools/stage3/geometry_extension/__init__.py,tools/curated/stage3_sde/legacy_or_deprecated/__init__.py,UNKNOWN_NEEDS_MANUAL_REVIEW,script,no,no,no,low,script not matched to current SDE cleanup rules
tools/stage3/geometry_extension/geometry_profiles.py,tools/curated/stage3_sde/legacy_or_deprecated/geometry_profiles.py,UNKNOWN_NEEDS_MANUAL_REVIEW,script,no,no,no,low,script not matched to current SDE cleanup rules
tools/stage3/geometry_extension/run_geometry_extension.py,tools/curated/stage3_sde/legacy_or_deprecated/run_geometry_extension.py,UNKNOWN_NEEDS_MANUAL_REVIEW,script,no,no,no,low,script not matched to current SDE cleanup rules
tools/stage3/refinement/__init__.py,tools/curated/stage3_sde/legacy_or_deprecated/__init__.py,UNKNOWN_NEEDS_MANUAL_REVIEW,script,no,no,no,low,script not matched to current SDE cleanup rules
tools/stage3/refinement/__pycache__/__init__.cpython-314.pyc,outputs/curated/stage3_sde/legacy_or_deprecated/stage3/__pycache__/__init__.cpython-314.pyc,LEGACY_OR_DEPRECATED,other,no,no,no,low,cache/system file; not moved
tools/stage3/refinement/__pycache__/ddpm_refiner.cpython-314.pyc,outputs/curated/stage3_sde/legacy_or_deprecated/stage3/__pycache__/ddpm_refiner.cpython-314.pyc,LEGACY_OR_DEPRECATED,other,no,no,no,low,cache/system file; not moved
tools/stage3/refinement/__pycache__/run_inpainting_experiment.cpython-314.pyc,outputs/curated/stage3_sde/legacy_or_deprecated/stage3/__pycache__/run_inpainting_experiment.cpython-314.pyc,LEGACY_OR_DEPRECATED,other,no,no,no,low,cache/system file; not moved
tools/stage3/refinement/ddpm_refiner.py,tools/curated/stage3_sde/legacy_or_deprecated/ddpm_refiner.py,UNKNOWN_NEEDS_MANUAL_REVIEW,script,no,no,no,low,script not matched to current SDE cleanup rules
tools/stage3/refinement/diagnose_v3_failure.py,tools/curated/stage3_sde/legacy_or_deprecated/diagnose_v3_failure.py,UNKNOWN_NEEDS_MANUAL_REVIEW,script,no,no,no,low,script not matched to current SDE cleanup rules
tools/stage3/refinement/evaluate_refinement.py,tools/curated/stage3_sde/legacy_or_deprecated/evaluate_refinement.py,UNKNOWN_NEEDS_MANUAL_REVIEW,script,no,no,no,low,script not matched to current SDE cleanup rules
tools/stage3/refinement/plot_refinement_results.py,tools/curated/stage3_sde/legacy_or_deprecated/plot_refinement_results.py,UNKNOWN_NEEDS_MANUAL_REVIEW,script,no,no,no,low,script not matched to current SDE cleanup rules
tools/stage3/refinement/refiners.py,tools/curated/stage3_sde/legacy_or_deprecated/refiners.py,UNKNOWN_NEEDS_MANUAL_REVIEW,script,no,no,no,low,script not matched to current SDE cleanup rules
tools/stage3/refinement/run_alpha_sweep.py,tools/curated/stage3_sde/legacy_or_deprecated/run_alpha_sweep.py,UNKNOWN_NEEDS_MANUAL_REVIEW,script,no,no,no,low,script not matched to current SDE cleanup rules
tools/stage3/refinement/run_inpainting_experiment.py,tools/curated/stage3_sde/legacy_or_deprecated/run_inpainting_experiment.py,UNKNOWN_NEEDS_MANUAL_REVIEW,script,no,no,no,low,script not matched to current SDE cleanup rules
tools/stage3/refinement/run_refinement_interface.py,tools/curated/stage3_sde/legacy_or_deprecated/run_refinement_interface.py,UNKNOWN_NEEDS_MANUAL_REVIEW,script,no,no,no,low,script not matched to current SDE cleanup rules
tools/stage3/report_issue_checkout/CHANGELOG.md,outputs/curated/stage3_sde/unknown_manual_review/stage3/report_issue_checkout/CHANGELOG.md,UNKNOWN_NEEDS_MANUAL_REVIEW,markdown,no,no,no,low,no high-confidence cleanup rule matched
tools/stage3/report_issue_checkout/README.md,outputs/curated/stage3_sde/unknown_manual_review/stage3/report_issue_checkout/README.md,UNKNOWN_NEEDS_MANUAL_REVIEW,markdown,no,no,no,low,no high-confidence cleanup rule matched
tools/stage3/report_issue_checkout/build_checkout.py,tools/curated/stage3_sde/legacy_or_deprecated/build_checkout.py,UNKNOWN_NEEDS_MANUAL_REVIEW,script,no,no,no,low,script not matched to current SDE cleanup rules
tools/stage3/run_coarse_reconstruction_baselines.py,tools/curated/stage3_sde/legacy_or_deprecated/run_coarse_reconstruction_baselines.py,UNKNOWN_NEEDS_MANUAL_REVIEW,script,no,no,no,low,script not matched to current SDE cleanup rules
tools/stage4/__pycache__/e1_failure_diagnosis.cpython-314.pyc,outputs/curated/stage3_sde/legacy_or_deprecated/stage4/__pycache__/e1_failure_diagnosis.cpython-314.pyc,LEGACY_OR_DEPRECATED,other,no,no,no,low,cache/system file; not moved
tools/stage4/__pycache__/e1_oracle_residual_gating_6conditions.cpython-314.pyc,outputs/curated/stage3_sde/legacy_or_deprecated/stage4/__pycache__/e1_oracle_residual_gating_6conditions.cpython-314.pyc,LEGACY_OR_DEPRECATED,other,no,no,no,low,cache/system file; not moved
tools/stage4/__pycache__/e1_oracle_residual_gating_full.cpython-314.pyc,outputs/curated/stage3_sde/legacy_or_deprecated/stage4/__pycache__/e1_oracle_residual_gating_full.cpython-314.pyc,LEGACY_OR_DEPRECATED,other,no,no,no,low,cache/system file; not moved
tools/stage4/__pycache__/e1_oracle_residual_gating_smoke.cpython-314.pyc,outputs/curated/stage3_sde/legacy_or_deprecated/stage4/__pycache__/e1_oracle_residual_gating_smoke.cpython-314.pyc,LEGACY_OR_DEPRECATED,other,no,no,no,low,cache/system file; not moved
tools/stage4/__pycache__/e1_supplementary_gamma_delta_ablation.cpython-314.pyc,outputs/curated/stage3_sde/legacy_or_deprecated/stage4/__pycache__/e1_supplementary_gamma_delta_ablation.cpython-314.pyc,LEGACY_OR_DEPRECATED,other,no,no,no,low,cache/system file; not moved
tools/stage4/__pycache__/e2_dps_interface_audit.cpython-314.pyc,outputs/curated/stage3_sde/legacy_or_deprecated/stage4/__pycache__/e2_dps_interface_audit.cpython-314.pyc,LEGACY_OR_DEPRECATED,other,no,no,no,low,cache/system file; not moved
tools/stage4/__pycache__/e2_dps_mean_likelihood_reaudit.cpython-314.pyc,outputs/curated/stage3_sde/legacy_or_deprecated/stage4/__pycache__/e2_dps_mean_likelihood_reaudit.cpython-314.pyc,LEGACY_OR_DEPRECATED,other,no,no,no,low,cache/system file; not moved
tools/stage4/__pycache__/e2_dps_mechanism_audit.cpython-314.pyc,outputs/curated/stage3_sde/legacy_or_deprecated/stage4/__pycache__/e2_dps_mechanism_audit.cpython-314.pyc,LEGACY_OR_DEPRECATED,other,no,no,no,low,cache/system file; not moved
tools/stage4/__pycache__/e2_dps_norm_guidance_reaudit.cpython-314.pyc,outputs/curated/stage3_sde/legacy_or_deprecated/stage4/__pycache__/e2_dps_norm_guidance_reaudit.cpython-314.pyc,LEGACY_OR_DEPRECATED,other,no,no,no,low,cache/system file; not moved
tools/stage4/__pycache__/e2_dps_pilot.cpython-314.pyc,outputs/curated/stage3_sde/legacy_or_deprecated/stage4/__pycache__/e2_dps_pilot.cpython-314.pyc,LEGACY_OR_DEPRECATED,other,no,no,no,low,cache/system file; not moved
tools/stage4/__pycache__/e3_dps_calibrated_phaseA.cpython-314.pyc,outputs/curated/stage3_sde/legacy_or_deprecated/stage4/__pycache__/e3_dps_calibrated_phaseA.cpython-314.pyc,LEGACY_OR_DEPRECATED,other,no,no,no,low,cache/system file; not moved
tools/stage4/__pycache__/e3_dps_calibrated_phaseA_extension.cpython-314.pyc,outputs/curated/stage3_sde/legacy_or_deprecated/stage4/__pycache__/e3_dps_calibrated_phaseA_extension.cpython-314.pyc,LEGACY_OR_DEPRECATED,other,no,no,no,low,cache/system file; not moved
tools/stage4/__pycache__/e3_dps_extended_sign_check.cpython-314.pyc,outputs/curated/stage3_sde/legacy_or_deprecated/stage4/__pycache__/e3_dps_extended_sign_check.cpython-314.pyc,LEGACY_OR_DEPRECATED,other,no,no,no,low,cache/system file; not moved
tools/stage4/__pycache__/e3_dps_single_step_sign_check.cpython-314.pyc,outputs/curated/stage3_sde/legacy_or_deprecated/stage4/__pycache__/e3_dps_single_step_sign_check.cpython-314.pyc,LEGACY_OR_DEPRECATED,other,no,no,no,low,cache/system file; not moved
tools/stage4/__pycache__/e3_gain_bottleneck_minimal_diagnosis.cpython-314.pyc,outputs/curated/stage3_sde/legacy_or_deprecated/stage4/__pycache__/e3_gain_bottleneck_minimal_diagnosis.cpython-314.pyc,LEGACY_OR_DEPRECATED,other,no,no,no,low,cache/system file; not moved
tools/stage4/__pycache__/e3_holdout1000_confidence_aware_sdedit.cpython-314.pyc,outputs/curated/stage3_sde/legacy_or_deprecated/stage4/__pycache__/e3_holdout1000_confidence_aware_sdedit.cpython-314.pyc,LEGACY_OR_DEPRECATED,other,no,no,no,low,cache/system file; not moved
tools/stage4/__pycache__/e3_initialized_dps_aligned_audit.cpython-314.pyc,outputs/curated/stage3_sde/legacy_or_deprecated/stage4/__pycache__/e3_initialized_dps_aligned_audit.cpython-314.pyc,LEGACY_OR_DEPRECATED,other,no,no,no,low,cache/system file; not moved
tools/stage4/__pycache__/e3_multit_candidate_source_eval.cpython-314.pyc,outputs/curated/stage3_sde/legacy_or_deprecated/stage4/__pycache__/e3_multit_candidate_source_eval.cpython-314.pyc,LEGACY_OR_DEPRECATED,other,no,no,no,low,cache/system file; not moved
tools/stage4/__pycache__/e3_multit_candidate_source_inventory.cpython-314.pyc,outputs/curated/stage3_sde/legacy_or_deprecated/stage4/__pycache__/e3_multit_candidate_source_inventory.cpython-314.pyc,LEGACY_OR_DEPRECATED,other,no,no,no,low,cache/system file; not moved
tools/stage4/__pycache__/e3_multit_per_condition_consistency_extract.cpython-314.pyc,outputs/curated/stage3_sde/legacy_or_deprecated/stage4/__pycache__/e3_multit_per_condition_consistency_extract.cpython-314.pyc,LEGACY_OR_DEPRECATED,other,no,no,no,low,cache/system file; not moved
tools/stage4/__pycache__/reconstruct_missing_stage3_cond_outputs.cpython-314.pyc,outputs/curated/stage3_sde/legacy_or_deprecated/stage4/__pycache__/reconstruct_missing_stage3_cond_outputs.cpython-314.pyc,LEGACY_OR_DEPRECATED,other,no,no,no,low,cache/system file; not moved
tools/stage4/e1_failure_diagnosis.py,tools/curated/stage3_sde/legacy_or_deprecated/e1_failure_diagnosis.py,LEGACY_OR_DEPRECATED,script,yes,yes,yes,high,conditional-residual Stage 4 branch superseded by SDE mainline
tools/stage4/e1_oracle_residual_gating_6conditions.py,tools/curated/stage3_sde/legacy_or_deprecated/e1_oracle_residual_gating_6conditions.py,LEGACY_OR_DEPRECATED,script,yes,yes,yes,high,conditional-residual Stage 4 branch superseded by SDE mainline
tools/stage4/e1_oracle_residual_gating_full.py,tools/curated/stage3_sde/legacy_or_deprecated/e1_oracle_residual_gating_full.py,LEGACY_OR_DEPRECATED,script,yes,yes,yes,high,conditional-residual Stage 4 branch superseded by SDE mainline
tools/stage4/e1_oracle_residual_gating_smoke.py,tools/curated/stage3_sde/legacy_or_deprecated/e1_oracle_residual_gating_smoke.py,LEGACY_OR_DEPRECATED,script,yes,yes,yes,high,conditional-residual Stage 4 branch superseded by SDE mainline
tools/stage4/e1_supplementary_gamma_delta_ablation.py,tools/curated/stage3_sde/legacy_or_deprecated/e1_supplementary_gamma_delta_ablation.py,LEGACY_OR_DEPRECATED,script,yes,yes,yes,high,conditional-residual Stage 4 branch superseded by SDE mainline
tools/stage4/e2_dps_interface_audit.py,tools/curated/stage3_sde/negative_diagnostic/e2_dps_interface_audit.py,NEGATIVE_DIAGNOSTIC,script,yes,yes,yes,high,DPS audit or rejected DPS alternative
tools/stage4/e2_dps_mean_likelihood_reaudit.py,tools/curated/stage3_sde/negative_diagnostic/e2_dps_mean_likelihood_reaudit.py,NEGATIVE_DIAGNOSTIC,script,yes,yes,yes,high,DPS audit or rejected DPS alternative
tools/stage4/e2_dps_mechanism_audit.py,tools/curated/stage3_sde/negative_diagnostic/e2_dps_mechanism_audit.py,NEGATIVE_DIAGNOSTIC,script,yes,yes,yes,high,DPS audit or rejected DPS alternative
tools/stage4/e2_dps_nan_diagnosis.py,tools/curated/stage3_sde/negative_diagnostic/e2_dps_nan_diagnosis.py,NEGATIVE_DIAGNOSTIC,script,yes,yes,yes,high,DPS audit or rejected DPS alternative
tools/stage4/e2_dps_norm_guidance_reaudit.py,tools/curated/stage3_sde/negative_diagnostic/e2_dps_norm_guidance_reaudit.py,NEGATIVE_DIAGNOSTIC,script,yes,yes,yes,high,DPS audit or rejected DPS alternative
tools/stage4/e2_dps_pilot.py,tools/curated/stage3_sde/negative_diagnostic/e2_dps_pilot.py,NEGATIVE_DIAGNOSTIC,script,yes,yes,yes,high,DPS audit or rejected DPS alternative
tools/stage4/e2_min_absolute_posterior_anchoring.py,tools/curated/stage3_sde/negative_diagnostic/e2_min_absolute_posterior_anchoring.py,NEGATIVE_DIAGNOSTIC,script,yes,yes,yes,high,E2-Min deterministic posterior anchoring diagnostic
tools/stage4/e2_min_condition_level_diagnostics.py,tools/curated/stage3_sde/negative_diagnostic/e2_min_condition_level_diagnostics.py,NEGATIVE_DIAGNOSTIC,script,yes,yes,yes,high,E2-Min deterministic posterior anchoring diagnostic
tools/stage4/e2_prior_signal_sanity_bias.py,tools/curated/stage3_sde/negative_diagnostic/e2_prior_signal_sanity_bias.py,NEGATIVE_DIAGNOSTIC,script,yes,yes,yes,high,bias prior-signal sanity diagnostic
tools/stage4/e3_dps_calibrated_phaseA.py,tools/curated/stage3_sde/negative_diagnostic/e3_dps_calibrated_phaseA.py,NEGATIVE_DIAGNOSTIC,script,yes,yes,yes,high,DPS audit or rejected DPS alternative
tools/stage4/e3_dps_calibrated_phaseA_extension.py,tools/curated/stage3_sde/negative_diagnostic/e3_dps_calibrated_phaseA_extension.py,NEGATIVE_DIAGNOSTIC,script,yes,yes,yes,high,DPS audit or rejected DPS alternative
tools/stage4/e3_dps_extended_sign_check.py,tools/curated/stage3_sde/negative_diagnostic/e3_dps_extended_sign_check.py,NEGATIVE_DIAGNOSTIC,script,yes,yes,yes,high,DPS audit or rejected DPS alternative
tools/stage4/e3_dps_single_step_sign_check.py,tools/curated/stage3_sde/negative_diagnostic/e3_dps_single_step_sign_check.py,NEGATIVE_DIAGNOSTIC,script,yes,yes,yes,high,DPS audit or rejected DPS alternative
tools/stage4/e3_gain_bottleneck_minimal_diagnosis.py,tools/curated/stage3_sde/supplementary_ablation/e3_gain_bottleneck_minimal_diagnosis.py,SUPPLEMENTARY_ABLATION,script,yes,yes,yes,high,gain bottleneck oracle/correction-direction diagnostic
tools/stage4/e3_holdout1000_confidence_aware_sdedit.py,tools/curated/stage3_sde/mainline/e3_holdout1000_confidence_aware_sdedit.py,MAINLINE_STAGE3_SDE,script,yes,yes,yes,high,mainline holdout-1000 confidence-aware SDEdit script
tools/stage4/e3_initialized_dps_aligned_audit.py,tools/curated/stage3_sde/negative_diagnostic/e3_initialized_dps_aligned_audit.py,NEGATIVE_DIAGNOSTIC,script,yes,yes,yes,high,DPS audit or rejected DPS alternative
tools/stage4/e3_multit_candidate_source_eval.py,tools/curated/stage3_sde/supplementary_ablation/e3_multit_candidate_source_eval.py,SUPPLEMENTARY_ABLATION,script,yes,yes,yes,high,multi-t candidate-source ablation / consistency extraction
tools/stage4/e3_multit_candidate_source_inventory.py,tools/curated/stage3_sde/supplementary_ablation/e3_multit_candidate_source_inventory.py,SUPPLEMENTARY_ABLATION,script,yes,yes,yes,high,multi-t candidate-source ablation / consistency extraction
tools/stage4/e3_multit_per_condition_consistency_extract.py,tools/curated/stage3_sde/supplementary_ablation/e3_multit_per_condition_consistency_extract.py,SUPPLEMENTARY_ABLATION,script,yes,yes,yes,high,multi-t candidate-source ablation / consistency extraction
tools/stage4/rebuild_e1_confidence_cache.py,tools/curated/stage3_sde/legacy_or_deprecated/rebuild_e1_confidence_cache.py,LEGACY_OR_DEPRECATED,script,yes,yes,yes,high,conditional-residual Stage 4 branch superseded by SDE mainline
tools/stage4/reconstruct_missing_stage3_cond_outputs.py,tools/curated/stage3_sde/legacy_or_deprecated/reconstruct_missing_stage3_cond_outputs.py,LEGACY_OR_DEPRECATED,script,yes,yes,yes,high,conditional-residual support script; not current SDE mainline
tools/stage4/stage3_sdedit_mechanism_diagnosis.py,tools/curated/stage3_sde/negative_diagnostic/stage3_sdedit_mechanism_diagnosis.py,NEGATIVE_DIAGNOSTIC,script,yes,yes,yes,high,old vanilla SDEdit mechanism/limitation diagnosis
tools/stage4/stage3_sdedit_tstart123_confidence_hardfusion.py,tools/curated/stage3_sde/mainline/stage3_sdedit_tstart123_confidence_hardfusion.py,MAINLINE_STAGE3_SDE,script,yes,yes,yes,high,mainline mechanism cache/fusion script
