original_path,proposed_new_path,category,item_type,should_move,should_delete_original_after_move,requires_reference_update,confidence,notes,source_hash,destination_hash,status,move_method,message
docs/stage4/E2_DPS_hypothesis.md,docs/stage3_sde/imported_stage4_docs/E2_DPS_hypothesis.md,NEGATIVE_DIAGNOSTIC,markdown,yes,yes,yes,high,DPS audit or rejected DPS alternative,4b69d9128223997cc2317bb7a8ef4fabc70789b3ca5b4d78615784d418b30eb6,4b69d9128223997cc2317bb7a8ef4fabc70789b3ca5b4d78615784d418b30eb6,moved,shutil.move,hash verified
docs/stage4/E2_DPS_hypothesis_amendment_001.md,docs/stage3_sde/imported_stage4_docs/E2_DPS_hypothesis_amendment_001.md,NEGATIVE_DIAGNOSTIC,markdown,yes,yes,yes,high,DPS audit or rejected DPS alternative,79db4cdf501f42e8e712ae9f2cd1ec3734d179be21c81a7a5abf6988f030a404,79db4cdf501f42e8e712ae9f2cd1ec3734d179be21c81a7a5abf6988f030a404,moved,shutil.move,hash verified
docs/stage4/E2_DPS_hypothesis_amendment_002.md,docs/stage3_sde/imported_stage4_docs/E2_DPS_hypothesis_amendment_002.md,NEGATIVE_DIAGNOSTIC,markdown,yes,yes,yes,high,DPS audit or rejected DPS alternative,fab1208dea0cdfa2d2addd7bf261f4c6efc03db2ac19021ead8d1676c3566257,fab1208dea0cdfa2d2addd7bf261f4c6efc03db2ac19021ead8d1676c3566257,moved,shutil.move,hash verified
docs/stage4/E3_observation_initialized_prior_interface_audit.md,docs/stage3_sde/imported_stage4_docs/E3_observation_initialized_prior_interface_audit.md,FUTURE_SENSOR_INTERFACE,markdown,yes,yes,yes,high,future observation-initialized prior interface audit,f78356e317f387cc1917b694dabfc308408f568cd03b3d5b07bbb4e62664a06f,f78356e317f387cc1917b694dabfc308408f568cd03b3d5b07bbb4e62664a06f,moved,shutil.move,hash verified
docs/stage4/e3_frozen_holdout1000_baseline.md,docs/stage3_sde/imported_stage4_docs/e3_frozen_holdout1000_baseline.md,MAINLINE_STAGE3_SDE,markdown,yes,yes,yes,high,frozen E3/SDE baseline document,8c4d9c16114397ab5fc37280c98dcc7243448a2d91aad2a2180bbef3ceb2d8f8,8c4d9c16114397ab5fc37280c98dcc7243448a2d91aad2a2180bbef3ceb2d8f8,moved,shutil.move,hash verified
docs/stage4/stage3_sde_legacy_audit.md,docs/stage3_sde/imported_stage4_docs/stage3_sde_legacy_audit.md,NEGATIVE_DIAGNOSTIC,markdown,yes,yes,yes,high,legacy SDE/SDEdit audit supporting limitation analysis,889c5e2e31cdb2cedb134f8b2abc800d0ea51401169bb4988f413e5cb24b46a0,889c5e2e31cdb2cedb134f8b2abc800d0ea51401169bb4988f413e5cb24b46a0,moved,shutil.move,hash verified
outputs/stage3_indoor/conditional_residual_ddpm_gaussian/seed42/cond_residual_gaussian_conclusion.json,outputs/curated/stage3_sde/legacy_or_deprecated/conditional_residual_ddpm_gaussian/seed42/cond_residual_gaussian_conclusion.json,LEGACY_OR_DEPRECATED,json,yes,yes,yes,high,conditional-residual Stage 4 branch superseded by SDE mainline,e106c3b3280e07e43d510af55fff79a68585685c90949dbfd9439eccd695c0cb,e106c3b3280e07e43d510af55fff79a68585685c90949dbfd9439eccd695c0cb,moved,git mv,hash verified
outputs/stage3_indoor/conditional_residual_ddpm_gaussian/seed42/cond_residual_gaussian_eval.png,outputs/curated/stage3_sde/legacy_or_deprecated/conditional_residual_ddpm_gaussian/seed42/cond_residual_gaussian_eval.png,LEGACY_OR_DEPRECATED,figure,yes,yes,yes,high,conditional-residual Stage 4 branch superseded by SDE mainline,5d2107813531250dcda980a165b2933d8f7be8c57c58622a90f2a2146064fe23,5d2107813531250dcda980a165b2933d8f7be8c57c58622a90f2a2146064fe23,moved,git mv,hash verified
outputs/stage3_indoor/conditional_residual_ddpm_gaussian/seed42/cond_residual_gaussian_per_traj.csv,outputs/curated/stage3_sde/legacy_or_deprecated/conditional_residual_ddpm_gaussian/seed42/cond_residual_gaussian_per_traj.csv,LEGACY_OR_DEPRECATED,metric_csv,yes,yes,yes,high,conditional-residual Stage 4 branch superseded by SDE mainline,336611d37d5b3ab490e1a9ced67e49ca05e5031b39834bf7e6f9b2ff92409ac3,336611d37d5b3ab490e1a9ced67e49ca05e5031b39834bf7e6f9b2ff92409ac3,moved,git mv,hash verified
outputs/stage3_indoor/conditional_residual_ddpm_gaussian/seed42/cond_residual_gaussian_summary.csv,outputs/curated/stage3_sde/legacy_or_deprecated/conditional_residual_ddpm_gaussian/seed42/cond_residual_gaussian_summary.csv,LEGACY_OR_DEPRECATED,metric_csv,yes,yes,yes,high,conditional-residual Stage 4 branch superseded by SDE mainline,e6257f629ce141e5a230a2a84f39b6330d25273a6caa0ee1f33f2814157eaad3,e6257f629ce141e5a230a2a84f39b6330d25273a6caa0ee1f33f2814157eaad3,moved,git mv,hash verified
outputs/stage3_indoor/conditional_residual_ddpm_gaussian/seed42/eval_degraded_gaussian.npy,outputs/curated/stage3_sde/legacy_or_deprecated/conditional_residual_ddpm_gaussian/seed42/eval_degraded_gaussian.npy,LEGACY_OR_DEPRECATED,array,yes,yes,yes,high,conditional-residual Stage 4 branch superseded by SDE mainline,ef5d2cc235d66bd106b8b07d3257ddb77a05cca140512618503228a98a38f220,ef5d2cc235d66bd106b8b07d3257ddb77a05cca140512618503228a98a38f220,moved,git mv,hash verified
outputs/stage3_indoor/conditional_residual_ddpm_gaussian/seed42/generalization_conclusion.json,outputs/curated/stage3_sde/legacy_or_deprecated/conditional_residual_ddpm_gaussian/seed42/generalization_conclusion.json,LEGACY_OR_DEPRECATED,json,yes,yes,yes,high,conditional-residual Stage 4 branch superseded by SDE mainline,6f016530e0a8bfdf0186943c3f70834527ee583189f476bda87ad6c3ccc65345,6f016530e0a8bfdf0186943c3f70834527ee583189f476bda87ad6c3ccc65345,moved,git mv,hash verified
outputs/stage3_indoor/conditional_residual_ddpm_gaussian/seed42/generalization_degraded_bias.npy,outputs/curated/stage3_sde/legacy_or_deprecated/conditional_residual_ddpm_gaussian/seed42/generalization_degraded_bias.npy,LEGACY_OR_DEPRECATED,array,yes,yes,yes,high,conditional-residual Stage 4 branch superseded by SDE mainline,cc6ccdab0ef14b177c3fd8ef2fc9fd1885db1a60a14a6e056daa5269f0523470,cc6ccdab0ef14b177c3fd8ef2fc9fd1885db1a60a14a6e056daa5269f0523470,moved,git mv,hash verified
outputs/stage3_indoor/conditional_residual_ddpm_gaussian/seed42/generalization_degraded_burst.npy,outputs/curated/stage3_sde/legacy_or_deprecated/conditional_residual_ddpm_gaussian/seed42/generalization_degraded_burst.npy,LEGACY_OR_DEPRECATED,array,yes,yes,yes,high,conditional-residual Stage 4 branch superseded by SDE mainline,53e1fc90350fd2a90c6b4973f5fbf19b56da32a26003dbc03b7da38b153b1a73,53e1fc90350fd2a90c6b4973f5fbf19b56da32a26003dbc03b7da38b153b1a73,moved,git mv,hash verified
outputs/stage3_indoor/conditional_residual_ddpm_gaussian/seed42/generalization_degraded_combined.npy,outputs/curated/stage3_sde/legacy_or_deprecated/conditional_residual_ddpm_gaussian/seed42/generalization_degraded_combined.npy,LEGACY_OR_DEPRECATED,array,yes,yes,yes,high,conditional-residual Stage 4 branch superseded by SDE mainline,3290b004708fd5f9329de2bc6f001d7eccfe000c2ace827040c026910b9dcdef,3290b004708fd5f9329de2bc6f001d7eccfe000c2ace827040c026910b9dcdef,moved,git mv,hash verified
outputs/stage3_indoor/conditional_residual_ddpm_gaussian/seed42/generalization_degraded_drift.npy,outputs/curated/stage3_sde/legacy_or_deprecated/conditional_residual_ddpm_gaussian/seed42/generalization_degraded_drift.npy,LEGACY_OR_DEPRECATED,array,yes,yes,yes,high,conditional-residual Stage 4 branch superseded by SDE mainline,6bb80f3a14f6fb7feae4beaea777c2c94169e57cc2c8c55673a995e2e505567c,6bb80f3a14f6fb7feae4beaea777c2c94169e57cc2c8c55673a995e2e505567c,moved,git mv,hash verified
outputs/stage3_indoor/conditional_residual_ddpm_gaussian/seed42/generalization_degraded_gaussian.npy,outputs/curated/stage3_sde/legacy_or_deprecated/conditional_residual_ddpm_gaussian/seed42/generalization_degraded_gaussian.npy,LEGACY_OR_DEPRECATED,array,yes,yes,yes,high,conditional-residual Stage 4 branch superseded by SDE mainline,ef5d2cc235d66bd106b8b07d3257ddb77a05cca140512618503228a98a38f220,ef5d2cc235d66bd106b8b07d3257ddb77a05cca140512618503228a98a38f220,moved,git mv,hash verified
outputs/stage3_indoor/conditional_residual_ddpm_gaussian/seed42/generalization_degraded_jump.npy,outputs/curated/stage3_sde/legacy_or_deprecated/conditional_residual_ddpm_gaussian/seed42/generalization_degraded_jump.npy,LEGACY_OR_DEPRECATED,array,yes,yes,yes,high,conditional-residual Stage 4 branch superseded by SDE mainline,5113f070f9ca9a84fbb14fa99c974857cb79c362e8fa52be94e9fdc617f5e2f8,5113f070f9ca9a84fbb14fa99c974857cb79c362e8fa52be94e9fdc617f5e2f8,moved,git mv,hash verified
outputs/stage3_indoor/conditional_residual_ddpm_gaussian/seed42/generalization_diagnostic.png,outputs/curated/stage3_sde/legacy_or_deprecated/conditional_residual_ddpm_gaussian/seed42/generalization_diagnostic.png,LEGACY_OR_DEPRECATED,figure,yes,yes,yes,high,conditional-residual Stage 4 branch superseded by SDE mainline,7de4242ea9dec255e868cf2b7c2d594900ebfafb43eefd393d3c1952618b821f,7de4242ea9dec255e868cf2b7c2d594900ebfafb43eefd393d3c1952618b821f,moved,git mv,hash verified
outputs/stage3_indoor/conditional_residual_ddpm_gaussian/seed42/generalization_per_traj.csv,outputs/curated/stage3_sde/legacy_or_deprecated/conditional_residual_ddpm_gaussian/seed42/generalization_per_traj.csv,LEGACY_OR_DEPRECATED,metric_csv,yes,yes,yes,high,conditional-residual Stage 4 branch superseded by SDE mainline,c05b8ea26cb770b4cd08be64e306c98ae71bd56b7a4bf74b5bece719eb954872,c05b8ea26cb770b4cd08be64e306c98ae71bd56b7a4bf74b5bece719eb954872,moved,git mv,hash verified
outputs/stage3_indoor/conditional_residual_ddpm_gaussian/seed42/generalization_summary.csv,outputs/curated/stage3_sde/legacy_or_deprecated/conditional_residual_ddpm_gaussian/seed42/generalization_summary.csv,LEGACY_OR_DEPRECATED,metric_csv,yes,yes,yes,high,conditional-residual Stage 4 branch superseded by SDE mainline,da071021072866f3155f14af6b49ea08282dff5b87b39bffc5863ad0aadaf275,da071021072866f3155f14af6b49ea08282dff5b87b39bffc5863ad0aadaf275,moved,git mv,hash verified
outputs/stage3_indoor/conditional_residual_ddpm_gaussian/seed42/loss_curve.csv,outputs/curated/stage3_sde/legacy_or_deprecated/conditional_residual_ddpm_gaussian/seed42/loss_curve.csv,LEGACY_OR_DEPRECATED,metric_csv,yes,yes,yes,high,conditional-residual Stage 4 branch superseded by SDE mainline,e943ae40352486a8be6cf575cbecb1720a1935e8d90850394887a1f3558860a3,e943ae40352486a8be6cf575cbecb1720a1935e8d90850394887a1f3558860a3,moved,git mv,hash verified
outputs/stage3_indoor/conditional_residual_ddpm_gaussian/seed42/rel_norm_params_v2.npz,outputs/curated/stage3_sde/legacy_or_deprecated/conditional_residual_ddpm_gaussian/seed42/rel_norm_params_v2.npz,LEGACY_OR_DEPRECATED,array,yes,yes,yes,high,conditional-residual Stage 4 branch superseded by SDE mainline,13f37ab8e914e4adab2cf77613f40996b5832eb5ead5b0c6d2075761b87b803a,13f37ab8e914e4adab2cf77613f40996b5832eb5ead5b0c6d2075761b87b803a,moved,git mv,hash verified
outputs/stage3_indoor/report/tables/table1_gaussian_medium.csv,outputs/curated/stage3_sde/legacy_or_deprecated/report/tables/table1_gaussian_medium.csv,LEGACY_OR_DEPRECATED,metric_csv,yes,yes,yes,high,conditional-residual Stage 4 branch superseded by SDE mainline,009fa6810bea26ca96a825b2045f771a9cf8f49e6cbc2f1149d407c629416545,009fa6810bea26ca96a825b2045f771a9cf8f49e6cbc2f1149d407c629416545,moved,git mv,hash verified
outputs/stage3_indoor/sdedit_diagnostic/diagnostic_config.json,outputs/curated/stage3_sde/negative_diagnostic/old_sdedit_diagnosis/sdedit_diagnostic/sdedit_diagnostic/diagnostic_config.json,NEGATIVE_DIAGNOSTIC,json,yes,yes,yes,high,old vanilla SDEdit mechanism/limitation diagnosis,6388c8b8d10e5793a8e8775a11626696eed13e6caac33ab433f3dfbf90e89a96,6388c8b8d10e5793a8e8775a11626696eed13e6caac33ab433f3dfbf90e89a96,moved,git mv,hash verified
outputs/stage3_indoor/sdedit_diagnostic/diagnostic_examples.png,outputs/curated/stage3_sde/negative_diagnostic/old_sdedit_diagnosis/sdedit_diagnostic/sdedit_diagnostic/diagnostic_examples.png,NEGATIVE_DIAGNOSTIC,figure,yes,yes,yes,high,old vanilla SDEdit mechanism/limitation diagnosis,286a8e3de12708066662bf29d2efade9ad980eb7b5b8660a12572e8966c22cd2,286a8e3de12708066662bf29d2efade9ad980eb7b5b8660a12572e8966c22cd2,moved,git mv,hash verified
outputs/stage3_indoor/sdedit_diagnostic/diagnostic_per_traj.csv,outputs/curated/stage3_sde/negative_diagnostic/old_sdedit_diagnosis/sdedit_diagnostic/sdedit_diagnostic/diagnostic_per_traj.csv,NEGATIVE_DIAGNOSTIC,metric_csv,yes,yes,yes,high,old vanilla SDEdit mechanism/limitation diagnosis,7354bc847759dec5366699b3c7dd3aa1c47ad3a7f34c25cbeca7d8b5357f0325,7354bc847759dec5366699b3c7dd3aa1c47ad3a7f34c25cbeca7d8b5357f0325,moved,git mv,hash verified
outputs/stage3_indoor/sdedit_diagnostic/diagnostic_summary.csv,outputs/curated/stage3_sde/negative_diagnostic/old_sdedit_diagnosis/sdedit_diagnostic/sdedit_diagnostic/diagnostic_summary.csv,NEGATIVE_DIAGNOSTIC,metric_csv,yes,yes,yes,high,old vanilla SDEdit mechanism/limitation diagnosis,09f719c1507a7cfcfd4cbc032d790da1677fceea39f5231bca16a3d8c0fa59b0,09f719c1507a7cfcfd4cbc032d790da1677fceea39f5231bca16a3d8c0fa59b0,moved,git mv,hash verified
outputs/stage4/e1_failure_diagnosis/conservative_gate_gamma_ablation.csv,outputs/curated/stage3_sde/legacy_or_deprecated/e1_failure_diagnosis/e1_failure_diagnosis/conservative_gate_gamma_ablation.csv,LEGACY_OR_DEPRECATED,metric_csv,yes,yes,yes,high,conditional-residual Stage 4 branch superseded by SDE mainline,4d6129c0a096d959435879cb971733c817ce4aa135b826f207e3fe32386f1228,4d6129c0a096d959435879cb971733c817ce4aa135b826f207e3fe32386f1228,moved,shutil.move,hash verified
outputs/stage4/e1_failure_diagnosis/delta0_c2_tradeoff.csv,outputs/curated/stage3_sde/legacy_or_deprecated/e1_failure_diagnosis/e1_failure_diagnosis/delta0_c2_tradeoff.csv,LEGACY_OR_DEPRECATED,metric_csv,yes,yes,yes,high,conditional-residual Stage 4 branch superseded by SDE mainline,062d480b2ce52be4f1ceb980b6ce0d65b5f2ca834cce68942e46cfb4b61ade16,062d480b2ce52be4f1ceb980b6ce0d65b5f2ca834cce68942e46cfb4b61ade16,moved,shutil.move,hash verified
outputs/stage4/e1_failure_diagnosis/diagnosis_figures.csv,outputs/curated/stage3_sde/legacy_or_deprecated/e1_failure_diagnosis/e1_failure_diagnosis/diagnosis_figures.csv,LEGACY_OR_DEPRECATED,metric_csv,yes,yes,yes,high,conditional-residual Stage 4 branch superseded by SDE mainline,7af97e9ce3514115360903e432a2dce1810b41cad1886f7b82be56355b10d6a6,7af97e9ce3514115360903e432a2dce1810b41cad1886f7b82be56355b10d6a6,moved,shutil.move,hash verified
outputs/stage4/e1_failure_diagnosis/diagnosis_summary.md,outputs/curated/stage3_sde/legacy_or_deprecated/e1_failure_diagnosis/e1_failure_diagnosis/diagnosis_summary.md,LEGACY_OR_DEPRECATED,markdown,yes,yes,yes,high,conditional-residual Stage 4 branch superseded by SDE mainline,d6b73135bd905fec887271a992afe6060e64b3bf64e28ada4d503945eb5c1a15,d6b73135bd905fec887271a992afe6060e64b3bf64e28ada4d503945eb5c1a15,moved,shutil.move,hash verified
outputs/stage4/e1_failure_diagnosis/failure_cause_judgment.csv,outputs/curated/stage3_sde/legacy_or_deprecated/e1_failure_diagnosis/e1_failure_diagnosis/failure_cause_judgment.csv,LEGACY_OR_DEPRECATED,metric_csv,yes,yes,yes,high,conditional-residual Stage 4 branch superseded by SDE mainline,6c41192872220ddba260ae600b54752f98292dd6a018a0f826136a5b248d7f81,6c41192872220ddba260ae600b54752f98292dd6a018a0f826136a5b248d7f81,moved,shutil.move,hash verified
outputs/stage4/e1_failure_diagnosis/figures/burst_medium_failure_traj114.png,outputs/curated/stage3_sde/legacy_or_deprecated/e1_failure_diagnosis/figures/burst_medium_failure_traj114.png,LEGACY_OR_DEPRECATED,figure,yes,yes,yes,high,conditional-residual Stage 4 branch superseded by SDE mainline,16d46c8634e9e70ab77147f175b4e08af5bbc491811aa67664f9c93161f067dd,16d46c8634e9e70ab77147f175b4e08af5bbc491811aa67664f9c93161f067dd,moved,shutil.move,hash verified
outputs/stage4/e1_failure_diagnosis/figures/burst_medium_failure_traj172.png,outputs/curated/stage3_sde/legacy_or_deprecated/e1_failure_diagnosis/figures/burst_medium_failure_traj172.png,LEGACY_OR_DEPRECATED,figure,yes,yes,yes,high,conditional-residual Stage 4 branch superseded by SDE mainline,78c8501fd0eb639fd33c8af7817b1bcb28116ec3303900b7b157b28f364c3d43,78c8501fd0eb639fd33c8af7817b1bcb28116ec3303900b7b157b28f364c3d43,moved,shutil.move,hash verified
outputs/stage4/e1_failure_diagnosis/figures/burst_medium_failure_traj41.png,outputs/curated/stage3_sde/legacy_or_deprecated/e1_failure_diagnosis/figures/burst_medium_failure_traj41.png,LEGACY_OR_DEPRECATED,figure,yes,yes,yes,high,conditional-residual Stage 4 branch superseded by SDE mainline,1bd3c246e76773cf83dd9a66fdd86a42d2e734adccfe7fc7cbb086fd722d1b8a,1bd3c246e76773cf83dd9a66fdd86a42d2e734adccfe7fc7cbb086fd722d1b8a,moved,shutil.move,hash verified
outputs/stage4/e1_failure_diagnosis/figures/drift_medium_failure_traj156.png,outputs/curated/stage3_sde/legacy_or_deprecated/e1_failure_diagnosis/figures/drift_medium_failure_traj156.png,LEGACY_OR_DEPRECATED,figure,yes,yes,yes,high,conditional-residual Stage 4 branch superseded by SDE mainline,ec5df45776caad005e107b1c51b41993013206c4fcaabae6d97502d53ac768a5,ec5df45776caad005e107b1c51b41993013206c4fcaabae6d97502d53ac768a5,moved,shutil.move,hash verified
outputs/stage4/e1_failure_diagnosis/figures/drift_medium_failure_traj160.png,outputs/curated/stage3_sde/legacy_or_deprecated/e1_failure_diagnosis/figures/drift_medium_failure_traj160.png,LEGACY_OR_DEPRECATED,figure,yes,yes,yes,high,conditional-residual Stage 4 branch superseded by SDE mainline,3f0475c949133fd62dc91cc35f6c0b359d24056205e9b8d287e335bec4f95036,3f0475c949133fd62dc91cc35f6c0b359d24056205e9b8d287e335bec4f95036,moved,shutil.move,hash verified
outputs/stage4/e1_failure_diagnosis/figures/drift_medium_failure_traj65.png,outputs/curated/stage3_sde/legacy_or_deprecated/e1_failure_diagnosis/figures/drift_medium_failure_traj65.png,LEGACY_OR_DEPRECATED,figure,yes,yes,yes,high,conditional-residual Stage 4 branch superseded by SDE mainline,cecc07c90b4c917c5394f54ce5f831dbacdda50252b3f105ba84018e98e7d1cc,cecc07c90b4c917c5394f54ce5f831dbacdda50252b3f105ba84018e98e7d1cc,moved,shutil.move,hash verified
outputs/stage4/e1_failure_diagnosis/high_confidence_failure_summary.csv,outputs/curated/stage3_sde/legacy_or_deprecated/e1_failure_diagnosis/e1_failure_diagnosis/high_confidence_failure_summary.csv,LEGACY_OR_DEPRECATED,metric_csv,yes,yes,yes,high,conditional-residual Stage 4 branch superseded by SDE mainline,b13dca761fcf923f61422f19609eb844e2b19399879b16fd5bf8199d7076093f,b13dca761fcf923f61422f19609eb844e2b19399879b16fd5bf8199d7076093f,moved,shutil.move,hash verified
outputs/stage4/e1_failure_diagnosis/trajectory_dominance.csv,outputs/curated/stage3_sde/legacy_or_deprecated/e1_failure_diagnosis/e1_failure_diagnosis/trajectory_dominance.csv,LEGACY_OR_DEPRECATED,metric_csv,yes,yes,yes,high,conditional-residual Stage 4 branch superseded by SDE mainline,00287ee1a6c38c0432a4beff5f4cd38eaa8e19e1a13432b4fe6872e34b2f900e,00287ee1a6c38c0432a4beff5f4cd38eaa8e19e1a13432b4fe6872e34b2f900e,moved,shutil.move,hash verified
outputs/stage4/e1_failure_diagnosis/worst10_high_confidence_violations.csv,outputs/curated/stage3_sde/legacy_or_deprecated/e1_failure_diagnosis/e1_failure_diagnosis/worst10_high_confidence_violations.csv,LEGACY_OR_DEPRECATED,metric_csv,yes,yes,yes,high,conditional-residual Stage 4 branch superseded by SDE mainline,2df4c3f591f35ae4916812886dd1932839739c6f4407702aa373984bf53c5c83,2df4c3f591f35ae4916812886dd1932839739c6f4407702aa373984bf53c5c83,moved,shutil.move,hash verified
outputs/stage4/e1_oracle_residual_gating_6conditions/confidence_cache/bias_medium_confidence.npy,outputs/curated/stage3_sde/legacy_or_deprecated/e1_oracle_residual_gating_6conditions/confidence_cache/bias_medium_confidence.npy,LEGACY_OR_DEPRECATED,array,yes,yes,yes,high,conditional-residual Stage 4 branch superseded by SDE mainline,7d8ab4e4f8debcd5addb87271a1d4344d1b33b87df65aceb500a85aa7d6caa1b,7d8ab4e4f8debcd5addb87271a1d4344d1b33b87df65aceb500a85aa7d6caa1b,moved,shutil.move,hash verified
outputs/stage4/e1_oracle_residual_gating_6conditions/confidence_cache/bias_medium_confidence_validation.json,outputs/curated/stage3_sde/legacy_or_deprecated/e1_oracle_residual_gating_6conditions/confidence_cache/bias_medium_confidence_validation.json,LEGACY_OR_DEPRECATED,json,yes,yes,yes,high,conditional-residual Stage 4 branch superseded by SDE mainline,4a10c9826477395dcc8a22cb4e79db64385ddcd6e8a6f8cf2ec045ef1817a3c5,4a10c9826477395dcc8a22cb4e79db64385ddcd6e8a6f8cf2ec045ef1817a3c5,moved,shutil.move,hash verified
outputs/stage4/e1_oracle_residual_gating_6conditions/confidence_cache/burst_medium_confidence.npy,outputs/curated/stage3_sde/legacy_or_deprecated/e1_oracle_residual_gating_6conditions/confidence_cache/burst_medium_confidence.npy,LEGACY_OR_DEPRECATED,array,yes,yes,yes,high,conditional-residual Stage 4 branch superseded by SDE mainline,626f98e192e849fb5127d12d0fdf76b7277c389a747f43a217852a7b81b03829,626f98e192e849fb5127d12d0fdf76b7277c389a747f43a217852a7b81b03829,moved,shutil.move,hash verified
outputs/stage4/e1_oracle_residual_gating_6conditions/confidence_cache/burst_medium_confidence_validation.json,outputs/curated/stage3_sde/legacy_or_deprecated/e1_oracle_residual_gating_6conditions/confidence_cache/burst_medium_confidence_validation.json,LEGACY_OR_DEPRECATED,json,yes,yes,yes,high,conditional-residual Stage 4 branch superseded by SDE mainline,8933b7cc8e76285abed25884a85abc92bcec3d8c83ee08ab30dca3dd4d457aa1,8933b7cc8e76285abed25884a85abc92bcec3d8c83ee08ab30dca3dd4d457aa1,moved,shutil.move,hash verified
outputs/stage4/e1_oracle_residual_gating_6conditions/confidence_cache/combined_medium_confidence.npy,outputs/curated/stage3_sde/legacy_or_deprecated/e1_oracle_residual_gating_6conditions/confidence_cache/combined_medium_confidence.npy,LEGACY_OR_DEPRECATED,array,yes,yes,yes,high,conditional-residual Stage 4 branch superseded by SDE mainline,90337503f294e128c43bfc60964cdfa474a2ee534bf67859247e56822a09be5e,90337503f294e128c43bfc60964cdfa474a2ee534bf67859247e56822a09be5e,moved,shutil.move,hash verified
outputs/stage4/e1_oracle_residual_gating_6conditions/confidence_cache/combined_medium_confidence_validation.json,outputs/curated/stage3_sde/legacy_or_deprecated/e1_oracle_residual_gating_6conditions/confidence_cache/combined_medium_confidence_validation.json,LEGACY_OR_DEPRECATED,json,yes,yes,yes,high,conditional-residual Stage 4 branch superseded by SDE mainline,221c540f6a0405b164e089af102304d2ad433bd740d9ab6763c6d79bcb94f207,221c540f6a0405b164e089af102304d2ad433bd740d9ab6763c6d79bcb94f207,moved,shutil.move,hash verified
outputs/stage4/e1_oracle_residual_gating_6conditions/confidence_cache/confidence_cache_validation_summary.csv,outputs/curated/stage3_sde/legacy_or_deprecated/e1_oracle_residual_gating_6conditions/confidence_cache/confidence_cache_validation_summary.csv,LEGACY_OR_DEPRECATED,metric_csv,yes,yes,yes,high,conditional-residual Stage 4 branch superseded by SDE mainline,92ece92a7205a55509035d086e5c38e9e21bbabe7019a9b4220d94447eb867a3,92ece92a7205a55509035d086e5c38e9e21bbabe7019a9b4220d94447eb867a3,moved,shutil.move,hash verified
outputs/stage4/e1_oracle_residual_gating_6conditions/confidence_cache/confidence_cache_validation_summary.md,outputs/curated/stage3_sde/legacy_or_deprecated/e1_oracle_residual_gating_6conditions/confidence_cache/confidence_cache_validation_summary.md,LEGACY_OR_DEPRECATED,markdown,yes,yes,yes,high,conditional-residual Stage 4 branch superseded by SDE mainline,7854c408047be3d2f8a093200407323114a33255c1a4c775859d08d19de092e3,7854c408047be3d2f8a093200407323114a33255c1a4c775859d08d19de092e3,moved,shutil.move,hash verified
outputs/stage4/e1_oracle_residual_gating_6conditions/confidence_cache/drift_medium_confidence.npy,outputs/curated/stage3_sde/legacy_or_deprecated/e1_oracle_residual_gating_6conditions/confidence_cache/drift_medium_confidence.npy,LEGACY_OR_DEPRECATED,array,yes,yes,yes,high,conditional-residual Stage 4 branch superseded by SDE mainline,98e44c6dcada21fd23625345169cfc206ebd2df662b493e34ef92c994badbb3d,98e44c6dcada21fd23625345169cfc206ebd2df662b493e34ef92c994badbb3d,moved,shutil.move,hash verified
outputs/stage4/e1_oracle_residual_gating_6conditions/confidence_cache/drift_medium_confidence_validation.json,outputs/curated/stage3_sde/legacy_or_deprecated/e1_oracle_residual_gating_6conditions/confidence_cache/drift_medium_confidence_validation.json,LEGACY_OR_DEPRECATED,json,yes,yes,yes,high,conditional-residual Stage 4 branch superseded by SDE mainline,39aeb55f300d152f00c638094dd75385e9464c7986e5a0f74a8fbcaf12fbb531,39aeb55f300d152f00c638094dd75385e9464c7986e5a0f74a8fbcaf12fbb531,moved,shutil.move,hash verified
outputs/stage4/e1_oracle_residual_gating_6conditions/confidence_cache/gaussian_medium_confidence.npy,outputs/curated/stage3_sde/legacy_or_deprecated/e1_oracle_residual_gating_6conditions/confidence_cache/gaussian_medium_confidence.npy,LEGACY_OR_DEPRECATED,array,yes,yes,yes,high,conditional-residual Stage 4 branch superseded by SDE mainline,a492c52ea152c03a1b8dfd0eec0ac6bcf68267ecd2af63973393ec593ce29319,a492c52ea152c03a1b8dfd0eec0ac6bcf68267ecd2af63973393ec593ce29319,moved,shutil.move,hash verified
outputs/stage4/e1_oracle_residual_gating_6conditions/confidence_cache/gaussian_medium_confidence_validation.json,outputs/curated/stage3_sde/legacy_or_deprecated/e1_oracle_residual_gating_6conditions/confidence_cache/gaussian_medium_confidence_validation.json,LEGACY_OR_DEPRECATED,json,yes,yes,yes,high,conditional-residual Stage 4 branch superseded by SDE mainline,8fdc070f153b95dbd0b4f9e50c6647323118c92a6d5e151945e2d0dae70f57cc,8fdc070f153b95dbd0b4f9e50c6647323118c92a6d5e151945e2d0dae70f57cc,moved,shutil.move,hash verified
outputs/stage4/e1_oracle_residual_gating_6conditions/confidence_cache/jump_medium_confidence.npy,outputs/curated/stage3_sde/legacy_or_deprecated/e1_oracle_residual_gating_6conditions/confidence_cache/jump_medium_confidence.npy,LEGACY_OR_DEPRECATED,array,yes,yes,yes,high,conditional-residual Stage 4 branch superseded by SDE mainline,0464e7b18bdaeeab46e1e036169141b61366ac95fc340f1a7cc00a73a3ddd7f1,0464e7b18bdaeeab46e1e036169141b61366ac95fc340f1a7cc00a73a3ddd7f1,moved,shutil.move,hash verified
outputs/stage4/e1_oracle_residual_gating_6conditions/confidence_cache/jump_medium_confidence_validation.json,outputs/curated/stage3_sde/legacy_or_deprecated/e1_oracle_residual_gating_6conditions/confidence_cache/jump_medium_confidence_validation.json,LEGACY_OR_DEPRECATED,json,yes,yes,yes,high,conditional-residual Stage 4 branch superseded by SDE mainline,acac909dc1e9bf978911f10c5454b9170a7fb1935383b0533b1f7e664a0cd1d2,acac909dc1e9bf978911f10c5454b9170a7fb1935383b0533b1f7e664a0cd1d2,moved,shutil.move,hash verified
outputs/stage4/e1_oracle_residual_gating_6conditions/e1_confidence_bin_metrics.csv,outputs/curated/stage3_sde/legacy_or_deprecated/e1_oracle_residual_gating_6conditions/e1_oracle_residual_gating_6conditions/e1_confidence_bin_metrics.csv,LEGACY_OR_DEPRECATED,metric_csv,yes,yes,yes,high,conditional-residual Stage 4 branch superseded by SDE mainline,2ac4e7e8a1cbb8b9d5eb35847eff235bf4aaecf339681d4120a6f11a763e2d20,2ac4e7e8a1cbb8b9d5eb35847eff235bf4aaecf339681d4120a6f11a763e2d20,moved,shutil.move,hash verified
outputs/stage4/e1_oracle_residual_gating_6conditions/e1_delta0_sweep.csv,outputs/curated/stage3_sde/legacy_or_deprecated/e1_oracle_residual_gating_6conditions/e1_oracle_residual_gating_6conditions/e1_delta0_sweep.csv,LEGACY_OR_DEPRECATED,metric_csv,yes,yes,yes,high,conditional-residual Stage 4 branch superseded by SDE mainline,1283786ef29739a8a6d173761aeeda0eda50f51e519f0361ed0c1c3f5350b6ca,1283786ef29739a8a6d173761aeeda0eda50f51e519f0361ed0c1c3f5350b6ca,moved,shutil.move,hash verified
outputs/stage4/e1_oracle_residual_gating_6conditions/e1_full_metrics.csv,outputs/curated/stage3_sde/legacy_or_deprecated/e1_oracle_residual_gating_6conditions/e1_oracle_residual_gating_6conditions/e1_full_metrics.csv,LEGACY_OR_DEPRECATED,metric_csv,yes,yes,yes,high,conditional-residual Stage 4 branch superseded by SDE mainline,dd64ef0aeca5a0fce07926fb3b0573fed2302e8a3a06bba07426c48e14f81c48,dd64ef0aeca5a0fce07926fb3b0573fed2302e8a3a06bba07426c48e14f81c48,moved,shutil.move,hash verified
outputs/stage4/e1_oracle_residual_gating_6conditions/e1_pass_fail_summary.csv,outputs/curated/stage3_sde/legacy_or_deprecated/e1_oracle_residual_gating_6conditions/e1_oracle_residual_gating_6conditions/e1_pass_fail_summary.csv,LEGACY_OR_DEPRECATED,metric_csv,yes,yes,yes,high,conditional-residual Stage 4 branch superseded by SDE mainline,edcb5a93311ea0c46a03c702cf7622537cc9052d29f6f74267e879bee722af50,edcb5a93311ea0c46a03c702cf7622537cc9052d29f6f74267e879bee722af50,moved,shutil.move,hash verified
outputs/stage4/e1_oracle_residual_gating_6conditions/e1_per_trajectory_metrics.csv,outputs/curated/stage3_sde/legacy_or_deprecated/e1_oracle_residual_gating_6conditions/e1_oracle_residual_gating_6conditions/e1_per_trajectory_metrics.csv,LEGACY_OR_DEPRECATED,metric_csv,yes,yes,yes,high,conditional-residual Stage 4 branch superseded by SDE mainline,18e49e23a6136233d1ecd303926c0f311ddf6c4cd370414b481c930f76c0f723,18e49e23a6136233d1ecd303926c0f311ddf6c4cd370414b481c930f76c0f723,moved,shutil.move,hash verified
outputs/stage4/e1_oracle_residual_gating_6conditions/e1_protocol_validation_summary.csv,outputs/curated/stage3_sde/legacy_or_deprecated/e1_oracle_residual_gating_6conditions/e1_oracle_residual_gating_6conditions/e1_protocol_validation_summary.csv,LEGACY_OR_DEPRECATED,metric_csv,yes,yes,yes,high,conditional-residual Stage 4 branch superseded by SDE mainline,1db716b819dd96da28b0fffe28baf40802c351a9cdd9ad53e280008069aebfb1,1db716b819dd96da28b0fffe28baf40802c351a9cdd9ad53e280008069aebfb1,moved,shutil.move,hash verified
outputs/stage4/e1_oracle_residual_gating_6conditions/e1_summary.md,outputs/curated/stage3_sde/legacy_or_deprecated/e1_oracle_residual_gating_6conditions/e1_oracle_residual_gating_6conditions/e1_summary.md,LEGACY_OR_DEPRECATED,markdown,yes,yes,yes,high,conditional-residual Stage 4 branch superseded by SDE mainline,f9f61e3129569e8728ca52ed077e56b3a63ea7e821978c79564e8db2f27d037f,f9f61e3129569e8728ca52ed077e56b3a63ea7e821978c79564e8db2f27d037f,moved,shutil.move,hash verified
outputs/stage4/e1_oracle_residual_gating_6conditions/figures/failure_or_ambiguous_case_burst_medium_traj165.png,outputs/curated/stage3_sde/legacy_or_deprecated/e1_oracle_residual_gating_6conditions/figures/failure_or_ambiguous_case_burst_medium_traj165.png,LEGACY_OR_DEPRECATED,figure,yes,yes,yes,high,conditional-residual Stage 4 branch superseded by SDE mainline,25ca00f1e73edb11b25e6b1385a8f56f30beddef476eed61fe564bae7faaf97e,25ca00f1e73edb11b25e6b1385a8f56f30beddef476eed61fe564bae7faaf97e,moved,shutil.move,hash verified
outputs/stage4/e1_oracle_residual_gating_6conditions/figures/high_confidence_overcorrection_burst_medium_traj107.png,outputs/curated/stage3_sde/legacy_or_deprecated/e1_oracle_residual_gating_6conditions/figures/high_confidence_overcorrection_burst_medium_traj107.png,LEGACY_OR_DEPRECATED,figure,yes,yes,yes,high,conditional-residual Stage 4 branch superseded by SDE mainline,6a491b77328b2fa4991ce5554474f96648a412276f3bb704f80b3f934a7494e5,6a491b77328b2fa4991ce5554474f96648a412276f3bb704f80b3f934a7494e5,moved,shutil.move,hash verified
outputs/stage4/e1_oracle_residual_gating_6conditions/figures/low_confidence_preserved_burst_medium_traj85.png,outputs/curated/stage3_sde/legacy_or_deprecated/e1_oracle_residual_gating_6conditions/figures/low_confidence_preserved_burst_medium_traj85.png,LEGACY_OR_DEPRECATED,figure,yes,yes,yes,high,conditional-residual Stage 4 branch superseded by SDE mainline,5899e01ead19e9948aefee77e7d5fb32ffb8cce3a8c388102d1ae2bde2560b25,5899e01ead19e9948aefee77e7d5fb32ffb8cce3a8c388102d1ae2bde2560b25,moved,shutil.move,hash verified
outputs/stage4/e1_oracle_residual_gating_6conditions/figures/representative_bias_medium_bias_medium_traj154.png,outputs/curated/stage3_sde/legacy_or_deprecated/e1_oracle_residual_gating_6conditions/figures/representative_bias_medium_bias_medium_traj154.png,LEGACY_OR_DEPRECATED,figure,yes,yes,yes,high,conditional-residual Stage 4 branch superseded by SDE mainline,6feae6fb688cc72147331b0b4bd56f744336bfd766e33a617cf30530bf41dfa6,6feae6fb688cc72147331b0b4bd56f744336bfd766e33a617cf30530bf41dfa6,moved,shutil.move,hash verified
outputs/stage4/e1_oracle_residual_gating_6conditions/figures/representative_burst_medium_burst_medium_traj107.png,outputs/curated/stage3_sde/legacy_or_deprecated/e1_oracle_residual_gating_6conditions/figures/representative_burst_medium_burst_medium_traj107.png,LEGACY_OR_DEPRECATED,figure,yes,yes,yes,high,conditional-residual Stage 4 branch superseded by SDE mainline,1d59675c66ce55583da4c0a31386fd46c073f6e8c501725f9c0d99ed228de531,1d59675c66ce55583da4c0a31386fd46c073f6e8c501725f9c0d99ed228de531,moved,shutil.move,hash verified
outputs/stage4/e1_oracle_residual_gating_6conditions/figures/representative_combined_medium_combined_medium_traj123.png,outputs/curated/stage3_sde/legacy_or_deprecated/e1_oracle_residual_gating_6conditions/figures/representative_combined_medium_combined_medium_traj123.png,LEGACY_OR_DEPRECATED,figure,yes,yes,yes,high,conditional-residual Stage 4 branch superseded by SDE mainline,0c15dab8db3f7d11e08f863ed468cdfc5c0ca856311644fd3cd06a1f065803ad,0c15dab8db3f7d11e08f863ed468cdfc5c0ca856311644fd3cd06a1f065803ad,moved,shutil.move,hash verified
outputs/stage4/e1_oracle_residual_gating_6conditions/figures/representative_drift_medium_drift_medium_traj53.png,outputs/curated/stage3_sde/legacy_or_deprecated/e1_oracle_residual_gating_6conditions/figures/representative_drift_medium_drift_medium_traj53.png,LEGACY_OR_DEPRECATED,figure,yes,yes,yes,high,conditional-residual Stage 4 branch superseded by SDE mainline,f749722840e1109712b32910e19c930e18f0e9300ce63cd530187b0c2186676e,f749722840e1109712b32910e19c930e18f0e9300ce63cd530187b0c2186676e,moved,shutil.move,hash verified
outputs/stage4/e1_oracle_residual_gating_6conditions/figures/representative_gaussian_medium_gaussian_medium_traj100.png,outputs/curated/stage3_sde/legacy_or_deprecated/e1_oracle_residual_gating_6conditions/figures/representative_gaussian_medium_gaussian_medium_traj100.png,LEGACY_OR_DEPRECATED,figure,yes,yes,yes,high,conditional-residual Stage 4 branch superseded by SDE mainline,48769a98e8a92a437c668a789db0e9c64f6733296c31672ba1b44f9ee4595aba,48769a98e8a92a437c668a789db0e9c64f6733296c31672ba1b44f9ee4595aba,moved,shutil.move,hash verified
outputs/stage4/e1_oracle_residual_gating_6conditions/figures/representative_jump_medium_jump_medium_traj143.png,outputs/curated/stage3_sde/legacy_or_deprecated/e1_oracle_residual_gating_6conditions/figures/representative_jump_medium_jump_medium_traj143.png,LEGACY_OR_DEPRECATED,figure,yes,yes,yes,high,conditional-residual Stage 4 branch superseded by SDE mainline,db76225fc66eeebf8ad7c8cddc1aa75834c5bc877ee056e959f1669b956039c3,db76225fc66eeebf8ad7c8cddc1aa75834c5bc877ee056e959f1669b956039c3,moved,shutil.move,hash verified
outputs/stage4/e1_oracle_residual_gating_full/e1_confidence_bin_metrics.csv,outputs/curated/stage3_sde/legacy_or_deprecated/e1_oracle_residual_gating_full/e1_oracle_residual_gating_full/e1_confidence_bin_metrics.csv,LEGACY_OR_DEPRECATED,metric_csv,yes,yes,yes,high,conditional-residual Stage 4 branch superseded by SDE mainline,ac2aa77c1614c7a84b2863e680959cb716bd12b189c77d3a046d3d4b7da34b7b,ac2aa77c1614c7a84b2863e680959cb716bd12b189c77d3a046d3d4b7da34b7b,moved,shutil.move,hash verified
outputs/stage4/e1_oracle_residual_gating_full/e1_delta0_sweep.csv,outputs/curated/stage3_sde/legacy_or_deprecated/e1_oracle_residual_gating_full/e1_oracle_residual_gating_full/e1_delta0_sweep.csv,LEGACY_OR_DEPRECATED,metric_csv,yes,yes,yes,high,conditional-residual Stage 4 branch superseded by SDE mainline,3973dbbde421d3c947e30b294c2015e310797d5e684c2c0df7a32e6542013770,3973dbbde421d3c947e30b294c2015e310797d5e684c2c0df7a32e6542013770,moved,shutil.move,hash verified
outputs/stage4/e1_oracle_residual_gating_full/e1_full_metrics.csv,outputs/curated/stage3_sde/legacy_or_deprecated/e1_oracle_residual_gating_full/e1_oracle_residual_gating_full/e1_full_metrics.csv,LEGACY_OR_DEPRECATED,metric_csv,yes,yes,yes,high,conditional-residual Stage 4 branch superseded by SDE mainline,e34b5e3c85a326cf6f0dac47372b96ec2bdceea00e886504bfca75ff83b8cc82,e34b5e3c85a326cf6f0dac47372b96ec2bdceea00e886504bfca75ff83b8cc82,moved,shutil.move,hash verified
outputs/stage4/e1_oracle_residual_gating_full/e1_pass_fail_summary.csv,outputs/curated/stage3_sde/legacy_or_deprecated/e1_oracle_residual_gating_full/e1_oracle_residual_gating_full/e1_pass_fail_summary.csv,LEGACY_OR_DEPRECATED,metric_csv,yes,yes,yes,high,conditional-residual Stage 4 branch superseded by SDE mainline,981008a60654cd96202e157b3a59482832d6e12b666cbba96edc770d811ad493,981008a60654cd96202e157b3a59482832d6e12b666cbba96edc770d811ad493,moved,shutil.move,hash verified
outputs/stage4/e1_oracle_residual_gating_full/e1_per_trajectory_metrics.csv,outputs/curated/stage3_sde/legacy_or_deprecated/e1_oracle_residual_gating_full/e1_oracle_residual_gating_full/e1_per_trajectory_metrics.csv,LEGACY_OR_DEPRECATED,metric_csv,yes,yes,yes,high,conditional-residual Stage 4 branch superseded by SDE mainline,42302fcbb7407ff610d430a609993a54f6daf9ddaeec4b3005c1b10f24b17ec4,42302fcbb7407ff610d430a609993a54f6daf9ddaeec4b3005c1b10f24b17ec4,moved,shutil.move,hash verified
outputs/stage4/e1_oracle_residual_gating_full/e1_summary.md,outputs/curated/stage3_sde/legacy_or_deprecated/e1_oracle_residual_gating_full/e1_oracle_residual_gating_full/e1_summary.md,LEGACY_OR_DEPRECATED,markdown,yes,yes,yes,high,conditional-residual Stage 4 branch superseded by SDE mainline,a644001282f3131be52c9f55ae36e7c0357903a5286fc897a8a7f57931723ff3,a644001282f3131be52c9f55ae36e7c0357903a5286fc897a8a7f57931723ff3,moved,shutil.move,hash verified
outputs/stage4/e1_oracle_residual_gating_full/figures/burst_case_burst_medium_traj107.png,outputs/curated/stage3_sde/legacy_or_deprecated/e1_oracle_residual_gating_full/figures/burst_case_burst_medium_traj107.png,LEGACY_OR_DEPRECATED,figure,yes,yes,yes,high,conditional-residual Stage 4 branch superseded by SDE mainline,c616714de3b7fe63b661e192b26bda42949c280362c9351f90295743996a0e2d,c616714de3b7fe63b661e192b26bda42949c280362c9351f90295743996a0e2d,moved,shutil.move,hash verified
outputs/stage4/e1_oracle_residual_gating_full/figures/drift_case_drift_medium_traj53.png,outputs/curated/stage3_sde/legacy_or_deprecated/e1_oracle_residual_gating_full/figures/drift_case_drift_medium_traj53.png,LEGACY_OR_DEPRECATED,figure,yes,yes,yes,high,conditional-residual Stage 4 branch superseded by SDE mainline,edb69dd61630c6432db428bf5818ca2b3fe1ecc07c72570e137410355f1c0446,edb69dd61630c6432db428bf5818ca2b3fe1ecc07c72570e137410355f1c0446,moved,shutil.move,hash verified
outputs/stage4/e1_oracle_residual_gating_full/figures/failure_or_ambiguous_case_burst_medium_traj165.png,outputs/curated/stage3_sde/legacy_or_deprecated/e1_oracle_residual_gating_full/figures/failure_or_ambiguous_case_burst_medium_traj165.png,LEGACY_OR_DEPRECATED,figure,yes,yes,yes,high,conditional-residual Stage 4 branch superseded by SDE mainline,9f9a8f119825ff4889a734c8e78a393224835e481c6172ade77e637cb5435cd6,9f9a8f119825ff4889a734c8e78a393224835e481c6172ade77e637cb5435cd6,moved,shutil.move,hash verified
outputs/stage4/e1_oracle_residual_gating_full/figures/high_confidence_overcorrection_burst_medium_traj107.png,outputs/curated/stage3_sde/legacy_or_deprecated/e1_oracle_residual_gating_full/figures/high_confidence_overcorrection_burst_medium_traj107.png,LEGACY_OR_DEPRECATED,figure,yes,yes,yes,high,conditional-residual Stage 4 branch superseded by SDE mainline,cd2a7d042ea47c4318b681a164843f54489b89c739ed4e34a21a80c8be721966,cd2a7d042ea47c4318b681a164843f54489b89c739ed4e34a21a80c8be721966,moved,shutil.move,hash verified
outputs/stage4/e1_oracle_residual_gating_full/figures/low_confidence_preserved_burst_medium_traj85.png,outputs/curated/stage3_sde/legacy_or_deprecated/e1_oracle_residual_gating_full/figures/low_confidence_preserved_burst_medium_traj85.png,LEGACY_OR_DEPRECATED,figure,yes,yes,yes,high,conditional-residual Stage 4 branch superseded by SDE mainline,d05b85760ad0243dabcfec67fbeb70423c1244f29b93af657dc4e151034b182d,d05b85760ad0243dabcfec67fbeb70423c1244f29b93af657dc4e151034b182d,moved,shutil.move,hash verified
outputs/stage4/e1_oracle_residual_gating_smoke/smoke_examples.npz,outputs/curated/stage3_sde/legacy_or_deprecated/e1_oracle_residual_gating_smoke/e1_oracle_residual_gating_smoke/smoke_examples.npz,LEGACY_OR_DEPRECATED,array,yes,yes,yes,high,conditional-residual Stage 4 branch superseded by SDE mainline,28b2a2ca4ccd12b698a55003c213cd8e45a947f4f33f5b5d08da84e9f022a600,28b2a2ca4ccd12b698a55003c213cd8e45a947f4f33f5b5d08da84e9f022a600,moved,shutil.move,hash verified
outputs/stage4/e1_oracle_residual_gating_smoke/smoke_examples.png,outputs/curated/stage3_sde/legacy_or_deprecated/e1_oracle_residual_gating_smoke/e1_oracle_residual_gating_smoke/smoke_examples.png,LEGACY_OR_DEPRECATED,figure,yes,yes,yes,high,conditional-residual Stage 4 branch superseded by SDE mainline,5c67612ca8b921fdc9b85283134307dcf3de1e342772f431077e505766b0a831,5c67612ca8b921fdc9b85283134307dcf3de1e342772f431077e505766b0a831,moved,shutil.move,hash verified
outputs/stage4/e1_oracle_residual_gating_smoke/smoke_metrics.csv,outputs/curated/stage3_sde/legacy_or_deprecated/e1_oracle_residual_gating_smoke/e1_oracle_residual_gating_smoke/smoke_metrics.csv,LEGACY_OR_DEPRECATED,metric_csv,yes,yes,yes,high,conditional-residual Stage 4 branch superseded by SDE mainline,d3d64fec23f25b6b9775e958f24560e19659fecd1085c21bb42c970c54aa7658,d3d64fec23f25b6b9775e958f24560e19659fecd1085c21bb42c970c54aa7658,moved,shutil.move,hash verified
outputs/stage4/e1_oracle_residual_gating_smoke/smoke_summary.md,outputs/curated/stage3_sde/legacy_or_deprecated/e1_oracle_residual_gating_smoke/e1_oracle_residual_gating_smoke/smoke_summary.md,LEGACY_OR_DEPRECATED,markdown,yes,yes,yes,high,conditional-residual Stage 4 branch superseded by SDE mainline,0aae764ffc9b0c1426524a9a4b064df9667a1d9047c265e90092430ac34e3099,0aae764ffc9b0c1426524a9a4b064df9667a1d9047c265e90092430ac34e3099,moved,shutil.move,hash verified
outputs/stage4/e1_supplementary_gamma_delta_ablation/e1_supp_gamma_delta_confidence_bin_metrics.csv,outputs/curated/stage3_sde/legacy_or_deprecated/e1_supplementary_gamma_delta_ablation/e1_supplementary_gamma_delta_ablation/e1_supp_gamma_delta_confidence_bin_metrics.csv,LEGACY_OR_DEPRECATED,metric_csv,yes,yes,yes,high,conditional-residual Stage 4 branch superseded by SDE mainline,eb193b12e14b37dc9b384bf7e97a2b0392d7c2ea3699074c45e256856147e65d,eb193b12e14b37dc9b384bf7e97a2b0392d7c2ea3699074c45e256856147e65d,moved,shutil.move,hash verified
outputs/stage4/e1_supplementary_gamma_delta_ablation/e1_supp_gamma_delta_figures.csv,outputs/curated/stage3_sde/legacy_or_deprecated/e1_supplementary_gamma_delta_ablation/e1_supplementary_gamma_delta_ablation/e1_supp_gamma_delta_figures.csv,LEGACY_OR_DEPRECATED,metric_csv,yes,yes,yes,high,conditional-residual Stage 4 branch superseded by SDE mainline,7a876d4c3b3472dabbb5cece27ecaaf30cd7b09b0351abaa08285f06bb7c1f02,7a876d4c3b3472dabbb5cece27ecaaf30cd7b09b0351abaa08285f06bb7c1f02,moved,shutil.move,hash verified
outputs/stage4/e1_supplementary_gamma_delta_ablation/e1_supp_gamma_delta_full_metrics.csv,outputs/curated/stage3_sde/legacy_or_deprecated/e1_supplementary_gamma_delta_ablation/e1_supplementary_gamma_delta_ablation/e1_supp_gamma_delta_full_metrics.csv,LEGACY_OR_DEPRECATED,metric_csv,yes,yes,yes,high,conditional-residual Stage 4 branch superseded by SDE mainline,d6f499a35f6dc373f5d3104e2770e6804325f9d066edda4af20894bb1d5ca36c,d6f499a35f6dc373f5d3104e2770e6804325f9d066edda4af20894bb1d5ca36c,moved,shutil.move,hash verified
outputs/stage4/e1_supplementary_gamma_delta_ablation/e1_supp_gamma_delta_interpretation.csv,outputs/curated/stage3_sde/legacy_or_deprecated/e1_supplementary_gamma_delta_ablation/e1_supplementary_gamma_delta_ablation/e1_supp_gamma_delta_interpretation.csv,LEGACY_OR_DEPRECATED,metric_csv,yes,yes,yes,high,conditional-residual Stage 4 branch superseded by SDE mainline,60b2b3b75eda7af06f60322eea1fd4de4917f94702d6b8a83b110c92168486ec,60b2b3b75eda7af06f60322eea1fd4de4917f94702d6b8a83b110c92168486ec,moved,shutil.move,hash verified
outputs/stage4/e1_supplementary_gamma_delta_ablation/e1_supp_gamma_delta_per_trajectory_metrics.csv,outputs/curated/stage3_sde/legacy_or_deprecated/e1_supplementary_gamma_delta_ablation/e1_supplementary_gamma_delta_ablation/e1_supp_gamma_delta_per_trajectory_metrics.csv,LEGACY_OR_DEPRECATED,metric_csv,yes,yes,yes,high,conditional-residual Stage 4 branch superseded by SDE mainline,6a383a32b6b864b7049862329147cdef7af0355fd720bb22b8c2b4a4e1980112,6a383a32b6b864b7049862329147cdef7af0355fd720bb22b8c2b4a4e1980112,moved,shutil.move,hash verified
outputs/stage4/e1_supplementary_gamma_delta_ablation/e1_supp_gamma_delta_summary.md,outputs/curated/stage3_sde/legacy_or_deprecated/e1_supplementary_gamma_delta_ablation/e1_supplementary_gamma_delta_ablation/e1_supp_gamma_delta_summary.md,LEGACY_OR_DEPRECATED,markdown,yes,yes,yes,high,conditional-residual Stage 4 branch superseded by SDE mainline,f235a350af3c9c26d62a4d29225265ce3d0b116c1ae777a1cc4677ba970a1a4a,f235a350af3c9c26d62a4d29225265ce3d0b116c1ae777a1cc4677ba970a1a4a,moved,shutil.move,hash verified
outputs/stage4/e1_supplementary_gamma_delta_ablation/e1_supp_gamma_delta_summary_table.csv,outputs/curated/stage3_sde/legacy_or_deprecated/e1_supplementary_gamma_delta_ablation/e1_supplementary_gamma_delta_ablation/e1_supp_gamma_delta_summary_table.csv,LEGACY_OR_DEPRECATED,metric_csv,yes,yes,yes,high,conditional-residual Stage 4 branch superseded by SDE mainline,d6f499a35f6dc373f5d3104e2770e6804325f9d066edda4af20894bb1d5ca36c,d6f499a35f6dc373f5d3104e2770e6804325f9d066edda4af20894bb1d5ca36c,moved,shutil.move,hash verified
outputs/stage4/e1_supplementary_gamma_delta_ablation/figures/case_c2_pass_residual_shutdown.png,outputs/curated/stage3_sde/legacy_or_deprecated/e1_supplementary_gamma_delta_ablation/figures/case_c2_pass_residual_shutdown.png,LEGACY_OR_DEPRECATED,figure,yes,yes,yes,high,conditional-residual Stage 4 branch superseded by SDE mainline,a7fc4df324241d616f99611f8140034a242ffea030982667e0e0e922ba8d15b1,a7fc4df324241d616f99611f8140034a242ffea030982667e0e0e922ba8d15b1,moved,shutil.move,hash verified
outputs/stage4/e1_supplementary_gamma_delta_ablation/figures/case_low_conf_residual_preserved.png,outputs/curated/stage3_sde/legacy_or_deprecated/e1_supplementary_gamma_delta_ablation/figures/case_low_conf_residual_preserved.png,LEGACY_OR_DEPRECATED,figure,yes,yes,yes,high,conditional-residual Stage 4 branch superseded by SDE mainline,ef85c03b72e74e3dc875a1a364654f2a116b3d477316870ae0ca18598e54a53e,ef85c03b72e74e3dc875a1a364654f2a116b3d477316870ae0ca18598e54a53e,moved,shutil.move,hash verified
outputs/stage4/e1_supplementary_gamma_delta_ablation/figures/drift_burst_high_conf_ADE_vs_gamma.png,outputs/curated/stage3_sde/legacy_or_deprecated/e1_supplementary_gamma_delta_ablation/figures/drift_burst_high_conf_ADE_vs_gamma.png,LEGACY_OR_DEPRECATED,figure,yes,yes,yes,high,conditional-residual Stage 4 branch superseded by SDE mainline,a55217d531ef412de5001394bdac67300430faf1798bb2848de08eea14d5a204,a55217d531ef412de5001394bdac67300430faf1798bb2848de08eea14d5a204,moved,shutil.move,hash verified
outputs/stage4/e1_supplementary_gamma_delta_ablation/figures/drift_burst_low_conf_ADE_vs_gamma.png,outputs/curated/stage3_sde/legacy_or_deprecated/e1_supplementary_gamma_delta_ablation/figures/drift_burst_low_conf_ADE_vs_gamma.png,LEGACY_OR_DEPRECATED,figure,yes,yes,yes,high,conditional-residual Stage 4 branch superseded by SDE mainline,864cf82f43a265426a513667df0c94bbd5cef3a7ee407bee1fe7f1e09f9c7bed,864cf82f43a265426a513667df0c94bbd5cef3a7ee407bee1fe7f1e09f9c7bed,moved,shutil.move,hash verified
outputs/stage4/e1_supplementary_gamma_delta_ablation/figures/noisy_reversion_gap_vs_gamma.png,outputs/curated/stage3_sde/legacy_or_deprecated/e1_supplementary_gamma_delta_ablation/figures/noisy_reversion_gap_vs_gamma.png,LEGACY_OR_DEPRECATED,figure,yes,yes,yes,high,conditional-residual Stage 4 branch superseded by SDE mainline,75428b7054046c778fc049253f0e79ae50cc26f45d86419192fb24a6b42036a7,75428b7054046c778fc049253f0e79ae50cc26f45d86419192fb24a6b42036a7,moved,shutil.move,hash verified
outputs/stage4/e1_supplementary_gamma_delta_ablation/figures/overall_ADE_vs_gamma.png,outputs/curated/stage3_sde/legacy_or_deprecated/e1_supplementary_gamma_delta_ablation/figures/overall_ADE_vs_gamma.png,LEGACY_OR_DEPRECATED,figure,yes,yes,yes,high,conditional-residual Stage 4 branch superseded by SDE mainline,aba94db4e9a3842561d253af8320c59d599fa1e7bb6bad9692c1f34bd40aa2ee,aba94db4e9a3842561d253af8320c59d599fa1e7bb6bad9692c1f34bd40aa2ee,moved,shutil.move,hash verified
outputs/stage4/e1_supplementary_gamma_delta_ablation/figures/residual_usage_ratio_vs_gamma.png,outputs/curated/stage3_sde/legacy_or_deprecated/e1_supplementary_gamma_delta_ablation/figures/residual_usage_ratio_vs_gamma.png,LEGACY_OR_DEPRECATED,figure,yes,yes,yes,high,conditional-residual Stage 4 branch superseded by SDE mainline,d8bec0f083074cfa9b58cfffd84d6d0594369f37475f18db20e3c6a6c90349ce,d8bec0f083074cfa9b58cfffd84d6d0594369f37475f18db20e3c6a6c90349ce,moved,shutil.move,hash verified
outputs/stage4/e2_dps_interface_audit/e2_dps_interface_audit_case_summary.csv,outputs/curated/stage3_sde/negative_diagnostic/dps/e2_dps_interface_audit/e2_dps_interface_audit/e2_dps_interface_audit_case_summary.csv,NEGATIVE_DIAGNOSTIC,metric_csv,yes,yes,yes,high,DPS audit or rejected DPS alternative,0fb6339de2769dfb67b2aa5df1e35bbbbef5f6455f2e594a038c20687c1f1a87,0fb6339de2769dfb67b2aa5df1e35bbbbef5f6455f2e594a038c20687c1f1a87,moved,shutil.move,hash verified
outputs/stage4/e2_dps_interface_audit/e2_dps_interface_audit_initialization_summary.json,outputs/curated/stage3_sde/negative_diagnostic/dps/e2_dps_interface_audit/e2_dps_interface_audit/e2_dps_interface_audit_initialization_summary.json,NEGATIVE_DIAGNOSTIC,json,yes,yes,yes,high,DPS audit or rejected DPS alternative,d14b3edee477c210e8c5096b514b63eab497b4fc79bfbd21740500c8e09f06a4,d14b3edee477c210e8c5096b514b63eab497b4fc79bfbd21740500c8e09f06a4,moved,shutil.move,hash verified
outputs/stage4/e2_dps_interface_audit/e2_dps_interface_audit_step_trace.csv,outputs/curated/stage3_sde/negative_diagnostic/dps/e2_dps_interface_audit/e2_dps_interface_audit/e2_dps_interface_audit_step_trace.csv,NEGATIVE_DIAGNOSTIC,metric_csv,yes,yes,yes,high,DPS audit or rejected DPS alternative,f7550ac17dbbfee97915c01db616d51b8510b63228eb1256e6f330bf3bcaf59c,f7550ac17dbbfee97915c01db616d51b8510b63228eb1256e6f330bf3bcaf59c,moved,shutil.move,hash verified
outputs/stage4/e2_dps_interface_audit/e2_dps_interface_audit_summary.md,outputs/curated/stage3_sde/negative_diagnostic/dps/e2_dps_interface_audit/e2_dps_interface_audit/e2_dps_interface_audit_summary.md,NEGATIVE_DIAGNOSTIC,markdown,yes,yes,yes,high,DPS audit or rejected DPS alternative,f4faaebe56cd866b9929abc2045c1d474cc0dfc998c9d09e9e83d804a5f7993c,f4faaebe56cd866b9929abc2045c1d474cc0dfc998c9d09e9e83d804a5f7993c,moved,shutil.move,hash verified
outputs/stage4/e2_dps_mean_likelihood_reaudit/e2_dps_mean_likelihood_reaudit_case_summary.csv,outputs/curated/stage3_sde/negative_diagnostic/dps/e2_dps_mean_likelihood_reaudit/e2_dps_mean_likelihood_reaudit/e2_dps_mean_likelihood_reaudit_case_summary.csv,NEGATIVE_DIAGNOSTIC,metric_csv,yes,yes,yes,high,DPS audit or rejected DPS alternative,5cd46744cd960b11b5e5a80e3c86ade1b4da2c16750841f58c8f6b3bfc098d3a,5cd46744cd960b11b5e5a80e3c86ade1b4da2c16750841f58c8f6b3bfc098d3a,moved,shutil.move,hash verified
outputs/stage4/e2_dps_mean_likelihood_reaudit/e2_dps_mean_likelihood_reaudit_summary.md,outputs/curated/stage3_sde/negative_diagnostic/dps/e2_dps_mean_likelihood_reaudit/e2_dps_mean_likelihood_reaudit/e2_dps_mean_likelihood_reaudit_summary.md,NEGATIVE_DIAGNOSTIC,markdown,yes,yes,yes,high,DPS audit or rejected DPS alternative,458fa260e7c219d944f8b13fc5b186e600cbd42e1f46e9a8fbcf18b08e8b8c65,458fa260e7c219d944f8b13fc5b186e600cbd42e1f46e9a8fbcf18b08e8b8c65,moved,shutil.move,hash verified
outputs/stage4/e2_dps_mean_likelihood_reaudit/e2_dps_mean_likelihood_reaudit_trace.csv,outputs/curated/stage3_sde/negative_diagnostic/dps/e2_dps_mean_likelihood_reaudit/e2_dps_mean_likelihood_reaudit/e2_dps_mean_likelihood_reaudit_trace.csv,NEGATIVE_DIAGNOSTIC,metric_csv,yes,yes,yes,high,DPS audit or rejected DPS alternative,f3cb9bea834858f0b21502386b6e32dd09aaa54c191f452d455ab2952020ee3c,f3cb9bea834858f0b21502386b6e32dd09aaa54c191f452d455ab2952020ee3c,moved,shutil.move,hash verified
outputs/stage4/e2_dps_mechanism_audit/e2_dps_mechanism_audit_case_summary.csv,outputs/curated/stage3_sde/negative_diagnostic/dps/e2_dps_mechanism_audit/e2_dps_mechanism_audit/e2_dps_mechanism_audit_case_summary.csv,NEGATIVE_DIAGNOSTIC,metric_csv,yes,yes,yes,high,DPS audit or rejected DPS alternative,24842c94fcd0477dc39d4aacb60bb24f35674cd7b18fcedb07f9f0036a65bd07,24842c94fcd0477dc39d4aacb60bb24f35674cd7b18fcedb07f9f0036a65bd07,moved,shutil.move,hash verified
outputs/stage4/e2_dps_mechanism_audit/e2_dps_mechanism_audit_figures.csv,outputs/curated/stage3_sde/negative_diagnostic/dps/e2_dps_mechanism_audit/e2_dps_mechanism_audit/e2_dps_mechanism_audit_figures.csv,NEGATIVE_DIAGNOSTIC,metric_csv,yes,yes,yes,high,DPS audit or rejected DPS alternative,e8033e2310c419c0b2f28cbc219749882a659cd4f3524538cc0a2d0c66382b7f,e8033e2310c419c0b2f28cbc219749882a659cd4f3524538cc0a2d0c66382b7f,moved,shutil.move,hash verified
outputs/stage4/e2_dps_mechanism_audit/e2_dps_mechanism_audit_step_trace.csv,outputs/curated/stage3_sde/negative_diagnostic/dps/e2_dps_mechanism_audit/e2_dps_mechanism_audit/e2_dps_mechanism_audit_step_trace.csv,NEGATIVE_DIAGNOSTIC,metric_csv,yes,yes,yes,high,DPS audit or rejected DPS alternative,90bdc7004c237079c42b65bfc2c80b2c7fd8ba303426524dd35dc9cfc1d65aea,90bdc7004c237079c42b65bfc2c80b2c7fd8ba303426524dd35dc9cfc1d65aea,moved,shutil.move,hash verified
outputs/stage4/e2_dps_mechanism_audit/e2_dps_mechanism_audit_summary.md,outputs/curated/stage3_sde/negative_diagnostic/dps/e2_dps_mechanism_audit/e2_dps_mechanism_audit/e2_dps_mechanism_audit_summary.md,NEGATIVE_DIAGNOSTIC,markdown,yes,yes,yes,high,DPS audit or rejected DPS alternative,caa61a200ed3b55a250d6050c033b393c6ebf33f987a7c293a261a30c1d4658a,caa61a200ed3b55a250d6050c033b393c6ebf33f987a7c293a261a30c1d4658a,moved,shutil.move,hash verified
outputs/stage4/e2_dps_mechanism_audit/figures/burst_medium_traj0_mechanism_trace.png,outputs/curated/stage3_sde/negative_diagnostic/dps/e2_dps_mechanism_audit/figures/burst_medium_traj0_mechanism_trace.png,NEGATIVE_DIAGNOSTIC,figure,yes,yes,yes,high,DPS audit or rejected DPS alternative,af3187046bb0a677c43fc2abaf7ef63e731cd74f7785c545a59692dabde1a632,af3187046bb0a677c43fc2abaf7ef63e731cd74f7785c545a59692dabde1a632,moved,shutil.move,hash verified
outputs/stage4/e2_dps_mechanism_audit/figures/drift_medium_traj0_mechanism_trace.png,outputs/curated/stage3_sde/negative_diagnostic/dps/e2_dps_mechanism_audit/figures/drift_medium_traj0_mechanism_trace.png,NEGATIVE_DIAGNOSTIC,figure,yes,yes,yes,high,DPS audit or rejected DPS alternative,3ddee82a091d2d7da431d539dbb841722fdfbf54c38743c99d67e3fb1d61b95c,3ddee82a091d2d7da431d539dbb841722fdfbf54c38743c99d67e3fb1d61b95c,moved,shutil.move,hash verified
outputs/stage4/e2_dps_mechanism_audit/figures/gaussian_medium_traj0_mechanism_trace.png,outputs/curated/stage3_sde/negative_diagnostic/dps/e2_dps_mechanism_audit/figures/gaussian_medium_traj0_mechanism_trace.png,NEGATIVE_DIAGNOSTIC,figure,yes,yes,yes,high,DPS audit or rejected DPS alternative,fa64b8fdf9f8a9b08d7811e956ddb5654bd1ba464df235dc0309b4c588b0476b,fa64b8fdf9f8a9b08d7811e956ddb5654bd1ba464df235dc0309b4c588b0476b,moved,shutil.move,hash verified
outputs/stage4/e2_dps_nan_diagnosis/e2_dps_nan_case_summary.csv,outputs/curated/stage3_sde/negative_diagnostic/dps/e2_dps_nan_diagnosis/e2_dps_nan_diagnosis/e2_dps_nan_case_summary.csv,NEGATIVE_DIAGNOSTIC,metric_csv,yes,yes,yes,high,DPS audit or rejected DPS alternative,36246d9458364b5de7edb66a2414b87a47fbda9b721381a654cb65b68c33586d,36246d9458364b5de7edb66a2414b87a47fbda9b721381a654cb65b68c33586d,moved,shutil.move,hash verified
outputs/stage4/e2_dps_nan_diagnosis/e2_dps_nan_diagnosis_figures.csv,outputs/curated/stage3_sde/negative_diagnostic/dps/e2_dps_nan_diagnosis/e2_dps_nan_diagnosis/e2_dps_nan_diagnosis_figures.csv,NEGATIVE_DIAGNOSTIC,metric_csv,yes,yes,yes,high,DPS audit or rejected DPS alternative,f09ccfcfa8efb445a355eb140cab3f20b10beaba97b23eafa0bfa776b4dff7a6,f09ccfcfa8efb445a355eb140cab3f20b10beaba97b23eafa0bfa776b4dff7a6,moved,shutil.move,hash verified
outputs/stage4/e2_dps_nan_diagnosis/e2_dps_nan_diagnosis_summary.md,outputs/curated/stage3_sde/negative_diagnostic/dps/e2_dps_nan_diagnosis/e2_dps_nan_diagnosis/e2_dps_nan_diagnosis_summary.md,NEGATIVE_DIAGNOSTIC,markdown,yes,yes,yes,high,DPS audit or rejected DPS alternative,8741a24d9490093251c4e242ad0497366c6523e1491b351d449b618a42b57105,8741a24d9490093251c4e242ad0497366c6523e1491b351d449b618a42b57105,moved,shutil.move,hash verified
outputs/stage4/e2_dps_nan_diagnosis/e2_dps_nan_trace.csv,outputs/curated/stage3_sde/negative_diagnostic/dps/e2_dps_nan_diagnosis/e2_dps_nan_diagnosis/e2_dps_nan_trace.csv,NEGATIVE_DIAGNOSTIC,metric_csv,yes,yes,yes,high,DPS audit or rejected DPS alternative,5e283187d0f67094b0af1a78306e653cc553fa4b2d2ca1359e3c226fb15310e3,5e283187d0f67094b0af1a78306e653cc553fa4b2d2ca1359e3c226fb15310e3,moved,shutil.move,hash verified
outputs/stage4/e2_dps_nan_diagnosis/figures/bias_medium_traj0_zeta0p3_trace.png,outputs/curated/stage3_sde/negative_diagnostic/dps/e2_dps_nan_diagnosis/figures/bias_medium_traj0_zeta0p3_trace.png,NEGATIVE_DIAGNOSTIC,figure,yes,yes,yes,high,DPS audit or rejected DPS alternative,ccd2fd52c622d33baf25e2672ef766e75e2ed77b4f4eb1b9ce54b5b7a64facb4,ccd2fd52c622d33baf25e2672ef766e75e2ed77b4f4eb1b9ce54b5b7a64facb4,moved,shutil.move,hash verified
outputs/stage4/e2_dps_nan_diagnosis/figures/burst_medium_traj0_zeta0p3_trace.png,outputs/curated/stage3_sde/negative_diagnostic/dps/e2_dps_nan_diagnosis/figures/burst_medium_traj0_zeta0p3_trace.png,NEGATIVE_DIAGNOSTIC,figure,yes,yes,yes,high,DPS audit or rejected DPS alternative,6a0e84a409b04b6a6d0a0be072d623601a74a31fb4af3f346a0aff7a47ff5b7e,6a0e84a409b04b6a6d0a0be072d623601a74a31fb4af3f346a0aff7a47ff5b7e,moved,shutil.move,hash verified
outputs/stage4/e2_dps_nan_diagnosis/figures/drift_medium_traj0_zeta0p3_trace.png,outputs/curated/stage3_sde/negative_diagnostic/dps/e2_dps_nan_diagnosis/figures/drift_medium_traj0_zeta0p3_trace.png,NEGATIVE_DIAGNOSTIC,figure,yes,yes,yes,high,DPS audit or rejected DPS alternative,cc8e2651bc603e0338bfecd7d19ebef190784c4bc0458955524d1b0735c4140d,cc8e2651bc603e0338bfecd7d19ebef190784c4bc0458955524d1b0735c4140d,moved,shutil.move,hash verified
outputs/stage4/e2_dps_nan_diagnosis/figures/gaussian_medium_traj0_zeta0p3_trace.png,outputs/curated/stage3_sde/negative_diagnostic/dps/e2_dps_nan_diagnosis/figures/gaussian_medium_traj0_zeta0p3_trace.png,NEGATIVE_DIAGNOSTIC,figure,yes,yes,yes,high,DPS audit or rejected DPS alternative,e04ce29aa0c7d1ab9bb81d324fc4d1f75b44eb1ec3de1476e5a022815b2bd359,e04ce29aa0c7d1ab9bb81d324fc4d1f75b44eb1ec3de1476e5a022815b2bd359,moved,shutil.move,hash verified
outputs/stage4/e2_dps_norm_guidance_reaudit/e2_dps_norm_guidance_reaudit_case_summary.csv,outputs/curated/stage3_sde/negative_diagnostic/dps/e2_dps_norm_guidance_reaudit/e2_dps_norm_guidance_reaudit/e2_dps_norm_guidance_reaudit_case_summary.csv,NEGATIVE_DIAGNOSTIC,metric_csv,yes,yes,yes,high,DPS audit or rejected DPS alternative,218d0e8d68bfad17dc2c75472b27b0e65402fe8a003c28adb7ed82027f32f64c,218d0e8d68bfad17dc2c75472b27b0e65402fe8a003c28adb7ed82027f32f64c,moved,shutil.move,hash verified
outputs/stage4/e2_dps_norm_guidance_reaudit/e2_dps_norm_guidance_reaudit_summary.md,outputs/curated/stage3_sde/negative_diagnostic/dps/e2_dps_norm_guidance_reaudit/e2_dps_norm_guidance_reaudit/e2_dps_norm_guidance_reaudit_summary.md,NEGATIVE_DIAGNOSTIC,markdown,yes,yes,yes,high,DPS audit or rejected DPS alternative,16392f117afbdd6fadf0c1c8c63750b05deebc57753d92ed2b00b61992a82120,16392f117afbdd6fadf0c1c8c63750b05deebc57753d92ed2b00b61992a82120,moved,shutil.move,hash verified
outputs/stage4/e2_dps_norm_guidance_reaudit/e2_dps_norm_guidance_reaudit_trace.csv,outputs/curated/stage3_sde/negative_diagnostic/dps/e2_dps_norm_guidance_reaudit/e2_dps_norm_guidance_reaudit/e2_dps_norm_guidance_reaudit_trace.csv,NEGATIVE_DIAGNOSTIC,metric_csv,yes,yes,yes,high,DPS audit or rejected DPS alternative,4af6ba313d910c2f64f81e4b5ee7c6ed50ddd017142c6bef775b3ddcfc3d939c,4af6ba313d910c2f64f81e4b5ee7c6ed50ddd017142c6bef775b3ddcfc3d939c,moved,shutil.move,hash verified
outputs/stage4/e2_dps_pilot/e2_dps_pilot_audit_failed.md,outputs/curated/stage3_sde/negative_diagnostic/dps/e2_dps_pilot/e2_dps_pilot/e2_dps_pilot_audit_failed.md,NEGATIVE_DIAGNOSTIC,markdown,yes,yes,yes,high,DPS audit or rejected DPS alternative,c7b20cc2d082aea1960a6408257f24f3316d44de7ea9262c37ffd970c368fed7,c7b20cc2d082aea1960a6408257f24f3316d44de7ea9262c37ffd970c368fed7,moved,shutil.move,hash verified
outputs/stage4/e2_dps_pilot/e2_dps_pilot_audit_summary.md,outputs/curated/stage3_sde/negative_diagnostic/dps/e2_dps_pilot/e2_dps_pilot/e2_dps_pilot_audit_summary.md,NEGATIVE_DIAGNOSTIC,markdown,yes,yes,yes,high,DPS audit or rejected DPS alternative,bc94995af535fb3dcb47c59507200c28ec44c99f8c4711baa70158d66585b461,bc94995af535fb3dcb47c59507200c28ec44c99f8c4711baa70158d66585b461,moved,shutil.move,hash verified
outputs/stage4/e2_dps_pilot/e2_dps_pilot_confidence_bin_metrics.csv,outputs/curated/stage3_sde/negative_diagnostic/dps/e2_dps_pilot/e2_dps_pilot/e2_dps_pilot_confidence_bin_metrics.csv,NEGATIVE_DIAGNOSTIC,metric_csv,yes,yes,yes,high,DPS audit or rejected DPS alternative,8d373aaa83d24e96bc238a8942fcebae5f78e80ff69ad0a806b927e718116c38,8d373aaa83d24e96bc238a8942fcebae5f78e80ff69ad0a806b927e718116c38,moved,shutil.move,hash verified
outputs/stage4/e2_dps_pilot/e2_dps_pilot_diagnostics.csv,outputs/curated/stage3_sde/negative_diagnostic/dps/e2_dps_pilot/e2_dps_pilot/e2_dps_pilot_diagnostics.csv,NEGATIVE_DIAGNOSTIC,metric_csv,yes,yes,yes,high,DPS audit or rejected DPS alternative,75f2891b6882cedb9ccbe950351ccf62b1835b39a3bc52e27f3a972adaccd327,75f2891b6882cedb9ccbe950351ccf62b1835b39a3bc52e27f3a972adaccd327,moved,shutil.move,hash verified
outputs/stage4/e2_dps_pilot/e2_dps_pilot_figures.csv,outputs/curated/stage3_sde/negative_diagnostic/dps/e2_dps_pilot/e2_dps_pilot/e2_dps_pilot_figures.csv,NEGATIVE_DIAGNOSTIC,metric_csv,yes,yes,yes,high,DPS audit or rejected DPS alternative,c24803df7846b62eb211f61724d862b9f23b2ce2038b0d49bb65093817d66b33,c24803df7846b62eb211f61724d862b9f23b2ce2038b0d49bb65093817d66b33,moved,shutil.move,hash verified
outputs/stage4/e2_dps_pilot/e2_dps_pilot_full_metrics.csv,outputs/curated/stage3_sde/negative_diagnostic/dps/e2_dps_pilot/e2_dps_pilot/e2_dps_pilot_full_metrics.csv,NEGATIVE_DIAGNOSTIC,metric_csv,yes,yes,yes,high,DPS audit or rejected DPS alternative,cfa38e5d357dc3807fe13ac8ceb134a87b09e4aa14a68eca49192f92306d8057,cfa38e5d357dc3807fe13ac8ceb134a87b09e4aa14a68eca49192f92306d8057,moved,shutil.move,hash verified
outputs/stage4/e2_dps_pilot/e2_dps_pilot_pass_fail_summary.csv,outputs/curated/stage3_sde/negative_diagnostic/dps/e2_dps_pilot/e2_dps_pilot/e2_dps_pilot_pass_fail_summary.csv,NEGATIVE_DIAGNOSTIC,metric_csv,yes,yes,yes,high,DPS audit or rejected DPS alternative,e4856d1e53a33708beaf6af6a544367a5e039635c36dce663f8a077efad27fd0,e4856d1e53a33708beaf6af6a544367a5e039635c36dce663f8a077efad27fd0,moved,shutil.move,hash verified
outputs/stage4/e2_dps_pilot/e2_dps_pilot_per_trajectory_metrics.csv,outputs/curated/stage3_sde/negative_diagnostic/dps/e2_dps_pilot/e2_dps_pilot/e2_dps_pilot_per_trajectory_metrics.csv,NEGATIVE_DIAGNOSTIC,metric_csv,yes,yes,yes,high,DPS audit or rejected DPS alternative,b183019b03c2ffebda20fe3bec60e4a54bb892934050b33df30c22aa8c2eb253,b183019b03c2ffebda20fe3bec60e4a54bb892934050b33df30c22aa8c2eb253,moved,shutil.move,hash verified
outputs/stage4/e2_dps_pilot/e2_dps_pilot_sampling_diagnostics.csv,outputs/curated/stage3_sde/negative_diagnostic/dps/e2_dps_pilot/e2_dps_pilot/e2_dps_pilot_sampling_diagnostics.csv,NEGATIVE_DIAGNOSTIC,metric_csv,yes,yes,yes,high,DPS audit or rejected DPS alternative,ecb101be5bc7daca11cd0a6c31d1ffaabea408234d7654d3d6f24f6b71c7d03e,ecb101be5bc7daca11cd0a6c31d1ffaabea408234d7654d3d6f24f6b71c7d03e,moved,shutil.move,hash verified
outputs/stage4/e2_dps_pilot/e2_dps_pilot_summary.md,outputs/curated/stage3_sde/negative_diagnostic/dps/e2_dps_pilot/e2_dps_pilot/e2_dps_pilot_summary.md,NEGATIVE_DIAGNOSTIC,markdown,yes,yes,yes,high,DPS audit or rejected DPS alternative,3f3329eb541dea680855224096bf4edf6a342b52474f8926822e0dc5e63ad28e,3f3329eb541dea680855224096bf4edf6a342b52474f8926822e0dc5e63ad28e,moved,shutil.move,hash verified
outputs/stage4/e2_dps_pilot/figures/bias_negative_control_bias_medium_traj11.png,outputs/curated/stage3_sde/negative_diagnostic/dps/e2_dps_pilot/figures/bias_negative_control_bias_medium_traj11.png,NEGATIVE_DIAGNOSTIC,figure,yes,yes,yes,high,DPS audit or rejected DPS alternative,687fe318f68a8d6c3eaf25798dd075f9c67ced248c624ddd231bdc41305e80f0,687fe318f68a8d6c3eaf25798dd075f9c67ced248c624ddd231bdc41305e80f0,moved,shutil.move,hash verified
outputs/stage4/e2_dps_pilot/figures/burst_burst_medium_traj9.png,outputs/curated/stage3_sde/negative_diagnostic/dps/e2_dps_pilot/figures/burst_burst_medium_traj9.png,NEGATIVE_DIAGNOSTIC,figure,yes,yes,yes,high,DPS audit or rejected DPS alternative,d301c14456dfb63b8aba9851458a28e260318818bf021f5f8f941bc302a7a03c,d301c14456dfb63b8aba9851458a28e260318818bf021f5f8f941bc302a7a03c,moved,shutil.move,hash verified
outputs/stage4/e2_dps_pilot/figures/drift_drift_medium_traj9.png,outputs/curated/stage3_sde/negative_diagnostic/dps/e2_dps_pilot/figures/drift_drift_medium_traj9.png,NEGATIVE_DIAGNOSTIC,figure,yes,yes,yes,high,DPS audit or rejected DPS alternative,29df6fc56854c2c60fe9343b4f6e2e2e2f598c7495463e167718bfcd77aedac7,29df6fc56854c2c60fe9343b4f6e2e2e2f598c7495463e167718bfcd77aedac7,moved,shutil.move,hash verified
outputs/stage4/e2_dps_pilot/figures/jump_diagnostic_jump_medium_traj14.png,outputs/curated/stage3_sde/negative_diagnostic/dps/e2_dps_pilot/figures/jump_diagnostic_jump_medium_traj14.png,NEGATIVE_DIAGNOSTIC,figure,yes,yes,yes,high,DPS audit or rejected DPS alternative,ed75643aeb6e3d452a38e7c8604c623e9f8a75012b961012fa3756c133c5d63c,ed75643aeb6e3d452a38e7c8604c623e9f8a75012b961012fa3756c133c5d63c,moved,shutil.move,hash verified
outputs/stage4/e2_min_absolute_posterior_anchoring/e2_min_condition_level_diagnostics.csv,outputs/curated/stage3_sde/negative_diagnostic/e2_min/e2_min_absolute_posterior_anchoring/e2_min_absolute_posterior_anchoring/e2_min_condition_level_diagnostics.csv,NEGATIVE_DIAGNOSTIC,metric_csv,yes,yes,yes,high,E2-Min deterministic posterior anchoring diagnostic,0d71fbaf275d7bff7e8f02cb19d4b2a998e5b2a9633dfa7ccc0fed5b57aeaa67,0d71fbaf275d7bff7e8f02cb19d4b2a998e5b2a9633dfa7ccc0fed5b57aeaa67,moved,shutil.move,hash verified
outputs/stage4/e2_min_absolute_posterior_anchoring/e2_min_condition_level_diagnostics.md,outputs/curated/stage3_sde/negative_diagnostic/e2_min/e2_min_absolute_posterior_anchoring/e2_min_absolute_posterior_anchoring/e2_min_condition_level_diagnostics.md,NEGATIVE_DIAGNOSTIC,markdown,yes,yes,yes,high,E2-Min deterministic posterior anchoring diagnostic,097352854788c284b01956dfe5b13b98148c03bc8520fa7cd04f2842d26091c9,097352854788c284b01956dfe5b13b98148c03bc8520fa7cd04f2842d26091c9,moved,shutil.move,hash verified
outputs/stage4/e2_min_absolute_posterior_anchoring/e2_min_confidence_bin_metrics.csv,outputs/curated/stage3_sde/negative_diagnostic/e2_min/e2_min_absolute_posterior_anchoring/e2_min_absolute_posterior_anchoring/e2_min_confidence_bin_metrics.csv,NEGATIVE_DIAGNOSTIC,metric_csv,yes,yes,yes,high,E2-Min deterministic posterior anchoring diagnostic,28c6c820dc48dc8111142fde368153a165533e19e3d4e80ecd1108a3e0e0abb5,28c6c820dc48dc8111142fde368153a165533e19e3d4e80ecd1108a3e0e0abb5,moved,shutil.move,hash verified
outputs/stage4/e2_min_absolute_posterior_anchoring/e2_min_diagnostics.csv,outputs/curated/stage3_sde/negative_diagnostic/e2_min/e2_min_absolute_posterior_anchoring/e2_min_absolute_posterior_anchoring/e2_min_diagnostics.csv,NEGATIVE_DIAGNOSTIC,metric_csv,yes,yes,yes,high,E2-Min deterministic posterior anchoring diagnostic,48819725a7e1a565fe5130fe3c6280d1164ec28ce95b75993173964195d49a0b,48819725a7e1a565fe5130fe3c6280d1164ec28ce95b75993173964195d49a0b,moved,shutil.move,hash verified
outputs/stage4/e2_min_absolute_posterior_anchoring/e2_min_figures.csv,outputs/curated/stage3_sde/negative_diagnostic/e2_min/e2_min_absolute_posterior_anchoring/e2_min_absolute_posterior_anchoring/e2_min_figures.csv,NEGATIVE_DIAGNOSTIC,metric_csv,yes,yes,yes,high,E2-Min deterministic posterior anchoring diagnostic,b995ded0c0ed7d0b8b63dd701180993cf5ce07866c7e931bcaa89b3884d9ecea,b995ded0c0ed7d0b8b63dd701180993cf5ce07866c7e931bcaa89b3884d9ecea,moved,shutil.move,hash verified
outputs/stage4/e2_min_absolute_posterior_anchoring/e2_min_full_metrics.csv,outputs/curated/stage3_sde/negative_diagnostic/e2_min/e2_min_absolute_posterior_anchoring/e2_min_absolute_posterior_anchoring/e2_min_full_metrics.csv,NEGATIVE_DIAGNOSTIC,metric_csv,yes,yes,yes,high,E2-Min deterministic posterior anchoring diagnostic,1c0bda1f140463bc01b34c109fadae72fe15d7fb3ca7c879e354ab4a8cdaa759,1c0bda1f140463bc01b34c109fadae72fe15d7fb3ca7c879e354ab4a8cdaa759,moved,shutil.move,hash verified
outputs/stage4/e2_min_absolute_posterior_anchoring/e2_min_layered_pass_fail_summary.csv,outputs/curated/stage3_sde/negative_diagnostic/e2_min/e2_min_absolute_posterior_anchoring/e2_min_absolute_posterior_anchoring/e2_min_layered_pass_fail_summary.csv,NEGATIVE_DIAGNOSTIC,metric_csv,yes,yes,yes,high,E2-Min deterministic posterior anchoring diagnostic,1658d3d1c93752432547fe35d094f78383049f74363392cae4b7e8372dc1ce26,1658d3d1c93752432547fe35d094f78383049f74363392cae4b7e8372dc1ce26,moved,shutil.move,hash verified
outputs/stage4/e2_min_absolute_posterior_anchoring/e2_min_optimized_trajectories.npz,outputs/curated/stage3_sde/negative_diagnostic/e2_min/e2_min_absolute_posterior_anchoring/e2_min_absolute_posterior_anchoring/e2_min_optimized_trajectories.npz,NEGATIVE_DIAGNOSTIC,array,yes,yes,yes,high,E2-Min deterministic posterior anchoring diagnostic,ba49568e7d2c00000a085d1cf4d5ed3e8ab9f19cf1ba9ffd48b5d0dc2bf73833,ba49568e7d2c00000a085d1cf4d5ed3e8ab9f19cf1ba9ffd48b5d0dc2bf73833,moved,shutil.move,hash verified
outputs/stage4/e2_min_absolute_posterior_anchoring/e2_min_parameter_sweep.csv,outputs/curated/stage3_sde/negative_diagnostic/e2_min/e2_min_absolute_posterior_anchoring/e2_min_absolute_posterior_anchoring/e2_min_parameter_sweep.csv,NEGATIVE_DIAGNOSTIC,metric_csv,yes,yes,yes,high,E2-Min deterministic posterior anchoring diagnostic,bd8bd026fbfffd12a28afc2b1e485600d7bb1eb5c9f95b2428bb0fc5a4983707,bd8bd026fbfffd12a28afc2b1e485600d7bb1eb5c9f95b2428bb0fc5a4983707,moved,shutil.move,hash verified
outputs/stage4/e2_min_absolute_posterior_anchoring/e2_min_pass_fail_summary.csv,outputs/curated/stage3_sde/negative_diagnostic/e2_min/e2_min_absolute_posterior_anchoring/e2_min_absolute_posterior_anchoring/e2_min_pass_fail_summary.csv,NEGATIVE_DIAGNOSTIC,metric_csv,yes,yes,yes,high,E2-Min deterministic posterior anchoring diagnostic,09d36d757705c2c59d5ca3f8889554c1259eb217ca2b58eb51a5bbf213479915,09d36d757705c2c59d5ca3f8889554c1259eb217ca2b58eb51a5bbf213479915,moved,shutil.move,hash verified
outputs/stage4/e2_min_absolute_posterior_anchoring/e2_min_per_trajectory_metrics.csv,outputs/curated/stage3_sde/negative_diagnostic/e2_min/e2_min_absolute_posterior_anchoring/e2_min_absolute_posterior_anchoring/e2_min_per_trajectory_metrics.csv,NEGATIVE_DIAGNOSTIC,metric_csv,yes,yes,yes,high,E2-Min deterministic posterior anchoring diagnostic,229f75dbfbf178ec9daa8fc35af25457861fb1323190c84f9d2e63f693290116,229f75dbfbf178ec9daa8fc35af25457861fb1323190c84f9d2e63f693290116,moved,shutil.move,hash verified
outputs/stage4/e2_min_absolute_posterior_anchoring/e2_min_summary.md,outputs/curated/stage3_sde/negative_diagnostic/e2_min/e2_min_absolute_posterior_anchoring/e2_min_absolute_posterior_anchoring/e2_min_summary.md,NEGATIVE_DIAGNOSTIC,markdown,yes,yes,yes,high,E2-Min deterministic posterior anchoring diagnostic,c14e661092f0f5a94f6cbfac19641b0745c8f7069a883b339b72600df96da699,c14e661092f0f5a94f6cbfac19641b0745c8f7069a883b339b72600df96da699,moved,shutil.move,hash verified
outputs/stage4/e2_min_absolute_posterior_anchoring/figures/bias_absolute_offset_bias_medium_traj83.png,outputs/curated/stage3_sde/negative_diagnostic/e2_min/e2_min_absolute_posterior_anchoring/figures/bias_absolute_offset_bias_medium_traj83.png,NEGATIVE_DIAGNOSTIC,figure,yes,yes,yes,high,E2-Min deterministic posterior anchoring diagnostic,67d8d0ce917f1b6a040c06f682a45ec6e57e083a8e97883366690b2fae4dd5bb,67d8d0ce917f1b6a040c06f682a45ec6e57e083a8e97883366690b2fae4dd5bb,moved,shutil.move,hash verified
outputs/stage4/e2_min_absolute_posterior_anchoring/figures/burst_boundary_failure_burst_medium_traj107.png,outputs/curated/stage3_sde/negative_diagnostic/e2_min/e2_min_absolute_posterior_anchoring/figures/burst_boundary_failure_burst_medium_traj107.png,NEGATIVE_DIAGNOSTIC,figure,yes,yes,yes,high,E2-Min deterministic posterior anchoring diagnostic,936841a3f83a5f69315b8bc79b90ad1ad53eb1992dcd2916e0fe1030196e095e,936841a3f83a5f69315b8bc79b90ad1ad53eb1992dcd2916e0fe1030196e095e,moved,shutil.move,hash verified
outputs/stage4/e2_min_absolute_posterior_anchoring/figures/combined_degradation_combined_medium_traj36.png,outputs/curated/stage3_sde/negative_diagnostic/e2_min/e2_min_absolute_posterior_anchoring/figures/combined_degradation_combined_medium_traj36.png,NEGATIVE_DIAGNOSTIC,figure,yes,yes,yes,high,E2-Min deterministic posterior anchoring diagnostic,e55159c208517cce0c429b2b89d9f128d6c39716bbd4d5394e279797abf3cb56,e55159c208517cce0c429b2b89d9f128d6c39716bbd4d5394e279797abf3cb56,moved,shutil.move,hash verified
outputs/stage4/e2_min_absolute_posterior_anchoring/figures/drift_high_confidence_e1_failure_drift_medium_traj183.png,outputs/curated/stage3_sde/negative_diagnostic/e2_min/e2_min_absolute_posterior_anchoring/figures/drift_high_confidence_e1_failure_drift_medium_traj183.png,NEGATIVE_DIAGNOSTIC,figure,yes,yes,yes,high,E2-Min deterministic posterior anchoring diagnostic,a9e48d96f3d48114582204e368231745b316f6f0e51bf5275c7dd57fe27d9a00,a9e48d96f3d48114582204e368231745b316f6f0e51bf5275c7dd57fe27d9a00,moved,shutil.move,hash verified
outputs/stage4/e2_min_absolute_posterior_anchoring/figures/failure_or_ambiguous_jump_medium_traj2.png,outputs/curated/stage3_sde/negative_diagnostic/e2_min/e2_min_absolute_posterior_anchoring/figures/failure_or_ambiguous_jump_medium_traj2.png,NEGATIVE_DIAGNOSTIC,figure,yes,yes,yes,high,E2-Min deterministic posterior anchoring diagnostic,3409c40513569581827f7db07f46e96770031869770b52c35bc6689842b84d01,3409c40513569581827f7db07f46e96770031869770b52c35bc6689842b84d01,moved,shutil.move,hash verified
outputs/stage4/e2_min_absolute_posterior_anchoring/figures/low_confidence_preservation_burst_medium_traj165.png,outputs/curated/stage3_sde/negative_diagnostic/e2_min/e2_min_absolute_posterior_anchoring/figures/low_confidence_preservation_burst_medium_traj165.png,NEGATIVE_DIAGNOSTIC,figure,yes,yes,yes,high,E2-Min deterministic posterior anchoring diagnostic,d576bd0b77705938156234384bd17fe19317e292f4781a2f4afaac71cc09dfd7,d576bd0b77705938156234384bd17fe19317e292f4781a2f4afaac71cc09dfd7,moved,shutil.move,hash verified
outputs/stage4/e2_prior_signal_sanity_bias/bias_prior_signal_figures.csv,outputs/curated/stage3_sde/negative_diagnostic/bias_sanity/e2_prior_signal_sanity_bias/e2_prior_signal_sanity_bias/bias_prior_signal_figures.csv,NEGATIVE_DIAGNOSTIC,metric_csv,yes,yes,yes,high,bias prior-signal sanity diagnostic,2860a96bd8a86598a31abb5aa3696d384f1ac231099d2d86eb4ad650ed542181,2860a96bd8a86598a31abb5aa3696d384f1ac231099d2d86eb4ad650ed542181,moved,shutil.move,hash verified
outputs/stage4/e2_prior_signal_sanity_bias/bias_prior_signal_metrics.csv,outputs/curated/stage3_sde/negative_diagnostic/bias_sanity/e2_prior_signal_sanity_bias/e2_prior_signal_sanity_bias/bias_prior_signal_metrics.csv,NEGATIVE_DIAGNOSTIC,metric_csv,yes,yes,yes,high,bias prior-signal sanity diagnostic,dfd2e13c046da596a05e5689aba8ab8b3b08a3b021a54b5ab646a098d6de9536,dfd2e13c046da596a05e5689aba8ab8b3b08a3b021a54b5ab646a098d6de9536,moved,shutil.move,hash verified
outputs/stage4/e2_prior_signal_sanity_bias/bias_prior_signal_per_trajectory.csv,outputs/curated/stage3_sde/negative_diagnostic/bias_sanity/e2_prior_signal_sanity_bias/e2_prior_signal_sanity_bias/bias_prior_signal_per_trajectory.csv,NEGATIVE_DIAGNOSTIC,metric_csv,yes,yes,yes,high,bias prior-signal sanity diagnostic,2dfe5fcaa5d63f065ccffce09f75d02bb5a492e0ba4e10de569fcb13469658ab,2dfe5fcaa5d63f065ccffce09f75d02bb5a492e0ba4e10de569fcb13469658ab,moved,shutil.move,hash verified
outputs/stage4/e2_prior_signal_sanity_bias/bias_prior_signal_summary.md,outputs/curated/stage3_sde/negative_diagnostic/bias_sanity/e2_prior_signal_sanity_bias/e2_prior_signal_sanity_bias/bias_prior_signal_summary.md,NEGATIVE_DIAGNOSTIC,markdown,yes,yes,yes,high,bias prior-signal sanity diagnostic,0ee016dffafa3b5d8c83e5b0b4ea782ac11b22d88f9fdc86f8c0c936b250b929,0ee016dffafa3b5d8c83e5b0b4ea782ac11b22d88f9fdc86f8c0c936b250b929,moved,shutil.move,hash verified
outputs/stage4/e2_prior_signal_sanity_bias/figures/best_ADE_improvement_traj123.png,outputs/curated/stage3_sde/negative_diagnostic/bias_sanity/e2_prior_signal_sanity_bias/figures/best_ADE_improvement_traj123.png,NEGATIVE_DIAGNOSTIC,figure,yes,yes,yes,high,bias prior-signal sanity diagnostic,1b4ef5ec9cff4b6945b747ce6100c3965eaac216023750fd48002c1a9d05cf6f,1b4ef5ec9cff4b6945b747ce6100c3965eaac216023750fd48002c1a9d05cf6f,moved,shutil.move,hash verified
outputs/stage4/e2_prior_signal_sanity_bias/figures/highest_global_alignment_traj7.png,outputs/curated/stage3_sde/negative_diagnostic/bias_sanity/e2_prior_signal_sanity_bias/figures/highest_global_alignment_traj7.png,NEGATIVE_DIAGNOSTIC,figure,yes,yes,yes,high,bias prior-signal sanity diagnostic,5f00fbebea48153c6f3777f342f9f9ab0653e96103b8677a74e0dc853aebd197,5f00fbebea48153c6f3777f342f9f9ab0653e96103b8677a74e0dc853aebd197,moved,shutil.move,hash verified
outputs/stage4/e2_prior_signal_sanity_bias/figures/median_global_alignment_traj62.png,outputs/curated/stage3_sde/negative_diagnostic/bias_sanity/e2_prior_signal_sanity_bias/figures/median_global_alignment_traj62.png,NEGATIVE_DIAGNOSTIC,figure,yes,yes,yes,high,bias prior-signal sanity diagnostic,07ab5ee837b49953155b5353c2177a324ad0421390b9c5d9d668996c172540ff,07ab5ee837b49953155b5353c2177a324ad0421390b9c5d9d668996c172540ff,moved,shutil.move,hash verified
outputs/stage4/e2_prior_signal_sanity_bias/figures/worst_offset_regression_traj154.png,outputs/curated/stage3_sde/negative_diagnostic/bias_sanity/e2_prior_signal_sanity_bias/figures/worst_offset_regression_traj154.png,NEGATIVE_DIAGNOSTIC,figure,yes,yes,yes,high,bias prior-signal sanity diagnostic,a9e22fe45dac496d5185d2f214462cc418579050684518a5ee2b6ff8b8adc3d4,a9e22fe45dac496d5185d2f214462cc418579050684518a5ee2b6ff8b8adc3d4,moved,shutil.move,hash verified
outputs/stage4/e3_dps_calibrated_phaseA/arrays/bias_medium_clean.npy,outputs/curated/stage3_sde/negative_diagnostic/dps/e3_dps_calibrated_phaseA/arrays/bias_medium_clean.npy,NEGATIVE_DIAGNOSTIC,array,yes,yes,yes,high,DPS audit or rejected DPS alternative,136d47d316474c4c6980bc2ae2d5329065f12aa19024768dc1648217fe700a92,136d47d316474c4c6980bc2ae2d5329065f12aa19024768dc1648217fe700a92,moved,shutil.move,hash verified
outputs/stage4/e3_dps_calibrated_phaseA/arrays/bias_medium_confidence.npy,outputs/curated/stage3_sde/negative_diagnostic/dps/e3_dps_calibrated_phaseA/arrays/bias_medium_confidence.npy,NEGATIVE_DIAGNOSTIC,array,yes,yes,yes,high,DPS audit or rejected DPS alternative,a13522a1e80ecdd981552a0474b54e1a2a0cea09ae1894ddffbae58ab3450715,a13522a1e80ecdd981552a0474b54e1a2a0cea09ae1894ddffbae58ab3450715,moved,shutil.move,hash verified
outputs/stage4/e3_dps_calibrated_phaseA/arrays/bias_medium_degraded.npy,outputs/curated/stage3_sde/negative_diagnostic/dps/e3_dps_calibrated_phaseA/arrays/bias_medium_degraded.npy,NEGATIVE_DIAGNOSTIC,array,yes,yes,yes,high,DPS audit or rejected DPS alternative,124fef99e87099b835aff7f8510897c222caf83e90ac54e2ee3de305983cdf28,124fef99e87099b835aff7f8510897c222caf83e90ac54e2ee3de305983cdf28,moved,shutil.move,hash verified
outputs/stage4/e3_dps_calibrated_phaseA/arrays/bias_medium_dps_zeta_0.0001.npy,outputs/curated/stage3_sde/negative_diagnostic/dps/e3_dps_calibrated_phaseA/arrays/bias_medium_dps_zeta_0.0001.npy,NEGATIVE_DIAGNOSTIC,array,yes,yes,yes,high,DPS audit or rejected DPS alternative,7a29624bc7ced6c63185c2de1c734a83bc6517517106d430e645243e1a85f695,7a29624bc7ced6c63185c2de1c734a83bc6517517106d430e645243e1a85f695,moved,shutil.move,hash verified
outputs/stage4/e3_dps_calibrated_phaseA/arrays/bias_medium_dps_zeta_0.0003.npy,outputs/curated/stage3_sde/negative_diagnostic/dps/e3_dps_calibrated_phaseA/arrays/bias_medium_dps_zeta_0.0003.npy,NEGATIVE_DIAGNOSTIC,array,yes,yes,yes,high,DPS audit or rejected DPS alternative,c4602188b12424d6a525399f1190495dfa17c8244412885833679f44b174a1cd,c4602188b12424d6a525399f1190495dfa17c8244412885833679f44b174a1cd,moved,shutil.move,hash verified
outputs/stage4/e3_dps_calibrated_phaseA/arrays/bias_medium_dps_zeta_0.001.npy,outputs/curated/stage3_sde/negative_diagnostic/dps/e3_dps_calibrated_phaseA/arrays/bias_medium_dps_zeta_0.001.npy,NEGATIVE_DIAGNOSTIC,array,yes,yes,yes,high,DPS audit or rejected DPS alternative,b2b8e11de00b7d9427d330526c3a418177c879d738cc22d3c180f2943fe276af,b2b8e11de00b7d9427d330526c3a418177c879d738cc22d3c180f2943fe276af,moved,shutil.move,hash verified
outputs/stage4/e3_dps_calibrated_phaseA/arrays/bias_medium_dps_zeta_1e-05.npy,outputs/curated/stage3_sde/negative_diagnostic/dps/e3_dps_calibrated_phaseA/arrays/bias_medium_dps_zeta_1e-05.npy,NEGATIVE_DIAGNOSTIC,array,yes,yes,yes,high,DPS audit or rejected DPS alternative,e239ef0d20798ebef13c96d0deec2ab108c2a7e55f4d29bcff9a13baac1fe132,e239ef0d20798ebef13c96d0deec2ab108c2a7e55f4d29bcff9a13baac1fe132,moved,shutil.move,hash verified
outputs/stage4/e3_dps_calibrated_phaseA/arrays/bias_medium_dps_zeta_3e-05.npy,outputs/curated/stage3_sde/negative_diagnostic/dps/e3_dps_calibrated_phaseA/arrays/bias_medium_dps_zeta_3e-05.npy,NEGATIVE_DIAGNOSTIC,array,yes,yes,yes,high,DPS audit or rejected DPS alternative,92dccbf4b3f2ea8eb906517236e212a8dbc4a41c88a9c297596f5924566a813d,92dccbf4b3f2ea8eb906517236e212a8dbc4a41c88a9c297596f5924566a813d,moved,shutil.move,hash verified
outputs/stage4/e3_dps_calibrated_phaseA/arrays/bias_medium_fused_t1_tau07_gamma2.npy,outputs/curated/stage3_sde/negative_diagnostic/dps/e3_dps_calibrated_phaseA/arrays/bias_medium_fused_t1_tau07_gamma2.npy,NEGATIVE_DIAGNOSTIC,array,yes,yes,yes,high,DPS audit or rejected DPS alternative,f2d9721506e0589ea7777bdd69d3deece1bd8c6b503df325d4b7ef5ac06acddd,f2d9721506e0589ea7777bdd69d3deece1bd8c6b503df325d4b7ef5ac06acddd,moved,shutil.move,hash verified
outputs/stage4/e3_dps_calibrated_phaseA/arrays/bias_medium_sdedit_t1.npy,outputs/curated/stage3_sde/negative_diagnostic/dps/e3_dps_calibrated_phaseA/arrays/bias_medium_sdedit_t1.npy,NEGATIVE_DIAGNOSTIC,array,yes,yes,yes,high,DPS audit or rejected DPS alternative,2b20ab5b033b101224625a90d8d44fb9206118bf4a7ad717853dd8121d8f8aba,2b20ab5b033b101224625a90d8d44fb9206118bf4a7ad717853dd8121d8f8aba,moved,shutil.move,hash verified
outputs/stage4/e3_dps_calibrated_phaseA/arrays/burst_medium_clean.npy,outputs/curated/stage3_sde/negative_diagnostic/dps/e3_dps_calibrated_phaseA/arrays/burst_medium_clean.npy,NEGATIVE_DIAGNOSTIC,array,yes,yes,yes,high,DPS audit or rejected DPS alternative,136d47d316474c4c6980bc2ae2d5329065f12aa19024768dc1648217fe700a92,136d47d316474c4c6980bc2ae2d5329065f12aa19024768dc1648217fe700a92,moved,shutil.move,hash verified
outputs/stage4/e3_dps_calibrated_phaseA/arrays/burst_medium_confidence.npy,outputs/curated/stage3_sde/negative_diagnostic/dps/e3_dps_calibrated_phaseA/arrays/burst_medium_confidence.npy,NEGATIVE_DIAGNOSTIC,array,yes,yes,yes,high,DPS audit or rejected DPS alternative,74640cc77c3601d7d133fd760e5c597f997f9c0416aec25f57b658c165ec0e9d,74640cc77c3601d7d133fd760e5c597f997f9c0416aec25f57b658c165ec0e9d,moved,shutil.move,hash verified
outputs/stage4/e3_dps_calibrated_phaseA/arrays/burst_medium_degraded.npy,outputs/curated/stage3_sde/negative_diagnostic/dps/e3_dps_calibrated_phaseA/arrays/burst_medium_degraded.npy,NEGATIVE_DIAGNOSTIC,array,yes,yes,yes,high,DPS audit or rejected DPS alternative,35bd79cb099a803d151c92535efa8dea834cd711138a6cb6cd2e59045a28fe44,35bd79cb099a803d151c92535efa8dea834cd711138a6cb6cd2e59045a28fe44,moved,shutil.move,hash verified
outputs/stage4/e3_dps_calibrated_phaseA/arrays/burst_medium_dps_zeta_0.0001.npy,outputs/curated/stage3_sde/negative_diagnostic/dps/e3_dps_calibrated_phaseA/arrays/burst_medium_dps_zeta_0.0001.npy,NEGATIVE_DIAGNOSTIC,array,yes,yes,yes,high,DPS audit or rejected DPS alternative,45af8f059be53f0cdec40a832a84668013d70c206a5a0500a282055522df2a42,45af8f059be53f0cdec40a832a84668013d70c206a5a0500a282055522df2a42,moved,shutil.move,hash verified
outputs/stage4/e3_dps_calibrated_phaseA/arrays/burst_medium_dps_zeta_0.0003.npy,outputs/curated/stage3_sde/negative_diagnostic/dps/e3_dps_calibrated_phaseA/arrays/burst_medium_dps_zeta_0.0003.npy,NEGATIVE_DIAGNOSTIC,array,yes,yes,yes,high,DPS audit or rejected DPS alternative,ac53be2c15325dadd21a586815e124f7797f337052912b0581d506dfbddef1f1,ac53be2c15325dadd21a586815e124f7797f337052912b0581d506dfbddef1f1,moved,shutil.move,hash verified
outputs/stage4/e3_dps_calibrated_phaseA/arrays/burst_medium_dps_zeta_0.001.npy,outputs/curated/stage3_sde/negative_diagnostic/dps/e3_dps_calibrated_phaseA/arrays/burst_medium_dps_zeta_0.001.npy,NEGATIVE_DIAGNOSTIC,array,yes,yes,yes,high,DPS audit or rejected DPS alternative,28f5cc934691df6b0f10f15554cabdd33c69f101088168984c99c4323789922d,28f5cc934691df6b0f10f15554cabdd33c69f101088168984c99c4323789922d,moved,shutil.move,hash verified
outputs/stage4/e3_dps_calibrated_phaseA/arrays/burst_medium_dps_zeta_1e-05.npy,outputs/curated/stage3_sde/negative_diagnostic/dps/e3_dps_calibrated_phaseA/arrays/burst_medium_dps_zeta_1e-05.npy,NEGATIVE_DIAGNOSTIC,array,yes,yes,yes,high,DPS audit or rejected DPS alternative,e93b49d5f32e89439a3cd435f44ef5be4852bc8537d1013528604744daee01e3,e93b49d5f32e89439a3cd435f44ef5be4852bc8537d1013528604744daee01e3,moved,shutil.move,hash verified
outputs/stage4/e3_dps_calibrated_phaseA/arrays/burst_medium_dps_zeta_3e-05.npy,outputs/curated/stage3_sde/negative_diagnostic/dps/e3_dps_calibrated_phaseA/arrays/burst_medium_dps_zeta_3e-05.npy,NEGATIVE_DIAGNOSTIC,array,yes,yes,yes,high,DPS audit or rejected DPS alternative,816476e78bd4bcd16261c7b04cbf46b4d034f24095749d6f00f849a094b2d8ba,816476e78bd4bcd16261c7b04cbf46b4d034f24095749d6f00f849a094b2d8ba,moved,shutil.move,hash verified
outputs/stage4/e3_dps_calibrated_phaseA/arrays/burst_medium_fused_t1_tau07_gamma2.npy,outputs/curated/stage3_sde/negative_diagnostic/dps/e3_dps_calibrated_phaseA/arrays/burst_medium_fused_t1_tau07_gamma2.npy,NEGATIVE_DIAGNOSTIC,array,yes,yes,yes,high,DPS audit or rejected DPS alternative,821136f2bc22083fdeb8d64bed6d39e152bc36f45b4dd4731c308a7e299b3f1f,821136f2bc22083fdeb8d64bed6d39e152bc36f45b4dd4731c308a7e299b3f1f,moved,shutil.move,hash verified
outputs/stage4/e3_dps_calibrated_phaseA/arrays/burst_medium_sdedit_t1.npy,outputs/curated/stage3_sde/negative_diagnostic/dps/e3_dps_calibrated_phaseA/arrays/burst_medium_sdedit_t1.npy,NEGATIVE_DIAGNOSTIC,array,yes,yes,yes,high,DPS audit or rejected DPS alternative,5c10fcb192c98a90b47e4e4c53b788072829064e655f84e0ef3bfc6799be6282,5c10fcb192c98a90b47e4e4c53b788072829064e655f84e0ef3bfc6799be6282,moved,shutil.move,hash verified
outputs/stage4/e3_dps_calibrated_phaseA/arrays/combined_medium_clean.npy,outputs/curated/stage3_sde/negative_diagnostic/dps/e3_dps_calibrated_phaseA/arrays/combined_medium_clean.npy,NEGATIVE_DIAGNOSTIC,array,yes,yes,yes,high,DPS audit or rejected DPS alternative,136d47d316474c4c6980bc2ae2d5329065f12aa19024768dc1648217fe700a92,136d47d316474c4c6980bc2ae2d5329065f12aa19024768dc1648217fe700a92,moved,shutil.move,hash verified
outputs/stage4/e3_dps_calibrated_phaseA/arrays/combined_medium_confidence.npy,outputs/curated/stage3_sde/negative_diagnostic/dps/e3_dps_calibrated_phaseA/arrays/combined_medium_confidence.npy,NEGATIVE_DIAGNOSTIC,array,yes,yes,yes,high,DPS audit or rejected DPS alternative,ee405cda79eaf0509b0b6c4d3fb607f7bf7bb06e9bafb48d35a02af5c7e8f112,ee405cda79eaf0509b0b6c4d3fb607f7bf7bb06e9bafb48d35a02af5c7e8f112,moved,shutil.move,hash verified
outputs/stage4/e3_dps_calibrated_phaseA/arrays/combined_medium_degraded.npy,outputs/curated/stage3_sde/negative_diagnostic/dps/e3_dps_calibrated_phaseA/arrays/combined_medium_degraded.npy,NEGATIVE_DIAGNOSTIC,array,yes,yes,yes,high,DPS audit or rejected DPS alternative,e1d2a4798ec3279594655022aa817864365629605eeb0d59a74d45375f582c3e,e1d2a4798ec3279594655022aa817864365629605eeb0d59a74d45375f582c3e,moved,shutil.move,hash verified
outputs/stage4/e3_dps_calibrated_phaseA/arrays/combined_medium_dps_zeta_0.0001.npy,outputs/curated/stage3_sde/negative_diagnostic/dps/e3_dps_calibrated_phaseA/arrays/combined_medium_dps_zeta_0.0001.npy,NEGATIVE_DIAGNOSTIC,array,yes,yes,yes,high,DPS audit or rejected DPS alternative,df4edd987e67a571e1a238e7989b1de4008e6e0835efd7fdb4c5e30ac1495752,df4edd987e67a571e1a238e7989b1de4008e6e0835efd7fdb4c5e30ac1495752,moved,shutil.move,hash verified
outputs/stage4/e3_dps_calibrated_phaseA/arrays/combined_medium_dps_zeta_0.0003.npy,outputs/curated/stage3_sde/negative_diagnostic/dps/e3_dps_calibrated_phaseA/arrays/combined_medium_dps_zeta_0.0003.npy,NEGATIVE_DIAGNOSTIC,array,yes,yes,yes,high,DPS audit or rejected DPS alternative,64686e24e0fadb7c4ac26c909dc136bad45847a87dddab11763de51e9ec83577,64686e24e0fadb7c4ac26c909dc136bad45847a87dddab11763de51e9ec83577,moved,shutil.move,hash verified
outputs/stage4/e3_dps_calibrated_phaseA/arrays/combined_medium_dps_zeta_0.001.npy,outputs/curated/stage3_sde/negative_diagnostic/dps/e3_dps_calibrated_phaseA/arrays/combined_medium_dps_zeta_0.001.npy,NEGATIVE_DIAGNOSTIC,array,yes,yes,yes,high,DPS audit or rejected DPS alternative,04636dd59c127e2af0cd1f1fe71500f8a1f717ffaffb6411a1bfe924a28702d6,04636dd59c127e2af0cd1f1fe71500f8a1f717ffaffb6411a1bfe924a28702d6,moved,shutil.move,hash verified
outputs/stage4/e3_dps_calibrated_phaseA/arrays/combined_medium_dps_zeta_1e-05.npy,outputs/curated/stage3_sde/negative_diagnostic/dps/e3_dps_calibrated_phaseA/arrays/combined_medium_dps_zeta_1e-05.npy,NEGATIVE_DIAGNOSTIC,array,yes,yes,yes,high,DPS audit or rejected DPS alternative,f818b8c3bfd1689eb43c2ea2e4c55c658688de986eb8a8b2e8ee35e64531b91f,f818b8c3bfd1689eb43c2ea2e4c55c658688de986eb8a8b2e8ee35e64531b91f,moved,shutil.move,hash verified
outputs/stage4/e3_dps_calibrated_phaseA/arrays/combined_medium_dps_zeta_3e-05.npy,outputs/curated/stage3_sde/negative_diagnostic/dps/e3_dps_calibrated_phaseA/arrays/combined_medium_dps_zeta_3e-05.npy,NEGATIVE_DIAGNOSTIC,array,yes,yes,yes,high,DPS audit or rejected DPS alternative,faf6111291599858921177792bf08cbbda57f190dee976f30c348222eb03ed4a,faf6111291599858921177792bf08cbbda57f190dee976f30c348222eb03ed4a,moved,shutil.move,hash verified
outputs/stage4/e3_dps_calibrated_phaseA/arrays/combined_medium_fused_t1_tau07_gamma2.npy,outputs/curated/stage3_sde/negative_diagnostic/dps/e3_dps_calibrated_phaseA/arrays/combined_medium_fused_t1_tau07_gamma2.npy,NEGATIVE_DIAGNOSTIC,array,yes,yes,yes,high,DPS audit or rejected DPS alternative,874a0cdbf5516041c96f94e962ac58fd00b46fe90c9cf9918e3b1fdba4244a6e,874a0cdbf5516041c96f94e962ac58fd00b46fe90c9cf9918e3b1fdba4244a6e,moved,shutil.move,hash verified
outputs/stage4/e3_dps_calibrated_phaseA/arrays/combined_medium_sdedit_t1.npy,outputs/curated/stage3_sde/negative_diagnostic/dps/e3_dps_calibrated_phaseA/arrays/combined_medium_sdedit_t1.npy,NEGATIVE_DIAGNOSTIC,array,yes,yes,yes,high,DPS audit or rejected DPS alternative,fa1db8ca54b8a59c811d5adf8b9d3228b004bf8bcae0721df57ca0d568d85dec,fa1db8ca54b8a59c811d5adf8b9d3228b004bf8bcae0721df57ca0d568d85dec,moved,shutil.move,hash verified
outputs/stage4/e3_dps_calibrated_phaseA/arrays/drift_medium_clean.npy,outputs/curated/stage3_sde/negative_diagnostic/dps/e3_dps_calibrated_phaseA/arrays/drift_medium_clean.npy,NEGATIVE_DIAGNOSTIC,array,yes,yes,yes,high,DPS audit or rejected DPS alternative,136d47d316474c4c6980bc2ae2d5329065f12aa19024768dc1648217fe700a92,136d47d316474c4c6980bc2ae2d5329065f12aa19024768dc1648217fe700a92,moved,shutil.move,hash verified
outputs/stage4/e3_dps_calibrated_phaseA/arrays/drift_medium_confidence.npy,outputs/curated/stage3_sde/negative_diagnostic/dps/e3_dps_calibrated_phaseA/arrays/drift_medium_confidence.npy,NEGATIVE_DIAGNOSTIC,array,yes,yes,yes,high,DPS audit or rejected DPS alternative,f03f2345bd40077bbb02451f1b57b36bd6ecffe5dbeee72a411f4090e19f099b,f03f2345bd40077bbb02451f1b57b36bd6ecffe5dbeee72a411f4090e19f099b,moved,shutil.move,hash verified
outputs/stage4/e3_dps_calibrated_phaseA/arrays/drift_medium_degraded.npy,outputs/curated/stage3_sde/negative_diagnostic/dps/e3_dps_calibrated_phaseA/arrays/drift_medium_degraded.npy,NEGATIVE_DIAGNOSTIC,array,yes,yes,yes,high,DPS audit or rejected DPS alternative,9a1cc7172fe21d01fcf20786b8829dc70f9b2308eef832c336c3697c043aa1d9,9a1cc7172fe21d01fcf20786b8829dc70f9b2308eef832c336c3697c043aa1d9,moved,shutil.move,hash verified
outputs/stage4/e3_dps_calibrated_phaseA/arrays/drift_medium_dps_zeta_0.0001.npy,outputs/curated/stage3_sde/negative_diagnostic/dps/e3_dps_calibrated_phaseA/arrays/drift_medium_dps_zeta_0.0001.npy,NEGATIVE_DIAGNOSTIC,array,yes,yes,yes,high,DPS audit or rejected DPS alternative,de3650b5d0e351641cbd00053fe282b77a2b688a8b17b230aeecc0663a13c2f4,de3650b5d0e351641cbd00053fe282b77a2b688a8b17b230aeecc0663a13c2f4,moved,shutil.move,hash verified
outputs/stage4/e3_dps_calibrated_phaseA/arrays/drift_medium_dps_zeta_0.0003.npy,outputs/curated/stage3_sde/negative_diagnostic/dps/e3_dps_calibrated_phaseA/arrays/drift_medium_dps_zeta_0.0003.npy,NEGATIVE_DIAGNOSTIC,array,yes,yes,yes,high,DPS audit or rejected DPS alternative,53a19189cef80aa7a4a196bd91d1e8004d5d1ff0f2ca86c78d9e4c08b7071892,53a19189cef80aa7a4a196bd91d1e8004d5d1ff0f2ca86c78d9e4c08b7071892,moved,shutil.move,hash verified
outputs/stage4/e3_dps_calibrated_phaseA/arrays/drift_medium_dps_zeta_0.001.npy,outputs/curated/stage3_sde/negative_diagnostic/dps/e3_dps_calibrated_phaseA/arrays/drift_medium_dps_zeta_0.001.npy,NEGATIVE_DIAGNOSTIC,array,yes,yes,yes,high,DPS audit or rejected DPS alternative,95bc4067bd404cca71a5958fab497327bbbfe2aa62f230381ae47d44abccc3cc,95bc4067bd404cca71a5958fab497327bbbfe2aa62f230381ae47d44abccc3cc,moved,shutil.move,hash verified
outputs/stage4/e3_dps_calibrated_phaseA/arrays/drift_medium_dps_zeta_1e-05.npy,outputs/curated/stage3_sde/negative_diagnostic/dps/e3_dps_calibrated_phaseA/arrays/drift_medium_dps_zeta_1e-05.npy,NEGATIVE_DIAGNOSTIC,array,yes,yes,yes,high,DPS audit or rejected DPS alternative,0698df7a0624fd1daa4b0726e7660888092304cc9d0e7a372537fe0e7bf640e0,0698df7a0624fd1daa4b0726e7660888092304cc9d0e7a372537fe0e7bf640e0,moved,shutil.move,hash verified
outputs/stage4/e3_dps_calibrated_phaseA/arrays/drift_medium_dps_zeta_3e-05.npy,outputs/curated/stage3_sde/negative_diagnostic/dps/e3_dps_calibrated_phaseA/arrays/drift_medium_dps_zeta_3e-05.npy,NEGATIVE_DIAGNOSTIC,array,yes,yes,yes,high,DPS audit or rejected DPS alternative,ff79795e512173b4d4a3361df6f53b26c5eef508e6572364bebfb967be53d5de,ff79795e512173b4d4a3361df6f53b26c5eef508e6572364bebfb967be53d5de,moved,shutil.move,hash verified
outputs/stage4/e3_dps_calibrated_phaseA/arrays/drift_medium_fused_t1_tau07_gamma2.npy,outputs/curated/stage3_sde/negative_diagnostic/dps/e3_dps_calibrated_phaseA/arrays/drift_medium_fused_t1_tau07_gamma2.npy,NEGATIVE_DIAGNOSTIC,array,yes,yes,yes,high,DPS audit or rejected DPS alternative,e25a067cf1e3fbf7a53ec5b59d83adead7a3e34051680b8c328918be3d13c200,e25a067cf1e3fbf7a53ec5b59d83adead7a3e34051680b8c328918be3d13c200,moved,shutil.move,hash verified
outputs/stage4/e3_dps_calibrated_phaseA/arrays/drift_medium_sdedit_t1.npy,outputs/curated/stage3_sde/negative_diagnostic/dps/e3_dps_calibrated_phaseA/arrays/drift_medium_sdedit_t1.npy,NEGATIVE_DIAGNOSTIC,array,yes,yes,yes,high,DPS audit or rejected DPS alternative,3656ad7158f66ee97016d496f7453b76639b77ff4814582711edc26f6dfb7633,3656ad7158f66ee97016d496f7453b76639b77ff4814582711edc26f6dfb7633,moved,shutil.move,hash verified
outputs/stage4/e3_dps_calibrated_phaseA/arrays/gaussian_medium_clean.npy,outputs/curated/stage3_sde/negative_diagnostic/dps/e3_dps_calibrated_phaseA/arrays/gaussian_medium_clean.npy,NEGATIVE_DIAGNOSTIC,array,yes,yes,yes,high,DPS audit or rejected DPS alternative,136d47d316474c4c6980bc2ae2d5329065f12aa19024768dc1648217fe700a92,136d47d316474c4c6980bc2ae2d5329065f12aa19024768dc1648217fe700a92,moved,shutil.move,hash verified
outputs/stage4/e3_dps_calibrated_phaseA/arrays/gaussian_medium_confidence.npy,outputs/curated/stage3_sde/negative_diagnostic/dps/e3_dps_calibrated_phaseA/arrays/gaussian_medium_confidence.npy,NEGATIVE_DIAGNOSTIC,array,yes,yes,yes,high,DPS audit or rejected DPS alternative,13b96941dd0c3ed6312976556416184b177ad04d409344a6d263a0d40ceb0b4b,13b96941dd0c3ed6312976556416184b177ad04d409344a6d263a0d40ceb0b4b,moved,shutil.move,hash verified
outputs/stage4/e3_dps_calibrated_phaseA/arrays/gaussian_medium_degraded.npy,outputs/curated/stage3_sde/negative_diagnostic/dps/e3_dps_calibrated_phaseA/arrays/gaussian_medium_degraded.npy,NEGATIVE_DIAGNOSTIC,array,yes,yes,yes,high,DPS audit or rejected DPS alternative,fb8c37379795622b2c3974a03507cfa921faff05a7f381ebe4a1402e56609bac,fb8c37379795622b2c3974a03507cfa921faff05a7f381ebe4a1402e56609bac,moved,shutil.move,hash verified
outputs/stage4/e3_dps_calibrated_phaseA/arrays/gaussian_medium_dps_zeta_0.0001.npy,outputs/curated/stage3_sde/negative_diagnostic/dps/e3_dps_calibrated_phaseA/arrays/gaussian_medium_dps_zeta_0.0001.npy,NEGATIVE_DIAGNOSTIC,array,yes,yes,yes,high,DPS audit or rejected DPS alternative,43bd5703abff9a7cb710a3a43fbbd8af280f92df05a1f4d63dc0a101bff7f5f0,43bd5703abff9a7cb710a3a43fbbd8af280f92df05a1f4d63dc0a101bff7f5f0,moved,shutil.move,hash verified
outputs/stage4/e3_dps_calibrated_phaseA/arrays/gaussian_medium_dps_zeta_0.0003.npy,outputs/curated/stage3_sde/negative_diagnostic/dps/e3_dps_calibrated_phaseA/arrays/gaussian_medium_dps_zeta_0.0003.npy,NEGATIVE_DIAGNOSTIC,array,yes,yes,yes,high,DPS audit or rejected DPS alternative,d8d8e4ee1d44a8ed6d3a4c3013ea6a4be663ed9b5aa40d41e54274aeb06334f6,d8d8e4ee1d44a8ed6d3a4c3013ea6a4be663ed9b5aa40d41e54274aeb06334f6,moved,shutil.move,hash verified
outputs/stage4/e3_dps_calibrated_phaseA/arrays/gaussian_medium_dps_zeta_0.001.npy,outputs/curated/stage3_sde/negative_diagnostic/dps/e3_dps_calibrated_phaseA/arrays/gaussian_medium_dps_zeta_0.001.npy,NEGATIVE_DIAGNOSTIC,array,yes,yes,yes,high,DPS audit or rejected DPS alternative,bfea95f4eb787b96355d78d22795c0c825f25af4c8d1f7eee63c1c99a417fee6,bfea95f4eb787b96355d78d22795c0c825f25af4c8d1f7eee63c1c99a417fee6,moved,shutil.move,hash verified
outputs/stage4/e3_dps_calibrated_phaseA/arrays/gaussian_medium_dps_zeta_1e-05.npy,outputs/curated/stage3_sde/negative_diagnostic/dps/e3_dps_calibrated_phaseA/arrays/gaussian_medium_dps_zeta_1e-05.npy,NEGATIVE_DIAGNOSTIC,array,yes,yes,yes,high,DPS audit or rejected DPS alternative,4ef358d04ffbab956b20ad8bfc1ee3b86f6b05da8ab33094f7de9c1b3b53798b,4ef358d04ffbab956b20ad8bfc1ee3b86f6b05da8ab33094f7de9c1b3b53798b,moved,shutil.move,hash verified
outputs/stage4/e3_dps_calibrated_phaseA/arrays/gaussian_medium_dps_zeta_3e-05.npy,outputs/curated/stage3_sde/negative_diagnostic/dps/e3_dps_calibrated_phaseA/arrays/gaussian_medium_dps_zeta_3e-05.npy,NEGATIVE_DIAGNOSTIC,array,yes,yes,yes,high,DPS audit or rejected DPS alternative,dea61db0ac9af110aa908c62cd98c12cdfd1ce02b227d4c0a0a2cae5b4d0afcb,dea61db0ac9af110aa908c62cd98c12cdfd1ce02b227d4c0a0a2cae5b4d0afcb,moved,shutil.move,hash verified
outputs/stage4/e3_dps_calibrated_phaseA/arrays/gaussian_medium_fused_t1_tau07_gamma2.npy,outputs/curated/stage3_sde/negative_diagnostic/dps/e3_dps_calibrated_phaseA/arrays/gaussian_medium_fused_t1_tau07_gamma2.npy,NEGATIVE_DIAGNOSTIC,array,yes,yes,yes,high,DPS audit or rejected DPS alternative,3342e0c810d4a4535c1d6db440bdad8c32aa1b3622643b864215d804993d0d1a,3342e0c810d4a4535c1d6db440bdad8c32aa1b3622643b864215d804993d0d1a,moved,shutil.move,hash verified
outputs/stage4/e3_dps_calibrated_phaseA/arrays/gaussian_medium_sdedit_t1.npy,outputs/curated/stage3_sde/negative_diagnostic/dps/e3_dps_calibrated_phaseA/arrays/gaussian_medium_sdedit_t1.npy,NEGATIVE_DIAGNOSTIC,array,yes,yes,yes,high,DPS audit or rejected DPS alternative,d1c0442bb1a7aa9fc61e0f6376cdc42271d03f63eba2ba9af63a822617ebbd1a,d1c0442bb1a7aa9fc61e0f6376cdc42271d03f63eba2ba9af63a822617ebbd1a,moved,shutil.move,hash verified
outputs/stage4/e3_dps_calibrated_phaseA/arrays/jump_medium_clean.npy,outputs/curated/stage3_sde/negative_diagnostic/dps/e3_dps_calibrated_phaseA/arrays/jump_medium_clean.npy,NEGATIVE_DIAGNOSTIC,array,yes,yes,yes,high,DPS audit or rejected DPS alternative,136d47d316474c4c6980bc2ae2d5329065f12aa19024768dc1648217fe700a92,136d47d316474c4c6980bc2ae2d5329065f12aa19024768dc1648217fe700a92,moved,shutil.move,hash verified
outputs/stage4/e3_dps_calibrated_phaseA/arrays/jump_medium_confidence.npy,outputs/curated/stage3_sde/negative_diagnostic/dps/e3_dps_calibrated_phaseA/arrays/jump_medium_confidence.npy,NEGATIVE_DIAGNOSTIC,array,yes,yes,yes,high,DPS audit or rejected DPS alternative,de9e44f47bb283d58faca3604f12af99d3b2161764736a1efc4b39b7b37ab1b4,de9e44f47bb283d58faca3604f12af99d3b2161764736a1efc4b39b7b37ab1b4,moved,shutil.move,hash verified
outputs/stage4/e3_dps_calibrated_phaseA/arrays/jump_medium_degraded.npy,outputs/curated/stage3_sde/negative_diagnostic/dps/e3_dps_calibrated_phaseA/arrays/jump_medium_degraded.npy,NEGATIVE_DIAGNOSTIC,array,yes,yes,yes,high,DPS audit or rejected DPS alternative,9cb9684ed276fb351ccf727e97e0f93fbcc3a808969de193eb65764cdc0eea5d,9cb9684ed276fb351ccf727e97e0f93fbcc3a808969de193eb65764cdc0eea5d,moved,shutil.move,hash verified
outputs/stage4/e3_dps_calibrated_phaseA/arrays/jump_medium_dps_zeta_0.0001.npy,outputs/curated/stage3_sde/negative_diagnostic/dps/e3_dps_calibrated_phaseA/arrays/jump_medium_dps_zeta_0.0001.npy,NEGATIVE_DIAGNOSTIC,array,yes,yes,yes,high,DPS audit or rejected DPS alternative,76cb2fc2437a8c7da73f6159e8c0c8414de4563c09b3d7fe91f89110adc902d3,76cb2fc2437a8c7da73f6159e8c0c8414de4563c09b3d7fe91f89110adc902d3,moved,shutil.move,hash verified
outputs/stage4/e3_dps_calibrated_phaseA/arrays/jump_medium_dps_zeta_0.0003.npy,outputs/curated/stage3_sde/negative_diagnostic/dps/e3_dps_calibrated_phaseA/arrays/jump_medium_dps_zeta_0.0003.npy,NEGATIVE_DIAGNOSTIC,array,yes,yes,yes,high,DPS audit or rejected DPS alternative,ec9361a58e4b5f74eead4ee2308543f241c9d1b8833c125326965b40d9d17b53,ec9361a58e4b5f74eead4ee2308543f241c9d1b8833c125326965b40d9d17b53,moved,shutil.move,hash verified
outputs/stage4/e3_dps_calibrated_phaseA/arrays/jump_medium_dps_zeta_0.001.npy,outputs/curated/stage3_sde/negative_diagnostic/dps/e3_dps_calibrated_phaseA/arrays/jump_medium_dps_zeta_0.001.npy,NEGATIVE_DIAGNOSTIC,array,yes,yes,yes,high,DPS audit or rejected DPS alternative,e75c5c2fe3ca030e6c01d9cb26775cb71724f199738c879440a2a41a0a4ba1ea,e75c5c2fe3ca030e6c01d9cb26775cb71724f199738c879440a2a41a0a4ba1ea,moved,shutil.move,hash verified
outputs/stage4/e3_dps_calibrated_phaseA/arrays/jump_medium_dps_zeta_1e-05.npy,outputs/curated/stage3_sde/negative_diagnostic/dps/e3_dps_calibrated_phaseA/arrays/jump_medium_dps_zeta_1e-05.npy,NEGATIVE_DIAGNOSTIC,array,yes,yes,yes,high,DPS audit or rejected DPS alternative,c96cb18dc6c65fd0066031ee28ef5e3ed0fbfe767ebbff523bd25d3eb5bdaa7c,c96cb18dc6c65fd0066031ee28ef5e3ed0fbfe767ebbff523bd25d3eb5bdaa7c,moved,shutil.move,hash verified
outputs/stage4/e3_dps_calibrated_phaseA/arrays/jump_medium_dps_zeta_3e-05.npy,outputs/curated/stage3_sde/negative_diagnostic/dps/e3_dps_calibrated_phaseA/arrays/jump_medium_dps_zeta_3e-05.npy,NEGATIVE_DIAGNOSTIC,array,yes,yes,yes,high,DPS audit or rejected DPS alternative,ec532c2e2aec14903793d3813a413f5e7533b79205ba525d4489cc6e43f259e4,ec532c2e2aec14903793d3813a413f5e7533b79205ba525d4489cc6e43f259e4,moved,shutil.move,hash verified
outputs/stage4/e3_dps_calibrated_phaseA/arrays/jump_medium_fused_t1_tau07_gamma2.npy,outputs/curated/stage3_sde/negative_diagnostic/dps/e3_dps_calibrated_phaseA/arrays/jump_medium_fused_t1_tau07_gamma2.npy,NEGATIVE_DIAGNOSTIC,array,yes,yes,yes,high,DPS audit or rejected DPS alternative,711397b5b3a57c0c423b3b16d6c4b537c2ccd06d34196d8222c231ce89037ff9,711397b5b3a57c0c423b3b16d6c4b537c2ccd06d34196d8222c231ce89037ff9,moved,shutil.move,hash verified
outputs/stage4/e3_dps_calibrated_phaseA/arrays/jump_medium_sdedit_t1.npy,outputs/curated/stage3_sde/negative_diagnostic/dps/e3_dps_calibrated_phaseA/arrays/jump_medium_sdedit_t1.npy,NEGATIVE_DIAGNOSTIC,array,yes,yes,yes,high,DPS audit or rejected DPS alternative,19336fa05c1d8cf21fe83134f8fa23a32fcd262d6de15462c566022deb5e9c34,19336fa05c1d8cf21fe83134f8fa23a32fcd262d6de15462c566022deb5e9c34,moved,shutil.move,hash verified
outputs/stage4/e3_dps_calibrated_phaseA/e3_dps_calibrated_phaseA_condition_summary.csv,outputs/curated/stage3_sde/negative_diagnostic/dps/e3_dps_calibrated_phaseA/e3_dps_calibrated_phaseA/e3_dps_calibrated_phaseA_condition_summary.csv,NEGATIVE_DIAGNOSTIC,metric_csv,yes,yes,yes,high,DPS audit or rejected DPS alternative,7b07ec5c50ac2c3b4799fa65c66a93cffd0a44e6aceaa7825499f956776f3ad6,7b07ec5c50ac2c3b4799fa65c66a93cffd0a44e6aceaa7825499f956776f3ad6,moved,shutil.move,hash verified
outputs/stage4/e3_dps_calibrated_phaseA/e3_dps_calibrated_phaseA_decision_summary.md,outputs/curated/stage3_sde/negative_diagnostic/dps/e3_dps_calibrated_phaseA/e3_dps_calibrated_phaseA/e3_dps_calibrated_phaseA_decision_summary.md,NEGATIVE_DIAGNOSTIC,markdown,yes,yes,yes,high,DPS audit or rejected DPS alternative,5277a5764b1336e9a65232f1ec5091b1becd7758e786db71647511f527fcb1e0,5277a5764b1336e9a65232f1ec5091b1becd7758e786db71647511f527fcb1e0,moved,shutil.move,hash verified
outputs/stage4/e3_dps_calibrated_phaseA/e3_dps_calibrated_phaseA_metrics.csv,outputs/curated/stage3_sde/negative_diagnostic/dps/e3_dps_calibrated_phaseA/e3_dps_calibrated_phaseA/e3_dps_calibrated_phaseA_metrics.csv,NEGATIVE_DIAGNOSTIC,metric_csv,yes,yes,yes,high,DPS audit or rejected DPS alternative,7b07ec5c50ac2c3b4799fa65c66a93cffd0a44e6aceaa7825499f956776f3ad6,7b07ec5c50ac2c3b4799fa65c66a93cffd0a44e6aceaa7825499f956776f3ad6,moved,shutil.move,hash verified
outputs/stage4/e3_dps_calibrated_phaseA/e3_dps_calibrated_phaseA_step_diagnostics.csv,outputs/curated/stage3_sde/negative_diagnostic/dps/e3_dps_calibrated_phaseA/e3_dps_calibrated_phaseA/e3_dps_calibrated_phaseA_step_diagnostics.csv,NEGATIVE_DIAGNOSTIC,metric_csv,yes,yes,yes,high,DPS audit or rejected DPS alternative,7fdc46ca0a9d7a04a39370cdb7e6ca4f6f9a529de0ad0da29ec549e8e89c073e,7fdc46ca0a9d7a04a39370cdb7e6ca4f6f9a529de0ad0da29ec549e8e89c073e,moved,shutil.move,hash verified
outputs/stage4/e3_dps_calibrated_phaseA/e3_dps_calibrated_phaseA_zeta_summary.csv,outputs/curated/stage3_sde/negative_diagnostic/dps/e3_dps_calibrated_phaseA/e3_dps_calibrated_phaseA/e3_dps_calibrated_phaseA_zeta_summary.csv,NEGATIVE_DIAGNOSTIC,metric_csv,yes,yes,yes,high,DPS audit or rejected DPS alternative,90254cdf63f8b57ace741ab65a30f6800589a99193e98ad8bdd708c051fd9425,90254cdf63f8b57ace741ab65a30f6800589a99193e98ad8bdd708c051fd9425,moved,shutil.move,hash verified
outputs/stage4/e3_dps_calibrated_phaseA/figures/representative_bias_medium.png,outputs/curated/stage3_sde/negative_diagnostic/dps/e3_dps_calibrated_phaseA/figures/representative_bias_medium.png,NEGATIVE_DIAGNOSTIC,figure,yes,yes,yes,high,DPS audit or rejected DPS alternative,e1cc9190763c8cc3611933860217dd519ebe08946338755cc14955e29c90eb48,e1cc9190763c8cc3611933860217dd519ebe08946338755cc14955e29c90eb48,moved,shutil.move,hash verified
outputs/stage4/e3_dps_calibrated_phaseA/figures/representative_burst_medium.png,outputs/curated/stage3_sde/negative_diagnostic/dps/e3_dps_calibrated_phaseA/figures/representative_burst_medium.png,NEGATIVE_DIAGNOSTIC,figure,yes,yes,yes,high,DPS audit or rejected DPS alternative,5e3467511f902a607f04ecc01340809b697c94b795ef7abcdd3026d640b2f3ed,5e3467511f902a607f04ecc01340809b697c94b795ef7abcdd3026d640b2f3ed,moved,shutil.move,hash verified
outputs/stage4/e3_dps_calibrated_phaseA/figures/representative_combined_medium.png,outputs/curated/stage3_sde/negative_diagnostic/dps/e3_dps_calibrated_phaseA/figures/representative_combined_medium.png,NEGATIVE_DIAGNOSTIC,figure,yes,yes,yes,high,DPS audit or rejected DPS alternative,87b8e194d22783b0da25876d3c760e41fcfa8ee94bfd1b4a821262a387bda7ae,87b8e194d22783b0da25876d3c760e41fcfa8ee94bfd1b4a821262a387bda7ae,moved,shutil.move,hash verified
outputs/stage4/e3_dps_calibrated_phaseA/figures/representative_drift_medium.png,outputs/curated/stage3_sde/negative_diagnostic/dps/e3_dps_calibrated_phaseA/figures/representative_drift_medium.png,NEGATIVE_DIAGNOSTIC,figure,yes,yes,yes,high,DPS audit or rejected DPS alternative,0f3ee18fdff5e1a0477d186666a9787f706b41098eb8d54844848ef1d2a25add,0f3ee18fdff5e1a0477d186666a9787f706b41098eb8d54844848ef1d2a25add,moved,shutil.move,hash verified
outputs/stage4/e3_dps_calibrated_phaseA/figures/representative_gaussian_medium.png,outputs/curated/stage3_sde/negative_diagnostic/dps/e3_dps_calibrated_phaseA/figures/representative_gaussian_medium.png,NEGATIVE_DIAGNOSTIC,figure,yes,yes,yes,high,DPS audit or rejected DPS alternative,37d4d482d5bb4695cb95ca813c58aa9540f8722a8e1b583c98e8348ace398ff8,37d4d482d5bb4695cb95ca813c58aa9540f8722a8e1b583c98e8348ace398ff8,moved,shutil.move,hash verified
outputs/stage4/e3_dps_calibrated_phaseA/figures/representative_jump_medium.png,outputs/curated/stage3_sde/negative_diagnostic/dps/e3_dps_calibrated_phaseA/figures/representative_jump_medium.png,NEGATIVE_DIAGNOSTIC,figure,yes,yes,yes,high,DPS audit or rejected DPS alternative,6e50cc9c8a204b0e9a9072def13cce5066b6fbc4bd962494b9caba68ce3c614c,6e50cc9c8a204b0e9a9072def13cce5066b6fbc4bd962494b9caba68ce3c614c,moved,shutil.move,hash verified
outputs/stage4/e3_dps_calibrated_phaseA_extension/bias_medium_dps_zeta_0.003.npy,outputs/curated/stage3_sde/negative_diagnostic/dps/e3_dps_calibrated_phaseA_extension/e3_dps_calibrated_phaseA_extension/bias_medium_dps_zeta_0.003.npy,NEGATIVE_DIAGNOSTIC,array,yes,yes,yes,high,DPS audit or rejected DPS alternative,3958b946bc9ed963dd0ab5b38ec36752672c34747c55b93e65bd308ef268fbef,3958b946bc9ed963dd0ab5b38ec36752672c34747c55b93e65bd308ef268fbef,moved,shutil.move,hash verified
outputs/stage4/e3_dps_calibrated_phaseA_extension/bias_medium_dps_zeta_0.npy,outputs/curated/stage3_sde/negative_diagnostic/dps/e3_dps_calibrated_phaseA_extension/e3_dps_calibrated_phaseA_extension/bias_medium_dps_zeta_0.npy,NEGATIVE_DIAGNOSTIC,array,yes,yes,yes,high,DPS audit or rejected DPS alternative,6f8e33e33e6fe28733f8974b52f35acbb950ee5862a8c688a1a02329c1c664a3,6f8e33e33e6fe28733f8974b52f35acbb950ee5862a8c688a1a02329c1c664a3,moved,shutil.move,hash verified
outputs/stage4/e3_dps_calibrated_phaseA_extension/burst_medium_dps_zeta_0.003.npy,outputs/curated/stage3_sde/negative_diagnostic/dps/e3_dps_calibrated_phaseA_extension/e3_dps_calibrated_phaseA_extension/burst_medium_dps_zeta_0.003.npy,NEGATIVE_DIAGNOSTIC,array,yes,yes,yes,high,DPS audit or rejected DPS alternative,72003c9f3947d84e305b681048848443d5f022a7e0ab80616a0bafa1f8483faf,72003c9f3947d84e305b681048848443d5f022a7e0ab80616a0bafa1f8483faf,moved,shutil.move,hash verified
outputs/stage4/e3_dps_calibrated_phaseA_extension/burst_medium_dps_zeta_0.npy,outputs/curated/stage3_sde/negative_diagnostic/dps/e3_dps_calibrated_phaseA_extension/e3_dps_calibrated_phaseA_extension/burst_medium_dps_zeta_0.npy,NEGATIVE_DIAGNOSTIC,array,yes,yes,yes,high,DPS audit or rejected DPS alternative,a7629221b4bc33bfba9fd6aefaa981289c53d58ef89ae5f0e0a25c152a628948,a7629221b4bc33bfba9fd6aefaa981289c53d58ef89ae5f0e0a25c152a628948,moved,shutil.move,hash verified
outputs/stage4/e3_dps_calibrated_phaseA_extension/combined_medium_dps_zeta_0.003.npy,outputs/curated/stage3_sde/negative_diagnostic/dps/e3_dps_calibrated_phaseA_extension/e3_dps_calibrated_phaseA_extension/combined_medium_dps_zeta_0.003.npy,NEGATIVE_DIAGNOSTIC,array,yes,yes,yes,high,DPS audit or rejected DPS alternative,74fe4b095a0b63c122b256a01d0d04d9c158f6036b95e3f0170762c4f3cf267a,74fe4b095a0b63c122b256a01d0d04d9c158f6036b95e3f0170762c4f3cf267a,moved,shutil.move,hash verified
outputs/stage4/e3_dps_calibrated_phaseA_extension/combined_medium_dps_zeta_0.npy,outputs/curated/stage3_sde/negative_diagnostic/dps/e3_dps_calibrated_phaseA_extension/e3_dps_calibrated_phaseA_extension/combined_medium_dps_zeta_0.npy,NEGATIVE_DIAGNOSTIC,array,yes,yes,yes,high,DPS audit or rejected DPS alternative,be80252e9b2f35719893c06474aee6a27d929ee479dc9abb198d528a6931a67a,be80252e9b2f35719893c06474aee6a27d929ee479dc9abb198d528a6931a67a,moved,shutil.move,hash verified
outputs/stage4/e3_dps_calibrated_phaseA_extension/drift_medium_dps_zeta_0.003.npy,outputs/curated/stage3_sde/negative_diagnostic/dps/e3_dps_calibrated_phaseA_extension/e3_dps_calibrated_phaseA_extension/drift_medium_dps_zeta_0.003.npy,NEGATIVE_DIAGNOSTIC,array,yes,yes,yes,high,DPS audit or rejected DPS alternative,aa396bea56b08ee1f43b56afcaa801182ff0d355b9d2bbdaf74b548b92d65a23,aa396bea56b08ee1f43b56afcaa801182ff0d355b9d2bbdaf74b548b92d65a23,moved,shutil.move,hash verified
outputs/stage4/e3_dps_calibrated_phaseA_extension/drift_medium_dps_zeta_0.npy,outputs/curated/stage3_sde/negative_diagnostic/dps/e3_dps_calibrated_phaseA_extension/e3_dps_calibrated_phaseA_extension/drift_medium_dps_zeta_0.npy,NEGATIVE_DIAGNOSTIC,array,yes,yes,yes,high,DPS audit or rejected DPS alternative,863b8ffe987fb4168a43b8b92f4b0ec3bd952c5a0d52b303eda8bb996f92827c,863b8ffe987fb4168a43b8b92f4b0ec3bd952c5a0d52b303eda8bb996f92827c,moved,shutil.move,hash verified
outputs/stage4/e3_dps_calibrated_phaseA_extension/e3_dps_phaseA_extension_decision_summary.md,outputs/curated/stage3_sde/negative_diagnostic/dps/e3_dps_calibrated_phaseA_extension/e3_dps_calibrated_phaseA_extension/e3_dps_phaseA_extension_decision_summary.md,NEGATIVE_DIAGNOSTIC,markdown,yes,yes,yes,high,DPS audit or rejected DPS alternative,88d1d1eebe31bf146d5e5e5e47950d316a5eb17bde3e548696b22e226792f456,88d1d1eebe31bf146d5e5e5e47950d316a5eb17bde3e548696b22e226792f456,moved,shutil.move,hash verified
outputs/stage4/e3_dps_calibrated_phaseA_extension/e3_dps_phaseA_extension_metrics.csv,outputs/curated/stage3_sde/negative_diagnostic/dps/e3_dps_calibrated_phaseA_extension/e3_dps_calibrated_phaseA_extension/e3_dps_phaseA_extension_metrics.csv,NEGATIVE_DIAGNOSTIC,metric_csv,yes,yes,yes,high,DPS audit or rejected DPS alternative,05d22985f2af4a6c3db9ec7af22b5e4d576755d2dabf30047840cca5d9fe00f4,05d22985f2af4a6c3db9ec7af22b5e4d576755d2dabf30047840cca5d9fe00f4,moved,shutil.move,hash verified
outputs/stage4/e3_dps_calibrated_phaseA_extension/e3_dps_phaseA_extension_zeta_summary.csv,outputs/curated/stage3_sde/negative_diagnostic/dps/e3_dps_calibrated_phaseA_extension/e3_dps_calibrated_phaseA_extension/e3_dps_phaseA_extension_zeta_summary.csv,NEGATIVE_DIAGNOSTIC,metric_csv,yes,yes,yes,high,DPS audit or rejected DPS alternative,a97e18382f0c93bca817b04a09e2557d396f93f5ac63017d0c665bbe1d5d3da6,a97e18382f0c93bca817b04a09e2557d396f93f5ac63017d0c665bbe1d5d3da6,moved,shutil.move,hash verified
outputs/stage4/e3_dps_calibrated_phaseA_extension/gaussian_medium_dps_zeta_0.003.npy,outputs/curated/stage3_sde/negative_diagnostic/dps/e3_dps_calibrated_phaseA_extension/e3_dps_calibrated_phaseA_extension/gaussian_medium_dps_zeta_0.003.npy,NEGATIVE_DIAGNOSTIC,array,yes,yes,yes,high,DPS audit or rejected DPS alternative,331347d7c79a6a85a7a10edb5aa2e3d5d1428ef69d9950abb9a2466df08d838c,331347d7c79a6a85a7a10edb5aa2e3d5d1428ef69d9950abb9a2466df08d838c,moved,shutil.move,hash verified
outputs/stage4/e3_dps_calibrated_phaseA_extension/gaussian_medium_dps_zeta_0.npy,outputs/curated/stage3_sde/negative_diagnostic/dps/e3_dps_calibrated_phaseA_extension/e3_dps_calibrated_phaseA_extension/gaussian_medium_dps_zeta_0.npy,NEGATIVE_DIAGNOSTIC,array,yes,yes,yes,high,DPS audit or rejected DPS alternative,d4c8b6a31a3bb906ed251ba384b56a3bd134a0b17c652107b168b681ff382d84,d4c8b6a31a3bb906ed251ba384b56a3bd134a0b17c652107b168b681ff382d84,moved,shutil.move,hash verified
outputs/stage4/e3_dps_calibrated_phaseA_extension/jump_medium_dps_zeta_0.003.npy,outputs/curated/stage3_sde/negative_diagnostic/dps/e3_dps_calibrated_phaseA_extension/e3_dps_calibrated_phaseA_extension/jump_medium_dps_zeta_0.003.npy,NEGATIVE_DIAGNOSTIC,array,yes,yes,yes,high,DPS audit or rejected DPS alternative,ab467e332e7441d7e411497d8adb3965faabe0a0fbe08d55285be7f59ac6f601,ab467e332e7441d7e411497d8adb3965faabe0a0fbe08d55285be7f59ac6f601,moved,shutil.move,hash verified
outputs/stage4/e3_dps_calibrated_phaseA_extension/jump_medium_dps_zeta_0.npy,outputs/curated/stage3_sde/negative_diagnostic/dps/e3_dps_calibrated_phaseA_extension/e3_dps_calibrated_phaseA_extension/jump_medium_dps_zeta_0.npy,NEGATIVE_DIAGNOSTIC,array,yes,yes,yes,high,DPS audit or rejected DPS alternative,c83f4e6cfc80f32eb2921d24b6bfe38000d008cfb99c81c6a57f9cdf2b67633e,c83f4e6cfc80f32eb2921d24b6bfe38000d008cfb99c81c6a57f9cdf2b67633e,moved,shutil.move,hash verified
outputs/stage4/e3_dps_extended_sign_check/e3_dps_extended_sign_check.csv,outputs/curated/stage3_sde/negative_diagnostic/dps/e3_dps_extended_sign_check/e3_dps_extended_sign_check/e3_dps_extended_sign_check.csv,NEGATIVE_DIAGNOSTIC,metric_csv,yes,yes,yes,high,DPS audit or rejected DPS alternative,31514df780dfbf20485b9c906677dc639cc716c0b2be111cb8d7dd72aae49365,31514df780dfbf20485b9c906677dc639cc716c0b2be111cb8d7dd72aae49365,moved,shutil.move,hash verified
outputs/stage4/e3_dps_extended_sign_check/e3_dps_extended_sign_check_case_summary.csv,outputs/curated/stage3_sde/negative_diagnostic/dps/e3_dps_extended_sign_check/e3_dps_extended_sign_check/e3_dps_extended_sign_check_case_summary.csv,NEGATIVE_DIAGNOSTIC,metric_csv,yes,yes,yes,high,DPS audit or rejected DPS alternative,6b798ad4f8fe88707465616aef0cbdc26c6f8b7c36f109415e25428172b64696,6b798ad4f8fe88707465616aef0cbdc26c6f8b7c36f109415e25428172b64696,moved,shutil.move,hash verified
outputs/stage4/e3_dps_extended_sign_check/e3_dps_extended_sign_check_summary.md,outputs/curated/stage3_sde/negative_diagnostic/dps/e3_dps_extended_sign_check/e3_dps_extended_sign_check/e3_dps_extended_sign_check_summary.md,NEGATIVE_DIAGNOSTIC,markdown,yes,yes,yes,high,DPS audit or rejected DPS alternative,458e6808719a3d380b76c18cb01ee4ffdf280c387ae692fd0d0fb08b28a4752c,458e6808719a3d380b76c18cb01ee4ffdf280c387ae692fd0d0fb08b28a4752c,moved,shutil.move,hash verified
outputs/stage4/e3_dps_single_step_sign_check/e3_dps_single_step_sign_check.csv,outputs/curated/stage3_sde/negative_diagnostic/dps/e3_dps_single_step_sign_check/e3_dps_single_step_sign_check/e3_dps_single_step_sign_check.csv,NEGATIVE_DIAGNOSTIC,metric_csv,yes,yes,yes,high,DPS audit or rejected DPS alternative,36153e0315e5fe3525b8d75a79b9f54519fd01ca4b9035ba95b9546f4bd5b991,36153e0315e5fe3525b8d75a79b9f54519fd01ca4b9035ba95b9546f4bd5b991,moved,shutil.move,hash verified
outputs/stage4/e3_dps_single_step_sign_check/e3_dps_single_step_sign_check_summary.md,outputs/curated/stage3_sde/negative_diagnostic/dps/e3_dps_single_step_sign_check/e3_dps_single_step_sign_check/e3_dps_single_step_sign_check_summary.md,NEGATIVE_DIAGNOSTIC,markdown,yes,yes,yes,high,DPS audit or rejected DPS alternative,957036a5522a44e02e26290db5567a60702fdaf599a4af519794c6e8acf3d7d5,957036a5522a44e02e26290db5567a60702fdaf599a4af519794c6e8acf3d7d5,moved,shutil.move,hash verified
outputs/stage4/e3_gain_bottleneck_minimal_diagnosis/e3_correction_direction_minimal.csv,outputs/curated/stage3_sde/supplementary_ablation/other/e3_gain_bottleneck_minimal_diagnosis/e3_gain_bottleneck_minimal_diagnosis/e3_correction_direction_minimal.csv,SUPPLEMENTARY_ABLATION,metric_csv,yes,yes,yes,high,gain bottleneck oracle/correction-direction diagnostic,b738c285a83a59f337e974991bd9e8ee908ebac95f2eed5b7d489d104eead8ee,b738c285a83a59f337e974991bd9e8ee908ebac95f2eed5b7d489d104eead8ee,moved,shutil.move,hash verified
outputs/stage4/e3_gain_bottleneck_minimal_diagnosis/e3_gain_bottleneck_decision_matrix.md,outputs/curated/stage3_sde/supplementary_ablation/other/e3_gain_bottleneck_minimal_diagnosis/e3_gain_bottleneck_minimal_diagnosis/e3_gain_bottleneck_decision_matrix.md,SUPPLEMENTARY_ABLATION,markdown,yes,yes,yes,high,gain bottleneck oracle/correction-direction diagnostic,0c70c1681fa9d08f8ed442542c085a43c61142c1f22bc03000a8a535badfb10a,0c70c1681fa9d08f8ed442542c085a43c61142c1f22bc03000a8a535badfb10a,moved,shutil.move,hash verified
outputs/stage4/e3_gain_bottleneck_minimal_diagnosis/e3_gain_bottleneck_minimal_summary.md,outputs/curated/stage3_sde/supplementary_ablation/other/e3_gain_bottleneck_minimal_diagnosis/e3_gain_bottleneck_minimal_diagnosis/e3_gain_bottleneck_minimal_summary.md,SUPPLEMENTARY_ABLATION,markdown,yes,yes,yes,high,gain bottleneck oracle/correction-direction diagnostic,a9c98f06efcfa11deeed5d7c470ccd6fa577182065a6c45d7abed8e101870913,a9c98f06efcfa11deeed5d7c470ccd6fa577182065a6c45d7abed8e101870913,moved,shutil.move,hash verified
outputs/stage4/e3_gain_bottleneck_minimal_diagnosis/e3_oracle_upper_bound_minimal.csv,outputs/curated/stage3_sde/supplementary_ablation/other/e3_gain_bottleneck_minimal_diagnosis/e3_gain_bottleneck_minimal_diagnosis/e3_oracle_upper_bound_minimal.csv,SUPPLEMENTARY_ABLATION,metric_csv,yes,yes,yes,high,gain bottleneck oracle/correction-direction diagnostic,36ae60bc2c5ddda8b72d7c6ad5430fd3ee97f11a2c4b8cc098c3aa1cc2af491e,36ae60bc2c5ddda8b72d7c6ad5430fd3ee97f11a2c4b8cc098c3aa1cc2af491e,moved,shutil.move,hash verified
outputs/stage4/e3_holdout1000_confidence_aware_sdedit/arrays/bias_medium_clean.npy,outputs/curated/stage3_sde/mainline/arrays/e3_holdout1000_confidence_aware_sdedit/bias_medium_clean.npy,MAINLINE_STAGE3_SDE,array,yes,yes,yes,high,current frozen holdout-1000 confidence-aware SDEdit mainline output,338b7d7536c262846439bacd4471de891c4e3d9a4b0773583f6c4ed56f8c5b91,338b7d7536c262846439bacd4471de891c4e3d9a4b0773583f6c4ed56f8c5b91,moved,shutil.move,hash verified
outputs/stage4/e3_holdout1000_confidence_aware_sdedit/arrays/bias_medium_confidence.npy,outputs/curated/stage3_sde/mainline/arrays/e3_holdout1000_confidence_aware_sdedit/bias_medium_confidence.npy,MAINLINE_STAGE3_SDE,array,yes,yes,yes,high,current frozen holdout-1000 confidence-aware SDEdit mainline output,9ac88bd7b26dd67cf064adcaa0e59b209bcaec558b33a4413b651542e09c18f7,9ac88bd7b26dd67cf064adcaa0e59b209bcaec558b33a4413b651542e09c18f7,moved,shutil.move,hash verified
outputs/stage4/e3_holdout1000_confidence_aware_sdedit/arrays/bias_medium_degraded.npy,outputs/curated/stage3_sde/mainline/arrays/e3_holdout1000_confidence_aware_sdedit/bias_medium_degraded.npy,MAINLINE_STAGE3_SDE,array,yes,yes,yes,high,current frozen holdout-1000 confidence-aware SDEdit mainline output,5590de63cd51c2e1944b50d7b343daccbdf7b665b40e9d374980799a9677004b,5590de63cd51c2e1944b50d7b343daccbdf7b665b40e9d374980799a9677004b,moved,shutil.move,hash verified
outputs/stage4/e3_holdout1000_confidence_aware_sdedit/arrays/bias_medium_fused_best_tau07_gamma2.npy,outputs/curated/stage3_sde/mainline/arrays/e3_holdout1000_confidence_aware_sdedit/bias_medium_fused_best_tau07_gamma2.npy,MAINLINE_STAGE3_SDE,array,yes,yes,yes,high,current frozen holdout-1000 confidence-aware SDEdit mainline output,30fa7107810f396bbc8d6bbc4025d15a30110464a45a8bdfdeed6dd31c53f2f6,30fa7107810f396bbc8d6bbc4025d15a30110464a45a8bdfdeed6dd31c53f2f6,moved,shutil.move,hash verified
outputs/stage4/e3_holdout1000_confidence_aware_sdedit/arrays/bias_medium_fused_t1_tau07_gamma2.npy,outputs/curated/stage3_sde/mainline/arrays/e3_holdout1000_confidence_aware_sdedit/bias_medium_fused_t1_tau07_gamma2.npy,MAINLINE_STAGE3_SDE,array,yes,yes,yes,high,current frozen holdout-1000 confidence-aware SDEdit mainline output,30fa7107810f396bbc8d6bbc4025d15a30110464a45a8bdfdeed6dd31c53f2f6,30fa7107810f396bbc8d6bbc4025d15a30110464a45a8bdfdeed6dd31c53f2f6,moved,shutil.move,hash verified
outputs/stage4/e3_holdout1000_confidence_aware_sdedit/arrays/bias_medium_sdedit_t1.npy,outputs/curated/stage3_sde/mainline/arrays/e3_holdout1000_confidence_aware_sdedit/bias_medium_sdedit_t1.npy,MAINLINE_STAGE3_SDE,array,yes,yes,yes,high,current frozen holdout-1000 confidence-aware SDEdit mainline output,abcca52ff49bc170b4614d0f9e438f4c7d6cad9bb5dc2668c9d4445b9a1e516e,abcca52ff49bc170b4614d0f9e438f4c7d6cad9bb5dc2668c9d4445b9a1e516e,moved,shutil.move,hash verified
outputs/stage4/e3_holdout1000_confidence_aware_sdedit/arrays/bias_medium_sdedit_t2.npy,outputs/curated/stage3_sde/mainline/arrays/e3_holdout1000_confidence_aware_sdedit/bias_medium_sdedit_t2.npy,MAINLINE_STAGE3_SDE,array,yes,yes,yes,high,current frozen holdout-1000 confidence-aware SDEdit mainline output,d0cebf6ea80331413785852629b8c26930460734a4a03cd0b6daa70718b73624,d0cebf6ea80331413785852629b8c26930460734a4a03cd0b6daa70718b73624,moved,shutil.move,hash verified
outputs/stage4/e3_holdout1000_confidence_aware_sdedit/arrays/bias_medium_sdedit_t3.npy,outputs/curated/stage3_sde/mainline/arrays/e3_holdout1000_confidence_aware_sdedit/bias_medium_sdedit_t3.npy,MAINLINE_STAGE3_SDE,array,yes,yes,yes,high,current frozen holdout-1000 confidence-aware SDEdit mainline output,2ff30f84ba1881e3949ff2693886b01d1cd3ed175f2f6411a8af637d0b072fa1,2ff30f84ba1881e3949ff2693886b01d1cd3ed175f2f6411a8af637d0b072fa1,moved,shutil.move,hash verified
outputs/stage4/e3_holdout1000_confidence_aware_sdedit/arrays/burst_medium_clean.npy,outputs/curated/stage3_sde/mainline/arrays/e3_holdout1000_confidence_aware_sdedit/burst_medium_clean.npy,MAINLINE_STAGE3_SDE,array,yes,yes,yes,high,current frozen holdout-1000 confidence-aware SDEdit mainline output,338b7d7536c262846439bacd4471de891c4e3d9a4b0773583f6c4ed56f8c5b91,338b7d7536c262846439bacd4471de891c4e3d9a4b0773583f6c4ed56f8c5b91,moved,shutil.move,hash verified
outputs/stage4/e3_holdout1000_confidence_aware_sdedit/arrays/burst_medium_confidence.npy,outputs/curated/stage3_sde/mainline/arrays/e3_holdout1000_confidence_aware_sdedit/burst_medium_confidence.npy,MAINLINE_STAGE3_SDE,array,yes,yes,yes,high,current frozen holdout-1000 confidence-aware SDEdit mainline output,14ca9666f9cd86b10992415f85464b53987c1a56e1676e14af896e91536e48c3,14ca9666f9cd86b10992415f85464b53987c1a56e1676e14af896e91536e48c3,moved,shutil.move,hash verified
outputs/stage4/e3_holdout1000_confidence_aware_sdedit/arrays/burst_medium_degraded.npy,outputs/curated/stage3_sde/mainline/arrays/e3_holdout1000_confidence_aware_sdedit/burst_medium_degraded.npy,MAINLINE_STAGE3_SDE,array,yes,yes,yes,high,current frozen holdout-1000 confidence-aware SDEdit mainline output,cc0c6516685e372045826e36753979029967e61b1fc44147f45e52d7141c3388,cc0c6516685e372045826e36753979029967e61b1fc44147f45e52d7141c3388,moved,shutil.move,hash verified
outputs/stage4/e3_holdout1000_confidence_aware_sdedit/arrays/burst_medium_fused_best_tau07_gamma2.npy,outputs/curated/stage3_sde/mainline/arrays/e3_holdout1000_confidence_aware_sdedit/burst_medium_fused_best_tau07_gamma2.npy,MAINLINE_STAGE3_SDE,array,yes,yes,yes,high,current frozen holdout-1000 confidence-aware SDEdit mainline output,75033c771363bc7046f14f1c841397e36fd330bbdd47a10ea9f1b312ac9894b3,75033c771363bc7046f14f1c841397e36fd330bbdd47a10ea9f1b312ac9894b3,moved,shutil.move,hash verified
outputs/stage4/e3_holdout1000_confidence_aware_sdedit/arrays/burst_medium_fused_t1_tau07_gamma2.npy,outputs/curated/stage3_sde/mainline/arrays/e3_holdout1000_confidence_aware_sdedit/burst_medium_fused_t1_tau07_gamma2.npy,MAINLINE_STAGE3_SDE,array,yes,yes,yes,high,current frozen holdout-1000 confidence-aware SDEdit mainline output,75033c771363bc7046f14f1c841397e36fd330bbdd47a10ea9f1b312ac9894b3,75033c771363bc7046f14f1c841397e36fd330bbdd47a10ea9f1b312ac9894b3,moved,shutil.move,hash verified
outputs/stage4/e3_holdout1000_confidence_aware_sdedit/arrays/burst_medium_sdedit_t1.npy,outputs/curated/stage3_sde/mainline/arrays/e3_holdout1000_confidence_aware_sdedit/burst_medium_sdedit_t1.npy,MAINLINE_STAGE3_SDE,array,yes,yes,yes,high,current frozen holdout-1000 confidence-aware SDEdit mainline output,8d23eab3d1507e7a366af59159bde4592facb6309994f73403dbdf7b80f68dbc,8d23eab3d1507e7a366af59159bde4592facb6309994f73403dbdf7b80f68dbc,moved,shutil.move,hash verified
outputs/stage4/e3_holdout1000_confidence_aware_sdedit/arrays/burst_medium_sdedit_t2.npy,outputs/curated/stage3_sde/mainline/arrays/e3_holdout1000_confidence_aware_sdedit/burst_medium_sdedit_t2.npy,MAINLINE_STAGE3_SDE,array,yes,yes,yes,high,current frozen holdout-1000 confidence-aware SDEdit mainline output,fa13c72f3aba19a546456b9ba26c9142811ca248dc882aed623950b8123221ae,fa13c72f3aba19a546456b9ba26c9142811ca248dc882aed623950b8123221ae,moved,shutil.move,hash verified
outputs/stage4/e3_holdout1000_confidence_aware_sdedit/arrays/burst_medium_sdedit_t3.npy,outputs/curated/stage3_sde/mainline/arrays/e3_holdout1000_confidence_aware_sdedit/burst_medium_sdedit_t3.npy,MAINLINE_STAGE3_SDE,array,yes,yes,yes,high,current frozen holdout-1000 confidence-aware SDEdit mainline output,95fe313212dc702493aca80c533bf28bb5f19d9dfaee6c2c6fb092d673fab3fe,95fe313212dc702493aca80c533bf28bb5f19d9dfaee6c2c6fb092d673fab3fe,moved,shutil.move,hash verified
outputs/stage4/e3_holdout1000_confidence_aware_sdedit/arrays/combined_medium_clean.npy,outputs/curated/stage3_sde/mainline/arrays/e3_holdout1000_confidence_aware_sdedit/combined_medium_clean.npy,MAINLINE_STAGE3_SDE,array,yes,yes,yes,high,current frozen holdout-1000 confidence-aware SDEdit mainline output,338b7d7536c262846439bacd4471de891c4e3d9a4b0773583f6c4ed56f8c5b91,338b7d7536c262846439bacd4471de891c4e3d9a4b0773583f6c4ed56f8c5b91,moved,shutil.move,hash verified
outputs/stage4/e3_holdout1000_confidence_aware_sdedit/arrays/combined_medium_confidence.npy,outputs/curated/stage3_sde/mainline/arrays/e3_holdout1000_confidence_aware_sdedit/combined_medium_confidence.npy,MAINLINE_STAGE3_SDE,array,yes,yes,yes,high,current frozen holdout-1000 confidence-aware SDEdit mainline output,d62cc2bd51846f079d2225f6c48c1d0e1ea3acd4316bebf6e084cf2f0109b492,d62cc2bd51846f079d2225f6c48c1d0e1ea3acd4316bebf6e084cf2f0109b492,moved,shutil.move,hash verified
outputs/stage4/e3_holdout1000_confidence_aware_sdedit/arrays/combined_medium_degraded.npy,outputs/curated/stage3_sde/mainline/arrays/e3_holdout1000_confidence_aware_sdedit/combined_medium_degraded.npy,MAINLINE_STAGE3_SDE,array,yes,yes,yes,high,current frozen holdout-1000 confidence-aware SDEdit mainline output,f836cd134cf9542ad56982fd9318ca4d044b34bc774ea100296527e7d3f10b6e,f836cd134cf9542ad56982fd9318ca4d044b34bc774ea100296527e7d3f10b6e,moved,shutil.move,hash verified
outputs/stage4/e3_holdout1000_confidence_aware_sdedit/arrays/combined_medium_fused_best_tau07_gamma2.npy,outputs/curated/stage3_sde/mainline/arrays/e3_holdout1000_confidence_aware_sdedit/combined_medium_fused_best_tau07_gamma2.npy,MAINLINE_STAGE3_SDE,array,yes,yes,yes,high,current frozen holdout-1000 confidence-aware SDEdit mainline output,57c057e9fd5fe5ddf60c4b83fab9889428206b73a106030c1eb07c851d03e7e3,57c057e9fd5fe5ddf60c4b83fab9889428206b73a106030c1eb07c851d03e7e3,moved,shutil.move,hash verified
outputs/stage4/e3_holdout1000_confidence_aware_sdedit/arrays/combined_medium_fused_t1_tau07_gamma2.npy,outputs/curated/stage3_sde/mainline/arrays/e3_holdout1000_confidence_aware_sdedit/combined_medium_fused_t1_tau07_gamma2.npy,MAINLINE_STAGE3_SDE,array,yes,yes,yes,high,current frozen holdout-1000 confidence-aware SDEdit mainline output,57c057e9fd5fe5ddf60c4b83fab9889428206b73a106030c1eb07c851d03e7e3,57c057e9fd5fe5ddf60c4b83fab9889428206b73a106030c1eb07c851d03e7e3,moved,shutil.move,hash verified
outputs/stage4/e3_holdout1000_confidence_aware_sdedit/arrays/combined_medium_sdedit_t1.npy,outputs/curated/stage3_sde/mainline/arrays/e3_holdout1000_confidence_aware_sdedit/combined_medium_sdedit_t1.npy,MAINLINE_STAGE3_SDE,array,yes,yes,yes,high,current frozen holdout-1000 confidence-aware SDEdit mainline output,c7e5b2fc6a27d19c72a3a1bf7c92ef8e7b497c28442a6eab0722084472740021,c7e5b2fc6a27d19c72a3a1bf7c92ef8e7b497c28442a6eab0722084472740021,moved,shutil.move,hash verified
outputs/stage4/e3_holdout1000_confidence_aware_sdedit/arrays/combined_medium_sdedit_t2.npy,outputs/curated/stage3_sde/mainline/arrays/e3_holdout1000_confidence_aware_sdedit/combined_medium_sdedit_t2.npy,MAINLINE_STAGE3_SDE,array,yes,yes,yes,high,current frozen holdout-1000 confidence-aware SDEdit mainline output,8e34c81c27572a4799ba40308b18ebbfcd38f466b5f0de50e0361a1aba9e71cd,8e34c81c27572a4799ba40308b18ebbfcd38f466b5f0de50e0361a1aba9e71cd,moved,shutil.move,hash verified
outputs/stage4/e3_holdout1000_confidence_aware_sdedit/arrays/combined_medium_sdedit_t3.npy,outputs/curated/stage3_sde/mainline/arrays/e3_holdout1000_confidence_aware_sdedit/combined_medium_sdedit_t3.npy,MAINLINE_STAGE3_SDE,array,yes,yes,yes,high,current frozen holdout-1000 confidence-aware SDEdit mainline output,a2ac20f9336c01adefd11f1a97891d4371acf48e4dcf090cd4d62b817b6d3a56,a2ac20f9336c01adefd11f1a97891d4371acf48e4dcf090cd4d62b817b6d3a56,moved,shutil.move,hash verified
outputs/stage4/e3_holdout1000_confidence_aware_sdedit/arrays/drift_medium_clean.npy,outputs/curated/stage3_sde/mainline/arrays/e3_holdout1000_confidence_aware_sdedit/drift_medium_clean.npy,MAINLINE_STAGE3_SDE,array,yes,yes,yes,high,current frozen holdout-1000 confidence-aware SDEdit mainline output,338b7d7536c262846439bacd4471de891c4e3d9a4b0773583f6c4ed56f8c5b91,338b7d7536c262846439bacd4471de891c4e3d9a4b0773583f6c4ed56f8c5b91,moved,shutil.move,hash verified
outputs/stage4/e3_holdout1000_confidence_aware_sdedit/arrays/drift_medium_confidence.npy,outputs/curated/stage3_sde/mainline/arrays/e3_holdout1000_confidence_aware_sdedit/drift_medium_confidence.npy,MAINLINE_STAGE3_SDE,array,yes,yes,yes,high,current frozen holdout-1000 confidence-aware SDEdit mainline output,04308a4a6ec0a6f25c12950d2f84a6ba99b63bc79ac6b3c1026ac9936665e4f0,04308a4a6ec0a6f25c12950d2f84a6ba99b63bc79ac6b3c1026ac9936665e4f0,moved,shutil.move,hash verified
outputs/stage4/e3_holdout1000_confidence_aware_sdedit/arrays/drift_medium_degraded.npy,outputs/curated/stage3_sde/mainline/arrays/e3_holdout1000_confidence_aware_sdedit/drift_medium_degraded.npy,MAINLINE_STAGE3_SDE,array,yes,yes,yes,high,current frozen holdout-1000 confidence-aware SDEdit mainline output,d22d8302b0025e1fdecb971982b9ef2754bceea4db32f71dd389bbf83a9656cd,d22d8302b0025e1fdecb971982b9ef2754bceea4db32f71dd389bbf83a9656cd,moved,shutil.move,hash verified
outputs/stage4/e3_holdout1000_confidence_aware_sdedit/arrays/drift_medium_fused_best_tau07_gamma2.npy,outputs/curated/stage3_sde/mainline/arrays/e3_holdout1000_confidence_aware_sdedit/drift_medium_fused_best_tau07_gamma2.npy,MAINLINE_STAGE3_SDE,array,yes,yes,yes,high,current frozen holdout-1000 confidence-aware SDEdit mainline output,b3912eb75ce5c3010f2b023abdf37846d5c7c1cab2b1ab8f48936c487b844452,b3912eb75ce5c3010f2b023abdf37846d5c7c1cab2b1ab8f48936c487b844452,moved,shutil.move,hash verified
outputs/stage4/e3_holdout1000_confidence_aware_sdedit/arrays/drift_medium_fused_t1_tau07_gamma2.npy,outputs/curated/stage3_sde/mainline/arrays/e3_holdout1000_confidence_aware_sdedit/drift_medium_fused_t1_tau07_gamma2.npy,MAINLINE_STAGE3_SDE,array,yes,yes,yes,high,current frozen holdout-1000 confidence-aware SDEdit mainline output,b3912eb75ce5c3010f2b023abdf37846d5c7c1cab2b1ab8f48936c487b844452,b3912eb75ce5c3010f2b023abdf37846d5c7c1cab2b1ab8f48936c487b844452,moved,shutil.move,hash verified
outputs/stage4/e3_holdout1000_confidence_aware_sdedit/arrays/drift_medium_sdedit_t1.npy,outputs/curated/stage3_sde/mainline/arrays/e3_holdout1000_confidence_aware_sdedit/drift_medium_sdedit_t1.npy,MAINLINE_STAGE3_SDE,array,yes,yes,yes,high,current frozen holdout-1000 confidence-aware SDEdit mainline output,926437103179ea4999916b2b1673bc838e28a2e8e296f155c87020a6bc4886b2,926437103179ea4999916b2b1673bc838e28a2e8e296f155c87020a6bc4886b2,moved,shutil.move,hash verified
outputs/stage4/e3_holdout1000_confidence_aware_sdedit/arrays/drift_medium_sdedit_t2.npy,outputs/curated/stage3_sde/mainline/arrays/e3_holdout1000_confidence_aware_sdedit/drift_medium_sdedit_t2.npy,MAINLINE_STAGE3_SDE,array,yes,yes,yes,high,current frozen holdout-1000 confidence-aware SDEdit mainline output,36ec1e755b934f959dfd5928095ae9b6e502efaa3a4a16e2d9add560d7a74473,36ec1e755b934f959dfd5928095ae9b6e502efaa3a4a16e2d9add560d7a74473,moved,shutil.move,hash verified
outputs/stage4/e3_holdout1000_confidence_aware_sdedit/arrays/drift_medium_sdedit_t3.npy,outputs/curated/stage3_sde/mainline/arrays/e3_holdout1000_confidence_aware_sdedit/drift_medium_sdedit_t3.npy,MAINLINE_STAGE3_SDE,array,yes,yes,yes,high,current frozen holdout-1000 confidence-aware SDEdit mainline output,f62b00289a70129efe7173c5d3bdde5a23928d8a8f6c17bb8c833d6a2e243562,f62b00289a70129efe7173c5d3bdde5a23928d8a8f6c17bb8c833d6a2e243562,moved,shutil.move,hash verified
outputs/stage4/e3_holdout1000_confidence_aware_sdedit/arrays/gaussian_medium_clean.npy,outputs/curated/stage3_sde/mainline/arrays/e3_holdout1000_confidence_aware_sdedit/gaussian_medium_clean.npy,MAINLINE_STAGE3_SDE,array,yes,yes,yes,high,current frozen holdout-1000 confidence-aware SDEdit mainline output,338b7d7536c262846439bacd4471de891c4e3d9a4b0773583f6c4ed56f8c5b91,338b7d7536c262846439bacd4471de891c4e3d9a4b0773583f6c4ed56f8c5b91,moved,shutil.move,hash verified
outputs/stage4/e3_holdout1000_confidence_aware_sdedit/arrays/gaussian_medium_confidence.npy,outputs/curated/stage3_sde/mainline/arrays/e3_holdout1000_confidence_aware_sdedit/gaussian_medium_confidence.npy,MAINLINE_STAGE3_SDE,array,yes,yes,yes,high,current frozen holdout-1000 confidence-aware SDEdit mainline output,d72ea546b7c99c0b3457aea5637ea3be29634ded09b0bc8d669d4be778d229f6,d72ea546b7c99c0b3457aea5637ea3be29634ded09b0bc8d669d4be778d229f6,moved,shutil.move,hash verified
outputs/stage4/e3_holdout1000_confidence_aware_sdedit/arrays/gaussian_medium_degraded.npy,outputs/curated/stage3_sde/mainline/arrays/e3_holdout1000_confidence_aware_sdedit/gaussian_medium_degraded.npy,MAINLINE_STAGE3_SDE,array,yes,yes,yes,high,current frozen holdout-1000 confidence-aware SDEdit mainline output,e3cb12e4cda639b614078325fc7ef9098998b447992064d36f8e6d53bc3e10dc,e3cb12e4cda639b614078325fc7ef9098998b447992064d36f8e6d53bc3e10dc,moved,shutil.move,hash verified
outputs/stage4/e3_holdout1000_confidence_aware_sdedit/arrays/gaussian_medium_fused_best_tau07_gamma2.npy,outputs/curated/stage3_sde/mainline/arrays/e3_holdout1000_confidence_aware_sdedit/gaussian_medium_fused_best_tau07_gamma2.npy,MAINLINE_STAGE3_SDE,array,yes,yes,yes,high,current frozen holdout-1000 confidence-aware SDEdit mainline output,a98b8ea9312f0c04bcc66e92fdeaa1f1d7e829f2361fa83073ceb5815b5b483d,a98b8ea9312f0c04bcc66e92fdeaa1f1d7e829f2361fa83073ceb5815b5b483d,moved,shutil.move,hash verified
outputs/stage4/e3_holdout1000_confidence_aware_sdedit/arrays/gaussian_medium_fused_t1_tau07_gamma2.npy,outputs/curated/stage3_sde/mainline/arrays/e3_holdout1000_confidence_aware_sdedit/gaussian_medium_fused_t1_tau07_gamma2.npy,MAINLINE_STAGE3_SDE,array,yes,yes,yes,high,current frozen holdout-1000 confidence-aware SDEdit mainline output,f9ce07424f6196758e7f1797e0ab4a2837b5b02f1a59d59e2a5e589e1a3fcd6b,f9ce07424f6196758e7f1797e0ab4a2837b5b02f1a59d59e2a5e589e1a3fcd6b,moved,shutil.move,hash verified
outputs/stage4/e3_holdout1000_confidence_aware_sdedit/arrays/gaussian_medium_sdedit_t1.npy,outputs/curated/stage3_sde/mainline/arrays/e3_holdout1000_confidence_aware_sdedit/gaussian_medium_sdedit_t1.npy,MAINLINE_STAGE3_SDE,array,yes,yes,yes,high,current frozen holdout-1000 confidence-aware SDEdit mainline output,4fc0cc8d59a0f2f9f7542a3557220812594232ae71367540a08a47f5855aecec,4fc0cc8d59a0f2f9f7542a3557220812594232ae71367540a08a47f5855aecec,moved,shutil.move,hash verified
outputs/stage4/e3_holdout1000_confidence_aware_sdedit/arrays/gaussian_medium_sdedit_t2.npy,outputs/curated/stage3_sde/mainline/arrays/e3_holdout1000_confidence_aware_sdedit/gaussian_medium_sdedit_t2.npy,MAINLINE_STAGE3_SDE,array,yes,yes,yes,high,current frozen holdout-1000 confidence-aware SDEdit mainline output,06b1482c2a7fc3e2a22c1107ea3c5e83928a88f0dc35d4829abecf29d34e63f3,06b1482c2a7fc3e2a22c1107ea3c5e83928a88f0dc35d4829abecf29d34e63f3,moved,shutil.move,hash verified
outputs/stage4/e3_holdout1000_confidence_aware_sdedit/arrays/gaussian_medium_sdedit_t3.npy,outputs/curated/stage3_sde/mainline/arrays/e3_holdout1000_confidence_aware_sdedit/gaussian_medium_sdedit_t3.npy,MAINLINE_STAGE3_SDE,array,yes,yes,yes,high,current frozen holdout-1000 confidence-aware SDEdit mainline output,e1da05352ffe705a2d609a35455343de31d6aaddf1de25f1be15d53f8ba6d055,e1da05352ffe705a2d609a35455343de31d6aaddf1de25f1be15d53f8ba6d055,moved,shutil.move,hash verified
outputs/stage4/e3_holdout1000_confidence_aware_sdedit/arrays/jump_medium_clean.npy,outputs/curated/stage3_sde/mainline/arrays/e3_holdout1000_confidence_aware_sdedit/jump_medium_clean.npy,MAINLINE_STAGE3_SDE,array,yes,yes,yes,high,current frozen holdout-1000 confidence-aware SDEdit mainline output,338b7d7536c262846439bacd4471de891c4e3d9a4b0773583f6c4ed56f8c5b91,338b7d7536c262846439bacd4471de891c4e3d9a4b0773583f6c4ed56f8c5b91,moved,shutil.move,hash verified
outputs/stage4/e3_holdout1000_confidence_aware_sdedit/arrays/jump_medium_confidence.npy,outputs/curated/stage3_sde/mainline/arrays/e3_holdout1000_confidence_aware_sdedit/jump_medium_confidence.npy,MAINLINE_STAGE3_SDE,array,yes,yes,yes,high,current frozen holdout-1000 confidence-aware SDEdit mainline output,514fbaca137ff0125c5ce75a383cd18508227ff73e3bf73fb4da47f7d6b9fc21,514fbaca137ff0125c5ce75a383cd18508227ff73e3bf73fb4da47f7d6b9fc21,moved,shutil.move,hash verified
outputs/stage4/e3_holdout1000_confidence_aware_sdedit/arrays/jump_medium_degraded.npy,outputs/curated/stage3_sde/mainline/arrays/e3_holdout1000_confidence_aware_sdedit/jump_medium_degraded.npy,MAINLINE_STAGE3_SDE,array,yes,yes,yes,high,current frozen holdout-1000 confidence-aware SDEdit mainline output,513c8785e228a9bb17ebb8552adddb7c31fdb11d18c3542681bd58e27864d63c,513c8785e228a9bb17ebb8552adddb7c31fdb11d18c3542681bd58e27864d63c,moved,shutil.move,hash verified
outputs/stage4/e3_holdout1000_confidence_aware_sdedit/arrays/jump_medium_fused_best_tau07_gamma2.npy,outputs/curated/stage3_sde/mainline/arrays/e3_holdout1000_confidence_aware_sdedit/jump_medium_fused_best_tau07_gamma2.npy,MAINLINE_STAGE3_SDE,array,yes,yes,yes,high,current frozen holdout-1000 confidence-aware SDEdit mainline output,fe97085b1924f870323e1e722cb28db1b6c5f6b4b65945ef00b9d931b3ba9d7b,fe97085b1924f870323e1e722cb28db1b6c5f6b4b65945ef00b9d931b3ba9d7b,moved,shutil.move,hash verified
outputs/stage4/e3_holdout1000_confidence_aware_sdedit/arrays/jump_medium_fused_t1_tau07_gamma2.npy,outputs/curated/stage3_sde/mainline/arrays/e3_holdout1000_confidence_aware_sdedit/jump_medium_fused_t1_tau07_gamma2.npy,MAINLINE_STAGE3_SDE,array,yes,yes,yes,high,current frozen holdout-1000 confidence-aware SDEdit mainline output,85c9741bd0001896050f5847099e87f60528d60fe54c13b0fd9ea237930e3c41,85c9741bd0001896050f5847099e87f60528d60fe54c13b0fd9ea237930e3c41,moved,shutil.move,hash verified
outputs/stage4/e3_holdout1000_confidence_aware_sdedit/arrays/jump_medium_sdedit_t1.npy,outputs/curated/stage3_sde/mainline/arrays/e3_holdout1000_confidence_aware_sdedit/jump_medium_sdedit_t1.npy,MAINLINE_STAGE3_SDE,array,yes,yes,yes,high,current frozen holdout-1000 confidence-aware SDEdit mainline output,8dfd2f3384097b487a19d31c84eced7d5ea958fe6abf402b64397b8a329e233e,8dfd2f3384097b487a19d31c84eced7d5ea958fe6abf402b64397b8a329e233e,moved,shutil.move,hash verified
outputs/stage4/e3_holdout1000_confidence_aware_sdedit/arrays/jump_medium_sdedit_t2.npy,outputs/curated/stage3_sde/mainline/arrays/e3_holdout1000_confidence_aware_sdedit/jump_medium_sdedit_t2.npy,MAINLINE_STAGE3_SDE,array,yes,yes,yes,high,current frozen holdout-1000 confidence-aware SDEdit mainline output,54938095b4d5b1bb656fab42cfbb705d73aff452eb5fd0c4718a8ff7f1209a08,54938095b4d5b1bb656fab42cfbb705d73aff452eb5fd0c4718a8ff7f1209a08,moved,shutil.move,hash verified
outputs/stage4/e3_holdout1000_confidence_aware_sdedit/arrays/jump_medium_sdedit_t3.npy,outputs/curated/stage3_sde/mainline/arrays/e3_holdout1000_confidence_aware_sdedit/jump_medium_sdedit_t3.npy,MAINLINE_STAGE3_SDE,array,yes,yes,yes,high,current frozen holdout-1000 confidence-aware SDEdit mainline output,86fb26ad7e369eeaffaca44c204512f264cda5bb5f9e108abcc69fc07ed98fe9,86fb26ad7e369eeaffaca44c204512f264cda5bb5f9e108abcc69fc07ed98fe9,moved,shutil.move,hash verified
outputs/stage4/e3_holdout1000_confidence_aware_sdedit/e3_holdout1000_confidence_aware_sdedit_summary.md,outputs/curated/stage3_sde/mainline/summaries/e3_holdout1000_confidence_aware_sdedit/e3_holdout1000_confidence_aware_sdedit_summary.md,MAINLINE_STAGE3_SDE,markdown,yes,yes,yes,high,current frozen holdout-1000 confidence-aware SDEdit mainline output,3e7e2dde516367905df26e57777e9181d607cd1d1feac52842600e4ab4f975d6,3e7e2dde516367905df26e57777e9181d607cd1d1feac52842600e4ab4f975d6,moved,shutil.move,hash verified
outputs/stage4/e3_holdout1000_confidence_aware_sdedit/e3_holdout1000_confidence_bin_metrics.csv,outputs/curated/stage3_sde/mainline/metrics/e3_holdout1000_confidence_aware_sdedit/e3_holdout1000_confidence_bin_metrics.csv,MAINLINE_STAGE3_SDE,metric_csv,yes,yes,yes,high,current frozen holdout-1000 confidence-aware SDEdit mainline output,0b6995d66efa3264d71b6cea98aae115adc5b644db40ee612f06fdc7e7d95db4,0b6995d66efa3264d71b6cea98aae115adc5b644db40ee612f06fdc7e7d95db4,moved,shutil.move,hash verified
outputs/stage4/e3_holdout1000_confidence_aware_sdedit/e3_holdout1000_global_t1_metrics.csv,outputs/curated/stage3_sde/mainline/metrics/e3_holdout1000_confidence_aware_sdedit/e3_holdout1000_global_t1_metrics.csv,MAINLINE_STAGE3_SDE,metric_csv,yes,yes,yes,high,current frozen holdout-1000 confidence-aware SDEdit mainline output,b84b9e9a0b974696123e0b7c22b4608ffb416c4343ffef4683356cd6deb40958,b84b9e9a0b974696123e0b7c22b4608ffb416c4343ffef4683356cd6deb40958,moved,shutil.move,hash verified
outputs/stage4/e3_holdout1000_confidence_aware_sdedit/e3_holdout1000_paired_statistics.csv,outputs/curated/stage3_sde/mainline/metrics/e3_holdout1000_confidence_aware_sdedit/e3_holdout1000_paired_statistics.csv,MAINLINE_STAGE3_SDE,metric_csv,yes,yes,yes,high,current frozen holdout-1000 confidence-aware SDEdit mainline output,55a502348664f66c46a7aa4f18973c8f922c1576c66cb752303a32a6f3824f68,55a502348664f66c46a7aa4f18973c8f922c1576c66cb752303a32a6f3824f68,moved,shutil.move,hash verified
outputs/stage4/e3_holdout1000_confidence_aware_sdedit/e3_holdout1000_per_condition_best_metrics.csv,outputs/curated/stage3_sde/mainline/metrics/e3_holdout1000_confidence_aware_sdedit/e3_holdout1000_per_condition_best_metrics.csv,MAINLINE_STAGE3_SDE,metric_csv,yes,yes,yes,high,current frozen holdout-1000 confidence-aware SDEdit mainline output,cc67966000a0c73e6a58824795e1aebc456fb2bea70952f36ef5484f7930abb6,cc67966000a0c73e6a58824795e1aebc456fb2bea70952f36ef5484f7930abb6,moved,shutil.move,hash verified
outputs/stage4/e3_holdout1000_confidence_aware_sdedit/e3_holdout1000_trend_stability_summary.csv,outputs/curated/stage3_sde/mainline/metrics/e3_holdout1000_confidence_aware_sdedit/e3_holdout1000_trend_stability_summary.csv,MAINLINE_STAGE3_SDE,metric_csv,yes,yes,yes,high,current frozen holdout-1000 confidence-aware SDEdit mainline output,7bcd980d7ac8e35ff7324da09acc8dff0bbd8b92fa833e6f6736a6fec8dd2bdb,7bcd980d7ac8e35ff7324da09acc8dff0bbd8b92fa833e6f6736a6fec8dd2bdb,moved,shutil.move,hash verified
outputs/stage4/e3_holdout1000_confidence_aware_sdedit/e3_holdout1000_vanilla_tstart_metrics.csv,outputs/curated/stage3_sde/mainline/metrics/e3_holdout1000_confidence_aware_sdedit/e3_holdout1000_vanilla_tstart_metrics.csv,MAINLINE_STAGE3_SDE,metric_csv,yes,yes,yes,high,current frozen holdout-1000 confidence-aware SDEdit mainline output,fa243a709f7ee558ebdc67b840c8bc6fd93880e87271abf6f1eb8773da33994f,fa243a709f7ee558ebdc67b840c8bc6fd93880e87271abf6f1eb8773da33994f,moved,shutil.move,hash verified
outputs/stage4/e3_holdout1000_confidence_aware_sdedit/figures/high_low_conf_comparison_global_t1.png,outputs/curated/stage3_sde/mainline/figures/e3_holdout1000_confidence_aware_sdedit/high_low_conf_comparison_global_t1.png,MAINLINE_STAGE3_SDE,figure,yes,yes,yes,high,current frozen holdout-1000 confidence-aware SDEdit mainline output,0bde8b172f9522e1350596e7df03490f975d6a9ef2467c8bbc03854b2d005621,0bde8b172f9522e1350596e7df03490f975d6a9ef2467c8bbc03854b2d005621,moved,shutil.move,hash verified
outputs/stage4/e3_holdout1000_confidence_aware_sdedit/figures/overall_ade_comparison_global_t1.png,outputs/curated/stage3_sde/mainline/figures/e3_holdout1000_confidence_aware_sdedit/overall_ade_comparison_global_t1.png,MAINLINE_STAGE3_SDE,figure,yes,yes,yes,high,current frozen holdout-1000 confidence-aware SDEdit mainline output,52eda78d545926a64f1d81f716ad14b9f21e43410f81940ceffcc424b348b7b6,52eda78d545926a64f1d81f716ad14b9f21e43410f81940ceffcc424b348b7b6,moved,shutil.move,hash verified
outputs/stage4/e3_holdout1000_confidence_aware_sdedit/figures/overall_ade_comparison_per_condition_best.png,outputs/curated/stage3_sde/mainline/figures/e3_holdout1000_confidence_aware_sdedit/overall_ade_comparison_per_condition_best.png,MAINLINE_STAGE3_SDE,figure,yes,yes,yes,high,current frozen holdout-1000 confidence-aware SDEdit mainline output,f34de070c57af1047f85ba6615fdc6c2af92475b455ae3df1e983484f7155169,f34de070c57af1047f85ba6615fdc6c2af92475b455ae3df1e983484f7155169,moved,shutil.move,hash verified
outputs/stage4/e3_holdout1000_confidence_aware_sdedit/figures/representative_bias_medium.png,outputs/curated/stage3_sde/mainline/figures/e3_holdout1000_confidence_aware_sdedit/representative_bias_medium.png,MAINLINE_STAGE3_SDE,figure,yes,yes,yes,high,current frozen holdout-1000 confidence-aware SDEdit mainline output,6970b67133f7f4eb09fb4daad39843276ddbd4e646e59bda7dd754ef707a132e,6970b67133f7f4eb09fb4daad39843276ddbd4e646e59bda7dd754ef707a132e,moved,shutil.move,hash verified
outputs/stage4/e3_holdout1000_confidence_aware_sdedit/figures/representative_burst_medium.png,outputs/curated/stage3_sde/mainline/figures/e3_holdout1000_confidence_aware_sdedit/representative_burst_medium.png,MAINLINE_STAGE3_SDE,figure,yes,yes,yes,high,current frozen holdout-1000 confidence-aware SDEdit mainline output,f1f2d30b5b51dc9612401f0a906610962c8369cc110c3c430acf4f991a41e9f0,f1f2d30b5b51dc9612401f0a906610962c8369cc110c3c430acf4f991a41e9f0,moved,shutil.move,hash verified
outputs/stage4/e3_holdout1000_confidence_aware_sdedit/figures/representative_combined_medium.png,outputs/curated/stage3_sde/mainline/figures/e3_holdout1000_confidence_aware_sdedit/representative_combined_medium.png,MAINLINE_STAGE3_SDE,figure,yes,yes,yes,high,current frozen holdout-1000 confidence-aware SDEdit mainline output,a2ad53c828bb999723ffe7d17ae8f1e518285a03e8da806a82268e608bb12f3b,a2ad53c828bb999723ffe7d17ae8f1e518285a03e8da806a82268e608bb12f3b,moved,shutil.move,hash verified
outputs/stage4/e3_holdout1000_confidence_aware_sdedit/figures/representative_drift_medium.png,outputs/curated/stage3_sde/mainline/figures/e3_holdout1000_confidence_aware_sdedit/representative_drift_medium.png,MAINLINE_STAGE3_SDE,figure,yes,yes,yes,high,current frozen holdout-1000 confidence-aware SDEdit mainline output,caa587e9d208a2b0cf00c805a5da3eae639efaf1ca6b2c5b975967cad79beb5b,caa587e9d208a2b0cf00c805a5da3eae639efaf1ca6b2c5b975967cad79beb5b,moved,shutil.move,hash verified
outputs/stage4/e3_holdout1000_confidence_aware_sdedit/figures/representative_gaussian_medium.png,outputs/curated/stage3_sde/mainline/figures/e3_holdout1000_confidence_aware_sdedit/representative_gaussian_medium.png,MAINLINE_STAGE3_SDE,figure,yes,yes,yes,high,current frozen holdout-1000 confidence-aware SDEdit mainline output,e528f0fcb93154521451b5bc14f847102e6c82ddf300c6fe2fbc91d81b1824d3,e528f0fcb93154521451b5bc14f847102e6c82ddf300c6fe2fbc91d81b1824d3,moved,shutil.move,hash verified
outputs/stage4/e3_holdout1000_confidence_aware_sdedit/figures/representative_jump_medium.png,outputs/curated/stage3_sde/mainline/figures/e3_holdout1000_confidence_aware_sdedit/representative_jump_medium.png,MAINLINE_STAGE3_SDE,figure,yes,yes,yes,high,current frozen holdout-1000 confidence-aware SDEdit mainline output,2cc0ba9f3a12c66b427fca374d4f70eb96c5945461be1d2951de1bbbd74b2c4c,2cc0ba9f3a12c66b427fca374d4f70eb96c5945461be1d2951de1bbbd74b2c4c,moved,shutil.move,hash verified
outputs/stage4/e3_holdout1000_confidence_aware_sdedit/figures/tstart_sweep_by_condition.png,outputs/curated/stage3_sde/mainline/figures/e3_holdout1000_confidence_aware_sdedit/tstart_sweep_by_condition.png,MAINLINE_STAGE3_SDE,figure,yes,yes,yes,high,current frozen holdout-1000 confidence-aware SDEdit mainline output,40215564e3e5044d85f5aa73f0fdca651035c3ff56c909c6976d8d689d3f113b,40215564e3e5044d85f5aa73f0fdca651035c3ff56c909c6976d8d689d3f113b,moved,shutil.move,hash verified
outputs/stage4/e3_initialized_dps_aligned_audit/e3_initialized_dps_aligned_condition_summary.csv,outputs/curated/stage3_sde/negative_diagnostic/dps/e3_initialized_dps_aligned_audit/e3_initialized_dps_aligned_audit/e3_initialized_dps_aligned_condition_summary.csv,NEGATIVE_DIAGNOSTIC,metric_csv,yes,yes,yes,high,DPS audit or rejected DPS alternative,fb20d629fd180350ae6ac7b3ea08adf83ca49b0b97c0ad189b5a1e5d49dedefc,fb20d629fd180350ae6ac7b3ea08adf83ca49b0b97c0ad189b5a1e5d49dedefc,moved,shutil.move,hash verified
outputs/stage4/e3_initialized_dps_aligned_audit/e3_initialized_dps_aligned_decision_summary.md,outputs/curated/stage3_sde/negative_diagnostic/dps/e3_initialized_dps_aligned_audit/e3_initialized_dps_aligned_audit/e3_initialized_dps_aligned_decision_summary.md,NEGATIVE_DIAGNOSTIC,markdown,yes,yes,yes,high,DPS audit or rejected DPS alternative,15eab28ca23796e6b6977c12618c15f212c922ce7fa0bcf1888dd66c17ee62b2,15eab28ca23796e6b6977c12618c15f212c922ce7fa0bcf1888dd66c17ee62b2,moved,shutil.move,hash verified
outputs/stage4/e3_initialized_dps_aligned_audit/e3_initialized_dps_aligned_metrics.csv,outputs/curated/stage3_sde/negative_diagnostic/dps/e3_initialized_dps_aligned_audit/e3_initialized_dps_aligned_audit/e3_initialized_dps_aligned_metrics.csv,NEGATIVE_DIAGNOSTIC,metric_csv,yes,yes,yes,high,DPS audit or rejected DPS alternative,d13c02102e0fcbe6b4bde58017f6e90629bdef0362b9577c741d0555c3c7a57b,d13c02102e0fcbe6b4bde58017f6e90629bdef0362b9577c741d0555c3c7a57b,moved,shutil.move,hash verified
outputs/stage4/e3_initialized_dps_aligned_audit/e3_initialized_dps_aligned_seed_zeta_summary.csv,outputs/curated/stage3_sde/negative_diagnostic/dps/e3_initialized_dps_aligned_audit/e3_initialized_dps_aligned_audit/e3_initialized_dps_aligned_seed_zeta_summary.csv,NEGATIVE_DIAGNOSTIC,metric_csv,yes,yes,yes,high,DPS audit or rejected DPS alternative,7b7da2237d2b174ce9d80b1e74064aff19615f1406bd21e66268a4dbdb51240d,7b7da2237d2b174ce9d80b1e74064aff19615f1406bd21e66268a4dbdb51240d,moved,shutil.move,hash verified
outputs/stage4/e3_initialized_dps_aligned_audit/e3_initialized_dps_aligned_step_trace.csv,outputs/curated/stage3_sde/negative_diagnostic/dps/e3_initialized_dps_aligned_audit/e3_initialized_dps_aligned_audit/e3_initialized_dps_aligned_step_trace.csv,NEGATIVE_DIAGNOSTIC,metric_csv,yes,yes,yes,high,DPS audit or rejected DPS alternative,960ad154fafc885f4811637ff4e22d5c51fbb97aa2b1fb38165231aa9c79ae60,960ad154fafc885f4811637ff4e22d5c51fbb97aa2b1fb38165231aa9c79ae60,moved,shutil.move,hash verified
outputs/stage4/e3_initialized_dps_aligned_audit/figures/representative_bias_medium_zeta0p3.png,outputs/curated/stage3_sde/negative_diagnostic/dps/e3_initialized_dps_aligned_audit/figures/representative_bias_medium_zeta0p3.png,NEGATIVE_DIAGNOSTIC,figure,yes,yes,yes,high,DPS audit or rejected DPS alternative,6d3b0dfd828dcdba9875f2153e10a7b7008d596294c118a532de15e4f820be86,6d3b0dfd828dcdba9875f2153e10a7b7008d596294c118a532de15e4f820be86,moved,shutil.move,hash verified
outputs/stage4/e3_initialized_dps_aligned_audit/figures/representative_burst_medium_zeta0p3.png,outputs/curated/stage3_sde/negative_diagnostic/dps/e3_initialized_dps_aligned_audit/figures/representative_burst_medium_zeta0p3.png,NEGATIVE_DIAGNOSTIC,figure,yes,yes,yes,high,DPS audit or rejected DPS alternative,8f609fa3e1d7f393caee2d280c73b6849df1f3428fd212b823f48ea01b762c4a,8f609fa3e1d7f393caee2d280c73b6849df1f3428fd212b823f48ea01b762c4a,moved,shutil.move,hash verified
outputs/stage4/e3_initialized_dps_aligned_audit/figures/representative_combined_medium_zeta0p3.png,outputs/curated/stage3_sde/negative_diagnostic/dps/e3_initialized_dps_aligned_audit/figures/representative_combined_medium_zeta0p3.png,NEGATIVE_DIAGNOSTIC,figure,yes,yes,yes,high,DPS audit or rejected DPS alternative,68c4512dcb2bfc6cc72e621b71a2e8ab20f0f8185518637a86da379d51aee798,68c4512dcb2bfc6cc72e621b71a2e8ab20f0f8185518637a86da379d51aee798,moved,shutil.move,hash verified
outputs/stage4/e3_initialized_dps_aligned_audit/figures/representative_drift_medium_zeta0p3.png,outputs/curated/stage3_sde/negative_diagnostic/dps/e3_initialized_dps_aligned_audit/figures/representative_drift_medium_zeta0p3.png,NEGATIVE_DIAGNOSTIC,figure,yes,yes,yes,high,DPS audit or rejected DPS alternative,5c47da367c417aa33d1c282cb0b6dd25902b5f6a2c7405a55d4691d543609612,5c47da367c417aa33d1c282cb0b6dd25902b5f6a2c7405a55d4691d543609612,moved,shutil.move,hash verified
outputs/stage4/e3_initialized_dps_aligned_audit/figures/representative_gaussian_medium_zeta0p3.png,outputs/curated/stage3_sde/negative_diagnostic/dps/e3_initialized_dps_aligned_audit/figures/representative_gaussian_medium_zeta0p3.png,NEGATIVE_DIAGNOSTIC,figure,yes,yes,yes,high,DPS audit or rejected DPS alternative,b2a6383ae65214e0199e848242a3e060bdc10056a2bf44025a7df2156e3ff368,b2a6383ae65214e0199e848242a3e060bdc10056a2bf44025a7df2156e3ff368,moved,shutil.move,hash verified
outputs/stage4/e3_initialized_dps_aligned_audit/figures/representative_jump_medium_zeta0p3.png,outputs/curated/stage3_sde/negative_diagnostic/dps/e3_initialized_dps_aligned_audit/figures/representative_jump_medium_zeta0p3.png,NEGATIVE_DIAGNOSTIC,figure,yes,yes,yes,high,DPS audit or rejected DPS alternative,7f65b7bce2a1ec5ac53a4dfe87ba41cc00a6ab0ea9c959c5be95675a6896714f,7f65b7bce2a1ec5ac53a4dfe87ba41cc00a6ab0ea9c959c5be95675a6896714f,moved,shutil.move,hash verified
outputs/stage4/e3_multit_candidate_source_ablation/cache_inventory.csv,outputs/curated/stage3_sde/supplementary_ablation/multit_candidate_source/e3_multit_candidate_source_ablation/e3_multit_candidate_source_ablation/cache_inventory.csv,SUPPLEMENTARY_ABLATION,metric_csv,yes,yes,yes,high,multi-t candidate-source ablation / consistency extraction,0ccdaa0821638da0a1491d2b3b3405e91979a42f6173b69a0fcdf998c565462c,0ccdaa0821638da0a1491d2b3b3405e91979a42f6173b69a0fcdf998c565462c,moved,shutil.move,hash verified
outputs/stage4/e3_multit_candidate_source_ablation/cache_inventory.md,outputs/curated/stage3_sde/supplementary_ablation/multit_candidate_source/e3_multit_candidate_source_ablation/e3_multit_candidate_source_ablation/cache_inventory.md,SUPPLEMENTARY_ABLATION,markdown,yes,yes,yes,high,multi-t candidate-source ablation / consistency extraction,252063d2ef026f24b7efb6f5f710c66f0357f5b57618cfa31eef1bf38b7bbeae,252063d2ef026f24b7efb6f5f710c66f0357f5b57618cfa31eef1bf38b7bbeae,moved,shutil.move,hash verified
outputs/stage4/e3_multit_candidate_source_ablation/cache_inventory_raw_file_list.txt,outputs/curated/stage3_sde/supplementary_ablation/multit_candidate_source/e3_multit_candidate_source_ablation/e3_multit_candidate_source_ablation/cache_inventory_raw_file_list.txt,SUPPLEMENTARY_ABLATION,other,yes,yes,yes,high,multi-t candidate-source ablation / consistency extraction,76f0a370904127e19cfe6619db08ada3071252af43e36931b2e1e535251d0f3f,76f0a370904127e19cfe6619db08ada3071252af43e36931b2e1e535251d0f3f,moved,shutil.move,hash verified
outputs/stage4/e3_multit_candidate_source_ablation/e3_multit_candidate_source_bin_metrics.csv,outputs/curated/stage3_sde/supplementary_ablation/multit_candidate_source/e3_multit_candidate_source_ablation/e3_multit_candidate_source_ablation/e3_multit_candidate_source_bin_metrics.csv,SUPPLEMENTARY_ABLATION,metric_csv,yes,yes,yes,high,multi-t candidate-source ablation / consistency extraction,e15f016f29e3a9e40421025524203103f1c527bae32b94da080fd3cd81dfc12e,e15f016f29e3a9e40421025524203103f1c527bae32b94da080fd3cd81dfc12e,moved,shutil.move,hash verified
outputs/stage4/e3_multit_candidate_source_ablation/e3_multit_candidate_source_condition_summary.csv,outputs/curated/stage3_sde/supplementary_ablation/multit_candidate_source/e3_multit_candidate_source_ablation/e3_multit_candidate_source_ablation/e3_multit_candidate_source_condition_summary.csv,SUPPLEMENTARY_ABLATION,metric_csv,yes,yes,yes,high,multi-t candidate-source ablation / consistency extraction,11a81298d277d5426c9d1b2a8a65ec8c6780435df6c7fc42f7b474f7cfad5179,11a81298d277d5426c9d1b2a8a65ec8c6780435df6c7fc42f7b474f7cfad5179,moved,shutil.move,hash verified
outputs/stage4/e3_multit_candidate_source_ablation/e3_multit_candidate_source_decision_summary.md,outputs/curated/stage3_sde/supplementary_ablation/multit_candidate_source/e3_multit_candidate_source_ablation/e3_multit_candidate_source_ablation/e3_multit_candidate_source_decision_summary.md,SUPPLEMENTARY_ABLATION,markdown,yes,yes,yes,high,multi-t candidate-source ablation / consistency extraction,d059b768980b57f9a6692f5b451d25a8bad71b76f5fe08daa87a856391330d18,d059b768980b57f9a6692f5b451d25a8bad71b76f5fe08daa87a856391330d18,moved,shutil.move,hash verified
outputs/stage4/e3_multit_candidate_source_ablation/e3_multit_candidate_source_full_metrics.csv,outputs/curated/stage3_sde/supplementary_ablation/multit_candidate_source/e3_multit_candidate_source_ablation/e3_multit_candidate_source_ablation/e3_multit_candidate_source_full_metrics.csv,SUPPLEMENTARY_ABLATION,metric_csv,yes,yes,yes,high,multi-t candidate-source ablation / consistency extraction,8866f4d69c400fe4cd7f2b86421a2eed22ed44e996ea1ddc806b88df2373f165,8866f4d69c400fe4cd7f2b86421a2eed22ed44e996ea1ddc806b88df2373f165,moved,shutil.move,hash verified
outputs/stage4/e3_multit_candidate_source_ablation/e3_multit_candidate_source_pass_fail_summary.csv,outputs/curated/stage3_sde/supplementary_ablation/multit_candidate_source/e3_multit_candidate_source_ablation/e3_multit_candidate_source_ablation/e3_multit_candidate_source_pass_fail_summary.csv,SUPPLEMENTARY_ABLATION,metric_csv,yes,yes,yes,high,multi-t candidate-source ablation / consistency extraction,91582ab21f055ad2a5c722b50e8b5ca7dab77a5a7692f840338ae36a18438edb,91582ab21f055ad2a5c722b50e8b5ca7dab77a5a7692f840338ae36a18438edb,moved,shutil.move,hash verified
outputs/stage4/e3_multit_candidate_source_ablation/figures/bias_medium_median_t1_candidate_source_comparison.png,outputs/curated/stage3_sde/supplementary_ablation/multit_candidate_source/e3_multit_candidate_source_ablation/figures/bias_medium_median_t1_candidate_source_comparison.png,SUPPLEMENTARY_ABLATION,figure,yes,yes,yes,high,multi-t candidate-source ablation / consistency extraction,2edb9942bbd3380e88e4688acb00cdf7a6fe31b0fe7dcf279a6ab325bb879579,2edb9942bbd3380e88e4688acb00cdf7a6fe31b0fe7dcf279a6ab325bb879579,moved,shutil.move,hash verified
outputs/stage4/e3_multit_candidate_source_ablation/figures/burst_medium_median_t1_candidate_source_comparison.png,outputs/curated/stage3_sde/supplementary_ablation/multit_candidate_source/e3_multit_candidate_source_ablation/figures/burst_medium_median_t1_candidate_source_comparison.png,SUPPLEMENTARY_ABLATION,figure,yes,yes,yes,high,multi-t candidate-source ablation / consistency extraction,7805efff6aa2a19a6bbce28dae3fe6b129f2e415c46ca29398a6d87a53081b25,7805efff6aa2a19a6bbce28dae3fe6b129f2e415c46ca29398a6d87a53081b25,moved,shutil.move,hash verified
outputs/stage4/e3_multit_candidate_source_ablation/figures/combined_medium_median_t1_candidate_source_comparison.png,outputs/curated/stage3_sde/supplementary_ablation/multit_candidate_source/e3_multit_candidate_source_ablation/figures/combined_medium_median_t1_candidate_source_comparison.png,SUPPLEMENTARY_ABLATION,figure,yes,yes,yes,high,multi-t candidate-source ablation / consistency extraction,e660a8fa872a798dcd99e563830dc11f27fc806d9e5fe28ea63bec4ac87528a9,e660a8fa872a798dcd99e563830dc11f27fc806d9e5fe28ea63bec4ac87528a9,moved,shutil.move,hash verified
outputs/stage4/e3_multit_candidate_source_ablation/figures/drift_medium_median_t1_candidate_source_comparison.png,outputs/curated/stage3_sde/supplementary_ablation/multit_candidate_source/e3_multit_candidate_source_ablation/figures/drift_medium_median_t1_candidate_source_comparison.png,SUPPLEMENTARY_ABLATION,figure,yes,yes,yes,high,multi-t candidate-source ablation / consistency extraction,2d962c606c9569156a9795bfd61674d6ffeea3ab3b7c0ac91f00af82020d9bb9,2d962c606c9569156a9795bfd61674d6ffeea3ab3b7c0ac91f00af82020d9bb9,moved,shutil.move,hash verified
outputs/stage4/e3_multit_candidate_source_ablation/figures/gaussian_medium_median_t1_candidate_source_comparison.png,outputs/curated/stage3_sde/supplementary_ablation/multit_candidate_source/e3_multit_candidate_source_ablation/figures/gaussian_medium_median_t1_candidate_source_comparison.png,SUPPLEMENTARY_ABLATION,figure,yes,yes,yes,high,multi-t candidate-source ablation / consistency extraction,348633725e3753220f9a5ce7c5e07d0f2da07b711ee00418f4b4e8925e6a0a41,348633725e3753220f9a5ce7c5e07d0f2da07b711ee00418f4b4e8925e6a0a41,moved,shutil.move,hash verified
outputs/stage4/e3_multit_candidate_source_ablation/figures/jump_medium_median_t1_candidate_source_comparison.png,outputs/curated/stage3_sde/supplementary_ablation/multit_candidate_source/e3_multit_candidate_source_ablation/figures/jump_medium_median_t1_candidate_source_comparison.png,SUPPLEMENTARY_ABLATION,figure,yes,yes,yes,high,multi-t candidate-source ablation / consistency extraction,4788197ca8aebca60449cb558a450638a4ce99e2fb6ba827465127e36c95d1c2,4788197ca8aebca60449cb558a450638a4ce99e2fb6ba827465127e36c95d1c2,moved,shutil.move,hash verified
outputs/stage4/e3_multit_candidate_source_ablation/per_condition_consistency/per_condition_ade_table.csv,outputs/curated/stage3_sde/supplementary_ablation/multit_candidate_source/e3_multit_candidate_source_ablation/per_condition_consistency/per_condition_ade_table.csv,SUPPLEMENTARY_ABLATION,metric_csv,yes,yes,yes,high,multi-t candidate-source ablation / consistency extraction,5ded7ae52a1c5508b659be419db8617322f3b405f4f4283bc6273a6898b638bb,5ded7ae52a1c5508b659be419db8617322f3b405f4f4283bc6273a6898b638bb,moved,shutil.move,hash verified
outputs/stage4/e3_multit_candidate_source_ablation/per_condition_consistency/per_condition_consistency_summary.md,outputs/curated/stage3_sde/supplementary_ablation/multit_candidate_source/e3_multit_candidate_source_ablation/per_condition_consistency/per_condition_consistency_summary.md,SUPPLEMENTARY_ABLATION,markdown,yes,yes,yes,high,multi-t candidate-source ablation / consistency extraction,2d77f9c69517e30bb20ae32a13d9a7cbb54d65e9479458c73b396ca4bae73815,2d77f9c69517e30bb20ae32a13d9a7cbb54d65e9479458c73b396ca4bae73815,moved,shutil.move,hash verified
outputs/stage4/e3_multit_candidate_source_ablation/per_condition_consistency/per_condition_high_conf_table.csv,outputs/curated/stage3_sde/supplementary_ablation/multit_candidate_source/e3_multit_candidate_source_ablation/per_condition_consistency/per_condition_high_conf_table.csv,SUPPLEMENTARY_ABLATION,metric_csv,yes,yes,yes,high,multi-t candidate-source ablation / consistency extraction,cd7934ccc68979f6bd813a555cdc2aca2d64f726b2f7fcd7c00398e3a4ea013e,cd7934ccc68979f6bd813a555cdc2aca2d64f726b2f7fcd7c00398e3a4ea013e,moved,shutil.move,hash verified
outputs/stage4/e3_multit_candidate_source_ablation/per_condition_consistency/per_condition_low_conf_table.csv,outputs/curated/stage3_sde/supplementary_ablation/multit_candidate_source/e3_multit_candidate_source_ablation/per_condition_consistency/per_condition_low_conf_table.csv,SUPPLEMENTARY_ABLATION,metric_csv,yes,yes,yes,high,multi-t candidate-source ablation / consistency extraction,4c99e424648a9a00f975229d816c8017ba02d00abfef7048f872614f67bac770,4c99e424648a9a00f975229d816c8017ba02d00abfef7048f872614f67bac770,moved,shutil.move,hash verified
outputs/stage4/e3_multit_candidate_source_ablation/per_condition_consistency/per_condition_motion_usage_table.csv,outputs/curated/stage3_sde/supplementary_ablation/multit_candidate_source/e3_multit_candidate_source_ablation/per_condition_consistency/per_condition_motion_usage_table.csv,SUPPLEMENTARY_ABLATION,metric_csv,yes,yes,yes,high,multi-t candidate-source ablation / consistency extraction,2be88da03449edf6e57c33bd2ed3f19e150525049410461eb800aa1e10812142,2be88da03449edf6e57c33bd2ed3f19e150525049410461eb800aa1e10812142,moved,shutil.move,hash verified
outputs/stage4/reconstructed_stage3_cond_outputs/combined_cond_residual_t20_refined_reconstructed.npy,outputs/curated/stage3_sde/legacy_or_deprecated/reconstructed_stage3_cond_outputs/reconstructed_stage3_cond_outputs/combined_cond_residual_t20_refined_reconstructed.npy,LEGACY_OR_DEPRECATED,array,yes,yes,yes,high,conditional-residual Stage 4 branch superseded by SDE mainline,29e40b0dd97438166d668f38f16969a2bf7aa90e65dbd242306c0130e5e1a255,29e40b0dd97438166d668f38f16969a2bf7aa90e65dbd242306c0130e5e1a255,moved,shutil.move,hash verified
outputs/stage4/reconstructed_stage3_cond_outputs/jump_cond_residual_t20_refined_reconstructed.npy,outputs/curated/stage3_sde/legacy_or_deprecated/reconstructed_stage3_cond_outputs/reconstructed_stage3_cond_outputs/jump_cond_residual_t20_refined_reconstructed.npy,LEGACY_OR_DEPRECATED,array,yes,yes,yes,high,conditional-residual Stage 4 branch superseded by SDE mainline,51cd6ed9428d236140d6b104c198a79f692e0926e6c39a952a0bfebd14a60c26,51cd6ed9428d236140d6b104c198a79f692e0926e6c39a952a0bfebd14a60c26,moved,shutil.move,hash verified
outputs/stage4/reconstructed_stage3_cond_outputs/reconstruction_manifest.json,outputs/curated/stage3_sde/legacy_or_deprecated/reconstructed_stage3_cond_outputs/reconstructed_stage3_cond_outputs/reconstruction_manifest.json,LEGACY_OR_DEPRECATED,json,yes,yes,yes,high,conditional-residual Stage 4 branch superseded by SDE mainline,311219e4d0a1a4645ca5fc3cbe581e868f97d3d845fc2767a39be0f534d7183a,311219e4d0a1a4645ca5fc3cbe581e868f97d3d845fc2767a39be0f534d7183a,moved,shutil.move,hash verified
outputs/stage4/reconstructed_stage3_cond_outputs/reconstruction_summary.md,outputs/curated/stage3_sde/legacy_or_deprecated/reconstructed_stage3_cond_outputs/reconstructed_stage3_cond_outputs/reconstruction_summary.md,LEGACY_OR_DEPRECATED,markdown,yes,yes,yes,high,conditional-residual Stage 4 branch superseded by SDE mainline,253f9b2f54166f433ab17a70921784408f1857881c44b2fac8f3d763219cd29a,253f9b2f54166f433ab17a70921784408f1857881c44b2fac8f3d763219cd29a,moved,shutil.move,hash verified
outputs/stage4/reconstructed_stage3_cond_outputs/reconstruction_verification.csv,outputs/curated/stage3_sde/legacy_or_deprecated/reconstructed_stage3_cond_outputs/reconstructed_stage3_cond_outputs/reconstruction_verification.csv,LEGACY_OR_DEPRECATED,metric_csv,yes,yes,yes,high,conditional-residual Stage 4 branch superseded by SDE mainline,79b6128b111cb2f05659b8ce0cb485931e7fe3c1e96b7763da13389e79c05bfe,79b6128b111cb2f05659b8ce0cb485931e7fe3c1e96b7763da13389e79c05bfe,moved,shutil.move,hash verified
outputs/stage4/stage3_sde_legacy_audit/stage3_sde_legacy_results_index.csv,outputs/curated/stage3_sde/negative_diagnostic/old_sdedit_diagnosis/stage3_sde_legacy_audit/stage3_sde_legacy_audit/stage3_sde_legacy_results_index.csv,NEGATIVE_DIAGNOSTIC,metric_csv,yes,yes,yes,high,legacy SDE/SDEdit audit supporting limitation analysis,fe5234f5747dfe37141a128811725cbf1f0ccf7e43355937acb4bab0bed06e59,fe5234f5747dfe37141a128811725cbf1f0ccf7e43355937acb4bab0bed06e59,moved,shutil.move,hash verified
outputs/stage4/stage3_sdedit_mechanism_diagnosis/figures/representative_gaussian_t2_partial_cache.png,outputs/curated/stage3_sde/negative_diagnostic/old_sdedit_diagnosis/stage3_sdedit_mechanism_diagnosis/figures/representative_gaussian_t2_partial_cache.png,NEGATIVE_DIAGNOSTIC,figure,yes,yes,yes,high,old vanilla SDEdit mechanism/limitation diagnosis,9840919ab9b9d2daaacd4f5d07871660c449e8eab530a0b7cf8166d032c40349,9840919ab9b9d2daaacd4f5d07871660c449e8eab530a0b7cf8166d032c40349,moved,shutil.move,hash verified
outputs/stage4/stage3_sdedit_mechanism_diagnosis/figures/tstart_sweep_diagnostic_summary.png,outputs/curated/stage3_sde/negative_diagnostic/old_sdedit_diagnosis/stage3_sdedit_mechanism_diagnosis/figures/tstart_sweep_diagnostic_summary.png,NEGATIVE_DIAGNOSTIC,figure,yes,yes,yes,high,old vanilla SDEdit mechanism/limitation diagnosis,9d2cb50ff9f5cf3ba2839eb53709fed8ab23a8077b3cdc88c5f06624fd76699a,9d2cb50ff9f5cf3ba2839eb53709fed8ab23a8077b3cdc88c5f06624fd76699a,moved,shutil.move,hash verified
outputs/stage4/stage3_sdedit_mechanism_diagnosis/figures/tstart_sweep_sdedit_gaussian_full_summary.png,outputs/curated/stage3_sde/negative_diagnostic/old_sdedit_diagnosis/stage3_sdedit_mechanism_diagnosis/figures/tstart_sweep_sdedit_gaussian_full_summary.png,NEGATIVE_DIAGNOSTIC,figure,yes,yes,yes,high,old vanilla SDEdit mechanism/limitation diagnosis,dbeb4250d7cd44e037232aa2e14297f372b42083bfcee34c89ba6728e6dbd760,dbeb4250d7cd44e037232aa2e14297f372b42083bfcee34c89ba6728e6dbd760,moved,shutil.move,hash verified
outputs/stage4/stage3_sdedit_mechanism_diagnosis/figures/tstart_sweep_sdedit_scout_results.png,outputs/curated/stage3_sde/negative_diagnostic/old_sdedit_diagnosis/stage3_sdedit_mechanism_diagnosis/figures/tstart_sweep_sdedit_scout_results.png,NEGATIVE_DIAGNOSTIC,figure,yes,yes,yes,high,old vanilla SDEdit mechanism/limitation diagnosis,91662ea2151905c6b85b1752a84f67372fe1b533408bccd00dabd43a1d42d8e8,91662ea2151905c6b85b1752a84f67372fe1b533408bccd00dabd43a1d42d8e8,moved,shutil.move,hash verified
outputs/stage4/stage3_sdedit_mechanism_diagnosis/missing_output_inventory.md,outputs/curated/stage3_sde/negative_diagnostic/old_sdedit_diagnosis/stage3_sdedit_mechanism_diagnosis/stage3_sdedit_mechanism_diagnosis/missing_output_inventory.md,NEGATIVE_DIAGNOSTIC,markdown,yes,yes,yes,high,old vanilla SDEdit mechanism/limitation diagnosis,63a4322a94b8a7e394eefe231a4fc5e7bba02b84e5d22c4e222cbb816ad49846,63a4322a94b8a7e394eefe231a4fc5e7bba02b84e5d22c4e222cbb816ad49846,moved,shutil.move,hash verified
outputs/stage4/stage3_sdedit_mechanism_diagnosis/stage3_sdedit_condition_metrics.csv,outputs/curated/stage3_sde/negative_diagnostic/old_sdedit_diagnosis/stage3_sdedit_mechanism_diagnosis/stage3_sdedit_mechanism_diagnosis/stage3_sdedit_condition_metrics.csv,NEGATIVE_DIAGNOSTIC,metric_csv,yes,yes,yes,high,old vanilla SDEdit mechanism/limitation diagnosis,c70a6182e6f1d9b216d23519595450af91529d697a6cb4e6e424a0e330f3a181,c70a6182e6f1d9b216d23519595450af91529d697a6cb4e6e424a0e330f3a181,moved,shutil.move,hash verified
outputs/stage4/stage3_sdedit_mechanism_diagnosis/stage3_sdedit_confidence_bin_metrics.csv,outputs/curated/stage3_sde/negative_diagnostic/old_sdedit_diagnosis/stage3_sdedit_mechanism_diagnosis/stage3_sdedit_mechanism_diagnosis/stage3_sdedit_confidence_bin_metrics.csv,NEGATIVE_DIAGNOSTIC,metric_csv,yes,yes,yes,high,old vanilla SDEdit mechanism/limitation diagnosis,a48de7d3a2c0bb5c78b094e664222bb76746f9348b624980502930d25a9f7fa0,a48de7d3a2c0bb5c78b094e664222bb76746f9348b624980502930d25a9f7fa0,moved,shutil.move,hash verified
outputs/stage4/stage3_sdedit_mechanism_diagnosis/stage3_sdedit_mechanism_summary.md,outputs/curated/stage3_sde/negative_diagnostic/old_sdedit_diagnosis/stage3_sdedit_mechanism_diagnosis/stage3_sdedit_mechanism_diagnosis/stage3_sdedit_mechanism_summary.md,NEGATIVE_DIAGNOSTIC,markdown,yes,yes,yes,high,old vanilla SDEdit mechanism/limitation diagnosis,073cc10f4207a713734d655b4536175816b92499f320be223d4111d29affe2e1,073cc10f4207a713734d655b4536175816b92499f320be223d4111d29affe2e1,moved,shutil.move,hash verified
outputs/stage4/stage3_sdedit_mechanism_diagnosis/stage3_sdedit_output_inventory.md,outputs/curated/stage3_sde/negative_diagnostic/old_sdedit_diagnosis/stage3_sdedit_mechanism_diagnosis/stage3_sdedit_mechanism_diagnosis/stage3_sdedit_output_inventory.md,NEGATIVE_DIAGNOSTIC,markdown,yes,yes,yes,high,old vanilla SDEdit mechanism/limitation diagnosis,f884b21ecf69bfa2ce075ed95d5ee06508be3de6caa5ca151c9d921ccbabc51b,f884b21ecf69bfa2ce075ed95d5ee06508be3de6caa5ca151c9d921ccbabc51b,moved,shutil.move,hash verified
outputs/stage4/stage3_sdedit_mechanism_diagnosis/stage3_sdedit_prior_sample_diagnostics.csv,outputs/curated/stage3_sde/negative_diagnostic/old_sdedit_diagnosis/stage3_sdedit_mechanism_diagnosis/stage3_sdedit_mechanism_diagnosis/stage3_sdedit_prior_sample_diagnostics.csv,NEGATIVE_DIAGNOSTIC,metric_csv,yes,yes,yes,high,old vanilla SDEdit mechanism/limitation diagnosis,4e61284c60ddf7cd8fa6b909d178d27d2e7f71429cc2883b5ed01ac16429dc63,4e61284c60ddf7cd8fa6b909d178d27d2e7f71429cc2883b5ed01ac16429dc63,moved,shutil.move,hash verified
outputs/stage4/stage3_sdedit_mechanism_diagnosis/stage3_sdedit_tstart_sweep.csv,outputs/curated/stage3_sde/negative_diagnostic/old_sdedit_diagnosis/stage3_sdedit_mechanism_diagnosis/stage3_sdedit_mechanism_diagnosis/stage3_sdedit_tstart_sweep.csv,NEGATIVE_DIAGNOSTIC,metric_csv,yes,yes,yes,high,old vanilla SDEdit mechanism/limitation diagnosis,aa779092e39e74891511162b2feadbf2b577fabe3e87cbe89362e3d6d25e0410,aa779092e39e74891511162b2feadbf2b577fabe3e87cbe89362e3d6d25e0410,moved,shutil.move,hash verified
outputs/stage4/stage3_sdedit_tstart123_confidence_hardfusion/arrays/bias_medium_clean.npy,outputs/curated/stage3_sde/mainline/arrays/stage3_sdedit_tstart123_confidence_hardfusion/bias_medium_clean.npy,MAINLINE_STAGE3_SDE,array,yes,yes,yes,high,mechanism cache for vanilla SDEdit plus confidence-aware hard-threshold fusion,7723fe26f38a910dfaa80cbddee01e4b27b0819fe67393e41a0767abd403426c,7723fe26f38a910dfaa80cbddee01e4b27b0819fe67393e41a0767abd403426c,moved,shutil.move,hash verified
outputs/stage4/stage3_sdedit_tstart123_confidence_hardfusion/arrays/bias_medium_confidence.npy,outputs/curated/stage3_sde/mainline/arrays/stage3_sdedit_tstart123_confidence_hardfusion/bias_medium_confidence.npy,MAINLINE_STAGE3_SDE,array,yes,yes,yes,high,mechanism cache for vanilla SDEdit plus confidence-aware hard-threshold fusion,7d8ab4e4f8debcd5addb87271a1d4344d1b33b87df65aceb500a85aa7d6caa1b,7d8ab4e4f8debcd5addb87271a1d4344d1b33b87df65aceb500a85aa7d6caa1b,moved,shutil.move,hash verified
outputs/stage4/stage3_sdedit_tstart123_confidence_hardfusion/arrays/bias_medium_degraded.npy,outputs/curated/stage3_sde/mainline/arrays/stage3_sdedit_tstart123_confidence_hardfusion/bias_medium_degraded.npy,MAINLINE_STAGE3_SDE,array,yes,yes,yes,high,mechanism cache for vanilla SDEdit plus confidence-aware hard-threshold fusion,cc6ccdab0ef14b177c3fd8ef2fc9fd1885db1a60a14a6e056daa5269f0523470,cc6ccdab0ef14b177c3fd8ef2fc9fd1885db1a60a14a6e056daa5269f0523470,moved,shutil.move,hash verified
outputs/stage4/stage3_sdedit_tstart123_confidence_hardfusion/arrays/bias_medium_fused_tau05_gamma1.npy,outputs/curated/stage3_sde/mainline/arrays/stage3_sdedit_tstart123_confidence_hardfusion/bias_medium_fused_tau05_gamma1.npy,MAINLINE_STAGE3_SDE,array,yes,yes,yes,high,mechanism cache for vanilla SDEdit plus confidence-aware hard-threshold fusion,9182994bcc846ff9fed910621d38eb60dab6539b7eab426f5eb24f8932d31ec0,9182994bcc846ff9fed910621d38eb60dab6539b7eab426f5eb24f8932d31ec0,moved,shutil.move,hash verified
outputs/stage4/stage3_sdedit_tstart123_confidence_hardfusion/arrays/bias_medium_fused_tau05_gamma2.npy,outputs/curated/stage3_sde/mainline/arrays/stage3_sdedit_tstart123_confidence_hardfusion/bias_medium_fused_tau05_gamma2.npy,MAINLINE_STAGE3_SDE,array,yes,yes,yes,high,mechanism cache for vanilla SDEdit plus confidence-aware hard-threshold fusion,d8ff4b92e45ac580ec1f734f4bbe28c70406e9ef5f7d23fdb17ea0a2262ce5da,d8ff4b92e45ac580ec1f734f4bbe28c70406e9ef5f7d23fdb17ea0a2262ce5da,moved,shutil.move,hash verified
outputs/stage4/stage3_sdedit_tstart123_confidence_hardfusion/arrays/bias_medium_fused_tau07_gamma1.npy,outputs/curated/stage3_sde/mainline/arrays/stage3_sdedit_tstart123_confidence_hardfusion/bias_medium_fused_tau07_gamma1.npy,MAINLINE_STAGE3_SDE,array,yes,yes,yes,high,mechanism cache for vanilla SDEdit plus confidence-aware hard-threshold fusion,6f28794f2a42a8ea2bfd62d2ba86582abffd046a8206a6d2ea06401470aff648,6f28794f2a42a8ea2bfd62d2ba86582abffd046a8206a6d2ea06401470aff648,moved,shutil.move,hash verified
outputs/stage4/stage3_sdedit_tstart123_confidence_hardfusion/arrays/bias_medium_fused_tau07_gamma2.npy,outputs/curated/stage3_sde/mainline/arrays/stage3_sdedit_tstart123_confidence_hardfusion/bias_medium_fused_tau07_gamma2.npy,MAINLINE_STAGE3_SDE,array,yes,yes,yes,high,mechanism cache for vanilla SDEdit plus confidence-aware hard-threshold fusion,31213cc097f2deb84b195648befe885dcfbb4cb536edb2f8fc52289b5d2962ab,31213cc097f2deb84b195648befe885dcfbb4cb536edb2f8fc52289b5d2962ab,moved,shutil.move,hash verified
outputs/stage4/stage3_sdedit_tstart123_confidence_hardfusion/arrays/bias_medium_fused_tau09_gamma1.npy,outputs/curated/stage3_sde/mainline/arrays/stage3_sdedit_tstart123_confidence_hardfusion/bias_medium_fused_tau09_gamma1.npy,MAINLINE_STAGE3_SDE,array,yes,yes,yes,high,mechanism cache for vanilla SDEdit plus confidence-aware hard-threshold fusion,d7328a9eb4113703fd51d868c53bfbea3746cd3023804aa74db6e7d9dda7fa2c,d7328a9eb4113703fd51d868c53bfbea3746cd3023804aa74db6e7d9dda7fa2c,moved,shutil.move,hash verified
outputs/stage4/stage3_sdedit_tstart123_confidence_hardfusion/arrays/bias_medium_fused_tau09_gamma2.npy,outputs/curated/stage3_sde/mainline/arrays/stage3_sdedit_tstart123_confidence_hardfusion/bias_medium_fused_tau09_gamma2.npy,MAINLINE_STAGE3_SDE,array,yes,yes,yes,high,mechanism cache for vanilla SDEdit plus confidence-aware hard-threshold fusion,d70f141932309d2071a6557ca42666d90a2c9ac0f38a2f83b2e5d8065e55dfd4,d70f141932309d2071a6557ca42666d90a2c9ac0f38a2f83b2e5d8065e55dfd4,moved,shutil.move,hash verified
outputs/stage4/stage3_sdedit_tstart123_confidence_hardfusion/arrays/bias_medium_sdedit_t1.npy,outputs/curated/stage3_sde/mainline/arrays/stage3_sdedit_tstart123_confidence_hardfusion/bias_medium_sdedit_t1.npy,MAINLINE_STAGE3_SDE,array,yes,yes,yes,high,mechanism cache for vanilla SDEdit plus confidence-aware hard-threshold fusion,ffed62cfbe6628c109381cd4e40d1f03d0ce4c28955ec1eac537667d25c64b70,ffed62cfbe6628c109381cd4e40d1f03d0ce4c28955ec1eac537667d25c64b70,moved,shutil.move,hash verified
outputs/stage4/stage3_sdedit_tstart123_confidence_hardfusion/arrays/bias_medium_sdedit_t2.npy,outputs/curated/stage3_sde/mainline/arrays/stage3_sdedit_tstart123_confidence_hardfusion/bias_medium_sdedit_t2.npy,MAINLINE_STAGE3_SDE,array,yes,yes,yes,high,mechanism cache for vanilla SDEdit plus confidence-aware hard-threshold fusion,bf29e9d0689f2f152e170cebd91ca549b7ce6534b54ec67741feb0302588267b,bf29e9d0689f2f152e170cebd91ca549b7ce6534b54ec67741feb0302588267b,moved,shutil.move,hash verified
outputs/stage4/stage3_sdedit_tstart123_confidence_hardfusion/arrays/bias_medium_sdedit_t3.npy,outputs/curated/stage3_sde/mainline/arrays/stage3_sdedit_tstart123_confidence_hardfusion/bias_medium_sdedit_t3.npy,MAINLINE_STAGE3_SDE,array,yes,yes,yes,high,mechanism cache for vanilla SDEdit plus confidence-aware hard-threshold fusion,7ca1f4368a74dd8c2a98becda36d642ad943ec3168af5503955400cf4fb182ad,7ca1f4368a74dd8c2a98becda36d642ad943ec3168af5503955400cf4fb182ad,moved,shutil.move,hash verified
outputs/stage4/stage3_sdedit_tstart123_confidence_hardfusion/arrays/burst_medium_clean.npy,outputs/curated/stage3_sde/mainline/arrays/stage3_sdedit_tstart123_confidence_hardfusion/burst_medium_clean.npy,MAINLINE_STAGE3_SDE,array,yes,yes,yes,high,mechanism cache for vanilla SDEdit plus confidence-aware hard-threshold fusion,7723fe26f38a910dfaa80cbddee01e4b27b0819fe67393e41a0767abd403426c,7723fe26f38a910dfaa80cbddee01e4b27b0819fe67393e41a0767abd403426c,moved,shutil.move,hash verified
outputs/stage4/stage3_sdedit_tstart123_confidence_hardfusion/arrays/burst_medium_confidence.npy,outputs/curated/stage3_sde/mainline/arrays/stage3_sdedit_tstart123_confidence_hardfusion/burst_medium_confidence.npy,MAINLINE_STAGE3_SDE,array,yes,yes,yes,high,mechanism cache for vanilla SDEdit plus confidence-aware hard-threshold fusion,626f98e192e849fb5127d12d0fdf76b7277c389a747f43a217852a7b81b03829,626f98e192e849fb5127d12d0fdf76b7277c389a747f43a217852a7b81b03829,moved,shutil.move,hash verified
outputs/stage4/stage3_sdedit_tstart123_confidence_hardfusion/arrays/burst_medium_degraded.npy,outputs/curated/stage3_sde/mainline/arrays/stage3_sdedit_tstart123_confidence_hardfusion/burst_medium_degraded.npy,MAINLINE_STAGE3_SDE,array,yes,yes,yes,high,mechanism cache for vanilla SDEdit plus confidence-aware hard-threshold fusion,53e1fc90350fd2a90c6b4973f5fbf19b56da32a26003dbc03b7da38b153b1a73,53e1fc90350fd2a90c6b4973f5fbf19b56da32a26003dbc03b7da38b153b1a73,moved,shutil.move,hash verified
outputs/stage4/stage3_sdedit_tstart123_confidence_hardfusion/arrays/burst_medium_fused_tau05_gamma1.npy,outputs/curated/stage3_sde/mainline/arrays/stage3_sdedit_tstart123_confidence_hardfusion/burst_medium_fused_tau05_gamma1.npy,MAINLINE_STAGE3_SDE,array,yes,yes,yes,high,mechanism cache for vanilla SDEdit plus confidence-aware hard-threshold fusion,cb5e1bd25ac14ebc9ccd98ce618fc9f8b9bb235d97da1c1753a329bfd20bb48d,cb5e1bd25ac14ebc9ccd98ce618fc9f8b9bb235d97da1c1753a329bfd20bb48d,moved,shutil.move,hash verified
outputs/stage4/stage3_sdedit_tstart123_confidence_hardfusion/arrays/burst_medium_fused_tau05_gamma2.npy,outputs/curated/stage3_sde/mainline/arrays/stage3_sdedit_tstart123_confidence_hardfusion/burst_medium_fused_tau05_gamma2.npy,MAINLINE_STAGE3_SDE,array,yes,yes,yes,high,mechanism cache for vanilla SDEdit plus confidence-aware hard-threshold fusion,b59eb39bbb5d3441c5168d63bb5716e199d7fe91029ffc261c102c0f3f5dbe58,b59eb39bbb5d3441c5168d63bb5716e199d7fe91029ffc261c102c0f3f5dbe58,moved,shutil.move,hash verified
outputs/stage4/stage3_sdedit_tstart123_confidence_hardfusion/arrays/burst_medium_fused_tau07_gamma1.npy,outputs/curated/stage3_sde/mainline/arrays/stage3_sdedit_tstart123_confidence_hardfusion/burst_medium_fused_tau07_gamma1.npy,MAINLINE_STAGE3_SDE,array,yes,yes,yes,high,mechanism cache for vanilla SDEdit plus confidence-aware hard-threshold fusion,ea762a1c27c2c43df809831b698ce16a9b7dfadf1a15e15eb62dd7e20ae0040a,ea762a1c27c2c43df809831b698ce16a9b7dfadf1a15e15eb62dd7e20ae0040a,moved,shutil.move,hash verified
outputs/stage4/stage3_sdedit_tstart123_confidence_hardfusion/arrays/burst_medium_fused_tau07_gamma2.npy,outputs/curated/stage3_sde/mainline/arrays/stage3_sdedit_tstart123_confidence_hardfusion/burst_medium_fused_tau07_gamma2.npy,MAINLINE_STAGE3_SDE,array,yes,yes,yes,high,mechanism cache for vanilla SDEdit plus confidence-aware hard-threshold fusion,225a666e70bc751e92d8bc8511c642405a29d19e38cdd380b4b758d7baa5a0cf,225a666e70bc751e92d8bc8511c642405a29d19e38cdd380b4b758d7baa5a0cf,moved,shutil.move,hash verified
outputs/stage4/stage3_sdedit_tstart123_confidence_hardfusion/arrays/burst_medium_fused_tau09_gamma1.npy,outputs/curated/stage3_sde/mainline/arrays/stage3_sdedit_tstart123_confidence_hardfusion/burst_medium_fused_tau09_gamma1.npy,MAINLINE_STAGE3_SDE,array,yes,yes,yes,high,mechanism cache for vanilla SDEdit plus confidence-aware hard-threshold fusion,701285c6b80425dd7fcb5c4e616e724aff5682de6fa99f27843dc3a78c74d7f5,701285c6b80425dd7fcb5c4e616e724aff5682de6fa99f27843dc3a78c74d7f5,moved,shutil.move,hash verified
outputs/stage4/stage3_sdedit_tstart123_confidence_hardfusion/arrays/burst_medium_fused_tau09_gamma2.npy,outputs/curated/stage3_sde/mainline/arrays/stage3_sdedit_tstart123_confidence_hardfusion/burst_medium_fused_tau09_gamma2.npy,MAINLINE_STAGE3_SDE,array,yes,yes,yes,high,mechanism cache for vanilla SDEdit plus confidence-aware hard-threshold fusion,ed427b61936dfda929c17b96c4c3f6ad3cf0f22045dd40a6294c70e2869232db,ed427b61936dfda929c17b96c4c3f6ad3cf0f22045dd40a6294c70e2869232db,moved,shutil.move,hash verified
outputs/stage4/stage3_sdedit_tstart123_confidence_hardfusion/arrays/burst_medium_sdedit_t1.npy,outputs/curated/stage3_sde/mainline/arrays/stage3_sdedit_tstart123_confidence_hardfusion/burst_medium_sdedit_t1.npy,MAINLINE_STAGE3_SDE,array,yes,yes,yes,high,mechanism cache for vanilla SDEdit plus confidence-aware hard-threshold fusion,e572cd854f68f818b25a4008b6cc7595a03b3668a3aab3ef389012ce774111be,e572cd854f68f818b25a4008b6cc7595a03b3668a3aab3ef389012ce774111be,moved,shutil.move,hash verified
outputs/stage4/stage3_sdedit_tstart123_confidence_hardfusion/arrays/burst_medium_sdedit_t2.npy,outputs/curated/stage3_sde/mainline/arrays/stage3_sdedit_tstart123_confidence_hardfusion/burst_medium_sdedit_t2.npy,MAINLINE_STAGE3_SDE,array,yes,yes,yes,high,mechanism cache for vanilla SDEdit plus confidence-aware hard-threshold fusion,1206983c30ab3792169e763dbc040f57163044ad1ec5dd4c4fb58803d00f6dfb,1206983c30ab3792169e763dbc040f57163044ad1ec5dd4c4fb58803d00f6dfb,moved,shutil.move,hash verified
outputs/stage4/stage3_sdedit_tstart123_confidence_hardfusion/arrays/burst_medium_sdedit_t3.npy,outputs/curated/stage3_sde/mainline/arrays/stage3_sdedit_tstart123_confidence_hardfusion/burst_medium_sdedit_t3.npy,MAINLINE_STAGE3_SDE,array,yes,yes,yes,high,mechanism cache for vanilla SDEdit plus confidence-aware hard-threshold fusion,6ebe838458e9cabece32a67bccdb0ac24888d919ebe6d1e572ea09cf1f2d64ee,6ebe838458e9cabece32a67bccdb0ac24888d919ebe6d1e572ea09cf1f2d64ee,moved,shutil.move,hash verified
outputs/stage4/stage3_sdedit_tstart123_confidence_hardfusion/arrays/combined_medium_clean.npy,outputs/curated/stage3_sde/mainline/arrays/stage3_sdedit_tstart123_confidence_hardfusion/combined_medium_clean.npy,MAINLINE_STAGE3_SDE,array,yes,yes,yes,high,mechanism cache for vanilla SDEdit plus confidence-aware hard-threshold fusion,7723fe26f38a910dfaa80cbddee01e4b27b0819fe67393e41a0767abd403426c,7723fe26f38a910dfaa80cbddee01e4b27b0819fe67393e41a0767abd403426c,moved,shutil.move,hash verified
outputs/stage4/stage3_sdedit_tstart123_confidence_hardfusion/arrays/combined_medium_confidence.npy,outputs/curated/stage3_sde/mainline/arrays/stage3_sdedit_tstart123_confidence_hardfusion/combined_medium_confidence.npy,MAINLINE_STAGE3_SDE,array,yes,yes,yes,high,mechanism cache for vanilla SDEdit plus confidence-aware hard-threshold fusion,90337503f294e128c43bfc60964cdfa474a2ee534bf67859247e56822a09be5e,90337503f294e128c43bfc60964cdfa474a2ee534bf67859247e56822a09be5e,moved,shutil.move,hash verified
outputs/stage4/stage3_sdedit_tstart123_confidence_hardfusion/arrays/combined_medium_degraded.npy,outputs/curated/stage3_sde/mainline/arrays/stage3_sdedit_tstart123_confidence_hardfusion/combined_medium_degraded.npy,MAINLINE_STAGE3_SDE,array,yes,yes,yes,high,mechanism cache for vanilla SDEdit plus confidence-aware hard-threshold fusion,3290b004708fd5f9329de2bc6f001d7eccfe000c2ace827040c026910b9dcdef,3290b004708fd5f9329de2bc6f001d7eccfe000c2ace827040c026910b9dcdef,moved,shutil.move,hash verified
outputs/stage4/stage3_sdedit_tstart123_confidence_hardfusion/arrays/combined_medium_fused_tau05_gamma1.npy,outputs/curated/stage3_sde/mainline/arrays/stage3_sdedit_tstart123_confidence_hardfusion/combined_medium_fused_tau05_gamma1.npy,MAINLINE_STAGE3_SDE,array,yes,yes,yes,high,mechanism cache for vanilla SDEdit plus confidence-aware hard-threshold fusion,e76ab1ce390ee641cf7eb51fd68225031e8c0491317a17bb663e0a22d9d6ad39,e76ab1ce390ee641cf7eb51fd68225031e8c0491317a17bb663e0a22d9d6ad39,moved,shutil.move,hash verified
outputs/stage4/stage3_sdedit_tstart123_confidence_hardfusion/arrays/combined_medium_fused_tau05_gamma2.npy,outputs/curated/stage3_sde/mainline/arrays/stage3_sdedit_tstart123_confidence_hardfusion/combined_medium_fused_tau05_gamma2.npy,MAINLINE_STAGE3_SDE,array,yes,yes,yes,high,mechanism cache for vanilla SDEdit plus confidence-aware hard-threshold fusion,925293d043e17c1bd4735d8abbf6598abe71d29b70708e48b367221022b26cd9,925293d043e17c1bd4735d8abbf6598abe71d29b70708e48b367221022b26cd9,moved,shutil.move,hash verified
outputs/stage4/stage3_sdedit_tstart123_confidence_hardfusion/arrays/combined_medium_fused_tau07_gamma1.npy,outputs/curated/stage3_sde/mainline/arrays/stage3_sdedit_tstart123_confidence_hardfusion/combined_medium_fused_tau07_gamma1.npy,MAINLINE_STAGE3_SDE,array,yes,yes,yes,high,mechanism cache for vanilla SDEdit plus confidence-aware hard-threshold fusion,ac6438559dda895e2535ea2b0916c170d2bf6ddbce3855c1041840d2b01be5a4,ac6438559dda895e2535ea2b0916c170d2bf6ddbce3855c1041840d2b01be5a4,moved,shutil.move,hash verified
outputs/stage4/stage3_sdedit_tstart123_confidence_hardfusion/arrays/combined_medium_fused_tau07_gamma2.npy,outputs/curated/stage3_sde/mainline/arrays/stage3_sdedit_tstart123_confidence_hardfusion/combined_medium_fused_tau07_gamma2.npy,MAINLINE_STAGE3_SDE,array,yes,yes,yes,high,mechanism cache for vanilla SDEdit plus confidence-aware hard-threshold fusion,daffd22ab419e40282da86e1cdd691d4961ee48eb5e56ae9239a3919daca3b3d,daffd22ab419e40282da86e1cdd691d4961ee48eb5e56ae9239a3919daca3b3d,moved,shutil.move,hash verified
outputs/stage4/stage3_sdedit_tstart123_confidence_hardfusion/arrays/combined_medium_fused_tau09_gamma1.npy,outputs/curated/stage3_sde/mainline/arrays/stage3_sdedit_tstart123_confidence_hardfusion/combined_medium_fused_tau09_gamma1.npy,MAINLINE_STAGE3_SDE,array,yes,yes,yes,high,mechanism cache for vanilla SDEdit plus confidence-aware hard-threshold fusion,7d73a056b2e2ad1e44ff657b5d34ca767e1ea4741332b15510a41f8fd32afb99,7d73a056b2e2ad1e44ff657b5d34ca767e1ea4741332b15510a41f8fd32afb99,moved,shutil.move,hash verified
outputs/stage4/stage3_sdedit_tstart123_confidence_hardfusion/arrays/combined_medium_fused_tau09_gamma2.npy,outputs/curated/stage3_sde/mainline/arrays/stage3_sdedit_tstart123_confidence_hardfusion/combined_medium_fused_tau09_gamma2.npy,MAINLINE_STAGE3_SDE,array,yes,yes,yes,high,mechanism cache for vanilla SDEdit plus confidence-aware hard-threshold fusion,b0fcc12d77ef21460a4d8fd1ad68269e6e220786d57aefeeceeabd262616745e,b0fcc12d77ef21460a4d8fd1ad68269e6e220786d57aefeeceeabd262616745e,moved,shutil.move,hash verified
outputs/stage4/stage3_sdedit_tstart123_confidence_hardfusion/arrays/combined_medium_sdedit_t1.npy,outputs/curated/stage3_sde/mainline/arrays/stage3_sdedit_tstart123_confidence_hardfusion/combined_medium_sdedit_t1.npy,MAINLINE_STAGE3_SDE,array,yes,yes,yes,high,mechanism cache for vanilla SDEdit plus confidence-aware hard-threshold fusion,46c452de455c2e4e611f4a49a4284197f1eff852a99e4e2487eac8fe0b868f20,46c452de455c2e4e611f4a49a4284197f1eff852a99e4e2487eac8fe0b868f20,moved,shutil.move,hash verified
outputs/stage4/stage3_sdedit_tstart123_confidence_hardfusion/arrays/combined_medium_sdedit_t2.npy,outputs/curated/stage3_sde/mainline/arrays/stage3_sdedit_tstart123_confidence_hardfusion/combined_medium_sdedit_t2.npy,MAINLINE_STAGE3_SDE,array,yes,yes,yes,high,mechanism cache for vanilla SDEdit plus confidence-aware hard-threshold fusion,40bfb9c59b3d93af4a656a2f20bbb7211f09967594e46c7715224ce758fe6e55,40bfb9c59b3d93af4a656a2f20bbb7211f09967594e46c7715224ce758fe6e55,moved,shutil.move,hash verified
outputs/stage4/stage3_sdedit_tstart123_confidence_hardfusion/arrays/combined_medium_sdedit_t3.npy,outputs/curated/stage3_sde/mainline/arrays/stage3_sdedit_tstart123_confidence_hardfusion/combined_medium_sdedit_t3.npy,MAINLINE_STAGE3_SDE,array,yes,yes,yes,high,mechanism cache for vanilla SDEdit plus confidence-aware hard-threshold fusion,8033f95d8d5c2824aedaa04caa0016525c5dd9182d6c0606cd5d5b7a002c3a90,8033f95d8d5c2824aedaa04caa0016525c5dd9182d6c0606cd5d5b7a002c3a90,moved,shutil.move,hash verified
outputs/stage4/stage3_sdedit_tstart123_confidence_hardfusion/arrays/drift_medium_clean.npy,outputs/curated/stage3_sde/mainline/arrays/stage3_sdedit_tstart123_confidence_hardfusion/drift_medium_clean.npy,MAINLINE_STAGE3_SDE,array,yes,yes,yes,high,mechanism cache for vanilla SDEdit plus confidence-aware hard-threshold fusion,7723fe26f38a910dfaa80cbddee01e4b27b0819fe67393e41a0767abd403426c,7723fe26f38a910dfaa80cbddee01e4b27b0819fe67393e41a0767abd403426c,moved,shutil.move,hash verified
outputs/stage4/stage3_sdedit_tstart123_confidence_hardfusion/arrays/drift_medium_confidence.npy,outputs/curated/stage3_sde/mainline/arrays/stage3_sdedit_tstart123_confidence_hardfusion/drift_medium_confidence.npy,MAINLINE_STAGE3_SDE,array,yes,yes,yes,high,mechanism cache for vanilla SDEdit plus confidence-aware hard-threshold fusion,98e44c6dcada21fd23625345169cfc206ebd2df662b493e34ef92c994badbb3d,98e44c6dcada21fd23625345169cfc206ebd2df662b493e34ef92c994badbb3d,moved,shutil.move,hash verified
outputs/stage4/stage3_sdedit_tstart123_confidence_hardfusion/arrays/drift_medium_degraded.npy,outputs/curated/stage3_sde/mainline/arrays/stage3_sdedit_tstart123_confidence_hardfusion/drift_medium_degraded.npy,MAINLINE_STAGE3_SDE,array,yes,yes,yes,high,mechanism cache for vanilla SDEdit plus confidence-aware hard-threshold fusion,6bb80f3a14f6fb7feae4beaea777c2c94169e57cc2c8c55673a995e2e505567c,6bb80f3a14f6fb7feae4beaea777c2c94169e57cc2c8c55673a995e2e505567c,moved,shutil.move,hash verified
outputs/stage4/stage3_sdedit_tstart123_confidence_hardfusion/arrays/drift_medium_fused_tau05_gamma1.npy,outputs/curated/stage3_sde/mainline/arrays/stage3_sdedit_tstart123_confidence_hardfusion/drift_medium_fused_tau05_gamma1.npy,MAINLINE_STAGE3_SDE,array,yes,yes,yes,high,mechanism cache for vanilla SDEdit plus confidence-aware hard-threshold fusion,5ec3ef2c2ccf90cb2bc624790730de91a641c1559f409e60c7140c2922b88896,5ec3ef2c2ccf90cb2bc624790730de91a641c1559f409e60c7140c2922b88896,moved,shutil.move,hash verified
outputs/stage4/stage3_sdedit_tstart123_confidence_hardfusion/arrays/drift_medium_fused_tau05_gamma2.npy,outputs/curated/stage3_sde/mainline/arrays/stage3_sdedit_tstart123_confidence_hardfusion/drift_medium_fused_tau05_gamma2.npy,MAINLINE_STAGE3_SDE,array,yes,yes,yes,high,mechanism cache for vanilla SDEdit plus confidence-aware hard-threshold fusion,94597c5f72bda771a9d1ab7c1ac37fc2e24ffdfcc014c6071d89fd13f191e61f,94597c5f72bda771a9d1ab7c1ac37fc2e24ffdfcc014c6071d89fd13f191e61f,moved,shutil.move,hash verified
outputs/stage4/stage3_sdedit_tstart123_confidence_hardfusion/arrays/drift_medium_fused_tau07_gamma1.npy,outputs/curated/stage3_sde/mainline/arrays/stage3_sdedit_tstart123_confidence_hardfusion/drift_medium_fused_tau07_gamma1.npy,MAINLINE_STAGE3_SDE,array,yes,yes,yes,high,mechanism cache for vanilla SDEdit plus confidence-aware hard-threshold fusion,0a69cf579d82ce312ec2635de94d20a9f0531d706940fd0d6194819dbb5f9d3f,0a69cf579d82ce312ec2635de94d20a9f0531d706940fd0d6194819dbb5f9d3f,moved,shutil.move,hash verified
outputs/stage4/stage3_sdedit_tstart123_confidence_hardfusion/arrays/drift_medium_fused_tau07_gamma2.npy,outputs/curated/stage3_sde/mainline/arrays/stage3_sdedit_tstart123_confidence_hardfusion/drift_medium_fused_tau07_gamma2.npy,MAINLINE_STAGE3_SDE,array,yes,yes,yes,high,mechanism cache for vanilla SDEdit plus confidence-aware hard-threshold fusion,82ce0da39965b8fd80fc49d1b0eb65c7d74c29cb6e03cd2b564541a754bb6f7e,82ce0da39965b8fd80fc49d1b0eb65c7d74c29cb6e03cd2b564541a754bb6f7e,moved,shutil.move,hash verified
outputs/stage4/stage3_sdedit_tstart123_confidence_hardfusion/arrays/drift_medium_fused_tau09_gamma1.npy,outputs/curated/stage3_sde/mainline/arrays/stage3_sdedit_tstart123_confidence_hardfusion/drift_medium_fused_tau09_gamma1.npy,MAINLINE_STAGE3_SDE,array,yes,yes,yes,high,mechanism cache for vanilla SDEdit plus confidence-aware hard-threshold fusion,e8050bc3aff2b7f893f143ea9c8d570120935af123bb59a7184bba33759aabe5,e8050bc3aff2b7f893f143ea9c8d570120935af123bb59a7184bba33759aabe5,moved,shutil.move,hash verified
outputs/stage4/stage3_sdedit_tstart123_confidence_hardfusion/arrays/drift_medium_fused_tau09_gamma2.npy,outputs/curated/stage3_sde/mainline/arrays/stage3_sdedit_tstart123_confidence_hardfusion/drift_medium_fused_tau09_gamma2.npy,MAINLINE_STAGE3_SDE,array,yes,yes,yes,high,mechanism cache for vanilla SDEdit plus confidence-aware hard-threshold fusion,e66fda6cea7fe981b5b96e22a4db61fe8b9c87f635851d9f6444be48b598af9a,e66fda6cea7fe981b5b96e22a4db61fe8b9c87f635851d9f6444be48b598af9a,moved,shutil.move,hash verified
outputs/stage4/stage3_sdedit_tstart123_confidence_hardfusion/arrays/drift_medium_sdedit_t1.npy,outputs/curated/stage3_sde/mainline/arrays/stage3_sdedit_tstart123_confidence_hardfusion/drift_medium_sdedit_t1.npy,MAINLINE_STAGE3_SDE,array,yes,yes,yes,high,mechanism cache for vanilla SDEdit plus confidence-aware hard-threshold fusion,870d69fc8af4a4689b9c5cb21cd64518d9f9f2a4fedda4fd1aab07ff02def2db,870d69fc8af4a4689b9c5cb21cd64518d9f9f2a4fedda4fd1aab07ff02def2db,moved,shutil.move,hash verified
outputs/stage4/stage3_sdedit_tstart123_confidence_hardfusion/arrays/drift_medium_sdedit_t2.npy,outputs/curated/stage3_sde/mainline/arrays/stage3_sdedit_tstart123_confidence_hardfusion/drift_medium_sdedit_t2.npy,MAINLINE_STAGE3_SDE,array,yes,yes,yes,high,mechanism cache for vanilla SDEdit plus confidence-aware hard-threshold fusion,d73175bc5c88e2c993478ca33f8fcb9ae98fc8430aac453718eac34202ced9e3,d73175bc5c88e2c993478ca33f8fcb9ae98fc8430aac453718eac34202ced9e3,moved,shutil.move,hash verified
outputs/stage4/stage3_sdedit_tstart123_confidence_hardfusion/arrays/drift_medium_sdedit_t3.npy,outputs/curated/stage3_sde/mainline/arrays/stage3_sdedit_tstart123_confidence_hardfusion/drift_medium_sdedit_t3.npy,MAINLINE_STAGE3_SDE,array,yes,yes,yes,high,mechanism cache for vanilla SDEdit plus confidence-aware hard-threshold fusion,285afdcfdb116b9b294dfafed51e6b24e989f136285d1bd4de428ef6f013238b,285afdcfdb116b9b294dfafed51e6b24e989f136285d1bd4de428ef6f013238b,moved,shutil.move,hash verified
outputs/stage4/stage3_sdedit_tstart123_confidence_hardfusion/arrays/gaussian_medium_clean.npy,outputs/curated/stage3_sde/mainline/arrays/stage3_sdedit_tstart123_confidence_hardfusion/gaussian_medium_clean.npy,MAINLINE_STAGE3_SDE,array,yes,yes,yes,high,mechanism cache for vanilla SDEdit plus confidence-aware hard-threshold fusion,7723fe26f38a910dfaa80cbddee01e4b27b0819fe67393e41a0767abd403426c,7723fe26f38a910dfaa80cbddee01e4b27b0819fe67393e41a0767abd403426c,moved,shutil.move,hash verified
outputs/stage4/stage3_sdedit_tstart123_confidence_hardfusion/arrays/gaussian_medium_confidence.npy,outputs/curated/stage3_sde/mainline/arrays/stage3_sdedit_tstart123_confidence_hardfusion/gaussian_medium_confidence.npy,MAINLINE_STAGE3_SDE,array,yes,yes,yes,high,mechanism cache for vanilla SDEdit plus confidence-aware hard-threshold fusion,a492c52ea152c03a1b8dfd0eec0ac6bcf68267ecd2af63973393ec593ce29319,a492c52ea152c03a1b8dfd0eec0ac6bcf68267ecd2af63973393ec593ce29319,moved,shutil.move,hash verified
outputs/stage4/stage3_sdedit_tstart123_confidence_hardfusion/arrays/gaussian_medium_degraded.npy,outputs/curated/stage3_sde/mainline/arrays/stage3_sdedit_tstart123_confidence_hardfusion/gaussian_medium_degraded.npy,MAINLINE_STAGE3_SDE,array,yes,yes,yes,high,mechanism cache for vanilla SDEdit plus confidence-aware hard-threshold fusion,ef5d2cc235d66bd106b8b07d3257ddb77a05cca140512618503228a98a38f220,ef5d2cc235d66bd106b8b07d3257ddb77a05cca140512618503228a98a38f220,moved,shutil.move,hash verified
outputs/stage4/stage3_sdedit_tstart123_confidence_hardfusion/arrays/gaussian_medium_fused_tau05_gamma1.npy,outputs/curated/stage3_sde/mainline/arrays/stage3_sdedit_tstart123_confidence_hardfusion/gaussian_medium_fused_tau05_gamma1.npy,MAINLINE_STAGE3_SDE,array,yes,yes,yes,high,mechanism cache for vanilla SDEdit plus confidence-aware hard-threshold fusion,c10b87110a74b00a9d2cd06b82905e547eda8e4e84eee563a0fc1ff8ab24fd53,c10b87110a74b00a9d2cd06b82905e547eda8e4e84eee563a0fc1ff8ab24fd53,moved,shutil.move,hash verified
outputs/stage4/stage3_sdedit_tstart123_confidence_hardfusion/arrays/gaussian_medium_fused_tau05_gamma2.npy,outputs/curated/stage3_sde/mainline/arrays/stage3_sdedit_tstart123_confidence_hardfusion/gaussian_medium_fused_tau05_gamma2.npy,MAINLINE_STAGE3_SDE,array,yes,yes,yes,high,mechanism cache for vanilla SDEdit plus confidence-aware hard-threshold fusion,f068eba06419c160fc7019560f8c0b01d439f9ca71976100815d116a7e981d63,f068eba06419c160fc7019560f8c0b01d439f9ca71976100815d116a7e981d63,moved,shutil.move,hash verified
outputs/stage4/stage3_sdedit_tstart123_confidence_hardfusion/arrays/gaussian_medium_fused_tau07_gamma1.npy,outputs/curated/stage3_sde/mainline/arrays/stage3_sdedit_tstart123_confidence_hardfusion/gaussian_medium_fused_tau07_gamma1.npy,MAINLINE_STAGE3_SDE,array,yes,yes,yes,high,mechanism cache for vanilla SDEdit plus confidence-aware hard-threshold fusion,374f0ffa59429d04cfeb9350d9cf26d65e4c4751ca37bb5f356355dfc57b242b,374f0ffa59429d04cfeb9350d9cf26d65e4c4751ca37bb5f356355dfc57b242b,moved,shutil.move,hash verified
outputs/stage4/stage3_sdedit_tstart123_confidence_hardfusion/arrays/gaussian_medium_fused_tau07_gamma2.npy,outputs/curated/stage3_sde/mainline/arrays/stage3_sdedit_tstart123_confidence_hardfusion/gaussian_medium_fused_tau07_gamma2.npy,MAINLINE_STAGE3_SDE,array,yes,yes,yes,high,mechanism cache for vanilla SDEdit plus confidence-aware hard-threshold fusion,0616df4af5f1601ed10b3d3f436be05b8e67a87c86d320f4f524ee496be29e34,0616df4af5f1601ed10b3d3f436be05b8e67a87c86d320f4f524ee496be29e34,moved,shutil.move,hash verified
outputs/stage4/stage3_sdedit_tstart123_confidence_hardfusion/arrays/gaussian_medium_fused_tau09_gamma1.npy,outputs/curated/stage3_sde/mainline/arrays/stage3_sdedit_tstart123_confidence_hardfusion/gaussian_medium_fused_tau09_gamma1.npy,MAINLINE_STAGE3_SDE,array,yes,yes,yes,high,mechanism cache for vanilla SDEdit plus confidence-aware hard-threshold fusion,758a4886cecb2b90b97685c3118da058f7eee44ca6a632d758d2d97926071fd1,758a4886cecb2b90b97685c3118da058f7eee44ca6a632d758d2d97926071fd1,moved,shutil.move,hash verified
outputs/stage4/stage3_sdedit_tstart123_confidence_hardfusion/arrays/gaussian_medium_fused_tau09_gamma2.npy,outputs/curated/stage3_sde/mainline/arrays/stage3_sdedit_tstart123_confidence_hardfusion/gaussian_medium_fused_tau09_gamma2.npy,MAINLINE_STAGE3_SDE,array,yes,yes,yes,high,mechanism cache for vanilla SDEdit plus confidence-aware hard-threshold fusion,61a6650a5eedc50d19a74c1d8e8740e8bd2d93e33927fc8adb386e77f9ba4668,61a6650a5eedc50d19a74c1d8e8740e8bd2d93e33927fc8adb386e77f9ba4668,moved,shutil.move,hash verified
outputs/stage4/stage3_sdedit_tstart123_confidence_hardfusion/arrays/gaussian_medium_sdedit_t1.npy,outputs/curated/stage3_sde/mainline/arrays/stage3_sdedit_tstart123_confidence_hardfusion/gaussian_medium_sdedit_t1.npy,MAINLINE_STAGE3_SDE,array,yes,yes,yes,high,mechanism cache for vanilla SDEdit plus confidence-aware hard-threshold fusion,8b44ffbf41b4cd8c0a0f72b9c40af42558f26a0ca89f96535d949889691acbbb,8b44ffbf41b4cd8c0a0f72b9c40af42558f26a0ca89f96535d949889691acbbb,moved,shutil.move,hash verified
outputs/stage4/stage3_sdedit_tstart123_confidence_hardfusion/arrays/gaussian_medium_sdedit_t2.npy,outputs/curated/stage3_sde/mainline/arrays/stage3_sdedit_tstart123_confidence_hardfusion/gaussian_medium_sdedit_t2.npy,MAINLINE_STAGE3_SDE,array,yes,yes,yes,high,mechanism cache for vanilla SDEdit plus confidence-aware hard-threshold fusion,0d2f75b4b8b5a8767dec078d1875ad428af32da58d42f671b8ba71f49a2f5956,0d2f75b4b8b5a8767dec078d1875ad428af32da58d42f671b8ba71f49a2f5956,moved,shutil.move,hash verified
outputs/stage4/stage3_sdedit_tstart123_confidence_hardfusion/arrays/gaussian_medium_sdedit_t3.npy,outputs/curated/stage3_sde/mainline/arrays/stage3_sdedit_tstart123_confidence_hardfusion/gaussian_medium_sdedit_t3.npy,MAINLINE_STAGE3_SDE,array,yes,yes,yes,high,mechanism cache for vanilla SDEdit plus confidence-aware hard-threshold fusion,603c47a73f5302bda8cf8d95f75d6ff57bb086f0d25c985a3cdf570458304233,603c47a73f5302bda8cf8d95f75d6ff57bb086f0d25c985a3cdf570458304233,moved,shutil.move,hash verified
outputs/stage4/stage3_sdedit_tstart123_confidence_hardfusion/arrays/jump_medium_clean.npy,outputs/curated/stage3_sde/mainline/arrays/stage3_sdedit_tstart123_confidence_hardfusion/jump_medium_clean.npy,MAINLINE_STAGE3_SDE,array,yes,yes,yes,high,mechanism cache for vanilla SDEdit plus confidence-aware hard-threshold fusion,7723fe26f38a910dfaa80cbddee01e4b27b0819fe67393e41a0767abd403426c,7723fe26f38a910dfaa80cbddee01e4b27b0819fe67393e41a0767abd403426c,moved,shutil.move,hash verified
outputs/stage4/stage3_sdedit_tstart123_confidence_hardfusion/arrays/jump_medium_confidence.npy,outputs/curated/stage3_sde/mainline/arrays/stage3_sdedit_tstart123_confidence_hardfusion/jump_medium_confidence.npy,MAINLINE_STAGE3_SDE,array,yes,yes,yes,high,mechanism cache for vanilla SDEdit plus confidence-aware hard-threshold fusion,0464e7b18bdaeeab46e1e036169141b61366ac95fc340f1a7cc00a73a3ddd7f1,0464e7b18bdaeeab46e1e036169141b61366ac95fc340f1a7cc00a73a3ddd7f1,moved,shutil.move,hash verified
outputs/stage4/stage3_sdedit_tstart123_confidence_hardfusion/arrays/jump_medium_degraded.npy,outputs/curated/stage3_sde/mainline/arrays/stage3_sdedit_tstart123_confidence_hardfusion/jump_medium_degraded.npy,MAINLINE_STAGE3_SDE,array,yes,yes,yes,high,mechanism cache for vanilla SDEdit plus confidence-aware hard-threshold fusion,5113f070f9ca9a84fbb14fa99c974857cb79c362e8fa52be94e9fdc617f5e2f8,5113f070f9ca9a84fbb14fa99c974857cb79c362e8fa52be94e9fdc617f5e2f8,moved,shutil.move,hash verified
outputs/stage4/stage3_sdedit_tstart123_confidence_hardfusion/arrays/jump_medium_fused_tau05_gamma1.npy,outputs/curated/stage3_sde/mainline/arrays/stage3_sdedit_tstart123_confidence_hardfusion/jump_medium_fused_tau05_gamma1.npy,MAINLINE_STAGE3_SDE,array,yes,yes,yes,high,mechanism cache for vanilla SDEdit plus confidence-aware hard-threshold fusion,d08883476e85abae3cc0e27f5f9ed538100df80ebc1a8f91e871fac9bfbfb067,d08883476e85abae3cc0e27f5f9ed538100df80ebc1a8f91e871fac9bfbfb067,moved,shutil.move,hash verified
outputs/stage4/stage3_sdedit_tstart123_confidence_hardfusion/arrays/jump_medium_fused_tau05_gamma2.npy,outputs/curated/stage3_sde/mainline/arrays/stage3_sdedit_tstart123_confidence_hardfusion/jump_medium_fused_tau05_gamma2.npy,MAINLINE_STAGE3_SDE,array,yes,yes,yes,high,mechanism cache for vanilla SDEdit plus confidence-aware hard-threshold fusion,39dea956791b7d803809c023752e6ac0c8f917aaedc4dd3f8326825ef4cada0d,39dea956791b7d803809c023752e6ac0c8f917aaedc4dd3f8326825ef4cada0d,moved,shutil.move,hash verified
outputs/stage4/stage3_sdedit_tstart123_confidence_hardfusion/arrays/jump_medium_fused_tau07_gamma1.npy,outputs/curated/stage3_sde/mainline/arrays/stage3_sdedit_tstart123_confidence_hardfusion/jump_medium_fused_tau07_gamma1.npy,MAINLINE_STAGE3_SDE,array,yes,yes,yes,high,mechanism cache for vanilla SDEdit plus confidence-aware hard-threshold fusion,94ba9f9832024faf713e4ee9270099d19cdedb1cc6a66d308473fd82741b6255,94ba9f9832024faf713e4ee9270099d19cdedb1cc6a66d308473fd82741b6255,moved,shutil.move,hash verified
outputs/stage4/stage3_sdedit_tstart123_confidence_hardfusion/arrays/jump_medium_fused_tau07_gamma2.npy,outputs/curated/stage3_sde/mainline/arrays/stage3_sdedit_tstart123_confidence_hardfusion/jump_medium_fused_tau07_gamma2.npy,MAINLINE_STAGE3_SDE,array,yes,yes,yes,high,mechanism cache for vanilla SDEdit plus confidence-aware hard-threshold fusion,a43bdad27739a96c286e9b54e192b903f6f96172696f8a951e7a0069a45e6c79,a43bdad27739a96c286e9b54e192b903f6f96172696f8a951e7a0069a45e6c79,moved,shutil.move,hash verified
outputs/stage4/stage3_sdedit_tstart123_confidence_hardfusion/arrays/jump_medium_fused_tau09_gamma1.npy,outputs/curated/stage3_sde/mainline/arrays/stage3_sdedit_tstart123_confidence_hardfusion/jump_medium_fused_tau09_gamma1.npy,MAINLINE_STAGE3_SDE,array,yes,yes,yes,high,mechanism cache for vanilla SDEdit plus confidence-aware hard-threshold fusion,94ba9f9832024faf713e4ee9270099d19cdedb1cc6a66d308473fd82741b6255,94ba9f9832024faf713e4ee9270099d19cdedb1cc6a66d308473fd82741b6255,moved,shutil.move,hash verified
outputs/stage4/stage3_sdedit_tstart123_confidence_hardfusion/arrays/jump_medium_fused_tau09_gamma2.npy,outputs/curated/stage3_sde/mainline/arrays/stage3_sdedit_tstart123_confidence_hardfusion/jump_medium_fused_tau09_gamma2.npy,MAINLINE_STAGE3_SDE,array,yes,yes,yes,high,mechanism cache for vanilla SDEdit plus confidence-aware hard-threshold fusion,a43bdad27739a96c286e9b54e192b903f6f96172696f8a951e7a0069a45e6c79,a43bdad27739a96c286e9b54e192b903f6f96172696f8a951e7a0069a45e6c79,moved,shutil.move,hash verified
outputs/stage4/stage3_sdedit_tstart123_confidence_hardfusion/arrays/jump_medium_sdedit_t1.npy,outputs/curated/stage3_sde/mainline/arrays/stage3_sdedit_tstart123_confidence_hardfusion/jump_medium_sdedit_t1.npy,MAINLINE_STAGE3_SDE,array,yes,yes,yes,high,mechanism cache for vanilla SDEdit plus confidence-aware hard-threshold fusion,e820c2e92d1f21d8191a42f292ff9c014625092f85dc64af7227a08c41865302,e820c2e92d1f21d8191a42f292ff9c014625092f85dc64af7227a08c41865302,moved,shutil.move,hash verified
outputs/stage4/stage3_sdedit_tstart123_confidence_hardfusion/arrays/jump_medium_sdedit_t2.npy,outputs/curated/stage3_sde/mainline/arrays/stage3_sdedit_tstart123_confidence_hardfusion/jump_medium_sdedit_t2.npy,MAINLINE_STAGE3_SDE,array,yes,yes,yes,high,mechanism cache for vanilla SDEdit plus confidence-aware hard-threshold fusion,ecaf73870189429b27da60f842b7aad435ca542681b2bd2869742973dbe98794,ecaf73870189429b27da60f842b7aad435ca542681b2bd2869742973dbe98794,moved,shutil.move,hash verified
outputs/stage4/stage3_sdedit_tstart123_confidence_hardfusion/arrays/jump_medium_sdedit_t3.npy,outputs/curated/stage3_sde/mainline/arrays/stage3_sdedit_tstart123_confidence_hardfusion/jump_medium_sdedit_t3.npy,MAINLINE_STAGE3_SDE,array,yes,yes,yes,high,mechanism cache for vanilla SDEdit plus confidence-aware hard-threshold fusion,451c49c1b8c16168f5fc807c9e27be1e3810631a81104676397f7d8feb5c5294,451c49c1b8c16168f5fc807c9e27be1e3810631a81104676397f7d8feb5c5294,moved,shutil.move,hash verified
outputs/stage4/stage3_sdedit_tstart123_confidence_hardfusion/figures/high_low_conf_ade_noisy_vanilla_fusion.png,outputs/curated/stage3_sde/mainline/figures/stage3_sdedit_tstart123_confidence_hardfusion/high_low_conf_ade_noisy_vanilla_fusion.png,MAINLINE_STAGE3_SDE,figure,yes,yes,yes,high,mechanism cache for vanilla SDEdit plus confidence-aware hard-threshold fusion,1a40e1f5ca95578e5d537d49976ae8a9548af108b123c326088573df384126e0,1a40e1f5ca95578e5d537d49976ae8a9548af108b123c326088573df384126e0,moved,shutil.move,hash verified
outputs/stage4/stage3_sdedit_tstart123_confidence_hardfusion/figures/overall_ade_noisy_vanilla_best_fusion.png,outputs/curated/stage3_sde/mainline/figures/stage3_sdedit_tstart123_confidence_hardfusion/overall_ade_noisy_vanilla_best_fusion.png,MAINLINE_STAGE3_SDE,figure,yes,yes,yes,high,mechanism cache for vanilla SDEdit plus confidence-aware hard-threshold fusion,2a89d48b9ab16263678622c368ecf89ae334f7143617cbe6a272fa31cfa55202,2a89d48b9ab16263678622c368ecf89ae334f7143617cbe6a272fa31cfa55202,moved,shutil.move,hash verified
outputs/stage4/stage3_sdedit_tstart123_confidence_hardfusion/figures/representative_bias_medium.png,outputs/curated/stage3_sde/mainline/figures/stage3_sdedit_tstart123_confidence_hardfusion/representative_bias_medium.png,MAINLINE_STAGE3_SDE,figure,yes,yes,yes,high,mechanism cache for vanilla SDEdit plus confidence-aware hard-threshold fusion,5f9a8a73fa1dccd588067c343d52aa86ec51de8332b7f16cbd4636940db9f9fc,5f9a8a73fa1dccd588067c343d52aa86ec51de8332b7f16cbd4636940db9f9fc,moved,shutil.move,hash verified
outputs/stage4/stage3_sdedit_tstart123_confidence_hardfusion/figures/representative_burst_medium.png,outputs/curated/stage3_sde/mainline/figures/stage3_sdedit_tstart123_confidence_hardfusion/representative_burst_medium.png,MAINLINE_STAGE3_SDE,figure,yes,yes,yes,high,mechanism cache for vanilla SDEdit plus confidence-aware hard-threshold fusion,9ce74d259e1954a00c689e824544d3b7d58f820cf1d76343d0714fa726a7eb7f,9ce74d259e1954a00c689e824544d3b7d58f820cf1d76343d0714fa726a7eb7f,moved,shutil.move,hash verified
outputs/stage4/stage3_sdedit_tstart123_confidence_hardfusion/figures/representative_combined_medium.png,outputs/curated/stage3_sde/mainline/figures/stage3_sdedit_tstart123_confidence_hardfusion/representative_combined_medium.png,MAINLINE_STAGE3_SDE,figure,yes,yes,yes,high,mechanism cache for vanilla SDEdit plus confidence-aware hard-threshold fusion,cab7e1cba700c03c615cf5bbf816268c1ac511e50d7ac1367e23d88036719e02,cab7e1cba700c03c615cf5bbf816268c1ac511e50d7ac1367e23d88036719e02,moved,shutil.move,hash verified
outputs/stage4/stage3_sdedit_tstart123_confidence_hardfusion/figures/representative_drift_medium.png,outputs/curated/stage3_sde/mainline/figures/stage3_sdedit_tstart123_confidence_hardfusion/representative_drift_medium.png,MAINLINE_STAGE3_SDE,figure,yes,yes,yes,high,mechanism cache for vanilla SDEdit plus confidence-aware hard-threshold fusion,99497d77ba9ae4c394d3a30c047e3285add9317e704ff55ae326199abbcac9df,99497d77ba9ae4c394d3a30c047e3285add9317e704ff55ae326199abbcac9df,moved,shutil.move,hash verified
outputs/stage4/stage3_sdedit_tstart123_confidence_hardfusion/figures/representative_gaussian_medium.png,outputs/curated/stage3_sde/mainline/figures/stage3_sdedit_tstart123_confidence_hardfusion/representative_gaussian_medium.png,MAINLINE_STAGE3_SDE,figure,yes,yes,yes,high,mechanism cache for vanilla SDEdit plus confidence-aware hard-threshold fusion,70708531b0974abde59381ea0224e6e6513ad7ae1f76e2b22eb35ed6b6eafa17,70708531b0974abde59381ea0224e6e6513ad7ae1f76e2b22eb35ed6b6eafa17,moved,shutil.move,hash verified
outputs/stage4/stage3_sdedit_tstart123_confidence_hardfusion/figures/representative_jump_medium.png,outputs/curated/stage3_sde/mainline/figures/stage3_sdedit_tstart123_confidence_hardfusion/representative_jump_medium.png,MAINLINE_STAGE3_SDE,figure,yes,yes,yes,high,mechanism cache for vanilla SDEdit plus confidence-aware hard-threshold fusion,e6da993f3df40dff3ac82880bf6a5d0cd590d8bb17f54c037efd75e3746aae76,e6da993f3df40dff3ac82880bf6a5d0cd590d8bb17f54c037efd75e3746aae76,moved,shutil.move,hash verified
outputs/stage4/stage3_sdedit_tstart123_confidence_hardfusion/figures/tstart_sweep_ade_by_condition.png,outputs/curated/stage3_sde/mainline/figures/stage3_sdedit_tstart123_confidence_hardfusion/tstart_sweep_ade_by_condition.png,MAINLINE_STAGE3_SDE,figure,yes,yes,yes,high,mechanism cache for vanilla SDEdit plus confidence-aware hard-threshold fusion,92b973a8f7585038fc72b71b96d074516d8138174d8eee0b63932832ed953295,92b973a8f7585038fc72b71b96d074516d8138174d8eee0b63932832ed953295,moved,shutil.move,hash verified
outputs/stage4/stage3_sdedit_tstart123_confidence_hardfusion/stage3_sdedit_best_tstart_by_condition.csv,outputs/curated/stage3_sde/mainline/metrics/stage3_sdedit_tstart123_confidence_hardfusion/stage3_sdedit_best_tstart_by_condition.csv,MAINLINE_STAGE3_SDE,metric_csv,yes,yes,yes,high,mechanism cache for vanilla SDEdit plus confidence-aware hard-threshold fusion,0e08081197c1c65223af7daf3661f5a8c5e7f0d8a00bea5be08d4863a4264389,0e08081197c1c65223af7daf3661f5a8c5e7f0d8a00bea5be08d4863a4264389,moved,shutil.move,hash verified
outputs/stage4/stage3_sdedit_tstart123_confidence_hardfusion/stage3_sdedit_hardfusion_condition_metrics.csv,outputs/curated/stage3_sde/mainline/metrics/stage3_sdedit_tstart123_confidence_hardfusion/stage3_sdedit_hardfusion_condition_metrics.csv,MAINLINE_STAGE3_SDE,metric_csv,yes,yes,yes,high,mechanism cache for vanilla SDEdit plus confidence-aware hard-threshold fusion,aa3c5161a05d0b2e32033b2e44e46a709e668440056a8ff6b789a48a234647b9,aa3c5161a05d0b2e32033b2e44e46a709e668440056a8ff6b789a48a234647b9,moved,shutil.move,hash verified
outputs/stage4/stage3_sdedit_tstart123_confidence_hardfusion/stage3_sdedit_hardfusion_confidence_bin_metrics.csv,outputs/curated/stage3_sde/mainline/metrics/stage3_sdedit_tstart123_confidence_hardfusion/stage3_sdedit_hardfusion_confidence_bin_metrics.csv,MAINLINE_STAGE3_SDE,metric_csv,yes,yes,yes,high,mechanism cache for vanilla SDEdit plus confidence-aware hard-threshold fusion,b10ccbc74ffbdda6cf07d965e8871ce1a21ceca27f686bb6b1f54afd99d45d63,b10ccbc74ffbdda6cf07d965e8871ce1a21ceca27f686bb6b1f54afd99d45d63,moved,shutil.move,hash verified
outputs/stage4/stage3_sdedit_tstart123_confidence_hardfusion/stage3_sdedit_hardfusion_passfail_diagnostic.csv,outputs/curated/stage3_sde/mainline/metrics/stage3_sdedit_tstart123_confidence_hardfusion/stage3_sdedit_hardfusion_passfail_diagnostic.csv,MAINLINE_STAGE3_SDE,metric_csv,yes,yes,yes,high,mechanism cache for vanilla SDEdit plus confidence-aware hard-threshold fusion,f1df025716a7e75d4bd96eb5950771a34b2e39583adc8595bae235dae2e9479a,f1df025716a7e75d4bd96eb5950771a34b2e39583adc8595bae235dae2e9479a,moved,shutil.move,hash verified
outputs/stage4/stage3_sdedit_tstart123_confidence_hardfusion/stage3_sdedit_tstart123_hardfusion_summary.md,outputs/curated/stage3_sde/mainline/summaries/stage3_sdedit_tstart123_confidence_hardfusion/stage3_sdedit_tstart123_hardfusion_summary.md,MAINLINE_STAGE3_SDE,markdown,yes,yes,yes,high,mechanism cache for vanilla SDEdit plus confidence-aware hard-threshold fusion,90a4a68cd607a10d94920e4b89899e3c2c3bff33afad50defe4bb98a7f1f840a,90a4a68cd607a10d94920e4b89899e3c2c3bff33afad50defe4bb98a7f1f840a,moved,shutil.move,hash verified
outputs/stage4/stage3_sdedit_tstart123_confidence_hardfusion/stage3_sdedit_tstart_sweep_summary.csv,outputs/curated/stage3_sde/mainline/metrics/stage3_sdedit_tstart123_confidence_hardfusion/stage3_sdedit_tstart_sweep_summary.csv,MAINLINE_STAGE3_SDE,metric_csv,yes,yes,yes,high,mechanism cache for vanilla SDEdit plus confidence-aware hard-threshold fusion,61393f70129f959b68f8a8d42271aee444acd252c00cc915ab298570019df028,61393f70129f959b68f8a8d42271aee444acd252c00cc915ab298570019df028,moved,shutil.move,hash verified
outputs/stage4/stage3_sdedit_tstart123_confidence_hardfusion/stage3_sdedit_vanilla_condition_metrics.csv,outputs/curated/stage3_sde/mainline/metrics/stage3_sdedit_tstart123_confidence_hardfusion/stage3_sdedit_vanilla_condition_metrics.csv,MAINLINE_STAGE3_SDE,metric_csv,yes,yes,yes,high,mechanism cache for vanilla SDEdit plus confidence-aware hard-threshold fusion,74e1c4f4a0c443922f2333015516591ba1a2bb1c3a583d7932bb306431dcfb09,74e1c4f4a0c443922f2333015516591ba1a2bb1c3a583d7932bb306431dcfb09,moved,shutil.move,hash verified
outputs/stage4/stage3_sdedit_tstart123_confidence_hardfusion/stage3_sdedit_vanilla_confidence_bin_metrics.csv,outputs/curated/stage3_sde/mainline/metrics/stage3_sdedit_tstart123_confidence_hardfusion/stage3_sdedit_vanilla_confidence_bin_metrics.csv,MAINLINE_STAGE3_SDE,metric_csv,yes,yes,yes,high,mechanism cache for vanilla SDEdit plus confidence-aware hard-threshold fusion,0997b9d96b3bb2177157b4ab84f836ced6388447bf4967b9ff6dcce5cd0333e9,0997b9d96b3bb2177157b4ab84f836ced6388447bf4967b9ff6dcce5cd0333e9,moved,shutil.move,hash verified
tools/stage3/eval/plot_phase1_figures.py,tools/curated/stage3_sde/legacy_or_deprecated/plot_phase1_figures.py,LEGACY_OR_DEPRECATED,script,yes,yes,yes,high,conditional-residual Stage 4 branch superseded by SDE mainline,02c2d2e44f9171d81a42e3bc45178f4d8f842d4c1571448c96fbe49b83fc8bc9,02c2d2e44f9171d81a42e3bc45178f4d8f842d4c1571448c96fbe49b83fc8bc9,moved,git mv,hash verified
tools/stage3/eval/plot_phase1_random_span_statistics.py,tools/curated/stage3_sde/legacy_or_deprecated/plot_phase1_random_span_statistics.py,LEGACY_OR_DEPRECATED,script,yes,yes,yes,high,conditional-residual Stage 4 branch superseded by SDE mainline,1bb8fc22810842df0986173f771790bad9b97ea97c2d1a563595c071fd4cd473,1bb8fc22810842df0986173f771790bad9b97ea97c2d1a563595c071fd4cd473,moved,git mv,hash verified
tools/stage3/eval/run_phase1_random_span_statistics.py,tools/curated/stage3_sde/legacy_or_deprecated/run_phase1_random_span_statistics.py,LEGACY_OR_DEPRECATED,script,yes,yes,yes,high,conditional-residual Stage 4 branch superseded by SDE mainline,9c26dce509f8c2d4863218e3b9ab9b0531371d01a1d35a4ec7617c0f2cf33cf8,9c26dce509f8c2d4863218e3b9ab9b0531371d01a1d35a4ec7617c0f2cf33cf8,moved,git mv,hash verified
tools/stage4/e1_failure_diagnosis.py,tools/curated/stage3_sde/legacy_or_deprecated/e1_failure_diagnosis.py,LEGACY_OR_DEPRECATED,script,yes,yes,yes,high,conditional-residual Stage 4 branch superseded by SDE mainline,d3e7f4b47491b7ebe0d6abe19e13270bb3126f8276c4ef93f3d0c29a7d6b032a,d3e7f4b47491b7ebe0d6abe19e13270bb3126f8276c4ef93f3d0c29a7d6b032a,moved,shutil.move,hash verified
tools/stage4/e1_oracle_residual_gating_6conditions.py,tools/curated/stage3_sde/legacy_or_deprecated/e1_oracle_residual_gating_6conditions.py,LEGACY_OR_DEPRECATED,script,yes,yes,yes,high,conditional-residual Stage 4 branch superseded by SDE mainline,edb824e594e1c5f7b03e08ff61f5d9daf8f117fd8776326101dd0eedd48f06bc,edb824e594e1c5f7b03e08ff61f5d9daf8f117fd8776326101dd0eedd48f06bc,moved,shutil.move,hash verified
tools/stage4/e1_oracle_residual_gating_full.py,tools/curated/stage3_sde/legacy_or_deprecated/e1_oracle_residual_gating_full.py,LEGACY_OR_DEPRECATED,script,yes,yes,yes,high,conditional-residual Stage 4 branch superseded by SDE mainline,b5334b47bd77dc463069f4e54af09e41dd096d897f539ac5ca0fd2bfd8243deb,b5334b47bd77dc463069f4e54af09e41dd096d897f539ac5ca0fd2bfd8243deb,moved,shutil.move,hash verified
tools/stage4/e1_oracle_residual_gating_smoke.py,tools/curated/stage3_sde/legacy_or_deprecated/e1_oracle_residual_gating_smoke.py,LEGACY_OR_DEPRECATED,script,yes,yes,yes,high,conditional-residual Stage 4 branch superseded by SDE mainline,25ec1f394aaedd4acb1d446405c30ed2c12658c8e30708f77b100f85a2945798,25ec1f394aaedd4acb1d446405c30ed2c12658c8e30708f77b100f85a2945798,moved,shutil.move,hash verified
tools/stage4/e1_supplementary_gamma_delta_ablation.py,tools/curated/stage3_sde/legacy_or_deprecated/e1_supplementary_gamma_delta_ablation.py,LEGACY_OR_DEPRECATED,script,yes,yes,yes,high,conditional-residual Stage 4 branch superseded by SDE mainline,caf9ec3e45f727d989a903fbf9d8be75e3f5c267e135e07b6a3e94c5ed3c3640,caf9ec3e45f727d989a903fbf9d8be75e3f5c267e135e07b6a3e94c5ed3c3640,moved,shutil.move,hash verified
tools/stage4/e2_dps_interface_audit.py,tools/curated/stage3_sde/negative_diagnostic/e2_dps_interface_audit.py,NEGATIVE_DIAGNOSTIC,script,yes,yes,yes,high,DPS audit or rejected DPS alternative,d73115731e74a562dfe57ff2f034211bdc56082687233fa29dab61218349dbdf,d73115731e74a562dfe57ff2f034211bdc56082687233fa29dab61218349dbdf,moved,shutil.move,hash verified
tools/stage4/e2_dps_mean_likelihood_reaudit.py,tools/curated/stage3_sde/negative_diagnostic/e2_dps_mean_likelihood_reaudit.py,NEGATIVE_DIAGNOSTIC,script,yes,yes,yes,high,DPS audit or rejected DPS alternative,b73cf09d4927783187f7ee90176e0630b9dfc8133796808ed26c55670bcc7201,b73cf09d4927783187f7ee90176e0630b9dfc8133796808ed26c55670bcc7201,moved,shutil.move,hash verified
tools/stage4/e2_dps_mechanism_audit.py,tools/curated/stage3_sde/negative_diagnostic/e2_dps_mechanism_audit.py,NEGATIVE_DIAGNOSTIC,script,yes,yes,yes,high,DPS audit or rejected DPS alternative,a221abccc1bc9ec7b437b6bf583a730a8263c680bd226932efbba369fc19da08,a221abccc1bc9ec7b437b6bf583a730a8263c680bd226932efbba369fc19da08,moved,shutil.move,hash verified
tools/stage4/e2_dps_nan_diagnosis.py,tools/curated/stage3_sde/negative_diagnostic/e2_dps_nan_diagnosis.py,NEGATIVE_DIAGNOSTIC,script,yes,yes,yes,high,DPS audit or rejected DPS alternative,21e2a7e3b0a06ef233aa3ab7c4f6bd6b743fea00425e2c085085c15a0a44be2f,21e2a7e3b0a06ef233aa3ab7c4f6bd6b743fea00425e2c085085c15a0a44be2f,moved,shutil.move,hash verified
tools/stage4/e2_dps_norm_guidance_reaudit.py,tools/curated/stage3_sde/negative_diagnostic/e2_dps_norm_guidance_reaudit.py,NEGATIVE_DIAGNOSTIC,script,yes,yes,yes,high,DPS audit or rejected DPS alternative,909328d18328967b69a93fd9b6760e5939c493e62aef9762bc0f7f161d187bf9,909328d18328967b69a93fd9b6760e5939c493e62aef9762bc0f7f161d187bf9,moved,shutil.move,hash verified
tools/stage4/e2_dps_pilot.py,tools/curated/stage3_sde/negative_diagnostic/e2_dps_pilot.py,NEGATIVE_DIAGNOSTIC,script,yes,yes,yes,high,DPS audit or rejected DPS alternative,acc54a9186bb40e4f8f0b277be5db39a597196da357d893f2adff8ace4e22bc7,acc54a9186bb40e4f8f0b277be5db39a597196da357d893f2adff8ace4e22bc7,moved,shutil.move,hash verified
tools/stage4/e2_min_absolute_posterior_anchoring.py,tools/curated/stage3_sde/negative_diagnostic/e2_min_absolute_posterior_anchoring.py,NEGATIVE_DIAGNOSTIC,script,yes,yes,yes,high,E2-Min deterministic posterior anchoring diagnostic,f80a797ec6b45751d40386b96484bfeac33876699907833d198aaa6df7a61801,f80a797ec6b45751d40386b96484bfeac33876699907833d198aaa6df7a61801,moved,shutil.move,hash verified
tools/stage4/e2_min_condition_level_diagnostics.py,tools/curated/stage3_sde/negative_diagnostic/e2_min_condition_level_diagnostics.py,NEGATIVE_DIAGNOSTIC,script,yes,yes,yes,high,E2-Min deterministic posterior anchoring diagnostic,c730d06a4754a77357b71b245024adba3e0061b90ea6e374fd95b9b80f93824b,c730d06a4754a77357b71b245024adba3e0061b90ea6e374fd95b9b80f93824b,moved,shutil.move,hash verified
tools/stage4/e2_prior_signal_sanity_bias.py,tools/curated/stage3_sde/negative_diagnostic/e2_prior_signal_sanity_bias.py,NEGATIVE_DIAGNOSTIC,script,yes,yes,yes,high,bias prior-signal sanity diagnostic,a465f8e97f3ea95fb6435014f808dac94f2bf1667f89cac52bc977a0db88032f,a465f8e97f3ea95fb6435014f808dac94f2bf1667f89cac52bc977a0db88032f,moved,shutil.move,hash verified
tools/stage4/e3_dps_calibrated_phaseA.py,tools/curated/stage3_sde/negative_diagnostic/e3_dps_calibrated_phaseA.py,NEGATIVE_DIAGNOSTIC,script,yes,yes,yes,high,DPS audit or rejected DPS alternative,e77453448b1d65d48230474e4426ef31f5ebac7e05fba7fc594d906960843fc3,e77453448b1d65d48230474e4426ef31f5ebac7e05fba7fc594d906960843fc3,moved,shutil.move,hash verified
tools/stage4/e3_dps_calibrated_phaseA_extension.py,tools/curated/stage3_sde/negative_diagnostic/e3_dps_calibrated_phaseA_extension.py,NEGATIVE_DIAGNOSTIC,script,yes,yes,yes,high,DPS audit or rejected DPS alternative,236ecc3f2803820cec8cc284fb6d4c59e67c941da65e73b51ac3664f711d7fa5,236ecc3f2803820cec8cc284fb6d4c59e67c941da65e73b51ac3664f711d7fa5,moved,shutil.move,hash verified
tools/stage4/e3_dps_extended_sign_check.py,tools/curated/stage3_sde/negative_diagnostic/e3_dps_extended_sign_check.py,NEGATIVE_DIAGNOSTIC,script,yes,yes,yes,high,DPS audit or rejected DPS alternative,583a515a21685a60027dcbf19486cb90810dbb271c9200395f01fd402c3ddb5b,583a515a21685a60027dcbf19486cb90810dbb271c9200395f01fd402c3ddb5b,moved,shutil.move,hash verified
tools/stage4/e3_dps_single_step_sign_check.py,tools/curated/stage3_sde/negative_diagnostic/e3_dps_single_step_sign_check.py,NEGATIVE_DIAGNOSTIC,script,yes,yes,yes,high,DPS audit or rejected DPS alternative,9e3e4b2af37094d491a6567aa45bed3fa478355c02f05b66d9f9ef5b1b48e58f,9e3e4b2af37094d491a6567aa45bed3fa478355c02f05b66d9f9ef5b1b48e58f,moved,shutil.move,hash verified
tools/stage4/e3_gain_bottleneck_minimal_diagnosis.py,tools/curated/stage3_sde/supplementary_ablation/e3_gain_bottleneck_minimal_diagnosis.py,SUPPLEMENTARY_ABLATION,script,yes,yes,yes,high,gain bottleneck oracle/correction-direction diagnostic,3e44061cf1de25309470211b141f3d2336cc11bb52ff03e8c60b5d8daa371e55,3e44061cf1de25309470211b141f3d2336cc11bb52ff03e8c60b5d8daa371e55,moved,shutil.move,hash verified
tools/stage4/e3_holdout1000_confidence_aware_sdedit.py,tools/curated/stage3_sde/mainline/e3_holdout1000_confidence_aware_sdedit.py,MAINLINE_STAGE3_SDE,script,yes,yes,yes,high,mainline holdout-1000 confidence-aware SDEdit script,5465a66f0beac9430454e9d789e31e7489e2739e49cd60d6cc5925599dd53f35,5465a66f0beac9430454e9d789e31e7489e2739e49cd60d6cc5925599dd53f35,moved,shutil.move,hash verified
tools/stage4/e3_initialized_dps_aligned_audit.py,tools/curated/stage3_sde/negative_diagnostic/e3_initialized_dps_aligned_audit.py,NEGATIVE_DIAGNOSTIC,script,yes,yes,yes,high,DPS audit or rejected DPS alternative,87000d70fc1061ca0e7d623082bcb7b4d7d7aa4546c50ff6c58006195dd0389e,87000d70fc1061ca0e7d623082bcb7b4d7d7aa4546c50ff6c58006195dd0389e,moved,shutil.move,hash verified
tools/stage4/e3_multit_candidate_source_eval.py,tools/curated/stage3_sde/supplementary_ablation/e3_multit_candidate_source_eval.py,SUPPLEMENTARY_ABLATION,script,yes,yes,yes,high,multi-t candidate-source ablation / consistency extraction,5ab79a43285bb2f111395e88f751bf480efc66fbc5e5b13c7d8446852e480ff2,5ab79a43285bb2f111395e88f751bf480efc66fbc5e5b13c7d8446852e480ff2,moved,shutil.move,hash verified
tools/stage4/e3_multit_candidate_source_inventory.py,tools/curated/stage3_sde/supplementary_ablation/e3_multit_candidate_source_inventory.py,SUPPLEMENTARY_ABLATION,script,yes,yes,yes,high,multi-t candidate-source ablation / consistency extraction,0c0ca8e55d08d9825017b6e952ae61d1b222cc5d6d888831bb03ff6e27066f05,0c0ca8e55d08d9825017b6e952ae61d1b222cc5d6d888831bb03ff6e27066f05,moved,shutil.move,hash verified
tools/stage4/e3_multit_per_condition_consistency_extract.py,tools/curated/stage3_sde/supplementary_ablation/e3_multit_per_condition_consistency_extract.py,SUPPLEMENTARY_ABLATION,script,yes,yes,yes,high,multi-t candidate-source ablation / consistency extraction,88559506c8bf65f2365d0060274d4626d7978924c5c897ad43c10df3b4129445,88559506c8bf65f2365d0060274d4626d7978924c5c897ad43c10df3b4129445,moved,shutil.move,hash verified
tools/stage4/rebuild_e1_confidence_cache.py,tools/curated/stage3_sde/legacy_or_deprecated/rebuild_e1_confidence_cache.py,LEGACY_OR_DEPRECATED,script,yes,yes,yes,high,conditional-residual Stage 4 branch superseded by SDE mainline,3f3074b61f36bd74ca1327dbef1ed1e9f13b190f0bd949db63bb7a09b542a912,3f3074b61f36bd74ca1327dbef1ed1e9f13b190f0bd949db63bb7a09b542a912,moved,shutil.move,hash verified
tools/stage4/reconstruct_missing_stage3_cond_outputs.py,tools/curated/stage3_sde/legacy_or_deprecated/reconstruct_missing_stage3_cond_outputs.py,LEGACY_OR_DEPRECATED,script,yes,yes,yes,high,conditional-residual support script; not current SDE mainline,0dba021a2d0c0198a274a495d4a5bdb327b59fde1e03bf889c26c7b4ca83c5ce,0dba021a2d0c0198a274a495d4a5bdb327b59fde1e03bf889c26c7b4ca83c5ce,moved,shutil.move,hash verified
tools/stage4/stage3_sdedit_mechanism_diagnosis.py,tools/curated/stage3_sde/negative_diagnostic/stage3_sdedit_mechanism_diagnosis.py,NEGATIVE_DIAGNOSTIC,script,yes,yes,yes,high,old vanilla SDEdit mechanism/limitation diagnosis,2ac6879dbfd631a8137fad5367544277bd73c8d048cab96536cc206d26111130,2ac6879dbfd631a8137fad5367544277bd73c8d048cab96536cc206d26111130,moved,shutil.move,hash verified
tools/stage4/stage3_sdedit_tstart123_confidence_hardfusion.py,tools/curated/stage3_sde/mainline/stage3_sdedit_tstart123_confidence_hardfusion.py,MAINLINE_STAGE3_SDE,script,yes,yes,yes,high,mainline mechanism cache/fusion script,f5a3415c3ffb5e542b9b6f9fdbf0bbaa0e3ce3b8a27408c90c4553dfd5615571,f5a3415c3ffb5e542b9b6f9fdbf0bbaa0e3ce3b8a27408c90c4553dfd5615571,moved,shutil.move,hash verified
