metric,real_mean,gen_mean,real_std,gen_std,real_median,gen_median,real_q10,gen_q10,real_q90,gen_q90,mean_ratio_gen_over_real,std_ratio_gen_over_real
step_norm_all,0.328220,0.294435,0.156690,0.151835,0.327603,0.285852,0.122032,0.100265,0.524123,0.504198,0.897068,0.969016
avg_speed,0.328220,0.294435,0.135084,0.114349,0.318897,0.284543,0.155074,0.154851,0.508050,0.457429,0.897068,0.846504
total_length,6.236176,5.594273,2.566587,2.172628,6.059034,5.406312,2.946410,2.942173,9.652952,8.691157,0.897068,0.846505
endpoint_displacement,5.980539,4.643590,2.635707,2.581301,5.753386,4.353296,2.668038,1.402748,9.500957,8.299012,0.776450,0.979358
moving_ratio_global,0.898887,0.858039,0.177121,0.195358,1.000000,0.947368,0.578947,0.578947,1.000000,1.000000,0.954557,1.102967
propulsion_ratio,0.947851,0.790203,0.095055,0.233882,0.979110,0.894023,0.874903,0.411022,0.996812,0.989648,0.833679,2.460496
acc_rms,0.051887,0.069065,0.027227,0.021774,0.047283,0.064841,0.025461,0.043009,0.081313,0.098368,1.331065,0.799716
