metric,real_mean,gen_mean,real_std,gen_std,real_median,gen_median,real_q10,gen_q10,real_q90,gen_q90,mean_ratio_gen_over_real,std_ratio_gen_over_real
step_norm_all,0.241194,0.221932,0.189435,0.164795,0.233449,0.196554,0.006471,0.026597,0.496139,0.463644,0.920140,0.869925
avg_speed,0.241194,0.221932,0.175639,0.129868,0.230006,0.206063,0.008275,0.067292,0.478425,0.420769,0.920140,0.739403
total_length,4.582688,4.216715,3.337133,2.467486,4.370111,3.915204,0.157228,1.278549,9.090078,7.994612,0.920140,0.739403
endpoint_displacement,4.372882,3.549548,3.318358,2.512033,4.101030,3.030193,0.141720,0.762272,8.947489,7.500617,0.811718,0.757011
moving_ratio_global,0.897918,0.990543,0.288615,0.032686,1.000000,1.000000,0.473684,0.947368,1.000000,1.000000,1.103156,0.113251
propulsion_ratio,0.932410,0.797410,0.126672,0.200578,0.978716,0.871410,0.818072,0.494335,0.999063,0.983728,0.855215,1.583445
acc_rms,0.042321,0.061467,0.030154,0.023583,0.040234,0.058027,0.000295,0.033612,0.075341,0.091641,1.452409,0.782079
