metric,real_mean,gen_mean,real_std,gen_std,real_median,gen_median,real_q10,gen_q10,real_q90,gen_q90,mean_ratio_gen_over_real,std_ratio_gen_over_real
step_norm_all,0.267643,0.251249,0.181326,0.164987,0.264414,0.234744,0.018228,0.046386,0.504691,0.487933,0.938749,0.909891
avg_speed,0.267643,0.251249,0.165175,0.128456,0.257959,0.235232,0.047254,0.091233,0.487699,0.436007,0.938749,0.777698
total_length,5.085209,4.773735,3.138323,2.440666,4.901214,4.469409,0.897828,1.733421,9.266287,8.284141,0.938749,0.777698
endpoint_displacement,4.852273,3.976562,3.152350,2.601089,4.599544,3.434096,0.672422,0.945517,9.114501,7.674151,0.819526,0.825127
moving_ratio_global,0.898183,0.977282,0.252238,0.057805,1.000000,1.000000,0.473684,0.894737,1.000000,1.000000,1.088065,0.229170
propulsion_ratio,0.927280,0.789637,0.129429,0.214498,0.975040,0.870109,0.806641,0.442198,0.997064,0.985773,0.851563,1.657254
acc_rms,0.046971,0.070173,0.028177,0.026213,0.043216,0.065782,0.018778,0.039858,0.077469,0.103647,1.493968,0.930291
