degradation,zeta,seed,trajectory_id,finite,first_nonfinite_step,first_nonfinite_stage,max_grad_norm,max_update_to_x_ratio,update_to_x_ratio_t99,update_to_x_ratio_t80,update_to_x_ratio_t60,update_to_x_ratio_t40,update_to_x_ratio_t20,update_to_x_ratio_t0
gaussian_medium,0.3,42,0,True,,none,28.661575317382812,1.5199195278885875,0.06123930769761431,0.07868933492839345,0.02184905054778606,0.1095465984156356,1.0669724849225501,1.5199195278885875
gaussian_medium,0.3,42,1,True,,none,27.898971557617188,1.6319116251939523,0.1078337853356966,0.0467609501856053,0.14394583327135585,0.1146426601991697,0.46285131966626936,1.6001526809831355
gaussian_medium,0.3,42,2,True,,none,28.62882423400879,1.929783961352731,0.08837502918170217,0.03440947391940676,0.028897350121629348,0.05921497020194581,0.6703457279901512,1.8859427493964238
gaussian_medium,0.3,42,3,True,,none,27.964582443237305,1.6894322656240979,0.07464859043915463,0.03371266543452353,0.027030904457986598,0.06564227332653624,1.2460715713008566,1.6375115341018112
gaussian_medium,0.3,42,4,True,,none,28.818357467651367,1.8077470649561869,0.06166300396553269,0.02171795744371312,0.024791566882298804,0.04143096062947325,0.5286689604159263,1.8077470649561869
gaussian_medium,0.3,42,5,True,,none,27.96906280517578,1.7592806755997004,0.12086599956902336,0.046185822076669616,0.05562923292289862,0.1851283997889389,0.9503147016838823,1.7508544271456474
gaussian_medium,0.3,42,6,True,,none,28.71107292175293,1.9042913901560492,0.08196624445703209,0.04128132293212175,0.039713940717782815,0.03358715242196381,0.7341755152664029,1.8154045579867077
gaussian_medium,0.3,42,7,True,,none,28.77770233154297,1.9591721558209247,0.04217564739215864,0.12826219261064556,0.0664433409776817,0.15452211364871415,0.9390706798424518,1.407477164423692
gaussian_medium,0.3,42,8,True,,none,29.052200317382812,1.8952427777755028,0.060951853120948654,0.045578648797671324,0.0512549310777526,0.096384394366107,1.0995337002312247,1.5519415036082425
gaussian_medium,0.3,42,9,True,,none,28.135875701904297,1.830677878387971,0.10360032863258892,0.034261897987235494,0.07835436020694546,0.11727288093394198,0.49668852248976014,1.830677878387971
gaussian_medium,0.3,42,10,True,,none,28.880088806152344,1.7406389955708828,0.053725382154326776,0.062495668934411414,0.05397197224795035,0.08819257243031114,0.445532430649935,1.7406389955708828
gaussian_medium,0.3,42,11,True,,none,27.92934226989746,1.9133862079611108,0.11281536333955992,0.14704216703440756,0.07027685048250747,0.2248351397637042,0.9414665821504375,1.6298786218896686
gaussian_medium,0.3,42,12,True,,none,28.731094360351562,2.0372917835969573,0.11982647995552755,0.023120670462302133,0.027366957284671648,0.03220590022586761,0.7163509681791232,1.9793285694211362
gaussian_medium,0.3,42,13,True,,none,27.93805503845215,2.0704881088395797,0.12151729155696685,0.11565174826039198,0.03752523673877308,0.29356365533308265,0.6546835854737002,1.4581061027305287
gaussian_medium,0.3,42,14,True,,none,29.163616180419922,1.4878120718539818,0.148204876139022,0.06683367100738748,0.14828800704095965,0.28111506399742525,0.7628877449474227,1.410739301525369
gaussian_medium,0.3,42,15,True,,none,27.908836364746094,1.7087832559891822,0.04612106790461469,0.02890181508172864,0.026516384417730753,0.05325163054838522,0.7581850163142685,1.5646870451960722
gaussian_medium,0.3,42,16,True,,none,28.82209587097168,2.0402507241613796,0.061472169165731644,0.01948542489759478,0.022790246911158604,0.042886458151998694,0.6820197618885553,2.0135716489115674
gaussian_medium,0.3,42,17,True,,none,28.506587982177734,1.8666766864088136,0.10257405855304988,0.02732031439410386,0.034231445181215285,0.048771240568679416,0.7295511787353912,1.5298826544902027
gaussian_medium,0.3,42,18,True,,none,28.681358337402344,2.0979267147465492,0.027734542715422285,0.03971532660944793,0.05875690269233657,0.05716938248762788,1.0120991375448947,2.068413679709295
gaussian_medium,0.3,42,19,True,,none,29.402713775634766,1.8790037356705342,0.047745243053717294,0.015506874324114042,0.039257057855853573,0.05032022828839983,0.5250042662496629,1.8783416086507028
gaussian_medium,0.3,42,20,True,,none,29.045042037963867,2.1231435385326622,0.1206942028697982,0.028907119883886927,0.05806722692422453,0.06257105585538597,1.0739699121704398,2.075152906231439
gaussian_medium,0.3,42,21,True,,none,28.456180572509766,1.687588851635576,0.09185228912812166,0.11345111344552669,0.20809825951830066,0.3888690448280115,0.8193481581781651,1.5530780177180679
gaussian_medium,0.3,42,22,True,,none,27.778287887573242,2.092352246426527,0.0694333903421997,0.06004698293232001,0.11540056086043404,0.056641939959034125,1.335231139590195,1.8077253558046924
gaussian_medium,0.3,42,23,True,,none,27.83481216430664,1.8739557135097848,0.04338671128502647,0.05505475040572224,0.08663253169838252,0.2746663221939916,0.5954358304437669,1.8739557135097848
gaussian_medium,0.3,42,24,True,,none,28.16489028930664,1.7919972870762793,0.08706921655942118,0.02655458951137423,0.0607332696588863,0.1397906758962482,0.8513168935896834,1.5256053796908156
gaussian_medium,0.3,42,25,True,,none,28.523195266723633,1.7483411489945813,0.1325911275865847,0.03647848992171485,0.058452162396131456,0.06795413603070036,0.685269010080893,1.7414231828839544
gaussian_medium,0.3,42,26,True,,none,28.508987426757812,1.5273957036275363,0.07836599580484842,0.03640713005706223,0.02991225789921437,0.06297893913044522,0.8599314694566635,1.3956774577189213
gaussian_medium,0.3,42,27,True,,none,29.178104400634766,1.8069175452742592,0.07612758904746092,0.08181138977250685,0.09907231790296028,0.053279663216046456,0.8380636046126745,1.8069175452742592
gaussian_medium,0.3,42,28,True,,none,27.943836212158203,1.9567841605149097,0.0395457037478568,0.03018530510954107,0.055912874402246605,0.04934052256307383,0.7090228295604045,1.5389935442030338
gaussian_medium,0.3,42,29,True,,none,28.806644439697266,1.555338971933803,0.06984124034729586,0.043784277993878636,0.04206772893158656,0.07506131799007287,0.6974433916601783,1.3774935066502336
gaussian_medium,0.3,42,30,True,,none,28.960298538208008,1.8898119662477124,0.11468806365572658,0.03588423667619577,0.03087087436881357,0.04195537285171702,0.5934143520864376,1.8898119662477124
gaussian_medium,0.3,42,31,True,,none,28.37087059020996,1.432325973018426,0.0819405425194135,0.04508925898933112,0.0398269786364487,0.11129918822519431,0.8081941242977564,1.227473737038888
gaussian_medium,0.3,42,32,True,,none,28.836830139160156,1.566556306522378,0.09002677277509044,0.035262963216454016,0.061920541050079415,0.2851352683471262,0.985419162321715,1.3176892336118684
gaussian_medium,0.3,42,33,True,,none,29.06195831298828,1.837473447930222,0.09842172423230605,0.04625076485193474,0.022969490335212013,0.08124463544133312,1.0121618625304318,1.837473447930222
gaussian_medium,0.3,42,34,True,,none,28.595806121826172,1.4408396364446103,0.027323545105897157,0.035912445616980926,0.0908134085291325,0.061243293426242795,1.2503316717055735,1.2331233430543824
gaussian_medium,0.3,42,35,True,,none,28.08802604675293,1.5072731753464095,0.03545720508970051,0.024263355096016907,0.07823955946771946,0.053940006456866606,0.8543812096237745,1.468948394539198
gaussian_medium,0.3,42,36,True,,none,29.111095428466797,1.4394422885780815,0.13162926689714816,0.08960798171157645,0.08262013464410353,0.17196408180905967,0.7986617768842621,1.2393116414954006
gaussian_medium,0.3,42,37,True,,none,28.921085357666016,1.264011994084468,0.13135732854924573,0.07312222785030774,0.03686677250233007,0.24555952794928074,1.0796390955428397,1.264011994084468
gaussian_medium,0.3,42,38,True,,none,28.91655731201172,1.7709609268029944,0.039269421853745386,0.02980422487141752,0.06289767907271605,0.08945905690706216,0.8377828949940869,1.6783619942151289
gaussian_medium,0.3,42,39,True,,none,28.292173385620117,1.8238206278969396,0.09051001377920702,0.0179851589186325,0.03315934564560641,0.03976670515164548,0.7587727966996366,1.5401247231433792
gaussian_medium,0.3,42,40,True,,none,28.95856285095215,1.749509643972268,0.10786582262018475,0.037156419032221326,0.047877991421840314,0.04210603834135259,0.6039341419925301,1.749509643972268
gaussian_medium,0.3,42,41,True,,none,29.67535400390625,2.027111489125421,0.08347644712186993,0.03047356943661901,0.07501889845796433,0.1304977368406737,0.9774343577070581,1.9239033615225063
gaussian_medium,0.3,42,42,True,,none,28.391613006591797,1.6600633419959312,0.12360525940600865,0.036398742080609184,0.05903483813354513,0.09726777133419182,0.6133624853464673,1.6416824026505712
gaussian_medium,0.3,42,43,True,,none,29.196073532104492,1.5541195049190903,0.050271029085207815,0.037589402089010765,0.046872742269905086,0.1055462999394946,0.8902049784499328,1.5037774165811442
gaussian_medium,0.3,42,44,True,,none,28.792112350463867,1.8405540067372679,0.07071787698451784,0.025636004632102964,0.015784874100969983,0.032549224477734826,0.5567713309882322,1.8308407578288122
gaussian_medium,0.3,42,45,True,,none,28.865013122558594,2.0200305412909714,0.10906695261868554,0.04242622787865232,0.057419035115831234,0.04558334471364415,0.8963160675485063,1.4368010494170793
gaussian_medium,0.3,42,46,True,,none,28.24591064453125,1.8559633831557758,0.05247402373260363,0.023763556335354145,0.03144009305594834,0.05218552069325384,0.9788032337206543,1.8557938078352265
gaussian_medium,0.3,42,47,True,,none,28.395261764526367,1.9073792528753437,0.06917212037807803,0.035677307800897826,0.056112823401605776,0.06229033940068514,0.742545482711336,1.6418078313057185
gaussian_medium,0.3,42,48,True,,none,27.969749450683594,1.8230518660767545,0.08662410621722856,0.04292594200698237,0.05631595841357459,0.08452280069378283,0.8849165916727073,1.8052573816128101
gaussian_medium,0.3,42,49,True,,none,28.736997604370117,2.0154963248522044,0.1051461049262319,0.050986834196348564,0.0691071171054985,0.12456897837739705,0.9172612946096554,1.3795738387481777
drift_medium,0.3,42,0,True,,none,27.265583038330078,2.2252470833329387,0.1468329894741041,0.037098278080686185,0.14143757025768983,0.5539132249328924,0.9964267466630499,1.7043578204515524
drift_medium,0.3,42,1,True,,none,26.575803756713867,2.2110176817991443,0.10929335524002848,0.13148756030922276,0.12634185888265723,0.27690070810269724,0.8313003848395603,1.9437731548968669
drift_medium,0.3,42,2,True,,none,27.86827850341797,2.141575045446251,0.09387320504594038,0.059748710366478615,0.06228293620209378,0.1990060558083638,0.956107828913394,2.063892217887376
drift_medium,0.3,42,3,True,,none,27.09674644470215,1.9137012624153147,0.10510391766780537,0.07449832006229294,0.1064122953373293,0.3736693319310408,1.2434191733072328,1.7476645679340561
drift_medium,0.3,42,4,True,,none,30.349254608154297,2.1546812783155267,0.0500240468619728,0.09309435698403076,0.12307069602278446,0.15754285302256668,1.2891108670339344,1.7050304200837494
drift_medium,0.3,42,5,True,,none,28.648889541625977,2.354231297168765,0.05850347778054368,0.04727563715301018,0.14654827096730885,0.227869368095887,1.3183560999147417,2.130523419201143
drift_medium,0.3,42,6,True,,none,26.521068572998047,2.226399417516963,0.0918719469197644,0.07395632696811291,0.02902490663970042,0.34165530358305296,1.3405118314119893,1.9081316231793366
drift_medium,0.3,42,7,True,,none,26.55806541442871,2.280814761977185,0.05359982446719335,0.12584818916197937,0.056167598841525945,0.2003319657553448,1.657511938532455,2.1928625391341265
drift_medium,0.3,42,8,True,,none,26.622516632080078,2.1453569983602825,0.07763275326646785,0.05761421854368792,0.22530094835250064,0.4453444874027213,1.0272697671643574,1.5556514054498594
drift_medium,0.3,42,9,True,,none,27.872821807861328,2.172601533918242,0.11480397180471437,0.056507581077242915,0.07689835818405424,0.20200620883936643,1.1960441107698176,1.5447560059038745
drift_medium,0.3,42,10,True,,none,28.92268180847168,2.216503207641231,0.11733916156885724,0.1235479632531756,0.12069186450890429,0.26135380048851864,1.5103373011757852,2.1636528567545192
drift_medium,0.3,42,11,True,,none,27.40154457092285,2.1392638169035614,0.12316448625124025,0.1373695691344889,0.14016057781365399,0.3355510495670286,0.9742902980633654,2.0192094477035787
drift_medium,0.3,42,12,True,,none,29.35959243774414,2.109631399830601,0.11474087768160252,0.09881852166469193,0.0280316482396231,0.2696656850367089,1.245924847939496,1.6819912765547376
drift_medium,0.3,42,13,True,,none,27.916189193725586,1.774767944683586,0.08400689331663051,0.01536882433060698,0.05741540811507366,0.10726055413486989,0.9113144805959067,1.513266647412396
drift_medium,0.3,42,14,True,,none,26.586990356445312,2.2211929363362164,0.16577727256566835,0.02593277692969805,0.13422389443822164,0.43322093216683577,0.9086189579711987,1.9594780157019691
drift_medium,0.3,42,15,True,,none,27.81233787536621,2.0607643173216275,0.12395768240776417,0.11193526839460104,0.11496596744027872,0.5209934246800277,1.1730698900673056,1.9163321830377626
drift_medium,0.3,42,16,True,,none,26.351591110229492,2.541013906437197,0.19042754846492863,0.039359249711965826,0.06508446028240794,0.12699430686432392,0.9106078297821352,1.9167129303238077
drift_medium,0.3,42,17,True,,none,27.274885177612305,1.862879003659249,0.15091424249941374,0.053037829442769704,0.052896994193591305,0.46139308747046126,1.08696167555446,1.8238002766963273
drift_medium,0.3,42,18,True,,none,27.058835983276367,2.3256859212161953,0.07261715773201759,0.06911775971958621,0.04028063240818474,0.1575384066323466,0.9766271291212378,2.2848560049115973
drift_medium,0.3,42,19,True,,none,28.749216079711914,2.224104224817802,0.033159853776696384,0.07802882856942515,0.07169037299699768,0.11792923541568885,1.0267041876465481,2.1754166394294763
drift_medium,0.3,42,20,True,,none,27.035076141357422,2.071302152078757,0.12184690314184655,0.11675345265220384,0.15551693137023012,0.4261212084100966,1.0199905770958548,1.8891752004793787
drift_medium,0.3,42,21,True,,none,25.71027946472168,2.1315878902182,0.1337162098317875,0.09332977862830093,0.0831826417018809,0.1887681849376068,1.1590446666801437,1.8872565719956105
drift_medium,0.3,42,22,True,,none,28.56722068786621,2.330639563846162,0.11661536115334545,0.07312853295103652,0.0539880438946756,0.39358993485097,1.1025321076321817,2.1167740367923393
drift_medium,0.3,42,23,True,,none,29.61100196838379,2.828568436980724,0.06565526059959986,0.06019396116850604,0.05816716060169945,0.03526140020332811,1.0296855125403341,1.700574025815318
drift_medium,0.3,42,24,True,,none,27.652393341064453,2.319276128786748,0.04846951536250493,0.13028382543653258,0.07390043839907395,0.3195712754068422,1.2255537824689284,2.2824141079659337
drift_medium,0.3,42,25,True,,none,29.203126907348633,1.8042829641036298,0.1249542662810231,0.16579284763433463,0.09056028435484395,0.5830071742190763,0.8286422139640837,1.5374753883283692
drift_medium,0.3,42,26,True,,none,26.448509216308594,2.1906274782287958,0.13481193445933845,0.10348677213569711,0.12487002010173642,0.3688643387978211,1.083721067823289,1.8095380915656751
drift_medium,0.3,42,27,True,,none,26.42951011657715,2.4516283212782968,0.10694705515756238,0.11881124031312866,0.1844326211082446,0.20203474358334725,1.216699994156271,2.3848787191360223
drift_medium,0.3,42,28,True,,none,26.118362426757812,2.529777575258108,0.07808251639448749,0.06835029494052591,0.04864316327886781,0.2427657306898607,1.0923582244914325,1.7872192299735992
drift_medium,0.3,42,29,True,,none,31.382471084594727,2.167387933222294,0.10374453116984157,0.057602151548075235,0.1486891280926207,0.25480164908611197,1.7871043101599442,1.9367055865358307
drift_medium,0.3,42,30,True,,none,28.52731704711914,2.084738243272333,0.10974456356334734,0.07988203235790692,0.08401875700200623,0.24603707209805328,0.9566483438828645,1.895677840859221
drift_medium,0.3,42,31,True,,none,27.918212890625,2.6238801229094477,0.044731922151486955,0.08331165786673747,0.04307888616365655,0.32803045642927986,1.1598211515990056,1.4889702765769675
drift_medium,0.3,42,32,True,,none,28.559473037719727,2.194572384253102,0.023598216270782815,0.05005661314331888,0.039918476512926994,0.09911649186303655,0.9194122782402895,2.155873064094444
drift_medium,0.3,42,33,True,,none,27.269142150878906,2.169809207809642,0.10047251262931729,0.03352565441528088,0.10098797824678381,0.20095118052958857,1.3547445850232354,2.1117368035553796
drift_medium,0.3,42,34,True,,none,26.572309494018555,2.2620103937352143,0.12558565324530147,0.059688524610286176,0.18890055343033238,0.07255571794378975,0.7738216976603414,2.116752641247206
drift_medium,0.3,42,35,True,,none,28.416622161865234,1.963169979979077,0.10453187235944786,0.06836317064919055,0.2054771259602966,0.4297610724745495,1.4698896055663777,1.9286764253739297
drift_medium,0.3,42,36,True,,none,26.03377914428711,2.2060340849694873,0.07974868165967992,0.14079595803877354,0.15445965943378792,0.4937847314910608,1.236605767376647,2.193264167804928
drift_medium,0.3,42,37,True,,none,29.3770809173584,1.5730577002863617,0.20400201658883735,0.11106083698193803,0.1342426839136668,0.5090144473712808,1.0658464017204228,1.4760010455210573
drift_medium,0.3,42,38,True,,none,30.786006927490234,2.2422395263797554,0.04158534077948219,0.08960268831787058,0.17926948903418996,0.44608284344703125,1.3489267273190062,2.0436693082551085
drift_medium,0.3,42,39,True,,none,26.738370895385742,2.040280306654056,0.09562202040663398,0.0707729650842227,0.04793247308184145,0.25544634947150846,1.038824490846795,1.733503953016422
drift_medium,0.3,42,40,True,,none,27.462514877319336,2.024915729203135,0.11054138515171755,0.050535043090425155,0.10197166752830829,0.3314270940085002,0.945225692770148,1.9037601696220932
drift_medium,0.3,42,41,True,,none,31.15495491027832,2.54426613226187,0.07827285630505793,0.037716270162216174,0.07334228361848259,0.21749386415994304,1.245720792773944,2.3599287723212625
drift_medium,0.3,42,42,True,,none,25.83514404296875,1.9550571358308564,0.06520436664807902,0.07877482350240902,0.17082355975703503,0.5411141767298364,1.135997048818661,1.843160552401109
drift_medium,0.3,42,43,True,,none,26.96880531311035,2.18290522313657,0.05921363367410888,0.042032455834543014,0.03903883524314119,0.12237546660880648,1.0701618484328037,1.946815607382038
drift_medium,0.3,42,44,True,,none,31.788410186767578,1.8603726388978765,0.13354690117100174,0.06088113217685054,0.11443725593997063,0.432520616614716,1.3990704895841346,1.8502683968550746
drift_medium,0.3,42,45,True,,none,28.6710205078125,2.277141763299564,0.14172268335840565,0.19442183431289856,0.24914094375790197,0.3953128345586348,0.8808910547722599,2.198161042633403
drift_medium,0.3,42,46,True,,none,27.755815505981445,2.200355539523014,0.12893437650204087,0.11093576017031063,0.050911947951876944,0.1942706494192644,1.1619520483676213,1.8970896144783493
drift_medium,0.3,42,47,True,,none,27.75046157836914,2.7610057838307025,0.10720785578185361,0.11146242306888297,0.03765313453386344,0.2576527450126023,1.2152652034156233,2.0599588151705057
drift_medium,0.3,42,48,True,,none,26.287748336791992,2.5709239603822387,0.13233405283086944,0.05658967185830742,0.11911811309074327,0.22611473776877403,1.3687916927879054,2.306631591469425
drift_medium,0.3,42,49,True,,none,27.009912490844727,2.238227442913251,0.10091907273758277,0.04554342276940146,0.07217889405856082,0.055662232974496385,1.1284219043738426,1.9113486285448251
burst_medium,0.3,42,0,True,,none,28.5640926361084,1.7484838739032624,0.14590123365006824,0.047052122436509546,0.04229820450869867,0.2948895576658183,0.8466007448383724,1.726388471537782
burst_medium,0.3,42,1,True,,none,28.010692596435547,1.5024652876649378,0.036795197086216466,0.032109224402622136,0.06097866381275351,0.03190377302423135,0.5299930854073881,1.5024652876649378
burst_medium,0.3,42,2,True,,none,29.557113647460938,1.6390396411614128,0.17318598140690616,0.053594182506377284,0.15093412142685797,0.43187411691872674,0.7050742812918782,1.3391708671198563
burst_medium,0.3,42,3,True,,none,27.346416473388672,1.3320653617040317,0.1264454786013618,0.03888383350383978,0.035231175758778245,0.04219489878848405,0.5770616433913943,1.303962923383375
burst_medium,0.3,42,4,True,,none,27.236249923706055,1.4281228041664717,0.028455461644076908,0.024005845714444085,0.042803767351666924,0.046727522122611005,0.9234527833887669,1.3993036949373314
burst_medium,0.3,42,5,True,,none,27.673547744750977,2.1496195469411887,0.03386196059168283,0.023922324898225877,0.043018805141007865,0.03703101633881102,0.7739224916288895,1.475775982862767
burst_medium,0.3,42,6,True,,none,29.242773056030273,1.7170911493742096,0.12863979164661724,0.08949680126676855,0.040817454573837314,0.046211745836354526,0.5812818225507798,1.7170911493742096
burst_medium,0.3,42,7,True,,none,28.510412216186523,1.5013580828320292,0.07633708482882014,0.0658012026322671,0.030525452749180143,0.221140382537875,0.7352466375442811,1.3556923972252457
burst_medium,0.3,42,8,True,,none,27.544878005981445,1.3382218417449927,0.05807276624450023,0.03636955705015332,0.01712605574746324,0.024026906000919588,0.3362911466725043,1.3382218417449927
burst_medium,0.3,42,9,True,,none,27.331008911132812,2.144784839432403,0.040726116384256716,0.04219011227176806,0.037544319185745946,0.05739649954108063,1.1326505186378093,1.9761072287855874
burst_medium,0.3,42,10,True,,none,28.22613525390625,1.7437654103381062,0.10944265831003612,0.030224025158893077,0.02613930922024338,0.07574640997785495,0.27544614734106754,1.7437654103381062
burst_medium,0.3,42,11,True,,none,28.09973907470703,1.7299681934945776,0.2096937877750658,0.055121004119999886,0.06994191808619363,0.1817407511884784,0.7061999177704174,1.5010797793671078
burst_medium,0.3,42,12,True,,none,28.637285232543945,1.5866084107582776,0.10487749173973171,0.07462635356653109,0.06034642445508177,0.04034281807172289,0.7219376444320216,1.4630013049008033
burst_medium,0.3,42,13,True,,none,26.76654815673828,1.569637056283298,0.11752609507468063,0.05311225116679479,0.046634380484366245,0.07657060770010318,0.4274315414403022,1.3413061666104753
burst_medium,0.3,42,14,True,,none,27.662559509277344,1.4603143100285234,0.1611786290220532,0.025053558124323888,0.03401337014466249,0.0739468610776125,0.5771983868917948,1.295537892919441
burst_medium,0.3,42,15,True,,none,27.614521026611328,1.7103623197961544,0.06909952459694534,0.04834214430986243,0.06493020101696816,0.0632167324770916,0.9500060846825363,1.7103623197961544
burst_medium,0.3,42,16,True,,none,28.337732315063477,1.318328561554629,0.15492475351701546,0.019691862245971817,0.021467031578566904,0.07907279519959498,0.10356282004116057,1.318328561554629
burst_medium,0.3,42,17,True,,none,27.97702407836914,1.2669466024737115,0.0949822068513311,0.0567110036385097,0.0625598274989062,0.03492341057875609,0.5734260400170057,1.2669466024737115
burst_medium,0.3,42,18,True,,none,28.733905792236328,1.7235011064917494,0.17313301611305204,0.04922274084220292,0.025026922527434797,0.12270350376065921,0.9065221754978807,1.7235011064917494
burst_medium,0.3,42,19,True,,none,28.811134338378906,1.5322599746654995,0.14104156259006573,0.02770147172691171,0.0365441861499693,0.05130455046061362,0.28398261222614263,1.5322599746654995
burst_medium,0.3,42,20,True,,none,28.29931640625,1.9123069170273044,0.06455350965906108,0.05826667916033682,0.044663611296102065,0.050236128131168026,1.4304001224149332,1.903282983961742
burst_medium,0.3,42,21,True,,none,27.95612907409668,1.640772675922262,0.03934863140762646,0.03174504548593186,0.044106966741990876,0.06819350507169432,0.7676801838379224,1.640772675922262
burst_medium,0.3,42,22,True,,none,27.57944107055664,1.7680985619466303,0.05805035382827575,0.05253851705835228,0.03637992132942014,0.056505600507162204,1.0293598357747331,1.7049987658238266
burst_medium,0.3,42,23,True,,none,27.82062339782715,1.7869944318154605,0.14632885919800814,0.13699565136270336,0.11873871766534334,0.29394870998707484,0.9303514246630691,1.7046156872690537
burst_medium,0.3,42,24,True,,none,27.41082763671875,1.7709291785631753,0.09881922056667178,0.034447633692785716,0.023824212053697016,0.03470989484806773,0.45795569917951734,1.4419691058769317
burst_medium,0.3,42,25,True,,none,28.458892822265625,1.670663113626492,0.10703975020815208,0.03947058692380858,0.03639504938749655,0.26212597820555733,0.9240631057606227,1.606414681323356
burst_medium,0.3,42,26,True,,none,28.183177947998047,1.7865206356559244,0.09846998183753498,0.049098934785593074,0.042028244173505154,0.07552247091063873,0.7107458299921499,1.63832798799024
burst_medium,0.3,42,27,True,,none,28.447509765625,1.5299660952152205,0.06437671512769844,0.06979109822236242,0.11057361760403152,0.29516132596784367,0.840552036273953,1.5299660952152205
burst_medium,0.3,42,28,True,,none,28.747066497802734,1.6325563885071834,0.09604041632377282,0.07327011312990274,0.03139519136149864,0.042446105741564315,0.7647668986555122,1.6233063456806902
burst_medium,0.3,42,29,True,,none,28.961353302001953,1.4788798182835525,0.09810609831378413,0.07103640157275952,0.022459539296552124,0.0835934452493903,0.4216062084573323,1.4788798182835525
burst_medium,0.3,42,30,True,,none,27.22256088256836,1.6203348282902286,0.10451894241237293,0.034334128867332676,0.053984383592678445,0.0717796388925026,0.5905762553609541,1.605920025773987
burst_medium,0.3,42,31,True,,none,28.161972045898438,1.7743426072984938,0.06519728033680505,0.026137352943381018,0.02834775804873591,0.038826593551046895,0.49353099327583794,1.7743426072984938
burst_medium,0.3,42,32,True,,none,27.79680061340332,1.4586721181472773,0.031010844707621086,0.028087868705760743,0.024220897660312848,0.046661401385378866,0.10590497055946799,1.3225832042819132
burst_medium,0.3,42,33,True,,none,29.260990142822266,1.728405405524327,0.10946767157354759,0.043833979358039905,0.01960697792300451,0.04057180704474158,0.7466061787299485,1.728405405524327
burst_medium,0.3,42,34,True,,none,28.40201759338379,1.6696420492023059,0.12260633762555528,0.09279901169115151,0.038598805104485844,0.07361114275652092,0.6684774259733702,1.603925105178439
burst_medium,0.3,42,35,True,,none,28.02620506286621,1.7069043862478162,0.07663822215884658,0.02663377365258794,0.03781338480828534,0.0725464761312982,0.932105039356134,1.6353346374533604
burst_medium,0.3,42,36,True,,none,29.125316619873047,1.202847279709855,0.22632667132777423,0.02028784651040058,0.029742339274045904,0.08422971098333375,0.5599005072608808,1.202847279709855
burst_medium,0.3,42,37,True,,none,28.343812942504883,1.5379883194423312,0.1746399681701499,0.044191467929959205,0.03230161974658148,0.0611275065535581,0.8408958450450489,1.5063710632312295
burst_medium,0.3,42,38,True,,none,28.007247924804688,1.788407978123167,0.12214642060516652,0.0769851963838178,0.06196056347066235,0.08257484181534919,1.0663325806188828,1.3606367673056496
burst_medium,0.3,42,39,True,,none,28.535879135131836,1.9244549895175995,0.08904988613292406,0.04906689106362265,0.050694333781821636,0.2353770354133325,1.0150701666470785,1.8360573520172039
burst_medium,0.3,42,40,True,,none,27.179609298706055,1.4615662531041897,0.04280986152569986,0.032332907515941096,0.01665623474223988,0.03849906829515035,0.2933871619105614,1.4615662531041897
burst_medium,0.3,42,41,True,,none,29.515718460083008,1.3586936974809594,0.1358809469807099,0.05719608438412114,0.041261154616837645,0.12247053535612701,0.6081851293329249,1.1607634564730762
burst_medium,0.3,42,42,True,,none,27.64705467224121,1.5196940067049232,0.08780599369788088,0.0591552393228889,0.04012439837068669,0.07123353477806994,0.6982852954104364,1.5196940067049232
burst_medium,0.3,42,43,True,,none,29.488435745239258,1.1306262542437369,0.10708923129463035,0.03597365014548292,0.13023935966892847,0.21422423273922037,0.3194642953055026,1.112051927874349
burst_medium,0.3,42,44,True,,none,27.746427536010742,1.4819864791622428,0.12531290998313419,0.02957460242829947,0.0469003067350981,0.03849127330952579,0.6461394560661948,1.4819864791622428
burst_medium,0.3,42,45,True,,none,29.300922393798828,1.6582158704747787,0.10932231454448751,0.034069452371559915,0.03762482688279718,0.07388658287411527,0.8304006160568314,1.6061764422198932
burst_medium,0.3,42,46,True,,none,28.74519920349121,1.5885022993202538,0.1501614651011869,0.03661235025093567,0.05586129063484386,0.10976150869459712,0.5730186923038534,1.5885022993202538
burst_medium,0.3,42,47,True,,none,26.966341018676758,1.8912344187397032,0.11968425869540514,0.047206376699328145,0.05615766569106491,0.08058725650121903,0.8768865954228348,1.8639562628662283
burst_medium,0.3,42,48,True,,none,28.253772735595703,1.4460478439439957,0.3123069859607189,0.03984735413978517,0.037283769815436046,0.04012979130241652,0.7471925894157556,1.4460478439439957
burst_medium,0.3,42,49,True,,none,28.754446029663086,1.6730802506759321,0.06965435121996316,0.031813844209703165,0.046005046154605364,0.09097436562800539,0.6690621212838803,1.6730802506759321
bias_medium,0.3,42,0,True,,none,28.176584243774414,1.945108639082296,0.1591203288962412,0.048281517949524365,0.11638565220033452,0.5938796630838842,1.0443438029814702,1.7425185087322002
bias_medium,0.3,42,1,True,,none,29.480384826660156,2.0795717650201566,0.11501112304535197,0.14667479917969317,0.10760806960530116,0.4477627027736485,1.1974845085151495,1.928465225882449
bias_medium,0.3,42,2,True,,none,27.212045669555664,2.081122831964617,0.09513720980758493,0.06454049342701718,0.07397729289640077,0.09825715112907787,0.9159978948815969,2.0233943231201725
bias_medium,0.3,42,3,True,,none,29.2813777923584,1.917570687551954,0.11319881312772151,0.05085361029133696,0.15922394614159327,0.3456999123845922,1.082637775334611,1.8037967532098875
bias_medium,0.3,42,4,True,,none,27.53515625,2.2079853289997637,0.057397159847667335,0.09906830166529655,0.10106922236259576,0.1212506868961405,1.028284386793198,1.603697694351604
bias_medium,0.3,42,5,True,,none,29.79022216796875,1.9957045278691368,0.05770156543282916,0.08296071845222736,0.12345174893911705,0.2681239757227244,1.0519203590792718,1.4035436083995991
bias_medium,0.3,42,6,True,,none,27.269250869750977,2.366836598223809,0.09446000939276225,0.028978287055332556,0.0969909583905772,0.3758999059541469,1.1912953899562357,1.843054392806095
bias_medium,0.3,42,7,True,,none,27.17258644104004,1.8337193273181558,0.05441501447796424,0.13515442200919583,0.04410111994060302,0.2257497697976106,1.0765285197946115,1.3940880862667147
bias_medium,0.3,42,8,True,,none,29.896894454956055,2.2088516388889308,0.09940462965380566,0.07796919508996412,0.2660807371144535,0.4428892023002968,1.2025792063448664,2.183145091547176
bias_medium,0.3,42,9,True,,none,28.99162483215332,2.2669094844025155,0.10158525891276385,0.06103997598869059,0.06529359174589922,0.26110817611343273,1.254792132044915,1.8320757870508246
bias_medium,0.3,42,10,True,,none,29.01761245727539,1.5334868236385653,0.16700984046961642,0.0639710022882887,0.09575785125865133,0.22282661334423004,1.2374391612724664,1.5289619395648655
bias_medium,0.3,42,11,True,,none,29.083316802978516,2.2808399559095287,0.15273373748554558,0.10883487400078516,0.0968573486006113,0.44478495136126733,1.1065603141959233,2.0979001784471794
bias_medium,0.3,42,12,True,,none,28.3309326171875,2.256709851305551,0.10908574030650152,0.07420915145360737,0.0665306972535025,0.06659808868043945,0.6197269782091694,1.7168783015114242
bias_medium,0.3,42,13,True,,none,25.83637237548828,2.3739739444691277,0.06002624423367558,0.02619836502919288,0.022726692900345943,0.08230414766951197,0.7236947234856773,1.6868883218015442
bias_medium,0.3,42,14,True,,none,28.72980308532715,2.1237612841527764,0.09989171942301714,0.09067791872658278,0.20843684084946956,0.3394702245256794,1.3465453532942895,2.0444294389563997
bias_medium,0.3,42,15,True,,none,30.297805786132812,2.019236497184383,0.15006388973437307,0.07691704637182117,0.06836836919646888,0.5390967842677367,1.4057566847509588,1.8456942446976343
bias_medium,0.3,42,16,True,,none,30.245512008666992,2.38035152984657,0.23594546506392827,0.06182755259299856,0.07293803248531196,0.10189539365020536,1.3574327573536034,2.2748812174308712
bias_medium,0.3,42,17,True,,none,26.636693954467773,2.033612966339446,0.14253328271780524,0.07582593346580378,0.07296625269684025,0.31870045836341093,1.4283824906358593,1.9675037751354874
bias_medium,0.3,42,18,True,,none,28.28046226501465,2.924908271012113,0.08640537219902834,0.07616475930697528,0.04254929391504265,0.24868887739144,1.406782814719668,2.5514858283961286
bias_medium,0.3,42,19,True,,none,27.810222625732422,2.2406612418865177,0.0386085586312065,0.0871445980388005,0.10747181187380075,0.28233930245619543,1.0021437978467924,1.79959045896266
bias_medium,0.3,42,20,True,,none,26.721872329711914,2.30708682574815,0.1264849584576886,0.1502374095375932,0.05669052191858555,0.38337549298253815,1.2407545800220885,2.2184349430663803
bias_medium,0.3,42,21,True,,none,26.041698455810547,2.149263941022707,0.12977913106673178,0.09891372575577406,0.12350001276561724,0.2601746167559343,1.3617438924863325,2.0890575620391334
bias_medium,0.3,42,22,True,,none,30.56793212890625,1.7107755603010213,0.12761995995421538,0.11555252954846312,0.18797569170646364,0.33043343177634815,1.1605280391378985,1.6920673083053408
bias_medium,0.3,42,23,True,,none,28.006603240966797,2.8838309293808866,0.07119381976354275,0.05999230004597929,0.047066255437168636,0.16254693044285387,0.9563682675807486,1.7082359738897743
bias_medium,0.3,42,24,True,,none,29.32559585571289,1.764356532796639,0.059706594627082984,0.147410721354193,0.03439480838331863,0.5188610483223932,0.6733677397581582,1.3725897471280526
bias_medium,0.3,42,25,True,,none,30.495595932006836,2.0171914028162505,0.15300603730200213,0.15650771512597175,0.10769015298875576,0.4448839846825091,1.3985185846011863,1.76299431814702
bias_medium,0.3,42,26,True,,none,26.420154571533203,2.278373684238416,0.11252330382617189,0.1010483517104819,0.04092567098942266,0.3066678273222106,0.9640488128692711,1.8522465089556832
bias_medium,0.3,42,27,True,,none,29.146127700805664,1.6879619771830827,0.1184527883691685,0.11758427734900366,0.18557164927889905,0.39371521021653016,1.123777171999629,1.662203945418007
bias_medium,0.3,42,28,True,,none,28.31015968322754,2.2073377447185614,0.07887250333722207,0.10434753000261461,0.15846420701738612,0.30464729231977683,1.160214679948518,2.1182263291525363
bias_medium,0.3,42,29,True,,none,30.55742835998535,2.3546327550884842,0.10210012896016529,0.1015546810369396,0.11997755686009431,0.3026556266698457,1.5916815160538227,1.769608940480644
bias_medium,0.3,42,30,True,,none,28.34938621520996,2.167683819078757,0.10491928374895836,0.05619801504620518,0.06011927997563192,0.23641928966254044,1.131193395302018,1.7632281466533362
bias_medium,0.3,42,31,True,,none,27.46488380432129,2.787588590402053,0.05173164949373161,0.06562168001295045,0.10684977365283369,0.2725075772385562,1.3084872803393464,1.5939481404914617
bias_medium,0.3,42,32,True,,none,32.186100006103516,2.580508649414353,0.03384540590536895,0.05519055341594531,0.0370946028725637,0.11017012821846459,1.3352889425466907,1.6060237842063934
bias_medium,0.3,42,33,True,,none,27.853368759155273,2.1479977818718363,0.10167293194352417,0.0713429856774288,0.09505838711634866,0.3076395190924205,1.1563361538566812,2.07785562766071
bias_medium,0.3,42,34,True,,none,26.58364486694336,2.141370065727115,0.1471032020225989,0.10826406918894674,0.06677085139513331,0.28780163855366014,0.7920479319653808,1.5432805037195878
bias_medium,0.3,42,35,True,,none,29.580312728881836,1.93819433526858,0.09371004788873724,0.0800606455872034,0.2269535915132332,0.3077152274995321,1.4296122277603454,1.8332379462020676
bias_medium,0.3,42,36,True,,none,29.267719268798828,1.6668135717929184,0.12195795630059789,0.1323777473294517,0.19913581633680258,0.5131237877680487,1.0554352756343972,1.5532292018921459
bias_medium,0.3,42,37,True,,none,28.728059768676758,1.815077237586611,0.19568944980730155,0.10164155838649472,0.12207582402626016,0.3982306927432546,1.3193855215350194,1.5106556276105472
bias_medium,0.3,42,38,True,,none,28.324068069458008,2.5302379432690776,0.039373729428541795,0.03968513201080464,0.1653630676591742,0.3387041772898401,1.1106619156798454,1.6718459909621148
bias_medium,0.3,42,39,True,,none,28.755035400390625,2.244593139808675,0.11705702337854144,0.05010779932154918,0.08376007330588622,0.20568303393980536,1.1754298155186302,2.110634111761998
bias_medium,0.3,42,40,True,,none,26.386280059814453,1.909088188115969,0.08252512868117953,0.06841298509437903,0.05673946092025991,0.08679425427897564,1.1146764963844185,1.591095229478049
bias_medium,0.3,42,41,True,,none,27.172447204589844,2.2277854753323174,0.0717828242409566,0.04333373877364311,0.06624635890000748,0.16977163318632205,1.1592454798786884,2.0408082234817004
bias_medium,0.3,42,42,True,,none,27.0279483795166,1.995747920396133,0.06799549663415029,0.09043373138970381,0.12105497550764524,0.3303459096635467,1.2469293076324852,1.9129324891662265
bias_medium,0.3,42,43,True,,none,26.82907485961914,2.3209661252608003,0.08126390820520327,0.058395601692100035,0.03901347556863553,0.09925989041896194,1.1843527311565651,1.6861145182565374
bias_medium,0.3,42,44,True,,none,26.930992126464844,2.2443034505067168,0.12218937010014637,0.05165069547981616,0.12693892084369032,0.4427392044503186,1.0844021219646418,2.1362054083952757
bias_medium,0.3,42,45,True,,none,30.68836784362793,2.318848299157393,0.15436421195227856,0.031134650251856244,0.1456481346555677,0.5798101661312307,1.3534772456481245,2.243677392611493
bias_medium,0.3,42,46,True,,none,28.89777946472168,2.3999606046614392,0.15352926689813062,0.11646912935774106,0.06778007829288407,0.1249572314179409,1.2604965914972792,2.2926194337557813
bias_medium,0.3,42,47,True,,none,30.210586547851562,2.222616642211839,0.10842559217068401,0.06836043089773124,0.08606810820310755,0.201152227567528,1.1017472800183377,2.068585207529465
bias_medium,0.3,42,48,True,,none,26.59603500366211,2.1060036032556657,0.09990185511328097,0.045930286200688085,0.14047629141415294,0.1775157839889618,1.1286327469484738,1.9722941655364925
bias_medium,0.3,42,49,True,,none,29.353559494018555,2.1073153347536437,0.11268964546949113,0.05270070657303949,0.09150362582967503,0.1684667115651404,1.4575806997926959,1.954605090193722
jump_medium,0.3,42,0,True,,none,31.315282821655273,1.50756722711073,0.1697270367533925,0.041459940801632456,0.07442070227656006,0.2712086420357927,0.9447127129334822,1.4313804452940286
jump_medium,0.3,42,1,True,,none,28.098907470703125,2.3075955148301235,0.09867960913532568,0.0650436070432842,0.0773222566792283,0.2513197131287458,0.8246189230943852,1.7177766223344237
jump_medium,0.3,42,2,True,,none,27.508480072021484,1.6813235045529809,0.12868897798794704,0.026689143198573118,0.0373343566690049,0.15938316272979164,0.48633490236878835,1.6813235045529809
jump_medium,0.3,42,3,True,,none,28.7034912109375,1.7640238596800906,0.08647947369153577,0.06515196131929467,0.05124385706934632,0.11205602468143373,0.9132062511248487,1.7495638364408288
jump_medium,0.3,42,4,True,,none,28.174169540405273,1.9339160149446637,0.054194282809885565,0.12477103493872754,0.06293132405493304,0.4010256622506495,1.0310765722144515,1.6418305719487494
jump_medium,0.3,42,5,True,,none,28.718421936035156,2.3455849789210252,0.030280522737402695,0.05263361251500126,0.04796720709769243,0.060108340051603315,0.8181897893345076,1.5239767305138132
jump_medium,0.3,42,6,True,,none,27.78271484375,2.3151727295521423,0.08313868639928917,0.13611448399275103,0.04170116061159063,0.18604303000819886,1.0122655375295662,2.264355809404507
jump_medium,0.3,42,7,True,,none,27.827651977539062,1.4528028969155693,0.05486536150721911,0.059623001733113155,0.03966636413946956,0.09565645227072396,1.2851930055393013,1.280203239663917
jump_medium,0.3,42,8,True,,none,30.154438018798828,2.0479247668155263,0.06508053702593761,0.040843034228972,0.03641435591462512,0.08561691098947927,0.8414924037697127,1.9576621934379035
jump_medium,0.3,42,9,True,,none,28.26873779296875,2.0711432404869683,0.0536650912594152,0.02582006581025344,0.0499403387267793,0.11111168501388544,1.217655113866332,1.7908500588650633
jump_medium,0.3,42,10,True,,none,27.917400360107422,2.2147167937220233,0.05921626950788213,0.04629519255079884,0.03965372444891916,0.2606040217030961,1.0388816351768526,1.6996631564316504
jump_medium,0.3,42,11,True,,none,27.84112548828125,1.6720596163946702,0.05679101237086106,0.09670446508173348,0.05960998845870357,0.05605221722184989,0.5215977084040414,1.6720596163946702
jump_medium,0.3,42,12,True,,none,28.892318725585938,2.2998940960125887,0.09956062130076859,0.04639231268317311,0.07409894468874825,0.14747368038953748,0.961314687656936,1.6445626538708817
jump_medium,0.3,42,13,True,,none,28.104063034057617,2.0243699565627233,0.08908597149470397,0.03634493647050438,0.03510780946254189,0.05766808528851981,0.6841237297342935,1.4949272889001373
jump_medium,0.3,42,14,True,,none,27.873767852783203,1.581818376412468,0.12449377205688239,0.05167893475694305,0.08811530326184777,0.3072840059964074,1.2531364330103427,1.4766827855609574
jump_medium,0.3,42,15,True,,none,30.040861129760742,1.79091773362416,0.12253814262540479,0.051706015657743576,0.037017940737804816,0.14950978030283668,1.3179764163967913,1.79091773362416
jump_medium,0.3,42,16,True,,none,28.846384048461914,1.8973249165716386,0.07254180645852634,0.033838054368457895,0.049005617029981095,0.1636934920521287,0.8023447395946544,1.3638072611036254
jump_medium,0.3,42,17,True,,none,29.36074447631836,1.7697650306048558,0.1399997141642708,0.0981714266492913,0.08494400600646551,0.17931256870513151,0.638669487048728,1.7241171267934376
jump_medium,0.3,42,18,True,,none,27.406492233276367,2.3761244460279025,0.04815148580283909,0.02851763004816501,0.04235012422901019,0.03485754475121835,0.8897196088144642,2.3075637601423082
jump_medium,0.3,42,19,True,,none,27.13030242919922,1.3423808933781438,0.060223359948862826,0.029856450190052775,0.03959201945200233,0.04053923665247349,0.5102303495093536,1.324430811498532
jump_medium,0.3,42,20,True,,none,29.03969955444336,1.8503091506979787,0.05554180275539017,0.04438408328261781,0.046609276662501406,0.043844517986820465,1.1409660322039255,1.7880731068161972
jump_medium,0.3,42,21,True,,none,29.370380401611328,2.1932691202503976,0.05035542363313549,0.042796038067709624,0.13778901914696556,0.3380328113955461,1.1145532204383652,2.1266256331708107
jump_medium,0.3,42,22,True,,none,29.542726516723633,2.0304901022252557,0.11165496246995595,0.061312418163596095,0.06341212419292087,0.4048472449848306,0.7845883723779612,1.2010093901611327
jump_medium,0.3,42,23,True,,none,26.921794891357422,2.7597824373899704,0.05870767112311319,0.055236778566389984,0.038106933368466135,0.05198529123068388,1.0110320833028255,1.6145385151017837
jump_medium,0.3,42,24,True,,none,27.376617431640625,1.320918170297573,0.12696876125366197,0.03648366006265258,0.1354780155248133,0.05791056077219949,1.0314688409992272,1.320918170297573
jump_medium,0.3,42,25,True,,none,28.439212799072266,1.7889911698392253,0.036668652750875635,0.15304866362814276,0.1393540968837615,0.3683501775528975,0.7885317536691063,1.7111361610424736
jump_medium,0.3,42,26,True,,none,28.135351181030273,1.489001242173636,0.0830116789363459,0.025831366935201553,0.01995125058578675,0.05551438381897201,0.46100003082802027,1.4764010383462143
jump_medium,0.3,42,27,True,,none,29.5407657623291,2.089661384239033,0.10012234872145802,0.06161294956825668,0.06136645953187733,0.17187981784420978,1.065326049031947,1.8930781203793756
jump_medium,0.3,42,28,True,,none,28.100433349609375,2.1680581397288257,0.061504636739754544,0.034090998932696535,0.05085590014545217,0.07053411253945367,0.983740895241374,2.076054140290679
jump_medium,0.3,42,29,True,,none,27.37879180908203,1.4304902085409423,0.08227930341713226,0.02328590526582972,0.03201660957285821,0.08072358437743822,0.7494496401246433,1.413556606163235
jump_medium,0.3,42,30,True,,none,27.146516799926758,1.7688975551956774,0.07594581408430058,0.07483454975015881,0.06215668363753289,0.10540615848606663,0.668770573003852,1.7014748608958463
jump_medium,0.3,42,31,True,,none,28.052356719970703,1.4587070766004708,0.0437429591901303,0.03930559173670209,0.03141306253934836,0.04648075746287867,0.6924427814141811,1.2504842619728058
jump_medium,0.3,42,32,True,,none,27.91401481628418,2.2459258502432746,0.05847877275448907,0.10978042486914698,0.10411233852435464,0.13658222679397028,0.7820734991300294,1.6607922920687022
jump_medium,0.3,42,33,True,,none,27.029701232910156,1.7282476358265242,0.09717598014173055,0.027069793480589938,0.02269070363605822,0.06882576699444169,0.6337174944941373,1.7282476358265242
jump_medium,0.3,42,34,True,,none,28.385425567626953,1.7522679512738486,0.1426714147476785,0.07710760353576335,0.085172055926014,0.11649732015476474,0.8505704603378491,1.7092503904502097
jump_medium,0.3,42,35,True,,none,30.585689544677734,1.9472430093267423,0.07281124400950341,0.03455880388536618,0.06939522185967816,0.09480425433586842,1.1080278125127299,1.9202902282088317
jump_medium,0.3,42,36,True,,none,27.285871505737305,2.007102277480513,0.1838957384529319,0.04344783420940362,0.03195410843586338,0.10426494801344134,1.0750636528130444,1.4335020289059632
jump_medium,0.3,42,37,True,,none,33.61556625366211,2.214896079370741,0.2260776777584932,0.13483820827868054,0.07244841136877642,0.35298128548444013,1.3805581984975694,1.5162826398422038
jump_medium,0.3,42,38,True,,none,27.0603084564209,1.9397424343095504,0.12821272004488615,0.033589930450249134,0.033380564586914484,0.11195473512125512,0.8156269853116832,1.3776641507892604
jump_medium,0.3,42,39,True,,none,27.591690063476562,2.059356488137509,0.08941909877124239,0.05093259937895911,0.06101603014853294,0.11775699415228817,1.1333036130873837,1.8843852114046256
jump_medium,0.3,42,40,True,,none,29.79323959350586,1.98724341505028,0.04125691317846847,0.03526049107004677,0.04843810094732433,0.06619315206961378,0.9960677352289689,1.98724341505028
jump_medium,0.3,42,41,True,,none,27.7326717376709,2.2080090195124766,0.11284870737769864,0.021268802191851247,0.03176463565956062,0.07074678432142786,0.8053664622872719,2.201999847418307
jump_medium,0.3,42,42,True,,none,27.316261291503906,1.5066616686191585,0.04882697763011355,0.02479722786537663,0.04185430953348494,0.06914763232045679,1.0126915174595714,1.4779133050244426
jump_medium,0.3,42,43,True,,none,28.360986709594727,1.8569255067938253,0.13217853067918006,0.030363799607448127,0.032195594308147196,0.09510165682081366,0.7408981438593306,1.7723967731053352
jump_medium,0.3,42,44,True,,none,27.78606605529785,1.3729005063827089,0.04266967895105772,0.0711215867778411,0.04682834152764442,0.10039471021634762,0.7383991455667959,1.3729005063827089
jump_medium,0.3,42,45,True,,none,27.816547393798828,2.1079510165122173,0.0968170089974318,0.0294557500044651,0.06659300044499375,0.1559764493981257,1.1282194629485933,2.0521575453457763
jump_medium,0.3,42,46,True,,none,28.04173469543457,1.8036797146224723,0.09595144757636163,0.0501587806282094,0.03336071239730548,0.04476896342575541,0.24736353843004366,1.8036797146224723
jump_medium,0.3,42,47,True,,none,27.607088088989258,1.4054694012699607,0.10040757475236932,0.031222322759069367,0.026709039511579054,0.06910951285686819,0.5666093727763533,1.4054694012699607
jump_medium,0.3,42,48,True,,none,27.464338302612305,1.885918476922077,0.062080769020091735,0.029575217089011934,0.07441555093867425,0.0965921466162802,1.0404469115838613,1.8769203897335676
jump_medium,0.3,42,49,True,,none,27.93128776550293,1.5378333495215435,0.19510913581856185,0.039460258189523624,0.038050803653964786,0.10841914372961753,0.7042633935662398,1.496650074172829
combined_medium,0.3,42,0,True,,none,27.878978729248047,1.6880126846613062,0.06431760433384713,0.06780950439077739,0.026861949134189402,0.05946140268334317,0.7253547600727607,1.6257196430074428
combined_medium,0.3,42,1,True,,none,29.614391326904297,1.6415577339693501,0.11809277860597733,0.050156786899023795,0.16075914875528285,0.10735455686199805,0.5393077360378598,1.6415577339693501
combined_medium,0.3,42,2,True,,none,28.817079544067383,1.8011451540072911,0.09867885314252803,0.030586887740647578,0.023990185026055332,0.03855133385651267,0.7142579557608808,1.8011451540072911
combined_medium,0.3,42,3,True,,none,29.22852325439453,1.5596869777433318,0.06962918374879323,0.047330029520491,0.03947457298591802,0.04768745928516566,0.8927858103304871,1.55964133927794
combined_medium,0.3,42,4,True,,none,29.13555335998535,1.8132917042855314,0.05655748609651952,0.02455792944967572,0.023564070873073096,0.05061232449322484,0.5275443441358484,1.8132917042855314
combined_medium,0.3,42,5,True,,none,28.97026824951172,1.891032412176546,0.09751189814152411,0.05496166708730133,0.02011077089330234,0.08094339559419048,0.6012144041099293,1.807936104080458
combined_medium,0.3,42,6,True,,none,28.422828674316406,1.9592795973128727,0.0995492361490575,0.036529689191940135,0.03711870034652347,0.03294487207192277,0.7682008853638852,1.8575865865584182
combined_medium,0.3,42,7,True,,none,26.735944747924805,2.064262626340175,0.03249545518862183,0.08861902260264248,0.023080025836566077,0.074384510865851,0.9243290710678655,1.665845700723252
combined_medium,0.3,42,8,True,,none,29.426074981689453,1.9065163925136757,0.06600394319747298,0.050007682914079206,0.04838907073327799,0.10663494607889412,1.0503754446959541,1.4423233442185897
combined_medium,0.3,42,9,True,,none,28.317138671875,1.7975465000431063,0.10524292787141916,0.04076281470109189,0.033532550490766866,0.13971551827700165,0.9092863747220526,1.7975465000431063
combined_medium,0.3,42,10,True,,none,30.865985870361328,1.900483194759306,0.05348312214541876,0.0991864444794378,0.039524529857221616,0.06860026015122946,0.4989780598968705,1.900483194759306
combined_medium,0.3,42,11,True,,none,26.899335861206055,1.9007677716288525,0.12064298254660909,0.05748936141041753,0.10715201036741463,0.21323878732781246,0.7781294685733272,1.9007677716288525
combined_medium,0.3,42,12,True,,none,31.45705223083496,1.8041025036110845,0.15062372317337366,0.02887075486520019,0.03694232112763433,0.05236164907602135,0.8173053671902278,1.8041025036110845
combined_medium,0.3,42,13,True,,none,29.95025062561035,1.8665139319050492,0.13670165786203453,0.14974035295018495,0.0636829545104551,0.4389944986573225,0.597878388794006,1.4692564512381396
combined_medium,0.3,42,14,True,,none,27.36710548400879,1.9780367820188758,0.14448641925324474,0.06637509930865322,0.10777239409094287,0.15280774763474367,0.6552003588542304,1.9727470984351365
combined_medium,0.3,42,15,True,,none,29.600095748901367,1.638059729562281,0.053288996637481434,0.034346401976948375,0.02234115577217278,0.0502845029085195,0.8541992507715228,1.5782887591036154
combined_medium,0.3,42,16,True,,none,27.173742294311523,1.8611744408225055,0.05237247729154855,0.020897764502942666,0.02054524467328836,0.05897376774254754,0.41669839404013054,1.854663709689333
combined_medium,0.3,42,17,True,,none,26.820161819458008,1.5855466332598973,0.12213852095245456,0.05521423871720718,0.09802652542128919,0.0556128113171269,0.8362567443221423,1.5855466332598973
combined_medium,0.3,42,18,True,,none,27.3504638671875,2.0451948605592882,0.02299586554827619,0.03601664496914205,0.06445274096997286,0.0509153774162662,0.8255311586662323,2.043062468528239
combined_medium,0.3,42,19,True,,none,27.340503692626953,1.8586472876107456,0.03619096955827392,0.01964729443202599,0.031231664122849615,0.044604036818396614,0.4745093508562667,1.8586472876107456
combined_medium,0.3,42,20,True,,none,29.401039123535156,2.205162968079703,0.11458880379835637,0.028951485577582852,0.07665371731677811,0.11722203641081919,1.04050538942014,1.9850285302689392
combined_medium,0.3,42,21,True,,none,26.664173126220703,1.7521403856912465,0.07749424324066874,0.055857254289295444,0.07211119954265975,0.29205855355892,0.6408351263544958,1.6060416618396294
combined_medium,0.3,42,22,True,,none,26.585939407348633,1.7651611857261462,0.06054247830268676,0.04758575683291008,0.11126852797556859,0.05076099443798404,0.8616326276341366,1.7457789674383208
combined_medium,0.3,42,23,True,,none,29.444076538085938,1.849748310754367,0.0475455378620845,0.04287141113009052,0.1322892777506193,0.11798921582467357,0.9313812120223823,1.5591238524204323
combined_medium,0.3,42,24,True,,none,28.176923751831055,1.516082968791926,0.07410576185653146,0.027975375009911395,0.07959139987090347,0.08221538943318027,0.7860526580440061,1.5153496853366923
combined_medium,0.3,42,25,True,,none,28.350988388061523,1.4273724926513964,0.1337264236601231,0.047548084171372434,0.0457302055982914,0.07348411838726679,0.6517254297562766,1.4273724926513964
combined_medium,0.3,42,26,True,,none,29.021013259887695,1.5332332699999265,0.07215291945997358,0.02646461046789533,0.022911147421971784,0.07825128439774556,1.014275876600504,1.5332332699999265
combined_medium,0.3,42,27,True,,none,26.18357276916504,1.747125559058621,0.056919781519324746,0.07487825401013719,0.04825486643508101,0.1077708104183252,0.8055420983797232,1.747125559058621
combined_medium,0.3,42,28,True,,none,26.842191696166992,1.751019911590266,0.03870069947979944,0.025776759204972893,0.04192016435043648,0.09269060725977712,0.8547948368107806,1.6022664459168432
combined_medium,0.3,42,29,True,,none,28.860986709594727,1.625637129544206,0.066011308522398,0.04270710412435837,0.044750672573749796,0.08637727996587423,0.9551378959363972,1.625637129544206
combined_medium,0.3,42,30,True,,none,28.36190414428711,1.5493532295329626,0.1077326485427621,0.02742711979509644,0.018085299912807933,0.0454564067570193,0.3193204555813491,1.3972651804019398
combined_medium,0.3,42,31,True,,none,30.821638107299805,2.0448675779110563,0.07619229492149256,0.052785354501302006,0.03393462341863999,0.11550707500373118,0.5244708051091197,1.5409365422186179
combined_medium,0.3,42,32,True,,none,28.38302230834961,1.520022778656255,0.07298900517583864,0.022470005839181014,0.041340434201493886,0.1989332556143658,0.8514816147637337,1.407493689076311
combined_medium,0.3,42,33,True,,none,26.370826721191406,1.7673006729784264,0.10740294251039656,0.02776243555260606,0.09881104074701211,0.06648171619404619,0.8959160264884157,1.7673006729784264
combined_medium,0.3,42,34,True,,none,28.946319580078125,1.5869770567936532,0.029059662254262812,0.043484415258974396,0.04576077449431859,0.317937244921527,0.9141489526343731,1.585865690410638
combined_medium,0.3,42,35,True,,none,27.275522232055664,1.6006855291623827,0.03142835359788667,0.022601865805368913,0.08131823955578153,0.05452535350638983,0.7703269379275323,1.5761119976851632
combined_medium,0.3,42,36,True,,none,26.92294692993164,2.084638343230034,0.10729931276011252,0.06287786354738838,0.04991384486180276,0.2028907741881092,0.7408462461952909,2.068996205842096
combined_medium,0.3,42,37,True,,none,29.604888916015625,1.6996209668464877,0.13503480077729926,0.06811700048530829,0.058398244800671996,0.1110457435018563,1.0712389971034195,1.4279371501172626
combined_medium,0.3,42,38,True,,none,26.429929733276367,1.6609206143220985,0.036503232130079714,0.021565187586273904,0.04110849504325492,0.05430669595576994,0.7471815456253431,1.6547532624063934
combined_medium,0.3,42,39,True,,none,27.340335845947266,1.6167927875897885,0.08426955579466493,0.034498693667273456,0.03437079905346307,0.043942231861185226,0.7997968673911904,1.6167927875897885
combined_medium,0.3,42,40,True,,none,29.897205352783203,1.7688165703061136,0.1134134181692469,0.03905249575329341,0.03271951473873244,0.033078426599913016,0.67789107538139,1.7688165703061136
combined_medium,0.3,42,41,True,,none,31.402149200439453,2.260093589819316,0.0947162010745504,0.046111017781436496,0.10672796329828053,0.20699579739096075,0.9278127715770226,2.2108112910851667
combined_medium,0.3,42,42,True,,none,29.346466064453125,1.759420325620369,0.13352751280019134,0.03273045332216181,0.05675249007797164,0.12725338895786978,0.8559442823101157,1.749194240596284
combined_medium,0.3,42,43,True,,none,26.764476776123047,1.6245280421755244,0.05712536715204532,0.0313205007157108,0.03560864818513115,0.09399681959125994,0.9586372490044088,1.5082865608975755
combined_medium,0.3,42,44,True,,none,28.009979248046875,1.8741789717899422,0.06908041944117238,0.02704479254622022,0.01871492670341848,0.035460659447284916,0.6618716057517083,1.3562462644718494
combined_medium,0.3,42,45,True,,none,27.810976028442383,1.8469547221383595,0.09831616174715321,0.04148290893665112,0.057024137176136094,0.07358776904180168,1.0410496861185614,1.8156223273582586
combined_medium,0.3,42,46,True,,none,28.225448608398438,1.9119818379762383,0.04931206973737168,0.030437938685017513,0.040212986981365405,0.049197920549043525,0.9311894752668775,1.9060943032752284
combined_medium,0.3,42,47,True,,none,28.73077392578125,1.830423677520615,0.06265012501850693,0.03278989177953879,0.04852951630140005,0.09887409816562497,0.7726513068544969,1.830423677520615
combined_medium,0.3,42,48,True,,none,30.612165451049805,2.051449773934158,0.11005286544565994,0.0450841894336334,0.05315266842388488,0.0996633956651984,0.6327711632068,1.5177458237480952
combined_medium,0.3,42,49,True,,none,29.073394775390625,1.8670641810580968,0.10884216142782593,0.04912988257142641,0.0475161260319361,0.08452550604563264,0.9200182360846437,1.8670641810580968
gaussian_medium,0.3,43,0,True,,none,28.68462371826172,1.6904847010517186,0.14145735606489107,0.07380465796913796,0.038023305299406215,0.1704738947657848,0.9027254199775264,1.5408317985608875
gaussian_medium,0.3,43,1,True,,none,27.924400329589844,1.6079874721679568,0.21319204340080916,0.024692003815575007,0.06136215602259508,0.05982848854795193,0.954498418136772,1.5996040439809682
gaussian_medium,0.3,43,2,True,,none,28.572898864746094,1.872437137816619,0.06980004512947673,0.04364505836507258,0.03646387499219634,0.045728507582985106,1.111539711680859,1.66412728470749
gaussian_medium,0.3,43,3,True,,none,27.880823135375977,1.6083206207875793,0.051836687333260655,0.0305058217154243,0.025754841774007768,0.1510372971347356,1.1088117925299625,1.398693363933386
gaussian_medium,0.3,43,4,True,,none,28.828718185424805,1.8312919917013053,0.0724442955260361,0.018251611486066428,0.06410701193265776,0.032161842735062014,0.544319005388206,1.8312919917013053
gaussian_medium,0.3,43,5,True,,none,27.790376663208008,1.9523767620885282,0.07488350432646673,0.05787520736306492,0.05195527489724034,0.34732793902760595,0.8787805811301789,1.4899615762225151
gaussian_medium,0.3,43,6,True,,none,28.704586029052734,1.9164212638242375,0.04213615049441983,0.062460485767044806,0.042847675150891065,0.0623189270616328,1.0328355244246432,1.819843828521563
gaussian_medium,0.3,43,7,True,,none,28.783729553222656,2.2771767275028862,0.13231121399586457,0.059501045233916326,0.04329076288689019,0.2663091122385445,1.171089892188813,1.503435938405313
gaussian_medium,0.3,43,8,True,,none,29.041128158569336,2.0715328713487406,0.08529622807371894,0.08442751638197633,0.10123183794304523,0.26276591546700545,1.1156741594845483,1.4736174214177953
gaussian_medium,0.3,43,9,True,,none,27.98357582092285,1.7855552319162262,0.0954855173134005,0.10342937920512647,0.08332120292936351,0.30970432874046755,0.9543344432987185,1.7855552319162262
gaussian_medium,0.3,43,10,True,,none,28.88172149658203,1.7173555110905703,0.1501416008163454,0.019635284442368443,0.0346511091874325,0.07394414916039953,0.4773854724626746,1.7173555110905703
gaussian_medium,0.3,43,11,True,,none,27.917110443115234,1.856481534946913,0.09904125214445943,0.06799678341103828,0.05960657858426491,0.11372998049388311,0.8604567871373777,1.4656191778960705
gaussian_medium,0.3,43,12,True,,none,28.54046058654785,1.9135681202693637,0.08603360434564991,0.06024490311615666,0.06152235499427214,0.18185333307565432,0.8744998524768925,1.4122084830621364
gaussian_medium,0.3,43,13,True,,none,27.982324600219727,1.5326111833621983,0.18264614574477503,0.06977439169028,0.05856511486172635,0.08372256850915147,0.5257317884366219,1.5326111833621983
gaussian_medium,0.3,43,14,True,,none,29.276060104370117,1.5800207971220885,0.1303456991184587,0.11428178543715468,0.11641679132576153,0.13576250816073698,0.5958056778849897,1.5800207971220885
gaussian_medium,0.3,43,15,True,,none,27.92649269104004,1.7792678177093089,0.15862349849254093,0.07630841448563147,0.059186773689323874,0.05725316421402234,0.8039967900038528,1.7792678177093089
gaussian_medium,0.3,43,16,True,,none,28.813392639160156,2.028688640169126,0.15341732882251696,0.04694531037895766,0.044533607783870346,0.1765115738683737,0.8763037354841734,2.028688640169126
gaussian_medium,0.3,43,17,True,,none,28.571640014648438,1.7069711508326664,0.11371225957431262,0.059153465587103,0.06442482414338936,0.09162295556514588,0.9224893017927908,1.7069711508326664
gaussian_medium,0.3,43,18,True,,none,28.6723575592041,2.1102146924452923,0.12715669511597183,0.03227779474255977,0.0629355981511393,0.053818096070044535,1.1788330622420222,2.1102146924452923
gaussian_medium,0.3,43,19,True,,none,29.264808654785156,1.7627553240506937,0.1022864097638777,0.019621805005932084,0.05116579805407668,0.09142799556247574,0.9584549299684068,1.7627553240506937
gaussian_medium,0.3,43,20,True,,none,28.895267486572266,1.9056098796650034,0.05632545797298981,0.028616515104073623,0.08318201614189749,0.03430233698526284,1.0116362824382819,1.8761129639005332
gaussian_medium,0.3,43,21,True,,none,28.420488357543945,1.6008289045180037,0.06714991780655834,0.11998032463939912,0.08423236702031607,0.15004785219374317,0.5991657215556848,1.5986527798549486
gaussian_medium,0.3,43,22,True,,none,27.883825302124023,2.197739020982017,0.08329142868707264,0.03421690788636127,0.04241968374712456,0.17400767359355784,1.3376610274803875,2.1411405990578767
gaussian_medium,0.3,43,23,True,,none,27.84416389465332,1.990841098386169,0.11349621281996475,0.020168569839027782,0.14789063550045292,0.06620093530167497,0.6397296043142755,1.9773259241504137
gaussian_medium,0.3,43,24,True,,none,28.20629119873047,1.6886728590009008,0.1127315891023379,0.048509249169822535,0.0897202805480193,0.06817583602591659,0.7659890016532358,1.3329768385824072
gaussian_medium,0.3,43,25,True,,none,28.517295837402344,1.9354180143258668,0.05245624708965895,0.03371280979846783,0.025441091565213313,0.26559235838952455,0.9050051525301057,1.8625232626831616
gaussian_medium,0.3,43,26,True,,none,28.481325149536133,1.5961126488627282,0.039227114188484624,0.025070358425000848,0.061800293447039724,0.0992908928318255,0.959627164203875,1.507580345401459
gaussian_medium,0.3,43,27,True,,none,29.104774475097656,1.8990589359355179,0.1221366300176138,0.019250983297745824,0.02162432548854745,0.20788811819892603,0.8579068685457804,1.6310361714674488
gaussian_medium,0.3,43,28,True,,none,27.96592140197754,1.913847467850523,0.15146242693027187,0.03621033205877636,0.09428458779872298,0.11998506768640936,0.7012659854857007,1.5784430192257968
gaussian_medium,0.3,43,29,True,,none,29.06856346130371,2.132929719772584,0.09192599901757788,0.044588582270564205,0.05037904269031856,0.06842776154881304,1.1792693737641187,2.097898873123735
gaussian_medium,0.3,43,30,True,,none,28.91827964782715,2.152173923224301,0.1144887158392624,0.18494868252930574,0.09243169712586195,0.15165102508030143,0.29654681961935875,2.1141067276103307
gaussian_medium,0.3,43,31,True,,none,28.311683654785156,1.96903525341432,0.07959467827592628,0.0730922133488643,0.0808689660181466,0.06918182604792922,0.8760655099938808,1.4357220345816888
gaussian_medium,0.3,43,32,True,,none,28.98001480102539,1.7175151855067308,0.0916683910934773,0.060269188179203105,0.10199168397345047,0.1057045945174174,0.9383531050210423,1.7175151855067308
gaussian_medium,0.3,43,33,True,,none,29.071897506713867,1.8735050198168348,0.1356371345166039,0.05070850562344513,0.1438400897782577,0.10644512381963922,1.257046640227905,1.746161786191551
gaussian_medium,0.3,43,34,True,,none,28.65935707092285,1.7558586047197575,0.05133115102771014,0.0507356681774472,0.06614833787270395,0.1000648738699793,0.9625441076936051,1.403002304526789
gaussian_medium,0.3,43,35,True,,none,28.034696578979492,1.6116456082842292,0.15563421372092165,0.04305538558459698,0.053695341641822096,0.04612832907352148,0.9078809006891291,1.5964986185566892
gaussian_medium,0.3,43,36,True,,none,29.411052703857422,2.0245480215175213,0.12732077151573462,0.06755329067107595,0.10335579375141321,0.4389654011078394,0.8322752739497462,2.0162877938847843
gaussian_medium,0.3,43,37,True,,none,28.93070411682129,1.5369196608443065,0.12211354136173634,0.015554973876155932,0.041449696812082076,0.2433092386627994,0.307580892462641,1.5292969936448921
gaussian_medium,0.3,43,38,True,,none,28.8270206451416,1.7834684048062126,0.15434874524873243,0.09175903276239324,0.05886710731147016,0.07302435844746602,0.9232954931402905,1.5802811751959003
gaussian_medium,0.3,43,39,True,,none,28.508644104003906,1.920353474007178,0.06945520314049121,0.020333260128319753,0.04951473861351552,0.04760102401589391,0.9013879511752149,1.9085903052054258
gaussian_medium,0.3,43,40,True,,none,28.863567352294922,1.8758480646995832,0.1273417300565744,0.057019526503084,0.13558828762314767,0.13230614786497683,0.8125502205687911,1.477637246505396
gaussian_medium,0.3,43,41,True,,none,29.80539894104004,2.171869274473112,0.12983734684900725,0.058026063288314514,0.02576453092727941,0.03816807729368409,1.0727049532271735,2.1425210996540223
gaussian_medium,0.3,43,42,True,,none,28.362892150878906,1.6756628176195119,0.049890780374999125,0.026147406150183686,0.08414607387785596,0.15483697252858178,0.8979207967198356,1.5476040457805298
gaussian_medium,0.3,43,43,True,,none,29.352746963500977,2.0812655231776005,0.026879023689138953,0.04647337587921579,0.07280598128466022,0.07731251852314823,0.9425861904651812,2.0495533459924
gaussian_medium,0.3,43,44,True,,none,28.73783302307129,1.7045816039122197,0.17731118528127474,0.07183336453533135,0.06846608707182508,0.055629509412483985,0.6231879103622086,1.7045816039122197
gaussian_medium,0.3,43,45,True,,none,28.802202224731445,1.672888207161321,0.05669020133936619,0.038182611553405216,0.09570870828613745,0.17233908747121143,0.9306844418357807,1.6229185644305952
gaussian_medium,0.3,43,46,True,,none,28.25737762451172,1.909345722785986,0.1139075127806258,0.06561570776789954,0.0569414507370027,0.12864818211646586,0.756313362046671,1.8925103743137315
gaussian_medium,0.3,43,47,True,,none,28.441171646118164,1.8406067663271546,0.07121864244043569,0.04491975013173448,0.06910440072836581,0.06389411893360009,0.9284510912256815,1.790020579548203
gaussian_medium,0.3,43,48,True,,none,27.980504989624023,1.7743352535101249,0.05207436729439004,0.07468903368874849,0.04542444923207068,0.10905889542654432,0.9153016924618059,1.7717027577921964
gaussian_medium,0.3,43,49,True,,none,28.60519027709961,1.9047601701175765,0.12547705586849767,0.052623011982551225,0.09492934996987788,0.1701072534101047,1.4655372021145663,1.7609364351488332
drift_medium,0.3,43,0,True,,none,27.220577239990234,1.925774591671413,0.10858464109777295,0.18021646958513143,0.1907257598289142,0.45477139868370664,1.3315598891119127,1.78137310796031
drift_medium,0.3,43,1,True,,none,26.73322105407715,2.6302202802694805,0.15495748114326843,0.19806634550943736,0.21089741595747452,0.5015821553160551,0.9712652351884559,2.4488945780469566
drift_medium,0.3,43,2,True,,none,27.805574417114258,2.1694727566251157,0.08989414632121562,0.05944359521750436,0.07267108787416891,0.23995963033486226,1.568217836725548,1.8688227118002172
drift_medium,0.3,43,3,True,,none,27.06263542175293,1.8296741397106835,0.07658311054335955,0.06255026199077947,0.2943839831866458,0.4820626323410184,1.3463698967611273,1.6125606758183415
drift_medium,0.3,43,4,True,,none,30.292924880981445,2.2489775041275823,0.1445357538109119,0.1111157897444298,0.12365892387948049,0.20633928574992472,1.9483078908245828,1.5090280417044215
drift_medium,0.3,43,5,True,,none,28.744312286376953,2.5930095528172328,0.131061046888044,0.1722097974074918,0.19300501406571396,0.2190043355897696,1.2456563213851841,1.6226178592975522
drift_medium,0.3,43,6,True,,none,26.5212459564209,2.4025451348040274,0.1132142864892882,0.09345600049217725,0.11909360722722341,0.19626918763251502,1.5302201573036351,1.8270378003527303
drift_medium,0.3,43,7,True,,none,26.416282653808594,2.1302087261613853,0.12098158447041457,0.0797630224314708,0.05734927175594306,0.14386614066517078,0.9994954951597094,1.9388837628954745
drift_medium,0.3,43,8,True,,none,26.677446365356445,2.2224750160143736,0.07735018775935512,0.06348644915171747,0.09497863335212826,0.6472593334814534,1.2880672171343803,1.5117763904011954
drift_medium,0.3,43,9,True,,none,27.79071044921875,2.4456230909960097,0.09796427265342837,0.06802837503105569,0.06610991235769643,0.3151470498377807,1.4788463497735211,2.3409146654292607
drift_medium,0.3,43,10,True,,none,28.92789077758789,2.2559019299282084,0.12597511365303563,0.06847527245079886,0.1449551325807479,0.1782782919086962,1.3441240703704316,2.060858313608271
drift_medium,0.3,43,11,True,,none,27.487594604492188,2.3745261996764553,0.1631918872055195,0.08438088187412844,0.09276790024952812,0.41280873339755547,1.2317982782717913,2.308145080375078
drift_medium,0.3,43,12,True,,none,29.378108978271484,2.310819681573631,0.1556605513655275,0.10250493114006187,0.12348601337661996,0.337937938337858,1.469773044587282,1.689647676320579
drift_medium,0.3,43,13,True,,none,28.080041885375977,2.3625241328118047,0.11639751924100718,0.032207859378397125,0.05145864584803529,0.08610408937192743,0.9500058046887794,2.222604487270516
drift_medium,0.3,43,14,True,,none,26.546749114990234,2.1842792419580848,0.09471485521539375,0.08101125684818608,0.059261851195100926,0.47361061851609954,1.6839580822214983,1.7994467557635418
drift_medium,0.3,43,15,True,,none,27.770959854125977,2.219885743783632,0.1174277258687498,0.09371267039552737,0.12024057566504649,0.434413998796819,1.2163702854932312,1.8186284137968411
drift_medium,0.3,43,16,True,,none,26.37644386291504,2.918604386984047,0.12172383901055847,0.03379846550714541,0.07225103578629276,0.1178563754502412,1.3220190361142237,1.6639542444826319
drift_medium,0.3,43,17,True,,none,27.197185516357422,2.144775750394593,0.1787939999521851,0.07329698755585026,0.10599150584347275,0.40706256039182637,1.2331924950759727,1.9925607614280092
drift_medium,0.3,43,18,True,,none,27.05072784423828,3.2226258427951113,0.11767831028316628,0.08271680035699824,0.13102475386216345,0.15872933502760356,1.0113482130076803,1.5685905260117206
drift_medium,0.3,43,19,True,,none,28.59696388244629,2.388282297993296,0.07875923185325379,0.03801832214296305,0.10827343309565342,0.3738510182478533,1.1991341730724039,1.7243453912985007
drift_medium,0.3,43,20,True,,none,26.872005462646484,2.4754073140399937,0.10780098328848774,0.0971336467628702,0.06373218628514268,0.5644015005384424,1.2307884780620342,2.27146773316165
drift_medium,0.3,43,21,True,,none,25.883058547973633,2.3971362495336828,0.06970542410320851,0.052556027777369695,0.15369520409087697,0.29244607276797224,0.9430250763317332,2.374055744100258
drift_medium,0.3,43,22,True,,none,28.45575714111328,2.2055362795424642,0.06676989796735364,0.1345695411719687,0.23307492306658947,0.7409250946378693,1.8334731766104435,1.6991673206795748
drift_medium,0.3,43,23,True,,none,29.60547637939453,2.3252951876866494,0.1337027406423687,0.03667006133632706,0.03714794955335946,0.09777000088478005,1.458563775258433,1.7915355319997674
drift_medium,0.3,43,24,True,,none,27.659337997436523,2.145378361575144,0.04966745454479276,0.022876562631501687,0.17031649760785225,0.29552368199905055,1.657697765054726,2.06479554884289
drift_medium,0.3,43,25,True,,none,29.31403160095215,2.212922596988427,0.11008493878128776,0.06776222009849223,0.2597069715522535,0.637465522528663,1.0449821675256175,2.0651304306147096
drift_medium,0.3,43,26,True,,none,26.443872451782227,2.0689747212850245,0.13070126850144714,0.11310815769101465,0.15244343392794937,0.20770027295748927,1.035041976928564,1.9734133798870948
drift_medium,0.3,43,27,True,,none,26.275897979736328,2.2256507204711524,0.15547452645250742,0.08231969089866356,0.2289700063103973,0.4941629938373231,1.1915836814371197,2.165016114808325
drift_medium,0.3,43,28,True,,none,26.178558349609375,2.9254558493516356,0.11986334721166003,0.09070650806955573,0.10538417061096716,0.33396033145984044,1.1110018453793848,1.6422098929467435
drift_medium,0.3,43,29,True,,none,31.576677322387695,2.6047542972648974,0.11087150840831488,0.10507627886264896,0.08666850595177922,0.20003668214992582,1.5425922980799127,2.412229873964095
drift_medium,0.3,43,30,True,,none,28.728694915771484,2.4956025161609303,0.0569885422932069,0.09010872488766213,0.22471637019303503,0.1483903433034384,0.9401307531159542,2.2806056688423366
drift_medium,0.3,43,31,True,,none,27.918123245239258,2.7951671947076817,0.11811314795282832,0.08338665945286049,0.11586996925859915,0.23494650648981694,1.622746626069492,1.5835164512192414
drift_medium,0.3,43,32,True,,none,28.5310115814209,2.300153836507583,0.14148274644548967,0.048610154542186194,0.03821211775618602,0.08757095277290297,1.2541593959006352,2.24811543561481
drift_medium,0.3,43,33,True,,none,27.257553100585938,2.085739506037567,0.11175442882560571,0.0597728062571777,0.09335257753016574,0.09762730627193524,1.306702777902915,1.8091117402997785
drift_medium,0.3,43,34,True,,none,26.542802810668945,2.165530997221584,0.14503406057552157,0.09381190139432345,0.08506464105866725,0.04539767303483829,0.9830717917184799,1.4666511036929586
drift_medium,0.3,43,35,True,,none,28.414688110351562,2.092042761425151,0.11687611696736377,0.04597555894997452,0.0695292353875175,0.3662332557331369,1.2443552970470069,1.817056324145739
drift_medium,0.3,43,36,True,,none,26.095130920410156,1.7297817911478528,0.059935872525178964,0.149953110951292,0.2335524743041754,0.4390881474134008,1.1655923033902544,1.7177589748039408
drift_medium,0.3,43,37,True,,none,29.29098892211914,1.738265354862819,0.14175673503979883,0.2167604144020087,0.1725389845107665,0.6286387734545159,1.075286519106475,1.4328507842372942
drift_medium,0.3,43,38,True,,none,30.777332305908203,2.985651409627067,0.16659032402799442,0.12535504156611413,0.263557972310154,0.5997396826260916,1.3517228108389991,1.4367085959040409
drift_medium,0.3,43,39,True,,none,26.908140182495117,2.1651707926008523,0.13516146649121538,0.05897869984445841,0.06417490716535759,0.28343650824125893,1.263567051473231,2.1084322268997036
drift_medium,0.3,43,40,True,,none,27.375652313232422,2.0227334972944013,0.09530015938034254,0.10820695998553798,0.11333798821652011,0.33550628303693836,1.4251569477825328,1.6724872472794465
drift_medium,0.3,43,41,True,,none,30.942434310913086,2.3717626458780576,0.13434585641112154,0.0636244583157124,0.04500334404372588,0.2356816381253241,1.6028243660635555,2.072901731565268
drift_medium,0.3,43,42,True,,none,25.84952735900879,2.303744851125534,0.06604447725446938,0.06817773338971653,0.23608350548109247,0.42751081021492926,1.3663184994280673,1.8455883512800526
drift_medium,0.3,43,43,True,,none,26.816282272338867,2.5844373305448887,0.15359673708648341,0.037887305594211086,0.08393046565086815,0.08406274304775006,1.126209920600196,1.7712371928871744
drift_medium,0.3,43,44,True,,none,31.83420181274414,2.566915272374716,0.14906616356692934,0.05900494696138401,0.18369669698033997,0.534979823308514,1.416720378883797,1.8843529184187713
drift_medium,0.3,43,45,True,,none,28.674978256225586,1.833457503009853,0.05554067597816383,0.06497168509292894,0.1738199916697301,0.3835403826151288,1.4332804196196574,1.7537291227013327
drift_medium,0.3,43,46,True,,none,27.90323829650879,2.6286039017644685,0.13475671087502455,0.04226714244844493,0.0817889509678802,0.2085509034030923,1.445428012477486,2.4067611738657027
drift_medium,0.3,43,47,True,,none,27.91362762451172,2.5250069055754287,0.09876910769225954,0.05275245720568432,0.17471450034352068,0.14707106021197391,1.6832540004196772,2.390824661665081
drift_medium,0.3,43,48,True,,none,26.1845645904541,2.9723598499873995,0.10759661071057693,0.027055010837270566,0.05034457971647248,0.10815593315691124,1.693833314802318,1.6338104310775836
drift_medium,0.3,43,49,True,,none,27.007226943969727,2.179639976536114,0.11371675983122272,0.09753968113014523,0.0707106085640555,0.18539206945080225,1.1535551809280773,1.980705016110143
burst_medium,0.3,43,0,True,,none,28.569286346435547,1.7355544142905706,0.045271115492828445,0.14158666836874995,0.23399235721617784,0.39919183055714363,0.9229777098257259,1.5565593586857334
burst_medium,0.3,43,1,True,,none,28.226993560791016,1.7992564633922836,0.10557366940064802,0.0349216054473363,0.05189180961712596,0.07806264613775314,0.6388970488041115,1.7992564633922836
burst_medium,0.3,43,2,True,,none,29.50797462463379,1.8445555465300105,0.25592708036384076,0.03869692932273745,0.12008572441636427,0.09127299239373687,1.1384286790066758,1.6527853253608773
burst_medium,0.3,43,3,True,,none,27.61435890197754,1.4979990125688651,0.1546040769489166,0.026327062214747177,0.06716831097820292,0.03108767786063533,0.6555806347661126,1.4979990125688651
burst_medium,0.3,43,4,True,,none,27.41763687133789,1.8898268930873185,0.05371165942531385,0.02346202338004367,0.03177150455985658,0.05142097320178939,0.6519773095604703,1.8898268930873185
burst_medium,0.3,43,5,True,,none,27.829784393310547,1.9458660126574086,0.06575115732318021,0.024306552794751125,0.027456532780244736,0.05152985814978979,0.8789113228711205,1.9458660126574086
burst_medium,0.3,43,6,True,,none,29.215864181518555,1.6361389101811732,0.08223906637501292,0.08581767781913681,0.09246342531229552,0.04337305787293627,0.7480189812166634,1.3789574527780235
burst_medium,0.3,43,7,True,,none,28.68182373046875,1.7499351753524708,0.08670796480657982,0.06117500950278195,0.052840534545111735,0.12111421859861596,1.1495292740995817,1.7363632549670123
burst_medium,0.3,43,8,True,,none,27.516923904418945,1.3402299242099502,0.09831809548775257,0.017727578997126327,0.037447434491258084,0.033267703084623464,0.4324319697909222,1.3402299242099502
burst_medium,0.3,43,9,True,,none,27.321866989135742,2.259988522303357,0.1093343619760279,0.030168792669496416,0.03334739603815225,0.05265642036634957,0.21294849113142547,2.038720120614113
burst_medium,0.3,43,10,True,,none,28.245115280151367,1.6610192621807898,0.11897709605379209,0.023223267630343842,0.03182213337811106,0.06659670182860085,0.22815480245696992,1.6610192621807898
burst_medium,0.3,43,11,True,,none,28.122026443481445,1.879798647833812,0.2284801771590105,0.044009904661300954,0.06214050682419044,0.246577496666982,0.873274665447032,1.4783177665671003
burst_medium,0.3,43,12,True,,none,28.790122985839844,1.2796377346460057,0.2621153018427499,0.08569970259148738,0.03198663050123519,0.030078072062647915,0.6672244443240465,1.2796377346460057
burst_medium,0.3,43,13,True,,none,26.614221572875977,1.2419986860225514,0.07493928139280356,0.0374091742740562,0.02559844650453969,0.06335145476319701,0.2634830042338597,1.2176767769688646
burst_medium,0.3,43,14,True,,none,27.6403751373291,1.3663917113855684,0.1226362053754596,0.05020004054040901,0.026115938611956522,0.0583334029000189,0.4826366111169345,1.1818677455233337
burst_medium,0.3,43,15,True,,none,27.58957862854004,1.8887376451276638,0.13144412795593632,0.05274349200905871,0.049183219500581535,0.06323737617336615,1.2380908713731835,1.702356739758313
burst_medium,0.3,43,16,True,,none,28.33332061767578,1.349642146712176,0.24871198913658826,0.030518597456654518,0.02323035279020046,0.037883786571520646,0.366895665270455,1.349642146712176
burst_medium,0.3,43,17,True,,none,28.262022018432617,1.3259381958619627,0.13031661194722105,0.042668456539129776,0.016674005658047355,0.05214973838966383,0.48067107728445585,1.3259381958619627
burst_medium,0.3,43,18,True,,none,28.970033645629883,2.1472593324626605,0.11085628891353116,0.05775314001325544,0.04450181977695222,0.0353262893606718,1.0928752479524508,2.1408220256110586
burst_medium,0.3,43,19,True,,none,28.829782485961914,1.4633405369730994,0.14155877926303667,0.027237521953721668,0.02264520885175023,0.055704846993120435,0.3779970453043055,1.4487588112624543
burst_medium,0.3,43,20,True,,none,28.194095611572266,2.002898256583444,0.060865860550745284,0.04096560540050391,0.05577178963088736,0.09037442052578264,1.0532655073907207,1.327291918302708
burst_medium,0.3,43,21,True,,none,27.913795471191406,1.57589804231367,0.05340730896909391,0.049901863768001826,0.037775092726608055,0.07379510223322133,0.6728668367676494,1.5358147085022817
burst_medium,0.3,43,22,True,,none,27.38594627380371,1.47636391056005,0.07322873795626386,0.02062938040197556,0.04676372673863506,0.048316640273794856,1.47636391056005,1.3191435898627362
burst_medium,0.3,43,23,True,,none,28.029279708862305,2.2543268083515606,0.20660601946050972,0.04600257249791981,0.1575490332116564,0.34283310249532223,1.07743749649242,2.249346558021723
burst_medium,0.3,43,24,True,,none,27.369600296020508,1.4234002884084753,0.048739140846971125,0.03534691194158355,0.022191651788563405,0.03462199871108079,0.21830163470144928,1.4234002884084753
burst_medium,0.3,43,25,True,,none,28.28774070739746,2.0812758943070095,0.1338772985049317,0.0748094677636717,0.0524959397351464,0.0965212627752326,0.7044950555576761,1.4901596638990582
burst_medium,0.3,43,26,True,,none,28.104787826538086,1.6806455947832837,0.11063950360095823,0.024889492665578324,0.06391745806558498,0.06644235910853274,0.7808823802612658,1.638202176819858
burst_medium,0.3,43,27,True,,none,28.468097686767578,1.8609807765700008,0.16084142978846014,0.12049352157558599,0.2822729323200413,0.3343015343326284,0.795115111953101,1.7959082093004812
burst_medium,0.3,43,28,True,,none,28.742507934570312,1.8577351655324847,0.1038412979335632,0.08653900645855753,0.0556841416475961,0.08997129388499914,0.7944233559216037,1.8229387226780502
burst_medium,0.3,43,29,True,,none,28.836626052856445,1.5827241473272875,0.16431622405069415,0.09374839394504982,0.05852304366008642,0.062275704087621814,0.3334843340526683,1.383371503100699
burst_medium,0.3,43,30,True,,none,27.179821014404297,1.8442730912902945,0.09106365717591007,0.06177463916136037,0.05529242966839104,0.11156127148882929,0.5799718727953985,1.4035911438498943
burst_medium,0.3,43,31,True,,none,28.20216178894043,1.710078878605302,0.11348579641746094,0.04087623895625933,0.04335826031791017,0.07765014872660062,0.897057370798492,1.6945714555307965
burst_medium,0.3,43,32,True,,none,27.862812042236328,1.5212206166411963,0.03524746546351021,0.0528703768786221,0.03551017263098543,0.029948089147351552,0.08199660454590456,1.5212206166411963
burst_medium,0.3,43,33,True,,none,29.312124252319336,1.6854494413577215,0.16040872887816646,0.0443258555717376,0.0749037966403464,0.07078220846244888,0.8891383228987952,1.5876618345307496
burst_medium,0.3,43,34,True,,none,28.516803741455078,1.4661471429232218,0.1891695760464696,0.03412861033556221,0.04033428365976183,0.042085907583825306,0.423292084468447,1.4293919697860347
burst_medium,0.3,43,35,True,,none,27.968517303466797,2.0055162095094263,0.10290787892018188,0.035761797774284704,0.041347422502064086,0.05290294105137028,1.0506076433238465,1.607482663143277
burst_medium,0.3,43,36,True,,none,29.0998477935791,1.4588348907950455,0.23919150760410446,0.18278284775906029,0.047731002430954,0.12584254038081027,0.4399024581732195,1.3329604139766857
burst_medium,0.3,43,37,True,,none,28.257991790771484,1.625990657056442,0.093801043361336,0.07973893832098526,0.03585916496404731,0.17830647853484508,0.6686743202829555,1.3599902267676822
burst_medium,0.3,43,38,True,,none,27.97827911376953,1.8086318551603717,0.1257507921566272,0.049143754387435665,0.050292529044661284,0.07375361581142026,0.986608475098453,1.504150544837783
burst_medium,0.3,43,39,True,,none,28.52223014831543,1.9082815030137408,0.136920125675321,0.0513878877287975,0.04621069976139271,0.13298157136416358,1.0566361697843314,1.7693217381012107
burst_medium,0.3,43,40,True,,none,27.337732315063477,1.6413598555551,0.034060259418949954,0.04422725466079354,0.02116459645993439,0.05030467357897849,0.26808513765446845,1.6413598555551
burst_medium,0.3,43,41,True,,none,29.52213478088379,1.3278532468433404,0.2759863448091458,0.04167593513872524,0.0235807682403285,0.1026394615418971,0.6145267758815408,1.067190329757081
burst_medium,0.3,43,42,True,,none,27.677087783813477,1.6534724047544287,0.08576778320050786,0.02897339314835575,0.09271445783967848,0.09977420048746512,0.6337515398014247,1.6472281540454143
burst_medium,0.3,43,43,True,,none,29.53487777709961,1.2420310570610547,0.33621238828100936,0.149188094749452,0.02167529370306182,0.1770812836858663,0.48954324240027836,1.1925512948045758
burst_medium,0.3,43,44,True,,none,27.969480514526367,1.9116279989366844,0.1606899003828737,0.07425740074500134,0.04919774620847338,0.06324536129526975,0.6967507876883758,1.9116279989366844
burst_medium,0.3,43,45,True,,none,29.171600341796875,1.6791649003873348,0.13902027613783088,0.07622831663510833,0.029915608615429218,0.04927149628603194,0.5035776484480005,1.6590108696513663
burst_medium,0.3,43,46,True,,none,28.725358963012695,1.4408565013298804,0.19415084487205206,0.029336449708611833,0.04287382602145857,0.04017016361481715,0.6564627265136986,1.4408565013298804
burst_medium,0.3,43,47,True,,none,27.0145263671875,2.102265409133419,0.08427249551019401,0.055680110411362234,0.09987214829854871,0.09156013480029226,1.4983824132444137,1.9424399670115629
burst_medium,0.3,43,48,True,,none,28.238054275512695,1.3994257153880458,0.07627765163332131,0.04210969009896541,0.028689688269977098,0.0536463237263956,0.2558624442461276,1.3994257153880458
burst_medium,0.3,43,49,True,,none,28.925378799438477,1.5571978800930106,0.09120380093272991,0.041190649316262304,0.05953684726097704,0.08101371496978857,0.6356107925471971,1.5571978800930106
bias_medium,0.3,43,0,True,,none,28.22210121154785,2.1913298835292885,0.11783478295228976,0.12832658885267612,0.35162130862756075,0.34175282703585436,0.8884513876868189,1.923513632326374
bias_medium,0.3,43,1,True,,none,29.531946182250977,2.06215499652045,0.17141641012698164,0.08597055490426854,0.27147874281884943,0.46217547090063477,1.1591472850923836,2.006793325785939
bias_medium,0.3,43,2,True,,none,27.17062759399414,2.165086897435125,0.07352169472929466,0.045086366070558985,0.060104643190316914,0.274656114550497,1.5395182495002415,1.7955859602473647
bias_medium,0.3,43,3,True,,none,29.23216438293457,2.0071118401912815,0.08381602072143912,0.06959908814936089,0.057214681051547506,0.4101629888959215,1.6584111507641577,1.6762135498031188
bias_medium,0.3,43,4,True,,none,27.718040466308594,2.4944504249787105,0.13207578986564267,0.08912939151994713,0.08309468689525742,0.17085601600348818,1.3513278058064526,2.3122268152758174
bias_medium,0.3,43,5,True,,none,29.72675323486328,2.2971854143458765,0.11553073452043525,0.10784419287820096,0.12168347118599927,0.3099627630072113,1.6361675912274016,2.2705858793076494
bias_medium,0.3,43,6,True,,none,27.363378524780273,2.2889662438307252,0.11352152547735855,0.04637878139850187,0.12042863490738517,0.2359001737340663,1.2261459275791995,2.0869922363099698
bias_medium,0.3,43,7,True,,none,27.350881576538086,2.339652807872742,0.12922244389307994,0.04812457150115529,0.11286768583614763,0.09505530433768299,1.313684651401936,2.0925588593007265
bias_medium,0.3,43,8,True,,none,29.739521026611328,2.41791689309224,0.08496510592485529,0.07814356627375614,0.17873898450464745,0.5012855452658778,1.4248069571117616,1.5032465176970582
bias_medium,0.3,43,9,True,,none,28.967615127563477,2.3640794890042773,0.11043864356889312,0.045115042629684646,0.10750668327317306,0.27893476814928286,1.3875544774242474,2.2872853047935315
bias_medium,0.3,43,10,True,,none,28.890283584594727,2.007981210909658,0.13011321404291387,0.043300686251769846,0.08263962302552962,0.1778050472171077,1.209089724206264,1.2548898475975199
bias_medium,0.3,43,11,True,,none,29.01569366455078,2.658143865370098,0.15660121429313387,0.13707177601092643,0.2150824561755064,0.4070654977569046,1.7098377364544997,1.7812369554713852
bias_medium,0.3,43,12,True,,none,28.647769927978516,2.3327867863636125,0.1452973732772704,0.0864060816100624,0.09339622171787151,0.32085793877511704,1.5901546186261573,1.8355907653891486
bias_medium,0.3,43,13,True,,none,25.845558166503906,2.307031429465135,0.1018405020395534,0.029791082485911544,0.07454713280963471,0.10595827230193446,0.7323806320908063,2.10925853957648
bias_medium,0.3,43,14,True,,none,28.740415573120117,2.222201478300013,0.10506640733052412,0.09733409985397379,0.13457519713031563,0.5152368607800124,1.5366018271118238,2.0387419356688814
bias_medium,0.3,43,15,True,,none,30.27949333190918,1.9004876863974074,0.13211623328942443,0.12813535104057608,0.10544126918137156,0.16153348002790593,1.7913173897362453,1.8670180346069867
bias_medium,0.3,43,16,True,,none,30.2412052154541,3.006990866947947,0.13423260656410785,0.048384994657898146,0.05518872584052938,0.16039086043927622,1.4322522326624905,1.6133928214059219
bias_medium,0.3,43,17,True,,none,26.58322525024414,1.9547236702874533,0.16554248728218454,0.07633874443991669,0.11746090963000921,0.4057669731782653,1.164374437255286,1.8890921148027036
bias_medium,0.3,43,18,True,,none,28.090112686157227,3.1389785915077537,0.1260354792389343,0.0712857212831021,0.1300799854678161,0.12937763299575483,1.028618822054975,1.5151244341890848
bias_medium,0.3,43,19,True,,none,27.797988891601562,2.3796532679333557,0.0863485384518656,0.03005735893475149,0.22380815077645477,0.2678455827233015,1.0438880088423752,1.7452013400011097
bias_medium,0.3,43,20,True,,none,26.760560989379883,2.765582186567179,0.10087517211571695,0.09741039095525361,0.1323984494385569,0.33965201854197485,1.244423170292164,2.3426583983949376
bias_medium,0.3,43,21,True,,none,26.05743408203125,2.3262343783554944,0.08827313303645304,0.09161933180415804,0.15412258674758597,0.13072549598572558,1.7372568325359954,2.0887504054819477
bias_medium,0.3,43,22,True,,none,30.340497970581055,1.6966162299133192,0.06892409743541678,0.08449049102232856,0.23633994276616913,0.5331967983549635,0.951718356208182,1.165067657643179
bias_medium,0.3,43,23,True,,none,28.009443283081055,2.982857252284641,0.12023337235629566,0.07496023103571268,0.09269892386747272,0.07678620644466815,1.3053020676423102,1.652999837063698
bias_medium,0.3,43,24,True,,none,29.367938995361328,1.8323958644754201,0.05846664556056938,0.08656317617609041,0.13558391248595195,0.42612018323509276,0.9269784407183747,1.446602529327058
bias_medium,0.3,43,25,True,,none,30.410898208618164,1.5149409688971656,0.1117244325666954,0.040797801910065185,0.1595775090998905,0.35301898545791516,0.9586854482450506,1.3739286605494612
bias_medium,0.3,43,26,True,,none,26.39076805114746,1.879369091035993,0.12502917176996312,0.048501251417909494,0.12739381015067514,0.3334883648415953,1.1998251764168435,1.8684455550629733
bias_medium,0.3,43,27,True,,none,29.229074478149414,2.0506141514688196,0.16152497402812513,0.038153604851155744,0.22823766147165553,0.5575608457133686,1.0378629861073891,2.031015452282162
bias_medium,0.3,43,28,True,,none,28.251516342163086,2.262125932613704,0.12957701286345433,0.10013041932236298,0.12437837597996663,0.3862013945736671,1.553184624493492,1.7919160365143736
bias_medium,0.3,43,29,True,,none,30.563581466674805,2.645353878558967,0.10773093310498943,0.14032680224313024,0.14996560355354432,0.3617472335775777,2.197248542913287,1.8894058046954403
bias_medium,0.3,43,30,True,,none,28.388980865478516,2.165369140688004,0.0629835958889567,0.08195376161123161,0.07533465680991842,0.11541591310594271,1.256714097677946,1.8044870506080541
bias_medium,0.3,43,31,True,,none,27.501413345336914,2.8151623041673415,0.12339708378103773,0.05718917943690413,0.17545860901117188,0.22084749224581612,1.1791021733939873,2.7322637236402443
bias_medium,0.3,43,32,True,,none,32.17716979980469,2.1612147935014585,0.15739017510382533,0.04687323728701962,0.03143689791242088,0.18033917468883412,1.276106032654972,1.7337567724984555
bias_medium,0.3,43,33,True,,none,27.911121368408203,2.853712058166642,0.11910640112029613,0.1616611369292658,0.1419845092328698,0.27849652993613594,1.0119423862446804,1.5695834340753516
bias_medium,0.3,43,34,True,,none,26.746938705444336,1.9260005141197079,0.14307822224507238,0.0765248305539001,0.14154040074779828,0.29877391342891296,1.1210931366880919,1.6350435346915368
bias_medium,0.3,43,35,True,,none,29.559528350830078,2.320439411049792,0.11382359989193663,0.05561455655991847,0.08811885039802071,0.376292400975009,1.6163181108966453,1.9084979836191729
bias_medium,0.3,43,36,True,,none,29.291269302368164,1.8699980380942482,0.14797067546406278,0.12594831958414238,0.1761705178774855,0.5026248779975282,1.1174040208397027,1.8519689024347736
bias_medium,0.3,43,37,True,,none,28.452743530273438,1.750655587782078,0.11721549984039897,0.09869738068557406,0.179798900511832,0.597699560813611,0.952539432371211,1.4565039485498885
bias_medium,0.3,43,38,True,,none,28.317752838134766,2.2482361412025953,0.1337101253134146,0.08979392828832933,0.20798834654467802,0.5098992014213372,1.136860549011169,1.3961541475583799
bias_medium,0.3,43,39,True,,none,28.538663864135742,2.2638094249977208,0.14613059907117834,0.09573197759544722,0.20580186396484637,0.10815605156170688,1.5416852333860134,1.98365128877249
bias_medium,0.3,43,40,True,,none,26.399934768676758,1.8617326949581932,0.0820779484184688,0.11054072908080295,0.24435202006670495,0.3365498696696979,1.783946158472579,1.5887657888664624
bias_medium,0.3,43,41,True,,none,27.280567169189453,2.5611106667007504,0.1268862603635481,0.10467914038422359,0.07816368535638746,0.21964849250705776,1.6480855041558293,2.4585243881451944
bias_medium,0.3,43,42,True,,none,26.97957992553711,2.1686771556251694,0.09180749235313995,0.05771120064747964,0.25086309876407664,0.3621006796553,1.1385470047060753,1.9881680341545092
bias_medium,0.3,43,43,True,,none,26.947282791137695,2.588840149185736,0.15957617568138124,0.06520150501510792,0.14536079169160163,0.12082166751802462,1.2049790741176216,2.1441309958933523
bias_medium,0.3,43,44,True,,none,26.850202560424805,2.3690063912394965,0.12227222106140774,0.03772524479980514,0.1728406673746007,0.303184617888304,1.5310016527482424,1.6249565929550047
bias_medium,0.3,43,45,True,,none,30.630592346191406,2.0279306636118246,0.08789233990810738,0.06317278414192184,0.16086602687148674,0.4572472154089604,1.264350489598535,1.991081869380922
bias_medium,0.3,43,46,True,,none,28.740081787109375,2.269334961073935,0.12178348095377542,0.14087006287480525,0.10453661327954508,0.1276873397797565,1.2955862223183172,1.9283398925921649
bias_medium,0.3,43,47,True,,none,30.247224807739258,2.375128443162293,0.11657808573953235,0.04357758739548619,0.2425341565944286,0.3512148840282293,1.431123757216075,2.015544016755231
bias_medium,0.3,43,48,True,,none,26.592411041259766,2.263098946882132,0.11917434511369972,0.05666124691352221,0.12328319625019647,0.21910137684993428,1.5886240059697732,2.176474406765242
bias_medium,0.3,43,49,True,,none,29.39202117919922,2.2756874348521987,0.1444971680629906,0.07047935453249554,0.09879209793623134,0.31475309847461597,1.3527565611206225,1.833666777858532
jump_medium,0.3,43,0,True,,none,31.30350685119629,1.7116614262241059,0.13323806126733587,0.13470265067781242,0.05569997065988043,0.3009704696891868,1.0390711970385897,1.475574660003354
jump_medium,0.3,43,1,True,,none,28.116981506347656,1.9287806963206913,0.12448464519440873,0.028812690298985158,0.057066383722713776,0.1940843410949031,1.1202059364804229,1.6020940815159983
jump_medium,0.3,43,2,True,,none,27.29998779296875,1.5572087165116122,0.1186905484213106,0.060246315235186476,0.05560942026830577,0.09146887489784353,0.6314842466467294,1.5572087165116122
jump_medium,0.3,43,3,True,,none,28.727874755859375,1.7859566705876002,0.05515812858891691,0.05410150651801642,0.10277736306598484,0.2750511604667268,1.1375374632584936,1.7835049735598916
jump_medium,0.3,43,4,True,,none,28.326251983642578,1.9030855332234933,0.1330585534424,0.21857569402678756,0.04605306274622628,0.38291772793968365,1.0827984486799234,1.9030855332234933
jump_medium,0.3,43,5,True,,none,28.912864685058594,2.3018845158211563,0.09570414119107824,0.03925858963714491,0.05018897318759824,0.05573523638687146,1.195022768981381,2.2410128316395066
jump_medium,0.3,43,6,True,,none,27.69487190246582,2.202905942543751,0.0466786630820064,0.12624959578403214,0.12169681341352039,0.13878783826271937,1.3846283125737606,1.7003940627100773
jump_medium,0.3,43,7,True,,none,27.918737411499023,1.779056084770628,0.13059609254344975,0.0290802112197171,0.036251926167872706,0.1397402294524304,0.7402520961303283,1.3995706696672778
jump_medium,0.3,43,8,True,,none,30.3156795501709,1.9521304224956684,0.057953916451555065,0.07814424922851175,0.04915137195240692,0.13113135209046273,1.094302798977761,1.9521304224956684
jump_medium,0.3,43,9,True,,none,28.244075775146484,1.8638374838332092,0.10954526648444675,0.06610668118405542,0.056544855446368246,0.09397317463601568,0.9589514922326817,1.5401451787741953
jump_medium,0.3,43,10,True,,none,27.949087142944336,2.1311126365972246,0.15727523670653193,0.12692674020224132,0.06588289686384703,0.2605554899260878,1.0573345902968614,2.1071942387844333
jump_medium,0.3,43,11,True,,none,27.78343391418457,1.732834844083132,0.16550487790290966,0.10010691953642797,0.06392470993834165,0.0848458388332558,0.6412438914059411,1.4849587792357928
jump_medium,0.3,43,12,True,,none,29.138729095458984,2.070438937434417,0.08832172254514599,0.12410182684427333,0.09801333692146183,0.31216055788633557,1.8789032810375474,1.752653406255585
jump_medium,0.3,43,13,True,,none,28.20267677307129,2.3330790620951483,0.10607509410540288,0.030784147471074382,0.03249662962171067,0.07618482327558238,0.9786410651424774,2.2456326283374772
jump_medium,0.3,43,14,True,,none,27.969032287597656,2.3562285293231193,0.07310710261244138,0.06550235664557487,0.0654506168657162,0.30002055818793455,1.405766731710198,2.0601820733910614
jump_medium,0.3,43,15,True,,none,30.075199127197266,1.902803879631162,0.08911766923732801,0.045374588586177295,0.07856308002981105,0.07865378139056249,1.2105251215478379,1.8669492495368645
jump_medium,0.3,43,16,True,,none,28.78006362915039,1.757277836271873,0.09576688547333777,0.03699601996654086,0.06322318537125027,0.09658082166186094,0.9980927783405734,1.757277836271873
jump_medium,0.3,43,17,True,,none,29.415489196777344,1.8392257425646246,0.1659438715684386,0.09482467171767621,0.14515116314171736,0.25772486615847384,1.089197301634268,1.8392257425646246
jump_medium,0.3,43,18,True,,none,27.42329978942871,2.5225159645171935,0.08451752074186343,0.08834323294985068,0.05736376331183391,0.06955125599703615,0.81930515459954,2.4719223501155985
jump_medium,0.3,43,19,True,,none,27.272918701171875,1.4281990827834417,0.13200077100356308,0.04282367648310178,0.02819184715089311,0.06180668002621393,0.28831736210722103,1.4281990827834417
jump_medium,0.3,43,20,True,,none,28.83514404296875,2.2032619816254524,0.04869815132979527,0.034897774201824945,0.04602856963975634,0.07747259331519495,1.1385428740002996,1.5687547938604607
jump_medium,0.3,43,21,True,,none,29.361228942871094,2.1095321168780012,0.07258753732225515,0.054864557239145406,0.06714147306706654,0.1406552774307732,1.3541442980277187,2.0635279945159852
jump_medium,0.3,43,22,True,,none,29.61676788330078,1.8731971547487807,0.04489147993579365,0.04561020349983235,0.1368308961473756,0.34309020787105915,1.1646164159448835,1.350418393439431
jump_medium,0.3,43,23,True,,none,27.092864990234375,2.3936359582445794,0.06492257053581285,0.03119457405219762,0.045663781170461035,0.052643867987056545,0.8666771806976283,2.308432624096491
jump_medium,0.3,43,24,True,,none,27.616262435913086,1.5963913737057605,0.034294050462839294,0.06834486069612279,0.13840955691504664,0.04632597189905192,0.9520431681546218,1.5577131971564449
jump_medium,0.3,43,25,True,,none,28.440780639648438,1.8490615459601003,0.19249592664908183,0.037839271429153463,0.11865090126197303,0.28324473837104436,0.7172706568710977,1.4554345661753898
jump_medium,0.3,43,26,True,,none,28.086275100708008,1.5362725596903573,0.069127690104733,0.04119956783248658,0.05226071717981756,0.02225120887414438,0.682600708880957,1.5362725596903573
jump_medium,0.3,43,27,True,,none,29.53887176513672,1.9025441074981115,0.19873093457390076,0.06474472324581658,0.07606872382556443,0.3229890681027874,1.237546488302113,1.6491159726906206
jump_medium,0.3,43,28,True,,none,27.89012908935547,2.106479323899415,0.10428595260870735,0.0256726360379401,0.0444400291835075,0.10780582312991835,1.1758929098717041,1.783549100639959
jump_medium,0.3,43,29,True,,none,27.404897689819336,1.6430113133797861,0.09976388633043817,0.051089977787984256,0.044409960410344354,0.08067326475184673,0.7005992847913478,1.6430113133797861
jump_medium,0.3,43,30,True,,none,27.14511489868164,1.7713356917480299,0.0758898711676772,0.03295808842203976,0.15660917991714046,0.08327344380340562,0.8003228756772234,1.7167974151277372
jump_medium,0.3,43,31,True,,none,28.070125579833984,1.4928327073815675,0.12495833078790701,0.05048843505422682,0.05885208701878328,0.07682142741402119,0.7506240958394625,1.4928327073815675
jump_medium,0.3,43,32,True,,none,27.707073211669922,1.9358385565207492,0.11999127743402077,0.12685602431480938,0.08133514917590859,0.12139476103690414,1.260069188584447,1.5505480755466365
jump_medium,0.3,43,33,True,,none,27.20867156982422,2.057194331579442,0.09615470303195617,0.0426378167012979,0.07272304818780868,0.13092365072806308,1.1142512997584066,2.0448580138890087
jump_medium,0.3,43,34,True,,none,28.31804656982422,1.9788147875695765,0.06623886644864525,0.04153578680498993,0.051738860038980386,0.06669690735051341,1.0674320553450396,1.633192419626989
jump_medium,0.3,43,35,True,,none,30.511871337890625,1.9464431234323514,0.11678917434699027,0.05520611957529136,0.0589515786139316,0.08081835833303336,1.2759191665396807,1.8539104206446142
jump_medium,0.3,43,36,True,,none,27.35561752319336,2.0305802279395304,0.10811772573032791,0.03591334167318797,0.13518188789315383,0.13529235436609532,0.9029359797907344,2.0305802279395304
jump_medium,0.3,43,37,True,,none,33.56867218017578,2.1029013773010274,0.11176072171724771,0.10932661470099242,0.049237097552797704,0.5974896029873049,1.1145531546818395,1.416661937658734
jump_medium,0.3,43,38,True,,none,27.26605796813965,2.077087464374447,0.03661382512060949,0.054370202235237114,0.03495164461057107,0.10346393888089328,1.0301062238300716,2.073032362942797
jump_medium,0.3,43,39,True,,none,27.586334228515625,1.962813736691989,0.10252051014084652,0.11650483157371731,0.09295331203156232,0.09115120707692394,0.882600519768036,1.863938604093285
jump_medium,0.3,43,40,True,,none,29.733789443969727,1.8622142867050642,0.046922823654046084,0.03838010087363169,0.052485801867049785,0.08549296222458692,1.0765853104679914,1.8552729228112643
jump_medium,0.3,43,41,True,,none,27.551557540893555,1.9107489176497312,0.13556431031283503,0.07550451394608267,0.08761677999058777,0.06340384355261784,0.8978976837158259,1.6884873590471634
jump_medium,0.3,43,42,True,,none,27.32400894165039,1.4553254409564642,0.07587246067254778,0.03143366806606603,0.0382796478554072,0.17656541256752026,0.9606209235030925,1.4553254409564642
jump_medium,0.3,43,43,True,,none,28.377296447753906,2.2214424833836177,0.15978808262453342,0.10370554761316872,0.07581450740863085,0.09943999964160709,0.7563223952003458,1.520317391111551
jump_medium,0.3,43,44,True,,none,27.706966400146484,1.4622651626860517,0.1072307518207168,0.061756219389787016,0.07267446966603504,0.08190915278865073,0.7586551587132107,1.1960830797251552
jump_medium,0.3,43,45,True,,none,27.869613647460938,1.799980102835518,0.08204859104236441,0.0338153306840115,0.057164437559814416,0.3312152830596398,1.2413201043308952,1.7200244298935805
jump_medium,0.3,43,46,True,,none,28.027847290039062,1.8375867269729416,0.1284723502496136,0.04012778560056225,0.02999313573014394,0.051070525314609816,0.31541592481383424,1.8375867269729416
jump_medium,0.3,43,47,True,,none,27.582368850708008,1.5585985863567777,0.1354737038426045,0.08153011801651956,0.04597222096615523,0.050347424889749165,0.6652590227015004,1.5585985863567777
jump_medium,0.3,43,48,True,,none,27.44500732421875,1.7667401097521105,0.11019953235716907,0.057280297579277,0.09567776346956969,0.07872281591267904,0.8510974046564782,1.672341831746454
jump_medium,0.3,43,49,True,,none,27.93130874633789,1.5153991513245015,0.10268426336706155,0.11869016276050787,0.051797601831072494,0.10555005062924387,0.9693199801400978,1.5153991513245015
combined_medium,0.3,43,0,True,,none,27.867870330810547,1.5220307518144411,0.13995007645400517,0.07896907406009473,0.04536510287298882,0.13532248334046004,1.0240213368701363,1.489251543766048
combined_medium,0.3,43,1,True,,none,29.66240692138672,1.6993065154311726,0.21855817371138433,0.030343884004732903,0.05853145135122996,0.08899854535922377,0.8482790779977432,1.5374712805036947
combined_medium,0.3,43,2,True,,none,28.775928497314453,1.908792217148057,0.07122183195742691,0.0400535146680647,0.04567070829388551,0.036079615450218205,1.0414993941270783,1.6682300732463509
combined_medium,0.3,43,3,True,,none,29.19625473022461,1.6586441886571195,0.05591928220871856,0.02763857276536817,0.04039407165516332,0.1989198609084836,1.337626582709197,1.3904328852771382
combined_medium,0.3,43,4,True,,none,29.117671966552734,1.8888264982596765,0.06282585653477839,0.022606147676865418,0.07213506285918704,0.03855870299152713,0.6233113064674697,1.8888264982596765
combined_medium,0.3,43,5,True,,none,28.955425262451172,2.208138403837401,0.07092867098161235,0.05605283200976032,0.0507616957914375,0.0435472224279028,1.097620193330856,1.4777757020093563
combined_medium,0.3,43,6,True,,none,28.427013397216797,1.922287755964965,0.05156563651144856,0.06408074396599175,0.08083143640723761,0.06933204771007354,1.0601279424302388,1.8870078314377026
combined_medium,0.3,43,7,True,,none,26.843780517578125,2.0856537807513313,0.136854846248497,0.04418454375654083,0.037713756898287654,0.20535677181032708,1.4064993962755685,2.029636754824829
combined_medium,0.3,43,8,True,,none,29.4375057220459,1.919539502117897,0.08431233205962708,0.06715512576437882,0.09640734873878731,0.4630133361495391,0.8988228247376645,1.414817215222447
combined_medium,0.3,43,9,True,,none,28.14534568786621,1.7745006684168214,0.10441571385764783,0.10725448791432542,0.1817398778037904,0.17713834089232006,0.9672000799603668,1.7602541960253746
combined_medium,0.3,43,10,True,,none,30.774986267089844,1.7975135288865733,0.1660799343119557,0.020207283484992452,0.03522944008402013,0.08224093796297932,0.09387714008225631,1.6488404861338923
combined_medium,0.3,43,11,True,,none,26.81438636779785,1.8696360890070538,0.07549903319856194,0.11024673523344021,0.05416236573611716,0.11525765986862853,0.7777730947013659,1.416392220407537
combined_medium,0.3,43,12,True,,none,31.468364715576172,1.5209795410501112,0.10016385838189582,0.07090358807087083,0.09629686478178853,0.08503473396147565,0.8594420498354222,1.1571723452027396
combined_medium,0.3,43,13,True,,none,29.901309967041016,1.3979084628505267,0.16890742225989663,0.07049992756498763,0.10245847475924891,0.322751917339073,1.1022321857460382,1.232877870427029
combined_medium,0.3,43,14,True,,none,27.244596481323242,1.8795766223630628,0.13354131568095332,0.14164590117458697,0.1025647917664403,0.0870123123271563,0.7085979605371191,1.4771273777144607
combined_medium,0.3,43,15,True,,none,29.583484649658203,1.675936595362231,0.14368280159600155,0.05975706360206775,0.12529339883544627,0.06045670011806251,1.0473616444840503,1.675936595362231
combined_medium,0.3,43,16,True,,none,27.019956588745117,1.7721343253145074,0.1377608259297242,0.04240986545206112,0.03491124997080959,0.17432386493967458,0.6314800723505012,1.7702863243533664
combined_medium,0.3,43,17,True,,none,26.993343353271484,1.9566410768814742,0.11336193605907365,0.05912550033848911,0.04777401806861677,0.08674306658518412,0.9572893432371449,1.4013431575421957
combined_medium,0.3,43,18,True,,none,27.356298446655273,2.0383077982745865,0.1205509846935883,0.0358410771244511,0.04664646993098363,0.058530097408041576,0.9806930732813938,2.0383077982745865
combined_medium,0.3,43,19,True,,none,27.227678298950195,1.7954358992079011,0.09271607618472756,0.021097863617664407,0.05866434883194434,0.09343693681296612,1.009430382187173,1.7930650224922429
combined_medium,0.3,43,20,True,,none,29.35909652709961,1.9732375150680612,0.05319277133332808,0.033598196370764326,0.0631260991626576,0.06356385000855418,0.8002724719657351,1.56680427165533
combined_medium,0.3,43,21,True,,none,26.667503356933594,1.678144034070365,0.06481602908891385,0.0717814251280933,0.04777001590483437,0.22818933310636344,0.6129249432133367,1.5525428346193269
combined_medium,0.3,43,22,True,,none,26.557201385498047,1.4689677284271954,0.072977883411158,0.05583946531966573,0.054446199426351705,0.21024866192822442,1.1477882825940182,1.4453131406586306
combined_medium,0.3,43,23,True,,none,29.619972229003906,1.9595124763104304,0.1194938610397092,0.06095245484806175,0.04988052797086718,0.07045343591896695,0.48179012955719386,1.9527468409658473
combined_medium,0.3,43,24,True,,none,28.20916748046875,1.7076212212420372,0.14543384634584106,0.07453342716327387,0.07256869331218878,0.08931630815398375,0.7399875754238301,1.5953973904687428
combined_medium,0.3,43,25,True,,none,28.32891273498535,1.7211327369232325,0.04719975790337599,0.0433153650468351,0.03863462474120438,0.18236087578411442,0.8703698659849319,1.4977421696949944
combined_medium,0.3,43,26,True,,none,29.046096801757812,1.6463350889578114,0.05281426340231775,0.027653350011803277,0.07028420092979085,0.12321943581340675,0.852436336674189,1.6463350889578114
combined_medium,0.3,43,27,True,,none,26.116857528686523,1.8638316728545026,0.13864824520680283,0.017537067128978012,0.04317065992732298,0.21541343286030695,0.8126724338607447,1.601444616206426
combined_medium,0.3,43,28,True,,none,26.7686767578125,1.7622464370442765,0.14337025073673126,0.056577790171750554,0.14307983445308017,0.12328732255004178,0.7892013910312625,1.6048167192029024
combined_medium,0.3,43,29,True,,none,29.113140106201172,2.1510377024683547,0.10423055504824424,0.04450008795194512,0.04583862863575442,0.07265415601239422,0.8599380132792935,2.124212179482871
combined_medium,0.3,43,30,True,,none,28.50030517578125,1.3184226965671473,0.10666314651319485,0.12627596023774257,0.04699522372800112,0.4644903695272482,0.8456555892003904,1.3184226965671473
combined_medium,0.3,43,31,True,,none,30.899333953857422,1.856199833740858,0.10365306613851741,0.025398118196635087,0.04357453854847524,0.07761655889937388,0.8741981987498484,1.4349905892365338
combined_medium,0.3,43,32,True,,none,28.487905502319336,1.7317136741890926,0.08249292684318014,0.07630302499955767,0.024629275070564467,0.1235896752493088,1.0355167769148446,1.6959201114874976
combined_medium,0.3,43,33,True,,none,26.366680145263672,1.798283398123308,0.12000987076889302,0.04604257900657626,0.13692080494809827,0.12402254761616936,0.9645168062237097,1.798283398123308
combined_medium,0.3,43,34,True,,none,28.879135131835938,1.5111343899367202,0.05601022845964069,0.027709592078077935,0.0766725746634695,0.08737944076575048,0.9838793617414674,1.3587564089522783
combined_medium,0.3,43,35,True,,none,27.473522186279297,1.7545211677730335,0.15066202306216842,0.0664833387683021,0.04024193266998062,0.05671896832482443,0.7654257092391624,1.7545211677730335
combined_medium,0.3,43,36,True,,none,26.725584030151367,1.984907942521884,0.094561330202233,0.08793985360041245,0.07233526349948696,0.2099266606633431,1.146454827002626,1.5661924979581545
combined_medium,0.3,43,37,True,,none,29.68861198425293,1.420242143903014,0.09916386817246889,0.02424407801824485,0.06498990567940709,0.23520195594605978,0.8695030322063838,1.420242143903014
combined_medium,0.3,43,38,True,,none,26.54076385498047,1.7670451293188147,0.1691295818565187,0.060981660728157125,0.04738995636922972,0.13659970478838274,0.6698840833526307,1.736950046632417
combined_medium,0.3,43,39,True,,none,27.33739471435547,1.6114868848279338,0.07078278356481692,0.0199305754913996,0.04794522492558237,0.0846027189226039,0.7403615241062208,1.5889424062948567
combined_medium,0.3,43,40,True,,none,29.91221809387207,1.7074602273780821,0.140444660841764,0.0798485296617672,0.10195026338020616,0.07704373881272925,0.8513103776755293,1.7074602273780821
combined_medium,0.3,43,41,True,,none,31.39130973815918,2.2201809837709363,0.13183247490948188,0.06909094886483358,0.026362012387308384,0.057134426456476636,1.05185510223439,2.1893092277371546
combined_medium,0.3,43,42,True,,none,29.29527473449707,1.7868976656774955,0.052585658760422226,0.038323780954569876,0.10557898025062964,0.09937776613784183,0.8758215550045093,1.5515622496891146
combined_medium,0.3,43,43,True,,none,26.928617477416992,2.0072044729417873,0.03250881178952355,0.031118489072801136,0.08057385751962604,0.08403005304168629,0.8507331222794234,1.9947246183920644
combined_medium,0.3,43,44,True,,none,27.900102615356445,1.7721860033715304,0.16547302403449246,0.1037705131578926,0.0380232867919554,0.18517031573039588,0.7533828001407793,1.4026901446332762
combined_medium,0.3,43,45,True,,none,27.845142364501953,1.80192015993031,0.03729671738464493,0.03195904825050562,0.10555451416602693,0.1587473773601166,0.6496964177548334,1.80192015993031
combined_medium,0.3,43,46,True,,none,28.225130081176758,1.8198061663510565,0.10608023279783901,0.05699773069934823,0.06180703502465572,0.13967339241858373,1.0931627705799807,1.793415762293799
combined_medium,0.3,43,47,True,,none,28.684667587280273,1.8324895883476162,0.07139466409420211,0.054942798018229204,0.0578571866211915,0.051305374175504216,1.062132498854247,1.8118567219474824
combined_medium,0.3,43,48,True,,none,30.61699676513672,2.1829549848895686,0.06388723286256352,0.0740618749654049,0.06082781938070057,0.13706892384843908,1.0755145763513858,1.4644324585354336
combined_medium,0.3,43,49,True,,none,29.07929229736328,1.9507252372387816,0.12599680882619055,0.047155237630089504,0.10721721444771072,0.17934586609321473,0.9037749260957537,1.8552541353306318
gaussian_medium,0.3,44,0,True,,none,28.708494186401367,1.8751939774949569,0.13512573784573725,0.052295699333974245,0.036176678365997424,0.11373598273408443,0.7129389319790967,1.6168114220216667
gaussian_medium,0.3,44,1,True,,none,27.864032745361328,1.476448085733196,0.04982625821889092,0.05970580733426285,0.055008912990233944,0.1804275986163662,0.8181639278437348,1.476448085733196
gaussian_medium,0.3,44,2,True,,none,28.61875343322754,1.9380647823296338,0.07935148766923482,0.025628566268619264,0.07697675770673248,0.055270009657093624,0.9613709322119012,1.9283022351570804
gaussian_medium,0.3,44,3,True,,none,27.867685317993164,1.8899482322148642,0.0921236853178608,0.05642519221944654,0.08317838944193695,0.32136332804507806,1.0136327346794718,1.5638086977956196
gaussian_medium,0.3,44,4,True,,none,28.844829559326172,1.9202525291425983,0.07792750249088028,0.019148353105200182,0.04783039088806007,0.07966763979504683,0.9538777911187559,1.9202525291425983
gaussian_medium,0.3,44,5,True,,none,27.786760330200195,1.9962450089102748,0.03980824364747147,0.032020614190085936,0.023305208448881502,0.08415135764105657,0.7450257720301477,1.449729395599473
gaussian_medium,0.3,44,6,True,,none,28.642610549926758,1.9773810270671157,0.05995398490520237,0.043122578174554164,0.05003975715003523,0.07368716396607716,0.8486686531057277,1.6681864560509108
gaussian_medium,0.3,44,7,True,,none,28.772960662841797,1.364445433283942,0.11509299592166058,0.15606499782062475,0.0507647370887488,0.2369367664035919,0.9662689784715046,1.3500876285386127
gaussian_medium,0.3,44,8,True,,none,28.973217010498047,1.8690809731412104,0.13628981362368092,0.12761166426718326,0.04347698005632711,0.12820440929579516,1.0977541093481018,1.3342597618098369
gaussian_medium,0.3,44,9,True,,none,27.916751861572266,1.828345239157023,0.12322990989161796,0.046275429036988926,0.0699069007051078,0.08919515070007018,1.0148505727103727,1.3909872098121765
gaussian_medium,0.3,44,10,True,,none,28.824003219604492,1.7177159994182662,0.1737063336528602,0.1034640535291811,0.059416201098347915,0.2800580186445207,1.1616569485378743,1.6212597900749144
gaussian_medium,0.3,44,11,True,,none,28.02096176147461,1.971370187007259,0.021964768310454005,0.19591648146427582,0.04893016715788581,0.264078761836077,0.890965406221259,1.9695633375596584
gaussian_medium,0.3,44,12,True,,none,28.714021682739258,1.751349420265735,0.07386274576717393,0.11295409169755082,0.03042258936237891,0.16561445876305395,0.8694903924726352,1.7337115157700218
gaussian_medium,0.3,44,13,True,,none,27.96547508239746,1.7113852086353083,0.153172170238663,0.05305361551793101,0.12258122891909866,0.18859563521347905,1.4232519867486595,1.7113852086353083
gaussian_medium,0.3,44,14,True,,none,29.073806762695312,1.6515212141065883,0.08309201174979623,0.057574236476748496,0.09567954418967596,0.2790547012407893,0.6191824292691362,1.393035983758555
gaussian_medium,0.3,44,15,True,,none,27.90433120727539,1.5819323333004685,0.15977161829105652,0.048879246945718303,0.05952825575906212,0.08063290331469096,0.7599837155195399,1.549793394849662
gaussian_medium,0.3,44,16,True,,none,28.684730529785156,1.9246137290370733,0.10608121834806032,0.06415719699151692,0.03327227024150446,0.0991940730350302,0.48378346359321744,1.5470379332582815
gaussian_medium,0.3,44,17,True,,none,28.3199405670166,1.7281714087344895,0.1435635281461428,0.08157595296293184,0.15312629242805964,0.1499538898636087,1.06927936578331,1.7281714087344895
gaussian_medium,0.3,44,18,True,,none,28.52113151550293,1.7297081841254427,0.0561888774954036,0.04110973878032561,0.04528349809090565,0.0780065771607868,0.6819629320706686,1.7297081841254427
gaussian_medium,0.3,44,19,True,,none,29.41883659362793,1.8686036191607387,0.14077703426824895,0.03280851719734719,0.029123919979348115,0.11136932549857065,0.7783978131202646,1.8686036191607387
gaussian_medium,0.3,44,20,True,,none,28.90578269958496,1.960130229543184,0.10813275789676374,0.02812122210641523,0.11082925341134048,0.06431390618194335,0.9122120403279451,1.9426013392724513
gaussian_medium,0.3,44,21,True,,none,28.42337417602539,1.7177261868508518,0.12207259481308202,0.06372746740372112,0.06010782156392719,0.07943611728779491,0.9404664174556973,1.7177261868508518
gaussian_medium,0.3,44,22,True,,none,27.835561752319336,1.7372465746536616,0.12848855202872328,0.03488801577648384,0.09193071977049123,0.31481185120451805,1.084469149310766,1.4129711827692248
gaussian_medium,0.3,44,23,True,,none,27.84573745727539,1.964595283558521,0.13202276557129095,0.035437753618853526,0.06477952329620097,0.12297001407791221,0.7365628895464432,1.9538761345126878
gaussian_medium,0.3,44,24,True,,none,28.18065071105957,1.6219485015801884,0.10929382024795721,0.0469990792518801,0.13600676928290037,0.1019238565214883,0.7893994870782391,1.4181631591995638
gaussian_medium,0.3,44,25,True,,none,28.516611099243164,1.7898405874958108,0.15793697667976575,0.0626861231775806,0.06076643672555796,0.20226193107406099,1.1983148133555657,1.5090053245106092
gaussian_medium,0.3,44,26,True,,none,28.47373390197754,1.5957072445611835,0.10619491181222544,0.09603796434736893,0.047033058856625856,0.13412121936997198,0.9616776253202641,1.5957072445611835
gaussian_medium,0.3,44,27,True,,none,29.292743682861328,1.8332706141453061,0.12216491119431416,0.018604728604083593,0.03443592484967244,0.0788651922725392,0.5861192980728784,1.8332706141453061
gaussian_medium,0.3,44,28,True,,none,28.029027938842773,2.1131734939728455,0.043843538820741774,0.04745803728415745,0.028667597499082095,0.09961444986995124,0.8891098733997306,1.525016264712013
gaussian_medium,0.3,44,29,True,,none,29.082321166992188,2.097049013217724,0.11322087590749615,0.03724293526318528,0.0635205237160367,0.15842671569362773,1.212871927340706,2.0779383578355026
gaussian_medium,0.3,44,30,True,,none,28.908374786376953,1.8955452473580632,0.08648164512328696,0.110432998429667,0.10228313700508576,0.17862570577615766,0.6650641528582663,1.4940807546873982
gaussian_medium,0.3,44,31,True,,none,28.360355377197266,1.7476010499598496,0.12764166600753615,0.04077889413195383,0.06250073843510708,0.08038423745395887,0.8966349112680488,1.3640029480475864
gaussian_medium,0.3,44,32,True,,none,28.981149673461914,2.062338252491666,0.11011372516795243,0.06515690221262994,0.025031784023092866,0.08273200412127273,0.9600660390368589,1.5496532281358604
gaussian_medium,0.3,44,33,True,,none,29.093820571899414,1.8085882222753307,0.10469459159625047,0.06796438943460241,0.0764066918314168,0.1547540226621538,1.252760951024927,1.6992615498583985
gaussian_medium,0.3,44,34,True,,none,28.46530532836914,1.5196793981594148,0.16525551733652283,0.026033779395067576,0.03513778744796237,0.08490562975565641,0.865166574286735,1.419242081301603
gaussian_medium,0.3,44,35,True,,none,28.02431869506836,1.5502850569385616,0.11309769546669657,0.04989677803282609,0.048802405550470905,0.07554728286313389,0.9170647281441198,1.5502850569385616
gaussian_medium,0.3,44,36,True,,none,29.246484756469727,1.4904240187658253,0.23521934302333075,0.16432412975708152,0.12910694114544966,0.428604960285068,0.6755469982774753,1.4904240187658253
gaussian_medium,0.3,44,37,True,,none,28.930816650390625,1.5020404390828215,0.06885676091816977,0.11650275026886936,0.02536446366397549,0.09604360863370054,1.071739482793156,1.5020404390828215
gaussian_medium,0.3,44,38,True,,none,28.906888961791992,1.7757877636964432,0.18834163357815384,0.18191149071702958,0.08739443353502924,0.1368757699845674,0.7869879238214657,1.668117129497628
gaussian_medium,0.3,44,39,True,,none,28.30011749267578,1.7091286404267212,0.038913273649220634,0.016315298969317903,0.020437958106208645,0.11424097386290567,0.9174234386920719,1.6460832788946897
gaussian_medium,0.3,44,40,True,,none,28.859302520751953,1.840101608899945,0.16314439699142153,0.07840597754317159,0.041453635763036935,0.04511617304555131,0.803758806294577,1.4110246520289058
gaussian_medium,0.3,44,41,True,,none,29.654386520385742,2.2057074892932347,0.05736324948206653,0.031958524171744586,0.04780054680810595,0.08028960798389166,0.7364036130319289,1.5793351698735034
gaussian_medium,0.3,44,42,True,,none,28.451154708862305,2.0092109954020336,0.0638691165965473,0.05059782740572681,0.019813449032621465,0.07907652097103697,0.6495395732135252,1.490520124734349
gaussian_medium,0.3,44,43,True,,none,29.182764053344727,1.8685440610818027,0.03961952787670549,0.07285544352498435,0.043399019672523576,0.1238906249730631,0.7936136054305846,1.6319036355923158
gaussian_medium,0.3,44,44,True,,none,28.75725555419922,1.7377163842595527,0.11215195954728914,0.054232940569507185,0.05007954722465009,0.08055377320839417,0.6709188393421096,1.5050159011346154
gaussian_medium,0.3,44,45,True,,none,28.84951400756836,1.7119440393171643,0.13765608862199943,0.038395967230095654,0.08710689053171262,0.04437468655663361,0.7499148523530667,1.7119440393171643
gaussian_medium,0.3,44,46,True,,none,28.231510162353516,1.8618119102325497,0.11838172495780311,0.07893939996745243,0.08057986959491412,0.035342426050722624,0.26139339555784363,1.742004770039133
gaussian_medium,0.3,44,47,True,,none,28.46192169189453,2.1104437497110253,0.21186394322642782,0.027359406815075576,0.05366175375833332,0.0902700696283882,1.0809799971015077,1.5086327257357468
gaussian_medium,0.3,44,48,True,,none,28.025136947631836,2.1767583480575663,0.11614374428265196,0.04004749797420786,0.08113536377192028,0.08195403667537605,0.761582637678801,1.4870752212237475
gaussian_medium,0.3,44,49,True,,none,28.558616638183594,1.8921490122515483,0.14760061570861127,0.04505991529688538,0.06886169491889835,0.1269756813170985,1.0660869508322435,1.7071624788400968
drift_medium,0.3,44,0,True,,none,27.215757369995117,1.7995818631340674,0.13116614690853995,0.1630426347252537,0.15859191112112883,0.47241151568000306,1.4743141035896679,1.5833360689076938
drift_medium,0.3,44,1,True,,none,26.556629180908203,1.8911945980930565,0.1102970963129048,0.07609407767164535,0.10008089371173205,0.6744593391849624,1.521033847903348,1.875646507980828
drift_medium,0.3,44,2,True,,none,27.82220458984375,2.162407463565747,0.049476353489770745,0.09036192790970217,0.05522220549407906,0.3064803401210947,2.071834887172409,1.8476731525473669
drift_medium,0.3,44,3,True,,none,27.134077072143555,2.0024199344168245,0.14052358926210604,0.0764773662849345,0.09364671346915618,0.5078305717433167,1.1204706463552334,1.9967095956126475
drift_medium,0.3,44,4,True,,none,30.466323852539062,2.424078684009263,0.09881995709766454,0.05056418296211807,0.1953351993812571,0.2760954788262959,1.3329641023878678,1.7389301213752597
drift_medium,0.3,44,5,True,,none,28.675275802612305,2.778595424995555,0.1247298075871139,0.04153785105803353,0.1442704103332167,0.28890363799160307,1.3360256127568044,1.6371075895738798
drift_medium,0.3,44,6,True,,none,26.542640686035156,2.3478368027915035,0.1252533282871202,0.11830760760913836,0.10937950334933633,0.33248666734898163,1.434828093963862,1.806693139435379
drift_medium,0.3,44,7,True,,none,26.522340774536133,2.1404104103976636,0.18976899054451718,0.04730883712686415,0.051611360491613606,0.08485559607495716,0.9301405452924636,2.059272912993267
drift_medium,0.3,44,8,True,,none,26.658973693847656,2.4618431065549164,0.0799465385638775,0.09642726302949259,0.10081805774772873,0.5229199440902984,1.1480371416084703,1.5027102291121834
drift_medium,0.3,44,9,True,,none,27.841840744018555,2.5579269451835533,0.1398722444747082,0.08561498600365032,0.1450809321082121,0.18625335024989306,1.5198333748384127,1.5202848904878468
drift_medium,0.3,44,10,True,,none,28.920520782470703,2.209210503512425,0.2011513400021618,0.08783424593318989,0.06265110536855986,0.21842708820081708,1.5680010952030305,2.0311166241019984
drift_medium,0.3,44,11,True,,none,27.320545196533203,2.533106165756845,0.12573815396765903,0.17438751236184735,0.08569517971494223,0.42766355583625776,1.3721345231216555,1.6705909795325267
drift_medium,0.3,44,12,True,,none,29.37778663635254,2.446723610728688,0.05399069196647065,0.15483417861837623,0.10404190190501876,0.28331534268002956,1.372375238945482,1.6325770189407984
drift_medium,0.3,44,13,True,,none,27.918455123901367,2.0803497753196227,0.16258680246638793,0.049353053400344286,0.02584558525165475,0.055491891557208725,1.1481078076494322,2.0416134124025347
drift_medium,0.3,44,14,True,,none,26.543315887451172,2.104133631064634,0.09030279116528822,0.10181184437315685,0.1441891463100676,0.5190454600036859,1.0372453205867427,1.6400710687782787
drift_medium,0.3,44,15,True,,none,27.784358978271484,2.194460342215279,0.13293231507351264,0.042547771171072515,0.09872285756912003,0.3446352658198918,1.0820906802657997,1.8450671787131665
drift_medium,0.3,44,16,True,,none,26.344924926757812,2.138192472215062,0.15222914681418703,0.05272344345467163,0.08188491243143271,0.26941403003100994,1.1723730770925533,1.958225186553079
drift_medium,0.3,44,17,True,,none,27.232135772705078,1.9299020452679392,0.18097499569113326,0.055319998269891486,0.10621374445166687,0.40823112157432984,1.1250185121210452,1.9152091026928082
drift_medium,0.3,44,18,True,,none,27.251201629638672,3.0221219007396996,0.11217826392230816,0.03185324819263647,0.10634458254896982,0.3231223210579928,1.4960067543110358,2.825272492135378
drift_medium,0.3,44,19,True,,none,28.58803939819336,2.3265348572784195,0.04238774843346394,0.07644510128821919,0.05854726713268813,0.159637530944465,1.3203973259033501,1.7635376411884744
drift_medium,0.3,44,20,True,,none,27.00861167907715,2.8674700325806164,0.10208655198883841,0.08721798840569414,0.05735936117386954,0.28227902344719824,1.0482995908519481,2.542835578881561
drift_medium,0.3,44,21,True,,none,25.87523651123047,2.123546510444686,0.12769066838509488,0.08830203002456063,0.12171623719049676,0.3839961078036054,1.534389988494012,2.0077525063613915
drift_medium,0.3,44,22,True,,none,28.542341232299805,2.1233949427769043,0.1181873858689476,0.14900739495994167,0.28031327297187325,0.5048385973940454,1.1153825628908074,2.1023884207878907
drift_medium,0.3,44,23,True,,none,29.797042846679688,2.6941255257674226,0.11302243962998415,0.063002486772979,0.08536763070255836,0.3929424268742251,1.6807032068807473,2.488671386951833
drift_medium,0.3,44,24,True,,none,27.53567886352539,2.2650421425217506,0.11858569441498683,0.08165031195247589,0.09999729520776075,0.28496668795005475,1.4043092690430006,1.7094875252636041
drift_medium,0.3,44,25,True,,none,29.348041534423828,2.1190539675100544,0.08711114922917773,0.13054814446166396,0.21662107227274066,0.8284060729409173,1.2273316800030698,1.7080734493544854
drift_medium,0.3,44,26,True,,none,26.470130920410156,1.9140800551313675,0.12755846545760832,0.07339233362663082,0.1871536791036955,0.39394402075085927,1.3475233396300406,1.7912988836516262
drift_medium,0.3,44,27,True,,none,26.17374038696289,1.7089779434484955,0.0645488911640914,0.07045688392798773,0.15028841142761892,0.4652184842809835,1.0780096032311293,1.593948991409515
drift_medium,0.3,44,28,True,,none,26.145212173461914,2.3733287796399174,0.10547925637087109,0.08161096691930336,0.13443873050712832,0.11050104122260966,1.3034464707493545,1.9048497325656106
drift_medium,0.3,44,29,True,,none,31.45897102355957,2.603170001572212,0.1716936670197797,0.048738214015497563,0.13442817061516857,0.1913621279107186,1.4566084661944378,1.6888392582108738
drift_medium,0.3,44,30,True,,none,28.54288101196289,2.090352163231671,0.06112164717187862,0.06000337429808616,0.0473414223933486,0.3949398816876369,0.6736002971512904,2.046901196967828
drift_medium,0.3,44,31,True,,none,27.985198974609375,2.558594150863537,0.08351450751603456,0.13054391069831706,0.05027286261726485,0.19397278954865657,1.6012329067907625,1.5567857297588825
drift_medium,0.3,44,32,True,,none,28.51660919189453,2.234407021299343,0.16511055113883702,0.06330041373511747,0.06638996243555098,0.1765741400742472,1.3517211503700979,2.1948279737768877
drift_medium,0.3,44,33,True,,none,27.434215545654297,2.5140244925988795,0.11010742071442473,0.0487900349173739,0.09798387737027606,0.09158146298510426,1.1153675909120337,2.4178848289193478
drift_medium,0.3,44,34,True,,none,26.386857986450195,2.222910710160002,0.13201660198576864,0.1008020069994749,0.10619874676634568,0.07471139613866544,1.0034215806252125,1.6660387015449414
drift_medium,0.3,44,35,True,,none,28.460424423217773,2.2223877059546275,0.07794246376989755,0.07998017324092029,0.18910999843093998,0.7673828559140956,1.1721778877779743,1.8625954325519214
drift_medium,0.3,44,36,True,,none,26.03285026550293,1.8473997882109625,0.22707606244060538,0.10428311472716323,0.17935249357402197,0.3786468125731957,1.4994435071578927,1.8383347380295372
drift_medium,0.3,44,37,True,,none,29.52438735961914,2.043032510939349,0.3398184609845903,0.13145734477207083,0.24692844974703548,0.6621943205390334,1.633933097746499,1.4812032911093371
drift_medium,0.3,44,38,True,,none,30.825634002685547,2.9355943086192355,0.07004172718308464,0.05487468269551331,0.08788459398134817,0.6075333280811364,1.2322751988622425,1.4872273901536903
drift_medium,0.3,44,39,True,,none,26.711109161376953,2.154802338766759,0.12728532078235064,0.08450398327895574,0.04075637343557622,0.2716025574253553,1.0871215696745864,1.8876883919453387
drift_medium,0.3,44,40,True,,none,27.44910430908203,2.1257366296993467,0.11093355074049466,0.07001058240296167,0.21073044476605776,0.35076733168259666,1.2803701852721723,1.50466337657956
drift_medium,0.3,44,41,True,,none,30.978435516357422,2.1833785607813616,0.10303662850816811,0.10427041150510198,0.058515964453199655,0.34347846631090784,1.6060245249173921,1.9762813137263364
drift_medium,0.3,44,42,True,,none,25.847549438476562,2.226008469744761,0.07281149344426198,0.11983026552044883,0.2054010763067103,0.470211837184508,1.395954629985882,1.8970888288325265
drift_medium,0.3,44,43,True,,none,26.987939834594727,2.3481279403795248,0.14131093887117852,0.04908024348501919,0.08983312095597314,0.19943707299094054,1.2781031629189494,1.9989835164603824
drift_medium,0.3,44,44,True,,none,31.84996223449707,2.2349941173969112,0.0569042426649623,0.0800509140580138,0.198380894556351,0.3745938975952582,1.0754295269899772,2.0884619469378003
drift_medium,0.3,44,45,True,,none,28.490793228149414,2.3240926140892126,0.1243766092313359,0.051774634651835,0.2291823367826568,0.4927174279436329,1.3396206553844987,2.2053211468222638
drift_medium,0.3,44,46,True,,none,27.754053115844727,2.299624345389811,0.1204357688369638,0.07927576961410102,0.06392560552567728,0.08964724625712779,1.8312590674509999,2.1898151936549652
drift_medium,0.3,44,47,True,,none,27.758981704711914,2.7789378645054015,0.14447116661490877,0.07108721501960065,0.15292808728884813,0.1981518878592764,1.169243095916243,1.9679654789904801
drift_medium,0.3,44,48,True,,none,26.15105438232422,2.0886323015013097,0.16641248582243304,0.050510973051342584,0.04032205564573595,0.14902792219588357,1.0181529633575346,2.0160438527640823
drift_medium,0.3,44,49,True,,none,27.033523559570312,2.3551769010872006,0.14316577773737,0.11173938467607922,0.08077057227639767,0.15120123665819696,1.2905019565237836,1.9856549242953592
burst_medium,0.3,44,0,True,,none,28.57973289489746,1.892042983057329,0.10759396721982993,0.08802708020366164,0.2307385660593486,0.24731016080657584,1.0143477521220998,1.7606041476890189
burst_medium,0.3,44,1,True,,none,27.991960525512695,1.6423962023988474,0.07003892836091759,0.030158451667697952,0.0329382482355855,0.06488061045947181,0.7343400575792842,1.6417163511179904
burst_medium,0.3,44,2,True,,none,29.60796356201172,1.6471686410511885,0.21965284007497635,0.1487927996555901,0.2092394645269966,0.3659147905320185,0.7597605524212949,1.4645810306405278
burst_medium,0.3,44,3,True,,none,27.38549041748047,1.4823976640256773,0.11888165264232858,0.032765135749742075,0.03283779248030485,0.04276085818472564,0.6038867334378352,1.3963544043549683
burst_medium,0.3,44,4,True,,none,27.349777221679688,2.1005399979596553,0.03970321011604102,0.026553940285039736,0.07373801416539848,0.06240618647285813,0.19177510363364852,1.6220187018149044
burst_medium,0.3,44,5,True,,none,27.6999454498291,1.902138216659427,0.06683765601151619,0.04341621477792816,0.036443694609775625,0.028317091196201166,0.7863207391214493,1.3889889590546691
burst_medium,0.3,44,6,True,,none,29.2243595123291,1.7786625176276822,0.13240574376886904,0.10194323640303983,0.04355038176838359,0.09433818218920155,0.730691900026342,1.4841416180846285
burst_medium,0.3,44,7,True,,none,28.529890060424805,1.7014538143849391,0.12327763991520767,0.05015617592786026,0.04200023297098234,0.051621625535161746,0.8779051403463013,1.3673072638207633
burst_medium,0.3,44,8,True,,none,27.51787567138672,1.2878233366209864,0.12720163398365167,0.043670509194852644,0.021056748149884785,0.03230061174066315,0.28603885365237114,1.2878233366209864
burst_medium,0.3,44,9,True,,none,27.15394401550293,2.168989632279473,0.11382939868611408,0.036025070600324054,0.03071395381279447,0.05792355793441136,0.3611776869283688,2.0739928431534373
burst_medium,0.3,44,10,True,,none,28.234893798828125,1.5310189298933476,0.14736587782653895,0.029451982676368154,0.04535198115188665,0.12827096405773347,0.26643392959498446,1.474455344132608
burst_medium,0.3,44,11,True,,none,28.26242446899414,1.610642544015874,0.25882414679934235,0.03788940482431489,0.08711230181547375,0.12079762872422002,0.8564205508946162,1.610642544015874
burst_medium,0.3,44,12,True,,none,28.699390411376953,1.3476243705111794,0.06866119584892762,0.07481159065307012,0.05567226413503072,0.030161394048158936,0.6331892323098116,1.1722551706271325
burst_medium,0.3,44,13,True,,none,26.717483520507812,1.3588446303963855,0.10229359678294592,0.041949055472498636,0.062217396488208156,0.10113747385862332,0.27477285120285944,1.3588446303963855
burst_medium,0.3,44,14,True,,none,27.618785858154297,1.2920901719253695,0.11362228591332278,0.023241606154512262,0.03260713400019193,0.035770042770316764,0.36338420860071535,1.2146101830402227
burst_medium,0.3,44,15,True,,none,27.57901382446289,1.6982398447039992,0.10342063036184349,0.022763734526288208,0.02078178215363924,0.13742597306043508,0.7517104441523972,1.6476252831505842
burst_medium,0.3,44,16,True,,none,28.35422706604004,1.3046010988552514,0.09242789725122787,0.07486572702882369,0.036331491494080194,0.05636373181389647,0.4086432020534147,1.3046010988552514
burst_medium,0.3,44,17,True,,none,28.079130172729492,1.2348153260048653,0.10547584232853872,0.025668278966246866,0.022700411202005468,0.03890749507981445,0.3851511274572741,1.2348153260048653
burst_medium,0.3,44,18,True,,none,28.752317428588867,1.9603870888204042,0.1550749263258036,0.08499604579026922,0.033351640695619564,0.1088435008312232,0.8226249449863957,1.3555742383105276
burst_medium,0.3,44,19,True,,none,28.840538024902344,1.5184179131708915,0.0941512567720498,0.041475727372347025,0.03314584170349008,0.0797935074345235,0.07404720105311054,1.4316186976368017
burst_medium,0.3,44,20,True,,none,28.178197860717773,2.056354829294047,0.09686187507025593,0.035825204267109195,0.06699224783516468,0.07442425487962769,1.083802101596729,1.9276631705669993
burst_medium,0.3,44,21,True,,none,27.90317153930664,1.7117853369824907,0.08275060269422783,0.03612303428382938,0.14914374250662507,0.04632458832885849,0.9434372738785577,1.5803808399967416
burst_medium,0.3,44,22,True,,none,27.512136459350586,1.5205711165857057,0.08035680650035873,0.03001519584947833,0.034442072129514584,0.039580062455289194,0.5710912870494478,1.5205711165857057
burst_medium,0.3,44,23,True,,none,28.003215789794922,2.2033758312805567,0.10351930528930121,0.16496160546457864,0.10101196202419803,0.5970188212381192,1.3496706986375568,2.1024215240531077
burst_medium,0.3,44,24,True,,none,27.487035751342773,1.7293517269904062,0.10424199291327804,0.027677177523803963,0.027760979474848776,0.06635814058274248,0.7557272282424045,1.43220473597767
burst_medium,0.3,44,25,True,,none,28.29616355895996,1.7167666162214237,0.09777601030963914,0.0750565269016342,0.10247820160571604,0.07538729887514786,0.7883622859519245,1.7167666162214237
burst_medium,0.3,44,26,True,,none,28.167264938354492,1.7847043681637333,0.1064408822346629,0.029276379889371953,0.10311473457236361,0.05698325419771834,0.8758537641931935,1.5437223498590074
burst_medium,0.3,44,27,True,,none,28.419296264648438,1.5708429385221943,0.05309043368812542,0.14172399035617952,0.24288075819379298,0.11598793948802508,0.9995463672346526,1.5670963883254276
burst_medium,0.3,44,28,True,,none,28.728721618652344,1.7185213264553136,0.15237097553736748,0.1014841943891075,0.06912544190161285,0.2520177184931278,0.7636357194417261,1.6846422528066618
burst_medium,0.3,44,29,True,,none,28.96463394165039,1.5041845747832017,0.19147018977870447,0.10748086693722222,0.09896548547054608,0.17722031607537939,0.7435649513680866,1.5041845747832017
burst_medium,0.3,44,30,True,,none,27.221250534057617,1.9448115758304814,0.07697059203356177,0.0246099297913897,0.06891789852884089,0.0768804958640591,1.1391524492636518,1.4746295243591754
burst_medium,0.3,44,31,True,,none,28.198469161987305,1.6977772452697968,0.03777781251780138,0.02771375704916476,0.02714389848042958,0.051893574884250344,0.76957019076063,1.6977772452697968
burst_medium,0.3,44,32,True,,none,27.608240127563477,1.3611856077993232,0.049736683490767264,0.04324422133805061,0.028717312955099397,0.04704520294399317,0.12000800131167194,1.3390897774930335
burst_medium,0.3,44,33,True,,none,29.239988327026367,1.7112296629844777,0.05607492944622557,0.04692660442500704,0.03483876449648266,0.09272194787045517,0.662036416553293,1.7112296629844777
burst_medium,0.3,44,34,True,,none,28.562593460083008,1.7319672821610335,0.19189297775094863,0.10277107847465759,0.063633716309374,0.04245683819458223,0.3965748844538905,1.7319672821610335
burst_medium,0.3,44,35,True,,none,27.993160247802734,1.8725959331674458,0.08975789615632074,0.030653529173010202,0.05054829247754075,0.17437602927660545,1.2125829639004246,1.8024803356508943
burst_medium,0.3,44,36,True,,none,29.09578514099121,1.4942548659588568,0.23924377078898243,0.09570770628826496,0.0697655089188243,0.11614267869019504,0.7800274631561882,1.3398332122109318
burst_medium,0.3,44,37,True,,none,28.460338592529297,1.4762454909479208,0.21130912185573483,0.0382378126967378,0.06799897289638887,0.16350621479859057,0.6788345407733049,1.4762454909479208
burst_medium,0.3,44,38,True,,none,28.18348503112793,1.8134589712067346,0.16913931029267126,0.05384743453423478,0.03816341704636231,0.0662156174037548,0.9623739749130221,1.8134589712067346
burst_medium,0.3,44,39,True,,none,28.494966506958008,2.102114093570686,0.0804272829228383,0.022712982349084587,0.11122921091618954,0.18418421480389452,1.067167718642402,1.9221957839989054
burst_medium,0.3,44,40,True,,none,27.34099769592285,1.7815521129884209,0.03343062837222239,0.042480856687830124,0.03306663028093437,0.048311506234984584,0.15750705890577865,1.7815521129884209
burst_medium,0.3,44,41,True,,none,29.711339950561523,1.5074540215779124,0.2042801995101478,0.049191928438296846,0.047028145891524264,0.06564474912775613,0.5728972589084406,1.5074540215779124
burst_medium,0.3,44,42,True,,none,27.65896224975586,1.6767526604831293,0.043314818153753196,0.10491862834328737,0.1292676642594166,0.09383813379199454,0.8559909257293481,1.578520670199405
burst_medium,0.3,44,43,True,,none,29.653276443481445,1.2843408096024027,0.20382773069284282,0.11413246678031932,0.028027009842755246,0.22132612837262242,0.45333196172580814,1.2843408096024027
burst_medium,0.3,44,44,True,,none,27.72512435913086,1.558195355734023,0.11269222177319815,0.028978571668401964,0.037848464826136324,0.04233303421121086,0.7280147736451702,1.558195355734023
burst_medium,0.3,44,45,True,,none,29.110654830932617,1.4659528896968022,0.03620834673473229,0.03700951819245441,0.051298116264166665,0.15639699803862592,0.9252644664952445,1.3859464333643086
burst_medium,0.3,44,46,True,,none,28.714969635009766,1.557136892651638,0.1313181182109137,0.053506121439688005,0.05564277482321679,0.06017035281284083,0.6639695072526691,1.557136892651638
burst_medium,0.3,44,47,True,,none,27.005107879638672,1.9431393644323087,0.0883441993270549,0.06518733058811046,0.032388149855648134,0.09834383898399944,0.9635903002726846,1.4491775497626542
burst_medium,0.3,44,48,True,,none,28.23577117919922,1.3828623855751196,0.084059284286391,0.0323169764808414,0.02789090281189586,0.04897362846266267,0.5021290702614137,1.3828623855751196
burst_medium,0.3,44,49,True,,none,28.720739364624023,1.6020707060942376,0.08743612688286428,0.027213623106973006,0.02492760329348329,0.10997288341295108,0.5515090405254548,1.6020707060942376
bias_medium,0.3,44,0,True,,none,28.224891662597656,2.0058542175708007,0.16388449940560917,0.11701361186555967,0.1529159333619254,0.47033176783484965,1.191355769497269,1.9521548763505252
bias_medium,0.3,44,1,True,,none,29.44892692565918,1.655052029503174,0.12450864184710958,0.1184697783853134,0.05029064035275793,0.2615958594108285,1.29343147638128,1.655052029503174
bias_medium,0.3,44,2,True,,none,27.157808303833008,2.1356597749975985,0.05504229032065377,0.08061786204812303,0.0738541848224477,0.23277009393728795,1.6166490541806746,1.8537142219826845
bias_medium,0.3,44,3,True,,none,29.38694953918457,2.5282230467997056,0.15545761223793217,0.05829785282216831,0.14308707032880008,0.2004863887869272,1.3580813837185401,1.6089466994857897
bias_medium,0.3,44,4,True,,none,27.720035552978516,2.3904640539658173,0.08276164909869657,0.048794174874553106,0.15296119210155715,0.18868379873780544,1.3920792205283126,2.3031869868937984
bias_medium,0.3,44,5,True,,none,29.907514572143555,2.0761611869148187,0.12747355237486577,0.04875177727007484,0.1648188393166498,0.24814840871906366,1.381936834321041,2.0003971838638956
bias_medium,0.3,44,6,True,,none,27.29854393005371,2.291321733986789,0.13740940950864283,0.16182516387976922,0.17808963353725593,0.24164301796288265,1.578785373377517,1.83616202455928
bias_medium,0.3,44,7,True,,none,27.34856605529785,2.4105243528990874,0.17599299031230178,0.044801270579858894,0.10610991905105188,0.17839288887222546,1.3893706997746953,2.063403037703688
bias_medium,0.3,44,8,True,,none,29.76740074157715,2.2404883637707034,0.09423089337963277,0.08902485371687449,0.21694041098015823,0.46067928795837465,1.0707555015798815,1.586586721845537
bias_medium,0.3,44,9,True,,none,28.96761703491211,2.3317911050808053,0.15213634659615427,0.10603674699684854,0.16744057469879975,0.3387869690020914,1.5619630798639677,2.2531914760771534
bias_medium,0.3,44,10,True,,none,28.92549705505371,2.2026447012939894,0.18773565671045409,0.05725977603778384,0.1838742585157949,0.3619427278605148,1.4672972134117408,1.9240441153533046
bias_medium,0.3,44,11,True,,none,29.098011016845703,2.5506357028007356,0.14001913387463324,0.14297052598756987,0.06506736538781409,0.3615044612137358,0.9526586904137656,2.4021451091262547
bias_medium,0.3,44,12,True,,none,28.317474365234375,2.4220852807783877,0.07487433509282325,0.15899748596903893,0.1278420370521336,0.3120391512865598,1.4523174187490568,1.6767562972659893
bias_medium,0.3,44,13,True,,none,25.644914627075195,1.9044761804084598,0.13978563731485374,0.03787533175974338,0.03845964576232494,0.19367315465523388,1.0398507134655057,1.3521476878020797
bias_medium,0.3,44,14,True,,none,28.692811965942383,1.8913261149825689,0.09670581585492684,0.046732185074367785,0.06227880988954133,0.4531136028738568,1.5686203077084127,1.776563437699598
bias_medium,0.3,44,15,True,,none,30.36845588684082,2.3233682140288523,0.14509594514674157,0.11979022321698501,0.05019207497535028,0.4359299623024217,1.1359096806360023,1.5923977359260844
bias_medium,0.3,44,16,True,,none,30.26007652282715,3.500387015473747,0.17918349104122722,0.08823827190352483,0.11267892365408488,0.14356106491847784,1.5787648177108036,1.6174184759404133
bias_medium,0.3,44,17,True,,none,26.626296997070312,2.205355980624845,0.16871368796528421,0.0828801329216742,0.13121204952573945,0.3513486460447309,1.168514932870735,2.0353653409083305
bias_medium,0.3,44,18,True,,none,28.0887393951416,2.386127251315417,0.12134517264072987,0.041521827426002196,0.1774353699499577,0.12194472621935543,1.8136557854662285,1.8006350756405394
bias_medium,0.3,44,19,True,,none,27.92694854736328,2.3402684469455983,0.04889876930240803,0.04649241338963961,0.08748207503419547,0.21773017426173816,1.1136908783188946,2.260498365137413
bias_medium,0.3,44,20,True,,none,26.835493087768555,2.422347743177601,0.12087289573899795,0.061316641221978864,0.1449640752669587,0.27155807310065716,1.3687342298781602,1.945266175378941
bias_medium,0.3,44,21,True,,none,26.105300903320312,2.316918893363202,0.1258405712794203,0.1641386698197558,0.17457843375086438,0.31331540017766635,1.396273037220734,1.567161008923152
bias_medium,0.3,44,22,True,,none,30.54813003540039,1.4794078434871787,0.1561618018793321,0.13658653846626997,0.18146914523146346,0.9967204199256442,0.9463070088287686,1.4794078434871787
bias_medium,0.3,44,23,True,,none,28.005380630493164,2.7013274149456756,0.10319604704047969,0.025769558388867502,0.0682761928675449,0.20073115509679954,1.3306925007322037,1.6507662992831538
bias_medium,0.3,44,24,True,,none,29.508573532104492,2.463261107249527,0.12303863002954496,0.21460589949439468,0.06767244781997929,0.3579801032134591,1.1970372378892513,2.4203305161176423
bias_medium,0.3,44,25,True,,none,30.45037269592285,1.9943877531984757,0.0924138987891415,0.1249857417609688,0.0678633111769952,0.5602813458527519,1.1835359460486847,1.9806643066106382
bias_medium,0.3,44,26,True,,none,26.39643669128418,2.1805435925276493,0.11282462155667063,0.06710235447158623,0.08770099325706936,0.3779659679056375,1.2298595125485265,1.9468889252823103
bias_medium,0.3,44,27,True,,none,29.14375114440918,2.1441321921384024,0.0937776392321246,0.046663987435303735,0.14847588526544214,0.45184905405858605,1.377458873280377,1.8057335262921177
bias_medium,0.3,44,28,True,,none,28.534299850463867,3.131166271095364,0.12557995876676237,0.10613552599047282,0.18704737241071945,0.3436899720611147,1.5421510701627976,2.550805158606932
bias_medium,0.3,44,29,True,,none,30.594240188598633,2.1402478758046293,0.16961399553498496,0.0955578888653465,0.1425883948687359,0.2707224245609996,1.5944357714105983,2.0011881391519926
bias_medium,0.3,44,30,True,,none,28.372106552124023,2.170769173418362,0.09083028953507571,0.045749980885094306,0.07395764501624284,0.20850228372519877,1.2592735262283818,1.9079185061138797
bias_medium,0.3,44,31,True,,none,27.47404670715332,2.930113377795202,0.07876790032344796,0.10375602754547518,0.041223000963257456,0.16590517569954233,1.3684964322085378,1.5177515413777194
bias_medium,0.3,44,32,True,,none,32.19976043701172,2.3126057047979858,0.20326862586764624,0.04878009018311842,0.04755476848362664,0.1297981047669389,1.3414500552315984,1.6037730232744003
bias_medium,0.3,44,33,True,,none,27.862350463867188,2.1726268089402585,0.11243876572863735,0.05717840860475409,0.08459777404845208,0.22238642564472272,1.2735679142647793,2.082228756948964
bias_medium,0.3,44,34,True,,none,26.773866653442383,2.4719044877257668,0.12513756668421544,0.03225958389304835,0.06613999182610861,0.17533881618037356,0.8006221815794726,1.5232698264619302
bias_medium,0.3,44,35,True,,none,29.4840030670166,2.528277653297611,0.1256212264157124,0.1345026049872769,0.21925116738302186,0.6799342280664296,1.1303736808731353,1.633016133374044
bias_medium,0.3,44,36,True,,none,29.345396041870117,1.9148356603821997,0.2823661001019608,0.11235266019404376,0.17658741293924987,0.47886491057512737,1.0646244435729197,1.4187353468007922
bias_medium,0.3,44,37,True,,none,28.683435440063477,1.9731728974686116,0.25328910625240764,0.10447671908352499,0.27114120093997185,0.7529989342720781,1.9731728974686116,1.5969152711912857
bias_medium,0.3,44,38,True,,none,28.378578186035156,2.539551870589587,0.08159842557617893,0.04336227680997895,0.08047287897958727,0.31396268619590095,1.1570142077874925,1.4781684390380223
bias_medium,0.3,44,39,True,,none,28.489501953125,2.0018485161692703,0.13848568801565442,0.05553033411055061,0.09171209035766985,0.380252888354435,1.2727706171490156,1.6945952722384754
bias_medium,0.3,44,40,True,,none,26.4377498626709,2.2527767350305186,0.09403529498322134,0.07283171513407054,0.1718101485252828,0.2339456557830561,1.3823308320026328,1.9231960869145313
bias_medium,0.3,44,41,True,,none,27.15603256225586,2.2255542270780846,0.09567217821607378,0.06166836610552531,0.09879780665063129,0.13095517518074654,1.4861973339449601,2.1163405887822155
bias_medium,0.3,44,42,True,,none,26.984434127807617,1.9959744697776547,0.08479661780868647,0.12082294628342856,0.15379538063398399,0.5134878338213203,1.3198624999856077,1.9088609240214984
bias_medium,0.3,44,43,True,,none,26.815292358398438,2.051248757444567,0.12383716106851306,0.1108229280205808,0.07358076218459339,0.2047485190947387,1.4414904354217866,1.6204817801593923
bias_medium,0.3,44,44,True,,none,26.923168182373047,2.1834585962560324,0.05642218048247481,0.11170455312070358,0.18619943216837923,0.35199459181998616,1.3999318117536723,2.100157301695726
bias_medium,0.3,44,45,True,,none,30.753177642822266,2.3080788086897708,0.15685099520847892,0.18256107983205208,0.08024976364684837,0.46829149291126204,0.9692266549779733,1.6658941432551067
bias_medium,0.3,44,46,True,,none,28.728818893432617,2.199350966163543,0.15990599111075682,0.06500942726487534,0.08495840434372905,0.11828278257510606,1.8007320751518756,2.1160931920617645
bias_medium,0.3,44,47,True,,none,30.259374618530273,2.4978108952300393,0.15408982504704435,0.11215375880515548,0.14808066403181608,0.329583568248277,1.5729573682914355,1.985048907925872
bias_medium,0.3,44,48,True,,none,26.622243881225586,2.6718119148534343,0.15793822725558668,0.06796023491007042,0.1386997364279526,0.20032285654111093,1.2823700549442743,1.665287383977497
bias_medium,0.3,44,49,True,,none,29.425495147705078,2.382949640244137,0.15145601985389956,0.13777799727172588,0.1272161462428357,0.14605409862697027,1.3600334290026694,1.9858197717832204
jump_medium,0.3,44,0,True,,none,31.304832458496094,1.7251581471252508,0.1591744834972673,0.0695558137822785,0.05227033227563857,0.19053231881827717,1.0181442252905946,1.5847633938827919
jump_medium,0.3,44,1,True,,none,28.141159057617188,1.5447098825158545,0.09991643307514843,0.0283876170417526,0.11416683076924496,0.3856843254875701,1.1706541308913494,1.350337243272937
jump_medium,0.3,44,2,True,,none,27.31144905090332,1.511181707104542,0.08563667689785429,0.06564834606580036,0.06557659965966442,0.10561654532156814,0.49958355486597206,1.511181707104542
jump_medium,0.3,44,3,True,,none,28.612110137939453,1.822593776293315,0.09574321980665837,0.037936303162436465,0.05592108947866623,0.27003606507104577,1.0217775514694631,1.408847717413523
jump_medium,0.3,44,4,True,,none,28.181371688842773,2.0973035530636945,0.0909774411495713,0.1341229443201418,0.14999655149213637,0.3708940287174062,1.0176172802782033,1.6009875271464447
jump_medium,0.3,44,5,True,,none,28.7996883392334,2.0422726106562004,0.13775652298585617,0.02229486614796206,0.11387395318115108,0.09569481935306827,0.7620315213586367,2.0347085931056625
jump_medium,0.3,44,6,True,,none,27.703702926635742,2.615030673231743,0.13942096622180247,0.15963215928876173,0.09897928118297661,0.26646021807302467,0.9143299691820472,1.5841085132520254
jump_medium,0.3,44,7,True,,none,28.10047721862793,1.8653579317573898,0.05737247465661104,0.07301125959331224,0.05640545237461612,0.13202208835396415,0.9723446751565749,1.8570281237548703
jump_medium,0.3,44,8,True,,none,30.31788444519043,1.987285531788991,0.06570674905392375,0.06249780467114885,0.04511679203473413,0.16793112172152697,1.1979283972130097,1.9750478169061714
jump_medium,0.3,44,9,True,,none,28.2707462310791,2.058973931806925,0.13665476277054597,0.044216597994993945,0.06960006172966622,0.26352389464265064,1.3353727093535817,1.7914266537420505
jump_medium,0.3,44,10,True,,none,27.87616729736328,1.6492923993999618,0.09243578373060278,0.08455539938907773,0.060270298907236876,0.20464202795487452,1.4812342020310048,1.6492923993999618
jump_medium,0.3,44,11,True,,none,27.889522552490234,1.817953015251583,0.11157328925589295,0.0662911274442977,0.08732155685710263,0.1503687235695453,0.6196481074985988,1.6143465890791637
jump_medium,0.3,44,12,True,,none,28.985321044921875,1.4672802750223166,0.08990164209733953,0.32323894325752073,0.1521091579473551,0.37773942799804566,1.3218786231571062,1.2664059593056336
jump_medium,0.3,44,13,True,,none,27.98103904724121,1.6121251198481277,0.14536570388875866,0.02709996496142835,0.04197708912919758,0.05174588597695279,0.6591528900451802,1.43614601215468
jump_medium,0.3,44,14,True,,none,27.92985725402832,2.4068450833896873,0.08799870510487284,0.04867718967560829,0.0968569827736301,0.35756807671931273,1.0321966700471212,2.1675224163231586
jump_medium,0.3,44,15,True,,none,30.045907974243164,1.8881078166633058,0.09673951079063846,0.03462742469530858,0.04231518344383021,0.1253100148134285,0.9441750782677117,1.8163368804421829
jump_medium,0.3,44,16,True,,none,28.808748245239258,1.7465632977921808,0.15926851906407244,0.06057760167495005,0.08202319272655083,0.12215067068161925,0.9878981719610855,1.7465632977921808
jump_medium,0.3,44,17,True,,none,29.28204345703125,1.8328974821424624,0.1884383385781648,0.04078426494462988,0.14543152811272142,0.37029242341674845,0.9678736483447782,1.4618994274736612
jump_medium,0.3,44,18,True,,none,27.205055236816406,2.288401639791477,0.039947019319085744,0.10824262218096731,0.04995050524014077,0.05228018670129651,1.2468026805482086,1.48206886292279
jump_medium,0.3,44,19,True,,none,27.12648582458496,1.4015656893527015,0.091906908405974,0.030760891480673014,0.023901199693748487,0.03546292663121694,0.20461200448210068,1.4015656893527015
jump_medium,0.3,44,20,True,,none,28.846418380737305,2.1323406957301585,0.10366342525603299,0.04407884027125036,0.04856743329752492,0.14203777539692372,0.9209824608481066,1.5954603843393205
jump_medium,0.3,44,21,True,,none,29.412044525146484,2.224428285953501,0.03790683737641366,0.08076772160007381,0.1447440135122128,0.12250238007693127,1.1630134108204728,1.7478058986041072
jump_medium,0.3,44,22,True,,none,29.662559509277344,2.474886505099514,0.08662521560264978,0.0776970102487968,0.147674575432419,0.2867402116428679,0.7880088087272917,1.4833472206179315
jump_medium,0.3,44,23,True,,none,26.912044525146484,1.8483778710742182,0.09187059876112665,0.03677391511895871,0.060577944117101545,0.10197367608726544,1.231227542623378,1.8483778710742182
jump_medium,0.3,44,24,True,,none,27.576784133911133,1.6301111320258304,0.07967189451097105,0.0736044939627133,0.05148069121851987,0.07373179916748585,1.166420504834872,1.5395655734181677
jump_medium,0.3,44,25,True,,none,28.464998245239258,2.0947724000477503,0.307129221124499,0.14350519491267152,0.1321735352497606,0.38797305011625155,0.9384683712799725,1.6345813326203578
jump_medium,0.3,44,26,True,,none,28.04961395263672,1.5473935523490197,0.1134233309557351,0.025792721259042965,0.08449233807247193,0.18969528640942232,0.8150495929938805,1.5473935523490197
jump_medium,0.3,44,27,True,,none,29.5142879486084,1.7829732470545754,0.04073953188782883,0.07811182356028289,0.0699793844102086,0.12189916771062671,1.1325711872769897,1.6010952657157225
jump_medium,0.3,44,28,True,,none,28.110950469970703,2.302692995096588,0.06032995407246698,0.04604325083328498,0.04225157673604773,0.11615306696920634,1.130955091756561,2.280354325020121
jump_medium,0.3,44,29,True,,none,27.402374267578125,1.5855149004120825,0.07828519200130139,0.043143659833424795,0.039438622675251944,0.1739613422270202,0.5994669691884312,1.5855149004120825
jump_medium,0.3,44,30,True,,none,27.151918411254883,1.703655699846018,0.0741668500804067,0.05530315340750972,0.059574552156965374,0.08087178960734298,0.6285001869844327,1.703655699846018
jump_medium,0.3,44,31,True,,none,28.2119197845459,1.5810907003553862,0.09549830928154146,0.02797262974175178,0.038726593942511676,0.12187961302133975,0.6751160681043928,1.5810907003553862
jump_medium,0.3,44,32,True,,none,27.978424072265625,2.2968822513359872,0.1570598046209051,0.058953135863121654,0.06846516814795266,0.13278154174193288,1.2718240962204654,2.2315946570540017
jump_medium,0.3,44,33,True,,none,27.10036849975586,2.0926739233353597,0.0829297441119528,0.044425066524921106,0.08249668354186797,0.14849553064753573,1.2364199752484089,1.5771298532477387
jump_medium,0.3,44,34,True,,none,28.5281925201416,2.0581304749614815,0.14977343236396692,0.06023508997279592,0.035112378620038326,0.06745785390570276,0.7564770052615153,2.0245620039161314
jump_medium,0.3,44,35,True,,none,30.583913803100586,2.0055368045216118,0.04554846742056254,0.043533131064408155,0.07155458472661622,0.2142100703997975,1.118571846836718,1.9862990747917526
jump_medium,0.3,44,36,True,,none,27.244653701782227,2.417356745355522,0.19986664871644727,0.1757660644045504,0.10572255356271303,0.23948749689551121,0.9707346722429442,1.3830219039903922
jump_medium,0.3,44,37,True,,none,33.662200927734375,1.9588179364975877,0.22486597033129946,0.0800691312848808,0.1285206979146099,0.1227940032115819,1.329203560595701,1.6709248435834594
jump_medium,0.3,44,38,True,,none,27.246557235717773,1.8311866775771422,0.15150187241157737,0.04663619687842848,0.033819516979866904,0.06995880300478553,1.3521441945492005,1.8269353311399414
jump_medium,0.3,44,39,True,,none,27.58129119873047,2.113663613587606,0.11771419380796395,0.10634766535691495,0.08887451318923822,0.14322350520838228,1.1999565405422494,1.849325871794267
jump_medium,0.3,44,40,True,,none,29.7883358001709,1.9522013120184076,0.030648653219941303,0.03263387465050747,0.06736605294727799,0.0881286981375375,1.1014559296029658,1.948741811181724
jump_medium,0.3,44,41,True,,none,27.515228271484375,1.6959885989063752,0.058308368720776146,0.036622632999163914,0.039677469839129356,0.11454666451464526,0.6566277088638056,1.6357176022993263
jump_medium,0.3,44,42,True,,none,27.330429077148438,1.7463751291636769,0.1048629234312413,0.04540363579768019,0.041751411353379786,0.07657624573703492,0.9095573492394253,1.7463751291636769
jump_medium,0.3,44,43,True,,none,28.55034637451172,2.2304666822238985,0.14416381642094303,0.022396369656705214,0.03722883052200866,0.09417122545443297,0.867006802136371,2.117395323023749
jump_medium,0.3,44,44,True,,none,27.715322494506836,1.7012334476686628,0.08847308578169907,0.04918557261168758,0.040724534316453474,0.04536365260189035,0.7617883020376609,1.3508212931336285
jump_medium,0.3,44,45,True,,none,27.842878341674805,1.880258769759108,0.055757277894803385,0.06195547146521211,0.09482069195786443,0.39533149761323516,1.0527450667271772,1.880258769759108
jump_medium,0.3,44,46,True,,none,28.02737045288086,1.6074166177448805,0.19422319072795244,0.04773887680411877,0.029892604534917464,0.05973809170884096,0.8381631657299324,1.6074166177448805
jump_medium,0.3,44,47,True,,none,27.59387969970703,1.4177736604183921,0.08006133261200321,0.05915439276304826,0.03826701167902297,0.18185116369737758,0.7427618879351553,1.3867444666629942
jump_medium,0.3,44,48,True,,none,27.446496963500977,1.833890683607059,0.13762288897590894,0.11508871074100933,0.03671954123584912,0.09594633870187648,0.711567492874746,1.7881286569566424
jump_medium,0.3,44,49,True,,none,27.996929168701172,1.4859519933211212,0.19899389061469172,0.045517140656206184,0.030321664629836632,0.14438266309363987,0.9014384519737846,1.4125440002974416
combined_medium,0.3,44,0,True,,none,27.824100494384766,1.4993774802748803,0.12564700484185687,0.034556916955274575,0.037003468310768686,0.11818145060631972,0.8761914565539723,1.4969144876189453
combined_medium,0.3,44,1,True,,none,29.603614807128906,1.630659532318088,0.05614578160976162,0.05613037813439804,0.03895111922015139,0.061631453981453796,0.774585058946202,1.5325775244204023
combined_medium,0.3,44,2,True,,none,28.806011199951172,1.9818622793978338,0.08620270777410148,0.020491793134586028,0.04235723650355951,0.06585289052243987,0.7943388845071504,1.961571198616911
combined_medium,0.3,44,3,True,,none,29.197799682617188,1.6381914331580023,0.07265254134008799,0.05909226164380317,0.059514858195217714,0.3014761671663969,1.0602759570860267,1.4734144969102985
combined_medium,0.3,44,4,True,,none,29.131439208984375,1.9409938615048858,0.06775709667794057,0.01609138037060173,0.0465738935481237,0.06828658410729045,0.753598538665081,1.9409938615048858
combined_medium,0.3,44,5,True,,none,29.154788970947266,2.098878309420532,0.04815573805225416,0.03754198827055077,0.017478499019542074,0.06325688895410607,0.9031416068290968,2.088473323318545
combined_medium,0.3,44,6,True,,none,28.434539794921875,1.936332518952982,0.04950889591479487,0.029597386492778086,0.0346942690405148,0.06741292008988281,0.9577548522712162,1.886492406087367
combined_medium,0.3,44,7,True,,none,26.820615768432617,1.7333218833646475,0.10459747947404771,0.09375086314663342,0.07154719810278302,0.3317398574142162,1.0499914296236503,1.7333218833646475
combined_medium,0.3,44,8,True,,none,29.375734329223633,1.859183890065952,0.13870319386201863,0.09825926376977911,0.029790216779051262,0.26184089283309525,1.179407334909743,1.4415651971653392
combined_medium,0.3,44,9,True,,none,28.168384552001953,1.9021379764340736,0.1325098049456575,0.05972211530136528,0.08371292121469179,0.26190767468405096,1.1936653870092446,1.8811049746271897
combined_medium,0.3,44,10,True,,none,30.83315086364746,1.8324194319465337,0.16452066601097592,0.11134549760741615,0.057732911277653676,0.07600407281561332,0.8670252143184639,1.8324194319465337
combined_medium,0.3,44,11,True,,none,26.8214111328125,1.9649732933836987,0.061461609312526685,0.17440441828576925,0.07688666999769435,0.22945587718224492,0.7882887485356519,1.5759493688615638
combined_medium,0.3,44,12,True,,none,31.543834686279297,1.9628982708350653,0.08669558090327545,0.19554621076643816,0.06458568153799185,0.11169956959896271,0.5633429149630315,1.3149481764144209
combined_medium,0.3,44,13,True,,none,29.7780704498291,1.4461104939343603,0.14750893549341285,0.17016859018038155,0.05004377638258089,0.19609494702796995,0.9499861773932539,1.4338828977334002
combined_medium,0.3,44,14,True,,none,27.238054275512695,1.4771300534080356,0.08863915039582754,0.13356735773510578,0.10754192695799394,0.2412452993075318,1.0866206334662354,1.4732674751821377
combined_medium,0.3,44,15,True,,none,29.599964141845703,1.6871060571672818,0.15526958835908025,0.03566093203280964,0.06372146139943839,0.06568976961719954,0.823942051130308,1.6871060571672818
combined_medium,0.3,44,16,True,,none,27.020517349243164,1.6913687420315693,0.08862825036263586,0.04721955400875009,0.023946560498780585,0.08156736649763746,0.2595291437704948,1.6709213311035
combined_medium,0.3,44,17,True,,none,27.02645492553711,1.677522327319018,0.12624522380490077,0.058889918928358626,0.1367003415283745,0.12834497076898108,0.9422018617708674,1.677522327319018
combined_medium,0.3,44,18,True,,none,27.215091705322266,1.904741595598971,0.05316524113993004,0.03506049323107588,0.04027438588047805,0.08327206706201354,0.6882825194524618,1.5503983237620405
combined_medium,0.3,44,19,True,,none,27.223997116088867,1.7971776902611365,0.13614717545468064,0.038910491734655175,0.038191284489709244,0.1458854843067408,0.7614626280997683,1.7971776902611365
combined_medium,0.3,44,20,True,,none,29.350379943847656,1.9903347816998318,0.11160096612479456,0.03268581244127502,0.11083111056296836,0.05786945738423341,0.828778315800547,1.579619101747492
combined_medium,0.3,44,21,True,,none,26.670663833618164,1.6836354981108275,0.11019660481821238,0.07921280802183628,0.06872394852627435,0.1884092028629497,0.7017187481837694,1.6366037841845533
combined_medium,0.3,44,22,True,,none,26.42381477355957,1.5144818478165043,0.11917178836381304,0.04080078034300245,0.13019327380764287,0.12815624952056576,0.9577297330963656,1.4705851600323296
combined_medium,0.3,44,23,True,,none,29.4410457611084,1.844923377142481,0.14355395398739945,0.06944382931063026,0.07450282861147693,0.06815960634796706,0.7107549353321162,1.844923377142481
combined_medium,0.3,44,24,True,,none,28.243206024169922,1.7588020251230878,0.13819786630197697,0.04144647000593883,0.10155326306106184,0.06525250120047765,0.8209266115964575,1.3916561360334894
combined_medium,0.3,44,25,True,,none,28.372207641601562,1.7415058579786102,0.18532344795270128,0.045440899444897244,0.12768589767605854,0.1389211140588449,1.0841248627030549,1.5329921922406076
combined_medium,0.3,44,26,True,,none,29.106637954711914,1.7540468486841878,0.09535502112556317,0.08031519584296588,0.025882006015573205,0.1168551544583275,0.9803881664759175,1.7540468486841878
combined_medium,0.3,44,27,True,,none,26.11304473876953,1.740794391460518,0.07047318959193359,0.020482084329254382,0.028135195786100783,0.056924778908251844,0.6896742323888467,1.5898727368810723
combined_medium,0.3,44,28,True,,none,26.90807342529297,2.0597381633180345,0.041340667791955714,0.04404224034464896,0.034504656270869065,0.08190240456112849,0.8360279097792893,1.5852083658137337
combined_medium,0.3,44,29,True,,none,29.127477645874023,2.1609718191662446,0.1185274636465166,0.039309861924202154,0.052439924502923924,0.09049396104747325,0.8509412453955392,2.134212231867975
combined_medium,0.3,44,30,True,,none,28.428083419799805,1.5626499533641236,0.0607469230099048,0.027255744934518163,0.04459292949312785,0.3354928081886089,1.3012918494804606,1.2819104269820898
combined_medium,0.3,44,31,True,,none,30.853254318237305,2.1416216687121548,0.1300486244358718,0.03576448616289277,0.10367073720609328,0.0921309018058116,1.136596257120751,1.5470414427071673
combined_medium,0.3,44,32,True,,none,28.383195877075195,1.7898912368703273,0.07605321244797283,0.043912878686127615,0.024718681603795364,0.09817564954295745,0.8877025586448449,1.6789080962929233
combined_medium,0.3,44,33,True,,none,26.38058853149414,1.9179350358178173,0.12280022827673327,0.028940410576535163,0.05961161988762684,0.084919167374381,1.0991433111870408,1.8955830118294998
combined_medium,0.3,44,34,True,,none,28.897279739379883,1.7758711648346897,0.14404285022822017,0.034355892478428095,0.038036676512968735,0.05628195294620976,0.7515339110472292,1.5479432017122479
combined_medium,0.3,44,35,True,,none,27.288475036621094,1.6129435144555475,0.10988474952629165,0.04924094783535091,0.056664157474755415,0.05136700363073052,0.892864489449063,1.6129435144555475
combined_medium,0.3,44,36,True,,none,26.78999900817871,1.725580924157286,0.21658590192128094,0.09490569471108559,0.08626973277338848,0.3190208920779563,0.7112986736698618,1.684710276577085
combined_medium,0.3,44,37,True,,none,29.435930252075195,1.4186482640921474,0.04170583483539411,0.11333761955015689,0.049584127606239835,0.3064324891933051,0.6157410827804344,1.2577866241830944
combined_medium,0.3,44,38,True,,none,26.653907775878906,1.9342644030723912,0.16821171258385154,0.12639133949475437,0.07899921991182236,0.08862366740067847,0.9357492247455872,1.909047752405607
combined_medium,0.3,44,39,True,,none,27.358076095581055,1.6064071400026991,0.02939478944153007,0.019672291018644577,0.028190686638822755,0.06672050559776802,0.6692998666299876,1.6014841922855647
combined_medium,0.3,44,40,True,,none,30.100400924682617,2.3467313132369876,0.15429437839809762,0.12018030708453642,0.05210604862139698,0.06780121244390566,0.8757615204062822,2.320890950809171
combined_medium,0.3,44,41,True,,none,31.21260643005371,2.2990857029726035,0.05856470487462934,0.031790891391661864,0.05976584150850285,0.06831643783177999,0.744515835079855,1.5599133984894167
combined_medium,0.3,44,42,True,,none,29.326351165771484,1.7567301416589791,0.06328118618710622,0.048620794807226315,0.02813969852793867,0.10569418096048412,0.7772187875198553,1.70447886887248
combined_medium,0.3,44,43,True,,none,26.92841339111328,1.9177968404032557,0.030059985204160717,0.06952949073399814,0.024217246884283353,0.08055165466069376,0.6150787715256235,1.9177968404032557
combined_medium,0.3,44,44,True,,none,27.951902389526367,1.7541033986126342,0.1109069348968752,0.037764047597679144,0.05721278024338715,0.17476459059572444,0.676655257439777,1.7541033986126342
combined_medium,0.3,44,45,True,,none,27.826751708984375,1.7437492199874305,0.13621431497906006,0.026555554968729876,0.0567306313919506,0.079660502777009,0.8497706202518069,1.7437492199874305
combined_medium,0.3,44,46,True,,none,28.394866943359375,2.0385915494881557,0.11606179049928436,0.08828789265743928,0.09116879092446624,0.10042293920940183,0.47806383482604176,2.0385915494881557
combined_medium,0.3,44,47,True,,none,28.68324851989746,1.8494410147553206,0.2206370765154771,0.04566666966128459,0.03225587797565657,0.10178730692628107,1.124481278652766,1.6706949812415581
combined_medium,0.3,44,48,True,,none,30.605358123779297,2.178610675129438,0.12434645830282723,0.04017513385268118,0.0320368303823032,0.05978875955985401,0.8975938479675302,1.4595512351423474
combined_medium,0.3,44,49,True,,none,29.090988159179688,1.845530924341489,0.1514311970624522,0.10419645713695758,0.0869367942202919,0.29868233974164715,1.090063063389245,1.832392898562412
gaussian_medium,1.0,42,0,True,,none,28.748538970947266,1.62893548718977,0.2041310286549908,0.16261467929487844,0.1778847322663027,0.43931346697288587,1.0543519642219945,1.62893548718977
gaussian_medium,1.0,42,1,True,,none,28.00277328491211,1.5955224632864087,0.35944591517446545,0.09122978079051978,0.4362511998683255,0.5585620893176428,1.301845774266043,1.2117888925443703
gaussian_medium,1.0,42,2,True,,none,44.87799835205078,2.697535679383641,0.2945834125978272,1.5377589702732788,0.13646387228036488,0.41904506074949377,1.2732270358606756,1.453673594285883
gaussian_medium,1.0,42,3,True,,none,27.945890426635742,1.7692565358978967,0.24882862579215284,0.10256277871415898,0.4525584793761703,0.3002971627084223,1.4793066301794708,1.6570382956623115
gaussian_medium,1.0,42,4,True,,none,28.723852157592773,1.9849047120018812,0.20554333755472054,0.15036021179098777,0.5868639193488144,0.19257444388602535,1.191868996394779,1.227688690366083
gaussian_medium,1.0,42,5,True,,none,27.99254035949707,2.5572947561932877,0.4028866532629991,0.05397780643398176,0.10668495551750355,0.16829547434038508,1.420277866849153,2.398776401424858
gaussian_medium,1.0,42,6,True,,none,28.786489486694336,2.352334295480441,0.2732208028506535,0.5348993818270469,0.14944430810780612,0.36600877347250277,1.3767288410918748,1.5136087694650893
gaussian_medium,1.0,42,7,True,,none,28.822650909423828,2.145071458278758,0.14058547334971908,0.6971628041559265,0.25010226261876944,0.5632175474354184,1.4656139335240927,1.4734384869362638
gaussian_medium,1.0,42,8,True,,none,29.101696014404297,1.8812131845848146,0.20317285272355537,0.1435159349353811,0.2970024700813302,0.551857295972554,1.2003727961335913,1.6057312944517048
gaussian_medium,1.0,42,9,True,,none,28.032758712768555,1.6749446509140389,0.3453344048113041,0.16771207334965207,0.990609434477728,0.9548771803445449,1.0852192691261586,1.6749446509140389
gaussian_medium,1.0,42,10,True,,none,28.874427795410156,1.721761747940842,0.17908459217480116,0.20737671050102882,1.6837206618354257,0.7296502163524089,1.175416827389249,1.5763952387363043
gaussian_medium,1.0,42,11,True,,none,28.112974166870117,1.582380138096558,0.3760512351310247,0.23461006684170757,1.0527605077141269,0.6140175119496688,1.0636812354981384,1.582380138096558
gaussian_medium,1.0,42,12,True,,none,28.602203369140625,1.672839486441735,0.3994215818336236,0.20686266112390966,0.13183124206925725,0.4158571346956932,0.8995077141722889,1.2813261721848503
gaussian_medium,1.0,42,13,True,,none,28.024555206298828,1.9923474679641173,0.40505762653126137,0.2100890924546636,0.35088654612408227,0.42401631643493126,1.0540642683194434,1.9048306647267381
gaussian_medium,1.0,42,14,True,,none,29.17413330078125,1.7993182312149592,0.49401622980802046,0.2660367735326251,0.249421124296019,0.6078016037905988,1.375247423126973,1.2033460019568487
gaussian_medium,1.0,42,15,True,,none,27.957523345947266,1.4589316877358667,0.1537369019764427,0.0898542651298284,0.2119590268200218,0.6739547267322966,0.9896288662500868,1.4170423538043557
gaussian_medium,1.0,42,16,True,,none,28.686702728271484,2.07128003591907,0.2049072305524388,0.06156400938999787,0.07426714345563544,0.742321863419689,1.540400355941026,1.5511240164371902
gaussian_medium,1.0,42,17,True,,none,28.39463996887207,1.8403317573596623,0.34191351055527186,0.06284701043976808,0.2505573574240301,0.8879538394975007,1.125090280030165,1.8403317573596623
gaussian_medium,1.0,42,18,True,,none,28.697084426879883,2.8704153280302527,0.09244846970979705,0.09787733029011925,0.06620847271171182,0.7095586055483157,1.5666478620193032,2.676906752049192
gaussian_medium,1.0,42,19,True,,none,29.336673736572266,2.1659973327693187,0.15915079817220665,0.05079693804086001,0.1094493723728163,0.41372172063970236,1.4356958966026927,1.576821374752859
gaussian_medium,1.0,42,20,True,,none,29.05162811279297,1.6061419038327631,0.4023140215821413,0.3297367285547309,0.0846249913237161,0.4771696045968553,1.2074536963010183,1.451162317428239
gaussian_medium,1.0,42,21,True,,none,28.456438064575195,1.882689150003892,0.30617429709373883,0.31752272589820785,0.25217313237626565,0.6325215517750737,1.1990010248818423,1.796611053261903
gaussian_medium,1.0,42,22,True,,none,27.64920425415039,1.6830660887701858,0.2314446254767645,0.19470674772261604,0.06413174200424784,1.087599118255452,1.627045739456213,1.510618196763459
gaussian_medium,1.0,42,23,True,,none,27.785579681396484,2.2171789542603655,0.14462237395338148,0.1121781596740858,0.08425814194081965,1.2717900929482904,1.5749446564507816,1.5672028793856152
gaussian_medium,1.0,42,24,True,,none,28.092987060546875,1.7487246920807993,0.2902307098719466,0.16488511226081157,0.46204615414363637,0.7319115492166959,1.2690358741624477,1.5157711011937485
gaussian_medium,1.0,42,25,True,,none,28.516891479492188,1.7448877847687363,0.44197039532067706,0.20517644522675055,0.33997930583885194,0.9603975753924547,1.0515990982818861,1.6973994058729145
gaussian_medium,1.0,42,26,True,,none,28.561809539794922,1.9200866838874475,0.2612199680125061,0.06295575263534624,0.14269383246621123,0.17009080262968806,1.690403487958248,1.5494042477636465
gaussian_medium,1.0,42,27,True,,none,29.3209171295166,1.9123407458632036,0.25375859420782354,0.29318925268845214,0.4388119784635518,0.5342576816748438,1.2491861237413449,1.8145541297068368
gaussian_medium,1.0,42,28,True,,none,28.204973220825195,2.3845094776440336,0.13181900348869593,0.10828255300750002,0.2502764612134945,0.17187686253055282,1.441950019446448,2.1686291958583057
gaussian_medium,1.0,42,29,True,,none,29.038352966308594,1.9042235989262677,0.23280413149450224,0.20410550329917707,0.35943813059508367,0.4351615061220289,1.2888631948156002,1.9042235989262677
gaussian_medium,1.0,42,30,True,,none,28.934085845947266,1.8272612015328782,0.3822935335260942,0.055057508424442805,0.16040284344536868,0.32727446789086256,1.469007655939874,1.5879343404832
gaussian_medium,1.0,42,31,True,,none,28.357553482055664,1.8571823781470496,0.2731351417313784,0.10930949209173492,0.1816880231927894,0.4808985673697593,1.2661320399633524,1.7073858510977271
gaussian_medium,1.0,42,32,True,,none,28.949094772338867,1.5584550683052594,0.30008923059993886,0.10144582528324587,0.5536809769431326,0.854894747104132,0.8858247581944377,1.5584550683052594
gaussian_medium,1.0,42,33,True,,none,29.188026428222656,2.9616251337743535,0.32807241410768684,0.13148536574562336,0.07277300863879616,0.4862180226975745,1.1718123394250453,1.4036368692823549
gaussian_medium,1.0,42,34,True,,none,28.48187828063965,2.0321456272379814,0.09107848518604461,0.09041121019194596,0.25309149733743713,0.5158388501343544,1.4668664004280565,1.364040793229015
gaussian_medium,1.0,42,35,True,,none,28.075071334838867,2.138124643375161,0.11819067615071259,0.03659076588070646,0.20084599462245437,0.5514899527604096,1.3355870196565274,2.055345416640771
gaussian_medium,1.0,42,36,True,,none,30.184106826782227,2.211121476203813,0.4387642529930686,0.5090795037682,0.1767308323954209,0.23931292709817856,0.8544585742652112,1.27780266341506
gaussian_medium,1.0,42,37,True,,none,29.059711456298828,1.727638418335737,0.4378577198728834,0.34156909968186855,0.26337271433688214,0.6478364608708714,1.2151464519470425,1.5361459133426478
gaussian_medium,1.0,42,38,True,,none,28.753353118896484,1.5250649150819102,0.1308980608801972,0.320499361206509,0.3511066922780819,0.4497025812626242,1.0141402843856024,1.3335891105093016
gaussian_medium,1.0,42,39,True,,none,28.26350212097168,1.8921777813014191,0.30170004593069005,0.08375878557629252,0.1323984860872255,0.16813053141181997,1.5849941964086052,1.5945892577163598
gaussian_medium,1.0,42,40,True,,none,28.90206527709961,2.7984717688376795,0.3595526941699686,0.3278340508159567,0.1052632022794122,0.43671648203809044,1.4241811871317476,1.893210382779802
gaussian_medium,1.0,42,41,True,,none,29.586034774780273,1.7775037870481563,0.278254799720637,0.08985429953621048,0.1763786578535226,0.36386925884074467,1.2822563866084467,1.7100763248027724
gaussian_medium,1.0,42,42,True,,none,28.404136657714844,1.6854110257863715,0.4120175073393885,0.09792374120437333,0.11544601174060692,1.0282923574095444,1.108583046513147,1.6854110257863715
gaussian_medium,1.0,42,43,True,,none,29.310382843017578,1.9242308621585171,0.1675700759413143,0.17054843022582855,0.11501638606614986,0.5381625533418489,1.2019005814177643,1.6050185938640675
gaussian_medium,1.0,42,44,True,,none,28.74054527282715,1.7799081172251403,0.23572625960498697,0.06747191513186736,0.3656343340815438,0.7664574421011247,1.0885661319667206,1.7799081172251403
gaussian_medium,1.0,42,45,True,,none,28.857318878173828,2.047284699863543,0.3635564787740347,0.16621722403803163,0.28667970117481884,1.084992712380375,1.2030093988814443,1.9853004625244541
gaussian_medium,1.0,42,46,True,,none,28.44049644470215,2.5298098353330647,0.1749134124420121,0.10234258121272133,0.1493417998274476,1.1981600337683591,1.2484230378963295,2.452377152006025
gaussian_medium,1.0,42,47,True,,none,28.49696922302246,1.9845263490742568,0.23057373159355413,0.07420447841233586,0.1086538172153846,0.14388408315048967,1.5396118929058793,1.285040103803486
gaussian_medium,1.0,42,48,True,,none,27.996036529541016,2.061402032794702,0.2887470207240952,0.18408582788803582,0.17261302715522045,0.6520064735376624,1.5426919872994194,1.984530034162661
gaussian_medium,1.0,42,49,True,,none,28.875396728515625,2.578686188325179,0.35048698640901393,0.09037864823475232,0.3780212815993378,0.7172677513302494,1.834315296185737,2.269193798196131
drift_medium,1.0,42,0,True,,none,27.2254581451416,1.6509810718048936,0.48944328027152006,0.4293742844868726,0.3382694934257727,0.5371077556910463,1.642518493790215,1.5149089355335246
drift_medium,1.0,42,1,True,,none,26.66832160949707,1.8673549073068887,0.3643111481452701,0.26745085543678937,0.6151034221705273,1.2995408882548523,1.119415344314166,1.3979827363359592
drift_medium,1.0,42,2,True,,none,27.960229873657227,2.3141679586732735,0.3129106954857663,0.3055602632570691,0.47500516680225546,0.8582936306248251,1.7639892540780746,2.2182410945926088
drift_medium,1.0,42,3,True,,none,27.108436584472656,2.3806546443047156,0.35034639222601793,0.3704035100426799,0.6335467787723196,0.492985241047706,1.471369856260965,1.6759674504993096
drift_medium,1.0,42,4,True,,none,30.500953674316406,2.4158383761208895,0.16674681387400536,0.18112057670483672,0.2562561964555133,1.1900677182411499,1.4635108635388412,2.3501535854157516
drift_medium,1.0,42,5,True,,none,28.81517219543457,1.8023653298132292,0.19501159260181228,0.24277917801442433,0.45708210554266815,0.8652945125919759,1.0553264896338093,1.7379374710821058
drift_medium,1.0,42,6,True,,none,26.636255264282227,1.985544970173385,0.30623978703336413,0.2976055411296069,0.4005638083855441,0.7829524418505261,1.3695455465531248,1.9714351539383217
drift_medium,1.0,42,7,True,,none,26.433183670043945,1.71589569548404,0.17866608455516608,0.326371176436451,0.5370477296139801,0.6904956003068875,0.9626945830689722,1.5093376551650872
drift_medium,1.0,42,8,True,,none,26.604755401611328,2.014153371658335,0.25877582622650896,0.400969435810257,0.2643625202035363,1.1781696137297892,1.0253297311788954,1.9939244042764113
drift_medium,1.0,42,9,True,,none,27.782100677490234,2.371733667220237,0.38267992401263307,0.32924940387499846,0.4142460026320408,0.9206950645606663,1.2070342627200712,1.9071880959420562
drift_medium,1.0,42,10,True,,none,47.689937591552734,2.491861770740822,0.39113052656042835,0.3706135679243873,0.16621223769020174,0.9668545449349554,1.5796213827422863,1.688747571395737
drift_medium,1.0,42,11,True,,none,27.3087158203125,1.96789507754144,0.4105482995034265,0.3535118850249139,0.6001528748557157,0.6031397133830824,1.0277729727947806,1.5044325580685873
drift_medium,1.0,42,12,True,,none,34.545074462890625,3.139659682380685,0.3824695982691857,0.37354821995863624,0.09973441589307148,1.327621822369398,1.4026487787935265,1.5676381751995994
drift_medium,1.0,42,13,True,,none,27.919811248779297,1.5951761198194347,0.2800229177856382,0.07511161355149686,0.13423570208646976,0.7471520786879438,1.4561462959973672,1.4550408172230966
drift_medium,1.0,42,14,True,,none,26.51437759399414,1.5712594760649852,0.5525908845660872,0.34056791889295346,0.452332720530687,1.3239656646784739,1.1082125059796577,1.4181553494131736
drift_medium,1.0,42,15,True,,none,28.012340545654297,2.353685549371316,0.41319228069047903,0.3138661450526842,0.4333899215137937,0.8733926475588718,1.0114703454038696,2.3217964669851683
drift_medium,1.0,42,16,True,,none,26.517562866210938,3.051675657509546,0.6347584948830954,0.2724955081772315,1.3154206480206296,0.32853325936297845,1.5587626715974934,2.182810908119584
drift_medium,1.0,42,17,True,,none,27.182273864746094,1.8581925593998059,0.5030474929896682,0.17204709974184532,0.2931623612500863,0.7094278187324635,1.231613029433883,1.849301785524265
drift_medium,1.0,42,18,True,,none,26.970006942749023,2.1235068756948805,0.24205718043533167,0.13567761320085214,0.46701337798254405,0.8154574735630081,1.5441450507202967,1.8700625946309453
drift_medium,1.0,42,19,True,,none,28.65119171142578,1.7267534390488266,0.11053283542196375,0.20874646745420625,0.5200252913209965,0.7225445223473155,1.0510363667055773,1.3648003689504522
drift_medium,1.0,42,20,True,,none,26.92800521850586,1.9342454322387375,0.40615631380160794,0.30607260813285636,0.16287833166651125,0.5810503164136657,1.0962558898283765,1.928299455336325
drift_medium,1.0,42,21,True,,none,25.69080352783203,1.8935331915748903,0.4457206454248599,0.37540198052509166,0.5779623200886219,0.2750226461727017,1.6310364554704437,1.7703562220566667
drift_medium,1.0,42,22,True,,none,28.397375106811523,2.869297164523598,0.3887178645094537,0.3173912756449106,0.8854236857659227,0.8028157558462172,1.098609108730607,1.1836067116824163
drift_medium,1.0,42,23,True,,none,29.73513412475586,2.65248425816294,0.21885085966462656,0.3848315540474073,0.38659838671629365,0.9030572182689369,1.4505556163471574,1.5872115119807872
drift_medium,1.0,42,24,True,,none,27.520484924316406,1.7141054247857412,0.16156504220509113,0.3390934750550106,0.32748769699114183,0.8187888121893625,1.1615213003101068,1.2738286794687008
drift_medium,1.0,42,25,True,,none,33.53923797607422,2.52270862663901,0.41651420293842845,0.651008122950446,0.5186017722063259,1.016521617261621,1.4643136205510765,1.421627189860584
drift_medium,1.0,42,26,True,,none,26.5915470123291,2.112656413814827,0.4493731508489133,0.29799975305587995,0.169027737896551,0.8443975180217214,1.3277282851110008,2.0960717079468223
drift_medium,1.0,42,27,True,,none,33.86399459838867,2.1064528016335413,0.3564901658612082,2.081215018711035,0.18903277368672558,0.26388798339083924,1.4255104883141672,1.7914099861519528
drift_medium,1.0,42,28,True,,none,26.231159210205078,2.5366969065177365,0.2602750426520386,0.31865676604052895,0.26899460052971663,1.0871752448303944,0.8175381026954313,1.379776066386419
drift_medium,1.0,42,29,True,,none,31.288782119750977,2.1324401818333976,0.34581507390451705,0.4199074229648246,1.0426167139757743,0.48662059337941216,1.4463942166882071,1.5030687488809413
drift_medium,1.0,42,30,True,,none,28.68376350402832,1.9119084325391895,0.3658151639236698,0.15683745437136717,0.16200223723009796,0.5167253734606413,0.840670694006223,1.542232997014117
drift_medium,1.0,42,31,True,,none,27.919208526611328,2.317938310645959,0.14910640117354673,0.16038849040587985,0.39447907049394393,0.5117997496442065,1.09640331040528,1.845638805845821
drift_medium,1.0,42,32,True,,none,28.389362335205078,1.9493413530362318,0.07866071490282327,0.15540981903562665,0.22399940449030084,0.2882940226319222,0.8728612313380711,1.1811192976989977
drift_medium,1.0,42,33,True,,none,27.493642807006836,2.063434754664838,0.3349083214018278,0.1359192460146168,0.21296098189761764,0.8497263245569053,1.6528628415081807,2.0181714842468477
drift_medium,1.0,42,34,True,,none,26.482501983642578,2.0605974410236523,0.4186187901438816,0.6274460034649438,0.3504874301402308,0.8789443836683136,0.8972039212235426,1.281250135535379
drift_medium,1.0,42,35,True,,none,28.614986419677734,1.8290393114465646,0.34843952656371263,0.3590853506603639,0.7081970175342261,1.8290393114465646,1.0377366588986219,1.5728755111387913
drift_medium,1.0,42,36,True,,none,26.03753089904785,1.8045250742959502,0.26582888487066575,0.32319197043608044,0.7292917058830543,0.8169852303052147,1.3910905151446433,1.6918338000040294
drift_medium,1.0,42,37,True,,none,29.430349349975586,1.7081613535470817,0.6800067459458184,0.6003384741821703,0.5411727903663776,0.32869527521674663,1.1493536514275406,1.2492471717021203
drift_medium,1.0,42,38,True,,none,30.877714157104492,1.8986163396022533,0.13861779360718623,0.3085177709451594,0.9510061329703254,1.2154604983962032,1.0352417580355429,1.6203702962280895
drift_medium,1.0,42,39,True,,none,26.872472763061523,2.297836358187539,0.3187400380238414,0.2839578431578593,1.315605056610845,0.7388843885972871,1.477435711698479,1.8495017151870987
drift_medium,1.0,42,40,True,,none,27.421018600463867,1.9989098623289454,0.3684712658414922,0.4157231866677149,0.514802582390244,0.798280761125563,1.9989098623289454,1.8101739466727873
drift_medium,1.0,42,41,True,,none,30.896574020385742,2.6035655491909258,0.26090950302755983,0.31866726095141173,0.3796585810371775,0.44023841026037647,1.1677602528598046,1.4440866824488183
drift_medium,1.0,42,42,True,,none,25.856164932250977,1.8996273006418685,0.21734788882693004,0.2537535710786834,0.3098636313450406,1.1195343322113376,1.5014644552353806,1.243594643289558
drift_medium,1.0,42,43,True,,none,26.997249603271484,2.1391009078596492,0.19737877291371578,0.30510147011854566,0.5601899253127822,0.7789513998435026,1.8077680053928953,2.00299734956509
drift_medium,1.0,42,44,True,,none,31.830839157104492,2.667070567808198,0.4451563192381188,0.7288952541319136,2.015244620999316,0.15938186284951047,1.2417412495633684,1.4660392214600029
drift_medium,1.0,42,45,True,,none,30.301116943359375,2.299458794658218,0.4724089145144676,1.0777427783513023,0.08543946096199455,0.8184095275500197,1.4100797285888824,1.7106862348299197
drift_medium,1.0,42,46,True,,none,27.82138442993164,2.3011518981448145,0.42978121900236,0.38362572348246754,0.23753476710928387,1.9310351689837293,1.2021957422891192,1.5340718037772882
drift_medium,1.0,42,47,True,,none,27.93662452697754,2.2913675646812326,0.3573595372712422,0.38341119563325243,0.7925060089795802,0.6619764095820571,1.5118747422991945,1.9220738471954617
drift_medium,1.0,42,48,True,,none,26.152429580688477,2.053484311755789,0.4411134914427947,0.19317359160970446,0.29827642378743735,0.4328510059004475,1.086989722417596,1.3336947525412552
drift_medium,1.0,42,49,True,,none,27.041454315185547,1.9728361516294488,0.3363969091252759,0.21399487865867656,0.3930219011940586,0.8699743027031134,1.2577376703556076,1.968259913692189
burst_medium,1.0,42,0,True,,none,28.488290786743164,2.189916154133549,0.4863374095511506,0.4868410613137413,0.87684248631034,0.6130929943704296,0.9482147780789205,1.5130650680819617
burst_medium,1.0,42,1,True,,none,28.03787612915039,1.746608739149621,0.1226506569540549,0.14358613854789826,0.14387884491630054,0.7272652552554177,1.118826815057988,1.746608739149621
burst_medium,1.0,42,2,True,,none,29.745996475219727,2.438286570358526,0.5772865807038935,0.2858060917410345,0.40327949275547154,0.5812826343700619,1.4934763404946156,1.9103121046203417
burst_medium,1.0,42,3,True,,none,27.634634017944336,2.3717764456140733,0.4214849167043825,0.12282014490276985,0.060510348466452445,0.6440577997596733,1.6550285434169094,2.3567603292124706
burst_medium,1.0,42,4,True,,none,27.33967399597168,1.9580860976676024,0.09485154330986835,0.11569317787948204,0.0716907438098672,0.33408021718926695,1.4093759781730397,1.4620339785900076
burst_medium,1.0,42,5,True,,none,27.792156219482422,1.8511640947686667,0.11287319598529641,0.08540205168270401,0.1365833228758735,0.17405542140609667,1.433901065815652,1.810219618313233
burst_medium,1.0,42,6,True,,none,29.31485366821289,1.9255530678783042,0.4287992874976972,0.096946897572661,0.13869837858472256,0.34757486011696953,1.1746572312032673,1.6625517065318038
burst_medium,1.0,42,7,True,,none,28.693326950073242,2.2935057717803273,0.25445696741206486,0.15120596643134462,0.2578359539256698,0.2547138410391976,1.1313548420897677,1.9229221435062207
burst_medium,1.0,42,8,True,,none,27.27871322631836,1.8090924479509436,0.1935758665767392,0.08218429878169595,0.04005609566467771,0.11901417049778665,1.2462241418732627,1.6965058169954599
burst_medium,1.0,42,9,True,,none,27.16703987121582,2.1398796088948955,0.13575371827819552,0.16515644933990314,0.09228426369444612,0.19542311527672207,1.1518368466983473,1.844445476089206
burst_medium,1.0,42,10,True,,none,28.18577766418457,1.7903852851269961,0.36480884906177613,0.08241313252103452,0.04234789640174895,0.1483002896684379,0.9244259745295459,1.5977378940320377
burst_medium,1.0,42,11,True,,none,39.852561950683594,2.1261299350272815,0.6989793406997159,0.9078469637281477,0.309432401619595,0.3618814390050678,1.190758286632646,1.7810796951522563
burst_medium,1.0,42,12,True,,none,28.758102416992188,1.915665556260322,0.3495916331394531,0.10633784050182107,0.1395980796102336,0.07069639788124459,1.065033431374821,1.910742904712749
burst_medium,1.0,42,13,True,,none,26.752351760864258,1.5611672497190443,0.3917536202581129,0.08895301912375901,0.47170891682554866,0.3499404798808324,1.1065339496738071,1.1789814717681493
burst_medium,1.0,42,14,True,,none,27.714845657348633,1.5435634032165422,0.5372621327056123,0.06970647025556234,0.14972851297255133,0.6491145419481591,1.1873346349695029,1.5435634032165422
burst_medium,1.0,42,15,True,,none,27.681589126586914,2.5335554398166305,0.23033174565742917,0.16135709008740515,0.08398484143472858,0.4157665380025469,1.2584209599415952,1.4571789567619517
burst_medium,1.0,42,16,True,,none,28.52232551574707,1.8660526069169912,0.5164158450567182,0.07944048833025333,0.0693680040218883,0.21638013202024076,1.1115102857189567,1.8660526069169912
burst_medium,1.0,42,17,True,,none,28.114835739135742,2.1503774311080566,0.3166073143088115,0.17319168200212473,0.08475854807401834,0.22891245866298457,1.222794410964676,1.4881763834181856
burst_medium,1.0,42,18,True,,none,28.794279098510742,1.7807308731050355,0.5771100417560179,0.22250228261759494,0.25082148569242446,0.7732892098876171,1.5368247406949802,1.7807308731050355
burst_medium,1.0,42,19,True,,none,28.89772605895996,1.8334202713816987,0.47013849975738076,0.10278674576500195,0.9559297639477385,0.3167050589118044,1.5234809864562189,1.6203713091539773
burst_medium,1.0,42,20,True,,none,28.151031494140625,1.8459616008642425,0.21517836553020359,0.1689388207622731,0.2357007787336637,0.591188233116353,1.5535904255601423,1.8001574608191568
burst_medium,1.0,42,21,True,,none,27.965452194213867,1.8675915373116017,0.13116209871323245,0.33316651329980873,0.2657637013038732,0.41840186485788583,1.0967734405425067,1.7270749528532519
burst_medium,1.0,42,22,True,,none,27.482301712036133,1.49231199964791,0.19350116741565349,0.15128878527506692,0.10682355219764227,0.4752818921500967,0.976649421828174,1.27865484182447
burst_medium,1.0,42,23,True,,none,27.91575813293457,1.8951500167339173,0.4877627980367705,0.5065781917448174,0.288543288698291,1.201860672413959,0.9246167716319146,1.3614081241177702
burst_medium,1.0,42,24,True,,none,27.473852157592773,2.2742961529735988,0.32939741991852267,0.14357249053555993,0.0641949949021943,0.1841332325382284,1.1745450908223845,1.4790044815108898
burst_medium,1.0,42,25,True,,none,28.443681716918945,1.518225868324426,0.35679915534398193,0.22247597750563988,0.28011235301911547,0.7052349288619076,1.023999788895924,1.2846065133260063
burst_medium,1.0,42,26,True,,none,28.26712417602539,1.7916182649361194,0.328233254814855,0.1435829071527791,0.3271913420211795,0.7884888499272859,0.9338074624774303,1.7916182649361194
burst_medium,1.0,42,27,True,,none,40.76578903198242,3.049571556243472,0.21458904742479942,1.1600259647784443,0.2841178613054164,0.2835812673642282,1.479377614625962,1.5329671472065345
burst_medium,1.0,42,28,True,,none,28.716032028198242,1.8645969589622444,0.3201347031274426,0.10209878285102736,1.195283866122738,0.48504823592284696,1.225803567117336,1.653055344713472
burst_medium,1.0,42,29,True,,none,28.809226989746094,1.8140271866151332,0.3270203217315738,0.2715199602057453,0.18481629423225027,0.3189890368441545,1.2089734212586298,1.7675227409667256
burst_medium,1.0,42,30,True,,none,27.160564422607422,2.011395678306236,0.3483964266703763,0.14902191481960397,0.3875048114231113,0.4254753945455382,1.4504241395397501,1.632968211725864
burst_medium,1.0,42,31,True,,none,28.12814712524414,1.998937330307297,0.21732427077947097,0.0887814366760912,0.10170585046067636,0.3526729711666808,1.4820271896963382,1.5978550727651715
burst_medium,1.0,42,32,True,,none,27.795122146606445,2.0136520855418993,0.10336948981658513,0.06307554005561086,0.07319896929991422,0.11542969440923997,1.3213463061811337,1.537128890934655
burst_medium,1.0,42,33,True,,none,29.330219268798828,2.002677988703776,0.3648922205691496,0.04598544215028385,0.05831216760230165,0.861697986935875,1.1751450202261333,1.962032035991827
burst_medium,1.0,42,34,True,,none,28.495628356933594,1.5366501376011852,0.4086877681211817,0.23252288489929523,0.2798318878330751,0.43433979025371444,1.3729161553259939,1.4952000206566165
burst_medium,1.0,42,35,True,,none,28.04381561279297,1.9358965363613507,0.25546072851658747,0.0851159221996772,0.3823853197435813,0.6829017501423932,1.1337369174015302,1.3028751530007763
burst_medium,1.0,42,36,True,,none,29.213808059692383,1.5059829505230091,0.7544222974195683,0.256270820319275,0.3253340471163046,0.2744019862339773,0.9735579195161235,1.5059829505230091
burst_medium,1.0,42,37,True,,none,28.480199813842773,1.8389999197950835,0.5821332152749271,0.21645353543918286,0.23434899894880418,0.6038600844499727,1.2209311543847525,1.702528304347804
burst_medium,1.0,42,38,True,,none,28.045515060424805,1.8798879351973528,0.4071547233769002,0.12654879933141938,0.22587009490360646,0.644909561124586,0.9820729494087065,1.8739895107554223
burst_medium,1.0,42,39,True,,none,28.584779739379883,2.592242692671921,0.2968329537764135,0.15989313180520218,0.3876338719120823,0.7623683661852381,1.2272837014639393,1.5566457738077821
burst_medium,1.0,42,40,True,,none,27.12034797668457,1.8939931772847969,0.14269952349655746,0.06914735925455401,0.13036472514309108,0.15235823789258843,1.2922586532938143,1.2899338988021374
burst_medium,1.0,42,41,True,,none,29.498432159423828,1.7637914651749782,0.4529364899356997,0.10925339821130609,0.08754190537335074,0.5354475834253954,1.3340126526403902,1.60565202256091
burst_medium,1.0,42,42,True,,none,27.625986099243164,1.6361344957414286,0.2926866276560552,0.15291096277852376,0.5051627406844572,0.5221752577907175,0.9207479317636895,1.5719939060701693
burst_medium,1.0,42,43,True,,none,29.735519409179688,2.0250730652124704,0.3569640923272209,0.2042419144548274,0.08400722172842182,0.7689088936962336,0.8932537625909664,2.007800167552914
burst_medium,1.0,42,44,True,,none,27.928943634033203,1.887294593758255,0.4177096999437806,0.1358025771352234,0.46520372093436646,0.43519229599689563,1.224326116573351,1.8836633978598811
burst_medium,1.0,42,45,True,,none,29.09928321838379,1.8028177153356022,0.3644076912134468,0.08725938464112502,0.08475777644240326,0.7827724576661902,1.8028177153356022,1.2605482181595542
burst_medium,1.0,42,46,True,,none,28.905208587646484,2.6568308096592412,0.5005382170039563,0.06731030584301084,0.19814783706916006,0.530893019167542,1.178682363064736,2.6154936371549455
burst_medium,1.0,42,47,True,,none,27.02239990234375,2.0201807626622705,0.3989474870167352,0.3811754167894266,0.25682685333481897,0.8409790125137301,1.5641975972434972,1.9004653869970527
burst_medium,1.0,42,48,True,,none,28.188430786132812,1.8608836394198798,1.0410233344586461,0.19288339913670216,0.09254912105503883,0.3189050125174154,1.2551187987773762,1.79966936126508
burst_medium,1.0,42,49,True,,none,28.718318939208984,1.9413690375220432,0.23218115875245812,0.1065324799975956,0.09554559920341184,0.29554407736169575,1.767006709987562,1.9169400703426873
bias_medium,1.0,42,0,True,,none,30.9448299407959,2.4955218466421334,0.530401060369256,0.4365701533837021,0.13227171360293155,0.5234062419198446,1.0950961165091808,1.4140921139985252
bias_medium,1.0,42,1,True,,none,29.54127311706543,1.7560801027695796,0.38337041015117324,0.3223511147346994,0.514861942057539,1.0907148321704054,0.9865403714006722,1.2274348475764243
bias_medium,1.0,42,2,True,,none,27.22849464416504,2.5095577164752245,0.31712405668882404,0.21325043859561413,0.2903752052817054,1.282251494846569,1.9592280534205062,2.1828887656766187
bias_medium,1.0,42,3,True,,none,32.929141998291016,1.9539230391480529,0.3773293530924968,0.6798464622264783,0.1913878409329696,0.649459125265466,1.278388978835991,1.4258015295514253
bias_medium,1.0,42,4,True,,none,27.47063446044922,2.54409977358315,0.19132386315893218,0.3052161885406904,0.24394984653516397,1.2944521794559714,1.027653647083781,1.5431848346085977
bias_medium,1.0,42,5,True,,none,29.70574188232422,2.0907461553638567,0.19233855144276385,0.47582477850781435,0.4254539309977987,0.367184771596373,2.0907461553638567,1.8878622229766044
bias_medium,1.0,42,6,True,,none,27.400279998779297,3.0118975519881137,0.3148666739546565,0.4344226209128837,0.19826241970844194,0.9610950996588233,1.4853620957283464,1.6790704312172282
bias_medium,1.0,42,7,True,,none,27.215442657470703,1.8098564504790868,0.18138337859548087,0.31293412862997283,0.3828758886573556,1.1627539969514862,1.2416379790744876,1.2976110827122287
bias_medium,1.0,42,8,True,,none,51.15874481201172,2.8115096942239135,0.33134874152158506,0.6538109340740264,0.13861892889063848,0.420035453490462,1.22347302259559,2.241219487750572
bias_medium,1.0,42,9,True,,none,28.969106674194336,1.860231320772568,0.3386175117130872,0.4173774716760776,0.48227182377935346,1.4907090546413966,1.3899139181712163,1.705588721937648
bias_medium,1.0,42,10,True,,none,55.98990249633789,3.34141306165038,0.556699528245311,0.46590267743921515,0.19378943785305427,0.9317704067789003,1.4368697899885785,1.7178143176186516
bias_medium,1.0,42,11,True,,none,29.082307815551758,2.1597836481059525,0.5091124342839027,0.3211900204698765,0.3603169506679009,1.3345065575203137,1.2940545736868776,2.1440433896023143
bias_medium,1.0,42,12,True,,none,28.521921157836914,1.9979519506957295,0.363619128356901,0.10971238265318765,1.3926751999253681,0.45241647974621013,1.3143521071501605,1.5361485456786506
bias_medium,1.0,42,13,True,,none,25.755966186523438,1.8876053246170312,0.20008747478470315,0.06874989271991896,0.07059146006687504,0.5253454000396643,1.0948139690477412,1.4535240861077672
bias_medium,1.0,42,14,True,,none,28.82699203491211,1.6651230626817866,0.3329723620995244,0.34110031934087154,0.3929701146776232,1.1043300339760898,1.3317319803355259,1.6651230626817866
bias_medium,1.0,42,15,True,,none,30.351318359375,2.177760964100164,0.5002129957637553,0.3033713679108762,0.6155167151978256,0.7493009257308834,1.0012556549717775,1.9292864729073802
bias_medium,1.0,42,16,True,,none,55.15790557861328,2.322679837191848,0.786484871544975,0.5669744655001513,0.20897509253651453,0.9184333901549987,1.3668530151841591,1.5050345435070478
bias_medium,1.0,42,17,True,,none,26.582664489746094,1.7801382138990047,0.4751109363961546,0.5383050487835737,0.7203172014393879,0.4138792370329581,1.2192791684039128,1.2449560731592353
bias_medium,1.0,42,18,True,,none,46.72721862792969,3.0621287790107496,0.28801791933528753,0.5569222569646507,0.12489899212659884,0.3620895729772438,1.7915224940074552,2.637939612295375
bias_medium,1.0,42,19,True,,none,27.74759864807129,2.055260859491101,0.12869519243714353,0.2658897637022095,0.2612670517200816,0.5659679895536527,1.3581334046800386,1.4806450552437125
bias_medium,1.0,42,20,True,,none,49.05887985229492,2.6597078940059107,0.4216165161908126,0.2782112372449355,0.1510729934352449,0.29879402238322417,1.1437840434374176,1.3459348442605361
bias_medium,1.0,42,21,True,,none,26.056821823120117,1.9370071691957642,0.43259709755342635,0.5854394038669158,0.5599647692898827,0.6393039169016543,1.5569428568797188,1.8987514029081818
bias_medium,1.0,42,22,True,,none,30.519777297973633,2.251886378654875,0.42539983650697366,0.49656007571895217,0.5150753405223945,0.9011633321702379,1.2325302291931852,1.5480416555730891
bias_medium,1.0,42,23,True,,none,27.99774932861328,2.358706602918084,0.2373127325451425,0.40628255018905457,0.641716720777313,0.7251556650223862,1.4616331960697766,2.2077598280040647
bias_medium,1.0,42,24,True,,none,29.396709442138672,1.8937234588663887,0.19902197008736172,0.2977138156776085,0.358334702527297,0.27401593924183354,0.7773020791120416,1.3467197851307238
bias_medium,1.0,42,25,True,,none,36.5875129699707,2.856532432087985,0.5100201243400071,2.856532432087985,0.7363822377827086,0.6062074778039472,1.3642104492766898,1.530834714262788
bias_medium,1.0,42,26,True,,none,26.457653045654297,1.9053037298815783,0.37507767342308834,0.23815471887729261,0.5747877148358927,0.7200186927388784,1.1134763022320755,1.5727758457418084
bias_medium,1.0,42,27,True,,none,38.41620635986328,2.2844055963908994,0.3948426338962137,2.023582880643839,0.12636867913696662,0.6330667995005788,1.1198047689871313,1.561580075756609
bias_medium,1.0,42,28,True,,none,28.40288543701172,2.2471980341251308,0.2629083504561737,0.32414601101361906,0.5366745753443024,1.7541640794306899,1.1467099454460414,1.387577017120998
bias_medium,1.0,42,29,True,,none,30.696500778198242,1.8466716990893008,0.34033372720831523,0.6544838917890184,0.509104131585745,0.8897670737558506,1.2090910041873262,1.5051487009168212
bias_medium,1.0,42,30,True,,none,28.570154190063477,1.8217502686828253,0.34973092784567805,0.07118394359568875,1.0597076505361416,0.7374892960615012,0.9800142605735117,1.5773070014095816
bias_medium,1.0,42,31,True,,none,27.472936630249023,1.9424024761730123,0.1724388376452575,0.22155385831128635,0.3244242620346714,0.8870427876970695,1.860455251073036,1.8306422237557132
bias_medium,1.0,42,32,True,,none,37.899497985839844,2.6682562306060547,0.11281801518494257,1.331255001075585,0.1539432029674759,1.4515068042554258,0.9117468928418221,1.2172471932650188
bias_medium,1.0,42,33,True,,none,27.951181411743164,2.4798183768478905,0.3389097431280395,0.2589896351314381,0.15475794217976543,0.2812651800331528,1.3790064242168556,1.549085594123514
bias_medium,1.0,42,34,True,,none,26.718490600585938,2.287584679053008,0.49034398874048396,0.24433267405678719,0.2427583502017963,0.23429758065811268,1.1074176722876392,1.493088746268443
bias_medium,1.0,42,35,True,,none,29.545400619506836,2.1840029700030996,0.3123668442831221,0.40950611347207294,0.5222248944965459,0.5458760415195222,1.158811268914731,1.436695138156045
bias_medium,1.0,42,36,True,,none,29.275705337524414,1.7087031136992046,0.4065265030062067,0.47909622698165677,1.5758961381137997,1.4305603036430772,1.145475273156991,1.2049074093844256
bias_medium,1.0,42,37,True,,none,38.887001037597656,2.44462846669762,0.6522980940752307,1.0835169342763071,0.2246464430466222,0.2342385381918081,0.738561911242322,1.2499567107951626
bias_medium,1.0,42,38,True,,none,28.362957000732422,2.3718663579284334,0.13124576476180597,0.25585609410133814,0.24640899431823618,0.7783530953235513,1.057711171764294,1.6147558856271242
bias_medium,1.0,42,39,True,,none,28.62677574157715,2.055879618261845,0.3901900779284715,0.48809218831518114,0.43929347704349814,0.8622742628973866,1.090517147749673,1.3842337626619252
bias_medium,1.0,42,40,True,,none,26.419727325439453,1.9987262813957345,0.27508376227059844,0.23476821912569174,0.38518634874532975,0.7841956109861702,1.1171874427917468,1.9000251159398984
bias_medium,1.0,42,41,True,,none,27.17967987060547,2.124021638800623,0.23927608080318863,0.207381243125659,0.24895318256513824,0.9446923479390944,1.5202853769404518,1.495157989631796
bias_medium,1.0,42,42,True,,none,27.100685119628906,2.6027581108497397,0.2266516314411235,0.29951343293280064,0.6572285842319792,0.7783766169747866,1.1594387459075988,1.4144423283734509
bias_medium,1.0,42,43,True,,none,26.8893985748291,2.2063501991239463,0.2708796880169321,0.15418291609730833,0.24709766006406542,0.5482425693476066,0.9501259595683162,1.6212761582470119
bias_medium,1.0,42,44,True,,none,26.81210708618164,1.8465669470233508,0.4072978823382461,0.583556760805973,0.4577304282801031,0.7228799558146648,0.9245845760544567,1.370997585950694
bias_medium,1.0,42,45,True,,none,30.70149040222168,2.3467692733225247,0.5145473251561564,0.15889724390432486,1.388413616009872,0.9647006200341164,0.942946983087708,1.4572194745166422
bias_medium,1.0,42,46,True,,none,28.719459533691406,1.7965587362504185,0.5117641869889239,0.2247232060630091,0.49096886377909793,1.3614783820921614,1.0887400761499995,1.7083252969234928
bias_medium,1.0,42,47,True,,none,30.386098861694336,2.892848397885949,0.36141864656874106,0.37600488327144843,1.3590943638032877,0.3067900441058306,1.5216474339174226,2.7689125307318796
bias_medium,1.0,42,48,True,,none,26.643999099731445,2.379044918758431,0.3330061477155992,0.10483047126999709,0.16408331289677167,1.5621183029844807,1.372924934471973,1.4144024101218051
bias_medium,1.0,42,49,True,,none,29.45236587524414,1.653736820036742,0.37563215156497043,0.3951431324816936,0.1492672717892155,0.9006452836059493,1.0595252440450722,1.3738557705729777
jump_medium,1.0,42,0,True,,none,31.446273803710938,1.9861773849676416,0.5657568011618734,0.5357370201518421,0.6285083664872315,0.9604218976664308,1.1678814334708678,1.2870173022751328
jump_medium,1.0,42,1,True,,none,28.300357818603516,1.9592586990873764,0.328932000475625,0.2770552538497912,0.33939228117377207,0.31074787908424206,1.3263419695103338,1.7935741916484944
jump_medium,1.0,42,2,True,,none,27.377988815307617,2.017858102730167,0.4289632239992644,0.11876954923088635,0.20861757869763367,0.4287682293019224,1.7124388921710771,1.9994383612237112
jump_medium,1.0,42,3,True,,none,28.673744201660156,1.7811103703622737,0.2882648584027533,0.31643090567210047,0.3683964072964168,0.7441284310022275,1.1077058895467249,1.7811103703622737
jump_medium,1.0,42,4,True,,none,28.18217658996582,2.0452262707023943,0.18064761838517568,0.2236399701853148,0.5313830711556028,0.9328316106750923,1.1781595424449902,1.4307265851249802
jump_medium,1.0,42,5,True,,none,28.876649856567383,2.0520290343479575,0.10093508178972443,0.11597142244992246,0.16941118922383747,0.2870777083000228,1.258101722425348,1.868361185027376
jump_medium,1.0,42,6,True,,none,27.8360652923584,2.2898498871171897,0.27712894866685667,0.2938041053647792,0.31836167283702677,0.49116865700356444,1.2063901746671033,1.5405102770774102
jump_medium,1.0,42,7,True,,none,28.000335693359375,1.7776698894639573,0.18288453235047755,0.21599815362190297,0.3061516865559434,0.8768731895072179,1.430895252894155,1.3224223859748505
jump_medium,1.0,42,8,True,,none,30.22382354736328,2.077949794528086,0.21693510244197248,0.13463308703850096,0.5999584666595891,0.8685296881556803,1.0658153762645668,1.2582513152054808
jump_medium,1.0,42,9,True,,none,28.42313003540039,1.7272422485733507,0.178883637531384,0.16677068815570964,0.5148224343768758,0.7708565381226185,1.3547809362996357,1.701551742308755
jump_medium,1.0,42,10,True,,none,27.97104263305664,1.5376023066840572,0.19738755605069078,0.10695895322759609,0.21952324174491938,0.9197651193320573,0.746655535514326,1.5376023066840572
jump_medium,1.0,42,11,True,,none,27.905040740966797,1.6622956783686456,0.18930338356428264,0.12228081600001861,0.7510275737412686,0.37796647942868433,1.4919725461746949,1.3416643327835913
jump_medium,1.0,42,12,True,,none,29.031679153442383,1.6494621009353094,0.33186871369640536,0.1889438157130635,0.3846256820625295,1.135343690328894,1.2478323306803225,1.3032200345527847
jump_medium,1.0,42,13,True,,none,28.081302642822266,1.564991275944924,0.29695325029566927,0.08977031514112051,0.11696614382999307,0.20681079146122547,1.249291589168432,1.3789411591928298
jump_medium,1.0,42,14,True,,none,28.1491756439209,1.9258150911380412,0.41497918022100705,0.18280537184065773,0.12806451667343394,1.3111535172255195,1.3306397949251618,1.9258150911380412
jump_medium,1.0,42,15,True,,none,30.039255142211914,1.833041153769195,0.40846046942139835,0.07301642176033425,0.378326954573124,0.32440670376327846,1.7765329382917532,1.55899370541235
jump_medium,1.0,42,16,True,,none,28.867769241333008,2.225457013204687,0.24180601253646994,0.12872913923042642,0.20165434555442557,0.7165864317612229,1.1309755133159023,1.3234896240682952
jump_medium,1.0,42,17,True,,none,29.385915756225586,2.299600761093904,0.46666573185799115,0.3675490479003658,0.6803176985682899,0.8156130554490355,1.2787891652713934,1.5488821770731556
jump_medium,1.0,42,18,True,,none,27.141651153564453,1.986330437787937,0.1605049526761303,0.2437780279812709,0.21681899531614435,0.9964644276637743,1.5676048011769472,1.4926813723144632
jump_medium,1.0,42,19,True,,none,27.23307991027832,1.940676776050303,0.20074453616098575,0.06694961774994362,0.13550554531974607,0.2106564974497962,1.239681795631261,1.9359452998979736
jump_medium,1.0,42,20,True,,none,28.88315773010254,1.8087970086648109,0.18513933653762218,0.11828036109901323,0.15622059019893156,0.8094009988655889,1.528915546385718,1.8087970086648109
jump_medium,1.0,42,21,True,,none,32.98051452636719,2.011979637231609,0.16785139710535457,0.9651005739477448,0.06677213214019934,1.0881073241477257,1.0744734876433573,2.0011104412345513
jump_medium,1.0,42,22,True,,none,29.64492416381836,2.0025850338775606,0.3721831962347891,0.30901346292221954,0.2082114319958898,0.8585503458223376,1.173873564937999,1.1678705562527723
jump_medium,1.0,42,23,True,,none,26.915363311767578,2.0200761698827767,0.19569224907262786,0.13723775140367286,0.16751117138192806,0.20453155987742527,1.8688592973768452,1.637350864745066
jump_medium,1.0,42,24,True,,none,27.530576705932617,1.64380051979066,0.42322919220846383,0.2592333813020772,0.060024477042847975,0.6276493987520465,1.059732203496521,1.64380051979066
jump_medium,1.0,42,25,True,,none,28.381938934326172,1.5295862184863613,0.12222884100405518,0.2443998220317063,0.6071989159229048,0.8512142599406961,0.9923927677167256,1.2593282926834077
jump_medium,1.0,42,26,True,,none,28.118999481201172,1.6922433822957494,0.2767056084392991,0.055946009389522613,0.047374627832985634,0.20553741305352205,1.1601092495588432,1.4250823394216225
jump_medium,1.0,42,27,True,,none,29.7469539642334,2.044978858104785,0.33374112644532516,0.5986200632369336,0.6145380950457373,0.6825452501425281,1.0756812558425313,2.0225465861907432
jump_medium,1.0,42,28,True,,none,28.00316619873047,2.439794421516928,0.20501545879152258,0.1477154762798915,0.11660744151374612,0.6367343784258991,1.3070510469108696,1.3642800207182004
jump_medium,1.0,42,29,True,,none,27.520536422729492,2.039428151633025,0.2742643686835601,0.07287935447008734,0.137094868606336,0.604482683971704,1.1649956207058756,1.498229322216341
jump_medium,1.0,42,30,True,,none,27.272106170654297,1.5788578372309614,0.253152725583817,0.16094327028116984,0.47221307856964706,0.9121732557002185,1.0132756859258252,1.4913105504328943
jump_medium,1.0,42,31,True,,none,28.047306060791016,1.7348855932512266,0.14580986098155638,0.21367625304472881,0.16590737768876984,0.6808824760856275,1.016440836723669,1.7348855932512266
jump_medium,1.0,42,32,True,,none,27.880908966064453,1.5291509190458508,0.1949292365208727,0.11760056437565596,0.41039177308544955,0.7097013841763735,1.184581864329423,1.356754420795396
jump_medium,1.0,42,33,True,,none,27.062274932861328,2.3977309020937514,0.3239199458159186,0.10458820016359302,0.09870675521654666,0.12558057770136763,0.8961697470259876,1.9290835625817413
jump_medium,1.0,42,34,True,,none,28.51008415222168,1.6325021974677802,0.4755713405554922,0.26088079818655324,0.17298422543051917,0.7049957673015885,1.2986709426433385,1.6034253403182694
jump_medium,1.0,42,35,True,,none,30.76767921447754,2.416444873927999,0.24270413170511335,0.22487392994070088,0.34333480594108173,0.8950031130898735,1.2529772631377951,2.368359485142922
jump_medium,1.0,42,36,True,,none,27.231582641601562,1.578932461637634,0.6129857708098292,0.37034493030590343,0.7282878645007554,0.47367842630852247,1.0506829177648553,1.4853016722916599
jump_medium,1.0,42,37,True,,none,33.55659103393555,1.6606662880543188,0.7535922711969993,0.36541036422680284,1.6606662880543188,1.3686109238826554,1.4517243231222372,1.3499144818966637
jump_medium,1.0,42,38,True,,none,26.95507049560547,1.5710067892346842,0.4273757334829539,0.05679336090089233,0.2312221749515433,0.5808645374888761,1.114560393803349,1.3585587580973715
jump_medium,1.0,42,39,True,,none,27.642589569091797,2.2187533834284054,0.29806366856967975,0.11910798498614258,1.0627946982508816,0.9004259696992738,1.202952240062589,1.3722941730789235
jump_medium,1.0,42,40,True,,none,30.00263214111328,2.8022844570813352,0.1375230379411595,0.17725061940141007,0.19866320071189467,0.5348929580857558,1.7043213998205697,2.6465179363611018
jump_medium,1.0,42,41,True,,none,27.552661895751953,1.8794089461372177,0.3761623459556405,0.21034005158361127,0.4103580392637735,0.9531721579793276,1.1896796591963286,1.872852683662351
jump_medium,1.0,42,42,True,,none,27.3284912109375,1.8138840936403466,0.1627565681031,0.07125035491464354,0.12409810092393816,0.920806113951812,1.2176421972072655,1.5017622752661928
jump_medium,1.0,42,43,True,,none,28.353858947753906,1.784794469037894,0.4405951022639335,0.31839460789002155,0.11891484180153868,0.347112440304769,1.269260099247802,1.664008500043726
jump_medium,1.0,42,44,True,,none,27.766218185424805,1.9082297790924372,0.1422322392251654,0.25235166002100573,0.738896999309736,0.2863236590292664,1.3766552110208385,1.6552159302833083
jump_medium,1.0,42,45,True,,none,28.304658889770508,2.6273479040453354,0.3227233633247727,0.22557480570427507,0.13163829016385234,0.3145257402552931,1.593127041002382,1.7174387709128573
jump_medium,1.0,42,46,True,,none,28.03597068786621,2.381707148288431,0.3198381406468769,0.14567577558541386,0.12863873109218169,0.20050793172975936,1.4923762902599809,2.336208165995266
jump_medium,1.0,42,47,True,,none,27.59479331970215,1.852209544646299,0.33469188576533176,0.19637409244658052,0.2629045278628176,0.6099322495563553,1.60241220397285,1.7381695960204009
jump_medium,1.0,42,48,True,,none,27.334087371826172,2.2653485718961766,0.20693589074351265,0.11078964240020735,0.23437150708364865,0.5831223171649961,1.698600089692516,1.6058517322850028
jump_medium,1.0,42,49,True,,none,28.160995483398438,2.059684267552319,0.650363713832656,0.07815665032627228,0.4206077470795531,0.5559219950383095,1.791598656457488,1.8331989994707607
combined_medium,1.0,42,0,True,,none,28.137479782104492,1.8601098011464587,0.21439199946495913,0.3763654485850258,0.45202310793275025,0.6195354456873252,1.042495114240746,1.8601098011464587
combined_medium,1.0,42,1,True,,none,29.654298782348633,1.7313866568214198,0.3936425833709464,0.23164217467209336,0.47052936297329145,0.2958000615010009,1.256538925119819,1.7035399359733143
combined_medium,1.0,42,2,True,,none,28.823593139648438,2.3237024475141603,0.32892949246548764,0.1143426196602366,0.06576875400313027,0.42343301420627044,1.0527271050998728,1.475624008946708
combined_medium,1.0,42,3,True,,none,29.422630310058594,1.9647572780978981,0.2320972911694882,0.4997448153391555,0.280070946809915,0.5367712392095998,1.1687956307784606,1.8582161347619823
combined_medium,1.0,42,4,True,,none,29.02945899963379,2.0975788349187834,0.1885249476575101,0.13385413870681756,0.2298368935674027,0.4823295037156768,1.143440847656185,1.4517981790468046
combined_medium,1.0,42,5,True,,none,29.04548454284668,1.831549463310633,0.32503965448742866,0.2584582703007329,0.12038259686061449,0.8188462524451781,1.7278704845376278,1.776224631859169
combined_medium,1.0,42,6,True,,none,28.455890655517578,1.9793345258079105,0.3318307751583302,0.09789809450997686,0.1622018189202058,0.6794878206577883,1.4419305323871556,1.9602395081807225
combined_medium,1.0,42,7,True,,none,26.792875289916992,1.8717375677789267,0.10831818096930881,0.15278596556105803,0.44763648109254955,1.1630329892783708,1.0016113987887816,1.851157759098951
combined_medium,1.0,42,8,True,,none,29.513673782348633,1.7686680877430012,0.22001315597268212,0.1495645389364135,0.43371537649465214,0.6245479427953095,1.1205954412235408,1.7686680877430012
combined_medium,1.0,42,9,True,,none,28.170425415039062,1.8367071975637153,0.3508097715539533,0.07089561951851413,0.2891244545750609,0.25358661520884107,1.0338262257765634,1.8177396000444357
combined_medium,1.0,42,10,True,,none,30.916227340698242,2.461018049623882,0.1782770678159848,0.08669657060203921,0.17085502801410732,0.2753839183727992,1.162101461991796,1.3142494940518104
combined_medium,1.0,42,11,True,,none,27.050519943237305,2.0679534153103445,0.4021432871529362,0.24148910832813145,0.407806507703767,0.8051803868314464,1.1657416657206119,2.0532590938492152
combined_medium,1.0,42,12,True,,none,31.481233596801758,1.8289823687797255,0.5020790712378205,0.14528618430025156,0.24903289305347318,0.7651395363150695,1.8289823687797255,1.7579294492852853
combined_medium,1.0,42,13,True,,none,36.48807144165039,2.2961430230630246,0.4556721748852746,0.8690463587689321,0.7087557259907338,0.6884668651989286,0.8468645269460353,1.9809163679375301
combined_medium,1.0,42,14,True,,none,27.410175323486328,2.4017301543529634,0.48162141550113324,0.12280407124365002,0.2848835131163874,0.7087866011910893,1.1558737164902775,2.328858546504491
combined_medium,1.0,42,15,True,,none,29.602060317993164,1.6394427271179008,0.17762997385539803,0.14924528469063153,0.17206696238968688,0.5754346469714959,1.196456448793284,1.545842943801873
combined_medium,1.0,42,16,True,,none,27.121749877929688,2.0732337182029474,0.17457491230649147,0.07169706221403817,0.2638620373947901,0.20568370996323188,1.135504276829161,1.5283518152203102
combined_medium,1.0,42,17,True,,none,26.899995803833008,1.86658622396965,0.407128355288544,0.27807099762553,0.3837720473526766,0.4773250469770711,1.160624764267487,1.86658622396965
combined_medium,1.0,42,18,True,,none,27.13249397277832,1.997531995856707,0.076652886662979,0.06566347763364812,0.11073429227895316,0.13649312535103325,1.0594856656293103,1.9464491314569763
combined_medium,1.0,42,19,True,,none,27.42909049987793,2.4883758624268184,0.12063656519424638,0.07449052029258614,0.06630042437292558,0.6298692742685431,2.0404521438136527,2.3614027156860815
combined_medium,1.0,42,20,True,,none,29.41228675842285,1.95729494603975,0.38196261323766734,0.08291544591263515,0.28603532550038363,0.7546977614207737,1.1170407632043577,1.651687434361691
combined_medium,1.0,42,21,True,,none,26.66533851623535,1.9951862574104693,0.2583141201175417,0.41250830834359953,0.09681596827911262,0.5048393539263332,1.1641118960464396,1.63613881866658
combined_medium,1.0,42,22,True,,none,26.525224685668945,1.5572516256789106,0.20180826400765176,0.16097010612597698,0.43814509803561386,0.35312118347705956,1.372796537383017,1.5497401843392045
combined_medium,1.0,42,23,True,,none,29.701108932495117,2.114070761489791,0.1584851141956903,0.2321657643697144,0.3861839418889032,0.5856682109608214,1.4358343032550762,2.1032769764766015
combined_medium,1.0,42,24,True,,none,28.29509925842285,2.4090785142469744,0.24701920019144433,0.12934357332306323,0.13689776607464108,0.7247241746451579,1.2753812059786835,1.374958025392034
combined_medium,1.0,42,25,True,,none,28.306705474853516,1.757671864999384,0.44575475752021476,0.19293672171153134,0.24450510494282188,0.6116993179009041,1.422854115298903,1.6558055581835682
combined_medium,1.0,42,26,True,,none,29.20595359802246,2.2844600189464566,0.24050972253183442,0.2802614723237418,0.10322109846372537,0.8634211203705227,0.97558034455463,1.476358194627976
combined_medium,1.0,42,27,True,,none,26.269760131835938,2.0054360227023684,0.18973260506441583,0.40904335492204597,0.3125261763488346,0.5301294221762594,0.926505695411426,1.5125433212801254
combined_medium,1.0,42,28,True,,none,26.922197341918945,2.1834569258110053,0.12900233159933147,0.12334815944761937,0.4088354807587547,0.9269795971375441,1.4908296635493483,1.4890611646632508
combined_medium,1.0,42,29,True,,none,29.05690574645996,2.0790766569768335,0.2200376920783741,0.2713150769308815,0.24923817678125917,0.9848012824388701,1.3629169815751903,2.060780788791422
combined_medium,1.0,42,30,True,,none,28.477275848388672,1.8207440864583464,0.359108822479669,0.10078530229200983,0.08063274811183281,0.23446949813369652,0.9075592919822544,1.2117279647185013
combined_medium,1.0,42,31,True,,none,30.800153732299805,1.7049930570960974,0.25397432841716294,0.06848049454151983,0.3631697789145231,0.4027719717319791,1.036114959478811,1.4950006638006785
combined_medium,1.0,42,32,True,,none,28.432353973388672,1.780983198955151,0.24329666594102003,0.052067249968690194,0.4364335088765851,0.3708783452294769,0.8642533052320749,1.2620731275114132
combined_medium,1.0,42,33,True,,none,26.37264060974121,2.3091841591598845,0.3580097903646405,0.28011061085632377,0.15698090973569037,0.8458378454992778,1.4493377156804297,1.5047814600152203
combined_medium,1.0,42,34,True,,none,28.74770736694336,1.4894597804508052,0.09686554534675905,0.23526104471575074,0.10193789313203584,0.5586745768932364,1.2260414193114457,1.4339947669736548
combined_medium,1.0,42,35,True,,none,27.377717971801758,2.7312312710490017,0.10476117417144079,0.05443865710447722,0.18531657094364512,0.2929420828360849,1.1723123338926138,1.461312325611599
combined_medium,1.0,42,36,True,,none,38.317481994628906,2.525494527500989,0.3576643218676176,0.9913770521627056,0.16385560544297653,0.33708427795751933,1.3837213145366354,1.1895911994286872
combined_medium,1.0,42,37,True,,none,29.386491775512695,1.5398261624804037,0.4501159606310065,0.37277682236503457,0.08296824324090815,0.6314491845252357,0.9320816094031208,1.3469178351344822
combined_medium,1.0,42,38,True,,none,26.386661529541016,2.0198039310077136,0.12167744342478327,0.1267385301128437,0.3193167114069902,0.474129432340716,1.020725143776826,1.484233079205734
combined_medium,1.0,42,39,True,,none,27.294275283813477,1.7909892553357958,0.28089853732173237,0.09892601497981085,0.13004496055809459,0.7415175985822167,1.3999945384712953,1.3965144280501725
combined_medium,1.0,42,40,True,,none,29.89936065673828,1.8360529878131568,0.37804473321834,0.13689679095500498,0.17523110328311628,0.37433287945068083,1.6866654899287634,1.8283540344706295
combined_medium,1.0,42,41,True,,none,31.369428634643555,2.2304049909925827,0.3157207062791853,0.12873134434041683,0.11159642698769272,0.30292768252438074,1.5516104369104042,2.1321170893760515
combined_medium,1.0,42,42,True,,none,29.358264923095703,1.7152500850537467,0.4450917213411111,0.09681999117568674,0.1137811346835932,0.6891492960391988,1.0476377192390063,1.7152500850537467
combined_medium,1.0,42,43,True,,none,26.908447265625,1.988532560495243,0.19041786349644077,0.19865789458561187,0.08133868602723238,0.1621039647651536,1.840772206785238,1.624709052345777
combined_medium,1.0,42,44,True,,none,28.12546730041504,2.9078305446685846,0.23026804686619268,0.07634178361812599,0.15472588050859493,1.244279250538183,1.8034907478232254,2.636926333739496
combined_medium,1.0,42,45,True,,none,27.941707611083984,2.2235326428244244,0.3277205032102948,0.1729278993296751,0.054582332866225054,0.7584470662740075,1.109452721861762,1.391339042671043
combined_medium,1.0,42,46,True,,none,28.229162216186523,1.9155240615012559,0.16437356279472026,0.24205438637767412,0.177938798615394,1.2292308138340309,0.9010691361665558,1.7323283085212944
combined_medium,1.0,42,47,True,,none,28.713584899902344,1.98229498347227,0.20883372605728967,0.13555822932618636,0.14920680853328533,1.0025164288441686,1.040840652206734,1.8230941386752584
combined_medium,1.0,42,48,True,,none,30.65522575378418,1.6553477569147421,0.36684290881763426,0.13834385021934517,0.27668968325472193,0.29285285922051585,1.1455732644321988,1.6553477569147421
combined_medium,1.0,42,49,True,,none,44.96925354003906,2.1270106426109034,0.3628071867518429,0.2270930272114065,0.16946996139114834,0.33214341889457766,0.9079066411306571,1.7975343681503302
gaussian_medium,1.0,43,0,True,,none,28.74192237854004,1.624828178118749,0.47152453413725826,0.2963030149046464,0.7623167418746389,1.3698086809559908,0.682909526064164,1.2474640395908545
gaussian_medium,1.0,43,1,True,,none,27.9702205657959,1.5646819340810707,0.7106400889929906,0.30910825663266583,0.5149277731413062,0.6285708845950995,1.0453181506111493,1.5646819340810707
gaussian_medium,1.0,43,2,True,,none,28.60942268371582,2.2057514766450224,0.23266680667285175,0.08254410754527455,0.09072066027782236,0.4715288871186112,1.5127265647845451,1.7479292572103924
gaussian_medium,1.0,43,3,True,,none,27.933778762817383,1.9238338724314026,0.1727889542968093,0.08670141287818744,0.4636603566273803,0.4490806218986089,1.264992253336124,1.593228486972187
gaussian_medium,1.0,43,4,True,,none,28.601682662963867,1.6914773120751556,0.241480985086787,0.06278592901703264,0.16391212082507575,0.4324452163363454,1.1356357419908047,1.5431691119998616
gaussian_medium,1.0,43,5,True,,none,27.872665405273438,2.8375250537990793,0.24961167411209942,0.21680701063061558,0.3016485129190517,0.41491672216283376,1.4863779514998294,1.512319303956321
gaussian_medium,1.0,43,6,True,,none,28.831880569458008,1.8470027623799445,0.14045383498139943,0.06328298230126297,0.11481347244874189,0.41081176427554805,1.2378454659265679,1.4829217667557222
gaussian_medium,1.0,43,7,True,,none,36.18064498901367,3.2108305084457327,0.4410373660873748,1.0416423792562988,0.07738655100658866,0.2971287120804135,1.487270187383497,1.1774462110255306
gaussian_medium,1.0,43,8,True,,none,28.96002769470215,1.7047909043959888,0.2843207149395668,0.4026797182212565,0.1664157134068516,0.7419021289171238,1.1831753574628576,1.5369824827223486
gaussian_medium,1.0,43,9,True,,none,27.93768310546875,1.780583501058722,0.3182850368203338,0.10400102697382073,0.17479351553750713,0.3624881493236543,1.4743241517875334,1.3717126648384474
gaussian_medium,1.0,43,10,True,,none,57.068843841552734,3.125946950352059,0.5004719679859526,0.3635076387972328,0.2252892701553249,0.5715305113850481,1.431232451553218,2.293700624316932
gaussian_medium,1.0,43,11,True,,none,28.015600204467773,1.6564704767395877,0.3301375141170072,0.3505968100033888,0.3020417422231266,0.4951104383112146,1.044713586897589,1.5520387183296236
gaussian_medium,1.0,43,12,True,,none,28.442243576049805,1.9755904331308676,0.28677867767140175,0.3436047399105197,0.5475173658574459,0.7983819683879151,0.9111584058360159,1.6657289448517394
gaussian_medium,1.0,43,13,True,,none,27.982728958129883,1.470790752797543,0.6088205413455539,0.3946557042824998,0.7672862415027516,0.8047670047469415,1.1292750927728787,1.4603367661328728
gaussian_medium,1.0,43,14,True,,none,29.213075637817383,1.87542759125479,0.4344856567522811,0.4074355343099296,0.2530427132971477,0.9520755371953282,1.0139396995894427,1.1887416645432276
gaussian_medium,1.0,43,15,True,,none,28.100303649902344,1.7755954887503274,0.5287450019402481,0.12584938226370698,0.2497886497467208,0.8096971375733696,1.351402711488422,1.7755954887503274
gaussian_medium,1.0,43,16,True,,none,28.504497528076172,2.398000775464859,0.5113910821593951,0.1432323121944391,0.2194254673794495,0.22819828902961103,1.0504972107044317,1.6444223250044112
gaussian_medium,1.0,43,17,True,,none,28.294490814208984,1.8799063012959645,0.3790408861454751,0.1345608911091944,0.2558504863784361,0.8663996066767664,1.5980396633798004,1.5691790838347726
gaussian_medium,1.0,43,18,True,,none,28.483009338378906,2.0078252924567357,0.4238556295005073,0.3041565560794743,0.12710770170399888,0.7022689283847016,1.1533982230345072,2.0078252924567357
gaussian_medium,1.0,43,19,True,,none,29.461320877075195,2.4663054454951423,0.34095467133150337,0.10826746000236634,0.231166537626391,0.5353940577604357,1.8150711101615862,2.3782347005679294
gaussian_medium,1.0,43,20,True,,none,28.842878341674805,1.9023592429419969,0.1877514987425047,0.2824562020050457,0.12501349482072238,0.2833997414686349,1.3984091160700312,1.7726942042344829
gaussian_medium,1.0,43,21,True,,none,28.48683738708496,1.7771062798508566,0.2238330767237219,0.1917693233194501,0.1905791378332259,0.4675648535781635,1.2399289009466798,1.5884097500296637
gaussian_medium,1.0,43,22,True,,none,27.766977310180664,1.7215472436566075,0.27763809910128373,0.21007520103448035,0.43907014728898863,0.9721082089038247,1.234900538217333,1.4011704161259622
gaussian_medium,1.0,43,23,True,,none,27.75224494934082,2.5081234818013467,0.37832068158804216,0.3230951439577556,0.43522008383942945,0.4213788778133987,1.5067179989243993,1.4852362595549573
gaussian_medium,1.0,43,24,True,,none,28.185972213745117,1.9597455936208226,0.3757719567124623,0.13235765232161187,0.27970415441149044,0.8184627968632893,1.0026415184190984,1.4326875030659763
gaussian_medium,1.0,43,25,True,,none,28.492355346679688,1.7793103483291364,0.1748541465361019,0.20885240757017298,0.33153164370261956,0.6493625641745991,1.174122494126958,1.6838415149635484
gaussian_medium,1.0,43,26,True,,none,28.615535736083984,2.3686814736987603,0.1307570351282939,0.08118996703823025,0.1422212108153946,0.8254724340278677,1.3088453163219942,1.4138799548244758
gaussian_medium,1.0,43,27,True,,none,29.326879501342773,1.558802114233238,0.40712206526541644,0.24671405317796535,0.16940747891080665,0.2919698980172937,1.135033316686982,1.558802114233238
gaussian_medium,1.0,43,28,True,,none,28.036815643310547,2.0886516303484965,0.5048747355676153,0.12465409245899783,0.23141220603491475,0.30526140266412555,1.1562739165218487,2.0370399728824933
gaussian_medium,1.0,43,29,True,,none,29.019641876220703,2.1389955150651234,0.3064200036666851,0.17838103001495792,0.23095666504604262,0.5354064256692131,1.222879278772528,2.1087761270238556
gaussian_medium,1.0,43,30,True,,none,28.845149993896484,1.7701756612298407,0.38162904583224216,0.22753051985916953,0.34610787611904753,1.29088128633167,0.9037861109766704,1.2037478707992557
gaussian_medium,1.0,43,31,True,,none,28.348529815673828,2.342821783751374,0.26531556294661857,0.19835584721625982,0.4384999928592551,0.8803274038948965,1.7558746708824917,2.1845770514663463
gaussian_medium,1.0,43,32,True,,none,28.974416732788086,1.6130676739344543,0.3055612827765077,0.08317164166155219,0.09086344323825955,0.5388094910234839,0.9358487929467019,1.6130676739344543
gaussian_medium,1.0,43,33,True,,none,29.1939640045166,2.262563929769224,0.4521237469131777,0.09725680917841603,0.3111877213990001,0.8178182953233148,1.4840741160553197,1.733990879411416
gaussian_medium,1.0,43,34,True,,none,28.626554489135742,1.6691416669770693,0.17110382284020317,0.1062562344186839,0.21072268865978905,0.6589750895135665,0.9279599543260857,1.4913854532333448
gaussian_medium,1.0,43,35,True,,none,27.991941452026367,1.7350965709360415,0.518780726339342,0.14339770211272962,0.18027452753386225,1.054071242578844,0.9716506388944869,1.4447369739673028
gaussian_medium,1.0,43,36,True,,none,29.402875900268555,1.6951444589357652,0.42440260651631684,0.17085927521569508,0.3472431110894961,0.6966358155099467,0.9712231667857997,1.5032311193802037
gaussian_medium,1.0,43,37,True,,none,29.014076232910156,1.8847132415684111,0.4070451031051855,0.06809898318761995,0.6646397040634521,0.9663280644071502,0.9188387154604345,1.2253385004884974
gaussian_medium,1.0,43,38,True,,none,29.036314010620117,1.7926106490323899,0.5144958035938076,0.11768929891615919,0.6054279152989591,0.655902227553404,0.9576432272634617,1.7926106490323899
gaussian_medium,1.0,43,39,True,,none,28.450502395629883,1.9421164979835805,0.23151732989102938,0.37108048535892596,0.28806709259482,0.43919274201809055,1.1364911269775029,1.3230366911950486
gaussian_medium,1.0,43,40,True,,none,28.926250457763672,1.8995930432820833,0.4244724195748888,0.3185036309851153,0.6223037913506407,0.7421333283366304,1.7859404629742905,1.8995930432820833
gaussian_medium,1.0,43,41,True,,none,29.79576301574707,2.437869501333969,0.43279113529824487,0.07978827153711383,0.05902218865228618,0.23168636997390865,1.0042893523360632,2.347678540244352
gaussian_medium,1.0,43,42,True,,none,28.429725646972656,2.0573944829345994,0.16630256996722576,0.13021508536569587,0.44556571713248616,0.8837624795784261,1.2356920814522747,2.0495470893427976
gaussian_medium,1.0,43,43,True,,none,29.3375186920166,1.9518519553405311,0.08959674389086562,0.0967098308513831,0.24445542737709994,0.4211103315265511,1.8168754374288223,1.5435809757089525
gaussian_medium,1.0,43,44,True,,none,28.715259552001953,1.8830543793387549,0.5910372703134084,0.11605603011675582,0.9844866665752341,0.3562622011277803,1.4226408252903564,1.6074722628165758
gaussian_medium,1.0,43,45,True,,none,29.014907836914062,1.9333273451347652,0.18896732735007482,0.17047170958967828,0.14002867814938075,0.5887187131429236,1.5908228595221594,1.6453530969654255
gaussian_medium,1.0,43,46,True,,none,28.33199119567871,2.1979327270109454,0.3796916884211126,0.08475710285992294,0.08821043308972686,0.6367127130752858,1.2702109464550542,1.4264182103717293
gaussian_medium,1.0,43,47,True,,none,28.381467819213867,1.9341015608025547,0.23739546436156472,0.2777921410968375,0.11153611341852461,0.5037394355964645,1.5675072708073268,1.8115962487697117
gaussian_medium,1.0,43,48,True,,none,28.003124237060547,2.1539052445914066,0.17358122431463344,0.1778368392526369,0.21356052061197656,1.056272785347657,1.2630108061109093,1.9984086725236236
gaussian_medium,1.0,43,49,True,,none,28.78832244873047,2.264841703647475,0.4182568181155375,0.11527644446241869,0.2948626226242213,0.5818835303859187,1.6896882626278833,2.18111145937498
drift_medium,1.0,43,0,True,,none,27.242374420166016,3.338249942417694,0.3619488036592432,0.3174417627529278,0.5270204027489442,0.7957873479226246,0.8322234436777038,1.5197140358231105
drift_medium,1.0,43,1,True,,none,26.620948791503906,1.854878502660312,0.5165249510682194,0.5187299778347899,0.8059764179393913,0.6642473975122974,1.0498021024139768,1.2507537925312164
drift_medium,1.0,43,2,True,,none,28.055828094482422,2.0366005435623533,0.2996471683127504,0.2186467207407631,0.8090139917313769,0.8481999741258284,1.658760969482646,1.9288584850076573
drift_medium,1.0,43,3,True,,none,27.196317672729492,2.1978456367564014,0.255277017735802,0.38500970963091363,0.26516714775577577,0.37838690964935384,1.676090210048885,1.4339708010550851
drift_medium,1.0,43,4,True,,none,30.4515323638916,2.317056818812463,0.48178578339735095,2.317056818812463,0.39169123041102744,0.807884072565245,1.0569603590177628,1.5004485968200914
drift_medium,1.0,43,5,True,,none,54.092063903808594,3.2293221250433217,0.4368700797103892,0.5116240535686584,0.28331003379988884,1.2106205060603905,1.4750218571924771,1.7939082902158627
drift_medium,1.0,43,6,True,,none,34.89967727661133,2.19392282242219,0.37738091323232376,2.0588677721534836,0.20540869224220565,0.9175148714775132,1.2951494048252221,1.8327351661023743
drift_medium,1.0,43,7,True,,none,26.37677001953125,1.9453853350848607,0.4032718926368033,0.37450128056834225,0.23551204898286998,1.0077506044241853,1.1242212231954785,1.4883039359107262
drift_medium,1.0,43,8,True,,none,26.763591766357422,2.1035756818099323,0.2578339278781746,0.2974597521313999,1.7935283178265846,0.3164199356300286,1.0223329648075676,2.079183288332059
drift_medium,1.0,43,9,True,,none,27.769485473632812,2.136285759784053,0.3265475615894116,0.14527380197640014,0.30035548951156055,0.7263116516757688,0.9491277211171611,1.8544826979196727
drift_medium,1.0,43,10,True,,none,37.24013137817383,3.0927171147191115,0.41991702461878067,3.0927171147191115,0.09598266161774188,0.9506200039111301,1.1934072460850713,1.5776088532763177
drift_medium,1.0,43,11,True,,none,27.509044647216797,2.1255752883025387,0.5439728877354277,0.36773305274963697,0.7026266361442273,0.4812792647336751,1.243655640125924,1.6825798217516856
drift_medium,1.0,43,12,True,,none,29.574729919433594,2.2420276263999264,0.5188684975888482,0.7061343746723473,0.7917386159213458,0.3663470593640956,1.3954158107482517,1.767757665525996
drift_medium,1.0,43,13,True,,none,28.005264282226562,1.7719321354977025,0.3879917168879607,0.20508661002721656,0.23761372955417703,0.5141850047464008,1.0423088902162023,1.2265551239676202
drift_medium,1.0,43,14,True,,none,26.70259666442871,2.0925862729815083,0.3157161701289275,0.8411386218057714,0.27413890951543873,0.8515378718402311,1.6051032448032896,1.8568872482082541
drift_medium,1.0,43,15,True,,none,27.94873809814453,2.1393027495563715,0.39142577377562005,0.24524296956822011,0.37943356209022144,1.1681368728791608,1.7404710340957186,1.8752542560288807
drift_medium,1.0,43,16,True,,none,26.425291061401367,1.9679706551125438,0.40574608135420626,0.12723658583748682,0.2312686816158318,1.4450967288947214,1.500017090238522,1.7929353151675473
drift_medium,1.0,43,17,True,,none,27.185388565063477,1.7073317241407187,0.5959799302258367,0.28332584572192765,0.3233397510725432,0.641718894259979,1.2940042061776267,1.6915341126691215
drift_medium,1.0,43,18,True,,none,26.99843406677246,2.2358593288779227,0.3922610481874876,0.45392477095444655,0.2747223197265403,0.5703577189110041,1.6017129710006184,1.6053279364806585
drift_medium,1.0,43,19,True,,none,28.680784225463867,2.6609495298432004,0.26253075541921,0.28947748353344505,0.8767229502150863,0.7255174341363125,1.3265434305148973,1.573958893658029
drift_medium,1.0,43,20,True,,none,37.089290618896484,2.8678686351758107,0.3593366248859905,0.7569216058677468,0.4624195629492424,0.562238496055668,1.2849725349489942,1.373743963907354
drift_medium,1.0,43,21,True,,none,25.735706329345703,1.9370183311497884,0.23235140672451707,0.44337813206104887,0.3853890902102847,0.8892297279602293,1.3406729891407574,1.9370183311497884
drift_medium,1.0,43,22,True,,none,42.04404830932617,3.225338655444723,0.2225663056775872,0.9223868650135726,0.10947672590003811,0.5020871500596867,1.2942070601244897,1.7394378474279764
drift_medium,1.0,43,23,True,,none,29.560575485229492,2.311788257113771,0.44567579518347555,0.2573976777265197,0.5018372461947027,1.260183823611933,1.3132415813390599,1.6633321152077472
drift_medium,1.0,43,24,True,,none,27.609169006347656,1.897538841356936,0.16555817833539532,0.3868066256175433,0.47626446771338177,0.5803355952272827,1.2373014379439373,1.8653329196783444
drift_medium,1.0,43,25,True,,none,29.17508316040039,2.0976847093519537,0.3669497959376259,0.43162248221884936,2.0272901017079885,0.8167947916015436,1.1328157274914392,1.4160904519141857
drift_medium,1.0,43,26,True,,none,26.587461471557617,2.4652473516430926,0.43567090197064695,0.19698377792368774,0.9553278419673079,0.27970959296445086,1.2921836284855124,2.0830096442859527
drift_medium,1.0,43,27,True,,none,26.32410430908203,2.331971130545987,0.518248421508358,0.1207018512383003,0.13696935376568092,0.49933206537005914,1.4287454414048886,1.3733387783629407
drift_medium,1.0,43,28,True,,none,26.33721160888672,2.425080735570801,0.3995445115769031,0.4461251634733577,0.5881205126712369,0.6217817439595346,1.3131646474033378,2.283283551510822
drift_medium,1.0,43,29,True,,none,31.450973510742188,1.7551089292372717,0.369571673826198,0.3606189146960639,0.4595219598485829,0.8135778581528778,1.3276446466487133,1.4510466812304221
drift_medium,1.0,43,30,True,,none,45.12187957763672,2.636109735556037,0.18996181461149844,0.5834765156748075,0.22777796627104274,1.0439428402511377,1.3830508976614035,1.7188016241624084
drift_medium,1.0,43,31,True,,none,28.03506851196289,1.8805174145281551,0.3937104722893135,0.45963883758985186,0.4452117988697918,1.8805174145281551,1.1938629305277624,1.2633684059611268
drift_medium,1.0,43,32,True,,none,31.260791778564453,2.833652599777762,0.47160910612719237,0.18818472070275044,0.328316518778517,2.833652599777762,0.9350894533619876,1.2124599844827293
drift_medium,1.0,43,33,True,,none,27.461593627929688,2.2102994548316657,0.3725147279327294,0.2000898584521679,0.5230627346234455,0.5384636995768018,1.639625457281598,2.1464342426246334
drift_medium,1.0,43,34,True,,none,37.36930847167969,2.6265560988043277,0.48344691036027404,1.1163768485187648,0.16508584854998976,0.2278353362461307,1.4288744903762398,1.2876898711655742
drift_medium,1.0,43,35,True,,none,28.546934127807617,1.983541885895088,0.3895870356848611,0.3799602938817166,0.46365632513418126,0.5545053559119366,1.2465879689252306,1.4727158477380962
drift_medium,1.0,43,36,True,,none,26.161457061767578,2.2993021327674086,0.19978622433988666,0.43548324915512193,0.8662619226786941,0.4631047209448357,1.519552156723501,1.7387246438539425
drift_medium,1.0,43,37,True,,none,29.292917251586914,1.8980637307585553,0.47252240138343693,0.49471714399526184,0.7221848964974479,0.9365557007593701,0.9513574772423161,1.3634131730253527
drift_medium,1.0,43,38,True,,none,30.82623863220215,1.7197948354950108,0.5553010453178223,0.343049409110087,0.46889437739896533,1.1142639255589948,1.1596222111889372,1.7197948354950108
drift_medium,1.0,43,39,True,,none,37.23587417602539,2.903935063120868,0.45053827036727484,0.5167168230032131,0.16604921034744252,0.9336445247997096,1.178587594644535,1.329636675629744
drift_medium,1.0,43,40,True,,none,50.66803741455078,2.5160144948201837,0.3176671561571857,0.24807589350250017,0.19988205463053546,0.3237354747510163,1.7648246319835255,1.4202020331539589
drift_medium,1.0,43,41,True,,none,31.009824752807617,1.7533646048582754,0.44781952137040515,0.3382395404189353,0.703484381789643,1.4127237016879197,1.2356658426315268,1.2869100480526399
drift_medium,1.0,43,42,True,,none,25.833791732788086,3.056000247606815,0.2201482609965368,0.2139000791939178,0.08484830320595572,0.6296304987302983,1.6227650488280045,1.705199529294286
drift_medium,1.0,43,43,True,,none,26.998098373413086,2.1272489625732525,0.5119890888254851,0.24886437564548286,1.2840230291916508,1.6985318063820176,1.597240016215037,2.106278944582109
drift_medium,1.0,43,44,True,,none,61.936546325683594,2.9619285844753285,0.4968871561841472,0.2628014863226581,0.40704747472749137,0.9878928089489867,0.8854333568735658,1.3409161105112009
drift_medium,1.0,43,45,True,,none,28.712804794311523,2.0932032802908083,0.1851355831128694,0.6029809081939556,0.6517050888679609,0.7396379345575792,0.8904116764021721,2.0753404875314256
drift_medium,1.0,43,46,True,,none,27.770051956176758,2.0448802152809935,0.4491890084238423,0.18710732200475824,0.3335272289901601,0.38998337251553633,1.3756802806553046,1.2845330347515342
drift_medium,1.0,43,47,True,,none,27.772951126098633,2.040293453211598,0.3292303311209779,0.2087048670368983,0.45858066395374575,0.6458838987180758,1.1352463735528608,1.7284956036267713
drift_medium,1.0,43,48,True,,none,26.15114402770996,2.431731034867494,0.35865540380301864,0.12419712811808922,0.41299682021690315,0.9990764369042627,1.0738273035244819,2.100485644382519
drift_medium,1.0,43,49,True,,none,27.122133255004883,2.0350655869326966,0.37905585914131107,0.21074893074702253,0.2619563816984987,0.7027547008837643,1.341972271615744,1.333805174032894
burst_medium,1.0,43,0,True,,none,28.547958374023438,1.531093708362427,0.15090371830942814,0.5374222070857362,0.7231573296962086,0.8226364798686044,0.9905134281564792,1.531093708362427
burst_medium,1.0,43,1,True,,none,28.1931095123291,2.423178039870406,0.35191221742993406,0.06936841328437097,0.1392383952840972,0.7079354039296317,0.9378879394636473,2.3161140489568397
burst_medium,1.0,43,2,True,,none,59.73064041137695,2.6647854405482425,0.8530902262030086,0.7238733956164837,0.08732616142287987,0.4914300515385857,1.4235212197158291,1.9640135773710192
burst_medium,1.0,43,3,True,,none,27.358478546142578,1.6090101059407096,0.51534686759093,0.13851593486106065,0.12297559529773547,0.2639315988228512,1.2499985602329873,1.4454971799459424
burst_medium,1.0,43,4,True,,none,27.318073272705078,2.0543354694922007,0.17903887520071723,0.13150847699758167,0.11570835094251763,0.230770179089968,1.4051406788018814,1.5745376851910493
burst_medium,1.0,43,5,True,,none,27.666873931884766,1.95737336955863,0.2191705104393419,0.07318147248729077,0.09036187687577146,0.43672076482876127,1.787221064328124,1.5875399856145
burst_medium,1.0,43,6,True,,none,29.459028244018555,2.9966054123849823,0.27413019681458456,0.3947085352065469,0.33562376625583795,0.40856988403263217,1.6919963355901193,2.1593586997497995
burst_medium,1.0,43,7,True,,none,28.679887771606445,1.978355267055843,0.2890265216031913,0.22633243127957292,0.31591711980035575,0.30002656375156095,1.04354536267855,1.6193058376773386
burst_medium,1.0,43,8,True,,none,27.42585563659668,1.8301036966128872,0.3277269849591752,0.03861938494063712,0.08415394820230546,0.2648704507202253,1.5130167600999433,1.4456961347485382
burst_medium,1.0,43,9,True,,none,27.316267013549805,2.050761798576611,0.36444783854232327,0.12800649142727644,0.11812956942072486,0.3417540154535104,1.176535350998011,2.0429485059423196
burst_medium,1.0,43,10,True,,none,28.23410415649414,2.0946204612661865,0.3965903410727979,0.11396254241053233,0.16720508466555084,0.42618606783274626,1.3550399424702486,1.7803236665222713
burst_medium,1.0,43,11,True,,none,56.28219223022461,2.4240067077241845,0.7616005347312058,0.5109352026884979,0.16690659517467646,0.16977919914244163,1.7132053115429937,1.7642867926363182
burst_medium,1.0,43,12,True,,none,28.846046447753906,1.5801183733200528,0.8737176588635512,0.20596356361820575,0.13417071260067437,0.5037024099239222,0.8915596472967602,1.538681672938359
burst_medium,1.0,43,13,True,,none,26.755374908447266,1.9351851588715627,0.24979758725506002,0.0675287373577723,0.10404498238906769,0.2265452781347169,1.3623106948901946,1.2280953096768994
burst_medium,1.0,43,14,True,,none,27.7363338470459,1.6852997864746317,0.4087873166676482,0.07572642500214512,0.1337313238845528,0.43275393201984846,1.186047914966952,1.2173440354622316
burst_medium,1.0,43,15,True,,none,27.54131507873535,1.833083892202322,0.43814706540318477,0.08797500407753528,0.18892239270786707,0.1531919636591352,0.8091514951397153,1.404721421261257
burst_medium,1.0,43,16,True,,none,28.541378021240234,1.8679619152476037,0.8290399776886503,0.13972918921534366,0.08065439117185241,0.42588867821543686,1.273084970579959,1.8679619152476037
burst_medium,1.0,43,17,True,,none,28.12737464904785,1.8259947828019472,0.43438866484628397,0.10603697057231755,0.12387308225422057,0.3813684101650911,1.3083997881025908,1.8240228072656717
burst_medium,1.0,43,18,True,,none,28.84100341796875,2.4447171006665616,0.3695209282907774,0.2610730378393401,0.08310737388793576,0.412908744135181,1.449923825095079,1.3059570188684
burst_medium,1.0,43,19,True,,none,28.973793029785156,1.7789917816703384,0.47186259754345555,0.0837703353543783,0.335318476781313,0.3510891735598007,1.4143552753555566,1.7388383722700782
burst_medium,1.0,43,20,True,,none,28.10565757751465,2.037866543686801,0.2028861878894651,0.11538982493882123,0.11514313861154418,0.8963184971096455,1.4625678798669428,1.6626596332016446
burst_medium,1.0,43,21,True,,none,28.112966537475586,1.79387997051263,0.17802436323031304,0.08255594213617011,0.14288455917280513,0.6588219898284118,1.5593984715319469,1.79387997051263
burst_medium,1.0,43,22,True,,none,27.607009887695312,1.4772963785986943,0.24409577236920382,0.058221258764058544,0.08616071247349467,0.47628932344895697,0.9355445733171583,1.4772963785986943
burst_medium,1.0,43,23,True,,none,47.59945297241211,3.4433582358674117,0.6886866757754339,0.19207536557261326,0.15122214482436036,0.5191995817666324,1.3179519678353453,1.5853265106259182
burst_medium,1.0,43,24,True,,none,27.57346534729004,1.9950515979752899,0.16246379585875934,0.0715238562154919,0.06010954661388728,0.13879476899766074,1.1427394072058954,1.980277682536805
burst_medium,1.0,43,25,True,,none,30.061878204345703,3.1785327440003432,0.44625766168310566,0.2668121780783678,0.08436029581727691,0.678011847138958,1.036571658811958,1.7181424216267818
burst_medium,1.0,43,26,True,,none,28.145265579223633,2.1941713052398644,0.36879834533652744,0.3676850247214948,0.07750859550599572,0.41287893594754577,1.1563452506102554,1.6779038801787405
burst_medium,1.0,43,27,True,,none,28.56547737121582,2.213393633064923,0.5361380992948671,0.255542759058454,0.7824466885684667,0.8093809997184473,1.2674317289008121,1.4365835285910493
burst_medium,1.0,43,28,True,,none,28.745094299316406,1.7122760719871002,0.3461376528439646,0.12321492554957894,0.2517992063596161,0.5400185015958558,1.0194914269329274,1.5125310370436484
burst_medium,1.0,43,29,True,,none,28.87350845336914,2.114648942675344,0.5477207468356472,0.07512575930209463,0.39709691588656854,0.3052949593373282,1.2816068070352042,1.4280999784718753
burst_medium,1.0,43,30,True,,none,27.340045928955078,1.877472494566751,0.30354553087863956,0.38585920102787796,0.18058029390555333,0.5880176503834141,1.3203980361333982,1.5600575087938373
burst_medium,1.0,43,31,True,,none,28.11375617980957,1.9010390953027896,0.3782859601401347,0.270039560277049,0.1746280058895839,0.21785644284834582,1.3265035952792483,1.66203059099553
burst_medium,1.0,43,32,True,,none,27.74898338317871,2.006182366647511,0.11749155154503402,0.05731741874333053,0.07374687100489173,0.1509090373202954,0.7355184281869741,1.156910177124564
burst_medium,1.0,43,33,True,,none,29.25387191772461,1.7495983470865857,0.5346957211814292,0.10287922190905754,0.08130883025080297,0.8031622394475055,1.039138093809384,1.4667057980643186
burst_medium,1.0,43,34,True,,none,28.47088050842285,1.4836294209637182,0.6305652813652007,0.2969097663029069,0.06972301401255213,0.4240723439130717,0.7279839494469618,1.4836294209637182
burst_medium,1.0,43,35,True,,none,28.193822860717773,2.5041990671498704,0.34302625611763593,0.14870039094286927,0.4316195813012051,0.9327929073209473,1.4566188993699813,2.4733518317199037
burst_medium,1.0,43,36,True,,none,31.87890625,1.881303787696157,0.7973048997520611,0.4806799746428556,0.2967488256512507,0.39899780909548127,1.2640225661479252,1.5943796613004948
burst_medium,1.0,43,37,True,,none,28.390438079833984,1.6620306304272179,0.31267010987277616,0.17128199575876707,0.26498142973019967,0.3398748887289369,1.089700156454031,1.1942469847496937
burst_medium,1.0,43,38,True,,none,28.09571647644043,1.7931269713375064,0.4191692932718619,0.10803297864372235,0.22304976265274218,0.5642643747357681,1.3143905351707348,1.7259225827147822
burst_medium,1.0,43,39,True,,none,28.542316436767578,1.6034640512159721,0.4564004119554531,0.10727704022575399,0.2523177020302178,0.6814909503973574,1.3928503592236279,1.6034640512159721
burst_medium,1.0,43,40,True,,none,27.20585060119629,2.0036317288700953,0.11353419632813806,0.05688776083827117,0.07276038310658559,0.15965230515419954,1.3775613542145615,2.0036317288700953
burst_medium,1.0,43,41,True,,none,29.72521209716797,2.2983814577200548,0.9199544132474995,0.1929359738215713,0.08876001445751266,0.35306895019592954,1.0969500346476655,2.224128525477722
burst_medium,1.0,43,42,True,,none,27.657495498657227,1.5865892685436622,0.2858925898575383,0.12959231160362536,0.13138852695351683,0.9770042464933155,1.2093311561909168,1.5865892685436622
burst_medium,1.0,43,43,True,,none,29.61354637145996,1.8062590565149141,1.1207079190206164,0.20970038053534354,0.7758759497905905,0.3626174054568704,1.0524448724424798,1.3086791677367329
burst_medium,1.0,43,44,True,,none,27.967212677001953,2.531802644172948,0.5356329457446057,0.1632057227188018,0.10286316227933905,0.5464718578798191,1.3366051905252228,2.4789996677842576
burst_medium,1.0,43,45,True,,none,29.38954734802246,2.1785893587472933,0.4634008926927675,0.08990020775640234,0.3354197652695305,0.6153508825643608,1.099329635354977,1.7374540592384191
burst_medium,1.0,43,46,True,,none,28.852169036865234,1.8734627827619388,0.6471695106719247,0.3992227427368701,0.16690916018158605,0.9248914699564095,0.9251646072711311,1.4142050192775169
burst_medium,1.0,43,47,True,,none,27.01919937133789,1.9123444041620892,0.2809082974816493,0.37009787128497007,0.10650072824858112,0.7199781883768916,1.4496583658374602,1.8787904067619987
burst_medium,1.0,43,48,True,,none,28.25123405456543,1.5913373553544439,0.25425882832185276,0.09711769573859683,0.06673211010832517,0.30247633615116065,0.9300895228821395,1.5913373553544439
burst_medium,1.0,43,49,True,,none,28.711532592773438,2.010444086594541,0.3040126419518751,0.11713811144360775,0.175421374702418,0.6181754009124747,1.3126212241695445,1.9767804549041812
bias_medium,1.0,43,0,True,,none,28.09098243713379,1.6575400179436506,0.3927825959171828,0.49446142391048675,0.5657316066321748,0.4927882838655048,1.1599204992980439,1.396313268373196
bias_medium,1.0,43,1,True,,none,54.582733154296875,3.127395460580784,0.5713879710925562,0.30904689332677915,0.35149910258401323,0.9690566091458284,0.8422186715443477,1.2179636966383378
bias_medium,1.0,43,2,True,,none,27.365821838378906,2.222247687287011,0.24507233662780184,0.23642192598326386,0.3259462810574017,1.0670904120225,1.236237656802038,1.4564751377210232
bias_medium,1.0,43,3,True,,none,29.231836318969727,2.2365092887685334,0.27938672181107443,0.3737683754122148,0.3102677588279009,0.9146102205479804,0.8091282728044452,1.5856841982847651
bias_medium,1.0,43,4,True,,none,29.911052703857422,3.195131552084847,0.44025261200265164,2.0167890837386335,0.19978554815825791,1.0960961479207947,1.3955389525428055,2.192347292345623
bias_medium,1.0,43,5,True,,none,29.79686737060547,2.028320527111657,0.38510244143938016,0.504331587102788,2.0082850836207595,0.5721777841309595,1.2878461193612079,1.305294676280239
bias_medium,1.0,43,6,True,,none,27.311922073364258,2.0707113063282163,0.3784051057929835,0.39052471313559267,0.48398498149305313,0.8942775749333398,1.0920829492062574,1.614248023071231
bias_medium,1.0,43,7,True,,none,27.3584041595459,2.3203699368204966,0.4307414379482745,0.39465215608498533,0.3036718566225342,1.641237493137286,1.5640513503540936,2.179244215204645
bias_medium,1.0,43,8,True,,none,29.835180282592773,2.38361491420393,0.28321701626930484,0.43818164641026724,0.9922114670439294,0.44946096280862335,1.2013852546462789,1.6325804771590406
bias_medium,1.0,43,9,True,,none,28.9810791015625,2.106415946290511,0.36812877012439243,0.29284825054971014,0.5677758167715903,0.7969352327566785,1.3464414586262623,1.7193199951206715
bias_medium,1.0,43,10,True,,none,28.873762130737305,1.791628060431099,0.4337106856223631,0.33293892440718337,0.3095222552084595,0.755665526196145,1.7316045730335587,1.5757781893385359
bias_medium,1.0,43,11,True,,none,29.02842140197754,2.2997116974892555,0.5220040406820794,0.3899503202482395,0.3042460994436098,0.7604601213137511,1.0705746301817705,1.5265215035950945
bias_medium,1.0,43,12,True,,none,28.43916130065918,2.589105449692985,0.484324570627442,0.2980220261347442,0.7678222685078905,0.5201342379254338,1.0294257850836814,1.8673251219495697
bias_medium,1.0,43,13,True,,none,25.78888702392578,2.132939868180875,0.33946835404566483,0.06979336194987856,0.32071187973292836,0.5894263574261657,1.4334506430238931,1.633356964460851
bias_medium,1.0,43,14,True,,none,28.90445899963379,2.573925402303237,0.35022135776841373,0.22496588389947036,0.6382231048427641,0.5433824347580827,1.3118699861084369,1.8542809181088604
bias_medium,1.0,43,15,True,,none,30.320833206176758,1.7883792942016232,0.440387416457079,0.3881148265010956,0.2824945712251237,1.0686287284338079,0.9782774699505071,1.7611017376323528
bias_medium,1.0,43,16,True,,none,57.859127044677734,3.0554476063522342,0.44744200101689063,0.560439505996215,0.07664320541539578,0.7938629827034497,0.956370623464642,1.591582677594661
bias_medium,1.0,43,17,True,,none,26.66664695739746,2.248119069417123,0.5518083118277957,0.4311007533679307,0.24627769335327415,1.154569395828874,1.3215324752130582,1.344831911437465
bias_medium,1.0,43,18,True,,none,28.059398651123047,1.980786007879473,0.4201182710855616,0.4049709686612775,0.19013380769459473,0.5085746538323118,1.7950460071024517,1.7962069319599918
bias_medium,1.0,43,19,True,,none,27.897689819335938,2.53494651260778,0.28782845802103474,0.242544857456733,0.5337551898353001,0.5520706078846064,1.5103691653847744,1.5576997831040145
bias_medium,1.0,43,20,True,,none,26.69451332092285,2.1333680051721067,0.3362505667568683,0.37511493615856706,1.1335810515591525,0.6013672961049837,1.0856279982765114,1.7269864456318436
bias_medium,1.0,43,21,True,,none,26.130979537963867,2.3093538336958956,0.29424373507414736,0.30648970569501116,0.5275273821732178,0.6647281224719329,1.281468202251981,1.3920689165693267
bias_medium,1.0,43,22,True,,none,53.6988639831543,2.9465488026026305,0.22974697405055491,0.5467374357173507,0.08524712519112924,0.43667457826467193,0.9840967619005161,1.2121589369862689
bias_medium,1.0,43,23,True,,none,27.973108291625977,2.0143847252891525,0.4007779078543189,0.15493516017496092,0.49494563675968806,1.1307450931374228,1.3308200362794294,1.4105227208091513
bias_medium,1.0,43,24,True,,none,29.464771270751953,2.2214108697753034,0.19488878372967874,0.5926829922403248,0.3712740947466252,0.3642826013622615,1.5884922245066329,1.6075174833360468
bias_medium,1.0,43,25,True,,none,30.381315231323242,2.10541921971411,0.3724147960939647,0.5166326715716941,0.6564680628976193,0.6816956955636828,1.7302835708213333,1.4013335427165428
bias_medium,1.0,43,26,True,,none,26.36075782775879,1.75118418861411,0.4167639128654381,0.8668387506684885,1.0489281690434122,0.8663366917150925,1.6734983990526238,1.52989259690761
bias_medium,1.0,43,27,True,,none,29.289531707763672,2.490465141637401,0.5384165731328416,0.5617220468437566,1.4093021635983718,0.7856359994735261,0.8959477787293519,1.3974386426594527
bias_medium,1.0,43,28,True,,none,49.276336669921875,2.9988296906316103,0.4319233692550498,0.36879059984422585,0.11095270168266085,0.43414454493760457,1.2111205897643331,1.9486784509295334
bias_medium,1.0,43,29,True,,none,37.425254821777344,2.4970365398292893,0.3591031242600097,0.8729779832545145,0.15406306790486435,0.17028425112400333,1.2100267155856665,1.2234289286490425
bias_medium,1.0,43,30,True,,none,28.462629318237305,1.9154169014547349,0.20994531266196662,0.508472613914054,0.1519013708424653,0.550932495028823,1.0888930372109182,1.2376450017772977
bias_medium,1.0,43,31,True,,none,27.50159454345703,1.8863509033274313,0.4113235986794655,0.48554661425160023,0.9156059196102231,0.8167657568877907,0.8109183846485569,1.827950082008008
bias_medium,1.0,43,32,True,,none,53.86077117919922,3.1974022140997156,0.5246339378793144,0.7702360092749317,0.1455700486109015,0.36950131491947463,0.7910320645895259,1.1981764298879556
bias_medium,1.0,43,33,True,,none,48.55449676513672,2.7803351381753942,0.39702128136042136,0.6545868559734771,0.09613053120462467,1.0315484093907052,1.175210348847887,1.8527061157833518
bias_medium,1.0,43,34,True,,none,26.665882110595703,1.6038995019274687,0.4769274005207419,0.3567287116130584,0.2934352207911991,1.6038995019274687,0.8950479512163514,1.2461345865448528
bias_medium,1.0,43,35,True,,none,29.615270614624023,1.9427382006272351,0.37941196484991474,0.504823885999798,0.5684672410972523,0.54015139333317,1.0244529704879597,1.4844308071191448
bias_medium,1.0,43,36,True,,none,29.36609649658203,2.218936780485675,0.49323551524332915,0.33271614130970106,0.966353348693996,0.53311231541852,0.9248919004261883,1.8324246364794883
bias_medium,1.0,43,37,True,,none,28.481929779052734,2.1988016422790397,0.3907183328013299,0.3762008316996932,0.2935733459916734,0.6570353803058787,0.9528849212667212,1.4731020660986278
bias_medium,1.0,43,38,True,,none,28.385793685913086,1.8937973233602603,0.4457004037998161,0.38136677282838316,0.27432887528889077,0.8254190865132537,1.545315184228393,1.5763170671875297
bias_medium,1.0,43,39,True,,none,28.623586654663086,2.1049172930233255,0.48710197602009214,0.22616278882038887,0.5273439584576988,0.323842840219663,1.3814217858549616,1.3711934131561339
bias_medium,1.0,43,40,True,,none,26.495431900024414,2.702403775806592,0.2735931439828634,0.4174576055891144,0.4196443065921232,0.39011140533475336,1.2062931329885698,1.4448980657459782
bias_medium,1.0,43,41,True,,none,27.103670120239258,2.1379796619453146,0.42295420121182703,0.2986509116313012,0.24432547779674568,0.6629657400366309,1.4490002588827586,1.7113852634686337
bias_medium,1.0,43,42,True,,none,27.09531593322754,2.6405876094758685,0.3060249745104665,0.2983571650207615,0.7440116680849359,1.1599472091535519,1.1631271440016575,1.4183718847884723
bias_medium,1.0,43,43,True,,none,26.90122413635254,1.9828757145143598,0.5319205647288007,0.2753363211287177,0.41948644451390177,0.533224529769292,1.6384626323128453,1.5726750617071585
bias_medium,1.0,43,44,True,,none,45.14261245727539,2.736864272927952,0.4075740910989674,0.07266137231776648,0.09514223816148254,0.564341273936984,1.3107032599766089,1.79419350264802
bias_medium,1.0,43,45,True,,none,31.131343841552734,2.275909109159458,0.29297444547271495,0.6071512622042641,0.23616309574017574,0.7934057158410128,1.1960713150069793,1.89442809245595
bias_medium,1.0,43,46,True,,none,28.928218841552734,2.3917523491157007,0.40594493651258473,0.37612268758132295,1.0670773950414378,0.6949178573726481,1.683420767602884,2.3653192554164604
bias_medium,1.0,43,47,True,,none,30.24728012084961,1.8181727991496004,0.3885935773542302,0.33069513428425584,0.4988028093749614,1.0219006760992677,1.3069572582302786,1.803056932502563
bias_medium,1.0,43,48,True,,none,26.62778663635254,1.9647490996257797,0.39724777532253375,0.2649534980559467,0.4089961797400654,1.195178625662179,1.2372940340986072,1.2967503655305213
bias_medium,1.0,43,49,True,,none,51.965301513671875,3.015530995316982,0.4816572408008616,0.22766760851113255,0.30810095925756253,0.9946680200954834,1.714249463081895,1.8062438612865988
jump_medium,1.0,43,0,True,,none,31.524972915649414,1.5318146326317559,0.44412684998543867,0.49668548043533695,0.28132102610162285,1.374165923075262,1.0992824494954971,1.5318146326317559
jump_medium,1.0,43,1,True,,none,28.228755950927734,2.2206761519146285,0.41494883820251843,0.1392015635789976,0.31233808438684524,1.074349171884748,1.5234965031375929,1.2668662723173365
jump_medium,1.0,43,2,True,,none,27.335573196411133,2.1782094751897874,0.39563518920456037,0.1444787135097534,0.18973706322242512,0.11296485022429739,1.0066150455049405,1.4764434965749398
jump_medium,1.0,43,3,True,,none,28.72270393371582,1.70118224445122,0.18386042862972302,0.32225682431537916,0.5037800001431042,1.0608053411894907,1.3051159332396265,1.70118224445122
jump_medium,1.0,43,4,True,,none,28.214014053344727,2.30512491518125,0.4435284766799816,0.16325116516219013,0.4871933642621632,0.5586033023725742,1.42212515494694,1.5812705585752889
jump_medium,1.0,43,5,True,,none,28.8041934967041,2.1223058902738012,0.31901379700296423,0.07317122496614739,0.19000599650741168,0.2179962205144383,1.44524196106064,1.4182188004302692
jump_medium,1.0,43,6,True,,none,27.765512466430664,2.9132232549905717,0.15559552274045382,0.4141741885114383,0.5633974074642849,0.42861796096374494,1.0060255901019863,1.354377060285431
jump_medium,1.0,43,7,True,,none,27.882919311523438,1.966211673208742,0.4353202876737264,0.152320291438934,0.24689200052906868,0.7889508137530764,1.54525234256325,1.5675848231647742
jump_medium,1.0,43,8,True,,none,30.247285842895508,1.692138181798358,0.1931797076240866,0.23316950304651246,0.5428627372509109,1.028518592049359,1.1189277612076258,1.6832560997018764
jump_medium,1.0,43,9,True,,none,28.447418212890625,2.5242655850502986,0.3651508605103672,0.33321741923106857,0.2980273943841585,0.5253154596079269,1.4600373155413868,2.3948662078066243
jump_medium,1.0,43,10,True,,none,29.587095260620117,2.1323815703194664,0.5242507890217731,1.5861394774035762,0.21723230266032295,0.7854321854506556,0.7971650095657036,1.368445167262421
jump_medium,1.0,43,11,True,,none,27.930200576782227,2.1638521437750127,0.5516828984665135,0.21083005343153402,0.41138565850357156,1.045048234452891,1.3727785276317073,1.4257026591427961
jump_medium,1.0,43,12,True,,none,44.04668426513672,2.6976588298585935,0.2944057139411148,0.43312868218389583,0.1933925115314926,0.8673873439097335,1.0892751130477596,1.2760125338991297
jump_medium,1.0,43,13,True,,none,28.177099227905273,1.6207246447051749,0.3535836470180096,0.14628751729378542,0.2999040116705946,0.2561418444883453,1.3400628845168319,1.6018136065051336
jump_medium,1.0,43,14,True,,none,27.884204864501953,2.549894507133618,0.243690338561473,0.22845533556096895,0.3126827704446632,0.44933800187775935,1.0757418903142646,1.3144886790728572
jump_medium,1.0,43,15,True,,none,29.929771423339844,1.5489141049503057,0.29705886965283074,0.09283953891727659,0.3583306031648354,0.9927645213441713,0.8543913563603994,1.3918282812603295
jump_medium,1.0,43,16,True,,none,28.994096755981445,2.168971486239515,0.31922291686067955,0.20421241197495124,0.4015792928309864,0.2079750046927965,1.3868236157746523,2.091123200716495
jump_medium,1.0,43,17,True,,none,55.66764450073242,3.4745769138281624,0.5531461897910382,0.41875912630271334,0.07815711606029503,0.8714698815429677,1.322456265565982,1.6896138781419983
jump_medium,1.0,43,18,True,,none,27.16580581665039,2.0437509302229606,0.28172506566236266,0.25718632151530874,0.19190406106944252,0.2799014563148099,1.5621370118945903,1.60270431976149
jump_medium,1.0,43,19,True,,none,27.216705322265625,2.190387390907062,0.44000252131105483,0.04472681377612213,0.295942406715196,0.4272758379413634,1.36008985594744,1.5684159664732877
jump_medium,1.0,43,20,True,,none,29.048473358154297,2.324928337444426,0.1623271537136434,0.09090821305994716,0.29184889714465817,0.5734842545472956,1.900964624000646,2.0907437931890267
jump_medium,1.0,43,21,True,,none,29.422929763793945,2.115947290676526,0.2419584403470303,0.15424188492194374,0.42509546240845203,0.779888515631606,1.39753087937815,2.0623080551206225
jump_medium,1.0,43,22,True,,none,29.536256790161133,1.895805958879945,0.1496382629701991,0.2511960536932835,0.46849128611161067,0.6726991940214044,1.229583257718724,1.518438646881346
jump_medium,1.0,43,23,True,,none,27.085779190063477,2.7324768672773887,0.2164085684527095,0.17052773652580097,0.2140948144003154,0.5680320093938659,2.068332268240245,2.3209982054071148
jump_medium,1.0,43,24,True,,none,27.603252410888672,2.2005595244168914,0.11431349284267188,0.5931906091338572,0.21947984143221336,0.4007547686261033,1.8546277328503358,2.127351468329178
jump_medium,1.0,43,25,True,,none,28.49605941772461,1.6979512151656642,0.6416530748720756,0.22312178682938646,0.41331978904194394,0.30185812976419696,1.066487243091337,1.6979512151656642
jump_medium,1.0,43,26,True,,none,28.226207733154297,1.73529274823803,0.230425626720988,0.12639214925219125,0.07430951810074406,0.5962454661258346,1.2220258324429705,1.5068924670863617
jump_medium,1.0,43,27,True,,none,53.82797622680664,2.202688047403676,0.6624364485796692,0.131566001386112,0.1870260176905591,0.7909908969527022,1.1859770126967266,1.9644674351802258
jump_medium,1.0,43,28,True,,none,27.995502471923828,2.6410750134552528,0.34761984202902446,0.13265302641572455,0.17911712353207246,0.466059937118771,1.3114109033057888,1.3617991993446836
jump_medium,1.0,43,29,True,,none,27.519607543945312,1.7176496489771866,0.3325462599086004,0.32322062245332833,0.27215102494506505,0.5644156710125194,1.0987049230108104,1.37556872037456
jump_medium,1.0,43,30,True,,none,27.186861038208008,1.6467013280736718,0.2529662372255907,0.17354965400369612,0.17610408488850696,0.8223541911329463,1.0198946411292162,1.5833122743330503
jump_medium,1.0,43,31,True,,none,28.149986267089844,2.2039343742535227,0.4165277483431933,0.33085819259732646,0.15559846963657473,0.38574920973421306,1.0907420652535718,1.3755878569631037
jump_medium,1.0,43,32,True,,none,27.770156860351562,1.7237734417040758,0.3999708760731963,0.1333823921179233,0.32128659500457235,0.284278143008,1.2279382878657341,1.3945066462796216
jump_medium,1.0,43,33,True,,none,28.923908233642578,2.9539071596869557,0.3205156628140197,1.97924840202857,0.12831248115443458,0.39663652655525233,1.4845009041911768,1.5832354984397674
jump_medium,1.0,43,34,True,,none,28.342687606811523,1.583265729006824,0.22079621455921067,0.1582970749029279,0.22852801698342667,0.778470704749141,1.5462203792075149,1.583265729006824
jump_medium,1.0,43,35,True,,none,30.7073974609375,1.9823186040934684,0.3892972547813948,0.20352393868497745,0.12456347307747842,0.8403458877468354,1.5387334674343665,1.6358793794608655
jump_medium,1.0,43,36,True,,none,36.454673767089844,2.1165604182810522,0.36039241910109304,1.1644396222313795,0.3812339342955464,0.5787848624069019,1.084535726507936,1.8556405203178317
jump_medium,1.0,43,37,True,,none,33.450714111328125,1.8310603587912488,0.3725356972535136,0.5526563229886989,0.5605852291921928,0.5874183474967953,0.9917627168257986,1.447507112572126
jump_medium,1.0,43,38,True,,none,26.991230010986328,1.60751749127784,0.12204607680915032,0.29302346877233926,0.08857592339567859,1.2800912547960563,1.0645160653916268,1.3474364703263766
jump_medium,1.0,43,39,True,,none,28.35377311706543,2.7982427714934763,0.3417350338028217,0.39397590952201017,0.9803176992401827,0.465395466416522,1.1329139986086123,1.423245310671075
jump_medium,1.0,43,40,True,,none,29.75019645690918,2.0014285186292913,0.15640939822150055,0.12355443116788524,0.10102954905149603,0.7581548722209552,1.7942077534737473,1.9197404074185407
jump_medium,1.0,43,41,True,,none,27.560440063476562,2.024173519970837,0.4518810065979339,0.13251070736004036,0.2708807584918151,0.7202399003824906,1.5557511121241208,1.8705545050030947
jump_medium,1.0,43,42,True,,none,27.122913360595703,2.0399963110990105,0.2529081917654044,0.0967188351853051,0.4917471734244541,0.6651971805475677,1.7007558480016511,1.543933238831214
jump_medium,1.0,43,43,True,,none,28.39229393005371,1.888673064381419,0.5326269003880835,0.08808940599515167,0.23864443422081535,0.3686134982599225,1.2727783332721314,1.5611818120702239
jump_medium,1.0,43,44,True,,none,27.773099899291992,2.031524898576244,0.3574358533321307,0.12619630058351697,0.27481799128031814,0.9581643189893353,1.1781353440281868,2.0218246098648183
jump_medium,1.0,43,45,True,,none,27.75703239440918,1.9260454857618476,0.27349531739706795,0.10608566160729549,0.37315822214353933,1.0713041955779228,1.2268925657387426,1.3558702707355497
jump_medium,1.0,43,46,True,,none,27.932554244995117,2.381483069548567,0.42824116054699723,0.1170535826304032,0.0960097026175788,0.08224300939858,1.232596831583031,1.38348130443812
jump_medium,1.0,43,47,True,,none,27.60633659362793,1.8283431441957698,0.45157897108497513,0.15708836649870464,0.9156815435108023,0.1928078087786063,1.2236078546583913,1.760991604134966
jump_medium,1.0,43,48,True,,none,27.462556838989258,2.4354652714200618,0.36733172583544826,0.3029269550406406,0.46399135000713,0.6802724367205607,1.2345807714088348,1.388599573649202
jump_medium,1.0,43,49,True,,none,27.928876876831055,2.1139566280057145,0.34228089875071277,0.09003732350312134,0.44211416431935513,0.7086862621755193,2.1139566280057145,1.570387482951728
combined_medium,1.0,43,0,True,,none,27.92732810974121,1.8574435393362883,0.4665002478867002,0.3198175832694922,0.30250634408182026,0.3411776348411606,1.0723570119124017,1.7606784389035495
combined_medium,1.0,43,1,True,,none,29.799118041992188,2.4642047459958722,0.7285272735441077,0.2045690143664945,0.32601449579579117,1.0219431804443542,1.3234700768895675,2.1183457554055507
combined_medium,1.0,43,2,True,,none,28.960447311401367,2.004780199179994,0.23740609957411193,0.09672037801955391,0.07185804408638433,1.6072930209979055,1.1645252419401926,1.4971634619745169
combined_medium,1.0,43,3,True,,none,29.397672653198242,2.071983131858885,0.18639760388181842,0.26782104941395607,0.45184637001977895,0.795957687111151,1.143165996343934,1.3084978324631844
combined_medium,1.0,43,4,True,,none,29.05152702331543,2.2930182046384924,0.20941952178259463,0.12125282888776347,0.12511388264198317,0.10017387765793394,1.1742896541832215,1.5466006423248215
combined_medium,1.0,43,5,True,,none,28.88380241394043,1.6645495700858486,0.2364288997844059,0.18351235587711903,1.0401799483819298,0.503689129598265,1.3206069706021357,1.445909228358191
combined_medium,1.0,43,6,True,,none,28.617971420288086,2.506475803510534,0.17188543068467663,0.11424932272232266,0.2302625921307104,0.43027391729613906,1.902350291443241,2.2362398350338184
combined_medium,1.0,43,7,True,,none,26.72097396850586,1.9846016026658582,0.45618278608194374,0.38218774195369903,0.43402943814380507,0.4497582613531564,0.8040549536609407,1.2715737296116942
combined_medium,1.0,43,8,True,,none,29.499731063842773,1.773099896970778,0.281041085957816,0.09790824720452708,0.41960906483292026,0.8117952557870364,1.3311477160530742,1.773099896970778
combined_medium,1.0,43,9,True,,none,28.128772735595703,1.7455326458894038,0.3480523725624489,0.4830889459907552,0.5739563214303343,0.5292983543632022,1.1089104640154426,1.403826249922231
combined_medium,1.0,43,10,True,,none,31.03215217590332,1.745520647303729,0.553599711572831,0.19451645230123815,0.31835334082023575,0.12307023484262432,1.2314837134762102,1.745520647303729
combined_medium,1.0,43,11,True,,none,26.866518020629883,1.8515783411907365,0.2516634370260628,0.3339449794918542,0.15941128598725582,0.21432229814299308,0.7847100653377029,1.359769818458436
combined_medium,1.0,43,12,True,,none,31.432621002197266,1.9097001113290313,0.3338795140158848,0.2956231016585331,0.3164484834420162,1.0508433388357936,1.2536760778970384,1.781359215325013
combined_medium,1.0,43,13,True,,none,45.96623229980469,2.4369465068995937,0.5630246992280701,0.7322436677580645,0.09874834450265538,0.36290406231646155,0.990919888048504,1.224343735411305
combined_medium,1.0,43,14,True,,none,27.3245849609375,1.7919465551792912,0.44513765615149326,0.384064217968257,0.3056698470302351,0.9819820055266917,1.068732465563359,1.7909067486506662
combined_medium,1.0,43,15,True,,none,43.12806701660156,2.8097153336505345,0.4789426510940819,0.5569988852556419,0.2184059201302497,0.1992374455407386,1.4855141923893562,2.10452768034447
combined_medium,1.0,43,16,True,,none,27.034687042236328,1.9959194284946924,0.45920266960706374,0.082778001514093,0.2056712820307027,0.3349811909286438,1.3882850592444096,1.3724822668114307
combined_medium,1.0,43,17,True,,none,26.89908218383789,1.799981933819798,0.37787309930080865,0.22270167896885937,0.12156738550643369,0.47169643621550345,1.1821846466306205,1.6027209808203697
combined_medium,1.0,43,18,True,,none,27.156103134155273,2.0124386993911063,0.4018365947580947,0.0819877051772403,0.17916650439672785,0.5022878965608589,1.3125992681610958,1.491081079467618
combined_medium,1.0,43,19,True,,none,27.417306900024414,2.2989423708391965,0.30905355243101174,0.06373249559263362,0.14530350189533867,0.6147283596017424,1.5437560940539328,2.2368967957174193
combined_medium,1.0,43,20,True,,none,29.396217346191406,1.9481124549706483,0.17730924125705386,0.211037861337333,0.2729195618610109,0.6903914483417192,1.1278013822582793,1.3153125458984407
combined_medium,1.0,43,21,True,,none,28.38448143005371,1.969490950738116,0.21605343724391096,1.969490950738116,0.135989290125469,0.6615131142854126,1.4433113435117306,1.745103072404826
combined_medium,1.0,43,22,True,,none,26.489730834960938,1.7109094113055328,0.24325958702676156,0.13764796513243024,0.18214740214727945,0.687175415929383,0.5903544534266734,1.2058317524872544
combined_medium,1.0,43,23,True,,none,29.575958251953125,2.523999328090204,0.39831287708686464,0.1669381290514893,0.5766541328729426,0.36632422327255665,1.4364064504550944,1.4180518129672754
combined_medium,1.0,43,24,True,,none,28.210561752319336,1.5953461561817168,0.4847794669337188,0.8909293675891523,0.5661657783919313,0.4366300336471054,0.950624269208664,1.5953461561817168
combined_medium,1.0,43,25,True,,none,28.340124130249023,1.8328330323713993,0.1573325298203495,0.1339896125052596,0.3609208403406469,0.587210638232031,1.0366030658799812,1.8328330323713993
combined_medium,1.0,43,26,True,,none,29.28398323059082,2.055098702888831,0.1760475342454588,0.13144812183250326,0.13010641098276582,0.42082568009878374,1.169284807385986,2.022842624378585
combined_medium,1.0,43,27,True,,none,26.24859046936035,1.8404961696448203,0.4621607964791845,0.09260814862255413,0.16906635300155115,0.18737815638046204,1.8404961696448203,1.4728847929462465
combined_medium,1.0,43,28,True,,none,26.999008178710938,2.2637020130718724,0.4779007731787953,0.25725958929315085,0.14757712203031378,0.3110454068710189,1.403440545388761,2.1389182240845965
combined_medium,1.0,43,29,True,,none,28.911174774169922,1.8128646471204821,0.3474351904370275,0.13061947402252883,0.6154861254049979,0.5022972256641949,1.3487679441210492,1.5558787977824442
combined_medium,1.0,43,30,True,,none,28.431489944458008,1.7314883721221261,0.35554375902737406,0.09017389218797452,0.05499353571836564,1.3783339433711863,1.2699525986242088,1.6719941143716834
combined_medium,1.0,43,31,True,,none,30.846078872680664,1.900997922026734,0.34551021350413563,0.2976999390357802,0.16016268860166144,0.42062707242920666,1.7088581732480523,1.8910123695152135
combined_medium,1.0,43,32,True,,none,28.475666046142578,1.7465992857838923,0.27497640541970164,0.08196579409523402,0.13674630324388337,0.5447099241078687,1.1296205434208548,1.52338683920781
combined_medium,1.0,43,33,True,,none,26.433826446533203,2.0899380866611916,0.4000328677513438,0.303745770752779,0.4245163529473452,0.9309708490376025,1.1981783499626817,1.4853081478930719
combined_medium,1.0,43,34,True,,none,28.915008544921875,2.143190763982165,0.18670076849152129,0.3037947212651755,2.143190763982165,0.576360987357678,0.8582214457729317,1.2235595919226978
combined_medium,1.0,43,35,True,,none,27.33216094970703,1.5142411276410817,0.5022067017263777,0.40904468822693724,0.14150831631762767,0.5174783808203416,1.0812263024032118,1.5142411276410817
combined_medium,1.0,43,36,True,,none,26.777990341186523,1.7640822618896048,0.3152044131276123,0.9495310824558264,0.4831002848946501,0.5691997981982211,1.0012195885357629,1.7640822618896048
combined_medium,1.0,43,37,True,,none,29.622106552124023,1.6999354817526273,0.3305462411464332,0.18598798452603246,0.23608937062060004,0.5187888788667512,0.8602582934035289,1.6697934384561348
combined_medium,1.0,43,38,True,,none,26.559635162353516,1.6606583839532412,0.5637652937072269,0.29337967224092815,0.3997838352174142,0.43129483670244056,1.0530812722798053,1.5167466944754404
combined_medium,1.0,43,39,True,,none,27.338375091552734,1.6518682087879841,0.23594258058707834,0.17608708698838493,0.2000523169270799,0.33881546909335225,0.9722488965860633,1.5470811074468014
combined_medium,1.0,43,40,True,,none,35.84008026123047,3.3325722330297696,0.4681488973635946,2.066154463775178,0.07389468152272977,0.23878720562936387,1.4021825288525562,1.9761887007615846
combined_medium,1.0,43,41,True,,none,31.16044044494629,2.0596984307534285,0.43944152043994084,0.12866734885795564,0.1635610759185747,0.17640514470326255,0.910264894319934,1.345875775769104
combined_medium,1.0,43,42,True,,none,29.269548416137695,1.6497338341500596,0.1752855013942746,0.18846745246001873,0.12946081787214517,0.8716235777333923,1.0814231390381643,1.4798696884578626
combined_medium,1.0,43,43,True,,none,26.933000564575195,2.550938606784945,0.1083626920460491,0.057359711811379,0.24102833949794414,0.14416823839506462,1.521251463491177,1.5652319219033033
combined_medium,1.0,43,44,True,,none,27.85342788696289,1.8838679251867205,0.5515767258455012,0.41653409121995066,0.160740594628188,0.3255307845428603,1.1961717281342967,1.8477178311407525
combined_medium,1.0,43,45,True,,none,27.908279418945312,1.8070785663630096,0.12432240521045806,0.17245572099208467,0.33746744605618473,0.3613807163878402,1.2513430409563477,1.3120759699688447
combined_medium,1.0,43,46,True,,none,28.375553131103516,2.602138016182754,0.353600817691321,0.15590896476139188,0.1507454598389423,1.2050234045802546,1.449958162900327,2.3815906431117595
combined_medium,1.0,43,47,True,,none,28.872112274169922,2.430405109628503,0.23798220320674213,0.12465580603956929,0.2291778704948659,0.39847077323700625,1.8274880212176712,2.0898293938295702
combined_medium,1.0,43,48,True,,none,30.468809127807617,1.953648108604901,0.21295742893168398,0.21736156125270634,0.4762896895288799,0.8625309151940977,1.006643077130736,1.6191059277603854
combined_medium,1.0,43,49,True,,none,29.12613868713379,2.106084806562954,0.4199893279762701,0.15789416247129234,0.24742978428826423,1.7161163902800263,1.5706611416688419,2.079408551653368
gaussian_medium,1.0,44,0,True,,none,28.761253356933594,1.7057941494923574,0.4504191049557795,0.11656815465589797,0.4844821543636166,0.7548665968854578,1.1769102840319832,1.271923313361533
gaussian_medium,1.0,44,1,True,,none,27.876062393188477,1.868138760330119,0.16608753445239427,0.2713520408731867,0.4570963840485925,0.5113957778970432,1.2355899156327015,1.3991814046569222
gaussian_medium,1.0,44,2,True,,none,28.80061912536621,1.808863713818511,0.2645049765628769,0.045558938070176386,0.17566422090998796,0.1776852635826258,1.808863713818511,1.7537263647695938
gaussian_medium,1.0,44,3,True,,none,27.88912010192871,1.732762459351613,0.3070789439869036,0.1651210156700524,0.3312039790628583,0.4566800742415309,0.905953154922335,1.4629320269667443
gaussian_medium,1.0,44,4,True,,none,28.756750106811523,2.012632228109661,0.25975833810218213,0.095170677541739,0.11470961593902343,0.24986098143834243,1.4784797400740484,1.5416317135967468
gaussian_medium,1.0,44,5,True,,none,27.81515121459961,2.082293908750619,0.13269414372589344,0.13236973225675627,0.13993742192897324,0.30229590995928346,1.6072246336983365,1.7254778026419544
gaussian_medium,1.0,44,6,True,,none,28.822656631469727,2.408875749296753,0.1998466057363299,0.33808841388961564,0.14200313973244205,0.7022350997564676,1.348043129677249,1.5649214596790433
gaussian_medium,1.0,44,7,True,,none,28.926931381225586,1.7925370512575347,0.38364330559689497,0.7484212963713819,0.4491430756840284,0.7763457577680074,0.9655080932105922,1.779762261706817
gaussian_medium,1.0,44,8,True,,none,58.777034759521484,2.7785141636312156,0.45429933631541575,0.074997483976353,0.2928550508678497,0.632593570211207,1.513841041767304,1.6333793923187763
gaussian_medium,1.0,44,9,True,,none,27.92085838317871,1.9580916164847721,0.4107663733705212,0.5560098983724538,0.394526646569744,0.5624940212593107,1.6142520069183444,1.7780768925703587
gaussian_medium,1.0,44,10,True,,none,29.03093910217285,1.6843774558659794,0.5790211545653624,0.28394082005976823,0.3428330938815817,0.3453121688444746,1.3041696268969085,1.6504221863908335
gaussian_medium,1.0,44,11,True,,none,28.089784622192383,2.164039544041305,0.07321589260109425,0.17439874258407403,0.20706118755840824,0.47312196024914904,1.0057365103614,1.505489870519999
gaussian_medium,1.0,44,12,True,,none,28.469100952148438,2.398841584142234,0.24620915961401643,0.2718745023652953,0.1687196889345302,0.27710086014004803,1.2603046039589918,1.4770338966529284
gaussian_medium,1.0,44,13,True,,none,27.93661117553711,1.5322987971595543,0.5105738654316341,0.45195218671594134,1.054776358324797,0.8189639373241725,1.2895892635569943,1.2318462054078698
gaussian_medium,1.0,44,14,True,,none,45.673431396484375,2.306054785356667,0.27697337957308843,0.7489098175071814,0.18848674610216967,0.8722540728806408,1.0792099236125738,1.5312933575939827
gaussian_medium,1.0,44,15,True,,none,27.948497772216797,1.6519003073290657,0.5325719903286884,0.14628148025739518,0.13956761910604287,0.8106788801322939,0.8415483211107788,1.1946129891783648
gaussian_medium,1.0,44,16,True,,none,28.662250518798828,1.7110676763337975,0.3536040258607923,0.13717940413547627,0.3479842693412537,0.47904591383699296,1.3662548241339898,1.6308070736254834
gaussian_medium,1.0,44,17,True,,none,28.384899139404297,1.8321161350069237,0.47854505134409264,0.41048875801216245,0.6181075301915575,0.6972152812593448,1.3008470307373392,1.8205871882419273
gaussian_medium,1.0,44,18,True,,none,28.53498649597168,2.9885335249625196,0.18729625478288603,0.15064941461804052,0.21913431119593318,0.35807597366957744,1.4341888171956132,1.4430437339965732
gaussian_medium,1.0,44,19,True,,none,29.350797653198242,2.724679924352248,0.46925678797934467,0.04620492635295198,0.33113339647280693,0.3751968729953708,1.2993616178725094,1.4853780007113262
gaussian_medium,1.0,44,20,True,,none,28.86542510986328,1.9604684296159944,0.36044247676330865,0.154110937728734,0.13709479375909872,0.5215897579354052,1.462189994588998,1.7061572883118992
gaussian_medium,1.0,44,21,True,,none,28.389686584472656,1.9601394311788731,0.40690864230744994,0.13983152488429204,0.28436660507984546,0.3648115416236271,1.3385404147256696,1.8071963689421144
gaussian_medium,1.0,44,22,True,,none,27.8113956451416,2.02897980104111,0.4282951380895504,0.12067397640471804,0.15255218279930757,0.81845312628884,1.1431340058369168,1.2385689893729834
gaussian_medium,1.0,44,23,True,,none,27.893112182617188,2.316649923513314,0.4400758993460559,0.13164759897368736,0.4532765191076979,0.0748536747864221,1.9527961850121465,2.274778266258876
gaussian_medium,1.0,44,24,True,,none,28.27081298828125,2.515341506842788,0.3643127129516405,0.11383703765146899,0.16555907105950618,0.3737622048387045,1.5469185145974165,2.005138505893772
gaussian_medium,1.0,44,25,True,,none,28.492435455322266,2.118977827573172,0.5264566172962148,0.2747296582170059,0.11386556066244242,0.71879680060958,0.9877749396360244,1.770614439957618
gaussian_medium,1.0,44,26,True,,none,53.690895080566406,2.015349676347275,0.3539830181671525,0.5018339353365364,0.15748566338701023,0.4527391902869239,1.0759670592966544,1.55677433435715
gaussian_medium,1.0,44,27,True,,none,29.313770294189453,1.7243912173702207,0.40721634940050977,0.2672658063565909,0.49801083188030665,0.5845285395914979,1.5377894933291638,1.6626055473271582
gaussian_medium,1.0,44,28,True,,none,28.193815231323242,2.5146890725954885,0.14614511530147056,0.2083143637858258,0.11786485577320231,0.3476651817591552,1.0433022771920573,2.4305126228835587
gaussian_medium,1.0,44,29,True,,none,28.815462112426758,1.921710157968989,0.3774028985339768,0.1831991255676048,0.35362864779598197,0.8683972734457666,1.1442973369750986,1.4053669915895535
gaussian_medium,1.0,44,30,True,,none,28.927467346191406,1.7842506230204025,0.2882721327084662,0.12475846799206024,0.32968145545312116,0.5573445430086709,0.7675731673512223,1.688030642566437
gaussian_medium,1.0,44,31,True,,none,28.30706024169922,1.472516692688883,0.4254721988319429,0.3888639626897259,0.3759603127934618,0.6256451177465732,0.977302494334185,1.3770340547743536
gaussian_medium,1.0,44,32,True,,none,28.9281005859375,1.6672310060941848,0.3670457717587931,0.24748300977504956,0.07267467675927274,0.6116918512667106,0.9932098063694419,1.4905433801006442
gaussian_medium,1.0,44,33,True,,none,29.10944938659668,1.8741202771854586,0.3489819365883713,0.08615109078617195,0.5147217126470879,0.5557223608323432,1.4717332864074273,1.7817635632713416
gaussian_medium,1.0,44,34,True,,none,28.52783203125,1.7870270585630483,0.5508516466802859,0.18877835054654385,0.652448166169392,0.22615901137797392,0.8376640599953684,1.3765368788336176
gaussian_medium,1.0,44,35,True,,none,28.2768497467041,2.0057366626684123,0.376992282842642,0.18401930512723202,0.2404367169976942,0.691499488064935,1.3752640455587322,2.0057366626684123
gaussian_medium,1.0,44,36,True,,none,29.253549575805664,1.527151153629637,0.7840645190962525,0.20926099714824756,0.7860482386351334,0.7304832755120721,0.9558360794612459,1.3296794775150589
gaussian_medium,1.0,44,37,True,,none,28.986637115478516,1.6573501859894282,0.22952251523217113,0.39190276296263915,0.3589855689305636,0.6802161444761518,1.2103153487354734,1.2254915139648066
gaussian_medium,1.0,44,38,True,,none,28.76839828491211,1.602942680765175,0.6278054028076365,0.5391779186165585,0.29648945458115783,1.02414049214326,1.3176738142380124,1.5548670887771494
gaussian_medium,1.0,44,39,True,,none,28.384729385375977,1.7818660099827652,0.1297109015867816,0.0837392482660946,0.2089210620379956,0.35668948500293934,1.3805291891859555,1.2199805564169572
gaussian_medium,1.0,44,40,True,,none,28.973709106445312,3.043442114807867,0.5438146354111614,0.21906663639567497,0.18917284146364377,0.71230455857645,1.4486889929318365,1.4790517052856962
gaussian_medium,1.0,44,41,True,,none,29.810001373291016,2.250416502749603,0.19121080335254703,0.07344205231696112,0.08563094221678873,0.2684841576284534,1.416012348463267,2.0106037332920312
gaussian_medium,1.0,44,42,True,,none,28.331256866455078,1.8198413808457865,0.21289703767019832,0.18134844112888895,0.2094293966817192,0.38004971325854225,0.8336746691426964,1.392427848673146
gaussian_medium,1.0,44,43,True,,none,29.1524658203125,1.898307590727506,0.13206509645447423,0.19938647697269535,0.07582440653504798,0.22865340881491167,1.1353663025584977,1.457166092258044
gaussian_medium,1.0,44,44,True,,none,28.76565933227539,1.7380328259913496,0.3738398580723616,0.1670493200291575,0.40297295389623555,0.45640936116246433,1.5168883177157662,1.5443216459121187
gaussian_medium,1.0,44,45,True,,none,28.820602416992188,1.8422234904020525,0.45885364285764824,0.12348766454726656,0.20895219085789637,0.47732881331404126,1.4467309544465696,1.6640168094340668
gaussian_medium,1.0,44,46,True,,none,28.37009048461914,1.7164037052669525,0.394605742774788,0.12158797717776128,0.09315639223524606,0.1043854325047614,0.9435478236062032,1.5082982220774719
gaussian_medium,1.0,44,47,True,,none,28.433429718017578,1.9936330267567508,0.7062131863922514,0.18657874071014047,0.09197619947072275,0.20718060674654515,1.5967240676957943,1.929677282435228
gaussian_medium,1.0,44,48,True,,none,27.996891021728516,1.713183773400595,0.38714575061997836,0.13610026155869442,0.17516927311221753,0.5575432966666553,1.1626608691687814,1.5571290224333443
gaussian_medium,1.0,44,49,True,,none,28.759916305541992,1.7440788449423537,0.49200207356938364,0.73763574994319,0.21073212908250377,0.6547711045300394,1.4000127729385548,1.7440788449423537
drift_medium,1.0,44,0,True,,none,27.15317153930664,1.8989085020768242,0.4372204402105197,0.3076288994963517,1.0491072177348464,0.4596498944611305,1.3878992825986483,1.3862741729922388
drift_medium,1.0,44,1,True,,none,26.560142517089844,1.5942544775697236,0.36765697357011695,0.3563513293519653,0.18338686952202674,0.7555839893200319,1.5236089759665998,1.5942544775697236
drift_medium,1.0,44,2,True,,none,27.86201286315918,2.0636728041416177,0.16492117829923583,0.3223794740868869,0.27338373004400757,0.34282919096899955,1.808019605444871,1.9470033824635011
drift_medium,1.0,44,3,True,,none,27.034482955932617,1.8152267655305767,0.46841193592431357,0.49468318413457957,0.15574977521796501,0.7033952902709514,1.4408252365350913,1.4674989757737225
drift_medium,1.0,44,4,True,,none,43.12149429321289,2.8960694125689637,0.3293998428464798,1.021997921408149,0.1253600060034715,0.3041067341837401,1.3446142764892235,1.6144018627622039
drift_medium,1.0,44,5,True,,none,28.8478946685791,2.4631196466862644,0.4157660182245861,0.3447972655942973,0.4728743625288747,2.0949087565720217,1.359081452375002,2.4029783092375823
drift_medium,1.0,44,6,True,,none,26.629858016967773,2.07809309814076,0.4175111225889136,0.24579924374924994,0.36494511890585557,0.7347236516884383,1.4586878876333684,2.0424290304691852
drift_medium,1.0,44,7,True,,none,26.590377807617188,2.182590702673575,0.6325632311313147,0.09657934949207332,0.4219129780171609,1.1235581317128929,1.6244727970913928,2.0934758965605305
drift_medium,1.0,44,8,True,,none,26.609643936157227,2.016163831408666,0.266488444206226,0.28132901467312527,0.46031397500681487,2.016163831408666,1.1676701931433853,1.4417769744432418
drift_medium,1.0,44,9,True,,none,27.834598541259766,3.342184530247735,0.4662408290613369,0.11378304945930097,0.4550728805257971,0.8709539876342954,0.9540940723901781,1.3521836465173218
drift_medium,1.0,44,10,True,,none,28.93531036376953,1.904172421434466,0.6705044242492728,0.3144516559023881,0.28974954731308955,1.230202307962814,1.5453880787093983,1.904172421434466
drift_medium,1.0,44,11,True,,none,27.477882385253906,2.3449064260906893,0.4191271869537087,0.35389916478455247,0.38083223062191307,0.9169808488830218,1.6253468127059076,1.474167801055801
drift_medium,1.0,44,12,True,,none,29.390907287597656,1.9877165095756806,0.17996896260889853,0.4138320021951401,0.5293371871039969,0.9592782526546252,1.1798980418725358,1.6638678727394371
drift_medium,1.0,44,13,True,,none,28.06509017944336,1.9231941590686559,0.5419560365322535,0.2868853406684701,0.2241026029756233,0.9516185192909419,0.8907640306595207,1.5957847273638153
drift_medium,1.0,44,14,True,,none,26.6531925201416,2.088157202695197,0.30100931095405054,0.2942078144015722,0.41843819685321293,1.219125245243902,1.2780866507958517,1.421485959748552
drift_medium,1.0,44,15,True,,none,27.820985794067383,1.915260081527905,0.44310770277392414,0.34039967124285925,0.4489894403284085,0.34355791179577333,1.2944106034050207,1.915260081527905
drift_medium,1.0,44,16,True,,none,26.51059341430664,1.9654573964986748,0.5074304681764018,0.8534871267354576,0.4210489882847282,1.4956236771226656,1.188560400218793,1.9654573964986748
drift_medium,1.0,44,17,True,,none,27.21668815612793,1.920057834510441,0.603249985637111,0.10485263660451623,0.1793465778464171,0.9077525684508643,1.0807563228548511,1.757475505742412
drift_medium,1.0,44,18,True,,none,27.237934112548828,2.598073400566894,0.37392752519514194,0.3368693745463687,0.24164455597655693,0.20835670513759197,1.468431939885512,2.4681179810597373
drift_medium,1.0,44,19,True,,none,28.686229705810547,2.2125748442644575,0.1412924930092278,0.30217996185852647,0.3347193682639812,0.41200447254461464,1.9597412630303939,1.5001841834080938
drift_medium,1.0,44,20,True,,none,26.956218719482422,2.0681315803798848,0.34028852076885197,0.3703965329553439,0.3898417336321855,0.5387797967194272,1.2795401534607698,1.2965225639783022
drift_medium,1.0,44,21,True,,none,25.88444709777832,2.360279723955964,0.42563555420927307,0.3815492119142136,0.3374887670337225,0.6155205804546606,0.9897153643832608,2.3509221513814547
drift_medium,1.0,44,22,True,,none,28.543067932128906,1.9969270678745668,0.3939579246191142,0.4474040930991526,0.655707767112376,0.7365582900733736,1.5433702536040887,1.8279981457128824
drift_medium,1.0,44,23,True,,none,29.814741134643555,2.440422357493238,0.3767414442239607,0.26722544908533136,0.3251964954937373,0.2937491323584942,1.3003038397019528,2.1294855446360144
drift_medium,1.0,44,24,True,,none,49.369319915771484,2.504250259960611,0.39528566219079464,0.3692441875702761,0.2779540827638797,0.9505832623633014,1.1219597274710655,1.5491620200150487
drift_medium,1.0,44,25,True,,none,29.241952896118164,1.8922744646240908,0.2903704797462168,0.8112026122243589,0.2171877220280047,0.9672998671697998,1.1939874472106327,1.603564444626584
drift_medium,1.0,44,26,True,,none,26.57289695739746,1.7167646403870636,0.4251948424490892,0.5327154128550952,0.6587222549830778,0.766576675952071,1.2088881981611748,1.5959003525290358
drift_medium,1.0,44,27,True,,none,26.214929580688477,1.9400030872308964,0.2151629846892762,0.4778629809626061,1.2762263413443422,0.5108508380588481,1.1195670799145048,1.757686344026973
drift_medium,1.0,44,28,True,,none,26.097774505615234,2.0241770296515433,0.35159747173157074,0.18774920533986594,0.325605993738079,0.8724176997120162,1.3631033874897105,1.6451175138901095
drift_medium,1.0,44,29,True,,none,46.62729263305664,3.169875984844717,0.5723121881244219,1.2288909437160254,0.1252067204358967,0.5434358104222496,1.3339198007079942,2.055768374786084
drift_medium,1.0,44,30,True,,none,28.655120849609375,2.180489798842565,0.20373883097870957,0.17262525916100277,0.13513796794643837,0.5659629006312271,1.4014302802362868,1.4502445722263448
drift_medium,1.0,44,31,True,,none,27.90267562866211,2.1531509693840527,0.2783816704991275,0.21676975955138433,0.41065894427555133,0.8534066242165872,1.206342146344541,2.047614291999751
drift_medium,1.0,44,32,True,,none,28.311521530151367,2.438185591534165,0.5503684330687433,0.10273196452943975,0.1248479528295862,0.3760614178890551,1.057687760118252,1.396243401811322
drift_medium,1.0,44,33,True,,none,27.33817481994629,1.9202119636891692,0.3670247144931597,0.36904679319595973,0.3805822125571457,1.1077557536551914,1.5274277157650873,1.1793175003012977
drift_medium,1.0,44,34,True,,none,26.512399673461914,2.1175948945432284,0.44005527627217716,0.3423667228340605,0.40700572258685436,0.20288703754995963,2.003400858853823,1.5183052336681298
drift_medium,1.0,44,35,True,,none,28.517913818359375,2.5869579232509494,0.2598082125663252,0.33357792898483535,0.6015889318202845,0.9768960687261442,1.1539844527463972,1.4932486417384965
drift_medium,1.0,44,36,True,,none,26.06525230407715,1.7814331753936328,0.7569201940033927,1.1116249781871033,0.3819560159803373,0.9209278359681602,0.8491961842679904,1.7814331753936328
drift_medium,1.0,44,37,True,,none,55.62763214111328,2.2338521221630687,1.1327281184617501,0.12966236103763495,0.27919663505031117,0.9114469882626055,1.6301951347660775,1.5994382582537463
drift_medium,1.0,44,38,True,,none,30.80449867248535,1.805545884539375,0.23347243101122778,0.12502074252654222,0.6598367360309958,1.3892398729122746,0.7603113990454606,1.5042741674086202
drift_medium,1.0,44,39,True,,none,26.636478424072266,2.364310480788782,0.4242844026078354,0.5078082427199728,1.473145762991584,1.0808617812502153,1.2032286213195105,1.4274844491618128
drift_medium,1.0,44,40,True,,none,27.328500747680664,1.8017761973696977,0.3697784812542714,0.42196210381012667,0.5101936473731259,0.5564085037114148,1.4234562359554852,1.4813147428810718
drift_medium,1.0,44,41,True,,none,31.028873443603516,2.3440728835155147,0.3434553929943159,0.3630543843831473,0.2018951165828598,0.29354179490450655,1.250334386967907,1.53613862886673
drift_medium,1.0,44,42,True,,none,25.871252059936523,2.166318650473637,0.2427049710776653,0.2521845618539346,0.5565087525119953,1.1106595984920957,1.3974565661766416,1.9852926615306161
drift_medium,1.0,44,43,True,,none,26.912269592285156,2.2226724125899273,0.47103644167375713,0.43037097926482587,0.3259179155537497,0.6815496634668727,1.297092797729948,1.6253319829773079
drift_medium,1.0,44,44,True,,none,52.90785217285156,3.0140040724412747,0.1896808018134992,0.6081182482359833,0.2170797543843284,0.45374730245973277,1.6108336253361453,1.890218510961876
drift_medium,1.0,44,45,True,,none,36.52985382080078,2.770116896176602,0.41458864083761326,1.9489155927822037,0.07958604529032787,0.6279051688535635,1.1985414582112008,1.6426439636421615
drift_medium,1.0,44,46,True,,none,27.858552932739258,2.9001297330220126,0.40145252037383783,0.3520597464759295,1.2221052837628923,0.9975648340333254,1.353237113428833,1.8319524512054535
drift_medium,1.0,44,47,True,,none,27.916696548461914,2.6093408664251405,0.48157051295640985,0.3456536545455676,0.39851943613450014,0.7095178503646212,1.3816345669020198,2.0553856666638004
drift_medium,1.0,44,48,True,,none,26.119016647338867,1.9026555917871213,0.5547082153550493,0.4258205987547354,0.8978983625339628,1.0303535936343178,1.331219711944235,1.4857086967077862
drift_medium,1.0,44,49,True,,none,26.963024139404297,2.6150114475009487,0.47721923789556,0.1766114332690095,0.26087842725362337,0.5100689899387273,1.388427778484775,1.6840966737267222
burst_medium,1.0,44,0,True,,none,28.51105308532715,1.589724069481106,0.3586465644489643,0.16336650009709416,0.4266163458567056,0.6356614300440094,1.1045258927766723,1.516576672786799
burst_medium,1.0,44,1,True,,none,28.046737670898438,1.6814157517817503,0.2334631086665198,0.05287440435934753,0.07619664193465613,0.9918246236322025,1.011012339573593,1.276258942103386
burst_medium,1.0,44,2,True,,none,29.727022171020508,2.3180127841809552,0.7321760060000236,0.21322755739316687,0.1537284279355379,0.3802039330355774,1.2372869823148136,1.805179307325303
burst_medium,1.0,44,3,True,,none,27.385713577270508,1.6504537872174583,0.3962721403472456,0.061509351035185185,0.21877400116397855,0.31408373112795496,1.107482758227399,1.5922462558704698
burst_medium,1.0,44,4,True,,none,27.289079666137695,2.1008465458536643,0.13234403372013673,0.12153977264436663,0.18185845515372168,0.2188912579956627,1.3572277762343912,1.5135445665801328
burst_medium,1.0,44,5,True,,none,27.810035705566406,2.0646356296012023,0.22279217256002573,0.043764795207958104,0.10602830218800464,0.18224511658772197,0.9466422498651487,2.0512662223147986
burst_medium,1.0,44,6,True,,none,29.313371658325195,1.7655411434244097,0.4413524227019688,0.5602402174796597,0.600636222121346,0.5579702413775782,1.0745736625453615,1.7655411434244097
burst_medium,1.0,44,7,True,,none,28.718097686767578,2.2748261657497815,0.41092540987719156,0.3289855195628005,0.5369824001355851,0.34414872508063776,1.5326110863087965,2.179441670343764
burst_medium,1.0,44,8,True,,none,27.461803436279297,1.8674055620348329,0.42400543958036574,0.04332563709822118,0.09616863563436101,0.15198805629464449,1.1340833024480763,1.4372193643326252
burst_medium,1.0,44,9,True,,none,27.168397903442383,1.7543201815546934,0.3794313219107302,0.2466749369192796,0.0968488638476705,0.2770385031571571,1.551154719708784,1.7543201815546934
burst_medium,1.0,44,10,True,,none,28.144187927246094,2.000678371502752,0.4912195504311434,0.07087421901211799,0.13259352066787003,0.1873050130727886,1.2188184943449072,1.6325390361844467
burst_medium,1.0,44,11,True,,none,28.2242431640625,1.6694101649542072,0.8627470569694654,0.31915434382536684,0.6904684634613895,0.7700133953942278,0.8772781966105327,1.379886208310676
burst_medium,1.0,44,12,True,,none,28.70404052734375,1.8272177874435889,0.22887065988098101,0.05648349116774815,0.13167961880889553,0.9896692818522653,0.8995543051377836,1.8268125436356066
burst_medium,1.0,44,13,True,,none,26.752931594848633,1.654119573758868,0.3409786559431531,0.2332705184072909,0.0626904110478682,0.2872442301766033,0.9431085574283259,1.237351985216196
burst_medium,1.0,44,14,True,,none,27.723146438598633,1.5344499536705452,0.3787409530444093,0.07214685120786239,0.0835979110835547,0.1175802307710158,0.871570878917391,1.5344499536705452
burst_medium,1.0,44,15,True,,none,27.661405563354492,1.7337122708064114,0.34473542748047264,0.16542599906095554,0.1536686274331447,0.41879363039811035,1.1929566309226656,1.5979951872416358
burst_medium,1.0,44,16,True,,none,28.4185791015625,1.8796468764040974,0.308092983766512,0.07480642888137175,0.2139149299180261,0.4766094874357759,1.0297333072626176,1.3633787774014139
burst_medium,1.0,44,17,True,,none,28.100133895874023,1.8056091988044256,0.3515861340945734,0.0674346101920599,0.0951142516534919,0.19794572884364792,1.5657463899841009,1.4936301622277899
burst_medium,1.0,44,18,True,,none,28.7441349029541,2.517703521538055,0.5169163998414061,0.2676848590823699,0.06794619535292427,0.42199599809435434,2.517703521538055,1.9899275647168533
burst_medium,1.0,44,19,True,,none,28.94182586669922,2.2705976462096773,0.3138375014005358,0.03668314322687519,0.08317631998894146,0.32703379585654613,1.524429225735512,1.6455368092952523
burst_medium,1.0,44,20,True,,none,28.116790771484375,2.0532678352208573,0.32287290981328826,0.20931419685661506,0.19154826292610602,0.6134059512097527,1.8378710739507977,1.713015624373477
burst_medium,1.0,44,21,True,,none,27.9777774810791,1.8348139997300572,0.27583532821301315,0.19362798028485614,0.1620925195776633,0.5001979222625529,1.4982048224924676,1.5914127969289644
burst_medium,1.0,44,22,True,,none,27.520950317382812,1.4645295701404442,0.267856039424253,0.05735001404135018,0.1499749132270064,0.9536671738506202,1.1648400867399815,1.4526203415718404
burst_medium,1.0,44,23,True,,none,27.927949905395508,2.152603135285799,0.3450642873110134,0.24556333839824865,0.4634915117941769,0.6942761651215553,1.0467092790336143,1.4243582634883594
burst_medium,1.0,44,24,True,,none,27.461042404174805,1.8948442380724007,0.3474732885434454,0.08542023188222134,0.1047077037713092,0.2615315347312956,1.0366674360637644,1.3076721302660164
burst_medium,1.0,44,25,True,,none,28.317745208740234,1.7806857762478225,0.3259200061266378,0.12154256601277025,0.5220255985809599,0.4577285413589844,1.7806857762478225,1.7363031236992001
burst_medium,1.0,44,26,True,,none,28.105602264404297,1.926061774676251,0.35480295492308783,0.2030842911891579,0.14414332419938222,1.1227060857115592,1.0986977216386669,1.9062215522359967
burst_medium,1.0,44,27,True,,none,28.609577178955078,1.981484847636056,0.17696812289268796,0.2520561150780033,0.40336175580663197,0.7521936991912557,1.050103026462108,1.981484847636056
burst_medium,1.0,44,28,True,,none,28.93724250793457,2.38539823727601,0.5079031739553278,0.1828378739529245,0.16467329984852822,1.355186386231844,1.1858221802452167,2.31407387657811
burst_medium,1.0,44,29,True,,none,28.733049392700195,1.6017247863314221,0.6382339941424409,0.27537232736950246,0.09969819574478414,0.7154508704348272,1.0010042284050853,1.6017247863314221
burst_medium,1.0,44,30,True,,none,27.290128707885742,1.5673914341204604,0.25656863658109924,0.08739917044843805,0.11812743874133938,0.9279219938600716,1.020107850024195,1.1858244130586406
burst_medium,1.0,44,31,True,,none,28.13934898376465,1.7239147665137304,0.12592602055740115,0.07849881988688485,0.12859844842804707,0.21489892344064693,1.4436918245623453,1.7069403502616454
burst_medium,1.0,44,32,True,,none,27.616058349609375,1.806943527417478,0.16578892729951308,0.14707920828638454,0.05673489657671106,0.18254376938300726,0.886299866145679,1.454626704295868
burst_medium,1.0,44,33,True,,none,29.38477325439453,2.2848003608074814,0.18691641021898808,0.16043178682495188,0.14949256915880632,0.3663723355802387,1.373414882133882,1.97155403194409
burst_medium,1.0,44,34,True,,none,28.539443969726562,1.9046474980862869,0.6396431882887971,0.18220315349661168,0.3115639539124775,0.8415222674347078,1.3220149485368644,1.7209852855403258
burst_medium,1.0,44,35,True,,none,28.0974178314209,1.7642716504783496,0.2991929871877358,0.08252242507757368,0.24441477971175712,0.8726307511797081,1.2044189288819673,1.7642716504783496
burst_medium,1.0,44,36,True,,none,29.28188705444336,1.706050790102364,0.7974791089039394,0.24994123798539727,0.19992217994713057,0.5178475052641298,0.9231953545127659,1.706050790102364
burst_medium,1.0,44,37,True,,none,28.38373374938965,1.7786515351845789,0.7043636971285133,0.810541723722583,0.14697575228536475,0.7020259832838068,1.0598951707338455,1.1546713664875186
burst_medium,1.0,44,38,True,,none,44.698486328125,2.910430996579649,0.563797686789597,0.7481747241207541,0.126741623580523,0.3818347549793787,0.9463768793359408,1.2451448233326226
burst_medium,1.0,44,39,True,,none,28.458263397216797,1.7186856370536678,0.26809092186426153,0.09688428338317563,0.4017493468482744,1.1228863633908208,1.1398710086443016,1.4754543944241727
burst_medium,1.0,44,40,True,,none,27.191530227661133,1.9838986719786127,0.11143542790740796,0.0773236566680232,0.07998734362514429,0.1624557404055151,1.9130381303226467,1.8206038586419144
burst_medium,1.0,44,41,True,,none,29.582698822021484,1.910373567768184,0.6809339274607609,0.19972985906236246,0.1434769349110076,0.707151116505456,1.179620390790508,1.910373567768184
burst_medium,1.0,44,42,True,,none,27.75091552734375,1.947251389648819,0.1443827201018069,0.22476394725013107,0.40870333579981605,0.6245605680834767,1.3998660881217069,1.3640549020614559
burst_medium,1.0,44,43,True,,none,55.33536911010742,3.1086334058988174,0.6794256984728803,0.41572972044020956,0.1625070251150275,0.21163768729936555,0.9557637252472782,1.6668578284159883
burst_medium,1.0,44,44,True,,none,27.746788024902344,1.5306301576261265,0.37564069682287105,0.10249059996643212,0.5083026518232342,0.43496900145754885,1.0825008036860466,1.5306301576261265
burst_medium,1.0,44,45,True,,none,29.429166793823242,2.059309785012551,0.1206944891157743,0.21417011939163474,0.615816459911498,0.7846534565376441,1.269566856677718,2.049263798290796
burst_medium,1.0,44,46,True,,none,28.912826538085938,2.025819609664708,0.43772706775982523,0.17119987285868016,0.10715844465811313,0.9624604409314192,1.479804568740679,2.025819609664708
burst_medium,1.0,44,47,True,,none,26.991594314575195,2.652697236303417,0.2944806397365722,0.25528301823368676,0.09435643620421812,0.7933817899605979,1.7843501232380874,1.9822001637991922
burst_medium,1.0,44,48,True,,none,28.25331687927246,1.8879397351045886,0.2801975966605706,0.21005614378575566,0.2588677971946992,0.6037765106883797,1.6966892957101245,1.7878351713824063
burst_medium,1.0,44,49,True,,none,28.71764373779297,1.9398691233841674,0.2914537421302844,0.13121141797376396,0.2047346553183903,0.5173902274556811,1.5689266429733497,1.9268208641294093
bias_medium,1.0,44,0,True,,none,30.045303344726562,2.589532865958082,0.5462816152011744,0.23917401303756144,0.7114130004092148,0.6249804750763968,0.8805620109059719,1.4154890903576829
bias_medium,1.0,44,1,True,,none,29.42474937438965,1.7412708318394616,0.4150288202941906,0.5618233550684213,0.4774935179663263,0.8240937916722938,0.8978939626647789,1.5094255422424392
bias_medium,1.0,44,2,True,,none,49.51144027709961,2.8435788741953107,0.1834743010688459,0.695069840180826,0.05043163151124492,0.9588424994440153,2.296959472912821,2.3898304815650397
bias_medium,1.0,44,3,True,,none,42.67302703857422,2.3551146064028066,0.518192012511946,0.6486961009595622,0.1500913029657042,0.638843728893226,0.9413837207650734,1.830272949384269
bias_medium,1.0,44,4,True,,none,27.638822555541992,2.598034173619056,0.27587215305288443,0.32771901048947394,0.6609138045591074,0.7086684979641129,1.58156420628706,1.5632042168434668
bias_medium,1.0,44,5,True,,none,29.84578514099121,2.4672633964674793,0.4249118200483717,0.4110142908303355,0.8727296021766408,1.1330502729702454,1.2510508596812961,1.5685730782762681
bias_medium,1.0,44,6,True,,none,27.46523666381836,1.9317905558590178,0.4580313225807663,0.07990565258517325,0.7274280324736268,0.49473707643641246,0.8853383022125243,1.3882166820915542
bias_medium,1.0,44,7,True,,none,27.224458694458008,2.414121068262038,0.5866432869036686,0.34571830063976733,1.2678314585080122,1.5817773921401441,1.3560025898422632,1.3951180544076929
bias_medium,1.0,44,8,True,,none,56.997371673583984,2.7538135097906555,0.3141029496546595,0.20106436247922418,0.23482684522438654,0.6170010917279909,1.300888517377512,1.634040854989029
bias_medium,1.0,44,9,True,,none,28.882984161376953,2.064783084303855,0.5071211411750154,0.2804403005514168,0.6836600327176036,0.7481078581913595,1.1440212062700692,1.8211883808844933
bias_medium,1.0,44,10,True,,none,28.806917190551758,1.7243972536767205,0.6257855647915851,0.23390905257402259,0.5169058664629708,0.4565432643820492,0.966979148105075,1.4056613177258925
bias_medium,1.0,44,11,True,,none,29.184724807739258,2.2102378361579422,0.46673046743753815,0.8192286883131162,1.4537434291394966,0.20778290941742372,1.1939539322378117,1.4299836368507253
bias_medium,1.0,44,12,True,,none,32.31135559082031,3.474749818923706,0.2495811063647279,1.4794468455803729,0.15035157650947345,0.3863146539731924,1.053254378359432,1.8171234557720108
bias_medium,1.0,44,13,True,,none,25.609909057617188,1.6284181456199076,0.4659521031470012,0.14618003091504242,0.5618689470429449,0.5071678562177324,0.912140933146338,1.3685705849070047
bias_medium,1.0,44,14,True,,none,28.877910614013672,1.7540386000260297,0.3223527053767611,0.20309241535450587,0.4847050641776191,1.3602054671939428,1.1716816350725803,1.7540386000260297
bias_medium,1.0,44,15,True,,none,30.417247772216797,2.528093376826096,0.48365312221450957,0.43153164631470725,0.4458069265097845,0.49427618979055155,1.3116478809422853,1.4810197021688847
bias_medium,1.0,44,16,True,,none,30.23393440246582,2.364762032847616,0.5972782045163212,0.2767052999023974,0.5042532939285944,1.0252139379573764,1.2049802961667313,1.686855747996276
bias_medium,1.0,44,17,True,,none,34.03076934814453,2.9607187031928635,0.5623789669560332,1.4987683588658518,0.11001644687609921,0.8984132600681726,2.112698801414511,2.7775195401132247
bias_medium,1.0,44,18,True,,none,28.038436889648438,1.9109243206864508,0.40448386637757394,0.384828477973266,0.2964106396505655,0.3696888979781518,1.471220093100344,1.8835227431067139
bias_medium,1.0,44,19,True,,none,27.894821166992188,2.469616431872903,0.16299588352113056,0.11602066824682343,0.33882200530228235,1.091165161961277,1.337125607387613,1.5933066157502098
bias_medium,1.0,44,20,True,,none,26.813125610351562,2.2579836902186634,0.40290967367413805,0.9755048254512492,1.1867747228935652,0.710060916893915,1.068744798464018,1.4021067607082232
bias_medium,1.0,44,21,True,,none,26.08769989013672,1.9329483503583562,0.41946854263219624,0.33863338180948377,0.39503230446043214,0.5921586767793409,1.1772227483148165,1.2928254940962634
bias_medium,1.0,44,22,True,,none,30.440383911132812,2.4380860515817235,0.5205393113197986,0.4541129345778141,2.4380860515817235,0.2964308989933603,1.38018756467661,1.4195476063281725
bias_medium,1.0,44,23,True,,none,28.049440383911133,2.7773138978464154,0.3439868234682656,0.1866036812644499,0.8534997707507976,0.48690926772797744,2.240413176188517,1.6591877530922945
bias_medium,1.0,44,24,True,,none,30.737089157104492,2.9769402447355757,0.4101287384826017,0.5304288453911935,0.25819864714991847,0.5636934011947443,1.3465078912986113,1.3555833385979512
bias_medium,1.0,44,25,True,,none,30.23714256286621,1.5615632130376023,0.3080463009971791,0.3329925166288661,0.5424374861098086,0.794931057145491,1.3575410785671127,1.5615632130376023
bias_medium,1.0,44,26,True,,none,44.700286865234375,3.0988991215251223,0.37608204358320124,0.7051875929142765,0.06598508876006652,0.3719494975273648,1.3813876919354398,1.6469575034634183
bias_medium,1.0,44,27,True,,none,29.259965896606445,2.4074091967325946,0.312592109557681,0.44029079926545195,0.10489514951934224,1.1690333446998715,1.0884193672038147,1.3107477020804474
bias_medium,1.0,44,28,True,,none,28.28837776184082,1.9513803027926546,0.4185998696272058,0.21851195015376632,0.3714706673407916,1.0939405036501244,1.203285726644633,1.5163696790209689
bias_medium,1.0,44,29,True,,none,30.70376205444336,2.788463180972829,0.5653799851166166,0.19177356763070366,1.1127541035195117,0.6861000138473488,1.1087761139374301,1.5424068082920193
bias_medium,1.0,44,30,True,,none,28.594890594482422,1.5656246359510868,0.3027676247100846,0.06635549255307194,0.605312185586836,0.8087826470757947,1.3713666552699257,1.552404302218011
bias_medium,1.0,44,31,True,,none,27.45334815979004,2.62627361217209,0.2625596359163709,0.20034871867636442,0.2953038405201169,1.1129077620749057,1.2734111738548064,1.8709518710348048
bias_medium,1.0,44,32,True,,none,36.888832092285156,3.450017802748079,0.677562100369505,0.12331884506545081,0.15175571048416964,0.796567925864957,1.0703591494611147,1.4606155631728968
bias_medium,1.0,44,33,True,,none,28.055105209350586,2.5326765909666498,0.3747958928370188,0.5034743328014065,0.4171611583045296,0.7549269320567363,1.761886530446902,2.286963042476912
bias_medium,1.0,44,34,True,,none,26.745656967163086,1.813390287353814,0.4171251939813668,0.07567799660413758,0.13297307518277163,0.5604004826881505,0.8860899327306576,1.5086177514425365
bias_medium,1.0,44,35,True,,none,29.73365592956543,2.1315147972552606,0.4187373860286858,0.23062874222325072,0.527130131826616,1.1982934926248279,1.3353194196170626,1.661137780886347
bias_medium,1.0,44,36,True,,none,29.22269058227539,1.741514819231797,0.9412203619365709,0.6695911102458314,0.7858761766404789,0.47397903453306023,1.4201868533868462,1.684212875295581
bias_medium,1.0,44,37,True,,none,28.470809936523438,2.4961811317431604,0.8442970915191963,0.7577859733116639,0.33543401023620845,1.5084999548681761,0.8424018547919848,1.4647262851811307
bias_medium,1.0,44,38,True,,none,50.075313568115234,2.5978219929220114,0.271994744852438,0.2512858176340929,0.1296555771364394,0.24659095951757445,1.5685294847266538,1.6279380930530185
bias_medium,1.0,44,39,True,,none,28.479236602783203,2.037114245141298,0.4616189812768174,0.2615912416181175,0.4817463062558901,1.1070351294646512,1.3459708335719849,1.4572466274509672
bias_medium,1.0,44,40,True,,none,26.495134353637695,2.653087110947109,0.3134509832774045,0.17219554077827734,0.21795645432731223,1.2677737975349543,1.3129036038236355,1.4116998144708663
bias_medium,1.0,44,41,True,,none,27.115230560302734,2.543204561900028,0.31890723243079205,0.28026260819865345,0.4103425771949195,0.5809965484965428,1.5737226384203171,1.9936883274024078
bias_medium,1.0,44,42,True,,none,26.996740341186523,2.2968880735347574,0.28265536441822703,0.4711698270305712,0.6677289307441971,0.4415908424257566,1.4265351999324911,1.887315377920516
bias_medium,1.0,44,43,True,,none,26.859079360961914,3.2999972922603455,0.4127905085899874,0.18906189029210332,0.2781081723154721,1.2511238979732335,1.2226558455637317,1.4868891533768354
bias_medium,1.0,44,44,True,,none,27.07783317565918,2.0708715587275934,0.1880739349415827,0.33986724328125617,0.16888052542063658,0.95931877703861,1.4851391002286802,2.0429624732586573
bias_medium,1.0,44,45,True,,none,30.69300651550293,2.0087986712185266,0.5228366294725982,0.5755855332788344,0.4874928585379152,0.8228135182954274,1.451582482598482,1.9189434728243153
bias_medium,1.0,44,46,True,,none,28.843896865844727,1.742970018947574,0.5330199137993508,0.3294126114501424,0.6998866357598658,0.890658088482466,1.6218107777577586,1.6459995567857415
bias_medium,1.0,44,47,True,,none,30.38144302368164,2.658152316991567,0.5136327006641399,0.24774343934344173,1.0329054800365214,0.8055257761691424,1.1745676197541175,2.221378251904663
bias_medium,1.0,44,48,True,,none,26.64182472229004,1.7612230210199222,0.5264607575186222,0.5204577231364823,0.137168886039581,0.8657909845197206,1.3099284527097155,1.2998440520920098
bias_medium,1.0,44,49,True,,none,29.51902198791504,2.564625640748108,0.5048533924369478,0.4099050393769482,0.4147084617078186,2.564625640748108,1.1022079976016461,1.4010625518897764
jump_medium,1.0,44,0,True,,none,31.492067337036133,1.9300861712844706,0.5305815762747953,0.3559600913453061,0.9365906116870293,0.6672765611054668,0.9818223314664909,1.4375517557491053
jump_medium,1.0,44,1,True,,none,28.263463973999023,1.6232468277651468,0.3330547698527599,0.3384951077111232,0.44905940859533505,0.8975800581934203,1.020894467280345,1.6232468277651468
jump_medium,1.0,44,2,True,,none,27.279796600341797,2.1663785014166494,0.28545557554828893,0.10815689077364633,0.7126279035457133,0.6295841667729296,1.1384502697665493,1.4581792993872664
jump_medium,1.0,44,3,True,,none,28.613990783691406,1.7690764630774942,0.3191440660221946,0.18042219459703282,0.4006561725133099,0.9074483395448916,1.2150518062827793,1.5260931697792706
jump_medium,1.0,44,4,True,,none,28.211301803588867,2.1329049780087375,0.3032581300850459,0.3333475445651873,0.23607546529279927,0.6993607969156203,1.3647560921626942,1.5955700923790987
jump_medium,1.0,44,5,True,,none,28.89335060119629,1.855055271655753,0.45918834651202645,0.20647133595112652,0.10097544499001594,0.4903510014597441,1.1264092511101405,1.855055271655753
jump_medium,1.0,44,6,True,,none,27.7061710357666,1.9246935665989622,0.4647365399278892,0.26383205509205526,0.38547185550843777,0.8744448624690904,1.8558075368099334,1.6893926565564235
jump_medium,1.0,44,7,True,,none,28.079992294311523,1.7448262628890494,0.1912415857076788,0.21642513858973406,0.3560672244918205,0.9858612467115583,0.9814904238680765,1.7448262628890494
jump_medium,1.0,44,8,True,,none,30.153514862060547,1.5813748358644404,0.21902250037324061,0.05792754019365512,0.06713601574109583,0.7183653665782174,0.9601219032492686,1.5813748358644404
jump_medium,1.0,44,9,True,,none,48.50395202636719,2.6533096452621003,0.4555158688381154,0.32028383505314706,0.2075270283969617,1.2930682258713886,1.2135994766658866,2.071991515399083
jump_medium,1.0,44,10,True,,none,28.777509689331055,3.0643464994387886,0.3081192579268309,1.4255783466016712,0.3989605866685902,0.5044485303641142,0.9441528524558976,1.6594287237209302
jump_medium,1.0,44,11,True,,none,27.845876693725586,1.6288363972816629,0.371910943013158,0.15378909058817145,0.16024859945942674,0.5899196417610415,1.3935548484099305,1.6288363972816629
jump_medium,1.0,44,12,True,,none,29.069162368774414,2.2072060901648762,0.2996721332491918,0.2733001507901602,0.3541336911173965,0.446940859692323,1.2243186077443333,1.4705384076831605
jump_medium,1.0,44,13,True,,none,27.920541763305664,1.587908515151534,0.48455228287343055,0.12252578809800575,0.11007478935385694,1.1322077304242568,1.2073557415551253,1.466881932999805
jump_medium,1.0,44,14,True,,none,27.96237564086914,1.5928651977427364,0.2933290276186657,0.23857807576256146,0.2127197523164187,0.8558846998492055,1.5736812880143816,1.4688173557708444
jump_medium,1.0,44,15,True,,none,30.054412841796875,1.738252513858515,0.3224650218610944,0.20474049671917485,0.3508082730534763,0.45633506657221884,1.0709864033811243,1.3822810771974545
jump_medium,1.0,44,16,True,,none,29.01601219177246,2.730636036107462,0.53089503524581,0.1668286187430873,0.15852789182823696,0.5488069553476026,1.9025966560417022,2.6215443243170546
jump_medium,1.0,44,17,True,,none,29.255138397216797,1.9408511775041062,0.6281278094079478,0.2883758859191006,0.9233166593617361,0.47340973803804304,1.6529058717160527,1.9406994232984858
jump_medium,1.0,44,18,True,,none,27.16728401184082,2.484261344471562,0.13315670806480018,0.15316757435804226,0.6783081617737041,0.41300076716185197,1.269882493656994,1.561083394526494
jump_medium,1.0,44,19,True,,none,27.33998680114746,2.2207068774601315,0.30635635427849056,0.04675898682968791,0.163112358298794,0.601829241071132,1.190509185512215,2.2105068117838638
jump_medium,1.0,44,20,True,,none,28.89415740966797,1.9599546601847841,0.34554473677223085,0.09792404521096514,0.15131977136483413,0.8655120679040511,1.864937353167507,1.9599546601847841
jump_medium,1.0,44,21,True,,none,29.427778244018555,2.2182016069856547,0.12635611222291415,0.11922633373573552,0.24005845606553,1.0400941800264112,1.5548333676372974,1.2653011901364783
jump_medium,1.0,44,22,True,,none,49.19750213623047,2.5386359152269833,0.28875071161165466,0.10242956066188265,0.3823001894668857,0.693754701364704,1.4761460107643984,1.4085999503420383
jump_medium,1.0,44,23,True,,none,26.96184539794922,2.3947568056814044,0.3062353150895868,0.14170049150179012,0.20027147139843138,0.5588525609524608,1.8149484136462517,1.9258544959126689
jump_medium,1.0,44,24,True,,none,27.386062622070312,2.0514592644040834,0.26557295706982076,0.2574790947350618,0.21618033521167163,0.5889001316852034,0.9924779974142708,1.869333833447591
jump_medium,1.0,44,25,True,,none,28.445167541503906,2.202159788344907,1.023764112851367,0.43246059308543894,0.883838488838727,0.9672826929828459,1.1488273141794372,1.7051829307682678
jump_medium,1.0,44,26,True,,none,28.205297470092773,1.8243396612003706,0.37807776985245034,0.06729071843762474,0.5628316723123844,1.0594980424122906,1.2415361261622875,1.5323660895858846
jump_medium,1.0,44,27,True,,none,29.497356414794922,1.7119140927532617,0.13579843256389354,0.35521643395891545,0.429952278565746,0.33975380594933924,1.056817261164329,1.4537450565733803
jump_medium,1.0,44,28,True,,none,27.964277267456055,2.3397249775233546,0.20109985044539774,0.246253056280876,0.33156725326116626,0.34558965177949924,1.1077178967531716,1.3485842856037105
jump_medium,1.0,44,29,True,,none,27.553955078125,2.0650631770634287,0.26095066456935745,0.1405039225543071,0.46432585992757774,1.0327855894571871,1.1865179106041546,2.0566497336471823
jump_medium,1.0,44,30,True,,none,27.13595199584961,1.5320892765207224,0.24722282654698058,0.10540358921652376,0.18796800370507588,0.3345044333847536,1.2236213082320402,1.4803396100728499
jump_medium,1.0,44,31,True,,none,28.06888771057129,1.7225488540145042,0.31832770468235355,0.09154180340397602,0.2048589606305909,0.31917374541352206,1.4637042657169044,1.7225488540145042
jump_medium,1.0,44,32,True,,none,27.85707664489746,1.6488285718397473,0.5235326254612057,0.5571752905139944,0.6411098027977895,0.3391629531730926,1.3896714554781837,1.294682179429136
jump_medium,1.0,44,33,True,,none,27.071123123168945,2.8102887014938682,0.2764324945391718,0.3823332637967571,0.5730240903878095,0.6136959521791454,1.6130090624841276,1.5017953106700321
jump_medium,1.0,44,34,True,,none,28.357894897460938,2.076329120359384,0.4992447745465564,0.20314590336313793,0.18943846114512142,0.4092900800246097,1.3499437804420782,1.5056695643719176
jump_medium,1.0,44,35,True,,none,30.713172912597656,1.741150112589074,0.15182822826411344,0.06590044026664056,0.29619039846331713,0.6217718010634687,0.8080274447725594,1.741150112589074
jump_medium,1.0,44,36,True,,none,27.20514678955078,1.7467485430118501,0.6662221059055147,0.10572994760395131,0.7422344998097414,0.7556696220741446,1.1782199021107418,1.7467485430118501
jump_medium,1.0,44,37,True,,none,55.18996047973633,3.8732932587210582,0.7495532485303266,0.21416556885717952,0.06260290238373852,0.668824997273028,1.1581963860332964,1.2092522785618078
jump_medium,1.0,44,38,True,,none,27.05900001525879,1.8705842536025679,0.5050061988354834,0.2250087014825949,0.31365046192182855,0.6823815190533872,1.1907372715289646,1.8347969848028356
jump_medium,1.0,44,39,True,,none,27.70079231262207,1.5467331208272066,0.3923806389509218,0.35164307782779264,0.7289306790310739,0.6870237153847609,1.079429417288607,1.4870907534144084
jump_medium,1.0,44,40,True,,none,29.808177947998047,2.0033294242432858,0.10216217035414787,0.1371322763643288,0.24683362131932796,0.7216090973063168,1.166124565177298,2.0033294242432858
jump_medium,1.0,44,41,True,,none,27.64974594116211,2.2081552042174275,0.19436120785587396,1.0620577434807938,0.17350203317427357,0.59087821900583,1.023090118427138,1.4276345852339585
jump_medium,1.0,44,42,True,,none,27.1240234375,1.6518240544575309,0.34954305701498056,0.09034470203869822,0.09114647489950874,0.9064751887587,1.3250256020135378,1.5049306458603415
jump_medium,1.0,44,43,True,,none,28.54791831970215,2.1021481311956305,0.4805459838929976,0.11573536798816364,0.14864724546567287,0.5610871762075627,0.9950716093355492,2.0852865714873925
jump_medium,1.0,44,44,True,,none,27.7172908782959,1.8024295412163103,0.29491030712255445,0.5370835671731021,0.08716762922473457,0.31161511632092087,1.407437894520062,1.5685185682892222
jump_medium,1.0,44,45,True,,none,28.04560089111328,2.0340316114954815,0.18585758237480077,0.25609444589774577,0.5330095581479026,0.31400306235052394,1.2785336446779354,1.847238348911882
jump_medium,1.0,44,46,True,,none,27.83376693725586,2.115198188469756,0.6474105790789867,0.2510627971416976,0.31351132350840727,0.23321221356949504,1.4436725864767408,1.5318681558619798
jump_medium,1.0,44,47,True,,none,27.646678924560547,1.9034191280112007,0.26687109807574516,0.12244346457860572,0.08023628412769232,0.31753428955043356,1.3262526933978929,1.7744183995307337
jump_medium,1.0,44,48,True,,none,27.422819137573242,1.6862025567495422,0.45874295616778443,0.18630243106645428,0.17123366089287556,0.7470801343299726,1.334106215815721,1.6862025567495422
jump_medium,1.0,44,49,True,,none,45.755165100097656,2.1845342623383623,0.6633128698569011,0.5489908389506105,0.09974727916849609,0.7475092340080833,0.9120364963433205,1.5230995728897312
combined_medium,1.0,44,0,True,,none,28.068500518798828,1.9505717022069258,0.418823314143463,0.21359126726002733,0.08569644448074144,0.7398768940520316,1.1286686422710885,1.9505717022069258
combined_medium,1.0,44,1,True,,none,29.62970733642578,1.6613359310612348,0.18715259125303121,0.21849442805768632,0.3248542865506084,1.1646981240029464,1.153137916927392,1.6551532059542613
combined_medium,1.0,44,2,True,,none,28.869342803955078,2.9667031567624433,0.2873423274432215,0.058148779708720226,1.0019861374613235,0.6308769802129609,1.3987172256351892,1.7967518308091457
combined_medium,1.0,44,3,True,,none,29.332843780517578,1.7562301500680897,0.24217513072809668,0.20066450369894762,0.36983992253684866,0.9656440360655367,1.0990957683968805,1.2821766873963951
combined_medium,1.0,44,4,True,,none,29.024845123291016,1.7464540609164825,0.22585697125859008,0.09113088837109914,0.3482661922585494,0.22546732697619648,1.0188357512324695,1.397047663691532
combined_medium,1.0,44,5,True,,none,29.046846389770508,2.1428233155665493,0.16051911977817182,0.17121812371878636,0.15057154779957937,0.25919987554281704,1.244258359310424,1.7739691344613233
combined_medium,1.0,44,6,True,,none,28.546756744384766,2.473814900723565,0.16502965304931622,0.11826894649168714,0.15207455146713725,0.34471672889802313,1.5906289780959322,1.464323679170989
combined_medium,1.0,44,7,True,,none,26.874006271362305,2.17164877359768,0.3486582578421192,0.21830269786419565,0.33676834518478427,0.3299742348318972,1.680755409113985,2.08169846934474
combined_medium,1.0,44,8,True,,none,29.434326171875,2.210050317973221,0.46234400783141755,0.1307846628954533,0.10937592002701843,0.5484857406728725,1.05832882345432,1.4199541001187943
combined_medium,1.0,44,9,True,,none,28.112106323242188,1.826836613253566,0.44169936395028014,0.4138921309769424,0.24389582967289838,0.14846343936814518,1.588826926171914,1.772968652854475
combined_medium,1.0,44,10,True,,none,30.839447021484375,1.8268825627624052,0.5484022129718776,0.5572667553614216,0.17178693654889207,1.3139472903803353,1.2354354710696445,1.6508936802648184
combined_medium,1.0,44,11,True,,none,26.869483947753906,1.8405469259800622,0.2048720275074162,0.3219522127460825,0.6209496340753028,0.5700400371037333,1.2778012776350123,1.4872630317054878
combined_medium,1.0,44,12,True,,none,31.63521385192871,1.67241739491481,0.2889852696775848,0.16173811463119092,0.6082613213728261,0.5745352000483711,1.3202764097991937,1.6696364370123695
combined_medium,1.0,44,13,True,,none,29.75881576538086,3.2379223523153247,0.49169643042781896,1.1001289390064013,0.2521011968202709,0.4199101583502055,0.8518368576491383,1.3815894336702825
combined_medium,1.0,44,14,True,,none,27.17388153076172,2.684660627814603,0.2954638134313294,0.11707971328549757,0.3979892545292878,0.5681838282175258,1.2396431993135664,1.4707405329001748
combined_medium,1.0,44,15,True,,none,29.67242431640625,2.3149847911754082,0.5175653086551503,0.13738503819639294,0.2077896541777108,0.41177255256892464,1.1671615438284901,1.4474551294748517
combined_medium,1.0,44,16,True,,none,27.073429107666016,1.8843617165289037,0.29542749767891796,0.1333583773906946,0.10509039424499947,0.14869415099716854,1.5499838860962323,1.4668893379747658
combined_medium,1.0,44,17,True,,none,27.030109405517578,2.123219336018369,0.4208174056033822,0.27764177694387365,0.46594569120954,0.7608156460864485,1.0478422926533544,2.107779078530419
combined_medium,1.0,44,18,True,,none,27.146385192871094,2.0883578766473145,0.17721746693153215,0.14445147269069555,0.19884041640285488,0.4086249342114279,1.55511287924611,1.6359924396757635
combined_medium,1.0,44,19,True,,none,27.41413116455078,2.657394437259587,0.4538238898407523,0.09535971271099651,0.09336821199791032,0.1898364899665598,2.1312697960682283,2.361937716092185
combined_medium,1.0,44,20,True,,none,29.419391632080078,1.8013213771816845,0.372003199180976,0.0961864741975541,0.2864807522879095,0.571489619252679,1.4862431035212318,1.8013213771816845
combined_medium,1.0,44,21,True,,none,26.673349380493164,1.9012589450905069,0.3673220160607079,0.17007812700838718,0.6871175505930165,0.4640136132841669,0.9615754619438074,1.6630598170415385
combined_medium,1.0,44,22,True,,none,26.390892028808594,1.6924373016468428,0.39723928747831905,0.22442310244794317,0.6913792000612512,0.967808746602366,0.897155823278925,1.2452678854122
combined_medium,1.0,44,23,True,,none,29.646488189697266,2.929530408819032,0.4785132152296499,0.16032941467981487,0.2417446218375787,0.2097773575429711,1.382561770629076,1.7685252684452322
combined_medium,1.0,44,24,True,,none,28.224416732788086,1.7243566507025545,0.46065951899319807,0.16002124401039794,0.4301409633532354,0.6393211073679328,1.3575145571848615,1.4661176136056073
combined_medium,1.0,44,25,True,,none,28.3751277923584,1.9563517633415257,0.6177447556090608,0.36531029098521256,0.6746811038687106,0.7798434725742331,1.3107826674197636,1.8826974261566163
combined_medium,1.0,44,26,True,,none,29.236385345458984,2.314774197864707,0.3178500633495389,0.20713423733012135,0.2809025907051604,0.6943392645963562,1.588927696360194,2.203965683882169
combined_medium,1.0,44,27,True,,none,26.27606201171875,1.447598744257851,0.23491064259506647,0.12997177697485526,0.1739600366268035,0.4971222105310305,1.2313702680821268,1.447598744257851
combined_medium,1.0,44,28,True,,none,26.763397216796875,1.9442555987174535,0.1378022312614977,0.17471901149345914,0.17953447423768074,0.738318333728624,1.4405562890622363,1.5701165402204336
combined_medium,1.0,44,29,True,,none,29.07863998413086,2.1565984039237347,0.3950915313813318,0.181929397184957,0.5577399766008672,0.8015432728176964,1.2494125132838991,2.1131960346615917
combined_medium,1.0,44,30,True,,none,28.354455947875977,1.5543358398719385,0.20248974336634934,0.08924145599398606,0.14143129873834864,0.6548161481257934,0.8456406298755169,1.514459177789605
combined_medium,1.0,44,31,True,,none,31.07498550415039,2.4985397861014795,0.43349542184978157,0.1407204747313612,0.6120649919683997,0.2672514168641503,1.3927223741406043,2.447422140549033
combined_medium,1.0,44,32,True,,none,28.50551986694336,1.7480246403706938,0.2535106904959512,0.15806067587868364,0.09990200713102314,0.9951534233677152,1.1930240346302405,1.7480246403706938
combined_medium,1.0,44,33,True,,none,26.45890998840332,2.759857054862506,0.40933410841405604,0.14597818874791502,0.15457204252773704,0.4677246378499999,1.532273471428464,1.727469306702237
combined_medium,1.0,44,34,True,,none,28.921598434448242,1.7718545200502271,0.48014280581344826,0.10329414229632204,0.8715879012879143,0.7716064553993722,1.206895597831411,1.2023991925667177
combined_medium,1.0,44,35,True,,none,27.347721099853516,1.8316501741756441,0.3662824771955036,0.11719648237812184,0.30279785563788214,0.20716090254070987,1.1130603082640138,1.8245502276537833
combined_medium,1.0,44,36,True,,none,26.90574836730957,1.8173642416455877,0.7219528793446439,0.31802579951641213,0.5570415394270943,0.33171250477624564,1.325507087099385,1.5059177766022078
combined_medium,1.0,44,37,True,,none,29.479324340820312,1.764072140015972,0.13901944768757765,0.29612737308317005,0.27918465293722455,0.7263577382000878,1.3468875164757397,1.7356096498270182
combined_medium,1.0,44,38,True,,none,26.38638687133789,1.526507263852548,0.5607056661519407,0.2826946009582844,0.26227960376485665,0.7930341493628887,1.5195836447504363,1.4865130796730484
combined_medium,1.0,44,39,True,,none,27.30045509338379,1.6778622324756178,0.0979826314717669,0.24719800609079345,0.09906504159850855,0.3421099351804786,0.9349107721415779,1.5209173000942946
combined_medium,1.0,44,40,True,,none,29.800308227539062,1.9502220759006377,0.514314552201674,0.1658782831302502,0.31881075994465424,0.18321812855871195,1.1951186477142584,1.3969215044246976
combined_medium,1.0,44,41,True,,none,31.178327560424805,1.997218366080639,0.1952156864473304,0.06060041216188163,0.12379380552948442,0.14670232445857403,1.3403617058672286,1.498324442551681
combined_medium,1.0,44,42,True,,none,29.39479637145996,2.617403392919859,0.2109372590467546,0.2178470307562579,0.4155050205362228,0.5830714033342963,0.9134222185832324,1.1481877643172311
combined_medium,1.0,44,43,True,,none,26.83814239501953,1.7417622453727115,0.10019994891438354,0.10372338787214563,0.07963500413436206,0.7753263000267864,1.4742000632989785,1.7417622453727115
combined_medium,1.0,44,44,True,,none,27.998262405395508,1.8092574572704174,0.36968981132935114,0.07450581706731343,0.37233808741744395,0.5732205336933955,1.5847663511597225,1.2006518738038283
combined_medium,1.0,44,45,True,,none,28.042938232421875,1.6062439848810115,0.45404768835678005,0.05161515873060121,0.08888480695978414,0.3848802043416779,0.9637884482896861,1.5238524033367145
combined_medium,1.0,44,46,True,,none,28.29217529296875,1.876910625034682,0.3868726491649253,0.12131576687463301,0.2226914425982198,0.16932624689249842,1.0498042958633675,1.5347442577126202
combined_medium,1.0,44,47,True,,none,28.706045150756836,2.4138774708593553,0.7354569076165617,0.1623792487807204,0.42999305316104625,0.8789597372816041,1.5062750697880771,1.9084655865595144
combined_medium,1.0,44,48,True,,none,30.631298065185547,1.9195295107421149,0.4144881731242156,0.3062890103735389,0.13626053999930268,0.1938657452590231,1.0132997764513274,1.2168959753741257
combined_medium,1.0,44,49,True,,none,29.068317413330078,2.034193207813777,0.5047705791258499,0.373443888215958,0.10574561310558586,0.7820566036937048,1.031962753692403,1.7989145253644188
gaussian_medium,3.0,42,0,True,,none,69.0738754272461,4.879530815820055,0.6123931219202897,0.40898278882177597,0.08004014284298648,0.37690820850083717,0.9710428923876957,1.7473293146923283
gaussian_medium,3.0,42,1,True,,none,53.61503601074219,6.515319659396521,1.078337853356966,0.3774665171906125,0.04558453275863663,0.3970495805254309,1.1004260698683037,1.4937428254610818
gaussian_medium,3.0,42,2,True,,none,58.211185455322266,10.622928184582063,0.8837502017777884,0.29423781625412304,0.07829886088725756,0.4037932768783263,1.4906895508740579,1.3844703536277052
gaussian_medium,3.0,42,3,True,,none,65.5954360961914,4.221454926674608,0.7464859494166927,0.35769556358309446,0.11652752484761454,0.48206739468841614,1.2816260284820609,1.4706439122902797
gaussian_medium,3.0,42,4,True,,none,61.670169830322266,5.338724996559451,0.6166300126641616,0.2871239683905149,0.07309045842205185,0.1585351070973533,1.2136556796663893,1.6340033421861253
gaussian_medium,3.0,42,5,True,,none,60.148189544677734,4.1790942245309965,1.2086599238877611,0.40962590564066004,0.11672015248306948,0.3234494842466794,0.9892080437972843,2.0066310719335987
gaussian_medium,3.0,42,6,True,,none,64.4481201171875,7.347973917956398,0.8196624085519604,0.4715851804929103,0.07541425854190793,0.5311044392359219,1.1795188558208463,1.7788482079675942
gaussian_medium,3.0,42,7,True,,none,48.3101921081543,8.754933194844327,0.42175647392158644,0.40467220653672065,0.03674282678950776,0.36581683525293973,1.0789551631363206,1.4954634240551123
gaussian_medium,3.0,42,8,True,,none,63.11348342895508,4.8726693127363525,0.609518504248307,0.31944200291039054,0.036404196201700115,0.36766919281259103,1.1874854879556431,1.7241218247415888
gaussian_medium,3.0,42,9,True,,none,60.333683013916016,4.304993765607348,1.0360032144339124,0.31975009754069794,0.1258443997707637,0.334000771540454,0.9918548082377816,1.6245914343452763
gaussian_medium,3.0,42,10,True,,none,68.09548950195312,7.397425396259236,0.5372537945319492,0.277560052347644,0.1050776689095112,0.09927243800517149,1.058226619381549,1.8125297660175583
gaussian_medium,3.0,42,11,True,,none,63.0319938659668,4.469919540609382,1.1281536333955993,0.3201771946854214,0.03369092946460264,0.35966972461257585,0.8886465427231607,1.2644395824162447
gaussian_medium,3.0,42,12,True,,none,53.538421630859375,6.823855660714899,1.1982647815371406,0.37053691810484946,0.09545535870987015,0.66119542797265,1.276689079982752,1.72087622348762
gaussian_medium,3.0,42,13,True,,none,56.5396728515625,5.487892373416023,1.2151728436179,0.39370264731584637,0.15941222952419626,0.3385048060533182,1.4080730638720147,1.7437006745450832
gaussian_medium,3.0,42,14,True,,none,67.79888153076172,4.5243323509394004,1.48204876139022,0.25967463822172815,0.1298114464659963,0.4543892380526208,0.8592470845016161,1.2462515220434471
gaussian_medium,3.0,42,15,True,,none,54.87104415893555,6.164173472348448,0.4612106880072073,0.4685763575428275,0.03298566478611572,0.3308361196872564,1.800984785126774,1.8123827690572485
gaussian_medium,3.0,42,16,True,,none,67.84921264648438,4.084218836426465,0.6147216556597038,0.3048075933796835,0.11968559794811667,0.14240980367301137,1.3421329682183765,1.2744430333630552
gaussian_medium,3.0,42,17,True,,none,57.49822235107422,4.1932269367771635,1.0257405675756044,0.42780989135079966,0.17202921140741045,0.39697599915768056,1.0269406619698482,1.3476448967476093
gaussian_medium,3.0,42,18,True,,none,54.12482833862305,8.574594422222368,0.2773454361666387,0.49309749444616013,0.08053085571283813,0.2915418983505908,1.2535661141585903,1.9028757294078487
gaussian_medium,3.0,42,19,True,,none,67.92094421386719,7.6065246056125995,0.4774523945166199,0.3197413992589464,0.04350652115738619,0.3820127566227997,1.0837801379732566,1.2981781938492118
gaussian_medium,3.0,42,20,True,,none,64.11353302001953,6.701545616815046,1.2069419926495402,0.3758585130595863,0.08657165018358574,0.44753165118399374,1.2346231040714293,1.6390651414919026
gaussian_medium,3.0,42,21,True,,none,65.79519653320312,4.7143976892197665,0.918522819229101,0.37808501620692136,0.06274995521021097,0.26089771284766883,1.0917413095277553,1.8503752173251442
gaussian_medium,3.0,42,22,True,,none,62.07111358642578,3.6151463459092703,0.6943338584358246,0.19561693431678398,0.06763990202372855,0.21582574897052345,1.1007574917420049,1.5239863841289374
gaussian_medium,3.0,42,23,True,,none,51.87611389160156,4.406398214524051,0.4338670858206253,0.4998274177577624,0.20025575277145788,0.335358017604446,0.9438216083434777,1.379183691606034
gaussian_medium,3.0,42,24,True,,none,58.4119758605957,4.175822769702118,0.8706920756482817,0.2738728092975446,0.048678322742335564,0.4832396826848062,1.1458765564356956,1.3187502492584542
gaussian_medium,3.0,42,25,True,,none,59.44041442871094,7.038688611178002,1.3259111140389785,0.25156051568135335,0.11523789682216899,0.5871705569600204,1.32476458913352,1.8917995264370366
gaussian_medium,3.0,42,26,True,,none,61.96872329711914,4.720347246156597,0.7836599400448289,0.5201638616364521,0.041160976830970614,0.49699785668468843,0.9967505794612963,1.215168333403597
gaussian_medium,3.0,42,27,True,,none,64.03081512451172,5.592852145429747,0.7612758185738501,0.34059864209463875,0.13056115149722233,0.32159681251596134,1.420257578838484,1.5903038874085171
gaussian_medium,3.0,42,28,True,,none,56.51044464111328,5.477212366524294,0.39545701947024786,0.3638594829669149,0.04419364740631222,0.5256384839814779,1.252456572220235,1.7913050251866205
gaussian_medium,3.0,42,29,True,,none,56.58325958251953,8.770370943584721,0.6984124484202179,0.32445774654550485,0.07580637231490109,0.4576710070935428,0.9611881015954775,1.2871922287696973
gaussian_medium,3.0,42,30,True,,none,55.749298095703125,4.573726332524721,1.1468806005782826,0.4824286541594199,0.06392502016995992,0.34308129951851435,1.5248471895773201,1.644180437743132
gaussian_medium,3.0,42,31,True,,none,64.3755874633789,5.481157717052718,0.8194054071741611,0.4046387998577227,0.15817970051990546,0.16058576246071846,1.216366831439808,1.7901351331905282
gaussian_medium,3.0,42,32,True,,none,60.393157958984375,6.504475710495202,0.9002676558487287,0.4377072853504323,0.1782118332701204,0.3924374557821279,1.301404248156954,1.3136353595553827
gaussian_medium,3.0,42,33,True,,none,62.581146240234375,7.865088766446101,0.9842172423230605,0.32552565159543445,0.2881713043209349,0.2852181771785368,1.080470364367232,1.5227404339551565
gaussian_medium,3.0,42,34,True,,none,54.54600524902344,6.815178198753241,0.27323545555813383,0.4231960394425792,0.11352584557218252,0.475867950198927,1.3284929713817442,1.8696947152502914
gaussian_medium,3.0,42,35,True,,none,61.82057189941406,5.875985699425308,0.3545720553859786,0.44720866267505005,0.14199208640079022,0.5200707341970399,0.8775295853895304,1.653045074589059
gaussian_medium,3.0,42,36,True,,none,76.08796691894531,4.889345209444672,1.316292830985385,0.33117409137949044,0.07575866503030505,0.46108725518405624,1.2833045702624284,1.8533002514218457
gaussian_medium,3.0,42,37,True,,none,71.87981414794922,4.649330791489188,1.3135731596186502,0.13120020866713805,0.0899392563086583,0.470966806390062,1.1669838387292601,1.7577851206491057
gaussian_medium,3.0,42,38,True,,none,54.18121337890625,5.901777910454981,0.3926941916148072,0.1957605447655593,0.06475443012377058,0.23548020614482296,1.1784725665955185,1.7676808695048283
gaussian_medium,3.0,42,39,True,,none,59.1451416015625,5.6720907343658835,0.9051001558012984,0.33285580297248074,0.20063600895352654,0.2991696300559268,1.0669023383746132,1.351123902003282
gaussian_medium,3.0,42,40,True,,none,61.68651580810547,3.8246177404637263,1.0786581902788621,0.4277636324550033,0.047467284061982994,0.2702128371511324,0.8308328180427432,2.007050725107307
gaussian_medium,3.0,42,41,True,,none,78.92119598388672,6.062036688844306,0.834764417176108,0.2980632447606246,0.07072106854967493,0.43065903623781676,1.155954102008944,1.5746675683956521
gaussian_medium,3.0,42,42,True,,none,56.087615966796875,5.881350423599707,1.236052630081047,0.3613223874121308,0.07950342058133283,0.6319029506157279,0.9839105743525156,1.3852937657707163
gaussian_medium,3.0,42,43,True,,none,62.27784729003906,5.5147352487191545,0.5027102458319815,0.3015282819853069,0.149521887727896,0.41476451896194194,1.1646185310281798,1.2676053318015068
gaussian_medium,3.0,42,44,True,,none,67.66316986083984,6.767674929056994,0.7071787967545258,0.5874654927792023,0.22240365622207614,0.45197589625066603,0.9924094841978705,1.6506436567722227
gaussian_medium,3.0,42,45,True,,none,61.047607421875,4.928322712879765,1.0906694363221041,0.12150828672806718,0.04868976317546685,0.3406405784887942,0.9804014375617762,1.617753275075189
gaussian_medium,3.0,42,46,True,,none,52.003177642822266,5.7774149533796955,0.5247402013625209,0.506486772334257,0.06756159679329318,0.5452774438358851,1.4319941417460897,1.8070738069923764
gaussian_medium,3.0,42,47,True,,none,63.62649154663086,6.306800425181898,0.6917211947806624,0.4501295490107339,0.03745200680968629,0.5885296689643202,1.1250372236694566,2.4770047994393867
gaussian_medium,3.0,42,48,True,,none,62.861305236816406,7.503190324875006,0.8662410801728648,0.2543635183240019,0.050266051542248225,0.5933187900416911,1.096482942685871,1.3784902045980914
gaussian_medium,3.0,42,49,True,,none,62.008426666259766,8.143298721078741,1.0514609952411527,0.4313889371533093,0.04503066892783024,0.22634507809672985,1.2838273681967889,1.3467975130831296
drift_medium,3.0,42,0,True,,none,56.77516555786133,5.629472231685133,1.4683299127165343,0.22926322257307544,0.1380676776285633,0.45353298204244635,1.3598770434778868,1.7328759436094672
drift_medium,3.0,42,1,True,,none,54.903564453125,5.347495023716898,1.0929334444358103,0.39203839825960457,0.15186827211190804,0.218992359914568,1.6801433609657261,1.7166866568113277
drift_medium,3.0,42,2,True,,none,66.907470703125,7.274602694481769,0.9387320144615087,0.3564837881411574,0.05481778503528313,0.5842534431319667,0.8429795268559714,1.373837747566322
drift_medium,3.0,42,3,True,,none,59.239593505859375,4.368346038268109,1.0510391406836415,0.3362493740236142,0.06496852658304653,0.5243428117328699,1.1177040581419477,1.2629603410061416
drift_medium,3.0,42,4,True,,none,67.4531478881836,9.037396745275311,0.5002404596204907,0.27727021910167166,0.17274350235987465,0.1922726892924138,1.345920051996498,1.8925389492042612
drift_medium,3.0,42,5,True,,none,67.3814697265625,4.643880431160288,0.5850347778054369,0.40222878129419115,0.1458153218429164,0.34163411996490056,1.0487857616356846,1.6117225930538701
drift_medium,3.0,42,6,True,,none,57.226417541503906,11.496237440879387,0.9187193611000924,0.32620810024547464,0.03760013218029953,0.4103708715894444,1.0980711474186793,1.3387424933714926
drift_medium,3.0,42,7,True,,none,56.278480529785156,7.734938022513047,0.5359982536654982,0.33240102851815634,0.1788813322675268,0.36852205360246704,1.3627670302255144,1.8464366994804566
drift_medium,3.0,42,8,True,,none,50.74015808105469,4.158255471130778,0.7763274966745775,0.5623476315364137,0.08147722667025664,0.5906139903568346,1.0202996922421272,1.3200004787636592
drift_medium,3.0,42,9,True,,none,57.750457763671875,4.261030615298044,1.1480396280625513,0.3829040292504535,0.09206150999814439,0.6944033308801276,1.3278604836021886,1.5010983782525775
drift_medium,3.0,42,10,True,,none,63.92839431762695,7.532317070657691,1.1733915076667105,0.3392655762921672,0.10709571221122592,0.3595734419992169,1.1237046896039227,1.801365586216121
drift_medium,3.0,42,11,True,,none,55.57010269165039,4.596332756260811,1.2316448985102795,0.32433702210885873,0.13368453670605593,0.45530059677704915,1.0392908033658728,1.8485054519893191
drift_medium,3.0,42,12,True,,none,63.7892951965332,10.113923437862264,1.147408794807557,0.3733959996488153,0.050920903645325595,0.4588984963364375,1.4377078137606192,1.2803108516405648
drift_medium,3.0,42,13,True,,none,59.741111755371094,3.950141514548786,0.8400688252806708,0.39535185861197475,0.0416947382084905,0.4743042085522,0.9544805316370474,1.809095830265858
drift_medium,3.0,42,14,True,,none,60.587066650390625,3.4645262359216367,1.6577726536982615,0.2784647802473374,0.17869251502217873,0.40319458548662246,1.4648900587851073,1.6084270915612182
drift_medium,3.0,42,15,True,,none,52.30514907836914,4.202878864931853,1.2395767341086643,0.11558320472556528,0.10418991168047265,0.41622025018913156,1.2909241498252721,1.8809220908534048
drift_medium,3.0,42,16,True,,none,52.34176254272461,3.275064331869325,1.9042754846492864,0.41953883502651096,0.0406441376952599,0.6411668429009191,1.2964812746254555,1.3556182257780356
drift_medium,3.0,42,17,True,,none,60.686866760253906,5.0163453172505745,1.5091424789690049,0.34368739359312844,0.11996015529909339,0.2545675029916332,1.1184433462974306,1.3151926811771064
drift_medium,3.0,42,18,True,,none,57.94756317138672,6.1647549770622225,0.7261714332634521,0.4093097504263955,0.09704087265207949,0.563501365577793,1.263808051212298,1.598255024730553
drift_medium,3.0,42,19,True,,none,65.86076354980469,3.891067835647888,0.33159854226711705,0.4509785777841272,0.13280321429033085,0.4412029617821971,1.335814568691574,1.6544013279756087
drift_medium,3.0,42,20,True,,none,60.38456726074219,8.403544446168395,1.2184688693939103,0.3102524448665877,0.08840598116900963,0.40874866471690613,1.0759997339069807,1.263563424240228
drift_medium,3.0,42,21,True,,none,60.486995697021484,5.754962382205644,1.3371619722842008,0.5151914412697267,0.15711567228546452,0.4048748135828823,1.1272894936393836,1.2739208134855422
drift_medium,3.0,42,22,True,,none,59.101112365722656,7.283839096319683,1.1661535935283611,0.21546256405305578,0.10150065202415426,0.29236586439627277,0.9713622402540228,1.2649913059319509
drift_medium,3.0,42,23,True,,none,69.4555892944336,5.65531845152674,0.6565525609924671,0.3933526463437668,0.091112222454998,0.29885574650292335,1.0069491622452056,1.2734509376888212
drift_medium,3.0,42,24,True,,none,62.907127380371094,6.871043514617634,0.48469514462179064,0.22157570998986112,0.060729884607462856,0.3696802614925147,1.1009545927812587,2.067695236190703
drift_medium,3.0,42,25,True,,none,64.07978057861328,7.763091216876897,1.2495426808085461,0.5181173999056684,0.09318625980574143,0.2820736256426064,1.4883750574748755,1.6247009816692113
drift_medium,3.0,42,26,True,,none,54.80104446411133,6.712372304433659,1.3481193445933846,0.3576433773273991,0.2122254401572808,0.6618763610997133,1.0045467807409134,1.5652554581982314
drift_medium,3.0,42,27,True,,none,51.75228500366211,3.7162146646059315,1.0694704255942922,0.31612687262517564,0.27205108802128736,0.5336287511671519,1.414457197736377,1.3477347594089726
drift_medium,3.0,42,28,True,,none,55.09019470214844,9.040196477081178,0.7808251459504953,0.42621295919226043,0.04165805214797677,0.47121988902382256,1.2624879845476862,1.302518569428102
drift_medium,3.0,42,29,True,,none,66.31028747558594,7.219363310237337,1.0374452937014427,0.25988343757320687,0.13461841115228954,0.14258975918203154,0.9798004097569583,1.2083499844947359
drift_medium,3.0,42,30,True,,none,65.31157684326172,4.523911342791453,1.0974455277366253,0.2164891697469876,0.07052949739623904,0.4565506492506727,1.2135852684384687,1.870429545323393
drift_medium,3.0,42,31,True,,none,60.23588180541992,6.096406994827693,0.44731919452352553,0.3821254406028218,0.15789332447277563,0.39197341088927334,1.226892659107704,1.3786655531535066
drift_medium,3.0,42,32,True,,none,57.598350524902344,6.935774440593452,0.23598213570879062,0.6159080594349474,0.15718274810256905,0.720017811356274,1.0936737257273879,1.664940879973511
drift_medium,3.0,42,33,True,,none,60.572383880615234,3.3376325213106974,1.0047251803224027,0.2658107160524879,0.1379415711772362,0.2084384316711284,1.3628833328297811,1.7277098399797
drift_medium,3.0,42,34,True,,none,63.85078048706055,3.7626406747281558,1.2558564424411425,0.26756033401843154,0.17672023401992565,0.6406917670606672,0.9406023919036078,1.738349961414292
drift_medium,3.0,42,35,True,,none,60.02361297607422,5.243959058298641,1.0453186156669731,0.27646718501910733,0.08749917051143788,0.36614762754828695,1.305233939879364,1.96617986285443
drift_medium,3.0,42,36,True,,none,56.910736083984375,3.59507385497373,0.7974866726103086,0.4206190686121329,0.09229099017901032,0.13144778339581628,1.0398098851000859,1.6374955649015843
drift_medium,3.0,42,37,True,,none,66.93698120117188,5.334049493074296,2.0400200939392916,0.4906846305402882,0.08544583364497206,0.9550403898128779,1.132061134805628,1.3388033723640838
drift_medium,3.0,42,38,True,,none,70.01541900634766,5.202959862172425,0.4158533808215587,0.32125215331099444,0.1316191384896736,0.5341412460053399,1.3211233253402626,1.2576974766187043
drift_medium,3.0,42,39,True,,none,60.018245697021484,3.753736190669731,0.9562200420756717,0.4706823605577056,0.1170813448474835,0.793712282397325,1.127332735111133,1.3048962510457178
drift_medium,3.0,42,40,True,,none,66.852783203125,4.788509694482414,1.1054139055098744,0.2949633960464977,0.05445868773903591,0.5007646211628919,1.1362245038281247,1.5907678912906633
drift_medium,3.0,42,41,True,,none,70.2455825805664,4.879702628571495,0.7827284731040794,0.48116202146157294,0.08695183285629171,0.4899308236009708,1.342462393511107,1.8787855112747514
drift_medium,3.0,42,42,True,,none,51.52080535888672,9.105587906921018,0.6520436304772935,0.5195287665809988,0.0988834251295039,0.31429059991567865,1.6524932633094456,1.975375820583877
drift_medium,3.0,42,43,True,,none,55.184471130371094,5.4748142981051595,0.5921363367410889,0.2398591007518468,0.07363258258442183,0.47758742134952625,1.099388060069471,1.25123518411398
drift_medium,3.0,42,44,True,,none,56.27216720581055,7.864784826078191,1.3354690657056782,0.43853335890824835,0.3238441346618713,0.4219392333287425,1.568364073984715,1.7726035013951904
drift_medium,3.0,42,45,True,,none,55.68120193481445,6.363075606855006,1.4172266354946184,0.4627115592718689,0.1174179730557679,0.9820184495119011,1.1620830328002918,1.7623819371291718
drift_medium,3.0,42,46,True,,none,62.047935485839844,5.080055039910292,1.289343729015966,0.1402796194556663,0.11642363147288255,0.550002851587604,1.1128742805591647,1.4053552347201514
drift_medium,3.0,42,47,True,,none,61.63577651977539,4.593352728679724,1.0720785398201393,0.34374914187250094,0.1391270870626863,0.48171080801142885,1.1625718086247634,1.8862766363772523
drift_medium,3.0,42,48,True,,none,51.56035614013672,5.938573776243346,1.3233404023546373,0.514984438799146,0.1614883816709868,0.7405664813359889,0.9479684996884338,1.2691474529826083
drift_medium,3.0,42,49,True,,none,55.7037353515625,8.431210043568836,1.0091906553724481,0.2713978850455028,0.07748796436052048,0.38819654419478766,1.0650659313504425,1.3079892304969456
burst_medium,3.0,42,0,True,,none,68.7838134765625,4.473795182869773,1.4590122646025288,0.2983601453787215,0.16152069164498856,0.589632374877737,1.0451753082317252,2.0563414131483686
burst_medium,3.0,42,1,True,,none,60.87934112548828,6.797404224984825,0.3679519618832117,0.37617998615269027,0.0393822309287996,0.26973078625055696,1.12724003559494,1.2981270930383044
burst_medium,3.0,42,2,True,,none,72.23333740234375,3.359489318710441,1.7318597421116806,0.28173090516162547,0.08791269769586739,0.6977419988810752,1.2936898169200193,1.8333733877448122
burst_medium,3.0,42,3,True,,none,55.33518600463867,6.68842855957734,1.2644547860136182,0.42730745262974656,0.07172067177685836,0.1845936191125293,0.983562231557035,1.2891625206773163
burst_medium,3.0,42,4,True,,none,50.2384033203125,3.3783291092133685,0.2845546209370477,0.6863945577393662,0.2307304217469369,0.5355089043065837,1.4481879939803488,1.7741772176096282
burst_medium,3.0,42,5,True,,none,46.72122573852539,6.317741520212283,0.3386195969363588,0.615435379760066,0.07684039362013696,0.8965493260869086,1.0900843463887495,1.7065508408508392
burst_medium,3.0,42,6,True,,none,68.35311889648438,3.8516411679638187,1.2863978624930916,0.3829114159651719,0.04180537487109892,0.328099687577663,1.0852652809575796,1.6306029369595627
burst_medium,3.0,42,7,True,,none,66.9486083984375,5.552335058289584,0.7633709382015235,0.45728223109498295,0.2040686445467572,0.2592203903970098,1.200605399793673,1.5689835051844108
burst_medium,3.0,42,8,True,,none,66.61946105957031,6.314932301495671,0.5807276176487275,0.127058534651241,0.09596177341669762,0.502905461525312,1.1642838083269114,1.5430228397379229
burst_medium,3.0,42,9,True,,none,54.64130783081055,4.598239553853463,0.4072611458266059,0.41491938170643927,0.07638689838762001,0.4347364775051319,1.466757135903756,1.577152491829413
burst_medium,3.0,42,10,True,,none,64.89513397216797,5.953431893559456,1.0944265112702956,0.3605706981773623,0.04468252984916047,0.47241692951561526,1.5856077974589844,1.3500651496548879
burst_medium,3.0,42,11,True,,none,60.10065841674805,5.027031324044227,2.096937949924903,0.2774845560383941,0.15280850171962018,0.2419198096591545,1.8293672079837506,1.746250410992536
burst_medium,3.0,42,12,True,,none,59.174495697021484,4.1318447904191276,1.0487748994183592,0.34449087323353816,0.04504689860546705,0.35928705350677226,0.9214951776393904,1.2332783386182509
burst_medium,3.0,42,13,True,,none,64.57957458496094,3.105864499746143,1.1752609687413,0.40919150717203534,0.12186065071685727,0.7494292426157416,1.2358401123584877,1.6122350606395395
burst_medium,3.0,42,14,True,,none,70.76778411865234,2.7774967794074916,1.611786362151402,0.2623118706236333,0.09702167369780389,0.4958149442301067,1.1902534001326097,1.4985479100411288
burst_medium,3.0,42,15,True,,none,58.09644317626953,4.5400309839547575,0.6909952909552824,0.49942365433741,0.10231320016199896,0.39731793499188583,0.9946932031795412,1.3321148998677081
burst_medium,3.0,42,16,True,,none,59.647979736328125,6.93422507617029,1.5492474632389797,0.2547363801424734,0.06320180954866403,0.5385360251251099,1.5499011375203757,1.2475535695461437
burst_medium,3.0,42,17,True,,none,54.613502502441406,3.9404035699283413,0.949822014690364,0.42018293448413085,0.18897113953029265,0.440003449304914,0.836550190388747,1.4683840721494437
burst_medium,3.0,42,18,True,,none,58.757362365722656,10.89107883108253,1.731330017680653,0.29628707565487566,0.1592248179603487,0.270621378216414,1.320612757840915,1.9754719028966323
burst_medium,3.0,42,19,True,,none,62.66831588745117,4.93793118425891,1.4104154630925665,0.36386414882774937,0.10647865108624666,0.3262137256141718,1.115436356487612,1.373106154578835
burst_medium,3.0,42,20,True,,none,60.905338287353516,5.35798218630833,0.6455351145898408,0.2597521219261441,0.07002599147041125,0.5497398844976892,1.2453148544059058,2.3069480359583308
burst_medium,3.0,42,21,True,,none,63.59381103515625,6.354940795437454,0.3934863140762646,0.3008508087580296,0.17984991447226895,0.33616439580971086,1.0821067289668385,1.4478008782040013
burst_medium,3.0,42,22,True,,none,49.30028533935547,3.801205041418674,0.5805035022469605,0.5839118499385918,0.07770636392715992,0.6074927261994713,1.3678393770304493,1.7104132213699679
burst_medium,3.0,42,23,True,,none,70.01228332519531,5.079802321116536,1.4632883941103114,0.21641254236363167,0.0909381701672679,0.32502031854747265,1.3033383888994,2.076650104855449
burst_medium,3.0,42,24,True,,none,58.58616256713867,4.5314814767059595,0.988192187637101,0.4433449718568435,0.25372898192708976,0.5452512984754286,1.128034164345911,1.1946751470544423
burst_medium,3.0,42,25,True,,none,63.94107437133789,7.1527561398163515,1.0703974660319457,0.2839835545036521,0.044241011498252054,0.48367133438560567,1.0192459751642897,1.37808465416834
burst_medium,3.0,42,26,True,,none,60.56814956665039,5.013184244558872,0.9846997644445651,0.38952744074038603,0.03730454387018294,0.3146479635386597,1.207821867193564,1.647398732947862
burst_medium,3.0,42,27,True,,none,53.38881301879883,6.3893144820147105,0.6437670882588811,0.40871008124241054,0.07676687988447575,0.6837361224826625,1.2707308725506066,1.5909627590327393
burst_medium,3.0,42,28,True,,none,64.99078369140625,4.127965768956193,0.9604041452859281,0.2291710938147944,0.07804715227305226,0.43365861341907974,1.0576374921600071,1.8602490894774997
burst_medium,3.0,42,29,True,,none,60.54868698120117,4.134577336346061,0.9810610369672009,0.3122400700291853,0.05300073359386265,0.1766199406872482,1.0197859184755989,1.3113759003722338
burst_medium,3.0,42,30,True,,none,56.170494079589844,5.0565194642213225,1.0451893160392791,0.2585965886695384,0.039373642557086495,0.6011533025773252,0.9392839306259224,1.3587400636058256
burst_medium,3.0,42,31,True,,none,56.39284896850586,4.302104242440185,0.6519728302791378,0.4575738013534105,0.10621320112742483,0.4063851920614643,1.3677218411478735,1.5077381979606002
burst_medium,3.0,42,32,True,,none,32.15633773803711,4.75899493797326,0.3101084605003376,0.34045478862350487,0.19618312175216646,0.35521498455904765,1.0744340567840298,1.7284773449388906
burst_medium,3.0,42,33,True,,none,67.84942626953125,5.181968364916154,1.0946766977261335,0.2690380588708927,0.040747997496303034,0.40524326494091184,1.299904244158655,1.5360472299235428
burst_medium,3.0,42,34,True,,none,58.06454086303711,3.5977834272636002,1.226063268417541,0.6349995732787295,0.1483720334531204,0.5236553753586514,1.0480953796667603,2.4253235573574146
burst_medium,3.0,42,35,True,,none,55.466365814208984,3.951137210734084,0.7663822035691141,0.44811380869420936,0.10685908300512498,0.22814697521945607,1.072125354678368,1.4942518386173027
burst_medium,3.0,42,36,True,,none,60.253238677978516,3.367696745800423,2.2632666774815497,0.39139261854336155,0.057108777014822025,0.5265073229944195,1.2504514352847973,1.6793303634345664
burst_medium,3.0,42,37,True,,none,63.598838806152344,5.516744044388479,1.746399681701499,0.2693464285441085,0.15323850417329798,0.2533661833932211,1.400274175703605,1.6416101900058224
burst_medium,3.0,42,38,True,,none,59.572052001953125,4.696973535445767,1.2214642419726298,0.42115560812529046,0.1606425225814467,0.4769946421660283,1.251643855365337,1.8637630378923649
burst_medium,3.0,42,39,True,,none,58.19184875488281,6.167288334926511,0.8904988073416331,0.394318655167796,0.15091602749055266,0.8027005016671467,1.3170705568846246,2.675976556217529
burst_medium,3.0,42,40,True,,none,55.75564956665039,5.540036012625755,0.42809858839660286,0.9167592262335393,0.06273237384285794,0.7046731636661975,1.406080298162861,1.3599375937751874
burst_medium,3.0,42,41,True,,none,64.86271667480469,6.549949093736314,1.3588093258925544,0.2645945740824318,0.06359354744809129,0.4003505063180008,1.246905615445522,1.6486586662770577
burst_medium,3.0,42,42,True,,none,55.71562194824219,4.0251438972084514,0.8780598109539748,0.6104753717354522,0.1303486539376205,0.3118346727413073,1.084410731661581,1.2154354625644725
burst_medium,3.0,42,43,True,,none,64.77925109863281,7.284826145257645,1.0708922769816627,0.3624255330323867,0.10464767976441729,0.20643944477009848,1.020840397495906,2.151658161110149
burst_medium,3.0,42,44,True,,none,67.2488784790039,4.844956187759136,1.253129207520908,0.08719849393757198,0.10809079926609616,0.28214607268327413,1.1045575517942692,1.5240368792804233
burst_medium,3.0,42,45,True,,none,67.5886001586914,4.042851348262285,1.093223037738073,0.2988932827444135,0.04866214881197419,0.22178378933864512,1.187476354102141,1.2481622277059738
burst_medium,3.0,42,46,True,,none,61.13432312011719,4.5227308511718975,1.5016146510118689,0.26448777309165844,0.033092466064631745,0.3348438833253343,1.1429936308485136,1.2943291554668948
burst_medium,3.0,42,47,True,,none,62.507076263427734,6.24933983704491,1.1968424610502058,0.10444749639527172,0.0471947364425113,0.48171849912198367,1.1430884431838948,1.3773911505801557
burst_medium,3.0,42,48,True,,none,61.3904914855957,4.637405325433431,3.123069572069689,0.3221531703176623,0.05480912646465315,0.36593561425072213,1.0903594688961546,1.6689612197064294
burst_medium,3.0,42,49,True,,none,71.99576568603516,9.978962555222147,0.6965434762573743,0.26304811515037896,0.07700553320642431,0.4027231360521481,1.226900524742085,1.6883743824343678
bias_medium,3.0,42,0,True,,none,57.691253662109375,6.961273118201736,1.591203288962412,0.3342136724220851,0.08954906183491801,0.4690488659043626,1.104899789542197,1.6638832292827874
bias_medium,3.0,42,1,True,,none,66.45864868164062,5.048756115899812,1.1501111584736752,0.4386400680891848,0.08765587723097074,0.3662594270014419,0.983330643956469,1.6847194423733411
bias_medium,3.0,42,2,True,,none,58.8597412109375,4.028474315908351,0.9513722060617835,0.34223661403474037,0.12296421488816676,0.6593911431838622,1.338997818871784,1.758964316708319
bias_medium,3.0,42,3,True,,none,69.0503921508789,7.0529563490034874,1.131988023277628,0.3938960263406135,0.0357154269789255,0.40523391355485533,1.0280333025384718,1.5190567213482535
bias_medium,3.0,42,4,True,,none,61.849464416503906,7.760906152916761,0.5739715714770429,0.24868423846785986,0.12277859273094661,0.24568423160826316,0.9560087194026089,1.376118217046861
bias_medium,3.0,42,5,True,,none,58.4598503112793,5.280010784380567,0.5770156183328895,0.2393418205055707,0.0692786563666738,0.2191501063777382,0.9790450846932954,1.5866410760959986
bias_medium,3.0,42,6,True,,none,55.39673614501953,9.428325586437806,0.944600057895796,0.3497575398550326,0.1564461222890112,0.36639020211385387,1.1569963897587643,1.6250618664667353
bias_medium,3.0,42,7,True,,none,55.13140869140625,6.256538331420408,0.5441501717592417,0.34065273937834323,0.19622308971575353,0.4128865818722955,1.5843335631210547,1.3983321148867114
bias_medium,3.0,42,8,True,,none,56.01182556152344,4.657909002376326,0.9940462965380565,0.37534729928203986,0.10180322057509611,0.563619635584465,1.1411904818361995,1.454367760288143
bias_medium,3.0,42,9,True,,none,59.05571365356445,6.156581979859655,1.0158524991470101,0.49636203329856715,0.038555771815416674,0.44018959224128623,0.9045102680596315,1.439159492461527
bias_medium,3.0,42,10,True,,none,54.27644348144531,7.236556765525588,1.670098440704118,0.3889537463325578,0.10934575286653747,0.5925150781799168,1.3102741730591432,1.5027139598716863
bias_medium,3.0,42,11,True,,none,67.37492370605469,6.0669083488900215,1.527337302851708,0.2847838367733766,0.10327643531822674,0.333980923534517,1.166389377541818,1.5767220232985637
bias_medium,3.0,42,12,True,,none,64.47795867919922,7.756949615527357,1.090857385070703,0.21857285340915444,0.05561247738813172,0.5773763171139851,1.4816955417770012,1.9903286589342488
bias_medium,3.0,42,13,True,,none,56.21696853637695,3.789338548511174,0.6002624603194021,0.3378864687631463,0.09639960319081597,0.21123963467058512,1.3376602977082372,1.5300725413259961
bias_medium,3.0,42,14,True,,none,61.55568313598633,7.963390757644288,0.9989170862985732,0.26233885652722094,0.07039643831425269,0.4487271460745225,2.0196637788375833,2.1704254562641188
bias_medium,3.0,42,15,True,,none,66.1875228881836,5.652488890526674,1.5006389153332378,0.3499971484034038,0.03554934553254794,0.5357195950201351,1.0803003751887534,1.684713121700135
bias_medium,3.0,42,16,True,,none,61.367244720458984,6.126493153752265,2.35945468664364,0.3443687977069565,0.14137017428197318,0.7691077257011129,1.0102659565170238,1.4268450752436825
bias_medium,3.0,42,17,True,,none,57.70939636230469,4.299075009725418,1.4253328091884638,0.31105951269670845,0.0957551114751702,0.3445316700720428,0.9951906893038656,1.6429132308230376
bias_medium,3.0,42,18,True,,none,67.35981750488281,6.646445373228016,0.8640537219902834,0.5664792136667512,0.1113507322821648,0.49302288349279516,1.0990464407979368,1.5975301501755879
bias_medium,3.0,42,19,True,,none,62.63231658935547,5.227601836085039,0.38608555931016186,0.3012776718738268,0.05844974768919977,0.5077062225425868,1.2504914921454688,1.3485066616742127
bias_medium,3.0,42,20,True,,none,67.06478118896484,7.599625456598296,1.2648495125679897,0.2518124049340446,0.18252042792233072,0.19022886941017653,1.7630380864493924,1.7826889375177244
bias_medium,3.0,42,21,True,,none,58.29905319213867,6.211217401001991,1.2977913286743563,0.4098915335268067,0.15293870405168838,0.17295707640568028,0.8670500813061512,1.6408029323677717
bias_medium,3.0,42,22,True,,none,72.17588806152344,3.5882499389104234,1.2761994735124278,0.5707714607677766,0.0650371984157235,0.27451774703175275,1.1986529954584784,1.967458615410692
bias_medium,3.0,42,23,True,,none,57.57448196411133,5.276137899403386,0.7119381976354275,0.3543729832704536,0.12243089533401251,0.6572136997194334,0.832511251456909,1.3308831382812951
bias_medium,3.0,42,24,True,,none,61.63913345336914,8.044016315764308,0.5970659282664574,0.37235365666268666,0.06002718765697294,0.37336226440737513,1.3123255782971628,1.7683668851189445
bias_medium,3.0,42,25,True,,none,60.025665283203125,3.3763704290653354,1.530060373020021,0.2750515708044461,0.23603361395047806,0.39690608805229377,0.9773315288032253,2.212198071863498
bias_medium,3.0,42,26,True,,none,57.072757720947266,5.541647977326145,1.125233020269265,0.3812319311595619,0.17159128403755353,0.4025641434609944,1.3058208474216775,1.2777588441789465
bias_medium,3.0,42,27,True,,none,62.70946502685547,6.377444003894019,1.1845279016886412,0.4023992979790672,0.22587482229971176,0.2308165116413147,1.0839843501961797,1.4320715383057168
bias_medium,3.0,42,28,True,,none,66.72372436523438,6.66214936902531,0.7887250153759201,0.26119228690302804,0.1278821084845397,0.31183003699137,1.1386824402106814,2.112251092363464
bias_medium,3.0,42,29,True,,none,68.8570556640625,5.396231376188155,1.0210011816249458,0.45713764083318753,0.04204396681038365,0.3906092885526489,1.5038994517863646,2.0461686718791423
bias_medium,3.0,42,30,True,,none,67.8645248413086,6.348428616844967,1.0491928554737666,0.2992565084164787,0.10996074383301317,0.48978408907975285,0.9750326304450494,1.4966977008699094
bias_medium,3.0,42,31,True,,none,72.35053253173828,5.669690613375572,0.517316494937316,0.41132215068189376,0.19876615468969694,0.2642917234673845,1.1034670060602312,1.311677697672867
bias_medium,3.0,42,32,True,,none,73.83708190917969,7.123151663725189,0.3384540455548277,0.25247935986861136,0.21750802047432755,0.6280144807626677,0.9394241045074133,1.2372001783203408
bias_medium,3.0,42,33,True,,none,63.35988998413086,4.509552300293013,1.0167292654045679,0.5120347405631195,0.0746043273239136,0.6036418153088833,0.9864215998166002,1.504636952420242
bias_medium,3.0,42,34,True,,none,58.92366409301758,4.16834702096401,1.4710318942154024,0.44448547026457574,0.12769141701799405,0.21597836259085304,1.1900407615097064,1.735313581587852
bias_medium,3.0,42,35,True,,none,58.25813293457031,7.416074928247273,0.9371005328493663,0.2950511890163145,0.10151073223971813,0.2791617778134113,1.3457515593785954,1.6711480446807192
bias_medium,3.0,42,36,True,,none,63.52365493774414,3.362713480479118,1.2195796169933375,0.44064354285944207,0.07400243622738181,0.3932269477998841,1.0460995565470306,1.5793134731907883
bias_medium,3.0,42,37,True,,none,68.16249084472656,6.406807773511634,1.956894282225692,0.3393095027443161,0.03871251485512049,0.3465234721459606,1.1091674324766743,1.4901162553403033
bias_medium,3.0,42,38,True,,none,60.46701431274414,8.245011896251036,0.3937373032764766,0.42211841381249027,0.032364589896505466,0.260421456323136,1.3023508873729588,1.4841775583869452
bias_medium,3.0,42,39,True,,none,63.077964782714844,9.5244805057231,1.1705701977823975,0.18195228706652466,0.1332733784859856,0.24489480310077835,0.9457491233243285,1.2235593583906124
bias_medium,3.0,42,40,True,,none,62.53656768798828,4.994308176333439,0.8252512868117953,0.3777467513357138,0.09400265079218967,0.3163212400377666,1.685173883699218,2.3174473016244725
bias_medium,3.0,42,41,True,,none,55.41371536254883,4.445719427979868,0.7178282244174695,0.42269736461139334,0.08637637596770353,0.4383812096930389,1.21417390839518,1.6736136373897181
bias_medium,3.0,42,42,True,,none,61.097389221191406,5.012074183450679,0.6799548763188373,0.5132252471628589,0.17205623050638186,0.4343177546622293,0.9390364909126349,1.5639919600513645
bias_medium,3.0,42,43,True,,none,53.08836364746094,3.393971813912767,0.8126390280483237,0.20654517462270044,0.15985706890229148,0.37996879354504065,1.0733861643276763,1.223532189981385
bias_medium,3.0,42,44,True,,none,60.245994567871094,6.435022532669381,1.2218936470147383,0.42563340342747497,0.17412885666063366,0.23877417858936303,1.4228566656920008,1.2335956117729656
bias_medium,3.0,42,45,True,,none,62.76506042480469,7.894419661079652,1.5436421195227856,0.3916505419977652,0.06482800471947421,0.3862292395734095,1.129403808270993,1.486573322944033
bias_medium,3.0,42,46,True,,none,72.86672973632812,6.455535424156644,1.5352926689813062,0.3645657388122534,0.04521674177351476,0.3061690761264648,1.0388976317627183,1.3225192689534384
bias_medium,3.0,42,47,True,,none,60.10884094238281,7.866657249316042,1.0842559037074573,0.222342674410822,0.14205028861216845,0.3989231041951828,1.1992468260212907,1.7616405168825644
bias_medium,3.0,42,48,True,,none,55.312740325927734,4.834573414036805,0.9990185511328096,0.42618356276318015,0.14049250718945516,0.4535725925473058,1.093793418445417,1.9957865160538537
bias_medium,3.0,42,49,True,,none,56.60236740112305,7.730490979844451,1.1268963826927967,0.22013237566829397,0.05488147671786669,0.4816683698352495,1.2018554154198429,1.8403584275004825
jump_medium,3.0,42,0,True,,none,63.29515838623047,5.564791874191255,1.6972703315822297,0.22615785283533377,0.047124359036430974,0.3571253469692391,1.1539025220581896,1.418679854319153
jump_medium,3.0,42,1,True,,none,57.566287994384766,4.762845729556729,0.986796145309086,0.3968765163951769,0.19376168513960804,0.2171507831729196,1.1090569843730245,1.5089003295347507
jump_medium,3.0,42,2,True,,none,59.63523483276367,4.436004908604049,1.2868896000766752,0.39104299553666727,0.1414174466473974,0.3817459168406435,1.099005891268039,1.8633403423463593
jump_medium,3.0,42,3,True,,none,64.84872436523438,3.9982980566072595,0.8647946111431705,0.2797907422830444,0.09663995914708462,0.3620054368512474,1.0326621771127686,1.5321764218260998
jump_medium,3.0,42,4,True,,none,68.27394104003906,5.0977302094715276,0.5419428912310889,0.27197326950258977,0.16881197727101055,0.5145585548608566,1.012898968788555,1.4323871177287677
jump_medium,3.0,42,5,True,,none,60.49778747558594,5.1442424669516384,0.30280522737402693,0.471720974572848,0.14855338971460333,0.44185672487601374,1.0639872180187844,1.5093882249327917
jump_medium,3.0,42,6,True,,none,55.69268798828125,3.881743686634863,0.8313868999775352,0.15420621042657423,0.2433472621648574,0.2404686577641066,1.2169218647823112,1.4386862915296843
jump_medium,3.0,42,7,True,,none,51.64100646972656,6.020261162767493,0.5486535610099157,0.6310690203566227,0.15389915797284578,0.5466733716794786,1.1102090681277974,1.6343986522441696
jump_medium,3.0,42,8,True,,none,49.55406951904297,9.508107708063307,0.6508053253069056,0.9882529952164602,0.06618520785339992,0.9546829836634025,1.0540315607878479,1.4174830824264621
jump_medium,3.0,42,9,True,,none,57.618614196777344,9.960217374836917,0.536650912594152,0.26389795705447516,0.1602163402361666,0.36018544509824674,1.2371754364255834,1.288489607990936
jump_medium,3.0,42,10,True,,none,63.27225875854492,5.6382339354906215,0.5921626502009064,0.5458194939747397,0.1712205699878905,0.6449887091685229,1.4938435467766769,1.8035067579928978
jump_medium,3.0,42,11,True,,none,63.89125442504883,3.7018286867929975,0.5679101147138649,0.39785087752874976,0.05801360735766025,0.4207333211218107,1.2218827573153337,1.7408029343677125
jump_medium,3.0,42,12,True,,none,59.47798538208008,5.175436959101375,0.9956060691707463,0.33468792781933404,0.0662969690135394,0.4954924340518126,0.9308683773936162,2.1734951155692177
jump_medium,3.0,42,13,True,,none,65.5226821899414,4.182997053587981,0.8908597329170238,0.3446643519048199,0.04256753907478321,0.5038147483445076,1.0784497176010364,1.2052721187832443
jump_medium,3.0,42,14,True,,none,61.07760238647461,3.3474944682799195,1.244937648606503,0.3622949646973074,0.14946528940142742,0.3804455280412354,1.087584200396155,1.2713200335940285
jump_medium,3.0,42,15,True,,none,61.1489372253418,6.012116963491134,1.2253814082641952,0.4838870067485732,0.18216259178012065,0.5127347295078317,1.2131300786732782,1.7668678185882778
jump_medium,3.0,42,16,True,,none,68.99640655517578,4.3227501763129235,0.7254180376094098,0.24489627267572509,0.16882028319090467,0.23696645038220243,1.1963968020677729,1.3141393612041956
jump_medium,3.0,42,17,True,,none,64.67631530761719,7.793910551995115,1.3999971236656192,0.36369623657484157,0.1432793959207054,0.7367070935662704,1.118365012107585,1.653158035976799
jump_medium,3.0,42,18,True,,none,57.04727554321289,5.923804738671576,0.48151485802839084,0.2257550164693144,0.11453430831951583,0.21539607865075253,1.5175495014927178,1.515615069506564
jump_medium,3.0,42,19,True,,none,45.605926513671875,7.329621047969036,0.6022336084829573,0.937142282846194,0.05581586987477023,0.32713465507977346,1.397280552477734,1.8823595234029442
jump_medium,3.0,42,20,True,,none,57.8625373840332,6.577683436040823,0.5554179916718314,0.4869320279916078,0.19311931938976065,0.4809394411827879,1.0145006392421378,1.2542589912956037
jump_medium,3.0,42,21,True,,none,60.58422088623047,7.127456601064853,0.5035542273282967,0.3572859839777846,0.14798774935826486,0.7425512057439455,1.4516391974266691,1.7676213024122978
jump_medium,3.0,42,22,True,,none,63.4426383972168,5.952215797148663,1.1165496246995594,0.22376891461747217,0.11674319227493883,0.48328322973187016,0.9181749508577877,1.7040267349633746
jump_medium,3.0,42,23,True,,none,63.75516128540039,3.7203627236057337,0.5870767112311319,0.29306803179089475,0.12212184209560258,0.5428605549314397,1.1633247446054127,1.2937934786349048
jump_medium,3.0,42,24,True,,none,60.51774978637695,4.233041984316421,1.2696875766253914,0.45739111379955394,0.11770928636157026,0.4686764041052606,1.6405822252329036,1.3520217111200736
jump_medium,3.0,42,25,True,,none,59.351356506347656,5.959545125081538,0.3666865140189839,0.5291945457014567,0.08106153688482476,0.3572387218171361,1.2785324320330558,1.299070569797095
jump_medium,3.0,42,26,True,,none,57.87461853027344,3.610255864344809,0.830116789363459,0.43527679352309384,0.1627275722562543,0.5233652395425478,1.223213775491582,1.561960323953151
jump_medium,3.0,42,27,True,,none,62.0514030456543,6.093572590380589,1.0012234152955104,0.26005029052033346,0.04965748759169496,0.41759332370139096,1.384535886956321,1.7665227541581825
jump_medium,3.0,42,28,True,,none,55.188785552978516,8.582983005499708,0.6150463943286124,0.3404316502816299,0.12675576612835196,0.38387766512406707,1.36650453383399,1.2667181430910095
jump_medium,3.0,42,29,True,,none,52.04295349121094,4.404989192772882,0.8227930162014832,0.4801011042621938,0.08535693752388761,0.20031642419586185,1.0276181684546841,1.7689590481235105
jump_medium,3.0,42,30,True,,none,57.35384750366211,7.479510365941166,0.7594581587972284,0.23860654564112058,0.1849181073480086,1.0686083430531572,1.5340486814915986,1.8817511255698758
jump_medium,3.0,42,31,True,,none,57.41786193847656,8.187989034160712,0.43742952920486605,0.560664761397246,0.05417366900283327,0.39550476363347636,1.5153377215909627,1.688651342261183
jump_medium,3.0,42,32,True,,none,58.70779037475586,4.632263963336672,0.5847877095626182,0.23448418021204445,0.0989333779508659,0.3554983503355347,1.2887809026020318,1.9189980001920772
jump_medium,3.0,42,33,True,,none,46.89438247680664,4.085789749679712,0.9717598374477558,0.47058112837618454,0.1303563308232804,0.5312876730290985,1.16736869804129,1.842573725353472
jump_medium,3.0,42,34,True,,none,64.62715148925781,6.504361791545664,1.4267142013954885,0.3251287067535821,0.07291664003605165,0.6871906414353922,1.015514511036364,1.7991389275634646
jump_medium,3.0,42,35,True,,none,61.82883071899414,6.160669581690451,0.7281123591315848,0.35836967146349913,0.04619110138892363,0.37075809730323983,1.1262215107616151,1.2901584323711992
jump_medium,3.0,42,36,True,,none,59.763980865478516,4.224079662236759,1.8389572403296566,0.38630038349108403,0.07675443505083179,0.19622428281265078,1.6544092233846652,1.6639106841950253
jump_medium,3.0,42,37,True,,none,81.74406433105469,7.073629054335599,2.260776669566734,0.4487279175258306,0.0696473825828797,0.7408607635536684,1.8144034360350776,1.8071248639797008
jump_medium,3.0,42,38,True,,none,65.31836700439453,6.014847819793018,1.282127092475209,0.2666827032632721,0.06961601370473695,0.28121367090968763,0.6866780415534236,1.8440052750840552
jump_medium,3.0,42,39,True,,none,64.81680297851562,4.939699660443801,0.8941909877124239,0.28477069406413724,0.05235421161313625,0.4855992963996711,1.0111358747258263,1.5443011355370926
jump_medium,3.0,42,40,True,,none,66.99075317382812,4.277784514102669,0.4125691228040816,0.3592563841889646,0.04162286282652662,0.4643903294655282,0.9896668768940484,1.3507943160444142
jump_medium,3.0,42,41,True,,none,47.302284240722656,5.989743958947907,1.1284870019568567,0.3577940768503505,0.16391884756645336,0.5468343485667139,1.1040178930883513,1.2924250283963548
jump_medium,3.0,42,42,True,,none,54.513221740722656,4.169229728093717,0.4882697583031766,0.695478426912927,0.04470434469278625,0.38031781443607826,1.2968575621779626,1.8056179428765649
jump_medium,3.0,42,43,True,,none,66.68321228027344,7.28199800951893,1.321785234673578,0.5230245995515486,0.09237380135923833,0.1048752776679857,1.2684254832384307,1.3906947200599538
jump_medium,3.0,42,44,True,,none,59.64958953857422,6.24888379122987,0.42669671767549616,0.30818039160681354,0.1312441855337429,0.29746214121318326,1.3839256467558019,2.1052487962258333
jump_medium,3.0,42,45,True,,none,60.6751594543457,5.565172332320125,0.9681700540032373,0.3973871907566955,0.18735220310522327,0.20747505687151735,1.025710471441366,1.7020609210079478
jump_medium,3.0,42,46,True,,none,59.548118591308594,6.1769678769653185,0.9595144219406306,0.6124964408590549,0.04517081959278377,0.599259227443992,1.0120254679450844,1.2857314291166528
jump_medium,3.0,42,47,True,,none,56.398529052734375,3.3947392168315424,1.0040756933870745,0.2748219361211138,0.03620961220357779,0.4275623096908676,1.1636583952281532,3.02643505699146
jump_medium,3.0,42,48,True,,none,61.044254302978516,6.056713034790685,0.620807672230538,0.3744535251929342,0.0700300338299413,0.2660421615758718,1.1901673816292668,1.7123362078778797
jump_medium,3.0,42,49,True,,none,67.6256332397461,4.301798440254691,1.9510912859564018,0.31024384969970714,0.12706692581170032,0.2384934671704989,1.022209029439374,1.4457872424396652
combined_medium,3.0,42,0,True,,none,57.545169830322266,3.6066255328135925,0.6431759804174397,0.290048213810419,0.1499739002935425,0.20168424213434047,1.4261319664948602,1.393933114384234
combined_medium,3.0,42,1,True,,none,61.798126220703125,8.3502146074775,1.1809278220067077,0.26200976215460114,0.040092864946280435,0.35773620127074973,1.587533926837237,2.1524610219498577
combined_medium,3.0,42,2,True,,none,61.34318161010742,6.534344237620941,0.9867884413772515,0.34313043526367487,0.2052930942066727,0.1843077099528306,1.0436637586495534,1.6946391678263357
combined_medium,3.0,42,3,True,,none,68.43590545654297,6.109888149321522,0.6962918014674001,0.2743403674152096,0.08040105015252642,0.46820419161815735,0.9848948163922854,1.2143442295754012
combined_medium,3.0,42,4,True,,none,58.913673400878906,6.8962048091908335,0.5655748429725302,0.30885340259136174,0.12747056823845404,0.39305250565798855,1.1377424505136762,1.3367168376475858
combined_medium,3.0,42,5,True,,none,57.292667388916016,4.3948309092998175,0.9751189275563755,0.45618126816749816,0.06943594969814706,0.228092391584198,1.1477383099742648,1.2102926714538436
combined_medium,3.0,42,6,True,,none,62.1561164855957,6.321138114660825,0.995492361490575,0.30524005678754873,0.04568463270287697,0.40234591293033045,1.1766144372930227,2.0137588221369356
combined_medium,3.0,42,7,True,,none,52.72967529296875,4.335625652634814,0.32495455188621836,0.45528195562683765,0.06384695609422013,0.48620342752232376,1.4693022106921618,2.0768551114235305
combined_medium,3.0,42,8,True,,none,64.01515197753906,4.80952535025811,0.6600394858897046,0.17472960102181087,0.1439000097231175,0.39474080762892905,1.7089459955626076,2.473402811329536
combined_medium,3.0,42,9,True,,none,56.84944152832031,6.282035762195841,1.05242931466186,0.31954895090752317,0.09340294572737548,0.15132452679135808,1.2016460791526395,1.337800950853915
combined_medium,3.0,42,10,True,,none,69.52931213378906,7.70681173028812,0.5348312214541876,0.3599907845662063,0.1148117196158929,0.3706078499150951,1.1973400097107778,1.4369885028845737
combined_medium,3.0,42,11,True,,none,55.833335876464844,4.417496518432689,1.206429825466091,0.30143505177214436,0.08302497747019459,0.6470129703709417,0.747746293067881,1.2565823812767627
combined_medium,3.0,42,12,True,,none,70.37699127197266,8.98722514143817,1.5062371055918098,0.30731206481238615,0.09090703981513079,0.38360787896993814,1.0012343133592683,1.2224862212775336
combined_medium,3.0,42,13,True,,none,74.53662872314453,5.036013409847674,1.3670165966085193,0.5076445049048302,0.05238484096437722,0.43831216170877285,1.044374685818988,1.857402773600152
combined_medium,3.0,42,14,True,,none,61.2701530456543,3.8123614350673276,1.4448641385614949,0.38612536839861383,0.293488023535761,0.7304117308465816,1.0844557417630005,1.2576871323386496
combined_medium,3.0,42,15,True,,none,65.961669921875,5.871245286110911,0.5328899215661941,0.44888230963864384,0.1202541211818678,0.46873585913301896,1.0762369740994844,1.3435855384078366
combined_medium,3.0,42,16,True,,none,54.149471282958984,4.281258253165218,0.5237247549174799,0.38357422461908425,0.049835092902012164,0.8803327149317378,1.1682927981089726,1.245323113335548
combined_medium,3.0,42,17,True,,none,58.45398712158203,5.1568883301061765,1.221385065865632,0.41327838393881144,0.07481569423298114,0.4608405775808064,1.1738266070806498,1.3842754630989689
combined_medium,3.0,42,18,True,,none,56.59357452392578,6.296295459828341,0.229958659988937,0.24764374797291394,0.1131006489801007,0.151578651812443,1.2799016009224102,1.4835430490735952
combined_medium,3.0,42,19,True,,none,65.36203002929688,3.4852843965842397,0.36190970458846194,0.2700325402918489,0.08114440483039051,0.40033900390465477,1.1230889191541278,1.594796865480136
combined_medium,3.0,42,20,True,,none,65.62347412109375,6.405299260746992,1.145887911811388,0.2565420959284039,0.14047965130634996,0.5725298923854942,0.9925026166191473,1.4730374614394297
combined_medium,3.0,42,21,True,,none,56.225337982177734,5.595877568447533,0.7749423783661407,0.2808352171623116,0.1245271741290516,0.5851836584206783,1.0168941431077358,1.8639505669138066
combined_medium,3.0,42,22,True,,none,63.17725372314453,5.294545456730675,0.6054247560386045,0.3134434808725436,0.041480639949116785,0.3017059407342794,1.2933675375529012,1.2528478824834446
combined_medium,3.0,42,23,True,,none,64.22940063476562,4.641962172734719,0.47545537862084497,0.49185324723979135,0.1866840514694228,0.5287810137817038,0.9213363544537655,1.4618789955014773
combined_medium,3.0,42,24,True,,none,61.472599029541016,4.770351261798334,0.741057600574333,0.4258909961548112,0.08417473905990572,0.4222294730372027,0.9672404574880896,1.550795755745323
combined_medium,3.0,42,25,True,,none,63.29460525512695,7.301104676988343,1.3372642725606443,0.3222795372284612,0.2143325213609518,0.6566410341690596,0.8433541658313379,1.549050264401795
combined_medium,3.0,42,26,True,,none,60.26183319091797,5.2080902541451035,0.721529185598325,0.38267591094297587,0.07141789956138075,0.5612095591105531,1.0375932884765446,1.9054811913489178
combined_medium,3.0,42,27,True,,none,53.361595153808594,4.137173720014521,0.5691978151932475,0.4851199220301691,0.04783325929878795,0.35095151799646657,1.045029570206677,1.2742183970309136
combined_medium,3.0,42,28,True,,none,59.80139923095703,6.045674823158475,0.38700699479799444,0.43472841128196094,0.1237185627159774,0.23011296521350424,1.148962558097701,1.2963377704162593
combined_medium,3.0,42,29,True,,none,60.67567443847656,3.8915257302544344,0.6601130942128378,0.637054474868868,0.07798899404058175,0.47062718877880116,1.3923776039149676,1.251495946014868
combined_medium,3.0,42,30,True,,none,62.062782287597656,6.3017177453869815,1.0773264314617792,0.38920042916179043,0.03860960999700473,0.38530821382095304,1.1807330471219446,1.3496141657112082
combined_medium,3.0,42,31,True,,none,62.085853576660156,5.455004864922379,0.761922931196644,0.42243424241562744,0.18853634337574895,0.4882690318161809,1.17322421661846,1.7509345881149008
combined_medium,3.0,42,32,True,,none,61.3924560546875,7.674121217367708,0.7298900158015023,0.33099718661595423,0.18526049883876433,0.3159668847373148,1.1919263564666842,1.3426420284273208
combined_medium,3.0,42,33,True,,none,47.4679069519043,3.796730786665078,1.0740293350872254,0.7036158990272824,0.048589847436651894,0.17945274006834006,1.2726213675396223,1.875456414048495
combined_medium,3.0,42,34,True,,none,62.35802459716797,3.087537949409383,0.2905966090449791,0.3650809617666764,0.10512041238532904,0.4316726638789374,1.4538002663597842,1.6539467728558752
combined_medium,3.0,42,35,True,,none,52.72636795043945,6.442553870911408,0.31428350456159665,0.34106983985764905,0.06309487646544705,0.5305469477531302,1.4024602837666178,1.7544527621760697
combined_medium,3.0,42,36,True,,none,56.52960968017578,4.440221806348322,1.0729929656028527,0.6557498757796844,0.2578267508005759,0.493932987051245,1.365676318408401,1.7439450065460569
combined_medium,3.0,42,37,True,,none,61.12607192993164,4.252442523305975,1.350347845927313,0.20303038324137476,0.07803308541657941,0.16057962361230974,1.2251655327436317,1.5222867510576048
combined_medium,3.0,42,38,True,,none,59.859840393066406,4.892900604941163,0.36503231232724453,0.4074729081778074,0.0617253182005569,0.22805764899670505,1.4374493109921282,1.7046478547348551
combined_medium,3.0,42,39,True,,none,54.112545013427734,8.669938072726033,0.8426955399404668,0.4707739894182151,0.24191863358160623,0.5643710001230087,1.0867708842964736,1.7544580436067037
combined_medium,3.0,42,40,True,,none,65.13211059570312,4.074218744486027,1.13413419965502,0.17337118600486717,0.09128292355386738,0.4430326521745882,1.264864501502136,1.681818152740783
combined_medium,3.0,42,41,True,,none,61.642967224121094,4.631623367238948,0.9471620107455039,0.5541859503439506,0.17867181363542944,0.20480264734212156,0.9261179606506454,1.5704850254392744
combined_medium,3.0,42,42,True,,none,65.53556060791016,6.963301191586173,1.3352751280019135,0.3687079650739949,0.13433512806428233,0.14056024214943588,1.1484815299149356,1.3633494832586162
combined_medium,3.0,42,43,True,,none,53.177635192871094,4.977517052521032,0.5712535904893223,0.34307058699823223,0.15787315382020714,0.24097094203135397,1.054197228248903,1.308337175912804
combined_medium,3.0,42,44,True,,none,51.66403579711914,5.769801680194492,0.6908041585362933,0.7319804954755074,0.1189328771485949,0.3101034108272436,1.0778883916176396,1.3987827553568164
combined_medium,3.0,42,45,True,,none,59.74231719970703,3.370306063536475,0.9831615455777669,0.32374010213775994,0.09299442482991033,0.5972636972934966,1.2176006887595205,1.7466873688941325
combined_medium,3.0,42,46,True,,none,57.80982208251953,7.1462150546015994,0.49312068838416084,0.35642172912815034,0.18528169784073373,0.627146483885185,1.3158295982459878,1.260115130590817
combined_medium,3.0,42,47,True,,none,60.770484924316406,3.2049786169560948,0.6265011601685689,0.7128391381862437,0.049722448732957475,0.3640780928695687,1.1233903128717762,1.358402754226479
combined_medium,3.0,42,48,True,,none,65.86132049560547,6.987427834476538,1.100528582460296,0.2390728208760224,0.08626556631684082,0.5714440345258633,1.0763902334465025,1.5915828669719418
combined_medium,3.0,42,49,True,,none,57.80005645751953,7.158746811780419,1.088421524240375,0.35029312605658497,0.24360195736826215,0.3266569595089219,1.6136328347116342,1.9268926694179225
gaussian_medium,3.0,43,0,True,,none,61.11996078491211,5.717192230487062,1.4145735188860469,0.18521587442107956,0.07666599933700617,0.25413679677709783,0.948113779695911,1.6551599605467293
gaussian_medium,3.0,43,1,True,,none,58.73136901855469,3.066914734456637,2.1319204340080917,0.16953945353721403,0.03943043140949186,0.478025979157633,1.0432523539455267,1.4933830864943758
gaussian_medium,3.0,43,2,True,,none,53.70178985595703,3.825424456138981,0.6980004408693633,0.4482366922658442,0.1642383403588661,0.5470101469202183,1.122601106318455,1.3240008528565752
gaussian_medium,3.0,43,3,True,,none,63.569557189941406,10.480138657175328,0.5183668733326066,0.3365219251634022,0.10156936037420322,0.5409142184317346,1.6889754511189652,1.5943047491517077
gaussian_medium,3.0,43,4,True,,none,44.09165573120117,4.139008627884952,0.7244429552603611,0.6102375894609899,0.18962280099872175,0.6066918296413998,1.247264461734361,1.4264945307246508
gaussian_medium,3.0,43,5,True,,none,50.433528900146484,8.000511000368213,0.7488349595511911,0.4847827811237425,0.11725371966793278,0.5625075107825878,1.105812424342148,1.582407306138976
gaussian_medium,3.0,43,6,True,,none,56.832618713378906,6.856740448040689,0.4213615362534406,0.5426043999964159,0.1547790719009175,0.5721592816017923,1.1081278004237818,1.5695906917104065
gaussian_medium,3.0,43,7,True,,none,62.36418914794922,5.567499170939672,1.3231120982621245,0.22505313529119783,0.11225881853444776,0.4886358481787402,1.4096220564272224,1.6955183227104826
gaussian_medium,3.0,43,8,True,,none,64.13158416748047,5.390389511446491,0.8529622911924577,0.5257686948496475,0.048594396439423634,0.5802054127438417,0.9090375992058255,1.5836708367699954
gaussian_medium,3.0,43,9,True,,none,62.99098587036133,6.224518589694515,0.9548551313520027,0.520704796537639,0.04489044878443174,0.4307253577000258,1.2880305580488294,1.586485716349337
gaussian_medium,3.0,43,10,True,,none,62.62657165527344,7.46470457826377,1.5014159039578578,0.29875310225528395,0.10032788396081957,0.22298065435442033,1.185141297412604,2.1110057052048274
gaussian_medium,3.0,43,11,True,,none,62.24821090698242,5.1425976118334304,0.9904124796317394,0.24373615273661295,0.06238689084902387,0.12018469637715498,1.187876554992603,1.634953304398121
gaussian_medium,3.0,43,12,True,,none,60.23814392089844,5.710424286714019,0.8603360747833805,0.10461391453967119,0.18561969015736615,0.3963820669008218,1.0584851366114418,1.636304507003862
gaussian_medium,3.0,43,13,True,,none,57.55411911010742,3.2466066368053577,1.8264613325060668,0.28672805393921197,0.20865596871011247,0.2985432134123445,0.9750742088359434,1.548140591278519
gaussian_medium,3.0,43,14,True,,none,61.754783630371094,5.839782354324,1.3034569702568433,0.3721544155348696,0.098868831365029,0.40151741289048715,0.9974413322045527,1.746534989487078
gaussian_medium,3.0,43,15,True,,none,60.604312896728516,5.1322992446385705,1.5862347550767242,0.3321417069898967,0.11335018997975016,0.3414808084821879,1.279470434598633,1.3421879059899469
gaussian_medium,3.0,43,16,True,,none,65.62744140625,5.547649763758532,1.5341732882251697,0.4960871237595012,0.045603004645703604,0.4368990633548816,1.3067643503563144,1.6685648379416067
gaussian_medium,3.0,43,17,True,,none,59.46910858154297,12.084697058040875,1.1371226166408925,0.2623266591505639,0.06964781487301319,0.6998093805111694,1.0847009466981437,1.2976440885288527
gaussian_medium,3.0,43,18,True,,none,59.40412902832031,5.032327760361608,1.2715669720457836,0.42434819669314383,0.04997988873506188,0.6147339957404759,1.017029892060282,1.5703861932230163
gaussian_medium,3.0,43,19,True,,none,64.93122100830078,6.0214600866467265,1.0228641603719772,0.28153802928403193,0.1893176859358452,0.30871077910247,0.9297506825149502,1.7333802171173704
gaussian_medium,3.0,43,20,True,,none,63.28993606567383,6.81009523479916,0.5632544753519182,0.35920774006104145,0.06163397236611131,0.15131515496309883,1.4061478856181293,1.988380573307412
gaussian_medium,3.0,43,21,True,,none,60.87896728515625,7.030366880107982,0.6714991884866998,0.23847282540721845,0.042031376232443206,0.2410729010270939,1.3683500639675068,1.2670927986319471
gaussian_medium,3.0,43,22,True,,none,64.9689712524414,5.896416846756537,0.8329142555713516,0.3168152937707844,0.10254771810991146,0.1603423998063801,1.2128736140025265,1.5662284793681212
gaussian_medium,3.0,43,23,True,,none,56.389827728271484,6.337310504539447,1.1349621281996476,0.4972593630062761,0.06630389806213044,0.3955892451784361,0.9741648139957776,1.4005028808651536
gaussian_medium,3.0,43,24,True,,none,58.44278335571289,7.954789778727133,1.1273158283654026,0.2674377997964733,0.14228019309934442,0.45381431053106336,1.0101979230617772,1.3572529475590853
gaussian_medium,3.0,43,25,True,,none,68.18814086914062,3.0672792270777323,0.5245624708965896,0.5087499318065061,0.05232542526867911,0.24320424869740864,1.3699584964756573,1.942406531381821
gaussian_medium,3.0,43,26,True,,none,55.78804397583008,7.150933535932527,0.39227108452775905,0.2165138057666152,0.07880322615843861,0.5991981987925455,1.3752434069326218,1.6676655212007456
gaussian_medium,3.0,43,27,True,,none,57.5717658996582,9.373681929041654,1.2213661957962494,0.19476671034471912,0.14000905352260556,0.2662749728162327,0.8609252382962554,1.6131545963647422
gaussian_medium,3.0,43,28,True,,none,57.757686614990234,6.530962100139561,1.514624290169343,0.2845990361677371,0.0658598560198976,0.886026663600533,1.2590494709760136,1.2660229289455032
gaussian_medium,3.0,43,29,True,,none,78.18994903564453,8.575309005893525,0.9192600318243317,0.22687043134923235,0.07428962507021294,0.4021730821198394,1.2114168853460505,1.7116487769751458
gaussian_medium,3.0,43,30,True,,none,47.16316223144531,4.375581218291831,1.1448871374967267,0.5813928948581372,0.09862343243112663,0.30508578607969533,0.8944682685417193,1.2685634796915792
gaussian_medium,3.0,43,31,True,,none,57.31317901611328,4.622922337604172,0.7959466888398558,0.4415752193151275,0.13689802872300724,0.21423097283268752,0.8600516115364413,1.9279726437977782
gaussian_medium,3.0,43,32,True,,none,52.6746826171875,4.950996801163601,0.9166838483295231,0.6062465149029835,0.06952582068445179,0.3737200816972979,1.3157310533558766,1.714863895336535
gaussian_medium,3.0,43,33,True,,none,64.27543640136719,6.253458359754855,1.3563713242807378,0.25072906837398573,0.06753380668853712,0.3517190976666629,1.2838768916841714,1.5513577977146245
gaussian_medium,3.0,43,34,True,,none,60.65080261230469,6.265791060009172,0.5133114685206095,0.34435887293340256,0.14370893677443566,0.5424878797335223,0.8879558236289881,1.3956845405760856
gaussian_medium,3.0,43,35,True,,none,65.73039245605469,3.7516881137973717,1.5563419699739778,0.472154082042524,0.1366985613513545,0.18383495156493268,1.4268777770514156,1.759885088372209
gaussian_medium,3.0,43,36,True,,none,59.60224151611328,6.997658549359385,1.2732077777923088,0.1875249729192931,0.23298943391443078,0.2810989812042014,0.9111782204161246,1.3419568679226606
gaussian_medium,3.0,43,37,True,,none,65.76676177978516,5.958852634122656,1.2211353510362792,0.31468817393491905,0.05070509179006696,0.48196729027129237,1.1296536300219338,1.7302512772737626
gaussian_medium,3.0,43,38,True,,none,59.2343635559082,4.224092178411462,1.5434875358991273,0.3164096472784777,0.20050637283401226,0.5370223773429791,0.9642752344728864,1.5875893662647862
gaussian_medium,3.0,43,39,True,,none,59.493019104003906,5.845664815541443,0.6945519688071762,0.4257106836556992,0.09538444903322202,0.4563577803153193,1.2526242478320067,1.77816500833786
gaussian_medium,3.0,43,40,True,,none,69.89613342285156,4.668564660626995,1.2734172168835887,0.3517691976484302,0.03422464419586504,0.651200414855555,1.0255212676343672,2.432150950783363
gaussian_medium,3.0,43,41,True,,none,60.031715393066406,7.38631090561396,1.2983733641645092,0.24770605163454043,0.09561081730958046,0.3048750107403676,0.9962233495757864,1.524516078598988
gaussian_medium,3.0,43,42,True,,none,62.147254943847656,4.369634616309443,0.4989077307568582,0.35805967719599946,0.028229283820360742,0.3817588142850325,1.412390296652698,1.7941412990114545
gaussian_medium,3.0,43,43,True,,none,63.5515022277832,4.7305665235927234,0.26879024211018215,0.5398543505129729,0.07332672045256149,0.24234890362630135,1.487728442527696,1.7436395968495815
gaussian_medium,3.0,43,44,True,,none,60.388999938964844,5.940179414964099,1.77311189468527,0.3397870605912484,0.047841596002590664,0.34250506737011327,1.319119945959467,1.7176222830403283
gaussian_medium,3.0,43,45,True,,none,59.292999267578125,3.745600155042694,0.5669020238414744,0.3330396122146451,0.09768663286831146,0.8117157674705117,1.2472620499335643,1.3714721426548189
gaussian_medium,3.0,43,46,True,,none,63.31061553955078,8.526228076264005,1.139075106958618,0.2533963505672147,0.13637615459674493,0.5739580697950645,1.2812335794278258,1.2657929400863281
gaussian_medium,3.0,43,47,True,,none,56.449432373046875,10.775689956941825,0.7121864139644694,0.3704824806592569,0.04467318975005673,0.5326356651994625,1.6361598433551854,1.8521902560434897
gaussian_medium,3.0,43,48,True,,none,60.75843811035156,6.0097875291510565,0.5207436520338883,0.3832671227916462,0.10368796505003997,0.5657335649813615,1.3152270473659078,1.4782340067989332
gaussian_medium,3.0,43,49,True,,none,65.11016845703125,7.26222354161528,1.2547703291405756,0.2600827324505355,0.044994038308503806,0.24665447814836922,0.7826161296427728,1.7720378311880403
drift_medium,3.0,43,0,True,,none,58.595970153808594,5.097518818427799,1.085846369206349,0.4707993134046648,0.0511787353365398,0.33487656620948064,1.2890307567246395,1.8087066793198878
drift_medium,3.0,43,1,True,,none,59.266029357910156,6.388257335158459,1.5495748114326844,0.2922971800728098,0.1611175991814451,0.1820229916727244,0.9231151162433765,1.6168561119120561
drift_medium,3.0,43,2,True,,none,55.734378814697266,10.955304450301698,0.8989414840752037,0.39065812962421875,0.16180857528522688,0.452120552519746,0.9007237331621594,1.2624144036217848
drift_medium,3.0,43,3,True,,none,58.523658752441406,6.715706765975736,0.7658310532074062,0.429114896507764,0.06137903418297365,0.3525209144094615,1.0384900879869166,1.1571357319794926
drift_medium,3.0,43,4,True,,none,62.15135192871094,7.1537755940518455,1.445357517229445,0.31336793861250917,0.12440672422801141,0.5229401783137507,1.083890051777962,1.2984993028896472
drift_medium,3.0,43,5,True,,none,62.639060974121094,6.720978833524474,1.3106103226763577,0.308359199795996,0.1140478004791882,0.509032898525555,1.134742476680558,1.3462948626758833
drift_medium,3.0,43,6,True,,none,47.101524353027344,8.679017720791029,1.1321427814289415,0.4513035388285608,0.26391312281603274,0.21011290102800614,1.2892012919184093,2.02181298912137
drift_medium,3.0,43,7,True,,none,55.93358612060547,7.7771542267730105,1.2098157613072777,0.12492205397442427,0.16990944926043122,0.5134345847190124,1.1793107035802253,1.3494820569725101
drift_medium,3.0,43,8,True,,none,59.705299377441406,8.16013568305483,0.7735017836345237,0.4222146771365249,0.4773130148171272,0.46320517420609386,1.5170325466103038,1.9114237720053913
drift_medium,3.0,43,9,True,,none,57.61735153198242,7.951802307218951,0.9796426430021858,0.35989463053201937,0.17981778438404117,0.13271731082425983,0.833887131148325,1.3158509163366883
drift_medium,3.0,43,10,True,,none,64.47766876220703,6.27907490575381,1.2597511992043708,0.280382539417916,0.07509876844066565,0.2279387229621141,1.125748675264836,1.3394766745399018
drift_medium,3.0,43,11,True,,none,63.199344635009766,4.771064814714648,1.6319186632062834,0.38296209398251324,0.18524094177068545,0.32920269641689315,1.020039318551427,1.3858675359705597
drift_medium,3.0,43,12,True,,none,71.57000732421875,5.534072328567006,1.5566054509890843,0.28235711763084476,0.041347072671431784,0.3454370836452722,1.1712721519987546,1.6494869260770353
drift_medium,3.0,43,13,True,,none,60.2490348815918,7.294868760300367,1.163975025425313,0.19578151395739354,0.12066867276622548,0.3435766852781871,0.9278797851583622,1.5450573989549934
drift_medium,3.0,43,14,True,,none,57.92208480834961,4.134872089112762,0.9471485103867825,0.37849989364987424,0.06480623422534396,0.3970081296273508,0.950751607279005,1.9444633882428142
drift_medium,3.0,43,15,True,,none,59.051170349121094,6.242571971221702,1.1742772378077106,0.11759093366650064,0.13148483935392352,0.2550163302048623,1.209437226293423,1.2422254113936433
drift_medium,3.0,43,16,True,,none,55.059810638427734,11.034517591799569,1.2172383275157421,0.22902658329144565,0.17715071151358128,0.4120725250642347,1.0763840318380853,1.4571175027331205
drift_medium,3.0,43,17,True,,none,64.85025024414062,4.751261522087944,1.7879397906775103,0.20170238552862998,0.13032965881313902,0.4797348577998213,1.6387094104111903,1.8681001743175578
drift_medium,3.0,43,18,True,,none,55.38063049316406,5.865005302707032,1.1767831028316629,0.24747191589248438,0.14738228244671048,0.5102900152610969,1.2747241727288752,1.665928278872888
drift_medium,3.0,43,19,True,,none,61.54250717163086,6.6036834722453,0.7875922453476669,0.23430461170420336,0.1654438689971366,0.3204214285400379,1.070131296245877,1.2998455204919448
drift_medium,3.0,43,20,True,,none,61.53770065307617,7.698838467919744,1.0780098328848773,0.3085408590742169,0.030588691751963066,0.3512964744982701,1.2189153045936352,1.6878438101762496
drift_medium,3.0,43,21,True,,none,51.234920501708984,4.055125004376668,0.6970542410320851,0.403466272840082,0.10895190910384553,0.17989297086833328,1.1933514701258772,1.400009409380353
drift_medium,3.0,43,22,True,,none,63.376590728759766,9.119934710544621,0.6676989170327616,0.39757341479370445,0.0826490281896825,0.36945238257996815,1.1056732089632129,1.446513293058851
drift_medium,3.0,43,23,True,,none,67.42349243164062,7.976253007892064,1.3370272603108644,0.1774653931873233,0.1082358256851475,0.12093607112281674,1.1628143933203676,1.3957429210533145
drift_medium,3.0,43,24,True,,none,62.57808303833008,6.984425647653054,0.49667455588966924,0.4638604891100254,0.06791128560320527,0.4662867517135795,1.2988140512244193,2.2457668559910595
drift_medium,3.0,43,25,True,,none,63.44704055786133,6.09278786177737,1.1008493878128776,0.2981579122931116,0.15474810970816463,0.3863122178286246,1.4136327936797732,1.7183451279259325
drift_medium,3.0,43,26,True,,none,56.85193634033203,9.579041096013013,1.307012664117002,0.3940756377045752,0.04486723302634513,0.20916064989220187,1.182924350112928,1.2631845484188393
drift_medium,3.0,43,27,True,,none,64.04529571533203,4.28542776626682,1.5547450974624133,0.3019550490072897,0.05665024146461538,0.8043129087067485,0.9704173413140423,1.7122243204173524
drift_medium,3.0,43,28,True,,none,54.99470138549805,7.060386399560069,1.19863349298797,0.21811049315258188,0.16520622030277454,0.24737966032361716,1.4005912500267097,1.8718323332368678
drift_medium,3.0,43,29,True,,none,64.60281372070312,11.455617896113244,1.108714979742224,0.49923470808404646,0.05555026098176012,0.2753297850269592,0.9983520793497478,1.3101060121624615
drift_medium,3.0,43,30,True,,none,62.69348907470703,10.29976076685044,0.5698853811272164,0.41986520847418396,0.1859963549497407,0.36692936255723935,1.100938335459671,1.2939921004734714
drift_medium,3.0,43,31,True,,none,61.581111907958984,5.3136406311421895,1.1811314168679405,0.17300962386149588,0.07203625377038128,0.15107038927865796,1.1266878457125413,1.9372861273780013
drift_medium,3.0,43,32,True,,none,63.93206787109375,8.069618570315438,1.4148274435872796,0.16468575788506795,0.07788581674408807,0.43863830545627774,0.9810637571369041,1.6088785913977894
drift_medium,3.0,43,33,True,,none,57.71490478515625,7.327346846430979,1.1175442673644833,0.472439168425591,0.03557344529728477,0.5804235522363667,1.4095576324095298,1.9578959203092792
drift_medium,3.0,43,34,True,,none,56.77749252319336,3.200353622784285,1.4503406057552157,0.38245878854584736,0.04681252534927729,0.5158554184719221,0.9775459499105285,2.045118874548216
drift_medium,3.0,43,35,True,,none,66.6965103149414,5.0303772570544165,1.168761190546656,0.48182174339552547,0.05267700696403768,0.2528816563241539,1.0711120972794077,1.330371534180785
drift_medium,3.0,43,36,True,,none,60.00284957885742,8.131904471294371,0.59935867301966,0.31088896490373,0.08688020606038942,0.37249239160052944,1.1815183178359194,1.8325957352214748
drift_medium,3.0,43,37,True,,none,78.00505065917969,6.164338372513401,1.4175672041503107,0.31179977606901643,0.09876446715918324,0.6283857990759673,1.4052789417743787,1.3825844795652749
drift_medium,3.0,43,38,True,,none,78.85844421386719,7.029251604073234,1.6659032194146488,0.354764766416189,0.16629216426943866,0.556411775080301,1.1562520577595816,1.2319463477345542
drift_medium,3.0,43,39,True,,none,58.02727508544922,5.473696794551918,1.3516147275648698,0.17197686999749798,0.04613488559134719,0.5543709240514774,1.5385281175201038,1.8785209186453349
drift_medium,3.0,43,40,True,,none,63.24894714355469,5.58212849915038,0.953001552026136,0.3439161727976087,0.15107210187824968,0.6871159864750067,1.3851934012488953,1.7697753193728956
drift_medium,3.0,43,41,True,,none,78.89668273925781,6.3374816900894615,1.3434586058470175,0.31339012271383304,0.117626942566046,0.29174176817395436,1.1094118758394844,1.3215300282345028
drift_medium,3.0,43,42,True,,none,58.982666015625,6.340239041709033,0.6604447412099437,0.32045260439202206,0.12136434260664605,0.5263329581716633,1.19052566467639,1.9570942970912253
drift_medium,3.0,43,43,True,,none,56.036128997802734,9.511208583046058,1.5359672664764554,0.3198370482944933,0.050095749269721455,0.4101763597465334,1.115634606639454,1.847534637123301
drift_medium,3.0,43,44,True,,none,72.25772857666016,5.058057290188295,1.4906615938900805,0.2784342842343887,0.13166535304526905,0.37489643491445224,1.0595785825829036,1.5296007619221144
drift_medium,3.0,43,45,True,,none,63.28169250488281,4.20354530168032,0.5554067493386082,0.44800767430721117,0.0876440500784517,0.6211503733367624,0.8831768286626169,1.4076828923829916
drift_medium,3.0,43,46,True,,none,63.65142059326172,8.50232785777087,1.3475670670108861,0.3609194265380577,0.16419634086179527,0.27324144036196185,1.080522502250662,1.2651058731687443
drift_medium,3.0,43,47,True,,none,59.30466842651367,5.544610257634277,0.9876909933629336,0.41401566359991115,0.10934155692033111,0.33914451281819424,1.1504010644461695,1.9348380556994362
drift_medium,3.0,43,48,True,,none,52.03099060058594,9.6984668099208,1.0759661696877412,0.3630065163712007,0.12284081177145734,0.729773819243415,1.2103863911685486,1.698968403176444
drift_medium,3.0,43,49,True,,none,57.56890106201172,5.2662513233394534,1.1371675774239332,0.3609440692612307,0.041389671592206356,0.5915570384438863,1.1259300467190525,1.392588348620691
burst_medium,3.0,43,0,True,,none,71.03951263427734,4.913144814690702,0.45271110273837933,0.41151256062060726,0.07843056131314277,0.16083105587912136,1.5073396425880214,1.8986848466495627
burst_medium,3.0,43,1,True,,none,59.710594177246094,7.264171763102505,1.0557367357231582,0.4483098838579377,0.09586060815265551,0.12497165115744703,0.9566011455280697,1.2821704892119958
burst_medium,3.0,43,2,True,,none,64.210205078125,3.56272331002285,2.5592705952561046,0.22977536678008093,0.09169482007657082,0.11080488385757735,1.1565295924171135,1.401686055743589
burst_medium,3.0,43,3,True,,none,60.65314483642578,7.26582044328658,1.546040644451884,0.39468001537726144,0.14341729510040255,0.4273539362522881,0.9269448457225216,1.5191510537548008
burst_medium,3.0,43,4,True,,none,60.48958206176758,7.444376488643172,0.5371166047028095,0.5089349601030598,0.0685014341293464,0.5486898168354079,0.9699098352594017,1.3545683527199406
burst_medium,3.0,43,5,True,,none,62.28496551513672,6.924153703691309,0.6575115522749139,0.4077037617359095,0.07143812336118455,0.27875434183422604,1.2284782041657751,1.217591545347151
burst_medium,3.0,43,6,True,,none,60.50340270996094,6.839499571866497,0.8223906323331112,0.34862923757898406,0.19505649232789643,0.1314436982662719,1.172158948736157,1.7680285169649579
burst_medium,3.0,43,7,True,,none,60.014007568359375,5.155996710584209,0.8670795231814619,0.42568505576357757,0.10691857727114197,0.28532932988133913,0.9641379336439465,1.5802824634383192
burst_medium,3.0,43,8,True,,none,55.000179290771484,4.368665582346982,0.9831809339917481,0.4346330857217876,0.07510314223400903,0.396852313777032,0.9963504762245806,1.9150066638228018
burst_medium,3.0,43,9,True,,none,32.33595275878906,3.8133524496844773,1.0933435156269697,0.2570981399829102,0.46910351363418484,0.5434098580708087,0.9475985271442335,1.2457479296701277
burst_medium,3.0,43,10,True,,none,48.91029739379883,4.036843657844394,1.1897708978574482,0.71267647855011,0.332115987575947,0.311720066469104,1.1916386672884367,1.8468770574652553
burst_medium,3.0,43,11,True,,none,67.10275268554688,4.27094315624136,2.284801687891861,0.31754692742721535,0.15759316302115575,0.5046814116534063,1.1620973859201167,1.326539975436414
burst_medium,3.0,43,12,True,,none,65.51712036132812,3.929451250978923,2.6211528092432737,0.37732817114394196,0.10004873547964521,0.30114766468986903,0.9745651333679616,1.6068633635985399
burst_medium,3.0,43,13,True,,none,62.86391067504883,6.0316278580472344,0.7493927826303223,0.3488110840440351,0.20727202389496896,0.1875363615380067,0.9655456527702817,1.666550172924165
burst_medium,3.0,43,14,True,,none,52.73384094238281,6.37332501516062,1.226362033004266,0.6466271505190668,0.267316265323573,0.39018132710112263,1.6128817658146435,1.69649135150888
burst_medium,3.0,43,15,True,,none,64.41161346435547,6.42832903625326,1.3144412378844588,0.3046266376895677,0.12449624848846287,0.5947544099576053,1.1138489532929712,1.6196408985027357
burst_medium,3.0,43,16,True,,none,64.279296875,4.576787977667447,2.4871198496658145,0.36236427614559025,0.038565135817690416,0.6258033354169334,1.152280478373558,1.3694050088006695
burst_medium,3.0,43,17,True,,none,63.419227600097656,7.1416308686557315,1.303165952894399,0.41563104345665564,0.07981356828616508,0.4459563233637911,1.6277048099100677,1.4953600429118081
burst_medium,3.0,43,18,True,,none,63.720184326171875,6.494237560442206,1.108562784872332,0.4826689727677112,0.05833037389024768,0.37904703387113203,1.2096372470073695,1.379340467590897
burst_medium,3.0,43,19,True,,none,63.69873046875,9.964823053033841,1.4155876673134715,0.4247579378155757,0.22613050284153702,0.36580831775072986,0.9210749601545367,1.300082074201955
burst_medium,3.0,43,20,True,,none,61.60519027709961,8.290526438394386,0.6086585845879241,0.38345103105819545,0.13203651218199353,0.24936292386441505,1.0939297085003856,1.6094172294797136
burst_medium,3.0,43,21,True,,none,53.09708023071289,6.545324005747996,0.5340730480347073,0.34388038234205554,0.13131438333625828,0.16856711490474544,1.9923802611904553,1.7771603037510406
burst_medium,3.0,43,22,True,,none,42.276485443115234,8.152429748592633,0.7322873587442962,0.7448036939347258,0.18685647597227747,0.5519779988351741,1.1616400828060092,1.79859435651579
burst_medium,3.0,43,23,True,,none,74.30313110351562,6.277856674213545,2.066059901867205,0.5761833230850079,0.12157709532949346,0.31380629915637454,1.1074795778213273,1.280959089685792
burst_medium,3.0,43,24,True,,none,56.60312271118164,4.034380602352743,0.48739139802299464,0.3280056208402981,0.04081034069411761,0.09806134299641203,1.0921945266926294,1.2524471361059464
burst_medium,3.0,43,25,True,,none,57.42208480834961,5.473317748474209,1.338772985049317,0.3052880209438576,0.05339555967530363,0.18385325066702476,1.1625304903131704,1.560742606314657
burst_medium,3.0,43,26,True,,none,62.658809661865234,8.638934449566209,1.1063950778041438,0.4443081853481297,0.04404178000955132,0.15861227331107156,1.012327379542815,1.1961829550684775
burst_medium,3.0,43,27,True,,none,68.30046844482422,4.365375959192134,1.6084142143363194,0.26824434851230644,0.041292326721118676,0.6856697204191107,0.9945994404813987,1.311403320164586
burst_medium,3.0,43,28,True,,none,60.605960845947266,7.9033588540477675,1.0384129377281555,0.20858214807548645,0.05599707816205025,0.4659248163955017,1.2400849913635434,1.7562347118080923
burst_medium,3.0,43,29,True,,none,64.60486602783203,5.8410357782734,1.6431621570459407,0.23875402896040665,0.06720045301587105,0.12636218092762583,0.8871661203810982,1.3023370303583177
burst_medium,3.0,43,30,True,,none,46.7498893737793,5.343415196990186,0.9106365300054647,0.5141332347735141,0.04454374353597203,0.5633105836622818,1.5932747050682026,2.0681289923750077
burst_medium,3.0,43,31,True,,none,52.46806335449219,5.894811381644321,1.1348579222975068,0.40674174707363203,0.03569333207049749,0.40084961023035065,0.9986048982485285,1.4497679354730475
burst_medium,3.0,43,32,True,,none,27.860017776489258,3.216352706314908,0.3524746546351021,0.48057735559838044,1.165580921077329,0.2857688061338032,1.219064230718318,1.818641892641702
burst_medium,3.0,43,33,True,,none,64.74354553222656,4.467603468043634,1.6040872470358722,0.4621195190023708,0.20294119062183838,0.298677953064553,1.1630188735459994,1.5743395957616055
burst_medium,3.0,43,34,True,,none,69.43987274169922,3.980650198410178,1.8916956350183372,0.41889593582059037,0.07422821004510569,0.5286794017422795,1.2134379604772616,1.5859716539369297
burst_medium,3.0,43,35,True,,none,67.09762573242188,5.406535919686036,1.0290788934463735,0.31991111002173483,0.0395950226071375,0.2119096215103864,1.4529684850690165,1.6418611843246353
burst_medium,3.0,43,36,True,,none,70.91437530517578,4.582002874988005,2.39191503417606,0.3587061700698758,0.04340453396028289,0.12061824105295303,0.8632135911930905,1.8164991635880152
burst_medium,3.0,43,37,True,,none,60.60432434082031,8.004849761664827,0.9380103088193221,0.19674620238433843,0.18631972585649006,0.498352031735657,1.347366485011467,1.2351380785367867
burst_medium,3.0,43,38,True,,none,61.180870056152344,5.927908398986277,1.257507796314213,0.23528129642372866,0.1144568473555227,0.3918976884637971,1.646875046565386,1.8822515232651607
burst_medium,3.0,43,39,True,,none,64.76541137695312,7.427076768867519,1.369201319413762,0.27313798874182127,0.09659978303798647,0.4403578308726958,1.6010369880602093,1.725530079946976
burst_medium,3.0,43,40,True,,none,49.21615982055664,3.651004659925663,0.34060260980475565,0.673000366951221,0.05907078973648294,0.5309765117044711,0.9432294159853569,1.741920967918614
burst_medium,3.0,43,41,True,,none,61.64986801147461,5.085365290684029,2.759863323082082,0.37710917307700337,0.051860942669298846,0.15207395501511467,0.9270357518271775,1.243034971740811
burst_medium,3.0,43,42,True,,none,61.98713302612305,6.108472867482409,0.8576777903834362,0.413388942358161,0.22976461128764988,0.1335850036250711,0.8964155814538152,1.3245531817327103
burst_medium,3.0,43,43,True,,none,75.18872833251953,4.289953269688828,3.3621240923905,0.3151693081818323,0.05158431946322858,0.49770893679412764,0.8305553680089651,1.531256733574128
burst_medium,3.0,43,44,True,,none,55.31492614746094,5.909061847034994,1.606898962180007,0.3203105870954427,0.04881040404309321,0.1812206881582246,1.456319682089832,1.6575063328953206
burst_medium,3.0,43,45,True,,none,69.45347595214844,7.001784059490786,1.3902027197283058,0.32639287361130603,0.11752953736029532,0.7115368707918274,1.0378396766104532,1.7850182108029349
burst_medium,3.0,43,46,True,,none,61.404781341552734,4.969745802829865,1.9415084070728938,0.4186274967486485,0.30021520982535743,0.1945716592863401,0.8721587706559271,1.709151251787047
burst_medium,3.0,43,47,True,,none,53.993221282958984,6.996013543500653,0.8427249342162761,0.3548211842862671,0.09097611340243554,0.6322080868972645,1.4060303734179003,1.7372361580860227
burst_medium,3.0,43,48,True,,none,61.826271057128906,4.462487257899848,0.7627763804067088,0.3801479159923226,0.16832232274468933,0.3442843126650607,0.9752408383163854,1.6916579571096548
burst_medium,3.0,43,49,True,,none,63.53038787841797,7.208576218760409,0.9120379675914622,0.3876090448376279,0.08908813280674022,0.3809777182897564,0.8863632712400801,1.7587518304390783
bias_medium,3.0,43,0,True,,none,63.95893478393555,5.608456699799846,1.1783477042088502,0.35500230373041725,0.14501904688398082,0.3901123963632054,1.32405580985744,1.736846219545248
bias_medium,3.0,43,1,True,,none,65.05420684814453,4.363987966816654,1.714164038605767,0.3386809400960423,0.16275898804085095,0.16292943597708212,1.3221605973813262,1.6743574442777451
bias_medium,3.0,43,2,True,,none,56.06447982788086,6.195414292822434,0.7352169055659741,0.3744085492780591,0.060781817286613915,0.3968073430394414,1.0507990570557302,1.531430032864513
bias_medium,3.0,43,3,True,,none,61.4776725769043,10.384246066731157,0.8381601445426393,0.3508218764826676,0.0746270008982945,0.6057024070222116,1.3432216988612875,2.0801789699370343
bias_medium,3.0,43,4,True,,none,57.1595344543457,9.072728717411385,1.320757836007955,0.5105318298036576,0.10404391270233668,0.4779539398139004,1.1466252289123084,1.6771594803671712
bias_medium,3.0,43,5,True,,none,67.54719543457031,4.886972502010787,1.1553073660905646,0.44324027772192987,0.03198428756608406,0.5936729716530419,0.9114522660037854,1.3238472565008323
bias_medium,3.0,43,6,True,,none,59.87000274658203,7.797837125661822,1.1352152339051307,0.39809126058587,0.03536816704555291,0.34426399747242215,1.1441749149830767,1.32018511419486
bias_medium,3.0,43,7,True,,none,55.58975601196289,7.687012211726421,1.2922243555401487,0.3675249635118503,0.17429109021844108,0.32563999005703254,0.9439235733015335,1.593912752764449
bias_medium,3.0,43,8,True,,none,65.367919921875,8.381470251379959,0.8496510488079144,0.6270125023692636,0.18652384756327345,0.49823740591124593,1.194806941504754,1.5116941919449558
bias_medium,3.0,43,9,True,,none,61.31623077392578,7.325403739130031,1.1043863521450952,0.4628404129396997,0.15435672520452876,0.23015687230130846,1.3885686074745693,1.4560231455885435
bias_medium,3.0,43,10,True,,none,79.67757415771484,9.263474349178216,1.301132140429139,0.46907028148508717,0.034257405510688135,0.36610502553507446,1.4952667925987113,1.6053801064486348
bias_medium,3.0,43,11,True,,none,66.57858276367188,4.613260024510304,1.5660119549654339,0.2574656315917066,0.04756857257878122,0.4733685088946068,1.332610456686966,1.4966905043566892
bias_medium,3.0,43,12,True,,none,71.47435760498047,5.371007513636216,1.452973753663082,0.2617225899872166,0.15685076563413958,0.4529176067655075,1.177581095390987,1.2877656126602812
bias_medium,3.0,43,13,True,,none,61.3751106262207,7.664747476367373,1.0184049786540736,0.24702290069771293,0.06408675331644617,0.4277442114969802,1.1075161579343138,1.6969929657289837
bias_medium,3.0,43,14,True,,none,72.1572265625,4.725592417594855,1.0506641150779514,0.28221430428056266,0.11338150332038073,0.4638706232857462,0.8750967071073069,1.6248246595791438
bias_medium,3.0,43,15,True,,none,64.00672149658203,4.662514842928122,1.3211622493712372,0.4440145042420819,0.15494203366000883,0.3235658285585242,0.9905676324767556,1.3171234128806675
bias_medium,3.0,43,16,True,,none,65.43919372558594,10.97709863907827,1.3423260447776095,0.2687977169179755,0.05982991936485156,0.46729272742018746,1.2703271680171384,1.3220868174364908
bias_medium,3.0,43,17,True,,none,66.28675842285156,5.396416049032779,1.6554248519346648,0.10261228044645918,0.10483818445059837,0.7296413356623391,0.989337780518602,1.3079111922513096
bias_medium,3.0,43,18,True,,none,59.79841995239258,5.346849513439684,1.2603547297873172,0.290354492969181,0.19970902269056964,0.5935781712357675,0.978827998270537,2.186209329675352
bias_medium,3.0,43,19,True,,none,64.7755126953125,5.641146687160492,0.8634853740631042,0.339369296318863,0.11693472539665783,0.14728722220045937,1.147646420326459,1.381029207435541
bias_medium,3.0,43,20,True,,none,61.38270950317383,11.030970742394462,1.0087517211571695,0.2813820972935217,0.14868573850382022,0.19799640865587137,1.325790218477285,1.2281518617106264
bias_medium,3.0,43,21,True,,none,52.78754425048828,8.312120387012794,0.8827313512215452,0.3154870201548704,0.04360670463193692,0.5684280068343092,1.0282813311254604,1.3987922635548575
bias_medium,3.0,43,22,True,,none,69.36908721923828,6.081158065039212,0.6892409639136671,0.30682177840317426,0.04253155014094883,0.37256048348018145,0.9600459411682092,1.626796132413119
bias_medium,3.0,43,23,True,,none,61.254390716552734,6.233266215267497,1.202333681821193,0.4094904347774881,0.04039073103695945,0.24586553315318296,1.0856329049677442,1.4748311767122773
bias_medium,3.0,43,24,True,,none,61.0469970703125,6.6507160654804744,0.5846664138390307,0.5393087016462863,0.08241886644962039,0.09774631262250308,1.262683688274274,1.8404952867753175
bias_medium,3.0,43,25,True,,none,67.57086944580078,5.924167946229986,1.1172443047953073,0.3640336014829445,0.043366213560819385,0.44409650093649644,1.0057995482300024,1.6476510902158743
bias_medium,3.0,43,26,True,,none,59.58491516113281,10.27167576717882,1.2502917803896811,0.3945669556156948,0.06398622549940043,0.2536568312635186,1.0676663232256132,1.8966422067139084
bias_medium,3.0,43,27,True,,none,64.56100463867188,5.369276987157142,1.6152496358676203,0.38792785640880434,0.031322352929889746,0.43667075679631606,1.0084694797288922,1.292260338394974
bias_medium,3.0,43,28,True,,none,58.90814971923828,4.9705617593202955,1.2957700660263616,0.3783963315244631,0.09449259581998981,0.569785532399401,1.0181134918979116,2.286130185811581
bias_medium,3.0,43,29,True,,none,66.36097717285156,7.37112900509776,1.0773093310498942,0.29604344518177705,0.0704674241942895,0.4278049262780136,1.7490985173522293,1.7524619188049573
bias_medium,3.0,43,30,True,,none,61.84197998046875,5.044716070786604,0.6298359379858998,0.339528247683711,0.07582974282112773,0.523632158030032,1.0126358712165637,1.274688666436661
bias_medium,3.0,43,31,True,,none,57.86224365234375,5.457291261222319,1.233970879582358,0.3866330879754786,0.07028791721694441,0.590364459430618,1.0067521629530272,1.2031939027030074
bias_medium,3.0,43,32,True,,none,77.96833801269531,9.30634525439727,1.5739017719048167,0.28701111911473565,0.0797907894047272,0.3898475438860749,1.02890126794627,1.2915050958128889
bias_medium,3.0,43,33,True,,none,59.67536163330078,5.677659411524581,1.1910638858616884,0.32230463148681393,0.11753127054578043,0.4870591598316058,1.1617140894002973,1.3611741386042382
bias_medium,3.0,43,34,True,,none,69.55884552001953,5.055387977705874,1.4307822433392219,0.6552233758593748,0.03730486512286899,0.5709347501523078,1.0882380444543287,1.6900123872937276
bias_medium,3.0,43,35,True,,none,61.77639389038086,10.73745719809768,1.1382358945497442,0.20040367928441713,0.13189158183112068,0.45180125842155205,1.1092213366139103,1.2910281523108749
bias_medium,3.0,43,36,True,,none,66.14811706542969,4.431506870599393,1.4797067128584998,0.5122402737683784,0.2100673267507646,0.3414648389428025,1.3292735235364503,1.334305749342489
bias_medium,3.0,43,37,True,,none,68.91680145263672,6.505879270945647,1.1721548730461873,0.19537849753041295,0.0712394961897942,0.21030919466274903,1.3973257067530167,1.267932591389427
bias_medium,3.0,43,38,True,,none,70.5373764038086,7.057412381110734,1.3371011696647506,0.49530872059117104,0.07583385865089078,0.3935100147119129,1.231191069927139,2.018590636556774
bias_medium,3.0,43,39,True,,none,60.889625549316406,7.272939935969194,1.4613059698279478,0.3632000797513001,0.17004156355746952,0.4497928182282953,1.3435244275696892,2.1104387232652173
bias_medium,3.0,43,40,True,,none,62.16449737548828,8.667581826823392,0.8207793692652728,0.4093681756172243,0.1540210744172903,0.5363029289410782,0.9749829676922624,1.28600923456697
bias_medium,3.0,43,41,True,,none,56.826107025146484,7.706277889608206,1.2688625201643229,0.37599580633759033,0.12368822340251166,0.41798942065034034,1.544043052796341,1.8837434404872226
bias_medium,3.0,43,42,True,,none,58.359718322753906,6.513587753409629,0.9180749235313995,0.3458981571873811,0.23763117532142744,0.2110543813494718,0.9653797236319892,1.9215829511102422
bias_medium,3.0,43,43,True,,none,53.836334228515625,9.212987066497087,1.5957616106831884,0.6032051347271177,0.08008872865583679,0.5516452806282418,1.4917288686779901,1.7413933628749252
bias_medium,3.0,43,44,True,,none,57.17673110961914,9.34052738399567,1.2227221897198024,0.30110989788448556,0.2190117462037632,0.41266975939940875,1.4841815384850663,1.7089123403489186
bias_medium,3.0,43,45,True,,none,71.00629425048828,4.401573017213081,0.8789234408563597,0.4109485995474366,0.05314034899424806,0.1658238339002272,1.1169657735542358,1.3639440938898328
bias_medium,3.0,43,46,True,,none,65.49037170410156,9.270857073053746,1.2178348512722463,0.3609341775876529,0.1716790663813689,0.6840227362399248,1.0662201395054645,1.5688178595858182
bias_medium,3.0,43,47,True,,none,73.1791763305664,6.8993906025432015,1.1657807320626907,0.2668898773288298,0.09065818346928614,0.4277635033706164,1.112578075512207,1.7137303474919556
bias_medium,3.0,43,48,True,,none,53.65062713623047,9.947733755084625,1.191743409413865,0.21068284090245676,0.050931457891374717,0.4583291793036302,1.2643357367300638,1.2479970895346706
bias_medium,3.0,43,49,True,,none,57.82600402832031,6.326709859540592,1.4449717641752635,0.532787717683757,0.1673051718731696,0.5045557059216543,1.227634619326931,1.2284678165854745
jump_medium,3.0,43,0,True,,none,69.50228118896484,5.056610022829018,1.332380508144954,0.12949079329545465,0.10692826878645978,0.45987276106601643,1.4075236846567498,1.6293876531934515
jump_medium,3.0,43,1,True,,none,63.350502014160156,6.479874034250639,1.24484647283191,0.3339335129652379,0.06853543611229895,0.43423450053251533,0.9448900832513519,1.7190046479357575
jump_medium,3.0,43,2,True,,none,58.707706451416016,7.267584852701883,1.1869054425128185,0.3559307692172458,0.08706196646705461,0.5728778270532829,1.286033798831448,2.2404657748970327
jump_medium,3.0,43,3,True,,none,52.36920166015625,5.7309240566772095,0.5515812441847425,0.39308270167416853,0.09494922843395184,0.6070581062265096,1.3686539632326589,2.5734888062911927
jump_medium,3.0,43,4,True,,none,62.85620880126953,7.959017522088193,1.3305853047790785,0.3784765112300245,0.134211079141526,0.46225182438800244,1.2263444727114678,1.5221905585109403
jump_medium,3.0,43,5,True,,none,58.09346389770508,7.680373086606223,0.9570413492051131,0.4621661221643601,0.1459702502746976,0.36398757564580425,0.8711135355653259,1.7508574408013198
jump_medium,3.0,43,6,True,,none,52.93601989746094,3.8944635220072605,0.46678654735512726,0.47881701851772396,0.11081286472710981,0.6215691196387094,1.0709505166462654,1.7253352075987611
jump_medium,3.0,43,7,True,,none,54.500633239746094,9.252587727853637,1.3059608214123002,0.35829662687254826,0.09604129422161742,0.37819136156833494,1.9265676878394418,1.4855667795119567
jump_medium,3.0,43,8,True,,none,69.95614624023438,6.596635680712389,0.5795391853371961,0.27140953887839053,0.11387474420144705,0.34941696216132906,1.099053501031494,1.8155942196734733
jump_medium,3.0,43,9,True,,none,65.65768432617188,5.051560317141712,1.0954525398744186,0.32956586567596763,0.18188496658072664,0.3559378959842322,1.125741418444429,1.9748301903024665
jump_medium,3.0,43,10,True,,none,60.75143051147461,6.395689556527137,1.5727524087805043,0.291435201883953,0.21649549453545322,0.18764552975669263,1.124970965948086,1.3672898381918117
jump_medium,3.0,43,11,True,,none,59.0284309387207,3.883354049801438,1.6550488208438747,0.4615514955213686,0.07827533466302011,0.2681107262466639,0.7669263333966538,1.5913105601389044
jump_medium,3.0,43,12,True,,none,64.92529296875,3.9333775417280146,0.8832171836374022,0.35977877737165553,0.08786194974990218,0.4223103653425777,1.241226443737669,1.4491836983084638
jump_medium,3.0,43,13,True,,none,62.44380569458008,6.033144242195724,1.060750899299915,0.3470344136182041,0.14813660041599505,0.4828070868032361,1.3402520255543022,1.2846120761744264
jump_medium,3.0,43,14,True,,none,64.99421691894531,7.6170581775364585,0.7310709948044294,0.2895825905261148,0.048267235311607114,0.27513366994128574,0.769676259055031,1.2770474925596664
jump_medium,3.0,43,15,True,,none,62.51643753051758,8.089101097952467,0.8911766506658861,0.2785979653907234,0.05832536904082626,0.517690141670463,1.2468955231699153,1.7505857327961383
jump_medium,3.0,43,16,True,,none,51.715553283691406,9.200867594005166,0.9576687297517709,0.41117933678403684,0.4785920586745126,0.28485191885156047,1.8916756909156471,1.8898488911059428
jump_medium,3.0,43,17,True,,none,64.40773010253906,4.369816662806431,1.6594386947827757,0.4895912537133533,0.10235376454713274,0.5429905707036381,1.5172564234591372,1.639975244073333
jump_medium,3.0,43,18,True,,none,54.234642028808594,6.942061262133097,0.8451752387132735,0.4160212736437543,0.07188295722118022,0.42724024887873097,0.986667653263487,1.316091520182593
jump_medium,3.0,43,19,True,,none,61.556156158447266,7.802606598023932,1.3200075639331645,0.37000583783162394,0.153776612765387,0.3766087031273998,0.9596295983313012,1.530178355404635
jump_medium,3.0,43,20,True,,none,56.5662727355957,5.1588176813559175,0.4869814820037392,0.38047378936352183,0.05330014751224035,0.5927840716514908,1.3335412815413485,1.3676880715042872
jump_medium,3.0,43,21,True,,none,62.600563049316406,3.4563699367235268,0.7258753419136751,0.3421700442042588,0.0989742776486059,0.5620241987391609,1.3934375626467577,1.8009020314270576
jump_medium,3.0,43,22,True,,none,67.25897216796875,8.197433568457535,0.44891476801591895,0.3449350840558053,0.07792162282557669,0.34333839393867377,0.9664215820349258,1.241174945001322
jump_medium,3.0,43,23,True,,none,55.45394515991211,5.583961525943496,0.6492256844588108,0.41951800577554355,0.1678935029961393,0.2932756960107666,1.0394604156041554,1.715883315126741
jump_medium,3.0,43,24,True,,none,61.30265426635742,3.525740478506339,0.3429404785280156,0.35977914784710324,0.0871099377991495,0.6553927706000509,0.9694135448839447,1.8982205150167688
jump_medium,3.0,43,25,True,,none,62.76118850708008,4.004226111103615,1.9249592246162268,0.3369920825176381,0.054917277782464205,0.2249899420421905,1.0027026298062247,1.3411780912371294
jump_medium,3.0,43,26,True,,none,60.448448181152344,5.491504291435233,0.6912769010473301,0.3212945168181156,0.11535442192901242,0.47018071647462817,1.5419958773576707,1.6189579349373202
jump_medium,3.0,43,27,True,,none,61.61545944213867,4.670761941069249,1.9873094710354904,0.2271710303767445,0.06787431782255751,0.5484575173349664,1.3160989115533812,1.7063010828650023
jump_medium,3.0,43,28,True,,none,62.255638122558594,7.489623404589251,1.0428595677311343,0.45558198688017854,0.2471366310961923,0.8182194552932661,1.6312973835537858,1.6318220680105842
jump_medium,3.0,43,29,True,,none,58.564178466796875,5.325533202495662,0.9976388215150914,0.3760327578799053,0.16405606015390417,0.3933260057477276,1.399750453977473,1.7183229931582236
jump_medium,3.0,43,30,True,,none,52.600948333740234,8.231156110827248,0.7588987952109844,0.4177791346204753,0.07322774356017081,0.40620878273316074,1.4021999417783468,2.0493571136264395
jump_medium,3.0,43,31,True,,none,63.44655227661133,5.460633809394563,1.2495832031299197,0.4367401391340388,0.07461218496953824,0.6628683136830031,1.05294763049322,1.8311734519204184
jump_medium,3.0,43,32,True,,none,60.055145263671875,6.694224286883734,1.199912628219589,0.30417360764321044,0.1326046137731627,0.4342388100354803,1.3694540968565405,1.3917748164510044
jump_medium,3.0,43,33,True,,none,55.843963623046875,6.948471267522738,0.9615469884420592,0.4011071944089248,0.056810974709018046,0.7482965344953445,1.071505291984742,1.2934819770232908
jump_medium,3.0,43,34,True,,none,55.76446533203125,6.897641387476546,0.6623886228688114,0.2559691418049588,0.07251762243558235,0.4541997929561164,1.140324325865118,1.7076824362694605
jump_medium,3.0,43,35,True,,none,66.58171844482422,9.220365085718457,1.1678916808470574,0.43631674700150974,0.0751060180463151,0.846454040244894,1.2287616222492812,1.3656812574051242
jump_medium,3.0,43,36,True,,none,63.79183578491211,3.136976756037034,1.0811772989258328,0.2197359658280908,0.10477230145010509,0.43688724238758364,1.3544932893646555,1.7026645449291566
jump_medium,3.0,43,37,True,,none,76.7825698852539,6.360722992319918,1.1176071335645197,0.2741787850796976,0.21094045928055943,0.5813635395932533,1.1539850222952897,1.2950722463561672
jump_medium,3.0,43,38,True,,none,50.96460723876953,3.722377507104269,0.36613824081677293,0.3005512660192762,0.11865617840462,0.16375809291319954,1.9437595489032755,1.723126971518231
jump_medium,3.0,43,39,True,,none,62.963863372802734,6.4996583344092524,1.0252049971107746,0.46852258369043653,0.06570380638425827,0.09858546839222368,1.2574525091239446,1.672790861434189
jump_medium,3.0,43,40,True,,none,62.344505310058594,3.848113188361729,0.4692282051334914,0.33584078288532543,0.13237496631089377,0.6461233573712434,1.044757106712125,2.1674922722434937
jump_medium,3.0,43,41,True,,none,58.7456169128418,4.878155759403379,1.3556430197938016,0.3001071189010494,0.030408903143062736,0.43916540883451893,1.0818295325896237,1.186964649701204
jump_medium,3.0,43,42,True,,none,66.85762023925781,7.671307140483767,0.7587245752962132,0.357334092695812,0.0524791676594723,0.5242258358865486,1.2904798698977848,1.8416659290311734
jump_medium,3.0,43,43,True,,none,64.47429656982422,6.61945883522202,1.597880659470556,0.28986232567231884,0.16016605719966592,0.43531851406891486,1.2297462111904272,1.8414499608050034
jump_medium,3.0,43,44,True,,none,51.79047775268555,4.743348916048674,1.07230764357484,0.5602204708124261,0.08232866266091843,0.13586720169330624,0.9401398851166433,1.7129554630277528
jump_medium,3.0,43,45,True,,none,61.86532211303711,6.825493283317363,0.8204859521912038,0.3339263150945027,0.045275092950003926,0.44510323754163916,0.9041527950668438,1.9029704147720403
jump_medium,3.0,43,46,True,,none,57.59457778930664,7.8225826764820745,1.2847233565101257,0.3498725534354691,0.2100772575138993,0.27375916984438076,1.0476030010670159,1.3471885504830279
jump_medium,3.0,43,47,True,,none,55.02456283569336,4.325886339521917,1.3547368715312191,0.5433896363788944,0.03385785170506974,0.33200344465224024,1.126838975668113,1.6456653401979329
jump_medium,3.0,43,48,True,,none,63.438785552978516,6.044722587548243,1.1019952609722568,0.48117691488154773,0.08983403780861798,0.5436887280552487,1.0121805525432779,1.6069819098457576
jump_medium,3.0,43,49,True,,none,56.165985107421875,4.510724171461839,1.0268426336706153,0.2534936317022315,0.09098377132382679,0.15881120253234024,1.0816269936289507,1.5341455255253356
combined_medium,3.0,43,0,True,,none,59.006385803222656,5.186326239019608,1.399500701900198,0.5382903168663767,0.0980523912080386,0.9010547230685712,1.3009569498875246,1.2992872894136434
combined_medium,3.0,43,1,True,,none,68.13771057128906,5.131574523035102,2.185581904150803,0.39838343324235426,0.09197857940549477,0.463447275016731,0.7311387586790089,1.5497147767675217
combined_medium,3.0,43,2,True,,none,70.22479248046875,5.169506984003502,0.7122182987223359,0.32197943613436386,0.06019722175005219,0.6125565510054959,1.1358289082427002,1.537898117269219
combined_medium,3.0,43,3,True,,none,64.53199768066406,9.017089067002669,0.5591928325289158,0.33905573314803955,0.10578251834016891,0.32678978825959365,1.2388701950153935,1.4820200147106
combined_medium,3.0,43,4,True,,none,56.793277740478516,4.421056739968378,0.628258544454857,0.37845969411401004,0.1159950195792091,0.30879731728070814,0.9443860603253386,2.235071589307632
combined_medium,3.0,43,5,True,,none,59.95502853393555,4.078879585099091,0.7092866575015947,0.2014196215903824,0.24285116594204106,0.3391088906987724,1.0956467876090699,1.7764822323502263
combined_medium,3.0,43,6,True,,none,53.718482971191406,5.222112652873298,0.5156563129284458,0.5120765253722348,0.07560498584800505,0.5800714642970378,0.9856221475640462,1.3025827600079056
combined_medium,3.0,43,7,True,,none,55.3384895324707,5.859356545347609,1.3685483999414867,0.2369712089776448,0.062315122873491606,0.6436039160762775,1.3497144591129018,1.7636576022563357
combined_medium,3.0,43,8,True,,none,69.95478057861328,6.250789689247824,0.8431232787810556,0.4427430245195341,0.13466912626005698,0.8560533902956,1.299512088333036,2.0053981879680483
combined_medium,3.0,43,9,True,,none,64.7564468383789,6.739675369719334,1.0441571176873468,0.34802855418812484,0.059250804485578255,0.5619910196736636,1.205910300059858,1.3568981038236214
combined_medium,3.0,43,10,True,,none,64.1087875366211,11.021622929943579,1.6607992597591315,0.4690396501840836,0.15314374765523184,0.5812911075153505,1.2466842549326047,1.6668459312713844
combined_medium,3.0,43,11,True,,none,52.80677032470703,7.971459068962562,0.7549902483558953,0.41933334555448304,0.055966521735100506,0.4556668861165297,1.39522869783962,1.6203773641541401
combined_medium,3.0,43,12,True,,none,71.68940734863281,4.062021742172428,1.00163860470461,0.3093317970742693,0.11548381928968067,0.42513174534188086,1.2378518188903214,1.564896651920015
combined_medium,3.0,43,13,True,,none,63.319114685058594,4.289936781587864,1.6890741809607142,0.2413854293627148,0.043499676038427366,0.6885191863286472,1.3108928809317049,1.7223189692736307
combined_medium,3.0,43,14,True,,none,58.01206588745117,6.6717383108489186,1.3354129684544798,0.37760586347205277,0.10383206374865943,0.5700900016731093,1.206886475491757,1.406609500849749
combined_medium,3.0,43,15,True,,none,61.843177795410156,7.2651375856105895,1.4368280368526054,0.33044762405307254,0.1359605756125785,0.2482002803210379,1.0980928731871702,1.4282330008622166
combined_medium,3.0,43,16,True,,none,65.46794891357422,5.122903460089025,1.3776080923132081,0.3061261682103934,0.05608794223505937,0.406407426918537,1.3206792590663115,1.357043392400707
combined_medium,3.0,43,17,True,,none,58.41041564941406,9.872783144977928,1.133619297902426,0.40439590604289793,0.07549589922705884,0.3063584990335998,0.9387267006943578,1.4140397949351056
combined_medium,3.0,43,18,True,,none,59.45398712158203,5.401234420928256,1.2055099095974822,0.4212429234223168,0.07375529586250663,0.23234244841921145,1.055211423661379,1.4214203150415063
combined_medium,3.0,43,19,True,,none,62.84539031982422,6.1243367608384816,0.9271606572930351,0.3761462008592585,0.120409051748456,0.41549950032014116,1.7764012969368312,2.4399808286826046
combined_medium,3.0,43,20,True,,none,66.15483093261719,4.998291539010106,0.5319276820196385,0.5217486313769292,0.052834230060589876,0.37502605106300774,1.1019099637582024,1.2605892769648188
combined_medium,3.0,43,21,True,,none,48.83736801147461,3.172317537961247,0.6481602492039497,0.32683719069732925,0.06770320828908087,0.3434385123277008,1.5753979052310494,1.9467785371358863
combined_medium,3.0,43,22,True,,none,57.406829833984375,5.576107941445872,0.7297787819463691,0.24338952354350143,0.07087235025538265,0.5768763254619543,1.2321433762245702,1.3197718690916684
combined_medium,3.0,43,23,True,,none,59.505043029785156,5.522070857933498,1.1949387147146018,0.33297105818554557,0.046866960376402755,0.2496216030045389,1.232958844042478,1.636813513539307
combined_medium,3.0,43,24,True,,none,74.01468658447266,5.665937521375998,1.454338359029654,0.4651820111721166,0.12103275178937281,0.43736477532674173,0.9907541357063515,1.2782194198291388
combined_medium,3.0,43,25,True,,none,59.903255462646484,7.345134666669469,0.4719975998883371,0.4558940938048388,0.04509778376222682,0.44067172996906323,1.1353820963860495,1.6620252034763492
combined_medium,3.0,43,26,True,,none,60.59754180908203,3.568840362088132,0.5281426027363764,0.5502786026459966,0.14035884205555368,0.26773012366152854,1.235512532989012,1.3296997879257968
combined_medium,3.0,43,27,True,,none,58.32536697387695,6.5944639502659435,1.3864823059302536,0.418917250164648,0.1648446786998633,0.6419953134414366,1.639772592383805,2.332060575506675
combined_medium,3.0,43,28,True,,none,63.83128356933594,8.702357815371649,1.43370227779618,0.26633035173093006,0.05092152342310455,0.6120745553596298,1.0258098363170927,1.6342299734603343
combined_medium,3.0,43,29,True,,none,61.93394470214844,6.77093034702042,1.0423056337970023,0.49842365509431047,0.03540362538066011,0.3190403817426709,1.201895504900652,1.3246213605815549
combined_medium,3.0,43,30,True,,none,58.64875411987305,3.799837498641564,1.0666314024486732,0.32384477012757595,0.04966370416331005,0.16666874210395694,0.8222241790121761,1.2372156932720226
combined_medium,3.0,43,31,True,,none,65.37047576904297,7.918189008212909,1.0365306822579414,0.2423449489626342,0.10324691472160226,0.5057666371319741,1.1971325888305515,1.6622523533343119
combined_medium,3.0,43,32,True,,none,58.544708251953125,3.663102121637238,0.824929216259105,0.5032193758285411,0.03374746655373003,0.6703366657621965,1.2126846760177896,1.5591427941231188
combined_medium,3.0,43,33,True,,none,54.23709487915039,7.169632123855999,1.2000986032540313,0.3418220173927198,0.08648342887175493,0.5096007203273127,1.3458294029309872,1.5109462074669415
combined_medium,3.0,43,34,True,,none,68.08908081054688,5.967852196055057,0.5601023263527208,0.3169478547495241,0.06696816248644814,0.5060064266115347,1.5627102596183708,1.3705556777472583
combined_medium,3.0,43,35,True,,none,57.82353591918945,4.254629924888657,1.506620230621684,0.2814045945276435,0.11077140668753664,0.48794087253447027,1.284875435377992,1.358678335578069
combined_medium,3.0,43,36,True,,none,54.26365661621094,6.4081281058725885,0.9456132185030061,0.2729160747013442,0.1506945183015005,0.1253969975454335,1.0861563792551245,1.2425303995265036
combined_medium,3.0,43,37,True,,none,65.07366180419922,5.482523326271845,0.9916388068685209,0.06556954819234137,0.1043150099297669,0.21112962660840534,1.3475033890462054,1.2602702307596385
combined_medium,3.0,43,38,True,,none,66.58824157714844,4.895942016600997,1.691295714304364,0.34716699412427443,0.14152483097293503,0.34438499486096236,0.9943097558678438,2.2630391645426102
combined_medium,3.0,43,39,True,,none,57.798118591308594,3.935334350429497,0.7078277834887613,0.44689319726018084,0.05913726700880064,0.5404294050490135,1.2939210702542667,1.5602278112443981
combined_medium,3.0,43,40,True,,none,69.10962677001953,4.912460421712697,1.4044465247444962,0.3133325941431957,0.0649954355826057,0.7319634217661565,0.9657895009625324,1.2909465397350481
combined_medium,3.0,43,41,True,,none,66.36219024658203,7.727443871772338,1.3183245195920454,0.19662931885292062,0.17099077139344132,0.6993851960849067,1.0709108782863728,1.5468628654572514
combined_medium,3.0,43,42,True,,none,62.535194396972656,4.920516828199475,0.525856545893523,0.2771114264564772,0.06948232597724258,0.36912675784657273,1.3272519889936163,1.3513923793851947
combined_medium,3.0,43,43,True,,none,63.651554107666016,5.456532724913546,0.3250880970166914,0.3149547750977816,0.265247829546325,0.2836000271992636,1.1885372022962595,1.511765901187066
combined_medium,3.0,43,44,True,,none,56.46335983276367,7.636203743339039,1.6547302194087843,0.27174365822272134,0.04326199238410895,0.2146384210880034,1.0959704477588377,1.6866694440026542
combined_medium,3.0,43,45,True,,none,49.57432174682617,5.296637734599084,0.3729671842926805,0.4162666256853327,0.16322838126252123,0.39666495846543737,1.4498550335136369,1.7769960736674342
combined_medium,3.0,43,46,True,,none,59.931739807128906,7.023254919825781,1.0608023696769144,0.24683089399471644,0.16754111968516933,0.6309705773308669,1.5013837581252927,1.7465343009058727
combined_medium,3.0,43,47,True,,none,54.75261306762695,3.522139960447976,0.7139465678578334,0.7106586368022602,0.04373880083607419,0.5436630793821687,0.7313285501980388,1.3855992863138706
combined_medium,3.0,43,48,True,,none,64.60980987548828,12.913028689715478,0.6388722658797603,0.5156003161954424,0.2288380808964201,0.4539323025086088,1.079039202814772,1.7455633341402168
combined_medium,3.0,43,49,True,,none,63.47398376464844,9.997325777185686,1.2599680256620485,0.33812943179531035,0.09493164724165712,0.3976902032112521,1.7668255774793775,1.671753045323704
gaussian_medium,3.0,44,0,True,,none,61.98183822631836,5.328802379303393,1.3512572724739826,0.1975071602341952,0.06877599365284495,0.3362607691461478,1.0088806931924272,1.2611449091964197
gaussian_medium,3.0,44,1,True,,none,64.02072143554688,8.36973400993335,0.49826259277304596,0.5036187445193571,0.19087121016778583,0.5160957145526336,0.8896247079439028,1.3606113396151633
gaussian_medium,3.0,44,2,True,,none,62.139198303222656,9.059031771999694,0.7935149508871439,0.422753512151337,0.12235556418876166,0.3717309151346772,1.2447018415583095,1.7233823716373187
gaussian_medium,3.0,44,3,True,,none,62.68635177612305,7.022374174050988,0.9212367895249167,0.3137068891242967,0.07343204756909273,0.9989964805916293,1.095764382748177,1.175987426475317
gaussian_medium,3.0,44,4,True,,none,62.52028274536133,9.126803193706074,0.7792750143065463,0.24827991714061937,0.05919826855308525,0.3432984644455809,1.0361278496911583,1.6311433371560975
gaussian_medium,3.0,44,5,True,,none,62.164791107177734,4.62192778363317,0.39808243117768033,0.2613948369335825,0.07462468422770221,0.400755900025218,1.4383092751099835,1.7519318267530393
gaussian_medium,3.0,44,6,True,,none,64.93428039550781,7.648774869000057,0.5995397535229215,0.3901877688342835,0.07975368437733636,0.5996929405349953,0.985806303838099,1.6248954803866773
gaussian_medium,3.0,44,7,True,,none,60.04890060424805,4.209583281504976,1.1509299592166058,0.48183796532247763,0.044250506076579404,0.5614609639876609,2.1304131235012265,1.4838156064988721
gaussian_medium,3.0,44,8,True,,none,66.17760467529297,6.621593446870887,1.3628980938066217,0.27869660388516626,0.07707954049136018,0.399763430940052,0.8868398175285401,1.601834974586887
gaussian_medium,3.0,44,9,True,,none,61.976707458496094,4.28793228886332,1.2322989505484911,0.4287737417057565,0.16345268936683796,0.3047952148489506,1.0987535727719389,1.4416892953749356
gaussian_medium,3.0,44,10,True,,none,70.94548034667969,4.075288457358733,1.7370634213069254,0.28248316267762374,0.18272293543418652,0.39604839002646997,1.116345618809229,1.434741238422885
gaussian_medium,3.0,44,11,True,,none,63.18293380737305,8.440263712366926,0.21964767250202544,0.28847793007349043,0.05839061004955895,0.34520216263961623,1.7639979508487076,1.2606184635917492
gaussian_medium,3.0,44,12,True,,none,61.481388092041016,3.893412007458179,0.7386275423529792,0.2454923027461204,0.04706759499721787,0.5147713717380289,1.4186866854416085,1.3171564556094326
gaussian_medium,3.0,44,13,True,,none,65.19295501708984,5.758719209292998,1.5317216387315935,0.3488592225549666,0.059368121279992664,0.6098562946573916,1.0761108611584043,1.486186185472885
gaussian_medium,3.0,44,14,True,,none,64.33577728271484,4.6047373475483235,0.8309201174979624,0.5188269350192498,0.07011864762008739,0.39628298189302413,1.1147918112339406,1.6341947430703563
gaussian_medium,3.0,44,15,True,,none,61.1833381652832,7.184469298265667,1.597716098140765,0.12056062138336804,0.06158523364641388,0.3974943817125009,1.1443226527705337,1.6288902415723727
gaussian_medium,3.0,44,16,True,,none,58.57133865356445,5.266285972474113,1.0608120987620222,0.3651522740316526,0.10241164360249222,0.6758103702817811,1.3670333495292522,1.674774970858132
gaussian_medium,3.0,44,17,True,,none,73.97029113769531,7.4589350997205575,1.4356353239378112,0.407379113715487,0.13035643458909504,0.3247409089687689,1.014312393144966,1.297870281342297
gaussian_medium,3.0,44,18,True,,none,61.31684494018555,5.297081387467133,0.5618887431379024,0.37420988327891175,0.048701741423183564,0.4682906709018227,1.065754395214706,1.258336530712301
gaussian_medium,3.0,44,19,True,,none,60.8165397644043,7.474125921943751,1.4077703639380341,0.4445473004942769,0.03541319065242449,0.32492008930865485,1.6703987461437741,2.770679087285897
gaussian_medium,3.0,44,20,True,,none,65.52948760986328,4.444696891871109,1.081327472769272,0.31668109437660225,0.21290202690009016,0.24485976798151535,1.2077118803051343,1.5129838900138342
gaussian_medium,3.0,44,21,True,,none,60.36915969848633,7.537741358262132,1.220725969339291,0.30000461680711576,0.05221312557851156,0.5311728683046788,1.2522881603972547,1.3107515699245533
gaussian_medium,3.0,44,22,True,,none,73.05160522460938,4.77844028221507,1.2848854990835163,0.37491013991815897,0.06074649774654713,0.6437409998954541,1.4312811549210498,1.3696022021150984
gaussian_medium,3.0,44,23,True,,none,60.057762145996094,4.800735326030428,1.3202275710623927,0.2894565707632746,0.1912544256560696,0.6412512033285483,1.3714286788799042,1.8447537337188864
gaussian_medium,3.0,44,24,True,,none,63.23377227783203,6.729045832914082,1.0929381388549215,0.13068024124291916,0.10715369344322696,0.39719598292123964,0.864172482481045,1.6616133385473224
gaussian_medium,3.0,44,25,True,,none,62.573944091796875,5.327287414805152,1.5793695540701902,0.3339201156903519,0.08840134729287547,0.4209316054206665,1.2440845883825122,1.5382192673921282
gaussian_medium,3.0,44,26,True,,none,65.74726867675781,6.402441080894739,1.0619490120875927,0.5119650344193053,0.052101389475770414,0.3157074423601178,1.4449428310825083,1.930445032231096
gaussian_medium,3.0,44,27,True,,none,66.47032165527344,3.9073604720834174,1.2216491331903456,0.2643527312708286,0.16750127712735596,0.46226553769299217,1.279443337675528,2.2226890283774496
gaussian_medium,3.0,44,28,True,,none,61.185359954833984,4.752310978573049,0.43843537763166623,0.29313515436094406,0.07040020536700704,0.25138744410805913,1.2841138679329194,1.802205986324252
gaussian_medium,3.0,44,29,True,,none,60.949989318847656,6.957073764250766,1.1322086532865765,0.35613470571743344,0.1437333724948073,0.4733881896575621,1.1445602433259086,1.5827111396306532
gaussian_medium,3.0,44,30,True,,none,56.927398681640625,7.734709189275505,0.864816419368387,0.36016442208424004,0.03838078140371241,0.43993794228945915,0.9382096023098079,1.7114116064021259
gaussian_medium,3.0,44,31,True,,none,69.97612762451172,7.287601111283657,1.2764165117231183,0.37716771298908175,0.08556317879229389,0.30886997744938754,1.1586119125894738,1.3203688984968804
gaussian_medium,3.0,44,32,True,,none,60.66877746582031,4.745527385197453,1.1011372304805727,0.4827905976919198,0.0693491415892164,0.480118427009206,1.0148666994244084,2.3168101675401878
gaussian_medium,3.0,44,33,True,,none,63.361534118652344,5.137051235024596,1.046945958441461,0.26975824695420053,0.07937013539445313,0.5733136083247193,1.4794393930486884,1.9550020737877458
gaussian_medium,3.0,44,34,True,,none,60.591922760009766,3.7136762452612393,1.6525548976182447,0.5051594237919288,0.2567935042301034,0.32201514171635276,1.2396098017276984,1.2958934278978453
gaussian_medium,3.0,44,35,True,,none,67.51022338867188,4.001506340747237,1.1309767636166943,0.3870491690937673,0.15661209457901873,0.35570354518039143,1.1376004967122368,1.6348567952297433
gaussian_medium,3.0,44,36,True,,none,66.93854522705078,5.3435206398061075,2.352193472585124,0.40789573427862963,0.11096684991066538,0.339829177289568,1.1867594035869158,1.8149239167362772
gaussian_medium,3.0,44,37,True,,none,76.38158416748047,6.176768528258028,0.6885675456965134,0.4051204514942828,0.2194503741231959,0.21852566357930195,1.0389433087046278,1.6667673827044
gaussian_medium,3.0,44,38,True,,none,63.02556228637695,3.1702426941437643,1.883416250875786,0.3481437835023613,0.03482121670702724,0.10591310530817738,1.0068909350989168,1.2443522595947007
gaussian_medium,3.0,44,39,True,,none,67.99149322509766,7.930612441259173,0.38913272591491915,0.5133105350414541,0.061629067719539896,0.36534961612746847,1.234655844496256,1.5880237347398067
gaussian_medium,3.0,44,40,True,,none,76.9000473022461,4.779692347441927,1.6314439486873047,0.35709993840899024,0.14703431743290954,0.6589708288064322,1.0725436065177054,1.7298649367730479
gaussian_medium,3.0,44,41,True,,none,62.97529602050781,5.268583205128576,0.5736324100576411,0.2098358066729213,0.11037705182740867,0.657312662088703,1.1135475851975771,1.2820433111077472
gaussian_medium,3.0,44,42,True,,none,58.514522552490234,6.376163740412379,0.638691113010595,0.2641934966164502,0.060257812932611426,0.14948708794562318,1.2776246156786242,1.2735974774835301
gaussian_medium,3.0,44,43,True,,none,63.79060363769531,6.124214605236458,0.39619526817068706,0.3959190451527737,0.04636461626220012,0.09980324227511472,1.1928509190387235,1.6713411595446093
gaussian_medium,3.0,44,44,True,,none,60.139892578125,7.159712538725287,1.1215195317054714,0.12911481181903744,0.059523388557710694,0.23281966876169055,1.151052983906466,2.4061153032903833
gaussian_medium,3.0,44,45,True,,none,67.62745666503906,4.651123115063091,1.3765609285729448,0.16496099509012574,0.08431754927091015,0.5033380039045531,0.9917392428699179,1.671733997387201
gaussian_medium,3.0,44,46,True,,none,62.215641021728516,5.642381525942509,1.1838171858170299,0.48144519803896574,0.04806457636858375,0.4924969405221304,1.2997954494051862,2.1323138545295888
gaussian_medium,3.0,44,47,True,,none,61.895103454589844,9.920155868101249,2.118639474568437,0.5197871639262975,0.05910208065076486,0.4494365374862627,1.3136965750341958,2.1151535037611158
gaussian_medium,3.0,44,48,True,,none,56.77840042114258,5.319968654223435,1.161437294296954,0.4949649857496049,0.1683129338554689,0.39676976316531204,1.353139073619129,1.4232755583569203
gaussian_medium,3.0,44,49,True,,none,61.61857986450195,7.724900159549908,1.4760061782934588,0.4533263684318958,0.062331383313842345,0.47280515223768754,1.2375390164832483,1.4222586338378655
drift_medium,3.0,44,0,True,,none,52.942569732666016,4.301009291610793,1.311661447877708,0.41222776109213993,0.26111905338266,0.41788568601383624,0.7862149583622008,1.8373497306224627
drift_medium,3.0,44,1,True,,none,59.704444885253906,7.1540468609368935,1.102970963129048,0.3203132964337736,0.12950565795111205,0.35452189860925604,1.1377786242878074,1.2534066401887343
drift_medium,3.0,44,2,True,,none,59.170902252197266,5.266837543895605,0.4947635455109662,0.33199262856139766,0.0989262383528749,0.4237720026090215,1.2482006470215523,1.2679246592253046
drift_medium,3.0,44,3,True,,none,68.49108123779297,8.340594043041083,1.4052358926210604,0.3673663242527769,0.04197291241880051,0.7058065467690197,1.2365773030166638,1.394653965160319
drift_medium,3.0,44,4,True,,none,63.42182922363281,5.155386281002595,0.9881994861022332,0.32137339145780114,0.0761949836555878,0.16827019278626087,1.2996496314429968,2.4258179975612855
drift_medium,3.0,44,5,True,,none,63.617916107177734,5.546996407424218,1.2472980546737582,0.30855245164244116,0.21199284257833437,0.4923202650093021,1.0614474330236383,1.2452507734311962
drift_medium,3.0,44,6,True,,none,57.13022994995117,6.851827637715928,1.2525333253189714,0.295286745584279,0.04004750787881699,0.49069024125573635,1.335081078328552,1.3295566267027734
drift_medium,3.0,44,7,True,,none,58.56078338623047,6.439911389451485,1.8976896933939444,0.4213448050894348,0.15415254897509623,0.5247557604304075,1.568066782710661,2.1888078552052557
drift_medium,3.0,44,8,True,,none,56.5447883605957,4.744517164554891,0.7994653538267169,0.45020944720444767,0.199800214969936,0.5204493870690999,0.9364165500971453,1.4541793065230617
drift_medium,3.0,44,9,True,,none,57.854679107666016,4.104770192905399,1.398722444747082,0.2295245653243708,0.17365822275223453,0.14346789992496525,1.2936459293927465,1.35498694549277
drift_medium,3.0,44,10,True,,none,60.76136016845703,4.402568117532208,2.011513357597018,0.3030000391382258,0.0867440680308548,0.9305189815576693,1.3064416723307992,1.3344707608281146
drift_medium,3.0,44,11,True,,none,58.91336441040039,5.057755293702932,1.2573815184920545,0.3819166762993625,0.07508301431149203,0.5166346543738353,1.2356794300864222,1.7714833328440065
drift_medium,3.0,44,12,True,,none,76.60323333740234,7.513962324626577,0.5399069090520362,0.5396839880063538,0.04338433779029464,0.565908105521208,1.4167170191899099,1.6400309142539329
drift_medium,3.0,44,13,True,,none,59.7035026550293,5.977240796049754,1.6258681095967609,0.29553275354250247,0.1690759092587944,0.3480814771654338,1.445961713797369,2.329298398301691
drift_medium,3.0,44,14,True,,none,62.15436935424805,3.4699447011634557,0.9030279116528821,0.20785705779321895,0.04220160189535013,0.8696328030657549,0.9792500898664813,1.2637108396537613
drift_medium,3.0,44,15,True,,none,63.70524215698242,7.846095417016978,1.3293230659084188,0.3812840081814264,0.12201421155958686,0.2345050042788968,1.2462035256920319,1.2700853496405407
drift_medium,3.0,44,16,True,,none,61.62382507324219,7.967510035635664,1.5222912773038753,0.21608354522300427,0.2384748417050359,0.42522884766537433,0.9974571292595439,1.716779185146133
drift_medium,3.0,44,17,True,,none,61.64167022705078,4.981356824137431,1.8097498720499932,0.28337648158766615,0.06367831559686406,0.18699146306467643,1.1505145859229076,1.8021131952249463
drift_medium,3.0,44,18,True,,none,59.18229675292969,5.114864419341163,1.1217825331603222,0.33233393095175584,0.18382341801791358,0.4906355395702309,1.1961718190851949,1.6361254843359834
drift_medium,3.0,44,19,True,,none,64.93569946289062,7.5764862578434125,0.42387748964159544,0.35460033968141036,0.11700463072787266,0.5259365562393541,1.9673911184054087,1.9665478497400473
drift_medium,3.0,44,20,True,,none,56.18663787841797,4.399572818525611,1.0208655835156417,0.2683930797245244,0.14217352470825023,0.2421166495707237,1.5219623027212912,1.4079862978963082
drift_medium,3.0,44,21,True,,none,55.957618713378906,7.914621908199603,1.2769067475203382,0.32455225488608397,0.0902226338671214,0.6208384582278154,1.143997077610937,1.9140205317038756
drift_medium,3.0,44,22,True,,none,55.610923767089844,9.010160003527064,1.1818738162734093,0.3657848469862267,0.14012669339243022,0.3527076164707575,1.2140362956371948,1.6216941282192676
drift_medium,3.0,44,23,True,,none,63.98176574707031,5.376107035329097,1.1302242902532427,0.5221372876902965,0.13518854961538831,0.665635328181951,1.5274659048856345,1.5637779174633848
drift_medium,3.0,44,24,True,,none,57.802337646484375,5.823987778867011,1.1858568593048369,0.31982759295240104,0.11662164994348909,0.4975993611301618,1.3603858144132792,1.423338991598172
drift_medium,3.0,44,25,True,,none,66.35505676269531,6.160854747690154,0.8711114604599013,0.3163302635865638,0.09750217614724731,0.4413007086622227,1.1886905234477696,1.5965148843191914
drift_medium,3.0,44,26,True,,none,56.63496398925781,6.184968473808955,1.2755846545760834,0.28665889698288133,0.16599578030583867,0.44496736920759516,0.7475497307196916,1.4738365234002722
drift_medium,3.0,44,27,True,,none,52.45344161987305,5.869386626073984,0.6454889328543714,0.3422509961055512,0.09890159719194953,0.4719984483465607,1.102245695249905,1.6492269865165146
drift_medium,3.0,44,28,True,,none,59.54051208496094,6.6753488802696435,1.0547925000598544,0.3271522887675062,0.06455553994198965,0.3626102805973043,1.0098784957589222,1.3134142337449652
drift_medium,3.0,44,29,True,,none,76.38731384277344,6.524854348353997,1.7169366490328908,0.37880754773009107,0.08055568064368596,0.5517604276082773,1.014987804767923,1.2910371875374729
drift_medium,3.0,44,30,True,,none,60.045616149902344,5.374261331235895,0.6112165141534711,0.48880417163370693,0.15843899094751335,0.3688057487422618,1.3139246099323025,1.8197617413016969
drift_medium,3.0,44,31,True,,none,59.99222183227539,7.028824851370453,0.8351450114973825,0.17124484644428667,0.09770030605108686,0.39743230307980265,1.3981641010979937,1.340968381020445
drift_medium,3.0,44,32,True,,none,57.0506477355957,4.985166529262647,1.6511053416426578,0.42864935280762506,0.089938473266445,0.6074276751115848,1.1473753880982551,1.7856640259310075
drift_medium,3.0,44,33,True,,none,61.79082107543945,4.057214356265951,1.1010741859226578,0.4064303064680758,0.039624550139842535,0.35786673634780586,1.2953963961513455,1.7431860990564931
drift_medium,3.0,44,34,True,,none,55.0660400390625,3.190030109936942,1.3201659561773014,0.45855392726147354,0.2914029697626898,0.20210326626010763,0.9256503332685099,1.5257047426921877
drift_medium,3.0,44,35,True,,none,74.76123809814453,6.562675321282803,0.7794245952715065,0.3496233546050206,0.05497365080296578,0.36551114743016205,1.0433098493664554,1.4262685333605025
drift_medium,3.0,44,36,True,,none,60.628849029541016,4.906172611001556,2.2707605820101784,0.3580018616491244,0.17037310593570237,0.7829162971034755,1.0865794016201296,1.6259314774414775
drift_medium,3.0,44,37,True,,none,70.85167694091797,3.648708696347583,3.398184609845903,0.35613518780925646,0.09173918685134771,0.8251417840083162,1.3542174920146717,1.403283102215212
drift_medium,3.0,44,38,True,,none,68.04032135009766,5.4289343758933155,0.7004172718308463,0.320154026324899,0.0918779395506578,0.1510213475500359,0.9938169460486308,1.3828781456605697
drift_medium,3.0,44,39,True,,none,59.13911819458008,4.394146300215046,1.2728530379956209,0.2891265231953237,0.05865602649165657,0.4918247609624513,1.518256130693385,1.4128251632960687
drift_medium,3.0,44,40,True,,none,60.28429412841797,7.1087526846093345,1.1093354861909024,0.36006133107940214,0.07898507534960966,0.5127071259912263,1.1115273415921352,1.513274754412586
drift_medium,3.0,44,41,True,,none,59.77069854736328,9.112509790942287,1.0303661365434542,0.34649553135656735,0.07819213084646245,0.8011429191278459,1.2591480851151946,1.2985217531563416
drift_medium,3.0,44,42,True,,none,55.99437713623047,6.176859845849136,0.7281149344426198,0.5791811472509492,0.1880843589467859,0.3379639828834365,1.1783123066666736,1.7855699344771803
drift_medium,3.0,44,43,True,,none,62.35932540893555,6.416158283666028,1.4131093250212714,0.37033169440048214,0.2556304231835952,0.5406279458468176,1.4044337300688043,1.8358293049236907
drift_medium,3.0,44,44,True,,none,65.73320007324219,11.671754749672038,0.5690424054404976,0.4482641809009441,0.0322874466714356,0.1850290709359192,0.9783233578456326,1.4848211601686379
drift_medium,3.0,44,45,True,,none,64.09685516357422,4.479582733524766,1.2437660498632293,0.3933080953190251,0.10413192500518027,0.3093330241826002,1.1149411385211765,1.7966052650269508
drift_medium,3.0,44,46,True,,none,57.612300872802734,4.259377016540603,1.204357603537555,0.3239016893137595,0.07921157834077205,0.5073522509802189,1.581604608179945,1.5721026222613574
drift_medium,3.0,44,47,True,,none,55.114341735839844,5.848360622121008,1.4447117510023264,0.3418129481007582,0.0647220254193082,0.608812239706234,0.902892452420612,1.2865345878782202
drift_medium,3.0,44,48,True,,none,54.9777946472168,5.034740257230516,1.6641246884969845,0.36358218064347686,0.27014694587635796,0.5106374784484808,1.3873866334616782,2.1380500531100837
drift_medium,3.0,44,49,True,,none,60.32566833496094,5.822582647385002,1.43165771368668,0.46292172751058613,0.21036046380484794,0.6377184412799423,0.9433493011585368,2.1295924892162854
burst_medium,3.0,44,0,True,,none,56.291561126708984,3.341395201723823,1.0759395241581438,0.3074955833325917,0.11992016625090617,0.24428983493706338,1.4811512813078567,1.933464126088742
burst_medium,3.0,44,1,True,,none,61.0512809753418,3.8564368652071406,0.7003893048043677,0.491879711669785,0.12096583806587187,0.3198760225933094,1.2721580174565403,1.7593976573535444
burst_medium,3.0,44,2,True,,none,71.72647857666016,4.685081889104718,2.1965281881110457,0.24546278940320132,0.07938743344294842,0.3567105131037176,0.9794021799856639,1.3464916151707191
burst_medium,3.0,44,3,True,,none,62.87574005126953,5.3079763815015095,1.188816421041737,0.34778893978730646,0.14399900101924604,0.7541819138430631,1.505194098381533,1.5361780865079335
burst_medium,3.0,44,4,True,,none,56.75197219848633,7.017554928844698,0.3970320905792658,0.39867998776760577,0.044257145080662225,0.36206163640091515,1.3795819946649248,1.3339248885463697
burst_medium,3.0,44,5,True,,none,43.52324676513672,2.807202305656171,0.6683765176800771,1.2666395165281135,0.09705381299750705,0.5173096073929513,1.0253677893213176,1.4876744088374287
burst_medium,3.0,44,6,True,,none,70.28739166259766,4.342345160859731,1.3240573528972983,0.194701759188642,0.21021557406657748,0.25829685009798115,1.1887401093546122,1.6728191890480568
burst_medium,3.0,44,7,True,,none,61.139400482177734,5.846313704681145,1.2327763143918256,0.3417209040009394,0.16002787741898972,0.5623666885696251,1.1678544234287822,1.5075081624207103
burst_medium,3.0,44,8,True,,none,52.477359771728516,8.734404415736265,1.2720162343594201,0.29170692346202926,0.10732790100831067,0.303393981941053,1.419590396779813,1.4576013659359355
burst_medium,3.0,44,9,True,,none,62.68379211425781,5.126158977094776,1.1382939657321907,0.35177405760823677,0.16497842716236055,0.7076539564300618,1.7061394619635093,2.751456812287819
burst_medium,3.0,44,10,True,,none,66.31758880615234,6.142717109715379,1.473658735941403,0.392699813093585,0.11815432954947154,0.32613572418748343,1.386786107281826,1.6691964929193854
burst_medium,3.0,44,11,True,,none,58.77566909790039,4.410384544960586,2.588241425552705,0.43589255990116893,0.07825857698395026,0.815392814625935,1.1977586619837124,1.730345856790591
burst_medium,3.0,44,12,True,,none,58.76979064941406,7.416880942023478,0.6866119796429431,0.43441840232390166,0.06648106229883505,0.329461410283149,0.7350533253259354,1.572702503208616
burst_medium,3.0,44,13,True,,none,61.265525817871094,6.931631718939291,1.0229359253999957,0.3883028246768371,0.07513663006023327,0.4289284213251692,1.4148619807367988,1.7363279603198443
burst_medium,3.0,44,14,True,,none,58.81778335571289,3.7528779895227506,1.1362227749500513,0.1800591073259533,0.0629723981439798,0.6484573195670156,1.3830314607512837,1.6855106548631396
burst_medium,3.0,44,15,True,,none,51.96940231323242,5.88125597080545,1.0342062189103671,0.27084652927550706,0.09319131810272327,0.3318775732503957,0.8692703798492801,1.3170675516119041
burst_medium,3.0,44,16,True,,none,64.76513671875,5.824146827847663,0.9242789937250214,0.2833413022228804,0.08734335209848838,0.3679808361328636,1.1074320653355172,1.4758064147093866
burst_medium,3.0,44,17,True,,none,56.45530319213867,7.767192129014052,1.0547583182770524,0.2712791506986358,0.09984123430077968,0.28999402786697065,1.0991313584195168,1.3311036950201935
burst_medium,3.0,44,18,True,,none,69.72116088867188,5.191343750751243,1.5507491570350065,0.20179697560560267,0.08264694811661248,0.17185047340999884,1.5671718333984042,1.5881833538299124
burst_medium,3.0,44,19,True,,none,61.3218879699707,5.938236500016718,0.9415124830286439,0.46944906654906815,0.18839004063393658,0.572525570737037,1.2829065655484302,1.2688828949658266
burst_medium,3.0,44,20,True,,none,64.33399963378906,6.511945885877073,0.9686187294398648,0.24577058234950494,0.051237740236669736,0.3164097083047067,1.0205312090747722,1.833801329939422
burst_medium,3.0,44,21,True,,none,74.30482482910156,6.9960256619018635,0.8275060057906589,0.5526057166651088,0.07105280862828878,0.6813691626238734,1.3410004101500006,1.2675920312815068
burst_medium,3.0,44,22,True,,none,59.18529510498047,5.214173434867483,0.8035680969650904,0.13199931184715902,0.0802626151351056,0.5870345715417811,1.100912644624093,1.7456921916430428
burst_medium,3.0,44,23,True,,none,63.123497009277344,6.968434142336114,1.0351929043685895,0.4381384089844034,0.11042493649385655,0.23858130930093155,1.1634444591189856,1.440890745949056
burst_medium,3.0,44,24,True,,none,58.521026611328125,5.091105358026998,1.0424199714677433,0.12815983626374386,0.0717953976140273,0.4520552165064438,1.5485057387027499,1.5154123300473603
burst_medium,3.0,44,25,True,,none,67.5671157836914,5.940948766125904,0.9777599760216743,0.3076908384458555,0.10151811605753798,0.4106941972864541,1.120280694810335,1.7123892537745444
burst_medium,3.0,44,26,True,,none,63.040184020996094,3.0844195264052443,1.0644088435579462,0.2855161924208198,0.16631083215396555,0.3527170493521509,0.87820917220023,1.5768726463436002
burst_medium,3.0,44,27,True,,none,61.148494720458984,6.253131839892537,0.5309043368812542,0.32235111099028246,0.11830743698565004,0.6966938857888946,0.9912068367001268,1.5578932089927635
burst_medium,3.0,44,28,True,,none,60.04165267944336,5.106165531948405,1.5237096916897588,0.34842864884565405,0.07053216141686035,0.39594709782980175,1.039367161737202,1.5091386795599135
burst_medium,3.0,44,29,True,,none,57.7462272644043,4.391339014773856,1.9147020670676007,0.37748037253660244,0.16313224297048556,0.25517170722472665,1.3224276025224577,1.7308182089695339
burst_medium,3.0,44,30,True,,none,65.94780731201172,7.223460223435317,0.7697058461893778,0.1777267487626688,0.05667360066171362,0.45748273891613733,1.479659963864911,1.715162421462182
burst_medium,3.0,44,31,True,,none,63.304481506347656,4.428145029998801,0.3777781145937121,0.2845618662733157,0.08618106848267142,0.610812968368232,1.0227508010712159,1.4869855773025749
burst_medium,3.0,44,32,True,,none,28.84432601928711,3.594715795677582,0.49736676069488583,0.2761194164704711,0.6093810430990412,0.4631586394976361,1.201335222438406,1.6510371581968282
burst_medium,3.0,44,33,True,,none,66.85997772216797,3.3334574997216126,0.5607492731938253,0.2727620249516046,0.0906755619254704,0.2857732981015304,1.187244962192855,1.8102655202194942
burst_medium,3.0,44,34,True,,none,63.98824691772461,4.506875302342875,1.9189297349808672,0.31074191578297256,0.06710905442281614,0.2206769176542869,1.3715338807585533,1.859589412428329
burst_medium,3.0,44,35,True,,none,61.915042877197266,7.208565121589019,0.8975788979537794,0.20267247198076507,0.12006459095766948,0.39466253499154336,1.3608864065119048,1.6968864137317898
burst_medium,3.0,44,36,True,,none,75.03331756591797,8.834190767449044,2.3924374961242654,0.393196190658998,0.05555524705399918,0.7862982578895278,1.112713497474723,1.7130312095700613
burst_medium,3.0,44,37,True,,none,56.49120330810547,4.0181048838188795,2.1130910066043347,0.3566127897350788,0.04646406488934953,0.4280248716962695,0.9615330353452225,1.6185697114772677
burst_medium,3.0,44,38,True,,none,72.16734313964844,5.5971025375946,1.6913931029267129,0.09375452328642865,0.1121223561337531,0.12574146318636945,0.8870008907882478,1.4896760835486584
burst_medium,3.0,44,39,True,,none,63.27692794799805,3.540725701167853,0.8042727655927845,0.23168621918778973,0.1123810209551851,0.4224054560976932,1.0122821061664797,1.7653065486150312
burst_medium,3.0,44,40,True,,none,52.17699432373047,6.341457955981844,0.33430627307806765,0.3843024115638005,0.06825458119762648,0.5785878855443882,0.9998694896260607,1.737317389957497
burst_medium,3.0,44,41,True,,none,62.20165252685547,4.775648367377355,2.042801824926122,0.4089685877647829,0.14648406059913213,0.14561060467248746,1.1567540183300002,1.5643272231847896
burst_medium,3.0,44,42,True,,none,52.448646545410156,4.342667020108218,0.43314819215358763,0.3268744860941358,0.174113787335646,0.18697690198009484,0.975443552315505,1.4147888907335082
burst_medium,3.0,44,43,True,,none,58.38964080810547,7.005138272802861,2.038277180022556,0.30858094536590114,0.18976743198181759,0.41998937513238505,0.9844069487047101,1.3152364229720912
burst_medium,3.0,44,44,True,,none,46.45555114746094,6.192887289149397,1.1269220480474904,0.45369379029368107,0.0654583021193349,0.6431209823220342,1.5926154952310247,1.882316350710858
burst_medium,3.0,44,45,True,,none,66.21134948730469,4.705211288724533,0.3620834991712407,0.3852184787593439,0.0483912255040199,0.45409769413157525,1.2107827051080597,1.2608964402875922
burst_medium,3.0,44,46,True,,none,64.64637756347656,9.745029290039453,1.313181118598121,0.28442189522126426,0.10966995090652276,0.11244842961014014,0.9732476213489551,1.3154753120014422
burst_medium,3.0,44,47,True,,none,59.37630844116211,5.8416681495522775,0.8834418768892408,0.4219989213856954,0.04640898401602443,0.42771074720359437,1.4633992313298652,1.42499838578906
burst_medium,3.0,44,48,True,,none,61.018280029296875,7.813342627559975,0.8405928322874704,0.28020040645385186,0.11450759320906495,0.6794050848291544,0.9692652604914164,1.6992496827146009
burst_medium,3.0,44,49,True,,none,59.88543701171875,7.9045017686663055,0.8743612263908532,0.4255856944878865,0.22737708201622683,0.5536127837097022,0.8530110016361281,1.6797554030970299
bias_medium,3.0,44,0,True,,none,51.292781829833984,6.576830519084643,1.638844760773484,0.3273873584578045,0.12918687003896479,0.43174135646516054,1.2682329615343297,1.376599663558628
bias_medium,3.0,44,1,True,,none,65.03748321533203,7.806665507767509,1.245086418471096,0.3828708960595484,0.07916352880678844,0.3727058579198434,1.1310426321157214,1.448086290632326
bias_medium,3.0,44,2,True,,none,54.089874267578125,5.226376589653753,0.5504229244312908,0.4040970833647662,0.19823727415445178,0.3316966188603435,1.2701374780987331,2.0904978284287625
bias_medium,3.0,44,3,True,,none,66.97804260253906,9.355667783463009,1.5545759526923544,0.30033061841557823,0.17120905984891924,0.2659770053816752,1.1274582097139152,1.7148103654965092
bias_medium,3.0,44,4,True,,none,55.81758499145508,4.810252954207842,0.8276164167209034,0.3829033387113137,0.08022971555577574,0.8447488994994741,1.3985635807268963,1.4919740061501958
bias_medium,3.0,44,5,True,,none,57.684120178222656,7.988245957371554,1.2747355025474767,0.33298247354306654,0.15732598769616474,0.4350339987049193,1.028287254116657,1.5737471466312585
bias_medium,3.0,44,6,True,,none,61.57421875,6.421246339500039,1.374094010190342,0.44014446793454487,0.15541243828084794,0.3095909322963273,1.1236471798822703,1.4430468526548654
bias_medium,3.0,44,7,True,,none,64.77461242675781,7.668100448900703,1.7599298607110059,0.39604983285220186,0.13454838587163906,0.31187452519840114,1.1111532867388296,1.7493246656700456
bias_medium,3.0,44,8,True,,none,66.69290161132812,4.794607060634465,0.9423088277558912,0.3309621121284419,0.12641125158476305,0.2054372514388633,1.0849424228233835,2.4353101544272393
bias_medium,3.0,44,9,True,,none,68.42829895019531,5.582655149597646,1.5213635083980392,0.3746698567848043,0.1842204648789065,0.7449371578711959,1.1010453987109774,1.7997279033467046
bias_medium,3.0,44,10,True,,none,61.56336212158203,5.646263039063717,1.8773566519513505,0.512139738496021,0.07598697367804758,0.6055726171956418,0.9605205693856197,1.6593824310839635
bias_medium,3.0,44,11,True,,none,70.98883056640625,6.33707453978397,1.4001912751800505,0.30993192599715896,0.18871644707310237,0.5939189981337636,1.0793907648444103,1.7804007345027797
bias_medium,3.0,44,12,True,,none,63.9593505859375,5.733000555382437,0.748743361539582,0.3706228042283828,0.07622812356144558,0.691046867296919,1.290572703559811,1.7205086178784825
bias_medium,3.0,44,13,True,,none,57.30756759643555,6.693923513676161,1.3978563519126928,0.2227029340825165,0.2499383280706028,0.3620169140561926,1.083408504141547,1.3488099024927482
bias_medium,3.0,44,14,True,,none,63.199073791503906,3.8968582337530466,0.9670581797587608,0.3856358955942639,0.08497171280181214,0.11148049431055186,1.0142482621331534,1.4679471546609504
bias_medium,3.0,44,15,True,,none,65.3272705078125,4.5738879497848846,1.4509594090554723,0.5249005239619389,0.09856468776674394,0.5387811977783835,1.2573713237345554,1.7429453103778088
bias_medium,3.0,44,16,True,,none,68.14630889892578,5.617170966684735,1.7918345287308757,0.46614083113517063,0.10916641730710797,0.5266553182359504,1.071571055387596,1.5545492459274663
bias_medium,3.0,44,17,True,,none,62.573829650878906,6.72511539727414,1.6871369008680996,0.33904345137240044,0.04344068640500243,0.16441631028397063,1.4318786211865653,1.7815536410412638
bias_medium,3.0,44,18,True,,none,61.51502990722656,4.894730527115598,1.2134515991327217,0.454416374396593,0.029422427678611154,0.35220870462513837,0.8365484135851387,1.5631088798787371
bias_medium,3.0,44,19,True,,none,60.49190139770508,4.772427018986345,0.48898769302408035,0.24674946929527564,0.03926537723816783,0.20396712531686634,1.5686559526085833,1.8869409682832678
bias_medium,3.0,44,20,True,,none,59.88229751586914,4.5409611870600965,1.2087288937575449,0.4161296563097755,0.08278293467374896,0.25410780246163983,1.1855520618391548,1.4717667337705695
bias_medium,3.0,44,21,True,,none,51.456214904785156,6.257497854666009,1.2584056703453959,0.3316056941757633,0.24701661584394613,0.4226925344350303,1.291905587639585,1.5699024832265296
bias_medium,3.0,44,22,True,,none,73.6297607421875,5.712423018109806,1.5616178067085078,0.2987578510923301,0.07668961162679383,0.18363569448210812,0.8709204964401176,1.7076827285244984
bias_medium,3.0,44,23,True,,none,57.443824768066406,6.079906956821802,1.0319604916148473,0.5418630051034973,0.07445619867155515,0.5081016557820844,1.1875779635767167,1.3901340828027613
bias_medium,3.0,44,24,True,,none,66.38687133789062,7.718277597298615,1.2303862154478051,0.46868157368731217,0.09529186947277316,0.22983578241168812,1.0802609983215639,1.68771936226836
bias_medium,3.0,44,25,True,,none,65.40928649902344,7.2787162053853995,0.9241389029915373,0.41300758399812926,0.08017995183518066,0.49684600671708584,1.3833585504137693,2.015713608587011
bias_medium,3.0,44,26,True,,none,58.93520736694336,7.7150061368489915,1.128246173158155,0.4301338248053303,0.037034626829638075,0.3985675021290593,1.0816259957664458,1.2480231780715663
bias_medium,3.0,44,27,True,,none,59.2763557434082,4.67629108677861,0.9377763286730431,0.4576262619691675,0.0958517285968467,0.39583861636406714,1.222741894499597,1.494131671189187
bias_medium,3.0,44,28,True,,none,64.52970123291016,6.01660910633983,1.2557996088816175,0.3066525722579993,0.10582706707822559,0.3159477417764975,1.3473046730866731,1.4027328560708279
bias_medium,3.0,44,29,True,,none,66.8986587524414,7.4390018572622605,1.696139913019693,0.3549279793357411,0.0696595560062511,0.4502357844888533,1.1749150244337965,1.4733847256798245
bias_medium,3.0,44,30,True,,none,54.10955810546875,5.262186564720947,0.9083028953507571,0.38471041198384076,0.1178790044183976,0.45457344224940655,1.3226866428681734,1.2134158386033351
bias_medium,3.0,44,31,True,,none,59.668418884277344,6.06625319912359,0.7876789077491126,0.08636560360990678,0.06837048006694403,0.16417786238086535,1.7236103833694059,1.6492480087402155
bias_medium,3.0,44,32,True,,none,74.98082733154297,6.743539756580785,2.0326860889482528,0.37328581265212324,0.1199930160028577,0.3506824978410147,1.139994616517631,1.6768847985176512
bias_medium,3.0,44,33,True,,none,65.6377944946289,3.908995265649543,1.1243876785110565,0.17007336466996473,0.09130513684892404,0.32389446428614543,1.556527669180654,1.8504398276079999
bias_medium,3.0,44,34,True,,none,56.640777587890625,4.417201950611688,1.2513755819441006,0.5693899289938328,0.16982053425378965,0.3260370151558399,1.9450239803287306,1.461681610532928
bias_medium,3.0,44,35,True,,none,61.207054138183594,3.9414384663237776,1.2562122853713373,0.2557443852946357,0.1735105630707314,0.5409835461699155,1.2056763700778121,1.7504759207854825
bias_medium,3.0,44,36,True,,none,65.93482971191406,3.7085553467770356,2.8236609162295028,0.26938993764027097,0.0899674925300758,0.2214075847645875,1.0144579849035091,1.328750307295975
bias_medium,3.0,44,37,True,,none,59.52244567871094,4.910389503739497,2.532891104930779,0.5107390831461408,0.07966330305156133,0.760522176289354,1.2353723079087193,1.43970738537391
bias_medium,3.0,44,38,True,,none,59.36744689941406,4.94439010207084,0.8159842557617893,0.4832482905301601,0.09011206829762862,0.159742981907508,1.2806565271539925,1.7820533180954716
bias_medium,3.0,44,39,True,,none,61.90577697753906,4.798038483466797,1.38485690138118,0.24121166624959575,0.11028162210011126,0.4179641404499086,1.142418486161144,1.5805423733467425
bias_medium,3.0,44,40,True,,none,60.83790588378906,5.394202420579828,0.9403529710476798,0.32938108584690967,0.10313975105903393,0.49418864879144864,1.76727457207252,2.0406511487158916
bias_medium,3.0,44,41,True,,none,51.91733169555664,4.149347105973382,0.9567217185094666,0.43894911607166187,0.04965344140576262,0.5859168126021549,1.489784388934725,1.3218015306755169
bias_medium,3.0,44,42,True,,none,55.62981414794922,4.8808679904310885,0.8479661356707728,0.37771190185978154,0.18560491071143037,0.40150996136977546,0.9125793431046865,1.6577722186230008
bias_medium,3.0,44,43,True,,none,54.09589767456055,5.998114493156824,1.2383715682275465,0.3062154481788816,0.09572858659031659,0.5470842912408891,1.1615421448877359,1.3471157532201246
bias_medium,3.0,44,44,True,,none,51.76888656616211,4.04868479332166,0.5642217836116994,0.3986898116691651,0.11417829778402627,0.9010380500623062,1.816344029799172,2.203918282646563
bias_medium,3.0,44,45,True,,none,75.68544006347656,8.333201923943745,1.5685099308624577,0.07841804446456702,0.06522341312326521,0.1432326441329542,1.120536361879611,1.305772049248869
bias_medium,3.0,44,46,True,,none,67.06817626953125,7.3025532452210085,1.599059911107568,0.33226815767589607,0.06436990389758858,0.5276805502551306,1.1611805217782603,1.2272630065726744
bias_medium,3.0,44,47,True,,none,64.03266143798828,7.4831689437401625,1.5408981444147123,0.3176169203674188,0.09083117564909735,0.35334310140591146,1.0489738837815092,1.289827104173015
bias_medium,3.0,44,48,True,,none,60.66770935058594,6.841765028109659,1.5793823574239259,0.14976381962255272,0.10998621236178184,0.39513304182975967,1.1170247015727726,1.7155157777213272
bias_medium,3.0,44,49,True,,none,64.37000274658203,7.12600816297135,1.5145600499419303,0.30780247386913084,0.15154013721306442,0.5994702004976082,0.9018366107211555,1.786979386764087
jump_medium,3.0,44,0,True,,none,61.48834228515625,7.242796656478486,1.5917448562023304,0.39098129626907124,0.08600644976508479,0.573968590053058,1.2338300783561325,1.3259734803503187
jump_medium,3.0,44,1,True,,none,61.35190200805664,7.629555543867249,0.9991643943310979,0.5689427946489756,0.11643628945584833,0.4632205274364694,1.2040081531070912,1.2523669602015657
jump_medium,3.0,44,2,True,,none,61.045326232910156,5.374516501201789,0.8563667478117049,0.35082118770378906,0.08622058630682783,0.379840790629384,1.4224855187440433,1.6790186743581115
jump_medium,3.0,44,3,True,,none,62.43717956542969,5.79695982354312,0.9574322617965942,0.29650606914226996,0.07161539882531098,0.5189520007891255,1.550824111978769,1.7461030020278385
jump_medium,3.0,44,4,True,,none,64.55474090576172,6.541002561356157,0.9097743690145623,0.2962909583180411,0.17971140825362314,0.14901561771676974,0.9926142225314457,1.5628736045557576
jump_medium,3.0,44,5,True,,none,55.886714935302734,4.264643948379239,1.3775651241238493,0.47645616522712186,0.18618789228233595,0.8732577651029435,1.3235463992603422,1.927806704629068
jump_medium,3.0,44,6,True,,none,60.11488342285156,4.438349389509688,1.3942095773493104,0.3891479245545085,0.3309615786683858,0.4155321342584446,1.0748909492473337,1.3824725419190202
jump_medium,3.0,44,7,True,,none,57.536258697509766,5.536006921163119,0.5737247148953325,0.24929924782348514,0.05043852094333661,0.42809277445280774,1.1901882385328737,1.8677519986789786
jump_medium,3.0,44,8,True,,none,63.294986724853516,5.1106725693524355,0.6570675011197218,0.37407838538157,0.13625790776562033,0.5082660524564929,1.4251595499872662,1.3361722438769426
jump_medium,3.0,44,9,True,,none,59.5177001953125,4.530312653425721,1.366547606514346,0.2862331555091716,0.20348698407573634,0.2301228135119394,1.1016627072533909,2.0907796270213637
jump_medium,3.0,44,10,True,,none,63.05147933959961,5.121006867278548,0.9243577737804928,0.20030998896724098,0.1446437493819798,0.4290042655142422,1.3074620112680346,1.6859379465857078
jump_medium,3.0,44,11,True,,none,61.71282196044922,8.131410438064139,1.1157328713857777,0.1894295879239711,0.06906458515796511,0.2285245014224575,1.3104181081054704,1.1990858017331107
jump_medium,3.0,44,12,True,,none,65.95240783691406,4.892582797245408,0.8990162936184755,0.19748154070940455,0.03977047560738472,0.44288654457750887,1.1763122438271791,2.0946978866184143
jump_medium,3.0,44,13,True,,none,58.98488235473633,5.858199375801235,1.4536568486202917,0.2773444144499745,0.17582116804543427,0.6307645872638897,1.063526905194258,1.2947298376801166
jump_medium,3.0,44,14,True,,none,60.599700927734375,6.253745731739788,0.8799870192414598,0.4451395682736449,0.17391891246332775,0.334470395469533,1.0173217482881038,1.2001454150034025
jump_medium,3.0,44,15,True,,none,62.752418518066406,4.991467967020495,0.9673950444217324,0.2576742321576051,0.05111852763788202,0.6116945369784782,1.1224885165812437,1.56403470583341
jump_medium,3.0,44,16,True,,none,63.491085052490234,9.169542717795084,1.59268510573743,0.2581668269430939,0.04664647086576547,0.48026750650590366,1.2138342474758035,1.3382814046849434
jump_medium,3.0,44,17,True,,none,71.79701232910156,4.922915098173033,1.8843833857816479,0.14521083477331934,0.10438694343534916,0.5500761044785075,1.1637887299340843,1.597666990385279
jump_medium,3.0,44,18,True,,none,55.70188903808594,4.509961454237545,0.39947012419440053,0.13748904297143463,0.05382446561527501,0.5159709015141929,1.229807437871585,1.6176569107289778
jump_medium,3.0,44,19,True,,none,57.613624572753906,5.4603249857727985,0.9190690628354716,0.42080629619454135,0.06352511726187059,0.29466809116403947,1.0318539794975392,1.554937295035501
jump_medium,3.0,44,20,True,,none,70.2214126586914,3.8627664371727617,1.0366342736821486,0.3051446645058941,0.05468947317636209,0.3263697564121857,1.2123084390675927,1.4085031983200638
jump_medium,3.0,44,21,True,,none,70.65869140625,6.241965546190317,0.37906833666874246,0.28310341522959076,0.049235446155920515,0.3750584813064782,1.1794565510377026,1.6435632330664283
jump_medium,3.0,44,22,True,,none,63.62416458129883,7.313761609636467,0.8662520924518964,0.4296170188433004,0.09315249607116369,0.4104776031536536,1.420646686707653,1.8459325985436024
jump_medium,3.0,44,23,True,,none,49.777339935302734,5.345882737951915,0.9187060299537724,0.6105377818420094,0.24605838116185894,0.22507326837620212,1.0346437536572144,1.4635473940688972
jump_medium,3.0,44,24,True,,none,61.40461349487305,5.965569921400018,0.7967189134381756,0.40043684652363903,0.08523232561049764,0.36452753177230995,1.5627598372794522,1.7428269229828397
jump_medium,3.0,44,25,True,,none,59.26020431518555,4.3334565342861255,3.07129225368136,0.3435181982069337,0.15825006252926016,0.19042887418652182,1.7837029120176393,1.7560080954050574
jump_medium,3.0,44,26,True,,none,57.655242919921875,3.9694852704818,1.1342332673468263,0.4690020261764559,0.04381556932496994,0.6276956184285456,1.2051288447892743,1.300340610731176
jump_medium,3.0,44,27,True,,none,64.24376678466797,6.400015613106859,0.40739528709837675,0.35883559169097223,0.1444455438522893,0.32442295279085004,1.4891431440205822,1.9572474198030196
jump_medium,3.0,44,28,True,,none,59.11480712890625,8.96299198263499,0.6032995301131464,0.32189534608355175,0.09001012706136935,0.6022921267235335,0.9790776614346622,1.3047443814475936
jump_medium,3.0,44,29,True,,none,56.58076095581055,3.2550470705422603,0.7828519937080725,0.7880175408969263,0.13641581040812412,0.6585404287690959,1.8408561393264193,1.8772893908322417
jump_medium,3.0,44,30,True,,none,61.576656341552734,8.680425913942416,0.7416684161515656,0.537070201294851,0.2862334301398857,0.39962147948170657,1.0778537416577807,1.7990282612211796
jump_medium,3.0,44,31,True,,none,59.74757385253906,5.631212240044554,0.9549830503521224,0.3176417252135085,0.12053947058517647,0.6775468404801717,1.6875058994271146,1.7307574067445777
jump_medium,3.0,44,32,True,,none,69.19422912597656,6.2775675966447,1.5705980886654094,0.2479344602079819,0.2581188468942109,0.7397664713872186,1.011233722439223,1.257113950129284
jump_medium,3.0,44,33,True,,none,61.91362762451172,6.959021309937302,0.8292974836175154,0.20333215816022018,0.07748680502836702,0.395841133183423,1.1169396039447095,1.7130450820522636
jump_medium,3.0,44,34,True,,none,64.25607299804688,5.749026414558676,1.4977344081829864,0.2466340856792019,0.31915888568381423,0.3471399932244718,1.0289969644948602,1.2919853331196773
jump_medium,3.0,44,35,True,,none,72.57998657226562,5.494094420954913,0.4554846424454807,0.35625448688020733,0.16579702258514725,0.49424270817974386,1.3144599808905406,1.760014804691998
jump_medium,3.0,44,36,True,,none,55.68540573120117,5.693619008281,1.998666275354562,0.23124308593326207,0.1279436140689743,0.7630874765189541,1.596447760332471,2.3315308712642917
jump_medium,3.0,44,37,True,,none,69.90743255615234,3.3110373916902063,2.2486596610350094,0.4488945424823098,0.05009296803928162,0.6378576491475338,1.0708904336833223,1.365400203284678
jump_medium,3.0,44,38,True,,none,58.098785400390625,7.970596582102818,1.5150187241157735,0.29360882715402586,0.054059849977773015,0.6099768175320154,1.3371685147008137,2.0959342871004893
jump_medium,3.0,44,39,True,,none,59.37053298950195,4.275866645933278,1.1771419168527653,0.6109348248755581,0.06748936271639201,0.3246905148234672,0.9403705558773623,1.3731265830416963
jump_medium,3.0,44,40,True,,none,52.33681106567383,5.010704953087801,0.3064865216309283,0.4582425857605875,0.17948112617400283,0.6508402225625987,1.2744353053846607,1.3987354925167823
jump_medium,3.0,44,41,True,,none,59.53994369506836,3.0455733698491976,0.583083602354242,0.265285546087595,0.08180086427054817,0.2948032752355648,1.1598490007692817,1.3286360029009616
jump_medium,3.0,44,42,True,,none,56.16611099243164,6.967981545550726,1.048629234312413,0.37207396620951755,0.2225991078306963,0.6701918418214522,1.203420225133904,1.3160783727503507
jump_medium,3.0,44,43,True,,none,53.31608200073242,6.051073474102648,1.4416379941850803,0.365723207084334,0.05533899943749075,0.29752861109344,1.688157041856691,1.5335601049106817
jump_medium,3.0,44,44,True,,none,66.02607727050781,6.950532123147813,0.8847308578169907,0.34160956679858545,0.05286158262650519,0.19519790414294313,1.0280076836985148,2.0244487680251426
jump_medium,3.0,44,45,True,,none,60.98219299316406,5.006267043674407,0.5575727683401567,0.40354004754899236,0.13153246987827363,0.3759516709964634,1.1305602394392316,1.690972057695327
jump_medium,3.0,44,46,True,,none,60.807987213134766,7.403661434867993,1.9422317797476012,0.27795694841056123,0.09946341553330691,0.17209187405744908,1.1505514106441719,1.8791264670533814
jump_medium,3.0,44,47,True,,none,63.366798400878906,4.807735691085245,0.8006132942272355,0.3131734141650851,0.04565896124743978,0.19846972405744986,1.3399827595060176,1.6771751004346294
jump_medium,3.0,44,48,True,,none,60.43033981323242,5.524299311813874,1.376228825991881,0.38744607511614004,0.10009061937145582,0.5845833110609889,1.2696986453668189,1.4719876191078716
jump_medium,3.0,44,49,True,,none,62.84699630737305,5.647176586765406,1.9899384400985807,0.22881138383497543,0.042096146284032646,0.2897858472676708,1.5470907699076577,1.8068079139480726
combined_medium,3.0,44,0,True,,none,60.937782287597656,2.91713962069237,1.2564699424303891,0.20947605453066448,0.2026688226037864,0.15033940936660606,1.088501493586248,1.2561861871226958
combined_medium,3.0,44,1,True,,none,69.95318603515625,5.076792942651304,0.5614577949283549,0.5662857425832037,0.08947135570567091,0.3982913338151226,1.1093236120613263,1.6235339816429921
combined_medium,3.0,44,2,True,,none,61.70207214355469,7.89557960432297,0.8620269611271424,0.3887642163702648,0.06680903250130621,0.46800594197102674,1.0817028133515583,1.2879748381801424
combined_medium,3.0,44,3,True,,none,68.7795639038086,7.398041701874256,0.7265253709677002,0.2727728825448813,0.04596435004612413,0.48723265346500655,1.2119530895640933,1.65326596181943
combined_medium,3.0,44,4,True,,none,58.40799331665039,8.951144404534851,0.6775709137757703,0.35128339346351795,0.1052351417380766,0.40744089574013576,1.152114683622598,1.638170091050495
combined_medium,3.0,44,5,True,,none,70.6124038696289,6.98650918308046,0.48155739111655477,0.1823942438484275,0.06278355460506302,0.35263099132114417,0.9140623446418323,1.3326274555649742
combined_medium,3.0,44,6,True,,none,60.648162841796875,7.276492532501348,0.49508895914794865,0.4049383326476984,0.20458830321942506,0.35119333809004494,1.3825145393262153,1.548824604251542
combined_medium,3.0,44,7,True,,none,55.43635940551758,3.795966895436046,1.045974815954597,0.3900895834374713,0.08666948913938434,0.36971493748475054,1.000422695002055,1.2340516857580524
combined_medium,3.0,44,8,True,,none,68.93937683105469,7.310868633138598,1.3870319386201861,0.2913795664576552,0.07280335957327938,0.7629194003808956,1.0309755082944418,1.3028265375435466
combined_medium,3.0,44,9,True,,none,58.76845932006836,5.680898137530701,1.3250980494565752,0.40689939231489713,0.10237663332996037,0.8547336677303582,1.0473853705653802,1.5857660479285995
combined_medium,3.0,44,10,True,,none,70.0566635131836,5.6240863746044925,1.6452065965273805,0.2826958674258163,0.07562384477131645,0.6202388101760603,1.1783017070125066,1.2557958962228064
combined_medium,3.0,44,11,True,,none,57.213809967041016,5.161595770065297,0.6146160825222486,0.13715528452209763,0.0829816157441688,0.5052003801455702,1.0846286725056393,1.8466747194935396
combined_medium,3.0,44,12,True,,none,78.75337982177734,8.705938927069399,0.8669557243445797,0.38102307316997447,0.18706775080761415,0.34198021277570795,1.180122610841686,1.2552905716003637
combined_medium,3.0,44,13,True,,none,74.2451400756836,3.299987783613489,1.475089206415895,0.37469767941533366,0.0512873194992981,0.3811612771053216,1.2608033088662285,1.617023624254834
combined_medium,3.0,44,14,True,,none,57.90118408203125,7.506674637764711,0.8863914190725591,0.38174721712534687,0.1459612891194517,0.45315577686468467,0.9764918174682642,1.7498594338593494
combined_medium,3.0,44,15,True,,none,61.755271911621094,7.02792219777568,1.5526959259654507,0.33423067183405025,0.09186086897063755,0.3711182280693366,1.169881156765034,1.3311334709212228
combined_medium,3.0,44,16,True,,none,62.427425384521484,8.793543585696185,0.8862824718575447,0.43442003021956416,0.1365070072562857,0.5739062836289734,1.9572028336140552,2.2825008590675613
combined_medium,3.0,44,17,True,,none,59.219398498535156,6.0127705464297065,1.2624521743324246,0.4972299549691931,0.17809473493764347,0.2525416834776672,1.0045863475755055,1.2339819164296006
combined_medium,3.0,44,18,True,,none,58.290592193603516,5.485147688697487,0.5316524538181163,0.39426276852587266,0.06366374188317273,0.3453545872692658,1.0699297520091438,1.2245231770309528
combined_medium,3.0,44,19,True,,none,63.82945251464844,4.070706775455677,1.3614717545468065,0.2402618860445683,0.1071052593119078,0.36368248174161344,1.449665842020031,2.5494487406887782
combined_medium,3.0,44,20,True,,none,64.6496353149414,7.243845852235163,1.1160095550729163,0.5330201752377794,0.09660338308972137,0.28239690796133954,1.2044650859252657,1.9386056865038805
combined_medium,3.0,44,21,True,,none,62.778018951416016,6.928469341043392,1.101966005759745,0.0785872483633899,0.03887675046920552,0.6449283598009496,1.1488112699802555,1.287064915863847
combined_medium,3.0,44,22,True,,none,70.11762237548828,4.55287495526596,1.1917179048413036,0.37714772951088826,0.15538813889543357,0.22465709288676514,1.0802559954699555,1.2153237115753395
combined_medium,3.0,44,23,True,,none,67.83649444580078,7.537785671765918,1.4355395187110036,0.15166295724766726,0.03681028253578149,0.43885887488442776,1.1052430000943236,1.202447305032489
combined_medium,3.0,44,24,True,,none,61.428714752197266,6.17590760185448,1.381978514563524,0.3855186135937326,0.0656768936191757,0.7244222195491128,1.1012254135699673,2.1071716700248118
combined_medium,3.0,44,25,True,,none,68.87353515625,5.702613979594999,1.8532343944470806,0.28174028955229946,0.2408823354711871,0.18518656901159447,1.3667189538917108,2.024980874491015
combined_medium,3.0,44,26,True,,none,63.65048599243164,5.78466782830151,0.9535501052205564,0.367553601064806,0.1154359896704159,0.35077434899369303,0.8933550115128964,1.6789121520674224
combined_medium,3.0,44,27,True,,none,58.92422103881836,6.1012682545934895,0.7047318428095632,0.13618485728301805,0.14743675098395728,0.581870803928751,1.1189520012409955,1.2438646466194343
combined_medium,3.0,44,28,True,,none,52.71406936645508,4.206861586266723,0.41340668320786916,0.37592844880920845,0.0364761258095077,0.38487962613490323,0.8085875872199548,1.411442250234284
combined_medium,3.0,44,29,True,,none,61.009220123291016,6.407900041893211,1.1852745518228247,0.4024395794186474,0.04927683194546353,0.23262598524299674,1.028393734781402,1.2591377866284343
combined_medium,3.0,44,30,True,,none,57.618873596191406,6.166974332268272,0.6074692088527848,0.3476168600204787,0.07652284566405518,0.3639066803523286,1.177122523476536,1.2845012212451177
combined_medium,3.0,44,31,True,,none,67.52765655517578,5.624563043116426,1.3004863079305982,0.33664946647599814,0.3018241021001515,0.4140044312359286,1.0994100041079944,1.4774932850160616
combined_medium,3.0,44,32,True,,none,63.029212951660156,6.669013252752414,0.760532177471603,0.37270242565998846,0.03192934756611429,0.4618055568984573,1.0882373523100213,1.606968351876044
combined_medium,3.0,44,33,True,,none,59.064552307128906,5.101622060872721,1.2280022827673327,0.39316278531818655,0.06626575099475146,0.5474546781327592,1.6710201290263027,1.4954880882038126
combined_medium,3.0,44,34,True,,none,64.62945556640625,3.456237348667104,1.440428247756631,0.2457257050481429,0.06923813733935381,0.3099391927395696,1.2282405713487428,1.4788439034619383
combined_medium,3.0,44,35,True,,none,60.599159240722656,3.840473004347208,1.0988474315865109,0.32387350126473596,0.04730489129066204,0.4781446258474281,1.0575082973897414,1.2977783423284264
combined_medium,3.0,44,36,True,,none,64.49736785888672,5.011933290981867,2.165858722740349,0.4131164246831018,0.06235122583867282,0.4711340563134255,1.064526521053151,1.5073682461371878
combined_medium,3.0,44,37,True,,none,63.94144058227539,4.396009656492806,0.4170583218979001,0.3379934666754325,0.06021229515631819,0.2875571435630257,1.1419161429318,1.858625991403389
combined_medium,3.0,44,38,True,,none,57.30038833618164,4.567080887607046,1.6821169984558222,0.4320507240251439,0.03737063851025245,0.37460668458069213,1.2903721099347414,1.3306907529529104
combined_medium,3.0,44,39,True,,none,64.23869323730469,4.657258986634365,0.2939478838370674,0.2502515952587451,0.10381967814320575,0.3518723753930057,1.7821154713235718,1.7253723020717802
combined_medium,3.0,44,40,True,,none,60.93509292602539,8.517131093044073,1.5429438264396276,0.28930776653537793,0.06875350554570754,0.3584116052181093,0.9766868164778765,2.5504870709165277
combined_medium,3.0,44,41,True,,none,69.31380462646484,8.967923594400318,0.5856469745764091,0.14017950693327516,0.07325703727634655,0.5598722990349632,1.616300391778257,1.7554669965213479
combined_medium,3.0,44,42,True,,none,67.30628967285156,8.711818621706568,0.6328117983229634,0.14046705356689382,0.13498518946207624,0.4533902122629715,1.2887415722308262,1.5096462007701283
combined_medium,3.0,44,43,True,,none,58.809288024902344,5.509427412031671,0.3005998573400637,0.35776443215786535,0.09666350867579565,0.2153416239252077,1.0753646786623932,1.900945278134223
combined_medium,3.0,44,44,True,,none,58.77696990966797,4.379101984231964,1.109069306459101,0.37904823465903076,0.10921610522792745,0.48145260212973034,1.2412830862194053,1.5053541958183436
combined_medium,3.0,44,45,True,,none,67.08818817138672,4.937808406691448,1.3621431921507308,0.4204556251387905,0.1061077972205941,0.4179535337809672,1.0971325532788299,1.5941503077735821
combined_medium,3.0,44,46,True,,none,59.632930755615234,7.469033313616959,1.1606178624909111,0.3947334408428983,0.2424961903578738,0.46331900010646054,1.1194592015648535,1.2903537525113025
combined_medium,3.0,44,47,True,,none,60.399906158447266,8.954890171583955,2.206370638239514,0.3028520065588935,0.22116991888994358,0.3117407407021631,1.3242394103483304,2.0967561339504384
combined_medium,3.0,44,48,True,,none,67.71662139892578,5.65149952198239,1.2434644344984795,0.33351244381104234,0.08122076321659596,0.3470660284945678,1.3224774435548512,1.6864876608393893
combined_medium,3.0,44,49,True,,none,70.18190002441406,7.20072370393525,1.514311610151928,0.2807899932127833,0.03665513481348438,0.3219286213025535,1.1120333916134921,1.4824754643053328
