metric,real_mean,gen_mean,real_std,gen_std,real_median,gen_median,real_q10,gen_q10,real_q90,gen_q90,mean_ratio_gen_over_real,std_ratio_gen_over_real
step_norm_all,0.267643,0.238064,0.181326,0.138265,0.264414,0.214346,0.018228,0.078109,0.504691,0.432285,0.889483,0.762521
avg_speed,0.267643,0.238064,0.165175,0.089983,0.257959,0.222932,0.047254,0.139706,0.487699,0.366585,0.889483,0.544776
total_length,5.085209,4.523207,3.138323,1.709683,4.901214,4.235711,0.897828,2.654407,9.266287,6.965107,0.889483,0.544776
endpoint_displacement,4.852273,3.367319,3.152350,2.037240,4.599544,2.911192,0.672422,1.123108,9.114501,6.325567,0.693967,0.646261
moving_ratio_global,0.898183,0.993832,0.252238,0.017862,1.000000,1.000000,0.473684,0.947368,1.000000,1.000000,1.106491,0.070813
propulsion_ratio,0.927280,0.705636,0.129429,0.231641,0.975040,0.766812,0.806641,0.347429,0.997064,0.964265,0.760974,1.789707
acc_rms,0.046971,0.103584,0.028177,0.014753,0.043216,0.103107,0.018778,0.085688,0.077469,0.121693,2.205298,0.523598
