metric,real_mean,gen_mean,real_std,gen_std,real_median,gen_median,real_q10,gen_q10,real_q90,gen_q90,mean_ratio_gen_over_real,std_ratio_gen_over_real
step_norm_all,0.328220,0.294169,0.156690,0.150776,0.327603,0.285129,0.122032,0.102348,0.524123,0.504766,0.896257,0.962256
avg_speed,0.328220,0.294169,0.135084,0.113922,0.318897,0.279774,0.155074,0.158036,0.508050,0.457878,0.896257,0.843348
total_length,6.236176,5.589214,2.566587,2.164526,6.059034,5.315709,2.946410,3.002683,9.652952,8.699688,0.896257,0.843348
endpoint_displacement,5.980539,4.626842,2.635707,2.548298,5.753386,4.451611,2.668038,1.473850,9.500957,8.214533,0.773650,0.966837
moving_ratio_global,0.898887,0.860197,0.177121,0.193010,1.000000,0.947368,0.578947,0.578947,1.000000,1.000000,0.956959,1.089708
propulsion_ratio,0.947851,0.791556,0.095055,0.229013,0.979110,0.889517,0.874903,0.425528,0.996812,0.988396,0.835106,2.409272
acc_rms,0.051887,0.070143,0.027227,0.022274,0.047283,0.065947,0.025461,0.043938,0.081313,0.099512,1.351843,0.818067
