metric,real_mean,gen_mean,real_std,gen_std,real_median,gen_median,real_q10,gen_q10,real_q90,gen_q90,mean_ratio_gen_over_real,std_ratio_gen_over_real
step_norm_all,0.297809,0.277540,0.169263,0.162443,0.295434,0.257285,0.060806,0.078067,0.515072,0.508836,0.931940,0.959712
avg_speed,0.297809,0.277540,0.149933,0.123463,0.288647,0.258832,0.103042,0.135006,0.496821,0.454646,0.931940,0.823456
total_length,5.658366,5.273255,2.848725,2.345798,5.484285,4.917814,1.957789,2.565121,9.439590,8.638268,0.931940,0.823456
endpoint_displacement,5.406358,4.328196,2.899876,2.646236,5.178068,3.876817,1.677124,1.194441,9.287703,8.288570,0.800575,0.912534
moving_ratio_global,0.898228,0.929790,0.201262,0.118464,1.000000,1.000000,0.526316,0.736842,1.000000,1.000000,1.035139,0.588605
propulsion_ratio,0.936432,0.776172,0.114091,0.226618,0.976247,0.870500,0.841869,0.388930,0.996548,0.985912,0.828861,1.986294
acc_rms,0.050731,0.077117,0.027135,0.025774,0.045872,0.072018,0.024890,0.048533,0.079625,0.110117,1.520124,0.949844
