metric,real_mean,gen_mean,real_std,gen_std,real_median,gen_median,real_q10,gen_q10,real_q90,gen_q90,mean_ratio_gen_over_real,std_ratio_gen_over_real
step_norm_all,0.328220,0.281840,0.156690,0.145210,0.327603,0.272228,0.122032,0.095094,0.524123,0.485533,0.858691,0.926738
avg_speed,0.328220,0.281840,0.135084,0.109728,0.318897,0.265804,0.155074,0.150186,0.508050,0.445640,0.858691,0.812299
total_length,6.236176,5.354952,2.566587,2.084836,6.059034,5.050282,2.946410,2.853530,9.652952,8.467162,0.858692,0.812299
endpoint_displacement,5.980539,4.447347,2.635707,2.422778,5.753386,4.183194,2.668038,1.431807,9.500957,7.855155,0.743636,0.919214
moving_ratio_global,0.898887,0.849301,0.177121,0.202863,1.000000,0.947368,0.578947,0.578947,1.000000,1.000000,0.944836,1.145336
propulsion_ratio,0.947851,0.794648,0.095055,0.221925,0.979110,0.888628,0.874903,0.458314,0.996812,0.987436,0.838368,2.334705
acc_rms,0.051887,0.068166,0.027227,0.020640,0.047283,0.064869,0.025461,0.044097,0.081313,0.096260,1.313747,0.758055
