metric,real_mean,gen_mean,real_std,gen_std,real_median,gen_median,real_q10,gen_q10,real_q90,gen_q90,mean_ratio_gen_over_real,std_ratio_gen_over_real
step_norm_all,0.241194,0.213583,0.189435,0.169444,0.233449,0.183273,0.006471,0.023135,0.496139,0.464925,0.885525,0.894471
avg_speed,0.241194,0.213583,0.175639,0.135826,0.230006,0.189924,0.008275,0.056611,0.478425,0.409315,0.885525,0.773325
total_length,4.582688,4.058085,3.337133,2.580689,4.370111,3.608558,0.157228,1.075603,9.090078,7.776977,0.885525,0.773325
endpoint_displacement,4.372882,3.435808,3.318358,2.587445,4.101030,2.793857,0.141720,0.676807,8.947489,7.408105,0.785708,0.779737
moving_ratio_global,0.897918,0.988590,0.288615,0.036846,1.000000,1.000000,0.473684,0.947368,1.000000,1.000000,1.100980,0.127665
propulsion_ratio,0.932410,0.800510,0.126672,0.200061,0.978716,0.881004,0.818072,0.496135,0.999063,0.983221,0.858539,1.579366
acc_rms,0.042321,0.060464,0.030154,0.026046,0.040234,0.057885,0.000295,0.029443,0.075341,0.095227,1.428723,0.863757
