metric,real_mean,gen_mean,real_std,gen_std,real_median,gen_median,real_q10,gen_q10,real_q90,gen_q90,mean_ratio_gen_over_real,std_ratio_gen_over_real
step_norm_all,0.267643,0.236639,0.181326,0.159096,0.264414,0.218970,0.018228,0.040317,0.504691,0.464264,0.884158,0.877403
avg_speed,0.267643,0.236638,0.165175,0.123174,0.257959,0.220021,0.047254,0.089011,0.487699,0.422213,0.884159,0.745718
total_length,5.085209,4.496131,3.138323,2.340305,4.901214,4.180404,0.897828,1.691207,9.266287,8.022052,0.884158,0.745718
endpoint_displacement,4.852273,3.733112,3.152350,2.467090,4.599544,3.315091,0.672422,0.942847,9.114501,7.468246,0.769353,0.782619
moving_ratio_global,0.898183,0.971628,0.252238,0.073453,1.000000,1.000000,0.473684,0.894737,1.000000,1.000000,1.081770,0.291204
propulsion_ratio,0.927280,0.783421,0.129429,0.214130,0.975040,0.872824,0.806641,0.454086,0.997064,0.982498,0.844859,1.654418
acc_rms,0.046971,0.074464,0.028177,0.026323,0.043216,0.070189,0.018778,0.042755,0.077469,0.108132,1.585335,0.934208
