metric,real_mean,gen_mean,real_std,gen_std,real_median,gen_median,real_q10,gen_q10,real_q90,gen_q90,mean_ratio_gen_over_real,std_ratio_gen_over_real
step_norm_all,0.328220,0.311424,0.156690,0.161303,0.327603,0.301643,0.122032,0.104956,0.524123,0.533654,0.948828,1.029444
avg_speed,0.328220,0.311424,0.135084,0.118525,0.318897,0.296279,0.155074,0.166411,0.508050,0.482814,0.948828,0.877419
total_length,6.236176,5.917057,2.566587,2.251974,6.059034,5.629310,2.946410,3.161811,9.652952,9.173474,0.948828,0.877419
endpoint_displacement,5.980539,4.819326,2.635707,2.729693,5.753386,4.550434,2.668038,1.323307,9.500957,8.682970,0.805835,1.035659
moving_ratio_global,0.898887,0.867393,0.177121,0.182526,1.000000,0.947368,0.578947,0.578947,1.000000,1.000000,0.964964,1.030518
propulsion_ratio,0.947851,0.774681,0.095055,0.245156,0.979110,0.889175,0.874903,0.363394,0.996812,0.988302,0.817302,2.579103
acc_rms,0.051887,0.080690,0.027227,0.026108,0.047283,0.076247,0.025461,0.050486,0.081313,0.114747,1.555117,0.958880
