metric,real_mean,gen_mean,real_std,gen_std,real_median,gen_median,real_q10,gen_q10,real_q90,gen_q90,mean_ratio_gen_over_real,std_ratio_gen_over_real
step_norm_all,0.297809,0.264714,0.169263,0.150257,0.295434,0.251183,0.060806,0.073902,0.515072,0.476644,0.888873,0.887716
avg_speed,0.297809,0.264714,0.149933,0.114200,0.288647,0.251028,0.103042,0.126646,0.496821,0.428316,0.888873,0.761675
total_length,5.658366,5.029568,2.848725,2.169802,5.484285,4.769524,1.957789,2.406272,9.439590,8.138004,0.888873,0.761675
endpoint_displacement,5.406358,4.176699,2.899876,2.426797,5.178068,3.760171,1.677124,1.234692,9.287703,7.597363,0.772553,0.836862
moving_ratio_global,0.898228,0.926192,0.201262,0.136327,1.000000,1.000000,0.526316,0.736842,1.000000,1.000000,1.031133,0.677360
propulsion_ratio,0.936432,0.791052,0.114091,0.213737,0.976247,0.873865,0.841869,0.442498,0.996548,0.986040,0.844751,1.873396
acc_rms,0.050731,0.069519,0.027135,0.024937,0.045872,0.064186,0.024890,0.040835,0.079625,0.102963,1.370343,0.919010
