condition,zeta,zeta_effective,seed,trajectory_id,no_guidance,t,loss_likelihood,loss_mean_form,loss_sum_form,loss_sum_over_mean_ratio,loss_isfinite,grad_norm,grad_max_abs,grad_isfinite,x_t_norm_before_ddpm,x_t_max_abs_before_ddpm,x_t_isfinite_before_ddpm,x_base_norm_after_ddpm,x_base_max_abs_after_ddpm,x_base_isfinite_after_ddpm,update_norm,update_max_abs,update_to_x_ratio,x_after_norm,x_after_max_abs,x_after_isfinite,first_nonfinite_stage
drift_medium,0.0,0.0,42,0,True,99,9.618975639343262,0.4809487760066986,9.618975639343262,20.0,True,20.13381576538086,13.964000701904297,True,6.747877597808838,2.2667179107666016,True,6.631767272949219,2.3315041065216064,True,0.0,0.0,0.0,6.631767272949219,2.3315041065216064,True,none
drift_medium,0.0,0.0,42,0,True,98,24.912826538085938,1.2456413507461548,24.912826538085938,20.0,True,35.961143493652344,19.812545776367188,True,6.631767272949219,2.3315041065216064,True,6.520359516143799,2.4033701419830322,True,0.0,0.0,0.0,6.520359516143799,2.4033701419830322,True,none
drift_medium,0.0,0.0,42,0,True,97,14.377079963684082,0.7188540101051331,14.377079963684082,20.0,True,21.419166564941406,14.337074279785156,True,6.520359516143799,2.4033701419830322,True,6.462879657745361,2.4493393898010254,True,0.0,0.0,0.0,6.462879657745361,2.4493393898010254,True,none
drift_medium,0.0,0.0,42,0,True,96,17.820789337158203,0.8910394906997681,17.820789337158203,20.0,True,25.571224212646484,12.380203247070312,True,6.462879657745361,2.4493393898010254,True,6.4481964111328125,2.4099957942962646,True,0.0,0.0,0.0,6.4481964111328125,2.4099957942962646,True,none
drift_medium,0.0,0.0,42,0,True,95,23.121618270874023,1.156080961227417,23.121618270874023,20.0,True,30.15781021118164,21.66259765625,True,6.4481964111328125,2.4099957942962646,True,6.2795729637146,2.4968783855438232,True,0.0,0.0,0.0,6.2795729637146,2.4968783855438232,True,none
drift_medium,0.0,0.0,42,0,True,94,21.911775588989258,1.0955888032913208,21.911775588989258,20.0,True,33.076576232910156,18.660377502441406,True,6.2795729637146,2.4968783855438232,True,6.2611083984375,2.5216968059539795,True,0.0,0.0,0.0,6.2611083984375,2.5216968059539795,True,none
drift_medium,0.0,0.0,42,0,True,93,24.727712631225586,1.2363855838775635,24.727712631225586,20.0,True,32.39140319824219,16.5970458984375,True,6.2611083984375,2.5216968059539795,True,6.142791271209717,2.389698028564453,True,0.0,0.0,0.0,6.142791271209717,2.389698028564453,True,none
drift_medium,0.0,0.0,42,0,True,92,17.101573944091797,0.8550786972045898,17.101573944091797,20.0,True,28.434059143066406,12.594131469726562,True,6.142791271209717,2.389698028564453,True,5.976944446563721,2.2523860931396484,True,0.0,0.0,0.0,5.976944446563721,2.2523860931396484,True,none
drift_medium,0.0,0.0,42,0,True,91,18.48035430908203,0.9240177273750305,18.48035430908203,20.0,True,24.668306350708008,10.243099212646484,True,5.976944446563721,2.2523860931396484,True,5.883873462677002,2.188133716583252,True,0.0,0.0,0.0,5.883873462677002,2.188133716583252,True,none
drift_medium,0.0,0.0,42,0,True,90,28.43121337890625,1.4215606451034546,28.43121337890625,20.0,True,35.31515121459961,17.331939697265625,True,5.883873462677002,2.188133716583252,True,5.780505657196045,2.0211894512176514,True,0.0,0.0,0.0,5.780505657196045,2.0211894512176514,True,none
drift_medium,0.0,0.0,42,0,True,89,23.44468879699707,1.1722344160079956,23.44468879699707,20.0,True,26.788312911987305,13.686691284179688,True,5.780505657196045,2.0211894512176514,True,5.627442359924316,2.0863637924194336,True,0.0,0.0,0.0,5.627442359924316,2.0863637924194336,True,none
drift_medium,0.0,0.0,42,0,True,88,26.756038665771484,1.3378019332885742,26.756038665771484,20.0,True,29.667627334594727,15.5762939453125,True,5.627442359924316,2.0863637924194336,True,5.382757663726807,1.9541817903518677,True,0.0,0.0,0.0,5.382757663726807,1.9541817903518677,True,none
drift_medium,0.0,0.0,42,0,True,87,13.6907377243042,0.684536874294281,13.6907377243042,20.0,True,19.977924346923828,9.028274536132812,True,5.382757663726807,1.9541817903518677,True,5.3349175453186035,2.0389087200164795,True,0.0,0.0,0.0,5.3349175453186035,2.0389087200164795,True,none
drift_medium,0.0,0.0,42,0,True,86,15.795438766479492,0.7897719144821167,15.795438766479492,20.0,True,23.229707717895508,11.103218078613281,True,5.3349175453186035,2.0389087200164795,True,5.048344135284424,1.9139653444290161,True,0.0,0.0,0.0,5.048344135284424,1.9139653444290161,True,none
drift_medium,0.0,0.0,42,0,True,85,18.811538696289062,0.9405769109725952,18.811538696289062,20.0,True,21.546295166015625,11.43365478515625,True,5.048344135284424,1.9139653444290161,True,5.182095050811768,1.9069817066192627,True,0.0,0.0,0.0,5.182095050811768,1.9069817066192627,True,none
drift_medium,0.0,0.0,42,0,True,84,22.34313201904297,1.1171566247940063,22.34313201904297,20.0,True,25.58759880065918,14.56866455078125,True,5.182095050811768,1.9069817066192627,True,5.053196430206299,1.9591931104660034,True,0.0,0.0,0.0,5.053196430206299,1.9591931104660034,True,none
drift_medium,0.0,0.0,42,0,True,83,26.844837188720703,1.342241883277893,26.844837188720703,20.0,True,24.057823181152344,13.392234802246094,True,5.053196430206299,1.9591931104660034,True,5.082430839538574,2.149599552154541,True,0.0,0.0,0.0,5.082430839538574,2.149599552154541,True,none
drift_medium,0.0,0.0,42,0,True,82,16.47917366027832,0.823958694934845,16.47917366027832,20.0,True,17.162277221679688,8.88326644897461,True,5.082430839538574,2.149599552154541,True,5.255817413330078,2.0804240703582764,True,0.0,0.0,0.0,5.255817413330078,2.0804240703582764,True,none
drift_medium,0.0,0.0,42,0,True,81,16.367128372192383,0.8183563947677612,16.367128372192383,20.0,True,17.26873207092285,8.400989532470703,True,5.255817413330078,2.0804240703582764,True,5.267045497894287,1.9908250570297241,True,0.0,0.0,0.0,5.267045497894287,1.9908250570297241,True,none
drift_medium,0.0,0.0,42,0,True,80,13.86314582824707,0.6931573152542114,13.86314582824707,20.0,True,16.013275146484375,6.353466033935547,True,5.267045497894287,1.9908250570297241,True,5.308777809143066,2.002070903778076,True,0.0,0.0,0.0,5.308777809143066,2.002070903778076,True,none
drift_medium,0.0,0.0,42,0,True,79,15.893491744995117,0.7946745753288269,15.893491744995117,20.0,True,17.610576629638672,7.213245391845703,True,5.308777809143066,2.002070903778076,True,5.2042646408081055,2.0938048362731934,True,0.0,0.0,0.0,5.2042646408081055,2.0938048362731934,True,none
drift_medium,0.0,0.0,42,0,True,78,15.88131332397461,0.7940656542778015,15.88131332397461,20.0,True,20.314821243286133,8.254344940185547,True,5.2042646408081055,2.0938048362731934,True,4.992526531219482,1.9580737352371216,True,0.0,0.0,0.0,4.992526531219482,1.9580737352371216,True,none
drift_medium,0.0,0.0,42,0,True,77,10.294158935546875,0.5147079229354858,10.294158935546875,20.0,True,12.243178367614746,4.045682907104492,True,4.992526531219482,1.9580737352371216,True,5.039341926574707,2.123814821243286,True,0.0,0.0,0.0,5.039341926574707,2.123814821243286,True,none
drift_medium,0.0,0.0,42,0,True,76,19.3839111328125,0.969195544719696,19.3839111328125,20.0,True,24.545482635498047,11.920608520507812,True,5.039341926574707,2.123814821243286,True,5.090262413024902,1.9890167713165283,True,0.0,0.0,0.0,5.090262413024902,1.9890167713165283,True,none
drift_medium,0.0,0.0,42,0,True,75,11.136551856994629,0.5568276047706604,11.136551856994629,20.0,True,15.073317527770996,7.427890777587891,True,5.090262413024902,1.9890167713165283,True,4.919355869293213,1.973214030265808,True,0.0,0.0,0.0,4.919355869293213,1.973214030265808,True,none
drift_medium,0.0,0.0,42,0,True,74,12.003927230834961,0.600196361541748,12.003927230834961,20.0,True,14.461692810058594,6.587949752807617,True,4.919355869293213,1.973214030265808,True,4.857773303985596,2.07818341255188,True,0.0,0.0,0.0,4.857773303985596,2.07818341255188,True,none
drift_medium,0.0,0.0,42,0,True,73,15.730735778808594,0.7865368127822876,15.730735778808594,20.0,True,19.37295913696289,11.970848083496094,True,4.857773303985596,2.07818341255188,True,4.754586696624756,1.911197543144226,True,0.0,0.0,0.0,4.754586696624756,1.911197543144226,True,none
drift_medium,0.0,0.0,42,0,True,72,16.83431053161621,0.8417155146598816,16.83431053161621,20.0,True,16.46849822998047,8.918102264404297,True,4.754586696624756,1.911197543144226,True,4.671118259429932,2.011695623397827,True,0.0,0.0,0.0,4.671118259429932,2.011695623397827,True,none
drift_medium,0.0,0.0,42,0,True,71,26.148283004760742,1.307414174079895,26.148283004760742,20.0,True,20.004972457885742,9.273635864257812,True,4.671118259429932,2.011695623397827,True,4.705376625061035,2.0498082637786865,True,0.0,0.0,0.0,4.705376625061035,2.0498082637786865,True,none
drift_medium,0.0,0.0,42,0,True,70,20.43239974975586,1.0216200351715088,20.43239974975586,20.0,True,17.716472625732422,6.886524200439453,True,4.705376625061035,2.0498082637786865,True,4.674209117889404,1.8536113500595093,True,0.0,0.0,0.0,4.674209117889404,1.8536113500595093,True,none
drift_medium,0.0,0.0,42,0,True,69,20.628984451293945,1.0314491987228394,20.628984451293945,20.0,True,18.526329040527344,9.764808654785156,True,4.674209117889404,1.8536113500595093,True,4.637426853179932,1.710619568824768,True,0.0,0.0,0.0,4.637426853179932,1.710619568824768,True,none
drift_medium,0.0,0.0,42,0,True,68,12.372093200683594,0.6186046600341797,12.372093200683594,20.0,True,15.597103118896484,7.497554779052734,True,4.637426853179932,1.710619568824768,True,4.6454081535339355,1.729487419128418,True,0.0,0.0,0.0,4.6454081535339355,1.729487419128418,True,none
drift_medium,0.0,0.0,42,0,True,67,15.002060890197754,0.7501030564308167,15.002060890197754,20.0,True,20.27366065979004,8.557418823242188,True,4.6454081535339355,1.729487419128418,True,4.7034502029418945,1.8007053136825562,True,0.0,0.0,0.0,4.7034502029418945,1.8007053136825562,True,none
drift_medium,0.0,0.0,42,0,True,66,12.162121772766113,0.6081060767173767,12.162121772766113,20.0,True,11.645354270935059,5.783931732177734,True,4.7034502029418945,1.8007053136825562,True,4.668915748596191,1.862017273902893,True,0.0,0.0,0.0,4.668915748596191,1.862017273902893,True,none
drift_medium,0.0,0.0,42,0,True,65,14.501888275146484,0.7250944375991821,14.501888275146484,20.0,True,15.074189186096191,7.897296905517578,True,4.668915748596191,1.862017273902893,True,4.798346996307373,2.0034940242767334,True,0.0,0.0,0.0,4.798346996307373,2.0034940242767334,True,none
drift_medium,0.0,0.0,42,0,True,64,18.12309455871582,0.9061547517776489,18.12309455871582,20.0,True,20.334861755371094,7.717525482177734,True,4.798346996307373,2.0034940242767334,True,4.834791660308838,2.0730690956115723,True,0.0,0.0,0.0,4.834791660308838,2.0730690956115723,True,none
drift_medium,0.0,0.0,42,0,True,63,20.33353042602539,1.0166765451431274,20.33353042602539,20.0,True,20.584386825561523,9.126678466796875,True,4.834791660308838,2.0730690956115723,True,4.673015117645264,1.9877023696899414,True,0.0,0.0,0.0,4.673015117645264,1.9877023696899414,True,none
drift_medium,0.0,0.0,42,0,True,62,14.638480186462402,0.7319239974021912,14.638480186462402,20.0,True,18.605255126953125,8.642486572265625,True,4.673015117645264,1.9877023696899414,True,4.663330554962158,2.0274598598480225,True,0.0,0.0,0.0,4.663330554962158,2.0274598598480225,True,none
drift_medium,0.0,0.0,42,0,True,61,14.000311851501465,0.7000156044960022,14.000311851501465,20.0,True,15.114157676696777,6.163265228271484,True,4.663330554962158,2.0274598598480225,True,4.3938493728637695,1.8670411109924316,True,0.0,0.0,0.0,4.3938493728637695,1.8670411109924316,True,none
drift_medium,0.0,0.0,42,0,True,60,13.645601272583008,0.6822800636291504,13.645601272583008,20.0,True,18.015092849731445,9.498847961425781,True,4.3938493728637695,1.8670411109924316,True,4.503232002258301,1.932586431503296,True,0.0,0.0,0.0,4.503232002258301,1.932586431503296,True,none
drift_medium,0.0,0.0,42,0,True,59,12.226051330566406,0.6113025546073914,12.226051330566406,20.0,True,16.6009578704834,7.364646911621094,True,4.503232002258301,1.932586431503296,True,4.352810382843018,1.924863338470459,True,0.0,0.0,0.0,4.352810382843018,1.924863338470459,True,none
drift_medium,0.0,0.0,42,0,True,58,12.77530288696289,0.6387651562690735,12.77530288696289,20.0,True,15.37125301361084,7.830177307128906,True,4.352810382843018,1.924863338470459,True,4.376527309417725,1.7942109107971191,True,0.0,0.0,0.0,4.376527309417725,1.7942109107971191,True,none
drift_medium,0.0,0.0,42,0,True,57,11.945999145507812,0.5972999334335327,11.945999145507812,20.0,True,14.304140090942383,6.486492156982422,True,4.376527309417725,1.7942109107971191,True,4.448800563812256,1.9807791709899902,True,0.0,0.0,0.0,4.448800563812256,1.9807791709899902,True,none
drift_medium,0.0,0.0,42,0,True,56,9.70655632019043,0.485327810049057,9.70655632019043,20.0,True,10.950040817260742,4.789039611816406,True,4.448800563812256,1.9807791709899902,True,4.373793601989746,2.004804849624634,True,0.0,0.0,0.0,4.373793601989746,2.004804849624634,True,none
drift_medium,0.0,0.0,42,0,True,55,8.700639724731445,0.4350319802761078,8.700639724731445,20.0,True,8.757620811462402,3.6590633392333984,True,4.373793601989746,2.004804849624634,True,4.30868673324585,2.1000428199768066,True,0.0,0.0,0.0,4.30868673324585,2.1000428199768066,True,none
drift_medium,0.0,0.0,42,0,True,54,16.22073745727539,0.8110368847846985,16.22073745727539,20.0,True,18.859928131103516,8.915817260742188,True,4.30868673324585,2.1000428199768066,True,4.185580253601074,2.037837266921997,True,0.0,0.0,0.0,4.185580253601074,2.037837266921997,True,none
drift_medium,0.0,0.0,42,0,True,53,14.080025672912598,0.7040013074874878,14.080025672912598,20.0,True,17.927488327026367,10.683757781982422,True,4.185580253601074,2.037837266921997,True,4.324151515960693,2.100950002670288,True,0.0,0.0,0.0,4.324151515960693,2.100950002670288,True,none
drift_medium,0.0,0.0,42,0,True,52,13.141602516174316,0.6570801138877869,13.141602516174316,20.0,True,13.73330020904541,7.955043792724609,True,4.324151515960693,2.100950002670288,True,4.3772807121276855,1.971228003501892,True,0.0,0.0,0.0,4.3772807121276855,1.971228003501892,True,none
drift_medium,0.0,0.0,42,0,True,51,13.794962882995605,0.6897481679916382,13.794962882995605,20.0,True,13.229955673217773,6.959354400634766,True,4.3772807121276855,1.971228003501892,True,4.271374225616455,2.0704269409179688,True,0.0,0.0,0.0,4.271374225616455,2.0704269409179688,True,none
drift_medium,0.0,0.0,42,0,True,50,17.715038299560547,0.8857519030570984,17.715038299560547,20.0,True,24.325029373168945,16.204517364501953,True,4.271374225616455,2.0704269409179688,True,4.078612327575684,1.8698816299438477,True,0.0,0.0,0.0,4.078612327575684,1.8698816299438477,True,none
drift_medium,0.0,0.0,42,0,True,49,12.735007286071777,0.636750340461731,12.735007286071777,20.0,True,12.907926559448242,6.9886627197265625,True,4.078612327575684,1.8698816299438477,True,3.9458370208740234,1.848123550415039,True,0.0,0.0,0.0,3.9458370208740234,1.848123550415039,True,none
drift_medium,0.0,0.0,42,0,True,48,13.065872192382812,0.6532936096191406,13.065872192382812,20.0,True,11.139608383178711,4.280555725097656,True,3.9458370208740234,1.848123550415039,True,3.9717254638671875,1.797722339630127,True,0.0,0.0,0.0,3.9717254638671875,1.797722339630127,True,none
drift_medium,0.0,0.0,42,0,True,47,22.331226348876953,1.1165612936019897,22.331226348876953,20.0,True,24.082897186279297,15.378585815429688,True,3.9717254638671875,1.797722339630127,True,3.9596776962280273,1.8367376327514648,True,0.0,0.0,0.0,3.9596776962280273,1.8367376327514648,True,none
drift_medium,0.0,0.0,42,0,True,46,19.68480682373047,0.9842403531074524,19.68480682373047,20.0,True,22.125438690185547,11.636619567871094,True,3.9596776962280273,1.8367376327514648,True,3.890336751937866,1.83382248878479,True,0.0,0.0,0.0,3.890336751937866,1.83382248878479,True,none
drift_medium,0.0,0.0,42,0,True,45,21.58684539794922,1.079342246055603,21.58684539794922,20.0,True,20.29453468322754,14.341705322265625,True,3.890336751937866,1.83382248878479,True,3.904064178466797,2.0795936584472656,True,0.0,0.0,0.0,3.904064178466797,2.0795936584472656,True,none
drift_medium,0.0,0.0,42,0,True,44,21.85823631286621,1.0929118394851685,21.85823631286621,20.0,True,18.977195739746094,10.677780151367188,True,3.904064178466797,2.0795936584472656,True,3.9437613487243652,2.0239739418029785,True,0.0,0.0,0.0,3.9437613487243652,2.0239739418029785,True,none
drift_medium,0.0,0.0,42,0,True,43,19.713010787963867,0.9856505393981934,19.713010787963867,20.0,True,20.589576721191406,13.140785217285156,True,3.9437613487243652,2.0239739418029785,True,3.775371551513672,1.9044069051742554,True,0.0,0.0,0.0,3.775371551513672,1.9044069051742554,True,none
drift_medium,0.0,0.0,42,0,True,42,21.935544967651367,1.0967772006988525,21.935544967651367,20.0,True,22.069475173950195,14.958343505859375,True,3.775371551513672,1.9044069051742554,True,3.568403959274292,1.9273812770843506,True,0.0,0.0,0.0,3.568403959274292,1.9273812770843506,True,none
drift_medium,0.0,0.0,42,0,True,41,20.09391975402832,1.004696011543274,20.09391975402832,20.0,True,30.60174560546875,23.300342559814453,True,3.568403959274292,1.9273812770843506,True,3.3764278888702393,1.749436616897583,True,0.0,0.0,0.0,3.3764278888702393,1.749436616897583,True,none
drift_medium,0.0,0.0,42,0,True,40,17.377222061157227,0.8688610792160034,17.377222061157227,20.0,True,25.707645416259766,16.81026840209961,True,3.3764278888702393,1.749436616897583,True,3.498481512069702,1.8587665557861328,True,0.0,0.0,0.0,3.498481512069702,1.8587665557861328,True,none
drift_medium,0.0,0.0,42,0,True,39,15.981894493103027,0.7990947365760803,15.981894493103027,20.0,True,30.08685302734375,20.66326904296875,True,3.498481512069702,1.8587665557861328,True,3.4175472259521484,1.7538849115371704,True,0.0,0.0,0.0,3.4175472259521484,1.7538849115371704,True,none
drift_medium,0.0,0.0,42,0,True,38,19.28241729736328,0.9641208648681641,19.28241729736328,20.0,True,30.29340362548828,20.294239044189453,True,3.4175472259521484,1.7538849115371704,True,3.3576250076293945,1.625430941581726,True,0.0,0.0,0.0,3.3576250076293945,1.625430941581726,True,none
drift_medium,0.0,0.0,42,0,True,37,12.969225883483887,0.6484612822532654,12.969225883483887,20.0,True,24.533878326416016,15.460735321044922,True,3.3576250076293945,1.625430941581726,True,3.4039978981018066,1.6970164775848389,True,0.0,0.0,0.0,3.4039978981018066,1.6970164775848389,True,none
drift_medium,0.0,0.0,42,0,True,36,15.246187210083008,0.7623093724250793,15.246187210083008,20.0,True,26.98712730407715,19.803489685058594,True,3.4039978981018066,1.6970164775848389,True,3.392554759979248,1.714643120765686,True,0.0,0.0,0.0,3.392554759979248,1.714643120765686,True,none
drift_medium,0.0,0.0,42,0,True,35,18.723007202148438,0.9361503720283508,18.723007202148438,20.0,True,37.3711051940918,25.48492431640625,True,3.392554759979248,1.714643120765686,True,3.2159414291381836,1.6308701038360596,True,0.0,0.0,0.0,3.2159414291381836,1.6308701038360596,True,none
drift_medium,0.0,0.0,42,0,True,34,19.242076873779297,0.9621038436889648,19.242076873779297,20.0,True,41.76541519165039,25.646831512451172,True,3.2159414291381836,1.6308701038360596,True,3.1314303874969482,1.4464575052261353,True,0.0,0.0,0.0,3.1314303874969482,1.4464575052261353,True,none
drift_medium,0.0,0.0,42,0,True,33,25.237733840942383,1.261886715888977,25.237733840942383,20.0,True,52.89881896972656,30.891368865966797,True,3.1314303874969482,1.4464575052261353,True,3.050597667694092,1.3600794076919556,True,0.0,0.0,0.0,3.050597667694092,1.3600794076919556,True,none
drift_medium,0.0,0.0,42,0,True,32,28.804359436035156,1.4402179718017578,28.804359436035156,20.0,True,49.202423095703125,31.05455780029297,True,3.050597667694092,1.3600794076919556,True,3.068962335586548,1.235344648361206,True,0.0,0.0,0.0,3.068962335586548,1.235344648361206,True,none
drift_medium,0.0,0.0,42,0,True,31,27.72199249267578,1.3860995769500732,27.72199249267578,20.0,True,54.30187225341797,36.34822463989258,True,3.068962335586548,1.235344648361206,True,2.8419127464294434,1.1642253398895264,True,0.0,0.0,0.0,2.8419127464294434,1.1642253398895264,True,none
drift_medium,0.0,0.0,42,0,True,30,22.62631607055664,1.13131582736969,22.62631607055664,20.0,True,46.076393127441406,29.518474578857422,True,2.8419127464294434,1.1642253398895264,True,2.831679105758667,1.1025855541229248,True,0.0,0.0,0.0,2.831679105758667,1.1025855541229248,True,none
drift_medium,0.0,0.0,42,0,True,29,26.927446365356445,1.346372365951538,26.927446365356445,20.0,True,57.05266189575195,35.74003982543945,True,2.831679105758667,1.1025855541229248,True,2.8702096939086914,1.1479469537734985,True,0.0,0.0,0.0,2.8702096939086914,1.1479469537734985,True,none
drift_medium,0.0,0.0,42,0,True,28,28.34266471862793,1.4171332120895386,28.34266471862793,20.0,True,57.74306106567383,38.65000915527344,True,2.8702096939086914,1.1479469537734985,True,2.9732768535614014,1.3016785383224487,True,0.0,0.0,0.0,2.9732768535614014,1.3016785383224487,True,none
drift_medium,0.0,0.0,42,0,True,27,39.72711944580078,1.9863560199737549,39.72711944580078,20.0,True,78.12078857421875,55.875545501708984,True,2.9732768535614014,1.3016785383224487,True,2.792609453201294,1.3109428882598877,True,0.0,0.0,0.0,2.792609453201294,1.3109428882598877,True,none
drift_medium,0.0,0.0,42,0,True,26,37.52802658081055,1.8764013051986694,37.52802658081055,20.0,True,81.22615814208984,55.97935485839844,True,2.792609453201294,1.3109428882598877,True,2.8156039714813232,1.2592891454696655,True,0.0,0.0,0.0,2.8156039714813232,1.2592891454696655,True,none
drift_medium,0.0,0.0,42,0,True,25,38.73442077636719,1.9367210865020752,38.73442077636719,20.0,True,80.19971466064453,47.60778045654297,True,2.8156039714813232,1.2592891454696655,True,2.7327539920806885,1.3372082710266113,True,0.0,0.0,0.0,2.7327539920806885,1.3372082710266113,True,none
drift_medium,0.0,0.0,42,0,True,24,36.40084457397461,1.8200422525405884,36.40084457397461,20.0,True,73.86103057861328,41.79829025268555,True,2.7327539920806885,1.3372082710266113,True,2.6195757389068604,1.2652432918548584,True,0.0,0.0,0.0,2.6195757389068604,1.2652432918548584,True,none
drift_medium,0.0,0.0,42,0,True,23,33.120113372802734,1.656005620956421,33.120113372802734,20.0,True,72.6644287109375,39.91400909423828,True,2.6195757389068604,1.2652432918548584,True,2.651489496231079,1.248194694519043,True,0.0,0.0,0.0,2.651489496231079,1.248194694519043,True,none
drift_medium,0.0,0.0,42,0,True,22,34.670475006103516,1.7335237264633179,34.670475006103516,20.0,True,71.75981903076172,45.833404541015625,True,2.651489496231079,1.248194694519043,True,2.7211923599243164,1.3605544567108154,True,0.0,0.0,0.0,2.7211923599243164,1.3605544567108154,True,none
drift_medium,0.0,0.0,42,0,True,21,38.535221099853516,1.9267610311508179,38.535221099853516,20.0,True,77.63558197021484,40.467994689941406,True,2.7211923599243164,1.3605544567108154,True,2.7015254497528076,1.2926710844039917,True,0.0,0.0,0.0,2.7015254497528076,1.2926710844039917,True,none
drift_medium,0.0,0.0,42,0,True,20,38.260093688964844,1.9130046367645264,38.260093688964844,20.0,True,97.1867904663086,59.19937515258789,True,2.7015254497528076,1.2926710844039917,True,2.676133155822754,1.319644808769226,True,0.0,0.0,0.0,2.676133155822754,1.319644808769226,True,none
drift_medium,0.0,0.0,42,0,True,19,50.42118835449219,2.521059513092041,50.42118835449219,20.0,True,113.87733459472656,65.24441528320312,True,2.676133155822754,1.319644808769226,True,2.5162153244018555,1.2825777530670166,True,0.0,0.0,0.0,2.5162153244018555,1.2825777530670166,True,none
drift_medium,0.0,0.0,42,0,True,18,56.24303436279297,2.8121516704559326,56.24303436279297,20.0,True,123.3301773071289,69.89430236816406,True,2.5162153244018555,1.2825777530670166,True,2.4710400104522705,1.2663465738296509,True,0.0,0.0,0.0,2.4710400104522705,1.2663465738296509,True,none
drift_medium,0.0,0.0,42,0,True,17,65.52253723144531,3.2761268615722656,65.52253723144531,20.0,True,151.57989501953125,83.779541015625,True,2.4710400104522705,1.2663465738296509,True,2.358733892440796,1.3454959392547607,True,0.0,0.0,0.0,2.358733892440796,1.3454959392547607,True,none
drift_medium,0.0,0.0,42,0,True,16,42.48997497558594,2.1244988441467285,42.48997497558594,20.0,True,111.68765258789062,59.307430267333984,True,2.358733892440796,1.3454959392547607,True,2.3432538509368896,1.3929612636566162,True,0.0,0.0,0.0,2.3432538509368896,1.3929612636566162,True,none
drift_medium,0.0,0.0,42,0,True,15,44.251190185546875,2.212559461593628,44.251190185546875,20.0,True,108.91666412353516,65.71109008789062,True,2.3432538509368896,1.3929612636566162,True,2.252289295196533,1.324397087097168,True,0.0,0.0,0.0,2.252289295196533,1.324397087097168,True,none
drift_medium,0.0,0.0,42,0,True,14,42.720523834228516,2.13602614402771,42.720523834228516,20.0,True,119.6373519897461,64.40690612792969,True,2.252289295196533,1.324397087097168,True,2.1698200702667236,1.2380157709121704,True,0.0,0.0,0.0,2.1698200702667236,1.2380157709121704,True,none
drift_medium,0.0,0.0,42,0,True,13,44.16881561279297,2.2084407806396484,44.16881561279297,20.0,True,123.50208282470703,74.13532257080078,True,2.1698200702667236,1.2380157709121704,True,2.163755178451538,1.2527575492858887,True,0.0,0.0,0.0,2.163755178451538,1.2527575492858887,True,none
drift_medium,0.0,0.0,42,0,True,12,45.24623107910156,2.2623114585876465,45.24623107910156,20.0,True,131.3295440673828,76.85693359375,True,2.163755178451538,1.2527575492858887,True,2.1219990253448486,1.2494125366210938,True,0.0,0.0,0.0,2.1219990253448486,1.2494125366210938,True,none
drift_medium,0.0,0.0,42,0,True,11,43.9188232421875,2.195941209793091,43.9188232421875,20.0,True,139.28213500976562,75.45306396484375,True,2.1219990253448486,1.2494125366210938,True,2.132080316543579,1.3389636278152466,True,0.0,0.0,0.0,2.132080316543579,1.3389636278152466,True,none
drift_medium,0.0,0.0,42,0,True,10,40.402225494384766,2.020111322402954,40.402225494384766,20.0,True,145.71022033691406,84.05880737304688,True,2.132080316543579,1.3389636278152466,True,2.0795674324035645,1.3394184112548828,True,0.0,0.0,0.0,2.0795674324035645,1.3394184112548828,True,none
drift_medium,0.0,0.0,42,0,True,9,39.463680267333984,1.9731839895248413,39.463680267333984,20.0,True,144.89840698242188,81.17521667480469,True,2.0795674324035645,1.3394184112548828,True,2.1102068424224854,1.339810848236084,True,0.0,0.0,0.0,2.1102068424224854,1.339810848236084,True,none
drift_medium,0.0,0.0,42,0,True,8,37.221317291259766,1.8610658645629883,37.221317291259766,20.0,True,140.81658935546875,74.88516235351562,True,2.1102068424224854,1.339810848236084,True,2.1432838439941406,1.3941551446914673,True,0.0,0.0,0.0,2.1432838439941406,1.3941551446914673,True,none
drift_medium,0.0,0.0,42,0,True,7,49.06830596923828,2.4534153938293457,49.06830596923828,20.0,True,187.38580322265625,99.61953735351562,True,2.1432838439941406,1.3941551446914673,True,2.052882432937622,1.374495029449463,True,0.0,0.0,0.0,2.052882432937622,1.374495029449463,True,none
drift_medium,0.0,0.0,42,0,True,6,37.96364212036133,1.8981821537017822,37.96364212036133,20.0,True,171.47894287109375,83.0590591430664,True,2.052882432937622,1.374495029449463,True,2.0350570678710938,1.3737528324127197,True,0.0,0.0,0.0,2.0350570678710938,1.3737528324127197,True,none
drift_medium,0.0,0.0,42,0,True,5,49.344200134277344,2.467210054397583,49.344200134277344,20.0,True,221.41195678710938,103.06572723388672,True,2.0350570678710938,1.3737528324127197,True,1.9948683977127075,1.3160566091537476,True,0.0,0.0,0.0,1.9948683977127075,1.3160566091537476,True,none
drift_medium,0.0,0.0,42,0,True,4,55.099327087402344,2.7549662590026855,55.099327087402344,20.0,True,252.68177795410156,112.41365051269531,True,1.9948683977127075,1.3160566091537476,True,1.9690874814987183,1.336977243423462,True,0.0,0.0,0.0,1.9690874814987183,1.336977243423462,True,none
drift_medium,0.0,0.0,42,0,True,3,64.64112854003906,3.2320563793182373,64.64112854003906,20.0,True,311.1126708984375,132.00820922851562,True,1.9690874814987183,1.336977243423462,True,1.9661897420883179,1.3677008152008057,True,0.0,0.0,0.0,1.9661897420883179,1.3677008152008057,True,none
drift_medium,0.0,0.0,42,0,True,2,70.50172424316406,3.5250861644744873,70.50172424316406,20.0,True,351.30230712890625,139.90818786621094,True,1.9661897420883179,1.3677008152008057,True,1.980536937713623,1.3959177732467651,True,0.0,0.0,0.0,1.980536937713623,1.3959177732467651,True,none
drift_medium,0.0,0.0,42,0,True,1,84.91835021972656,4.245917320251465,84.91835021972656,20.0,True,427.52880859375,161.45806884765625,True,1.980536937713623,1.3959177732467651,True,1.9475566148757935,1.3634698390960693,True,0.0,0.0,0.0,1.9475566148757935,1.3634698390960693,True,none
drift_medium,0.0,0.0,42,0,True,0,93.48066711425781,4.674033164978027,93.48066711425781,20.0,True,476.9613342285156,174.55572509765625,True,1.9475566148757935,1.3634698390960693,True,1.9410076141357422,1.3604322671890259,True,0.0,0.0,0.0,1.9410076141357422,1.3604322671890259,True,none
drift_medium,0.3,0.3,42,0,False,99,9.618975639343262,0.4809487760066986,9.618975639343262,20.0,True,20.13381576538086,13.964000701904297,True,6.747877597808838,2.2667179107666016,True,6.631767272949219,2.3315041065216064,True,6.040144920349121,4.189200401306152,0.9107896389829272,7.44996452331543,4.022501468658447,True,none
drift_medium,0.3,0.3,42,0,False,98,25.686189651489258,1.2843095064163208,25.686189651489258,20.0,True,38.40481185913086,14.600173950195312,True,7.44996452331543,4.022501468658447,True,7.443014144897461,4.022891521453857,True,11.521444320678711,4.38005256652832,1.5479541078899681,14.698474884033203,6.371879577636719,True,none
drift_medium,0.3,0.3,42,0,False,97,20193.333984375,1009.6666870117188,20193.333984375,20.0,True,10986.9296875,5584.400390625,True,14.698474884033203,6.371879577636719,True,14.252265930175781,6.259411811828613,True,3296.07861328125,1675.3201904296875,231.2669879603044,3287.302978515625,1670.329833984375,True,none
drift_medium,0.3,0.3,42,0,False,96,20277663744.0,1013883200.0,20277663744.0,20.0,True,18323376.0,7247019.0,True,3287.302978515625,1670.329833984375,True,3106.98193359375,1584.841796875,True,5497013.0,2174105.75,1769.2452410374249,5494929.0,2173894.5,True,none
drift_medium,0.3,0.3,42,0,False,95,6.497664466576998e+16,3248832179601408.0,6.497664466576998e+16,20.0,True,28150566912.0,11106961408.0,True,5494929.0,2173894.5,True,5182743.5,2053504.125,True,8445169664.0,3332088576.0,1629.4786079997978,8440837632.0,3330819840.0,True,none
drift_medium,0.3,0.3,42,0,False,94,1.83139437293375e+23,9.156972089848732e+21,1.83139437293375e+23,20.0,True,53592132157440.0,21562239483904.0,True,8440837632.0,3330819840.0,True,7938433536.0,3162803968.0,True,16077639647232.0,6468672159744.0,2025.2912081862896,16071227604992.0,6467400761344.0,True,none
drift_medium,0.3,0.3,42,0,False,93,4.135894655994108e+29,2.0679474224443837e+28,4.135894655994108e+29,20.0,True,6.658276916094566e+16,2.336908026629325e+16,True,16071227604992.0,6467400761344.0,True,15281524047872.0,6162530959360.0,True,1.997483203677389e+16,7010724509384704.0,1307.1230313285046,1.99631690530816e+16,7008256513802240.0,True,none
drift_medium,0.3,0.3,42,0,False,92,1.020563235130081e+36,5.102816076615202e+34,1.020563235130081e+36,20.0,True,inf,5.061085447806412e+19,True,1.99631690530816e+16,7008256513802240.0,True,1.8750545166598144e+16,6613407285379072.0,True,inf,1.518325722302854e+19,inf,inf,1.5176643660587467e+19,True,none
drift_medium,0.3,0.3,42,0,False,91,,,,,False,,,False,inf,1.5176643660587467e+19,True,inf,1.441573433516648e+19,True,,,,,,False,likelihood_loss
drift_medium,1.0,1.0,42,0,False,99,9.618975639343262,0.4809487760066986,9.618975639343262,20.0,True,20.13381576538086,13.964000701904297,True,6.747877597808838,2.2667179107666016,True,6.631767272949219,2.3315041065216064,True,20.13381576538086,13.964000701904297,3.035965367407125,19.134920120239258,12.191289901733398,True,none
drift_medium,1.0,1.0,42,0,False,98,932.1726684570312,46.60863494873047,932.1726684570312,20.0,True,254.16488647460938,111.3126220703125,True,19.134920120239258,12.191289901733398,True,18.99814224243164,12.041523933410645,True,254.16488647460938,111.3126220703125,13.378407384850938,242.49148559570312,110.0615005493164,True,none
drift_medium,1.0,1.0,42,0,False,97,8113247.5,405662.375,8113247.5,20.0,True,240344.171875,108348.234375,True,242.49148559570312,110.0615005493164,True,238.2635040283203,108.271240234375,True,240344.171875,108348.234375,1008.73263345624,240274.09375,108374.6328125,True,none
drift_medium,1.0,1.0,42,0,False,96,184150866788352.0,9207543758848.0,184150866788352.0,20.0,True,1696987008.0,572934592.0,True,240274.09375,108374.6328125,True,225016.515625,102194.1640625,True,1696987008.0,572934592.0,7541.610904810667,1696784256.0,572869312.0,True,none
drift_medium,1.0,1.0,42,0,False,95,3.4088910885970866e+21,1.7044455091141712e+20,3.4088910885970866e+21,20.0,True,4672315195392.0,1937522819072.0,True,1696784256.0,572869312.0,True,1616056832.0,545890688.0,True,4672315195392.0,1937522819072.0,2891.182477542968,4670929502208.0,1937025138688.0,True,none
drift_medium,1.0,1.0,42,0,False,94,6.0013632485937425e+28,3.000681683326452e+27,6.0013632485937425e+28,20.0,True,2.817609141583872e+16,9450507525423104.0,True,4670929502208.0,1937025138688.0,True,4391421870080.0,1845003550720.0,True,2.817609141583872e+16,9450507525423104.0,6416.165936552442,2.8172103538704384e+16,9449300639612928.0,True,none
drift_medium,1.0,1.0,42,0,False,93,8.738094643020468e+35,4.369047420545437e+34,8.738094643020468e+35,20.0,True,inf,2.333617992345269e+19,True,2.8172103538704384e+16,9449300639612928.0,True,2.6804661113585664e+16,8973582008844288.0,True,inf,2.333617992345269e+19,inf,inf,2.3329063884197724e+19,True,none
drift_medium,1.0,1.0,42,0,False,92,,,,,False,,,False,inf,2.3329063884197724e+19,True,inf,2.2085320520113324e+19,True,,,,,,False,likelihood_loss
drift_medium,3.0,3.0,42,0,False,99,9.618975639343262,0.4809487760066986,9.618975639343262,20.0,True,20.13381576538086,13.964000701904297,True,6.747877597808838,2.2667179107666016,True,6.631767272949219,2.3315041065216064,True,60.40144729614258,41.89200210571289,9.107896102221375,58.67451095581055,40.11928939819336,True,none
drift_medium,3.0,3.0,42,0,False,98,24628.849609375,1231.4425048828125,24628.849609375,20.0,True,6746.65185546875,2794.153564453125,True,58.67451095581055,40.11928939819336,True,58.07900619506836,39.57074737548828,True,20239.955078125,8382.4609375,348.4900380379318,20226.7890625,8368.265625,True,none
drift_medium,3.0,3.0,42,0,False,97,441769492480.0,22088474624.0,441769492480.0,20.0,True,62964012.0,23895578.0,True,20226.7890625,8368.265625,True,19356.720703125,8047.3369140625,True,188892048.0,71686736.0,9758.47360185885,188878736.0,71685288.0,True,none
drift_medium,3.0,3.0,42,0,False,96,1.1389817202680424e+20,5.694908381437886e+18,1.1389817202680424e+20,20.0,True,1462348152832.0,626254938112.0,True,188878736.0,71685288.0,True,177072976.0,67693384.0,True,4387044327424.0,1878764814336.0,24775.346450516536,4386899361792.0,1878722609152.0,True,none
drift_medium,3.0,3.0,42,0,False,95,2.2829352816419416e+28,1.1414676260635755e+27,2.2829352816419416e+28,20.0,True,1.292545711669248e+16,5070082191392768.0,True,4386899361792.0,1878722609152.0,True,4175708291072.0,1792485097472.0,True,3.877637349756109e+16,1.5210246574178304e+16,9286.178725766858,3.87730277180375e+16,1.52086939435008e+16,True,none
drift_medium,3.0,3.0,42,0,False,94,4.1248856147692496e+36,2.0624427677705435e+35,4.1248856147692496e+36,20.0,True,inf,7.851932711734424e+19,True,3.87730277180375e+16,1.52086939435008e+16,True,3.639080263247462e+16,1.4304043908202496e+16,True,inf,2.3555798135203273e+20,inf,inf,2.355461242186388e+20,True,none
drift_medium,3.0,3.0,42,0,False,93,,,,,False,,,False,inf,2.355461242186388e+20,True,inf,2.2450880428655824e+20,True,,,,,,False,likelihood_loss
burst_medium,0.0,0.0,42,0,True,99,24.433937072753906,1.2216968536376953,24.433937072753906,20.0,True,31.887224197387695,21.27489471435547,True,6.747877597808838,2.2667179107666016,True,6.632119655609131,2.327484369277954,True,0.0,0.0,0.0,6.632119655609131,2.327484369277954,True,none
burst_medium,0.0,0.0,42,0,True,98,33.16678237915039,1.6583391427993774,33.16678237915039,20.0,True,33.15985107421875,17.881362915039062,True,6.632119655609131,2.327484369277954,True,6.524848461151123,2.3976590633392334,True,0.0,0.0,0.0,6.524848461151123,2.3976590633392334,True,none
burst_medium,0.0,0.0,42,0,True,97,23.31085205078125,1.1655426025390625,23.31085205078125,20.0,True,25.672855377197266,17.325599670410156,True,6.524848461151123,2.3976590633392334,True,6.473207473754883,2.4424502849578857,True,0.0,0.0,0.0,6.473207473754883,2.4424502849578857,True,none
burst_medium,0.0,0.0,42,0,True,96,28.058589935302734,1.4029295444488525,28.058589935302734,20.0,True,30.037233352661133,12.179061889648438,True,6.473207473754883,2.4424502849578857,True,6.465294361114502,2.4015491008758545,True,0.0,0.0,0.0,6.465294361114502,2.4015491008758545,True,none
burst_medium,0.0,0.0,42,0,True,95,33.89107131958008,1.6945536136627197,33.89107131958008,20.0,True,31.718202590942383,21.156875610351562,True,6.465294361114502,2.4015491008758545,True,6.298314094543457,2.486440420150757,True,0.0,0.0,0.0,6.298314094543457,2.486440420150757,True,none
burst_medium,0.0,0.0,42,0,True,94,32.9826774597168,1.6491339206695557,32.9826774597168,20.0,True,40.85189437866211,19.64667510986328,True,6.298314094543457,2.486440420150757,True,6.274090766906738,2.5089049339294434,True,0.0,0.0,0.0,6.274090766906738,2.5089049339294434,True,none
burst_medium,0.0,0.0,42,0,True,93,36.22880554199219,1.8114402294158936,36.22880554199219,20.0,True,35.86664581298828,13.700637817382812,True,6.274090766906738,2.5089049339294434,True,6.154190540313721,2.373450517654419,True,0.0,0.0,0.0,6.154190540313721,2.373450517654419,True,none
burst_medium,0.0,0.0,42,0,True,92,30.425989151000977,1.5212994813919067,30.425989151000977,20.0,True,35.07497787475586,13.160987854003906,True,6.154190540313721,2.373450517654419,True,5.997862815856934,2.2309601306915283,True,0.0,0.0,0.0,5.997862815856934,2.2309601306915283,True,none
burst_medium,0.0,0.0,42,0,True,91,31.481971740722656,1.5740985870361328,31.481971740722656,20.0,True,33.99312210083008,15.368415832519531,True,5.997862815856934,2.2309601306915283,True,5.915215492248535,2.161937713623047,True,0.0,0.0,0.0,5.915215492248535,2.161937713623047,True,none
burst_medium,0.0,0.0,42,0,True,90,41.924869537353516,2.096243381500244,41.924869537353516,20.0,True,42.822303771972656,18.739402770996094,True,5.915215492248535,2.161937713623047,True,5.808209419250488,2.145137071609497,True,0.0,0.0,0.0,5.808209419250488,2.145137071609497,True,none
burst_medium,0.0,0.0,42,0,True,89,38.4923210144043,1.9246160984039307,38.4923210144043,20.0,True,40.959312438964844,22.23992919921875,True,5.808209419250488,2.145137071609497,True,5.655754089355469,2.167982816696167,True,0.0,0.0,0.0,5.655754089355469,2.167982816696167,True,none
burst_medium,0.0,0.0,42,0,True,88,42.977134704589844,2.1488566398620605,42.977134704589844,20.0,True,41.49011993408203,21.919403076171875,True,5.655754089355469,2.167982816696167,True,5.410228252410889,2.1545190811157227,True,0.0,0.0,0.0,5.410228252410889,2.1545190811157227,True,none
burst_medium,0.0,0.0,42,0,True,87,26.469623565673828,1.3234812021255493,26.469623565673828,20.0,True,30.193269729614258,10.457332611083984,True,5.410228252410889,2.1545190811157227,True,5.370233058929443,2.2908873558044434,True,0.0,0.0,0.0,5.370233058929443,2.2908873558044434,True,none
burst_medium,0.0,0.0,42,0,True,86,34.496002197265625,1.7248001098632812,34.496002197265625,20.0,True,31.584007263183594,10.440780639648438,True,5.370233058929443,2.2908873558044434,True,5.078387260437012,2.182034492492676,True,0.0,0.0,0.0,5.078387260437012,2.182034492492676,True,none
burst_medium,0.0,0.0,42,0,True,85,38.201820373535156,1.9100910425186157,38.201820373535156,20.0,True,31.572200775146484,15.358406066894531,True,5.078387260437012,2.182034492492676,True,5.191938400268555,2.1910793781280518,True,0.0,0.0,0.0,5.191938400268555,2.1910793781280518,True,none
burst_medium,0.0,0.0,42,0,True,84,45.626617431640625,2.2813308238983154,45.626617431640625,20.0,True,39.109676361083984,18.916656494140625,True,5.191938400268555,2.1910793781280518,True,5.073012351989746,2.2591984272003174,True,0.0,0.0,0.0,5.073012351989746,2.2591984272003174,True,none
burst_medium,0.0,0.0,42,0,True,83,51.68320083618164,2.584160089492798,51.68320083618164,20.0,True,33.585575103759766,11.504127502441406,True,5.073012351989746,2.2591984272003174,True,5.1218085289001465,2.4647600650787354,True,0.0,0.0,0.0,5.1218085289001465,2.4647600650787354,True,none
burst_medium,0.0,0.0,42,0,True,82,33.88924789428711,1.6944624185562134,33.88924789428711,20.0,True,24.924720764160156,9.565902709960938,True,5.1218085289001465,2.4647600650787354,True,5.294215202331543,2.410501003265381,True,0.0,0.0,0.0,5.294215202331543,2.410501003265381,True,none
burst_medium,0.0,0.0,42,0,True,81,40.02743911743164,2.0013718605041504,40.02743911743164,20.0,True,35.410362243652344,13.081375122070312,True,5.294215202331543,2.410501003265381,True,5.303683280944824,2.299851417541504,True,0.0,0.0,0.0,5.303683280944824,2.299851417541504,True,none
burst_medium,0.0,0.0,42,0,True,80,35.923763275146484,1.7961881160736084,35.923763275146484,20.0,True,27.143110275268555,11.018512725830078,True,5.303683280944824,2.299851417541504,True,5.348544120788574,2.362712860107422,True,0.0,0.0,0.0,5.348544120788574,2.362712860107422,True,none
burst_medium,0.0,0.0,42,0,True,79,37.9571647644043,1.8978582620620728,37.9571647644043,20.0,True,31.334239959716797,14.558326721191406,True,5.348544120788574,2.362712860107422,True,5.2241740226745605,2.1722865104675293,True,0.0,0.0,0.0,5.2241740226745605,2.1722865104675293,True,none
burst_medium,0.0,0.0,42,0,True,78,34.13545608520508,1.706772804260254,34.13545608520508,20.0,True,30.198749542236328,11.34640121459961,True,5.2241740226745605,2.1722865104675293,True,5.0155134201049805,2.026630401611328,True,0.0,0.0,0.0,5.0155134201049805,2.026630401611328,True,none
burst_medium,0.0,0.0,42,0,True,77,27.987215042114258,1.3993607759475708,27.987215042114258,20.0,True,26.39925765991211,8.852367401123047,True,5.0155134201049805,2.026630401611328,True,5.050436496734619,2.0264012813568115,True,0.0,0.0,0.0,5.050436496734619,2.0264012813568115,True,none
burst_medium,0.0,0.0,42,0,True,76,38.4055061340332,1.920275330543518,38.4055061340332,20.0,True,35.437801361083984,18.3466796875,True,5.050436496734619,2.0264012813568115,True,5.108199596405029,2.047640800476074,True,0.0,0.0,0.0,5.108199596405029,2.047640800476074,True,none
burst_medium,0.0,0.0,42,0,True,75,28.135730743408203,1.406786561012268,28.135730743408203,20.0,True,24.5046443939209,10.924798965454102,True,5.108199596405029,2.047640800476074,True,4.938661098480225,1.925124168395996,True,0.0,0.0,0.0,4.938661098480225,1.925124168395996,True,none
burst_medium,0.0,0.0,42,0,True,74,29.558298110961914,1.4779149293899536,29.558298110961914,20.0,True,22.756919860839844,9.507343292236328,True,4.938661098480225,1.925124168395996,True,4.86715841293335,1.9610823392868042,True,0.0,0.0,0.0,4.86715841293335,1.9610823392868042,True,none
burst_medium,0.0,0.0,42,0,True,73,34.818058013916016,1.7409029006958008,34.818058013916016,20.0,True,32.65993881225586,14.085613250732422,True,4.86715841293335,1.9610823392868042,True,4.775529861450195,2.121415615081787,True,0.0,0.0,0.0,4.775529861450195,2.121415615081787,True,none
burst_medium,0.0,0.0,42,0,True,72,34.791358947753906,1.7395679950714111,34.791358947753906,20.0,True,27.792095184326172,9.955371856689453,True,4.775529861450195,2.121415615081787,True,4.732838153839111,2.2418055534362793,True,0.0,0.0,0.0,4.732838153839111,2.2418055534362793,True,none
burst_medium,0.0,0.0,42,0,True,71,47.51807403564453,2.375903606414795,47.51807403564453,20.0,True,37.12552261352539,15.032218933105469,True,4.732838153839111,2.2418055534362793,True,4.8029046058654785,2.243946075439453,True,0.0,0.0,0.0,4.8029046058654785,2.243946075439453,True,none
burst_medium,0.0,0.0,42,0,True,70,39.42961883544922,1.9714809656143188,39.42961883544922,20.0,True,31.279691696166992,12.137702941894531,True,4.8029046058654785,2.243946075439453,True,4.787211894989014,2.279912233352661,True,0.0,0.0,0.0,4.787211894989014,2.279912233352661,True,none
burst_medium,0.0,0.0,42,0,True,69,42.64469528198242,2.132234811782837,42.64469528198242,20.0,True,35.36873245239258,14.766807556152344,True,4.787211894989014,2.279912233352661,True,4.747932434082031,2.1859164237976074,True,0.0,0.0,0.0,4.747932434082031,2.1859164237976074,True,none
burst_medium,0.0,0.0,42,0,True,68,32.60183334350586,1.630091667175293,32.60183334350586,20.0,True,24.462968826293945,11.19549560546875,True,4.747932434082031,2.1859164237976074,True,4.758842468261719,2.1005849838256836,True,0.0,0.0,0.0,4.758842468261719,2.1005849838256836,True,none
burst_medium,0.0,0.0,42,0,True,67,40.83698654174805,2.041849374771118,40.83698654174805,20.0,True,37.058048248291016,11.302238464355469,True,4.758842468261719,2.1005849838256836,True,4.846314430236816,2.201846122741699,True,0.0,0.0,0.0,4.846314430236816,2.201846122741699,True,none
burst_medium,0.0,0.0,42,0,True,66,38.85093307495117,1.9425466060638428,38.85093307495117,20.0,True,25.613508224487305,12.68963623046875,True,4.846314430236816,2.201846122741699,True,4.827742576599121,2.2337100505828857,True,0.0,0.0,0.0,4.827742576599121,2.2337100505828857,True,none
burst_medium,0.0,0.0,42,0,True,65,38.9057502746582,1.9452874660491943,38.9057502746582,20.0,True,27.699451446533203,11.828155517578125,True,4.827742576599121,2.2337100505828857,True,4.933254718780518,2.227919816970825,True,0.0,0.0,0.0,4.933254718780518,2.227919816970825,True,none
burst_medium,0.0,0.0,42,0,True,64,43.08567428588867,2.1542837619781494,43.08567428588867,20.0,True,33.45444107055664,13.467342376708984,True,4.933254718780518,2.227919816970825,True,4.937394618988037,2.341525077819824,True,0.0,0.0,0.0,4.937394618988037,2.341525077819824,True,none
burst_medium,0.0,0.0,42,0,True,63,38.967350006103516,1.9483674764633179,38.967350006103516,20.0,True,32.40018844604492,12.072513580322266,True,4.937394618988037,2.341525077819824,True,4.805258274078369,2.3982977867126465,True,0.0,0.0,0.0,4.805258274078369,2.3982977867126465,True,none
burst_medium,0.0,0.0,42,0,True,62,39.20448684692383,1.9602243900299072,39.20448684692383,20.0,True,28.758333206176758,13.358413696289062,True,4.805258274078369,2.3982977867126465,True,4.829853534698486,2.4336185455322266,True,0.0,0.0,0.0,4.829853534698486,2.4336185455322266,True,none
burst_medium,0.0,0.0,42,0,True,61,34.9162712097168,1.7458136081695557,34.9162712097168,20.0,True,29.123926162719727,11.148778915405273,True,4.829853534698486,2.4336185455322266,True,4.594053745269775,2.402377128601074,True,0.0,0.0,0.0,4.594053745269775,2.402377128601074,True,none
burst_medium,0.0,0.0,42,0,True,60,34.306800842285156,1.7153400182724,34.306800842285156,20.0,True,31.634273529052734,12.791755676269531,True,4.594053745269775,2.402377128601074,True,4.718568325042725,2.5514612197875977,True,0.0,0.0,0.0,4.718568325042725,2.5514612197875977,True,none
burst_medium,0.0,0.0,42,0,True,59,29.990671157836914,1.4995335340499878,29.990671157836914,20.0,True,28.221210479736328,13.036823272705078,True,4.718568325042725,2.5514612197875977,True,4.548875331878662,2.5552239418029785,True,0.0,0.0,0.0,4.548875331878662,2.5552239418029785,True,none
burst_medium,0.0,0.0,42,0,True,58,31.80082893371582,1.5900413990020752,31.80082893371582,20.0,True,29.46126937866211,16.79314422607422,True,4.548875331878662,2.5552239418029785,True,4.564787864685059,2.4138309955596924,True,0.0,0.0,0.0,4.564787864685059,2.4138309955596924,True,none
burst_medium,0.0,0.0,42,0,True,57,30.204437255859375,1.5102218389511108,30.204437255859375,20.0,True,26.25276756286621,16.00491714477539,True,4.564787864685059,2.4138309955596924,True,4.663589954376221,2.4278147220611572,True,0.0,0.0,0.0,4.663589954376221,2.4278147220611572,True,none
burst_medium,0.0,0.0,42,0,True,56,27.17969512939453,1.3589847087860107,27.17969512939453,20.0,True,22.690298080444336,11.841350555419922,True,4.663589954376221,2.4278147220611572,True,4.609682083129883,2.4072463512420654,True,0.0,0.0,0.0,4.609682083129883,2.4072463512420654,True,none
burst_medium,0.0,0.0,42,0,True,55,26.863834381103516,1.3431917428970337,26.863834381103516,20.0,True,23.255172729492188,9.574214935302734,True,4.609682083129883,2.4072463512420654,True,4.563427925109863,2.3624203205108643,True,0.0,0.0,0.0,4.563427925109863,2.3624203205108643,True,none
burst_medium,0.0,0.0,42,0,True,54,37.87171173095703,1.8935855627059937,37.87171173095703,20.0,True,35.30097579956055,18.09410858154297,True,4.563427925109863,2.3624203205108643,True,4.4784393310546875,2.304777145385742,True,0.0,0.0,0.0,4.4784393310546875,2.304777145385742,True,none
burst_medium,0.0,0.0,42,0,True,53,31.28759002685547,1.5643794536590576,31.28759002685547,20.0,True,28.721731185913086,14.650228500366211,True,4.4784393310546875,2.304777145385742,True,4.607424736022949,2.2643179893493652,True,0.0,0.0,0.0,4.607424736022949,2.2643179893493652,True,none
burst_medium,0.0,0.0,42,0,True,52,27.22036361694336,1.361018180847168,27.22036361694336,20.0,True,26.96912384033203,15.846349716186523,True,4.607424736022949,2.2643179893493652,True,4.552465915679932,2.0519819259643555,True,0.0,0.0,0.0,4.552465915679932,2.0519819259643555,True,none
burst_medium,0.0,0.0,42,0,True,51,27.44187355041504,1.372093677520752,27.44187355041504,20.0,True,25.59539222717285,15.358976364135742,True,4.552465915679932,2.0519819259643555,True,4.521805286407471,2.0251827239990234,True,0.0,0.0,0.0,4.521805286407471,2.0251827239990234,True,none
burst_medium,0.0,0.0,42,0,True,50,29.519855499267578,1.4759927988052368,29.519855499267578,20.0,True,29.56135368347168,17.278587341308594,True,4.521805286407471,2.0251827239990234,True,4.325941562652588,1.8478527069091797,True,0.0,0.0,0.0,4.325941562652588,1.8478527069091797,True,none
burst_medium,0.0,0.0,42,0,True,49,25.5446720123291,1.277233600616455,25.5446720123291,20.0,True,22.1549129486084,14.873027801513672,True,4.325941562652588,1.8478527069091797,True,4.268608093261719,1.9019169807434082,True,0.0,0.0,0.0,4.268608093261719,1.9019169807434082,True,none
burst_medium,0.0,0.0,42,0,True,48,28.986812591552734,1.449340581893921,28.986812591552734,20.0,True,25.4965763092041,16.555591583251953,True,4.268608093261719,1.9019169807434082,True,4.292796611785889,1.9604252576828003,True,0.0,0.0,0.0,4.292796611785889,1.9604252576828003,True,none
burst_medium,0.0,0.0,42,0,True,47,43.279239654541016,2.163961887359619,43.279239654541016,20.0,True,45.08743667602539,27.295618057250977,True,4.292796611785889,1.9604252576828003,True,4.250949382781982,1.8774182796478271,True,0.0,0.0,0.0,4.250949382781982,1.8774182796478271,True,none
burst_medium,0.0,0.0,42,0,True,46,39.05242919921875,1.9526214599609375,39.05242919921875,20.0,True,38.67349624633789,27.406557083129883,True,4.250949382781982,1.8774182796478271,True,4.212496757507324,1.8048322200775146,True,0.0,0.0,0.0,4.212496757507324,1.8048322200775146,True,none
burst_medium,0.0,0.0,42,0,True,45,43.888118743896484,2.194406032562256,43.888118743896484,20.0,True,37.10631561279297,17.11302947998047,True,4.212496757507324,1.8048322200775146,True,4.2452802658081055,1.8652409315109253,True,0.0,0.0,0.0,4.2452802658081055,1.8652409315109253,True,none
burst_medium,0.0,0.0,42,0,True,44,45.53144836425781,2.2765724658966064,45.53144836425781,20.0,True,42.63314437866211,26.516447067260742,True,4.2452802658081055,1.8652409315109253,True,4.291140079498291,1.8078441619873047,True,0.0,0.0,0.0,4.291140079498291,1.8078441619873047,True,none
burst_medium,0.0,0.0,42,0,True,43,38.07433319091797,1.9037166833877563,38.07433319091797,20.0,True,25.060293197631836,10.884780883789062,True,4.291140079498291,1.8078441619873047,True,4.1677165031433105,1.6844393014907837,True,0.0,0.0,0.0,4.1677165031433105,1.6844393014907837,True,none
burst_medium,0.0,0.0,42,0,True,42,46.48398208618164,2.3241991996765137,46.48398208618164,20.0,True,33.01382064819336,18.800369262695312,True,4.1677165031433105,1.6844393014907837,True,3.9413044452667236,1.7064164876937866,True,0.0,0.0,0.0,3.9413044452667236,1.7064164876937866,True,none
burst_medium,0.0,0.0,42,0,True,41,39.21206283569336,1.96060311794281,39.21206283569336,20.0,True,30.723604202270508,19.052997589111328,True,3.9413044452667236,1.7064164876937866,True,3.75687837600708,1.5261609554290771,True,0.0,0.0,0.0,3.75687837600708,1.5261609554290771,True,none
burst_medium,0.0,0.0,42,0,True,40,41.35725784301758,2.0678629875183105,41.35725784301758,20.0,True,44.53803634643555,25.135948181152344,True,3.75687837600708,1.5261609554290771,True,3.844377040863037,1.6321361064910889,True,0.0,0.0,0.0,3.844377040863037,1.6321361064910889,True,none
burst_medium,0.0,0.0,42,0,True,39,41.48759078979492,2.0743794441223145,41.48759078979492,20.0,True,35.27011489868164,16.702302932739258,True,3.844377040863037,1.6321361064910889,True,3.8189632892608643,1.541631817817688,True,0.0,0.0,0.0,3.8189632892608643,1.541631817817688,True,none
burst_medium,0.0,0.0,42,0,True,38,39.27064895629883,1.9635324478149414,39.27064895629883,20.0,True,35.19912338256836,20.96251678466797,True,3.8189632892608643,1.541631817817688,True,3.7611281871795654,1.4934146404266357,True,0.0,0.0,0.0,3.7611281871795654,1.4934146404266357,True,none
burst_medium,0.0,0.0,42,0,True,37,30.32950210571289,1.5164750814437866,30.32950210571289,20.0,True,26.811809539794922,11.554319381713867,True,3.7611281871795654,1.4934146404266357,True,3.7998476028442383,1.5068633556365967,True,0.0,0.0,0.0,3.7998476028442383,1.5068633556365967,True,none
burst_medium,0.0,0.0,42,0,True,36,37.45326232910156,1.872663140296936,37.45326232910156,20.0,True,33.619903564453125,14.604738235473633,True,3.7998476028442383,1.5068633556365967,True,3.7445149421691895,1.48214590549469,True,0.0,0.0,0.0,3.7445149421691895,1.48214590549469,True,none
burst_medium,0.0,0.0,42,0,True,35,41.82324981689453,2.0911624431610107,41.82324981689453,20.0,True,45.87858963012695,23.213436126708984,True,3.7445149421691895,1.48214590549469,True,3.49336314201355,1.4108096361160278,True,0.0,0.0,0.0,3.49336314201355,1.4108096361160278,True,none
burst_medium,0.0,0.0,42,0,True,34,41.77587127685547,2.0887935161590576,41.77587127685547,20.0,True,47.778079986572266,19.571313858032227,True,3.49336314201355,1.4108096361160278,True,3.481755495071411,1.5040782690048218,True,0.0,0.0,0.0,3.481755495071411,1.5040782690048218,True,none
burst_medium,0.0,0.0,42,0,True,33,49.50274658203125,2.475137233734131,49.50274658203125,20.0,True,62.75031280517578,31.017234802246094,True,3.481755495071411,1.5040782690048218,True,3.3948726654052734,1.343137264251709,True,0.0,0.0,0.0,3.3948726654052734,1.343137264251709,True,none
burst_medium,0.0,0.0,42,0,True,32,51.50783920288086,2.575392007827759,51.50783920288086,20.0,True,62.64181137084961,31.216655731201172,True,3.3948726654052734,1.343137264251709,True,3.390202045440674,1.3158587217330933,True,0.0,0.0,0.0,3.390202045440674,1.3158587217330933,True,none
burst_medium,0.0,0.0,42,0,True,31,44.368736267089844,2.2184367179870605,44.368736267089844,20.0,True,60.91713333129883,32.18836975097656,True,3.390202045440674,1.3158587217330933,True,3.172672748565674,1.2791283130645752,True,0.0,0.0,0.0,3.172672748565674,1.2791283130645752,True,none
burst_medium,0.0,0.0,42,0,True,30,40.071266174316406,2.003563404083252,40.071266174316406,20.0,True,49.41686248779297,21.19677734375,True,3.172672748565674,1.2791283130645752,True,3.216963529586792,1.2142817974090576,True,0.0,0.0,0.0,3.216963529586792,1.2142817974090576,True,none
burst_medium,0.0,0.0,42,0,True,29,46.5865478515625,2.329327344894409,46.5865478515625,20.0,True,62.99094772338867,32.95415496826172,True,3.216963529586792,1.2142817974090576,True,3.264744758605957,1.2286126613616943,True,0.0,0.0,0.0,3.264744758605957,1.2286126613616943,True,none
burst_medium,0.0,0.0,42,0,True,28,50.670127868652344,2.533506393432617,50.670127868652344,20.0,True,63.405426025390625,38.189571380615234,True,3.264744758605957,1.2286126613616943,True,3.350376844406128,1.2907862663269043,True,0.0,0.0,0.0,3.350376844406128,1.2907862663269043,True,none
burst_medium,0.0,0.0,42,0,True,27,62.70770263671875,3.135385036468506,62.70770263671875,20.0,True,86.14955139160156,53.62810516357422,True,3.350376844406128,1.2907862663269043,True,3.192028522491455,1.191746473312378,True,0.0,0.0,0.0,3.192028522491455,1.191746473312378,True,none
burst_medium,0.0,0.0,42,0,True,26,60.806880950927734,3.040343999862671,60.806880950927734,20.0,True,90.23197174072266,57.79662322998047,True,3.192028522491455,1.191746473312378,True,3.3164310455322266,1.3467012643814087,True,0.0,0.0,0.0,3.3164310455322266,1.3467012643814087,True,none
burst_medium,0.0,0.0,42,0,True,25,67.02334594726562,3.3511672019958496,67.02334594726562,20.0,True,99.12886047363281,54.56972885131836,True,3.3164310455322266,1.3467012643814087,True,3.2852814197540283,1.3819135427474976,True,0.0,0.0,0.0,3.2852814197540283,1.3819135427474976,True,none
burst_medium,0.0,0.0,42,0,True,24,63.98442077636719,3.199221134185791,63.98442077636719,20.0,True,86.05532836914062,40.249420166015625,True,3.2852814197540283,1.3819135427474976,True,3.2212867736816406,1.440774917602539,True,0.0,0.0,0.0,3.2212867736816406,1.440774917602539,True,none
burst_medium,0.0,0.0,42,0,True,23,61.97571563720703,3.098785877227783,61.97571563720703,20.0,True,90.67288970947266,45.284271240234375,True,3.2212867736816406,1.440774917602539,True,3.2631328105926514,1.3835567235946655,True,0.0,0.0,0.0,3.2631328105926514,1.3835567235946655,True,none
burst_medium,0.0,0.0,42,0,True,22,66.51746368408203,3.3258731365203857,66.51746368408203,20.0,True,88.05689239501953,45.21784973144531,True,3.2631328105926514,1.3835567235946655,True,3.3274359703063965,1.3887332677841187,True,0.0,0.0,0.0,3.3274359703063965,1.3887332677841187,True,none
burst_medium,0.0,0.0,42,0,True,21,67.0068359375,3.350341796875,67.0068359375,20.0,True,95.25789642333984,55.50025939941406,True,3.3274359703063965,1.3887332677841187,True,3.348672866821289,1.498752236366272,True,0.0,0.0,0.0,3.348672866821289,1.498752236366272,True,none
burst_medium,0.0,0.0,42,0,True,20,67.2176284790039,3.3608813285827637,67.2176284790039,20.0,True,113.51902770996094,60.43060302734375,True,3.348672866821289,1.498752236366272,True,3.3485448360443115,1.5591622591018677,True,0.0,0.0,0.0,3.3485448360443115,1.5591622591018677,True,none
burst_medium,0.0,0.0,42,0,True,19,80.66706848144531,4.033353328704834,80.66706848144531,20.0,True,123.88917541503906,68.10737609863281,True,3.3485448360443115,1.5591622591018677,True,3.2116482257843018,1.476371169090271,True,0.0,0.0,0.0,3.2116482257843018,1.476371169090271,True,none
burst_medium,0.0,0.0,42,0,True,18,85.19891357421875,4.259945869445801,85.19891357421875,20.0,True,132.7867889404297,67.62556457519531,True,3.2116482257843018,1.476371169090271,True,3.1901156902313232,1.5835977792739868,True,0.0,0.0,0.0,3.1901156902313232,1.5835977792739868,True,none
burst_medium,0.0,0.0,42,0,True,17,100.26329803466797,5.01316499710083,100.26329803466797,20.0,True,175.0440216064453,90.46076202392578,True,3.1901156902313232,1.5835977792739868,True,3.1507773399353027,1.5804753303527832,True,0.0,0.0,0.0,3.1507773399353027,1.5804753303527832,True,none
burst_medium,0.0,0.0,42,0,True,16,74.17706298828125,3.708853244781494,74.17706298828125,20.0,True,133.30458068847656,70.43116760253906,True,3.1507773399353027,1.5804753303527832,True,3.12906813621521,1.6052546501159668,True,0.0,0.0,0.0,3.12906813621521,1.6052546501159668,True,none
burst_medium,0.0,0.0,42,0,True,15,76.17955780029297,3.8089778423309326,76.17955780029297,20.0,True,130.72998046875,80.61128997802734,True,3.12906813621521,1.6052546501159668,True,3.0663905143737793,1.6293169260025024,True,0.0,0.0,0.0,3.0663905143737793,1.6293169260025024,True,none
burst_medium,0.0,0.0,42,0,True,14,75.55610656738281,3.7778053283691406,75.55610656738281,20.0,True,142.28787231445312,86.27314758300781,True,3.0663905143737793,1.6293169260025024,True,3.025710105895996,1.5282456874847412,True,0.0,0.0,0.0,3.025710105895996,1.5282456874847412,True,none
burst_medium,0.0,0.0,42,0,True,13,79.24615478515625,3.9623076915740967,79.24615478515625,20.0,True,150.02157592773438,92.46186828613281,True,3.025710105895996,1.5282456874847412,True,3.11822772026062,1.6681705713272095,True,0.0,0.0,0.0,3.11822772026062,1.6681705713272095,True,none
burst_medium,0.0,0.0,42,0,True,12,83.41767883300781,4.170884132385254,83.41767883300781,20.0,True,174.147216796875,102.64207458496094,True,3.11822772026062,1.6681705713272095,True,3.146919012069702,1.6899704933166504,True,0.0,0.0,0.0,3.146919012069702,1.6899704933166504,True,none
burst_medium,0.0,0.0,42,0,True,11,80.4583740234375,4.022918701171875,80.4583740234375,20.0,True,183.62554931640625,100.51774597167969,True,3.146919012069702,1.6899704933166504,True,3.125607490539551,1.6723783016204834,True,0.0,0.0,0.0,3.125607490539551,1.6723783016204834,True,none
burst_medium,0.0,0.0,42,0,True,10,75.69490051269531,3.78474497795105,75.69490051269531,20.0,True,192.19996643066406,104.73611450195312,True,3.125607490539551,1.6723783016204834,True,3.1382102966308594,1.609811782836914,True,0.0,0.0,0.0,3.1382102966308594,1.609811782836914,True,none
burst_medium,0.0,0.0,42,0,True,9,72.87842559814453,3.643921375274658,72.87842559814453,20.0,True,191.70278930664062,101.56221771240234,True,3.1382102966308594,1.609811782836914,True,3.1428914070129395,1.4904279708862305,True,0.0,0.0,0.0,3.1428914070129395,1.4904279708862305,True,none
burst_medium,0.0,0.0,42,0,True,8,70.38591003417969,3.5192954540252686,70.38591003417969,20.0,True,194.544677734375,100.67477416992188,True,3.1428914070129395,1.4904279708862305,True,3.098402500152588,1.4019267559051514,True,0.0,0.0,0.0,3.098402500152588,1.4019267559051514,True,none
burst_medium,0.0,0.0,42,0,True,7,84.5324478149414,4.226622581481934,84.5324478149414,20.0,True,242.46881103515625,119.07757568359375,True,3.098402500152588,1.4019267559051514,True,3.03589129447937,1.391243815422058,True,0.0,0.0,0.0,3.03589129447937,1.391243815422058,True,none
burst_medium,0.0,0.0,42,0,True,6,68.34185791015625,3.417092800140381,68.34185791015625,20.0,True,229.0748748779297,105.14486694335938,True,3.03589129447937,1.391243815422058,True,3.071819305419922,1.3825055360794067,True,0.0,0.0,0.0,3.071819305419922,1.3825055360794067,True,none
burst_medium,0.0,0.0,42,0,True,5,83.60778045654297,4.180388927459717,83.60778045654297,20.0,True,290.044921875,129.35755920410156,True,3.071819305419922,1.3825055360794067,True,3.0923123359680176,1.398885726928711,True,0.0,0.0,0.0,3.0923123359680176,1.398885726928711,True,none
burst_medium,0.0,0.0,42,0,True,4,89.92625427246094,4.496312618255615,89.92625427246094,20.0,True,328.1931457519531,138.88255310058594,True,3.0923123359680176,1.398885726928711,True,3.0818114280700684,1.418897032737732,True,0.0,0.0,0.0,3.0818114280700684,1.418897032737732,True,none
burst_medium,0.0,0.0,42,0,True,3,103.2337417602539,5.161686897277832,103.2337417602539,20.0,True,397.08831787109375,159.98944091796875,True,3.0818114280700684,1.418897032737732,True,3.0991125106811523,1.4388906955718994,True,0.0,0.0,0.0,3.0991125106811523,1.4388906955718994,True,none
burst_medium,0.0,0.0,42,0,True,2,111.02726745605469,5.551363468170166,111.02726745605469,20.0,True,446.6075134277344,169.5367431640625,True,3.0991125106811523,1.4388906955718994,True,3.1105968952178955,1.4711335897445679,True,0.0,0.0,0.0,3.1105968952178955,1.4711335897445679,True,none
burst_medium,0.0,0.0,42,0,True,1,129.45486450195312,6.472743034362793,129.45486450195312,20.0,True,537.1361083984375,193.93463134765625,True,3.1105968952178955,1.4711335897445679,True,3.1042981147766113,1.4869484901428223,True,0.0,0.0,0.0,3.1042981147766113,1.4869484901428223,True,none
burst_medium,0.0,0.0,42,0,True,0,140.21693420410156,7.0108466148376465,140.21693420410156,20.0,True,595.30859375,207.84280395507812,True,3.1042981147766113,1.4869484901428223,True,3.099731922149658,1.4879698753356934,True,0.0,0.0,0.0,3.099731922149658,1.4879698753356934,True,none
burst_medium,0.3,0.3,42,0,False,99,24.433937072753906,1.2216968536376953,24.433937072753906,20.0,True,31.887224197387695,21.27489471435547,True,6.747877597808838,2.2667179107666016,True,6.632119655609131,2.327484369277954,True,9.566167831420898,6.3824687004089355,1.442399764806542,9.882503509521484,5.53757381439209,True,none
burst_medium,0.3,0.3,42,0,False,98,26.165489196777344,1.308274507522583,26.165489196777344,20.0,True,18.694503784179688,9.35018539428711,True,9.882503509521484,5.53757381439209,True,9.932273864746094,5.519407272338867,True,5.608351230621338,2.805055618286133,0.5646593425627561,9.776620864868164,4.106380462646484,True,none
burst_medium,0.3,0.3,42,0,False,97,51.8919792175293,2.5945990085601807,51.8919792175293,20.0,True,56.693721771240234,22.903244018554688,True,9.776620864868164,4.106380462646484,True,9.605462074279785,3.988591194152832,True,17.00811767578125,6.870973587036133,1.7706714725699173,17.190357208251953,6.712579727172852,True,none
burst_medium,0.3,0.3,42,0,False,96,16666.64453125,833.3322143554688,16666.64453125,20.0,True,7639.04931640625,3455.302978515625,True,17.190357208251953,6.712579727172852,True,16.534713745117188,6.65147066116333,True,2291.71484375,1036.5909423828125,138.60021280541494,2282.15576171875,1033.537109375,True,none
burst_medium,0.3,0.3,42,0,False,95,17798500352.0,889924992.0,17798500352.0,20.0,True,18645394.0,7366928.0,True,2282.15576171875,1033.537109375,True,2134.430908203125,968.2063598632812,True,5593618.5,2210078.5,2620.660372983915,5591831.5,2209152.5,True,none
burst_medium,0.3,0.3,42,0,False,94,3.993622941584589e+16,1996811497635840.0,3.993622941584589e+16,20.0,True,15636345856.0,5617517568.0,True,5591831.5,2209152.5,True,5326138.0,2104145.5,True,4690904064.0,1685255296.0,880.7327305450966,4686056960.0,1683151104.0,True,none
burst_medium,0.3,0.3,42,0,False,93,7.541003306814589e+22,3.7705017097022897e+21,7.541003306814589e+22,20.0,True,35155693535232.0,16275785908224.0,True,4686056960.0,1683151104.0,True,4378388480.0,1573934592.0,True,10546708480000.0,4882736087040.0,2408.810576808388,10542703968256.0,4881162174464.0,True,none
burst_medium,0.3,0.3,42,0,False,92,1.3037110818175362e+29,6.518555172969357e+27,1.3037110818175362e+29,20.0,True,2.8913451401216e+16,1.0798376710832128e+16,True,10542703968256.0,4881162174464.0,True,10044453158912.0,4670998708224.0,True,8674036494106624.0,3239513174310912.0,863.564830944583,8665459444416512.0,3234842128941056.0,True,none
burst_medium,0.3,0.3,42,0,False,91,1.7015036220155283e+35,8.507518233871646e+33,1.7015036220155283e+35,20.0,True,inf,2.393719277040435e+19,True,8665459444416512.0,3234842128941056.0,True,8207148316098560.0,3039404205539328.0,True,1.6531637810193498e+19,7.18115838087712e+18,2014.2974360249113,1.6525915951682552e+19,7.182426117783945e+18,True,none
burst_medium,0.3,0.3,42,0,False,90,,,,,False,,,False,1.6525915951682552e+19,7.182426117783945e+18,True,1.5733701331195527e+19,6.866313226263462e+18,True,,,,,,False,likelihood_loss
burst_medium,1.0,1.0,42,0,False,99,24.433937072753906,1.2216968536376953,24.433937072753906,20.0,True,31.887224197387695,21.27489471435547,True,6.747877597808838,2.2667179107666016,True,6.632119655609131,2.327484369277954,True,31.887224197387695,21.27489471435547,4.807998928429193,30.5723934173584,19.502286911010742,True,none
burst_medium,1.0,1.0,42,0,False,98,2625.010009765625,131.25050354003906,2625.010009765625,20.0,True,775.9112548828125,422.0743408203125,True,30.5723934173584,19.502286911010742,True,30.40133285522461,19.25271224975586,True,775.9112548828125,422.0743408203125,25.522277545454493,767.9920043945312,430.86419677734375,True,none
burst_medium,1.0,1.0,42,0,False,97,225806864.0,11290343.0,225806864.0,20.0,True,1978587.75,848418.5,True,767.9920043945312,430.86419677734375,True,746.2070922851562,414.2041931152344,True,1978587.75,848418.5,2651.5263262117296,1978368.125,848272.75,True,none
burst_medium,1.0,1.0,42,0,False,96,1.1492753737252864e+16,574637700284416.0,1.1492753737252864e+16,20.0,True,14341296128.0,5592702976.0,True,1978368.125,848272.75,True,1861775.5,804808.625,True,14341296128.0,5592702976.0,7703.0211902562905,14339792896.0,5592173056.0,True,none
burst_medium,1.0,1.0,42,0,False,95,4.279523568342632e+23,2.13976173913532e+22,4.279523568342632e+23,20.0,True,72954096386048.0,24220067168256.0,True,14339792896.0,5592173056.0,True,13597402112.0,5350232576.0,True,72954096386048.0,24220067168256.0,5365.296678375382,72943073755136.0,24219043758080.0,True,none
burst_medium,1.0,1.0,42,0,False,94,1.4377575851655482e+31,7.188788228059196e+29,1.4377575851655482e+31,20.0,True,5.0261119483038925e+17,1.8487518362913997e+17,True,72943073755136.0,24219043758080.0,True,68634474971136.0,22793158656000.0,True,5.0261119483038925e+17,1.8487518362913997e+17,7323.013617307639,5.0255762799827354e+17,1.848531246771077e+17,True,none
burst_medium,1.0,1.0,42,0,False,93,,,,,False,,,False,5.0255762799827354e+17,1.848531246771077e+17,True,4.7635389508642406e+17,1.7467530631603814e+17,True,,,,,,False,likelihood_loss
burst_medium,3.0,3.0,42,0,False,99,24.433937072753906,1.2216968536376953,24.433937072753906,20.0,True,31.887224197387695,21.27489471435547,True,6.747877597808838,2.2667179107666016,True,6.632119655609131,2.327484369277954,True,95.66168212890625,63.824684143066406,14.423998223250651,93.89788818359375,62.05207443237305,True,none
burst_medium,3.0,3.0,42,0,False,98,83037.8984375,4151.89501953125,83037.8984375,20.0,True,15109.6875,6901.8583984375,True,93.89788818359375,62.05207443237305,True,92.97193908691406,61.14281463623047,True,45329.06640625,20705.57421875,487.55642671789394,45313.90625,20690.625,True,none
burst_medium,3.0,3.0,42,0,False,97,5859712172032.0,292985602048.0,5859712172032.0,20.0,True,306216384.0,119060600.0,True,45313.90625,20690.625,True,42604.83984375,19549.75,True,918649152.0,357181792.0,21562.08438686956,918613312.0,357162240.0,True,none
burst_medium,3.0,3.0,42,0,False,96,2.390560784754114e+21,1.195280409969243e+20,2.390560784754114e+21,20.0,True,5925660786688.0,2332957868032.0,True,918613312.0,357162240.0,True,866113088.0,337537632.0,True,17776980787200.0,6998873604096.0,20525.011148659607,17776223715328.0,6998602547200.0,True,none
burst_medium,3.0,3.0,42,0,False,95,7.888265151501848e+29,3.944132528527259e+28,7.888265151501848e+29,20.0,True,1.0156239586381005e+17,3.4189543846445056e+16,True,17776223715328.0,6998602547200.0,True,16773933957120.0,6642969608192.0,True,3.046872133612339e+17,1.0256862939185152e+17,18164.326516374767,3.046726104724275e+17,1.0256493571997696e+17,True,none
burst_medium,3.0,3.0,42,0,False,94,2.638322860500863e+38,1.3191614556034435e+37,2.638322860500863e+38,20.0,True,inf,7.000579626894444e+20,True,3.046726104724275e+17,1.0256493571997696e+17,True,2.8629150765521306e+17,9.71953332467794e+16,True,inf,2.1001738880683333e+21,inf,inf,2.1000978898246215e+21,True,none
burst_medium,3.0,3.0,42,0,False,93,,,,,False,,,False,inf,2.1000978898246215e+21,True,inf,1.9915980120269416e+21,True,,,,,,False,likelihood_loss
gaussian_medium,0.0,0.0,42,0,True,99,23.55816078186035,1.1779080629348755,23.55816078186035,20.0,True,13.139735221862793,7.576717376708984,True,6.747877597808838,2.2667179107666016,True,6.6309685707092285,2.317976236343384,True,0.0,0.0,0.0,6.6309685707092285,2.317976236343384,True,none
gaussian_medium,0.0,0.0,42,0,True,98,20.62060546875,1.031030297279358,20.62060546875,20.0,True,10.560747146606445,8.884429931640625,True,6.6309685707092285,2.317976236343384,True,6.5187458992004395,2.3752992153167725,True,0.0,0.0,0.0,6.5187458992004395,2.3752992153167725,True,none
gaussian_medium,0.0,0.0,42,0,True,97,23.235200881958008,1.1617600917816162,23.235200881958008,20.0,True,9.719101905822754,5.335103511810303,True,6.5187458992004395,2.3752992153167725,True,6.461169719696045,2.4077506065368652,True,0.0,0.0,0.0,6.461169719696045,2.4077506065368652,True,none
gaussian_medium,0.0,0.0,42,0,True,96,21.729793548583984,1.0864896774291992,21.729793548583984,20.0,True,17.600980758666992,10.73617172241211,True,6.461169719696045,2.4077506065368652,True,6.445071220397949,2.355144739151001,True,0.0,0.0,0.0,6.445071220397949,2.355144739151001,True,none
gaussian_medium,0.0,0.0,42,0,True,95,26.19715118408203,1.3098576068878174,26.19715118408203,20.0,True,29.525386810302734,19.70873260498047,True,6.445071220397949,2.355144739151001,True,6.280105113983154,2.427711009979248,True,0.0,0.0,0.0,6.280105113983154,2.427711009979248,True,none
gaussian_medium,0.0,0.0,42,0,True,94,24.66876220703125,1.2334381341934204,24.66876220703125,20.0,True,19.702550888061523,14.796092987060547,True,6.280105113983154,2.427711009979248,True,6.261096000671387,2.4396932125091553,True,0.0,0.0,0.0,6.261096000671387,2.4396932125091553,True,none
gaussian_medium,0.0,0.0,42,0,True,93,23.457740783691406,1.1728870868682861,23.457740783691406,20.0,True,15.71862506866455,12.072614669799805,True,6.261096000671387,2.4396932125091553,True,6.148630619049072,2.2945258617401123,True,0.0,0.0,0.0,6.148630619049072,2.2945258617401123,True,none
gaussian_medium,0.0,0.0,42,0,True,92,25.89263343811035,1.2946317195892334,25.89263343811035,20.0,True,23.9842472076416,18.116779327392578,True,6.148630619049072,2.2945258617401123,True,5.992242813110352,2.1441457271575928,True,0.0,0.0,0.0,5.992242813110352,2.1441457271575928,True,none
gaussian_medium,0.0,0.0,42,0,True,91,22.909696578979492,1.1454848051071167,22.909696578979492,20.0,True,9.814996719360352,4.350275039672852,True,5.992242813110352,2.1441457271575928,True,5.911357402801514,2.06703782081604,True,0.0,0.0,0.0,5.911357402801514,2.06703782081604,True,none
gaussian_medium,0.0,0.0,42,0,True,90,24.12523651123047,1.2062618732452393,24.12523651123047,20.0,True,23.24614715576172,16.44518280029297,True,5.911357402801514,2.06703782081604,True,5.823551177978516,1.9570200443267822,True,0.0,0.0,0.0,5.823551177978516,1.9570200443267822,True,none
gaussian_medium,0.0,0.0,42,0,True,89,22.03850555419922,1.101925253868103,22.03850555419922,20.0,True,7.602419853210449,4.399242401123047,True,5.823551177978516,1.9570200443267822,True,5.678874492645264,1.9655585289001465,True,0.0,0.0,0.0,5.678874492645264,1.9655585289001465,True,none
gaussian_medium,0.0,0.0,42,0,True,88,19.240041732788086,0.9620020985603333,19.240041732788086,20.0,True,9.0157470703125,6.946924209594727,True,5.678874492645264,1.9655585289001465,True,5.403849124908447,1.9382569789886475,True,0.0,0.0,0.0,5.403849124908447,1.9382569789886475,True,none
gaussian_medium,0.0,0.0,42,0,True,87,25.503955841064453,1.2751977443695068,25.503955841064453,20.0,True,14.444683074951172,5.888130187988281,True,5.403849124908447,1.9382569789886475,True,5.360158443450928,2.0601844787597656,True,0.0,0.0,0.0,5.360158443450928,2.0601844787597656,True,none
gaussian_medium,0.0,0.0,42,0,True,86,23.46953773498535,1.1734769344329834,23.46953773498535,20.0,True,17.892414093017578,9.28200912475586,True,5.360158443450928,2.0601844787597656,True,5.100572109222412,1.937577486038208,True,0.0,0.0,0.0,5.100572109222412,1.937577486038208,True,none
gaussian_medium,0.0,0.0,42,0,True,85,20.133066177368164,1.0066533088684082,20.133066177368164,20.0,True,10.508928298950195,6.892155170440674,True,5.100572109222412,1.937577486038208,True,5.224604606628418,1.9324201345443726,True,0.0,0.0,0.0,5.224604606628418,1.9324201345443726,True,none
gaussian_medium,0.0,0.0,42,0,True,84,18.0938720703125,0.904693603515625,18.0938720703125,20.0,True,5.366972923278809,2.63502836227417,True,5.224604606628418,1.9324201345443726,True,5.107621669769287,1.9864976406097412,True,0.0,0.0,0.0,5.107621669769287,1.9864976406097412,True,none
gaussian_medium,0.0,0.0,42,0,True,83,16.86380958557129,0.8431904911994934,16.86380958557129,20.0,True,5.005672454833984,2.651721477508545,True,5.107621669769287,1.9864976406097412,True,5.136063575744629,2.178621768951416,True,0.0,0.0,0.0,5.136063575744629,2.178621768951416,True,none
gaussian_medium,0.0,0.0,42,0,True,82,23.18669891357422,1.1593348979949951,23.18669891357422,20.0,True,13.366957664489746,7.355167388916016,True,5.136063575744629,2.178621768951416,True,5.269954681396484,2.1111080646514893,True,0.0,0.0,0.0,5.269954681396484,2.1111080646514893,True,none
gaussian_medium,0.0,0.0,42,0,True,81,25.045827865600586,1.2522914409637451,25.045827865600586,20.0,True,16.350833892822266,8.737913131713867,True,5.269954681396484,2.1111080646514893,True,5.31809663772583,1.9876010417938232,True,0.0,0.0,0.0,5.31809663772583,1.9876010417938232,True,none
gaussian_medium,0.0,0.0,42,0,True,80,32.998390197753906,1.6499195098876953,32.998390197753906,20.0,True,26.231021881103516,13.485099792480469,True,5.31809663772583,1.9876010417938232,True,5.357838153839111,2.0364418029785156,True,0.0,0.0,0.0,5.357838153839111,2.0364418029785156,True,none
gaussian_medium,0.0,0.0,42,0,True,79,23.463462829589844,1.173173189163208,23.463462829589844,20.0,True,16.920373916625977,5.331356048583984,True,5.357838153839111,2.0364418029785156,True,5.29606819152832,1.8324466943740845,True,0.0,0.0,0.0,5.29606819152832,1.8324466943740845,True,none
gaussian_medium,0.0,0.0,42,0,True,78,21.6496639251709,1.082483172416687,21.6496639251709,20.0,True,11.560772895812988,5.6896209716796875,True,5.29606819152832,1.8324466943740845,True,5.115288257598877,1.6857486963272095,True,0.0,0.0,0.0,5.115288257598877,1.6857486963272095,True,none
gaussian_medium,0.0,0.0,42,0,True,77,24.083972930908203,1.2041985988616943,24.083972930908203,20.0,True,13.042333602905273,5.607280731201172,True,5.115288257598877,1.6857486963272095,True,5.134960174560547,1.8404669761657715,True,0.0,0.0,0.0,5.134960174560547,1.8404669761657715,True,none
gaussian_medium,0.0,0.0,42,0,True,76,24.481033325195312,1.2240517139434814,24.481033325195312,20.0,True,14.58928108215332,5.263740539550781,True,5.134960174560547,1.8404669761657715,True,5.235398769378662,1.6944271326065063,True,0.0,0.0,0.0,5.235398769378662,1.6944271326065063,True,none
gaussian_medium,0.0,0.0,42,0,True,75,30.927093505859375,1.5463546514511108,30.927093505859375,20.0,True,24.32433319091797,11.39202880859375,True,5.235398769378662,1.6944271326065063,True,5.123164653778076,1.6679714918136597,True,0.0,0.0,0.0,5.123164653778076,1.6679714918136597,True,none
gaussian_medium,0.0,0.0,42,0,True,74,21.659528732299805,1.0829764604568481,21.659528732299805,20.0,True,10.876150131225586,5.535423278808594,True,5.123164653778076,1.6679714918136597,True,5.035088539123535,1.7617778778076172,True,0.0,0.0,0.0,5.035088539123535,1.7617778778076172,True,none
gaussian_medium,0.0,0.0,42,0,True,73,25.605140686035156,1.280256986618042,25.605140686035156,20.0,True,16.0783748626709,8.455211639404297,True,5.035088539123535,1.7617778778076172,True,4.91604471206665,1.6993129253387451,True,0.0,0.0,0.0,4.91604471206665,1.6993129253387451,True,none
gaussian_medium,0.0,0.0,42,0,True,72,25.142162322998047,1.2571080923080444,25.142162322998047,20.0,True,15.363396644592285,6.013202667236328,True,4.91604471206665,1.6993129253387451,True,4.826703071594238,1.806424617767334,True,0.0,0.0,0.0,4.826703071594238,1.806424617767334,True,none
gaussian_medium,0.0,0.0,42,0,True,71,20.0778865814209,1.003894329071045,20.0778865814209,20.0,True,9.16787052154541,3.0657997131347656,True,4.826703071594238,1.806424617767334,True,4.83705997467041,1.7955790758132935,True,0.0,0.0,0.0,4.83705997467041,1.7955790758132935,True,none
gaussian_medium,0.0,0.0,42,0,True,70,23.77747344970703,1.1888736486434937,23.77747344970703,20.0,True,10.945540428161621,7.443134307861328,True,4.83705997467041,1.7955790758132935,True,4.81770133972168,1.8183873891830444,True,0.0,0.0,0.0,4.81770133972168,1.8183873891830444,True,none
gaussian_medium,0.0,0.0,42,0,True,69,23.102609634399414,1.1551305055618286,23.102609634399414,20.0,True,15.716437339782715,8.427886962890625,True,4.81770133972168,1.8183873891830444,True,4.790233135223389,1.7124099731445312,True,0.0,0.0,0.0,4.790233135223389,1.7124099731445312,True,none
gaussian_medium,0.0,0.0,42,0,True,68,33.789344787597656,1.689467191696167,33.789344787597656,20.0,True,29.349498748779297,17.900253295898438,True,4.790233135223389,1.7124099731445312,True,4.843784332275391,1.6142114400863647,True,0.0,0.0,0.0,4.843784332275391,1.6142114400863647,True,none
gaussian_medium,0.0,0.0,42,0,True,67,25.410457611083984,1.2705228328704834,25.410457611083984,20.0,True,17.28865623474121,7.140987396240234,True,4.843784332275391,1.6142114400863647,True,4.85485315322876,1.703523874282837,True,0.0,0.0,0.0,4.85485315322876,1.703523874282837,True,none
gaussian_medium,0.0,0.0,42,0,True,66,26.409208297729492,1.3204604387283325,26.409208297729492,20.0,True,20.362735748291016,9.559417724609375,True,4.85485315322876,1.703523874282837,True,4.833553314208984,1.722452998161316,True,0.0,0.0,0.0,4.833553314208984,1.722452998161316,True,none
gaussian_medium,0.0,0.0,42,0,True,65,28.937152862548828,1.4468576908111572,28.937152862548828,20.0,True,23.121013641357422,13.36813735961914,True,4.833553314208984,1.722452998161316,True,4.938259124755859,1.7037450075149536,True,0.0,0.0,0.0,4.938259124755859,1.7037450075149536,True,none
gaussian_medium,0.0,0.0,42,0,True,64,23.856487274169922,1.192824363708496,23.856487274169922,20.0,True,16.581754684448242,9.337043762207031,True,4.938259124755859,1.7037450075149536,True,4.9823408126831055,1.80528724193573,True,0.0,0.0,0.0,4.9823408126831055,1.80528724193573,True,none
gaussian_medium,0.0,0.0,42,0,True,63,25.112573623657227,1.2556287050247192,25.112573623657227,20.0,True,21.07748794555664,12.913738250732422,True,4.9823408126831055,1.80528724193573,True,4.885898590087891,1.8495780229568481,True,0.0,0.0,0.0,4.885898590087891,1.8495780229568481,True,none
gaussian_medium,0.0,0.0,42,0,True,62,35.36139678955078,1.768069863319397,35.36139678955078,20.0,True,28.809425354003906,13.517021179199219,True,4.885898590087891,1.8495780229568481,True,4.863647937774658,1.872478723526001,True,0.0,0.0,0.0,4.863647937774658,1.872478723526001,True,none
gaussian_medium,0.0,0.0,42,0,True,61,31.69590950012207,1.5847954750061035,31.69590950012207,20.0,True,21.934864044189453,9.777732849121094,True,4.863647937774658,1.872478723526001,True,4.570970058441162,1.8297035694122314,True,0.0,0.0,0.0,4.570970058441162,1.8297035694122314,True,none
gaussian_medium,0.0,0.0,42,0,True,60,27.805774688720703,1.3902887105941772,27.805774688720703,20.0,True,21.31148338317871,11.909156799316406,True,4.570970058441162,1.8297035694122314,True,4.7289605140686035,1.9657046794891357,True,0.0,0.0,0.0,4.7289605140686035,1.9657046794891357,True,none
gaussian_medium,0.0,0.0,42,0,True,59,31.82736587524414,1.591368317604065,31.82736587524414,20.0,True,23.376771926879883,9.717350006103516,True,4.7289605140686035,1.9657046794891357,True,4.598908424377441,1.9577369689941406,True,0.0,0.0,0.0,4.598908424377441,1.9577369689941406,True,none
gaussian_medium,0.0,0.0,42,0,True,58,34.02899169921875,1.7014496326446533,34.02899169921875,20.0,True,27.033843994140625,10.732696533203125,True,4.598908424377441,1.9577369689941406,True,4.643894672393799,1.8049273490905762,True,0.0,0.0,0.0,4.643894672393799,1.8049273490905762,True,none
gaussian_medium,0.0,0.0,42,0,True,57,38.539588928222656,1.926979422569275,38.539588928222656,20.0,True,28.26004409790039,14.40289306640625,True,4.643894672393799,1.8049273490905762,True,4.713245391845703,1.805473804473877,True,0.0,0.0,0.0,4.713245391845703,1.805473804473877,True,none
gaussian_medium,0.0,0.0,42,0,True,56,41.67142105102539,2.083570957183838,41.67142105102539,20.0,True,26.16481590270996,16.16637420654297,True,4.713245391845703,1.805473804473877,True,4.6681227684021,1.7721707820892334,True,0.0,0.0,0.0,4.6681227684021,1.7721707820892334,True,none
gaussian_medium,0.0,0.0,42,0,True,55,41.925926208496094,2.0962963104248047,41.925926208496094,20.0,True,33.32158279418945,16.71527099609375,True,4.6681227684021,1.7721707820892334,True,4.629158020019531,1.713683843612671,True,0.0,0.0,0.0,4.629158020019531,1.713683843612671,True,none
gaussian_medium,0.0,0.0,42,0,True,54,31.392017364501953,1.5696008205413818,31.392017364501953,20.0,True,24.02339744567871,16.620513916015625,True,4.629158020019531,1.713683843612671,True,4.539150238037109,1.6429511308670044,True,0.0,0.0,0.0,4.539150238037109,1.6429511308670044,True,none
gaussian_medium,0.0,0.0,42,0,True,53,32.91192626953125,1.6455962657928467,32.91192626953125,20.0,True,22.98716926574707,13.354625701904297,True,4.539150238037109,1.6429511308670044,True,4.629151821136475,1.6083831787109375,True,0.0,0.0,0.0,4.629151821136475,1.6083831787109375,True,none
gaussian_medium,0.0,0.0,42,0,True,52,34.03850173950195,1.7019250392913818,34.03850173950195,20.0,True,21.383365631103516,9.25687026977539,True,4.629151821136475,1.6083831787109375,True,4.655766487121582,1.6711074113845825,True,0.0,0.0,0.0,4.655766487121582,1.6711074113845825,True,none
gaussian_medium,0.0,0.0,42,0,True,51,38.833091735839844,1.9416545629501343,38.833091735839844,20.0,True,22.833505630493164,10.594833374023438,True,4.655766487121582,1.6711074113845825,True,4.588423252105713,1.8770909309387207,True,0.0,0.0,0.0,4.588423252105713,1.8770909309387207,True,none
gaussian_medium,0.0,0.0,42,0,True,50,40.0958251953125,2.004791259765625,40.0958251953125,20.0,True,36.29836654663086,18.194721221923828,True,4.588423252105713,1.8770909309387207,True,4.506453037261963,1.843040108680725,True,0.0,0.0,0.0,4.506453037261963,1.843040108680725,True,none
gaussian_medium,0.0,0.0,42,0,True,49,40.482704162597656,2.024135112762451,40.482704162597656,20.0,True,30.066829681396484,17.06102752685547,True,4.506453037261963,1.843040108680725,True,4.352646827697754,1.7842563390731812,True,0.0,0.0,0.0,4.352646827697754,1.7842563390731812,True,none
gaussian_medium,0.0,0.0,42,0,True,48,35.50033187866211,1.7750165462493896,35.50033187866211,20.0,True,19.03685760498047,8.319892883300781,True,4.352646827697754,1.7842563390731812,True,4.43348503112793,1.7938854694366455,True,0.0,0.0,0.0,4.43348503112793,1.7938854694366455,True,none
gaussian_medium,0.0,0.0,42,0,True,47,32.90058898925781,1.6450294256210327,32.90058898925781,20.0,True,24.659255981445312,10.698829650878906,True,4.43348503112793,1.7938854694366455,True,4.451891899108887,1.7987374067306519,True,0.0,0.0,0.0,4.451891899108887,1.7987374067306519,True,none
gaussian_medium,0.0,0.0,42,0,True,46,31.925662994384766,1.596283197402954,31.925662994384766,20.0,True,26.17740249633789,10.275341033935547,True,4.451891899108887,1.7987374067306519,True,4.420740127563477,1.8181729316711426,True,0.0,0.0,0.0,4.420740127563477,1.8181729316711426,True,none
gaussian_medium,0.0,0.0,42,0,True,45,31.469934463500977,1.573496699333191,31.469934463500977,20.0,True,23.24806785583496,12.194393157958984,True,4.420740127563477,1.8181729316711426,True,4.340576648712158,1.676356554031372,True,0.0,0.0,0.0,4.340576648712158,1.676356554031372,True,none
gaussian_medium,0.0,0.0,42,0,True,44,29.183868408203125,1.459193468093872,29.183868408203125,20.0,True,20.320772171020508,9.967689514160156,True,4.340576648712158,1.676356554031372,True,4.410656452178955,1.7098387479782104,True,0.0,0.0,0.0,4.410656452178955,1.7098387479782104,True,none
gaussian_medium,0.0,0.0,42,0,True,43,33.487892150878906,1.6743946075439453,33.487892150878906,20.0,True,24.266206741333008,12.520698547363281,True,4.410656452178955,1.7098387479782104,True,4.217875957489014,1.7005281448364258,True,0.0,0.0,0.0,4.217875957489014,1.7005281448364258,True,none
gaussian_medium,0.0,0.0,42,0,True,42,29.355438232421875,1.4677718877792358,29.355438232421875,20.0,True,20.572101593017578,12.090766906738281,True,4.217875957489014,1.7005281448364258,True,4.0710248947143555,1.5757567882537842,True,0.0,0.0,0.0,4.0710248947143555,1.5757567882537842,True,none
gaussian_medium,0.0,0.0,42,0,True,41,32.372371673583984,1.6186186075210571,32.372371673583984,20.0,True,31.605981826782227,17.486522674560547,True,4.0710248947143555,1.5757567882537842,True,3.925280809402466,1.5759578943252563,True,0.0,0.0,0.0,3.925280809402466,1.5759578943252563,True,none
gaussian_medium,0.0,0.0,42,0,True,40,27.620792388916016,1.3810396194458008,27.620792388916016,20.0,True,18.57933235168457,8.53515625,True,3.925280809402466,1.5759578943252563,True,4.013665676116943,1.5260441303253174,True,0.0,0.0,0.0,4.013665676116943,1.5260441303253174,True,none
gaussian_medium,0.0,0.0,42,0,True,39,30.265464782714844,1.5132732391357422,30.265464782714844,20.0,True,22.1796875,10.480545043945312,True,4.013665676116943,1.5260441303253174,True,4.033951759338379,1.511662483215332,True,0.0,0.0,0.0,4.033951759338379,1.511662483215332,True,none
gaussian_medium,0.0,0.0,42,0,True,38,31.39739990234375,1.5698699951171875,31.39739990234375,20.0,True,30.86530113220215,12.974544525146484,True,4.033951759338379,1.511662483215332,True,4.001405715942383,1.6083577871322632,True,0.0,0.0,0.0,4.001405715942383,1.6083577871322632,True,none
gaussian_medium,0.0,0.0,42,0,True,37,35.70960235595703,1.7854801416397095,35.70960235595703,20.0,True,36.159584045410156,16.45032501220703,True,4.001405715942383,1.6083577871322632,True,4.0102972984313965,1.723426103591919,True,0.0,0.0,0.0,4.0102972984313965,1.723426103591919,True,none
gaussian_medium,0.0,0.0,42,0,True,36,31.72844696044922,1.586422324180603,31.72844696044922,20.0,True,29.54026985168457,12.299633026123047,True,4.0102972984313965,1.723426103591919,True,3.944594621658325,1.6670331954956055,True,0.0,0.0,0.0,3.944594621658325,1.6670331954956055,True,none
gaussian_medium,0.0,0.0,42,0,True,35,27.96053123474121,1.3980265855789185,27.96053123474121,20.0,True,17.590208053588867,6.457924842834473,True,3.944594621658325,1.6670331954956055,True,3.769580125808716,1.6197148561477661,True,0.0,0.0,0.0,3.769580125808716,1.6197148561477661,True,none
gaussian_medium,0.0,0.0,42,0,True,34,26.503917694091797,1.3251959085464478,26.503917694091797,20.0,True,17.022891998291016,8.011198997497559,True,3.769580125808716,1.6197148561477661,True,3.621743679046631,1.5443453788757324,True,0.0,0.0,0.0,3.621743679046631,1.5443453788757324,True,none
gaussian_medium,0.0,0.0,42,0,True,33,23.494953155517578,1.1747477054595947,23.494953155517578,20.0,True,10.230790138244629,3.86002779006958,True,3.621743679046631,1.5443453788757324,True,3.610941171646118,1.5275771617889404,True,0.0,0.0,0.0,3.610941171646118,1.5275771617889404,True,none
gaussian_medium,0.0,0.0,42,0,True,32,24.194459915161133,1.2097229957580566,24.194459915161133,20.0,True,11.878532409667969,4.9089789390563965,True,3.610941171646118,1.5275771617889404,True,3.644479751586914,1.5488972663879395,True,0.0,0.0,0.0,3.644479751586914,1.5488972663879395,True,none
gaussian_medium,0.0,0.0,42,0,True,31,27.257726669311523,1.3628863096237183,27.257726669311523,20.0,True,19.561830520629883,7.383640289306641,True,3.644479751586914,1.5488972663879395,True,3.4633078575134277,1.490496039390564,True,0.0,0.0,0.0,3.4633078575134277,1.490496039390564,True,none
gaussian_medium,0.0,0.0,42,0,True,30,25.673851013183594,1.2836925983428955,25.673851013183594,20.0,True,17.387554168701172,7.3209614753723145,True,3.4633078575134277,1.490496039390564,True,3.5474114418029785,1.4802733659744263,True,0.0,0.0,0.0,3.5474114418029785,1.4802733659744263,True,none
gaussian_medium,0.0,0.0,42,0,True,29,26.078536987304688,1.3039268255233765,26.078536987304688,20.0,True,19.21919822692871,7.209133148193359,True,3.5474114418029785,1.4802733659744263,True,3.6171810626983643,1.5267043113708496,True,0.0,0.0,0.0,3.6171810626983643,1.5267043113708496,True,none
gaussian_medium,0.0,0.0,42,0,True,28,27.278034210205078,1.3639017343521118,27.278034210205078,20.0,True,22.370710372924805,11.586151123046875,True,3.6171810626983643,1.5267043113708496,True,3.6919798851013184,1.5604599714279175,True,0.0,0.0,0.0,3.6919798851013184,1.5604599714279175,True,none
gaussian_medium,0.0,0.0,42,0,True,27,30.688512802124023,1.5344256162643433,30.688512802124023,20.0,True,27.715694427490234,16.03521728515625,True,3.6919798851013184,1.5604599714279175,True,3.547541856765747,1.5428352355957031,True,0.0,0.0,0.0,3.547541856765747,1.5428352355957031,True,none
gaussian_medium,0.0,0.0,42,0,True,26,27.02704620361328,1.351352334022522,27.02704620361328,20.0,True,26.797334671020508,19.219884872436523,True,3.547541856765747,1.5428352355957031,True,3.619570732116699,1.6508592367172241,True,0.0,0.0,0.0,3.619570732116699,1.6508592367172241,True,none
gaussian_medium,0.0,0.0,42,0,True,25,29.799758911132812,1.4899879693984985,29.799758911132812,20.0,True,34.74720001220703,26.468303680419922,True,3.619570732116699,1.6508592367172241,True,3.593221664428711,1.7315673828125,True,0.0,0.0,0.0,3.593221664428711,1.7315673828125,True,none
gaussian_medium,0.0,0.0,42,0,True,24,25.89771842956543,1.2948858737945557,25.89771842956543,20.0,True,18.410715103149414,10.664206504821777,True,3.593221664428711,1.7315673828125,True,3.560450315475464,1.6626205444335938,True,0.0,0.0,0.0,3.560450315475464,1.6626205444335938,True,none
gaussian_medium,0.0,0.0,42,0,True,23,25.52622413635254,1.2763111591339111,25.52622413635254,20.0,True,12.656740188598633,5.123517990112305,True,3.560450315475464,1.6626205444335938,True,3.652923107147217,1.6487483978271484,True,0.0,0.0,0.0,3.652923107147217,1.6487483978271484,True,none
gaussian_medium,0.0,0.0,42,0,True,22,26.934106826782227,1.3467053174972534,26.934106826782227,20.0,True,21.904233932495117,12.85364818572998,True,3.652923107147217,1.6487483978271484,True,3.781909704208374,1.7642244100570679,True,0.0,0.0,0.0,3.781909704208374,1.7642244100570679,True,none
gaussian_medium,0.0,0.0,42,0,True,21,27.714797973632812,1.3857399225234985,27.714797973632812,20.0,True,25.57338523864746,16.32491683959961,True,3.781909704208374,1.7642244100570679,True,3.784313201904297,1.6994458436965942,True,0.0,0.0,0.0,3.784313201904297,1.6994458436965942,True,none
gaussian_medium,0.0,0.0,42,0,True,20,28.253395080566406,1.4126697778701782,28.253395080566406,20.0,True,30.767982482910156,19.429157257080078,True,3.784313201904297,1.6994458436965942,True,3.8495259284973145,1.7305002212524414,True,0.0,0.0,0.0,3.8495259284973145,1.7305002212524414,True,none
gaussian_medium,0.0,0.0,42,0,True,19,30.880542755126953,1.5440270900726318,30.880542755126953,20.0,True,37.289642333984375,19.487506866455078,True,3.8495259284973145,1.7305002212524414,True,3.7231063842773438,1.6976054906845093,True,0.0,0.0,0.0,3.7231063842773438,1.6976054906845093,True,none
gaussian_medium,0.0,0.0,42,0,True,18,34.29042053222656,1.714521050453186,34.29042053222656,20.0,True,47.59241485595703,26.435258865356445,True,3.7231063842773438,1.6976054906845093,True,3.67612624168396,1.6831008195877075,True,0.0,0.0,0.0,3.67612624168396,1.6831008195877075,True,none
gaussian_medium,0.0,0.0,42,0,True,17,37.41303634643555,1.8706518411636353,37.41303634643555,20.0,True,63.64284896850586,29.684951782226562,True,3.67612624168396,1.6831008195877075,True,3.5900840759277344,1.7653275728225708,True,0.0,0.0,0.0,3.5900840759277344,1.7653275728225708,True,none
gaussian_medium,0.0,0.0,42,0,True,16,30.069061279296875,1.503453016281128,30.069061279296875,20.0,True,39.797698974609375,22.053361892700195,True,3.5900840759277344,1.7653275728225708,True,3.592653751373291,1.8149796724319458,True,0.0,0.0,0.0,3.592653751373291,1.8149796724319458,True,none
gaussian_medium,0.0,0.0,42,0,True,15,30.65460777282715,1.5327303409576416,30.65460777282715,20.0,True,40.46033477783203,24.427820205688477,True,3.592653751373291,1.8149796724319458,True,3.4895825386047363,1.7495936155319214,True,0.0,0.0,0.0,3.4895825386047363,1.7495936155319214,True,none
gaussian_medium,0.0,0.0,42,0,True,14,28.896263122558594,1.4448131322860718,28.896263122558594,20.0,True,43.342166900634766,24.809429168701172,True,3.4895825386047363,1.7495936155319214,True,3.350757360458374,1.6638764142990112,True,0.0,0.0,0.0,3.350757360458374,1.6638764142990112,True,none
gaussian_medium,0.0,0.0,42,0,True,13,31.519542694091797,1.575977087020874,31.519542694091797,20.0,True,57.15715026855469,31.647777557373047,True,3.350757360458374,1.6638764142990112,True,3.3331708908081055,1.6810132265090942,True,0.0,0.0,0.0,3.3331708908081055,1.6810132265090942,True,none
gaussian_medium,0.0,0.0,42,0,True,12,34.90788269042969,1.7453941106796265,34.90788269042969,20.0,True,71.58106231689453,36.27281951904297,True,3.3331708908081055,1.6810132265090942,True,3.3872880935668945,1.6807124614715576,True,0.0,0.0,0.0,3.3872880935668945,1.6807124614715576,True,none
gaussian_medium,0.0,0.0,42,0,True,11,36.17329788208008,1.8086649179458618,36.17329788208008,20.0,True,89.17153930664062,35.95878601074219,True,3.3872880935668945,1.6807124614715576,True,3.4107682704925537,1.7725921869277954,True,0.0,0.0,0.0,3.4107682704925537,1.7725921869277954,True,none
gaussian_medium,0.0,0.0,42,0,True,10,37.55485534667969,1.8777427673339844,37.55485534667969,20.0,True,91.29279327392578,38.16071319580078,True,3.4107682704925537,1.7725921869277954,True,3.349736452102661,1.775097131729126,True,0.0,0.0,0.0,3.349736452102661,1.775097131729126,True,none
gaussian_medium,0.0,0.0,42,0,True,9,36.801509857177734,1.8400754928588867,36.801509857177734,20.0,True,92.09587860107422,36.46468734741211,True,3.349736452102661,1.775097131729126,True,3.377854824066162,1.7777994871139526,True,0.0,0.0,0.0,3.377854824066162,1.7777994871139526,True,none
gaussian_medium,0.0,0.0,42,0,True,8,39.71129608154297,1.9855648279190063,39.71129608154297,20.0,True,106.31324005126953,44.14398193359375,True,3.377854824066162,1.7777994871139526,True,3.3930680751800537,1.835334300994873,True,0.0,0.0,0.0,3.3930680751800537,1.835334300994873,True,none
gaussian_medium,0.0,0.0,42,0,True,7,43.62213134765625,2.1811065673828125,43.62213134765625,20.0,True,126.66332244873047,44.15925598144531,True,3.3930680751800537,1.835334300994873,True,3.386042356491089,1.8192138671875,True,0.0,0.0,0.0,3.386042356491089,1.8192138671875,True,none
gaussian_medium,0.0,0.0,42,0,True,6,32.55876541137695,1.6279382705688477,32.55876541137695,20.0,True,71.10717010498047,24.768634796142578,True,3.386042356491089,1.8192138671875,True,3.4221529960632324,1.821110725402832,True,0.0,0.0,0.0,3.4221529960632324,1.821110725402832,True,none
gaussian_medium,0.0,0.0,42,0,True,5,37.35708236694336,1.867854118347168,37.35708236694336,20.0,True,110.23607635498047,44.14040756225586,True,3.4221529960632324,1.821110725402832,True,3.458244562149048,1.7658954858779907,True,0.0,0.0,0.0,3.458244562149048,1.7658954858779907,True,none
gaussian_medium,0.0,0.0,42,0,True,4,40.64338302612305,2.0321691036224365,40.64338302612305,20.0,True,135.13909912109375,53.258811950683594,True,3.458244562149048,1.7658954858779907,True,3.4323437213897705,1.7887473106384277,True,0.0,0.0,0.0,3.4323437213897705,1.7887473106384277,True,none
gaussian_medium,0.0,0.0,42,0,True,3,47.77214050292969,2.3886070251464844,47.77214050292969,20.0,True,190.04379272460938,71.64812469482422,True,3.4323437213897705,1.7887473106384277,True,3.464850902557373,1.8208980560302734,True,0.0,0.0,0.0,3.464850902557373,1.8208980560302734,True,none
gaussian_medium,0.0,0.0,42,0,True,2,55.36787796020508,2.7683939933776855,55.36787796020508,20.0,True,242.6482696533203,76.77251434326172,True,3.464850902557373,1.8208980560302734,True,3.479522943496704,1.8499352931976318,True,0.0,0.0,0.0,3.479522943496704,1.8499352931976318,True,none
gaussian_medium,0.0,0.0,42,0,True,1,70.5804214477539,3.5290210247039795,70.5804214477539,20.0,True,334.5385437011719,94.90909576416016,True,3.479522943496704,1.8499352931976318,True,3.434450387954712,1.8176863193511963,True,0.0,0.0,0.0,3.434450387954712,1.8176863193511963,True,none
gaussian_medium,0.0,0.0,42,0,True,0,75.97832489013672,3.7989163398742676,75.97832489013672,20.0,True,384.89471435546875,108.35411071777344,True,3.434450387954712,1.8176863193511963,True,3.427037000656128,1.8145099878311157,True,0.0,0.0,0.0,3.427037000656128,1.8145099878311157,True,none
gaussian_medium,0.3,0.3,42,0,False,99,23.55816078186035,1.1779080629348755,23.55816078186035,20.0,True,13.139735221862793,7.576717376708984,True,6.747877597808838,2.2667179107666016,True,6.6309685707092285,2.317976236343384,True,3.941920757293701,2.273015260696411,0.5944713378231998,7.752673149108887,2.910590648651123,True,none
gaussian_medium,0.3,0.3,42,0,False,98,87.46055603027344,4.373027801513672,87.46055603027344,20.0,True,84.1872787475586,45.99639892578125,True,7.752673149108887,2.910590648651123,True,7.513970851898193,2.7909610271453857,True,25.25618553161621,13.798920631408691,3.36123017102636,25.35047721862793,12.675158500671387,True,none
gaussian_medium,0.3,0.3,42,0,False,97,23881.8828125,1194.0941162109375,23881.8828125,20.0,True,10699.5517578125,5713.6171875,True,25.35047721862793,12.675158500671387,True,24.79144859313965,12.31160831451416,True,3209.86572265625,1714.085205078125,129.47471425870464,3205.254638671875,1710.241455078125,True,none
gaussian_medium,0.3,0.3,42,0,False,96,26959562752.0,1347978112.0,26959562752.0,20.0,True,22830540.0,9005072.0,True,3205.254638671875,1710.241455078125,True,3027.614990234375,1641.6966552734375,True,6849163.0,2701521.75,2262.230508863278,6846931.5,2699880.0,True,none
gaussian_medium,0.3,0.3,42,0,False,95,1.0656885026219622e+17,5328442727858176.0,1.0656885026219622e+17,20.0,True,43349614592.0,17247858688.0,True,6846931.5,2699880.0,True,6485118.5,2600123.75,True,13004884992.0,5174358016.0,2005.342692195987,13000283136.0,5173524992.0,True,none
gaussian_medium,0.3,0.3,42,0,False,94,4.948562476314105e+23,2.4742812381570524e+22,4.948562476314105e+23,20.0,True,99133331341312.0,36772679516160.0,True,13000283136.0,5173524992.0,True,12256038912.0,4920384512.0,True,29739999821824.0,11031803854848.0,2426.5588609306137,29730677981184.0,11030686072832.0,True,none
gaussian_medium,0.3,0.3,42,0,False,93,1.413744147593924e+30,7.068720549074961e+28,1.413744147593924e+30,20.0,True,1.3474506408460288e+17,4.832375078912e+16,True,29730677981184.0,11030686072832.0,True,28279488643072.0,10511048507392.0,True,4.042351922538086e+16,1.4497126310477824e+16,1429.4289311799118,4.0403831095296e+16,1.4500066215591936e+16,True,none
gaussian_medium,0.3,0.3,42,0,False,92,4.4344192706823784e+36,2.2172096353411892e+35,4.4344192706823784e+36,20.0,True,inf,1.0549291580585201e+20,True,4.0403831095296e+16,1.4500066215591936e+16,True,3.79522680577065e+16,1.370088124973056e+16,True,inf,3.1647876500974207e+19,inf,inf,3.1639830274882142e+19,True,none
gaussian_medium,0.3,0.3,42,0,False,91,,,,,False,,,False,inf,3.1639830274882142e+19,True,inf,3.028512419732259e+19,True,,,,,,False,likelihood_loss
gaussian_medium,1.0,1.0,42,0,False,99,23.55816078186035,1.1779080629348755,23.55816078186035,20.0,True,13.139735221862793,7.576717376708984,True,6.747877597808838,2.2667179107666016,True,6.6309685707092285,2.317976236343384,True,13.139735221862793,7.576717376708984,1.9815710301964868,14.78537368774414,6.295161247253418,True,none
gaussian_medium,1.0,1.0,42,0,False,98,194.6949462890625,9.734746932983398,194.6949462890625,20.0,True,79.70059204101562,36.317138671875,True,14.78537368774414,6.295161247253418,True,14.386021614074707,6.029214382171631,True,79.70059204101562,36.317138671875,5.540141269010344,74.83221435546875,35.09347152709961,True,none
gaussian_medium,1.0,1.0,42,0,False,97,882487.1875,44124.359375,882487.1875,20.0,True,77476.078125,29225.646484375,True,74.83221435546875,35.09347152709961,True,72.93244934082031,34.0351676940918,True,77476.078125,29225.646484375,1062.2991387954876,77448.2890625,29201.310546875,True,none
gaussian_medium,1.0,1.0,42,0,False,96,15607969873920.0,780398493696.0,15607969873920.0,20.0,True,503497792.0,184967840.0,True,77448.2890625,29201.310546875,True,73015.0390625,27593.279296875,True,503497792.0,184967840.0,6895.809390295771,503439712.0,184951056.0,True,none
gaussian_medium,1.0,1.0,42,0,False,95,5.354614942238423e+20,2.6773075150996767e+19,5.354614942238423e+20,20.0,True,2729217884160.0,1282613575680.0,True,503439712.0,184951056.0,True,476462368.0,174049888.0,True,2729217884160.0,1282613575680.0,5728.086974877311,2728849571840.0,1282439512064.0,True,none
gaussian_medium,1.0,1.0,42,0,False,94,1.7246152050345567e+28,8.623075877598831e+26,1.7246152050345567e+28,20.0,True,1.4657999679258624e+16,4987672506400768.0,True,2728849571840.0,1282439512064.0,True,2577085235200.0,1215785074688.0,True,1.4657999679258624e+16,4987672506400768.0,5687.821061968507,1.4655789918584832e+16,4987352531337216.0,True,none
gaussian_medium,1.0,1.0,42,0,False,93,5.2815980896311555e+35,2.6407989457803746e+34,5.2815980896311555e+35,20.0,True,inf,3.487867487096144e+19,True,1.4655789918584832e+16,4987352531337216.0,True,1.380573750755328e+16,4705562948272128.0,True,inf,3.487867487096144e+19,inf,inf,3.487403273286897e+19,True,none
gaussian_medium,1.0,1.0,42,0,False,92,,,,,False,,,False,inf,3.487403273286897e+19,True,inf,3.3005142241603224e+19,True,,,,,,False,likelihood_loss
gaussian_medium,3.0,3.0,42,0,False,99,23.55816078186035,1.1779080629348755,23.55816078186035,20.0,True,13.139735221862793,7.576717376708984,True,6.747877597808838,2.2667179107666016,True,6.6309685707092285,2.317976236343384,True,39.41920852661133,22.730152130126953,5.944713522053268,40.04745101928711,20.959545135498047,True,none
gaussian_medium,3.0,3.0,42,0,False,98,37325.69140625,1866.2845458984375,37325.69140625,20.0,True,13231.8203125,6854.46630859375,True,40.04745101928711,20.959545135498047,True,39.248897552490234,20.622875213623047,True,39695.4609375,20563.3984375,1011.3777306588429,39684.68359375,20560.919921875,True,none
gaussian_medium,3.0,3.0,42,0,False,97,1528712658944.0,76435636224.0,1528712658944.0,20.0,True,107803984.0,35101784.0,True,39684.68359375,20560.919921875,True,37964.46484375,19773.640625,True,323411936.0,105305352.0,8518.806661204459,323384960.0,105304968.0,True,none
gaussian_medium,3.0,3.0,42,0,False,96,2.96125889985934e+20,1.4806294059492049e+19,2.96125889985934e+20,20.0,True,2250116956160.0,722499272704.0,True,323384960.0,105304968.0,True,304944992.0,100064688.0,True,6750351130624.0,2167497818112.0,22136.291159764314,6750105239552.0,2167441981440.0,True,none
gaussian_medium,3.0,3.0,42,0,False,95,6.615345504757226e+28,3.307672693349032e+27,6.615345504757226e+28,20.0,True,2.6778837622718464e+16,9961762178727936.0,True,6750105239552.0,2167441981440.0,True,6428414181376.0,2055915962368.0,True,8.03365128681554e+16,2.988528653618381e+16,12497.096578017845,8.033183994373734e+16,2.988323139433267e+16,True,none
gaussian_medium,3.0,3.0,42,0,False,94,1.7056739548057917e+37,8.528369774028958e+35,1.7056739548057917e+37,20.0,True,inf,1.6768769702858274e+20,True,8.033183994373734e+16,2.988323139433267e+16,True,7.559978241595802e+16,2.819144807140557e+16,True,inf,5.030630910857482e+20,inf,inf,5.0304310636240175e+20,True,none
gaussian_medium,3.0,3.0,42,0,False,93,,,,,False,,,False,inf,5.0304310636240175e+20,True,inf,4.8140633600888616e+20,True,,,,,,False,likelihood_loss
bias_medium,0.0,0.0,42,0,True,99,9.744647026062012,0.48723235726356506,9.744647026062012,20.0,True,21.960376739501953,13.688262939453125,True,6.747877597808838,2.2667179107666016,True,6.631663799285889,2.3310489654541016,True,0.0,0.0,0.0,6.631663799285889,2.3310489654541016,True,none
bias_medium,0.0,0.0,42,0,True,98,22.27298355102539,1.1136491298675537,22.27298355102539,20.0,True,35.88205337524414,19.444007873535156,True,6.631663799285889,2.3310489654541016,True,6.520357608795166,2.4024903774261475,True,0.0,0.0,0.0,6.520357608795166,2.4024903774261475,True,none
bias_medium,0.0,0.0,42,0,True,97,14.300684928894043,0.7150342464447021,14.300684928894043,20.0,True,22.51188087463379,14.857772827148438,True,6.520357608795166,2.4024903774261475,True,6.462854862213135,2.448106050491333,True,0.0,0.0,0.0,6.462854862213135,2.448106050491333,True,none
bias_medium,0.0,0.0,42,0,True,96,17.07265853881836,0.853632926940918,17.07265853881836,20.0,True,26.787841796875,11.489486694335938,True,6.462854862213135,2.448106050491333,True,6.447990417480469,2.408256769180298,True,0.0,0.0,0.0,6.447990417480469,2.408256769180298,True,none
bias_medium,0.0,0.0,42,0,True,95,22.852752685546875,1.1426376104354858,22.852752685546875,20.0,True,30.87571144104004,20.516937255859375,True,6.447990417480469,2.408256769180298,True,6.279512405395508,2.4946322441101074,True,0.0,0.0,0.0,6.279512405395508,2.4946322441101074,True,none
bias_medium,0.0,0.0,42,0,True,94,21.06000518798828,1.0530002117156982,21.06000518798828,20.0,True,32.227718353271484,18.848350524902344,True,6.279512405395508,2.4946322441101074,True,6.2608113288879395,2.519075632095337,True,0.0,0.0,0.0,6.2608113288879395,2.519075632095337,True,none
bias_medium,0.0,0.0,42,0,True,93,23.57440185546875,1.1787201166152954,23.57440185546875,20.0,True,32.19773864746094,17.056076049804688,True,6.2608113288879395,2.519075632095337,True,6.142122745513916,2.3865854740142822,True,0.0,0.0,0.0,6.142122745513916,2.3865854740142822,True,none
bias_medium,0.0,0.0,42,0,True,92,16.13289451599121,0.8066447377204895,16.13289451599121,20.0,True,24.894742965698242,9.011329650878906,True,6.142122745513916,2.3865854740142822,True,5.976398468017578,2.2488083839416504,True,0.0,0.0,0.0,5.976398468017578,2.2488083839416504,True,none
bias_medium,0.0,0.0,42,0,True,91,17.653207778930664,0.8826603889465332,17.653207778930664,20.0,True,24.46936798095703,9.9703369140625,True,5.976398468017578,2.2488083839416504,True,5.883631229400635,2.184129476547241,True,0.0,0.0,0.0,5.883631229400635,2.184129476547241,True,none
bias_medium,0.0,0.0,42,0,True,90,28.913818359375,1.4456908702850342,28.913818359375,20.0,True,36.49341583251953,18.440467834472656,True,5.883631229400635,2.184129476547241,True,5.780821800231934,2.016768455505371,True,0.0,0.0,0.0,5.780821800231934,2.016768455505371,True,none
bias_medium,0.0,0.0,42,0,True,89,22.442352294921875,1.1221176385879517,22.442352294921875,20.0,True,28.397266387939453,13.725967407226562,True,5.780821800231934,2.016768455505371,True,5.628249645233154,2.0814664363861084,True,0.0,0.0,0.0,5.628249645233154,2.0814664363861084,True,none
bias_medium,0.0,0.0,42,0,True,88,26.429636001586914,1.3214818239212036,26.429636001586914,20.0,True,31.97635269165039,18.028282165527344,True,5.628249645233154,2.0814664363861084,True,5.381585597991943,1.9489349126815796,True,0.0,0.0,0.0,5.381585597991943,1.9489349126815796,True,none
bias_medium,0.0,0.0,42,0,True,87,13.17077350616455,0.6585386991500854,13.17077350616455,20.0,True,21.774124145507812,8.585651397705078,True,5.381585597991943,1.9489349126815796,True,5.333084583282471,2.037761688232422,True,0.0,0.0,0.0,5.333084583282471,2.037761688232422,True,none
bias_medium,0.0,0.0,42,0,True,86,15.122325897216797,0.7561162710189819,15.122325897216797,20.0,True,24.117610931396484,10.465751647949219,True,5.333084583282471,2.037761688232422,True,5.046597003936768,1.9129332304000854,True,0.0,0.0,0.0,5.046597003936768,1.9129332304000854,True,none
bias_medium,0.0,0.0,42,0,True,85,19.30003547668457,0.9650017619132996,19.30003547668457,20.0,True,24.326526641845703,13.898818969726562,True,5.046597003936768,1.9129332304000854,True,5.179382801055908,1.9059230089187622,True,0.0,0.0,0.0,5.179382801055908,1.9059230089187622,True,none
bias_medium,0.0,0.0,42,0,True,84,22.319385528564453,1.1159693002700806,22.319385528564453,20.0,True,29.60980987548828,17.975189208984375,True,5.179382801055908,1.9059230089187622,True,5.050878047943115,1.9581475257873535,True,0.0,0.0,0.0,5.050878047943115,1.9581475257873535,True,none
bias_medium,0.0,0.0,42,0,True,83,26.820655822753906,1.3410327434539795,26.820655822753906,20.0,True,20.887128829956055,8.784675598144531,True,5.050878047943115,1.9581475257873535,True,5.079986572265625,2.148402690887451,True,0.0,0.0,0.0,5.079986572265625,2.148402690887451,True,none
bias_medium,0.0,0.0,42,0,True,82,16.050630569458008,0.8025315403938293,16.050630569458008,20.0,True,19.048110961914062,10.128730773925781,True,5.079986572265625,2.148402690887451,True,5.2510576248168945,2.0792670249938965,True,0.0,0.0,0.0,5.2510576248168945,2.0792670249938965,True,none
bias_medium,0.0,0.0,42,0,True,81,15.678454399108887,0.7839227318763733,15.678454399108887,20.0,True,17.763946533203125,8.159557342529297,True,5.2510576248168945,2.0792670249938965,True,5.263503551483154,1.982375979423523,True,0.0,0.0,0.0,5.263503551483154,1.982375979423523,True,none
bias_medium,0.0,0.0,42,0,True,80,13.18233871459961,0.6591169238090515,13.18233871459961,20.0,True,16.811477661132812,6.441410064697266,True,5.263503551483154,1.982375979423523,True,5.303828716278076,2.0006349086761475,True,0.0,0.0,0.0,5.303828716278076,2.0006349086761475,True,none
bias_medium,0.0,0.0,42,0,True,79,14.833724975585938,0.741686224937439,14.833724975585938,20.0,True,17.400127410888672,6.8441619873046875,True,5.303828716278076,2.0006349086761475,True,5.2013773918151855,2.084514856338501,True,0.0,0.0,0.0,5.2013773918151855,2.084514856338501,True,none
bias_medium,0.0,0.0,42,0,True,78,14.565814971923828,0.7282907366752625,14.565814971923828,20.0,True,19.07676124572754,8.053722381591797,True,5.2013773918151855,2.084514856338501,True,4.9913740158081055,1.94831120967865,True,0.0,0.0,0.0,4.9913740158081055,1.94831120967865,True,none
bias_medium,0.0,0.0,42,0,True,77,9.815065383911133,0.49075326323509216,9.815065383911133,20.0,True,12.706753730773926,6.022846221923828,True,4.9913740158081055,1.94831120967865,True,5.037180423736572,2.113591194152832,True,0.0,0.0,0.0,5.037180423736572,2.113591194152832,True,none
bias_medium,0.0,0.0,42,0,True,76,18.991594314575195,0.9495797157287598,18.991594314575195,20.0,True,25.632896423339844,16.9381103515625,True,5.037180423736572,2.113591194152832,True,5.088644504547119,1.9783387184143066,True,0.0,0.0,0.0,5.088644504547119,1.9783387184143066,True,none
bias_medium,0.0,0.0,42,0,True,75,10.59674072265625,0.5298370122909546,10.59674072265625,20.0,True,15.375985145568848,7.955890655517578,True,5.088644504547119,1.9783387184143066,True,4.920130252838135,1.9621403217315674,True,0.0,0.0,0.0,4.920130252838135,1.9621403217315674,True,none
bias_medium,0.0,0.0,42,0,True,74,10.910920143127441,0.5455459952354431,10.910920143127441,20.0,True,13.189434051513672,6.624876022338867,True,4.920130252838135,1.9621403217315674,True,4.857183456420898,2.0666723251342773,True,0.0,0.0,0.0,4.857183456420898,2.0666723251342773,True,none
bias_medium,0.0,0.0,42,0,True,73,15.538228034973145,0.7769113779067993,15.538228034973145,20.0,True,19.963584899902344,12.123348236083984,True,4.857183456420898,2.0666723251342773,True,4.753515243530273,1.8992880582809448,True,0.0,0.0,0.0,4.753515243530273,1.8992880582809448,True,none
bias_medium,0.0,0.0,42,0,True,72,16.4648494720459,0.8232424855232239,16.4648494720459,20.0,True,16.221223831176758,8.339683532714844,True,4.753515243530273,1.8992880582809448,True,4.668107032775879,1.9993740320205688,True,0.0,0.0,0.0,4.668107032775879,1.9993740320205688,True,none
bias_medium,0.0,0.0,42,0,True,71,24.973506927490234,1.2486753463745117,24.973506927490234,20.0,True,20.084768295288086,10.807510375976562,True,4.668107032775879,1.9993740320205688,True,4.701643943786621,2.0370898246765137,True,0.0,0.0,0.0,4.701643943786621,2.0370898246765137,True,none
bias_medium,0.0,0.0,42,0,True,70,18.98159408569336,0.949079692363739,18.98159408569336,20.0,True,16.314977645874023,6.221458435058594,True,4.701643943786621,2.0370898246765137,True,4.668240547180176,1.8404972553253174,True,0.0,0.0,0.0,4.668240547180176,1.8404972553253174,True,none
bias_medium,0.0,0.0,42,0,True,69,19.6129093170166,0.980645477771759,19.6129093170166,20.0,True,17.63979148864746,7.930538177490234,True,4.668240547180176,1.8404972553253174,True,4.632180213928223,1.6971633434295654,True,0.0,0.0,0.0,4.632180213928223,1.6971633434295654,True,none
bias_medium,0.0,0.0,42,0,True,68,11.732291221618652,0.5866145491600037,11.732291221618652,20.0,True,15.378007888793945,7.7474822998046875,True,4.632180213928223,1.6971633434295654,True,4.640704154968262,1.7156462669372559,True,0.0,0.0,0.0,4.640704154968262,1.7156462669372559,True,none
bias_medium,0.0,0.0,42,0,True,67,13.808350563049316,0.6904175281524658,13.808350563049316,20.0,True,18.68332862854004,7.791454315185547,True,4.640704154968262,1.7156462669372559,True,4.694701194763184,1.786388874053955,True,0.0,0.0,0.0,4.694701194763184,1.786388874053955,True,none
bias_medium,0.0,0.0,42,0,True,66,11.158502578735352,0.5579251050949097,11.158502578735352,20.0,True,11.377708435058594,5.421329498291016,True,4.694701194763184,1.786388874053955,True,4.659874439239502,1.847350835800171,True,0.0,0.0,0.0,4.659874439239502,1.847350835800171,True,none
bias_medium,0.0,0.0,42,0,True,65,13.970259666442871,0.6985129714012146,13.970259666442871,20.0,True,14.890313148498535,6.196712493896484,True,4.659874439239502,1.847350835800171,True,4.787062644958496,1.9884898662567139,True,0.0,0.0,0.0,4.787062644958496,1.9884898662567139,True,none
bias_medium,0.0,0.0,42,0,True,64,16.99045181274414,0.849522590637207,16.99045181274414,20.0,True,21.211076736450195,8.420040130615234,True,4.787062644958496,1.9884898662567139,True,4.8224592208862305,2.0577406883239746,True,0.0,0.0,0.0,4.8224592208862305,2.0577406883239746,True,none
bias_medium,0.0,0.0,42,0,True,63,18.762481689453125,0.9381240606307983,18.762481689453125,20.0,True,20.26412582397461,8.511299133300781,True,4.8224592208862305,2.0577406883239746,True,4.664599895477295,1.9719808101654053,True,0.0,0.0,0.0,4.664599895477295,1.9719808101654053,True,none
bias_medium,0.0,0.0,42,0,True,62,14.539161682128906,0.7269580960273743,14.539161682128906,20.0,True,19.362022399902344,9.160331726074219,True,4.664599895477295,1.9719808101654053,True,4.65382194519043,2.0114123821258545,True,0.0,0.0,0.0,4.65382194519043,2.0114123821258545,True,none
bias_medium,0.0,0.0,42,0,True,61,13.842493057250977,0.6921246647834778,13.842493057250977,20.0,True,14.535990715026855,6.285350799560547,True,4.65382194519043,2.0114123821258545,True,4.382184028625488,1.850683331489563,True,0.0,0.0,0.0,4.382184028625488,1.850683331489563,True,none
bias_medium,0.0,0.0,42,0,True,60,12.782289505004883,0.639114499092102,12.782289505004883,20.0,True,18.684368133544922,7.4529571533203125,True,4.382184028625488,1.850683331489563,True,4.493935585021973,1.929158329963684,True,0.0,0.0,0.0,4.493935585021973,1.929158329963684,True,none
bias_medium,0.0,0.0,42,0,True,59,11.439178466796875,0.5719588994979858,11.439178466796875,20.0,True,16.141050338745117,6.649890899658203,True,4.493935585021973,1.929158329963684,True,4.342611312866211,1.9213955402374268,True,0.0,0.0,0.0,4.342611312866211,1.9213955402374268,True,none
bias_medium,0.0,0.0,42,0,True,58,11.99832534790039,0.5999162793159485,11.99832534790039,20.0,True,15.02991771697998,7.2926483154296875,True,4.342611312866211,1.9213955402374268,True,4.36879825592041,1.776734471321106,True,0.0,0.0,0.0,4.36879825592041,1.776734471321106,True,none
bias_medium,0.0,0.0,42,0,True,57,12.003229141235352,0.6001614332199097,12.003229141235352,20.0,True,14.902763366699219,6.43260383605957,True,4.36879825592041,1.776734471321106,True,4.437422752380371,1.9629809856414795,True,0.0,0.0,0.0,4.437422752380371,1.9629809856414795,True,none
bias_medium,0.0,0.0,42,0,True,56,9.511639595031738,0.47558197379112244,9.511639595031738,20.0,True,9.70285701751709,3.625425338745117,True,4.437422752380371,1.9629809856414795,True,4.363211154937744,1.9866899251937866,True,0.0,0.0,0.0,4.363211154937744,1.9866899251937866,True,none
bias_medium,0.0,0.0,42,0,True,55,8.96419906616211,0.4482099413871765,8.96419906616211,20.0,True,8.201345443725586,3.572389602661133,True,4.363211154937744,1.9866899251937866,True,4.298330783843994,2.0816493034362793,True,0.0,0.0,0.0,4.298330783843994,2.0816493034362793,True,none
bias_medium,0.0,0.0,42,0,True,54,15.930828094482422,0.7965413928031921,15.930828094482422,20.0,True,19.11618995666504,8.278820037841797,True,4.298330783843994,2.0816493034362793,True,4.17458963394165,2.019277572631836,True,0.0,0.0,0.0,4.17458963394165,2.019277572631836,True,none
bias_medium,0.0,0.0,42,0,True,53,13.69378662109375,0.6846893429756165,13.69378662109375,20.0,True,16.072359085083008,9.828594207763672,True,4.17458963394165,2.019277572631836,True,4.309414386749268,2.0820908546447754,True,0.0,0.0,0.0,4.309414386749268,2.0820908546447754,True,none
bias_medium,0.0,0.0,42,0,True,52,13.30140209197998,0.665070116519928,13.30140209197998,20.0,True,14.111119270324707,8.434688568115234,True,4.309414386749268,2.0820908546447754,True,4.3610944747924805,1.9521085023880005,True,0.0,0.0,0.0,4.3610944747924805,1.9521085023880005,True,none
bias_medium,0.0,0.0,42,0,True,51,14.920207977294922,0.746010422706604,14.920207977294922,20.0,True,13.527297973632812,6.842746734619141,True,4.3610944747924805,1.9521085023880005,True,4.258625507354736,2.0511159896850586,True,0.0,0.0,0.0,4.258625507354736,2.0511159896850586,True,none
bias_medium,0.0,0.0,42,0,True,50,18.776124954223633,0.9388062357902527,18.776124954223633,20.0,True,23.547046661376953,15.46993637084961,True,4.258625507354736,2.0511159896850586,True,4.068843841552734,1.8502697944641113,True,0.0,0.0,0.0,4.068843841552734,1.8502697944641113,True,none
bias_medium,0.0,0.0,42,0,True,49,14.005928993225098,0.7002964615821838,14.005928993225098,20.0,True,12.970364570617676,6.477031707763672,True,4.068843841552734,1.8502697944641113,True,3.9365859031677246,1.8284921646118164,True,0.0,0.0,0.0,3.9365859031677246,1.8284921646118164,True,none
bias_medium,0.0,0.0,42,0,True,48,13.651610374450684,0.6825805306434631,13.651610374450684,20.0,True,12.325611114501953,4.855998992919922,True,3.9365859031677246,1.8284921646118164,True,3.964465856552124,1.7777973413467407,True,0.0,0.0,0.0,3.964465856552124,1.7777973413467407,True,none
bias_medium,0.0,0.0,42,0,True,47,22.937271118164062,1.146863579750061,22.937271118164062,20.0,True,26.1248779296875,16.270057678222656,True,3.964465856552124,1.7777973413467407,True,3.952287197113037,1.8166204690933228,True,0.0,0.0,0.0,3.952287197113037,1.8166204690933228,True,none
bias_medium,0.0,0.0,42,0,True,46,20.634172439575195,1.0317085981369019,20.634172439575195,20.0,True,23.652225494384766,12.014205932617188,True,3.952287197113037,1.8166204690933228,True,3.887892961502075,1.813408613204956,True,0.0,0.0,0.0,3.887892961502075,1.813408613204956,True,none
bias_medium,0.0,0.0,42,0,True,45,22.722192764282227,1.1361095905303955,22.722192764282227,20.0,True,23.750261306762695,17.173301696777344,True,3.887892961502075,1.813408613204956,True,3.897738218307495,2.058932304382324,True,0.0,0.0,0.0,3.897738218307495,2.058932304382324,True,none
bias_medium,0.0,0.0,42,0,True,44,22.46826171875,1.1234130859375,22.46826171875,20.0,True,18.743305206298828,10.65274429321289,True,3.897738218307495,2.058932304382324,True,3.939737319946289,2.003246784210205,True,0.0,0.0,0.0,3.939737319946289,2.003246784210205,True,none
bias_medium,0.0,0.0,42,0,True,43,20.797266006469727,1.0398633480072021,20.797266006469727,20.0,True,22.805673599243164,14.349853515625,True,3.939737319946289,2.003246784210205,True,3.768772602081299,1.8836374282836914,True,0.0,0.0,0.0,3.768772602081299,1.8836374282836914,True,none
bias_medium,0.0,0.0,42,0,True,42,22.756305694580078,1.137815237045288,22.756305694580078,20.0,True,23.369897842407227,15.451763153076172,True,3.768772602081299,1.8836374282836914,True,3.56424880027771,1.9066479206085205,True,0.0,0.0,0.0,3.56424880027771,1.9066479206085205,True,none
bias_medium,0.0,0.0,42,0,True,41,20.781185150146484,1.0390592813491821,20.781185150146484,20.0,True,32.851112365722656,23.18102264404297,True,3.56424880027771,1.9066479206085205,True,3.371377944946289,1.7286947965621948,True,0.0,0.0,0.0,3.371377944946289,1.7286947965621948,True,none
bias_medium,0.0,0.0,42,0,True,40,17.457529067993164,0.8728764653205872,17.457529067993164,20.0,True,23.806987762451172,15.677181243896484,True,3.371377944946289,1.7286947965621948,True,3.4921698570251465,1.8380720615386963,True,0.0,0.0,0.0,3.4921698570251465,1.8380720615386963,True,none
bias_medium,0.0,0.0,42,0,True,39,15.884916305541992,0.7942458391189575,15.884916305541992,20.0,True,29.134599685668945,19.181434631347656,True,3.4921698570251465,1.8380720615386963,True,3.413952112197876,1.733283519744873,True,0.0,0.0,0.0,3.413952112197876,1.733283519744873,True,none
bias_medium,0.0,0.0,42,0,True,38,20.514541625976562,1.0257270336151123,20.514541625976562,20.0,True,32.11809539794922,21.808250427246094,True,3.413952112197876,1.733283519744873,True,3.35109806060791,1.604836106300354,True,0.0,0.0,0.0,3.35109806060791,1.604836106300354,True,none
bias_medium,0.0,0.0,42,0,True,37,13.917998313903809,0.6958999037742615,13.917998313903809,20.0,True,23.658018112182617,14.408679962158203,True,3.35109806060791,1.604836106300354,True,3.3949625492095947,1.6764037609100342,True,0.0,0.0,0.0,3.3949625492095947,1.6764037609100342,True,none
bias_medium,0.0,0.0,42,0,True,36,15.837987899780273,0.7918993830680847,15.837987899780273,20.0,True,25.960798263549805,18.881772994995117,True,3.3949625492095947,1.6764037609100342,True,3.379490375518799,1.6939889192581177,True,0.0,0.0,0.0,3.379490375518799,1.6939889192581177,True,none
bias_medium,0.0,0.0,42,0,True,35,18.576099395751953,0.9288049936294556,18.576099395751953,20.0,True,36.77450180053711,24.180532455444336,True,3.379490375518799,1.6939889192581177,True,3.2000186443328857,1.6101772785186768,True,0.0,0.0,0.0,3.2000186443328857,1.6101772785186768,True,none
bias_medium,0.0,0.0,42,0,True,34,19.397565841674805,0.9698783159255981,19.397565841674805,20.0,True,40.349063873291016,25.631942749023438,True,3.2000186443328857,1.6101772785186768,True,3.110612630844116,1.4257127046585083,True,0.0,0.0,0.0,3.110612630844116,1.4257127046585083,True,none
bias_medium,0.0,0.0,42,0,True,33,25.012943267822266,1.2506471872329712,25.012943267822266,20.0,True,52.95183181762695,32.748138427734375,True,3.110612630844116,1.4257127046585083,True,3.0299715995788574,1.3393197059631348,True,0.0,0.0,0.0,3.0299715995788574,1.3393197059631348,True,none
bias_medium,0.0,0.0,42,0,True,32,29.655155181884766,1.482757806777954,29.655155181884766,20.0,True,48.21798324584961,29.59021759033203,True,3.0299715995788574,1.3393197059631348,True,3.0462911128997803,1.2145719528198242,True,0.0,0.0,0.0,3.0462911128997803,1.2145719528198242,True,none
bias_medium,0.0,0.0,42,0,True,31,28.657861709594727,1.4328930377960205,28.657861709594727,20.0,True,55.26749038696289,36.09370422363281,True,3.0462911128997803,1.2145719528198242,True,2.819810152053833,1.1434557437896729,True,0.0,0.0,0.0,2.819810152053833,1.1434557437896729,True,none
bias_medium,0.0,0.0,42,0,True,30,23.171510696411133,1.1585755348205566,23.171510696411133,20.0,True,46.44263458251953,26.359691619873047,True,2.819810152053833,1.1434557437896729,True,2.8167097568511963,1.117645263671875,True,0.0,0.0,0.0,2.8167097568511963,1.117645263671875,True,none
bias_medium,0.0,0.0,42,0,True,29,27.36646842956543,1.3683234453201294,27.36646842956543,20.0,True,58.85030746459961,36.11991500854492,True,2.8167097568511963,1.117645263671875,True,2.8598556518554688,1.1628838777542114,True,0.0,0.0,0.0,2.8598556518554688,1.1628838777542114,True,none
bias_medium,0.0,0.0,42,0,True,28,29.095552444458008,1.4547775983810425,29.095552444458008,20.0,True,56.40156936645508,37.102638244628906,True,2.8598556518554688,1.1628838777542114,True,2.9639222621917725,1.2810207605361938,True,0.0,0.0,0.0,2.9639222621917725,1.2810207605361938,True,none
bias_medium,0.0,0.0,42,0,True,27,40.97295379638672,2.04864764213562,40.97295379638672,20.0,True,81.73851013183594,57.96564865112305,True,2.9639222621917725,1.2810207605361938,True,2.787205219268799,1.2903417348861694,True,0.0,0.0,0.0,2.787205219268799,1.2903417348861694,True,none
bias_medium,0.0,0.0,42,0,True,26,38.133087158203125,1.9066543579101562,38.133087158203125,20.0,True,83.64100646972656,58.43492889404297,True,2.787205219268799,1.2903417348861694,True,2.814655065536499,1.2750991582870483,True,0.0,0.0,0.0,2.814655065536499,1.2750991582870483,True,none
bias_medium,0.0,0.0,42,0,True,25,38.94560241699219,1.9472801685333252,38.94560241699219,20.0,True,77.18318176269531,46.103538513183594,True,2.814655065536499,1.2750991582870483,True,2.733597755432129,1.3531545400619507,True,0.0,0.0,0.0,2.733597755432129,1.3531545400619507,True,none
bias_medium,0.0,0.0,42,0,True,24,35.7542724609375,1.787713646888733,35.7542724609375,20.0,True,69.77323150634766,39.289085388183594,True,2.733597755432129,1.3531545400619507,True,2.6249282360076904,1.281376838684082,True,0.0,0.0,0.0,2.6249282360076904,1.281376838684082,True,none
bias_medium,0.0,0.0,42,0,True,23,32.42768859863281,1.6213843822479248,32.42768859863281,20.0,True,72.99772644042969,40.78093719482422,True,2.6249282360076904,1.281376838684082,True,2.6597390174865723,1.2645670175552368,True,0.0,0.0,0.0,2.6597390174865723,1.2645670175552368,True,none
bias_medium,0.0,0.0,42,0,True,22,33.256561279296875,1.6628280878067017,33.256561279296875,20.0,True,69.87268829345703,38.06085205078125,True,2.6597390174865723,1.2645670175552368,True,2.729456663131714,1.377190113067627,True,0.0,0.0,0.0,2.729456663131714,1.377190113067627,True,none
bias_medium,0.0,0.0,42,0,True,21,38.357967376708984,1.917898416519165,38.357967376708984,20.0,True,80.10812377929688,44.34947204589844,True,2.729456663131714,1.377190113067627,True,2.7098655700683594,1.3096171617507935,True,0.0,0.0,0.0,2.7098655700683594,1.3096171617507935,True,none
bias_medium,0.0,0.0,42,0,True,20,38.020408630371094,1.9010204076766968,38.020408630371094,20.0,True,98.72154235839844,60.581607818603516,True,2.7098655700683594,1.3096171617507935,True,2.690417766571045,1.337050437927246,True,0.0,0.0,0.0,2.690417766571045,1.337050437927246,True,none
bias_medium,0.0,0.0,42,0,True,19,49.96094512939453,2.498047351837158,49.96094512939453,20.0,True,112.20977020263672,64.55294036865234,True,2.690417766571045,1.337050437927246,True,2.5303752422332764,1.3002997636795044,True,0.0,0.0,0.0,2.5303752422332764,1.3002997636795044,True,none
bias_medium,0.0,0.0,42,0,True,18,56.0383186340332,2.8019158840179443,56.0383186340332,20.0,True,122.13829803466797,70.28010559082031,True,2.5303752422332764,1.3002997636795044,True,2.4839820861816406,1.2842185497283936,True,0.0,0.0,0.0,2.4839820861816406,1.2842185497283936,True,none
bias_medium,0.0,0.0,42,0,True,17,65.50176239013672,3.27508807182312,65.50176239013672,20.0,True,152.3549041748047,78.43666076660156,True,2.4839820861816406,1.2842185497283936,True,2.372687578201294,1.3636294603347778,True,0.0,0.0,0.0,2.372687578201294,1.3636294603347778,True,none
bias_medium,0.0,0.0,42,0,True,16,42.15230941772461,2.1076154708862305,42.15230941772461,20.0,True,111.41974639892578,56.990745544433594,True,2.372687578201294,1.3636294603347778,True,2.35815691947937,1.411277174949646,True,0.0,0.0,0.0,2.35815691947937,1.411277174949646,True,none
bias_medium,0.0,0.0,42,0,True,15,42.99726104736328,2.1498630046844482,42.99726104736328,20.0,True,106.78499603271484,62.70432662963867,True,2.35815691947937,1.411277174949646,True,2.2647743225097656,1.342972993850708,True,0.0,0.0,0.0,2.2647743225097656,1.342972993850708,True,none
bias_medium,0.0,0.0,42,0,True,14,41.236000061035156,2.061800003051758,41.236000061035156,20.0,True,115.84333038330078,61.463775634765625,True,2.2647743225097656,1.342972993850708,True,2.180093765258789,1.2567062377929688,True,0.0,0.0,0.0,2.180093765258789,1.2567062377929688,True,none
bias_medium,0.0,0.0,42,0,True,13,41.94987869262695,2.097493886947632,41.94987869262695,20.0,True,113.79884338378906,67.36355590820312,True,2.180093765258789,1.2567062377929688,True,2.175255060195923,1.2716187238693237,True,0.0,0.0,0.0,2.175255060195923,1.2716187238693237,True,none
bias_medium,0.0,0.0,42,0,True,12,43.393341064453125,2.1696670055389404,43.393341064453125,20.0,True,125.91206359863281,73.5906982421875,True,2.175255060195923,1.2716187238693237,True,2.1407761573791504,1.2684805393218994,True,0.0,0.0,0.0,2.1407761573791504,1.2684805393218994,True,none
bias_medium,0.0,0.0,42,0,True,11,41.667724609375,2.083386182785034,41.667724609375,20.0,True,133.5000457763672,71.14328002929688,True,2.1407761573791504,1.2684805393218994,True,2.152615785598755,1.358288049697876,True,0.0,0.0,0.0,2.152615785598755,1.358288049697876,True,none
bias_medium,0.0,0.0,42,0,True,10,37.970985412597656,1.8985493183135986,37.970985412597656,20.0,True,137.37020874023438,78.05189514160156,True,2.152615785598755,1.358288049697876,True,2.1001789569854736,1.358872652053833,True,0.0,0.0,0.0,2.1001789569854736,1.358872652053833,True,none
bias_medium,0.0,0.0,42,0,True,9,36.789608001708984,1.8394804000854492,36.789608001708984,20.0,True,136.614990234375,74.01634979248047,True,2.1001789569854736,1.358872652053833,True,2.1336545944213867,1.359398365020752,True,0.0,0.0,0.0,2.1336545944213867,1.359398365020752,True,none
bias_medium,0.0,0.0,42,0,True,8,34.87961959838867,1.7439810037612915,34.87961959838867,20.0,True,132.49745178222656,69.03612518310547,True,2.1336545944213867,1.359398365020752,True,2.1677799224853516,1.4138728380203247,True,0.0,0.0,0.0,2.1677799224853516,1.4138728380203247,True,none
bias_medium,0.0,0.0,42,0,True,7,45.751590728759766,2.2875795364379883,45.751590728759766,20.0,True,174.3022003173828,91.1708984375,True,2.1677799224853516,1.4138728380203247,True,2.079684019088745,1.3944611549377441,True,0.0,0.0,0.0,2.079684019088745,1.3944611549377441,True,none
bias_medium,0.0,0.0,42,0,True,6,35.23417282104492,1.7617086172103882,35.23417282104492,20.0,True,159.08815002441406,75.57151794433594,True,2.079684019088745,1.3944611549377441,True,2.0633327960968018,1.3938522338867188,True,0.0,0.0,0.0,2.0633327960968018,1.3938522338867188,True,none
bias_medium,0.0,0.0,42,0,True,5,46.005165100097656,2.300258159637451,46.005165100097656,20.0,True,212.14974975585938,96.73309326171875,True,2.0633327960968018,1.3938522338867188,True,2.030376434326172,1.3363560438156128,True,0.0,0.0,0.0,2.030376434326172,1.3363560438156128,True,none
bias_medium,0.0,0.0,42,0,True,4,51.34526443481445,2.567263126373291,51.34526443481445,20.0,True,242.90060424804688,103.88553619384766,True,2.030376434326172,1.3363560438156128,True,2.0010297298431396,1.3574802875518799,True,0.0,0.0,0.0,2.0010297298431396,1.3574802875518799,True,none
bias_medium,0.0,0.0,42,0,True,3,60.569766998291016,3.0284883975982666,60.569766998291016,20.0,True,301.30670166015625,124.13851928710938,True,2.0010297298431396,1.3574802875518799,True,2.001279592514038,1.3883459568023682,True,0.0,0.0,0.0,2.001279592514038,1.3883459568023682,True,none
bias_medium,0.0,0.0,42,0,True,2,66.53623962402344,3.3268120288848877,66.53623962402344,20.0,True,342.8489685058594,131.70611572265625,True,2.001279592514038,1.3883459568023682,True,2.0156166553497314,1.4166604280471802,True,0.0,0.0,0.0,2.0156166553497314,1.4166604280471802,True,none
bias_medium,0.0,0.0,42,0,True,1,81.03627014160156,4.05181360244751,81.03627014160156,20.0,True,422.2548522949219,154.20018005371094,True,2.0156166553497314,1.4166604280471802,True,1.9813107252120972,1.3842380046844482,True,0.0,0.0,0.0,1.9813107252120972,1.3842380046844482,True,none
bias_medium,0.0,0.0,42,0,True,0,89.38276672363281,4.469138145446777,89.38276672363281,20.0,True,475.43438720703125,166.77035522460938,True,1.9813107252120972,1.3842380046844482,True,1.974433183670044,1.3811466693878174,True,0.0,0.0,0.0,1.974433183670044,1.3811466693878174,True,none
bias_medium,0.3,0.3,42,0,False,99,9.744647026062012,0.48723235726356506,9.744647026062012,20.0,True,21.960376739501953,13.688262939453125,True,6.747877597808838,2.2667179107666016,True,6.631663799285889,2.3310489654541016,True,6.588112831115723,4.106479167938232,0.9934328745410994,7.867087364196777,4.615729331970215,True,none
bias_medium,0.3,0.3,42,0,False,98,39.80552291870117,1.9902760982513428,39.80552291870117,20.0,True,55.37167739868164,23.808868408203125,True,7.867087364196777,4.615729331970215,True,7.868205547332764,4.605905532836914,True,16.61150360107422,7.142660617828369,2.111218816176355,21.096343994140625,9.470344543457031,True,none
bias_medium,0.3,0.3,42,0,False,97,30125.3984375,1506.2698974609375,30125.3984375,20.0,True,14660.4287109375,7622.09033203125,True,21.096343994140625,9.470344543457031,True,20.52496910095215,9.32766056060791,True,4398.12890625,2286.627197265625,214.2818770940687,4389.24072265625,2286.134033203125,True,none
bias_medium,0.3,0.3,42,0,False,96,39366393856.0,1968319744.0,39366393856.0,20.0,True,27456608.0,9763177.0,True,4389.24072265625,2286.134033203125,True,4146.4150390625,2171.907958984375,True,8236982.0,2928953.25,1986.5309966323032,8234286.0,2926781.25,True,none
bias_medium,0.3,0.3,42,0,False,95,1.5334947084147098e+17,7667473327325184.0,1.5334947084147098e+17,20.0,True,44393963520.0,16788946944.0,True,8234286.0,2926781.25,True,7785130.0,2775877.5,True,13318189056.0,5036684288.0,1710.7214723453558,13311712256.0,5033908224.0,True,none
bias_medium,0.3,0.3,42,0,False,94,4.9851778221485375e+23,2.492588821002276e+22,4.9851778221485375e+23,20.0,True,90977792425984.0,32217141084160.0,True,13311712256.0,5033908224.0,True,12505842688.0,4750575104.0,True,27293338566656.0,9665142325248.0,2182.4469767915252,27283077201920.0,9661775347712.0,True,none
bias_medium,0.3,0.3,42,0,False,93,1.5043564623200444e+30,7.521782500494881e+28,1.5043564623200444e+30,20.0,True,1.4430633130039706e+17,4.93421992041513e+16,True,27283077201920.0,9661775347712.0,True,25802905223168.0,9155567943680.0,True,4.329190024911258e+16,1.4802660620238848e+16,1677.7917011547017,4.32723366730793e+16,1.4796195620716544e+16,True,none
bias_medium,0.3,0.3,42,0,False,92,4.742763870332493e+36,2.3713818955521653e+35,4.742763870332493e+36,20.0,True,inf,9.248966908330797e+19,True,4.32723366730793e+16,1.4796195620716544e+16,True,4.066133585952768e+16,1.3958887451394048e+16,True,inf,2.7746901604601692e+19,inf,inf,2.7736328700789e+19,True,none
bias_medium,0.3,0.3,42,0,False,91,,,,,False,,,False,inf,2.7736328700789e+19,True,inf,2.629466224858864e+19,True,,,,,,False,likelihood_loss
bias_medium,1.0,1.0,42,0,False,99,9.744647026062012,0.48723235726356506,9.744647026062012,20.0,True,21.960376739501953,13.688262939453125,True,6.747877597808838,2.2667179107666016,True,6.631663799285889,2.3310489654541016,True,21.960376739501953,13.688262939453125,3.3114430110077926,21.00634765625,12.231532096862793,True,none
bias_medium,1.0,1.0,42,0,False,98,800.1793212890625,40.00896453857422,800.1793212890625,20.0,True,351.80804443359375,183.1873779296875,True,21.00634765625,12.231532096862793,True,20.876323699951172,12.134349822998047,True,351.80804443359375,183.1873779296875,16.85201137374584,349.25042724609375,189.20181274414062,True,none
bias_medium,1.0,1.0,42,0,False,97,6656985.0,332849.25,6656985.0,20.0,True,179160.859375,66480.6953125,True,349.25042724609375,189.20181274414062,True,341.8392639160156,184.15771484375,True,179160.859375,66480.6953125,524.1084869028281,179084.484375,66296.5390625,True,none
bias_medium,1.0,1.0,42,0,False,96,49470062460928.0,2473503227904.0,49470062460928.0,20.0,True,974458496.0,449970560.0,True,179084.484375,66296.5390625,True,171356.890625,63394.90234375,True,974458496.0,449970560.0,5686.719060119501,974364096.0,449999520.0,True,none
bias_medium,1.0,1.0,42,0,False,95,1.322115550157669e+21,6.610577926710205e+19,1.322115550157669e+21,20.0,True,2953471328256.0,1127707312128.0,True,974364096.0,449999520.0,True,925784512.0,428677920.0,True,2953471328256.0,1127707312128.0,3190.2362698588763,2952620933120.0,1127278575616.0,True,none
bias_medium,1.0,1.0,42,0,False,94,2.721711129977885e+28,1.3608555649889425e+27,2.721711129977885e+28,20.0,True,2.082459990622208e+16,7240025297125376.0,True,2952620933120.0,1127278575616.0,True,2768900194304.0,1060471242752.0,True,2.082459990622208e+16,7240025297125376.0,7520.892211666235,2.0822156069830656e+16,7239419169865728.0,True,none
bias_medium,1.0,1.0,42,0,False,93,5.1937015738562055e+35,2.5968508364457043e+34,5.1937015738562055e+35,20.0,True,inf,2.3840642455346086e+19,True,2.0822156069830656e+16,7239419169865728.0,True,1.9846618673053696e+16,6934709493825536.0,True,inf,2.3840642455346086e+19,inf,inf,2.383653687892797e+19,True,none
bias_medium,1.0,1.0,42,0,False,92,,,,,False,,,False,inf,2.383653687892797e+19,True,inf,2.2990053663028806e+19,True,,,,,,False,likelihood_loss
bias_medium,3.0,3.0,42,0,False,99,9.744647026062012,0.48723235726356506,9.744647026062012,20.0,True,21.960376739501953,13.688262939453125,True,6.747877597808838,2.2667179107666016,True,6.631663799285889,2.3310489654541016,True,65.8811264038086,41.064788818359375,9.93432845779861,64.26033782958984,39.29174041748047,True,none
bias_medium,3.0,3.0,42,0,False,98,28000.0859375,1400.0042724609375,28000.0859375,20.0,True,7354.4423828125,4040.26220703125,True,64.26033782958984,39.29174041748047,True,63.6743049621582,38.79762268066406,True,22063.326171875,12120.787109375,346.50281907257477,22051.154296875,12113.9951171875,True,none
bias_medium,3.0,3.0,42,0,False,97,533797470208.0,26689873920.0,533797470208.0,20.0,True,70297760.0,30772374.0,True,22051.154296875,12113.9951171875,True,21091.869140625,11600.1552734375,True,210893280.0,92317120.0,9998.79520368344,210878864.0,92315088.0,True,none
bias_medium,3.0,3.0,42,0,False,96,1.4820890736057752e+20,7.410445587931202e+18,1.4820890736057752e+20,20.0,True,1619728531456.0,662364553216.0,True,210878864.0,92315088.0,True,197973680.0,87192416.0,True,4859185070080.0,1987093725184.0,24544.601434291668,4859014676480.0,1987034873856.0,True,none
bias_medium,3.0,3.0,42,0,False,95,3.161456007916113e+28,1.5807280629876376e+27,3.161456007916113e+28,20.0,True,1.487282213224448e+16,5226594557755392.0,True,4859014676480.0,1987034873856.0,True,4621108510720.0,1893319049216.0,True,4.461846961795891e+16,1.5679783136395264e+16,9655.360724478433,4.461443664366797e+16,1.5678279897841664e+16,True,none
bias_medium,3.0,3.0,42,0,False,94,5.996981177150104e+36,2.9984906281891333e+35,5.996981177150104e+36,20.0,True,inf,1.1150691015825188e+20,True,4.461443664366797e+16,1.5678279897841664e+16,True,4.184792794923008e+16,1.4842052986535936e+16,True,inf,3.3452073047475565e+20,inf,inf,3.345074307821061e+20,True,none
bias_medium,3.0,3.0,42,0,False,93,,,,,False,,,False,inf,3.345074307821061e+20,True,inf,3.1876808895626006e+20,True,,,,,,False,likelihood_loss
