metric,real_mean,gen_mean,real_std,gen_std,real_median,gen_median,real_q10,gen_q10,real_q90,gen_q90,mean_ratio_gen_over_real,std_ratio_gen_over_real
step_norm_all,0.267643,0.249814,0.181326,0.157498,0.264414,0.237174,0.018228,0.045575,0.504691,0.470209,0.933386,0.868592
avg_speed,0.267643,0.249814,0.165175,0.121513,0.257959,0.237497,0.047254,0.105256,0.487699,0.430145,0.933386,0.735661
total_length,5.085209,4.746464,3.138323,2.308743,4.901214,4.512440,0.897828,1.999862,9.266287,8.172758,0.933386,0.735661
endpoint_displacement,4.852273,3.938085,3.152350,2.426180,4.599544,3.460169,0.672422,1.164112,9.114501,7.635475,0.811596,0.769642
moving_ratio_global,0.898183,0.979030,0.252238,0.066960,1.000000,1.000000,0.473684,0.947368,1.000000,1.000000,1.090011,0.265464
propulsion_ratio,0.927280,0.795953,0.129429,0.208274,0.975040,0.885680,0.806641,0.462318,0.997064,0.983577,0.858375,1.609171
acc_rms,0.046971,0.065422,0.028177,0.023451,0.043216,0.061937,0.018778,0.038204,0.077469,0.095297,1.392829,0.832277
