metric,real_mean,gen_mean,real_std,gen_std,real_median,gen_median,real_q10,gen_q10,real_q90,gen_q90,mean_ratio_gen_over_real,std_ratio_gen_over_real
step_norm_all,0.267643,0.241924,0.181326,0.161198,0.264414,0.223881,0.018228,0.042747,0.504691,0.474460,0.903905,0.888995
avg_speed,0.267643,0.241924,0.165175,0.125994,0.257959,0.223526,0.047254,0.092700,0.487699,0.427628,0.903906,0.762794
total_length,5.085209,4.596549,3.138323,2.393894,4.901214,4.246989,0.897828,1.761295,9.266287,8.124936,0.903906,0.762794
endpoint_displacement,4.852273,3.828516,3.152350,2.526031,4.599544,3.357853,0.672422,0.905126,9.114501,7.623953,0.789015,0.801317
moving_ratio_global,0.898183,0.976049,0.252238,0.061671,1.000000,1.000000,0.473684,0.894737,1.000000,1.000000,1.086692,0.244494
propulsion_ratio,0.927280,0.790562,0.129429,0.211654,0.975040,0.880400,0.806641,0.442935,0.997064,0.984014,0.852560,1.635285
acc_rms,0.046971,0.066991,0.028177,0.024338,0.043216,0.062976,0.018778,0.038890,0.077469,0.099258,1.426239,0.863768
