metric,real_mean,gen_mean,real_std,gen_std,real_median,gen_median,real_q10,gen_q10,real_q90,gen_q90,mean_ratio_gen_over_real,std_ratio_gen_over_real
step_norm_all,0.241194,0.234151,0.189435,0.175514,0.233449,0.205104,0.006471,0.029434,0.496139,0.491197,0.970800,0.926511
avg_speed,0.241194,0.234151,0.175639,0.138982,0.230006,0.217985,0.008275,0.070401,0.478425,0.440263,0.970800,0.791295
total_length,4.582688,4.448874,3.337133,2.640658,4.370111,4.141706,0.157228,1.337615,9.090078,8.364999,0.970800,0.791295
endpoint_displacement,4.372882,3.727239,3.318358,2.705981,4.101030,3.071015,0.141720,0.759106,8.947489,7.922805,0.852353,0.815458
moving_ratio_global,0.897918,0.990954,0.288615,0.036250,1.000000,1.000000,0.473684,1.000000,1.000000,1.000000,1.103614,0.125598
propulsion_ratio,0.932410,0.783849,0.126672,0.208680,0.978716,0.855078,0.818072,0.455508,0.999063,0.980975,0.840671,1.647404
acc_rms,0.042321,0.069911,0.030154,0.026814,0.040234,0.067753,0.000295,0.037485,0.075341,0.105135,1.651939,0.889206
