metric,real_mean,gen_mean,real_std,gen_std,real_median,gen_median,real_q10,gen_q10,real_q90,gen_q90,mean_ratio_gen_over_real,std_ratio_gen_over_real
step_norm_all,0.297809,0.271897,0.169263,0.157032,0.295434,0.253557,0.060806,0.076117,0.515072,0.491454,0.912992,0.927743
avg_speed,0.297809,0.271897,0.149933,0.119237,0.288647,0.259366,0.103042,0.130877,0.496821,0.447194,0.912992,0.795269
total_length,5.658366,5.166043,2.848725,2.265502,5.484285,4.927958,1.957789,2.486670,9.439590,8.496694,0.912992,0.795269
endpoint_displacement,5.406358,4.202055,2.899876,2.557544,5.178068,3.769822,1.677124,1.229121,9.287703,8.000401,0.777243,0.881949
moving_ratio_global,0.898228,0.927118,0.201262,0.126146,1.000000,1.000000,0.526316,0.736842,1.000000,1.000000,1.032163,0.626774
propulsion_ratio,0.936432,0.771569,0.114091,0.233463,0.976247,0.872529,0.841869,0.374953,0.996548,0.986688,0.823945,2.046290
acc_rms,0.050731,0.068092,0.027135,0.021909,0.045872,0.064730,0.024890,0.042686,0.079625,0.096631,1.342217,0.807428
