metric,real_mean,gen_mean,real_std,gen_std,real_median,gen_median,real_q10,gen_q10,real_q90,gen_q90,mean_ratio_gen_over_real,std_ratio_gen_over_real
step_norm_all,0.241194,0.225592,0.189435,0.163658,0.233449,0.204278,0.006471,0.024901,0.496139,0.459928,0.935312,0.863926
avg_speed,0.241194,0.225592,0.175639,0.128424,0.230006,0.207950,0.008275,0.070960,0.478425,0.418323,0.935313,0.731180
total_length,4.582688,4.286246,3.337133,2.440047,4.370111,3.951045,0.157228,1.348236,9.090078,7.948131,0.935313,0.731181
endpoint_displacement,4.372882,3.609556,3.318358,2.505434,4.101030,3.049012,0.141720,0.737974,8.947489,7.453434,0.825441,0.755022
moving_ratio_global,0.897918,0.989309,0.288615,0.036100,1.000000,1.000000,0.473684,0.947368,1.000000,1.000000,1.101782,0.125080
propulsion_ratio,0.932410,0.797874,0.126672,0.204580,0.978716,0.884341,0.818072,0.460993,0.999063,0.983358,0.855712,1.615040
acc_rms,0.042321,0.064373,0.030154,0.024462,0.040234,0.060989,0.000295,0.034754,0.075341,0.094650,1.521077,0.811215
