metric,real_mean,gen_mean,real_std,gen_std,real_median,gen_median,real_q10,gen_q10,real_q90,gen_q90,mean_ratio_gen_over_real,std_ratio_gen_over_real
step_norm_all,0.297809,0.281675,0.169263,0.160169,0.295434,0.263458,0.060806,0.082305,0.515072,0.510446,0.945826,0.946274
avg_speed,0.297809,0.281675,0.149933,0.123014,0.288647,0.260182,0.103042,0.137852,0.496821,0.451462,0.945826,0.820460
total_length,5.658366,5.351830,2.848725,2.337264,5.484285,4.943460,1.957789,2.619188,9.439590,8.577787,0.945826,0.820460
endpoint_displacement,5.406358,4.467860,2.899876,2.667398,5.178068,4.062614,1.677124,1.347429,9.287703,8.215077,0.826408,0.919832
moving_ratio_global,0.898228,0.939042,0.201262,0.113717,1.000000,1.000000,0.526316,0.789474,1.000000,1.000000,1.045439,0.565021
propulsion_ratio,0.936432,0.791737,0.114091,0.222941,0.976247,0.881901,0.841869,0.435395,0.996548,0.989594,0.845482,1.954070
acc_rms,0.050731,0.068656,0.027135,0.021545,0.045872,0.065114,0.024890,0.042012,0.079625,0.098849,1.353333,0.794007
