metric,real_mean,gen_mean,real_std,gen_std,real_median,gen_median,real_q10,gen_q10,real_q90,gen_q90,mean_ratio_gen_over_real,std_ratio_gen_over_real
step_norm_all,0.267643,0.248526,0.181326,0.156314,0.264414,0.223358,0.018228,0.060969,0.504691,0.473998,0.928575,0.862061
avg_speed,0.267643,0.248526,0.165175,0.119631,0.257959,0.225110,0.047254,0.109289,0.487699,0.424806,0.928575,0.724271
total_length,5.085209,4.721999,3.138323,2.272998,4.901214,4.277086,0.897828,2.076488,9.266287,8.071322,0.928575,0.724271
endpoint_displacement,4.852273,3.894214,3.152350,2.484554,4.599544,3.394459,0.672422,1.067396,9.114501,7.535830,0.802554,0.788159
moving_ratio_global,0.898183,0.986739,0.252238,0.035921,1.000000,1.000000,0.473684,0.947368,1.000000,1.000000,1.098594,0.142411
propulsion_ratio,0.927280,0.779541,0.129429,0.216540,0.975040,0.861018,0.806641,0.450171,0.997064,0.983129,0.840675,1.673035
acc_rms,0.046971,0.071219,0.028177,0.023018,0.043216,0.067290,0.018778,0.045006,0.077469,0.101623,1.516248,0.816914
