metric,real_mean,gen_mean,real_std,gen_std,real_median,gen_median,real_q10,gen_q10,real_q90,gen_q90,mean_ratio_gen_over_real,std_ratio_gen_over_real
step_norm_all,0.297809,0.270634,0.169263,0.156684,0.295434,0.253795,0.060806,0.076766,0.515072,0.492735,0.908751,0.925687
avg_speed,0.297809,0.270634,0.149933,0.120150,0.288647,0.252540,0.103042,0.130344,0.496821,0.443249,0.908751,0.801362
total_length,5.658366,5.142045,2.848725,2.282859,5.484285,4.798250,1.957789,2.476537,9.439590,8.421738,0.908751,0.801362
endpoint_displacement,5.406358,4.253130,2.899876,2.569578,5.178068,3.829655,1.677124,1.203797,9.287703,8.006140,0.786690,0.886099
moving_ratio_global,0.898228,0.929071,0.201262,0.123215,1.000000,1.000000,0.526316,0.736842,1.000000,1.000000,1.034338,0.612211
propulsion_ratio,0.936432,0.782862,0.114091,0.223306,0.976247,0.872500,0.841869,0.443698,0.996548,0.985943,0.836005,1.957265
acc_rms,0.050731,0.071904,0.027135,0.022291,0.045872,0.068529,0.024890,0.044677,0.079625,0.102467,1.417355,0.821492
