metric,real_mean,gen_mean,real_std,gen_std,real_median,gen_median,real_q10,gen_q10,real_q90,gen_q90,mean_ratio_gen_over_real,std_ratio_gen_over_real
step_norm_all,0.267643,0.249396,0.181326,0.170421,0.264414,0.227621,0.018228,0.042129,0.504691,0.492843,0.931825,0.939862
avg_speed,0.267643,0.249396,0.165175,0.134088,0.257959,0.231296,0.047254,0.091999,0.487699,0.442708,0.931826,0.811792
total_length,5.085209,4.738529,3.138323,2.547667,4.901214,4.394630,0.897828,1.747973,9.266287,8.411457,0.931826,0.811792
endpoint_displacement,4.852273,4.004989,3.152350,2.667891,4.599544,3.462686,0.672422,0.918339,9.114501,8.038548,0.825384,0.846318
moving_ratio_global,0.898183,0.978413,0.252238,0.056683,1.000000,1.000000,0.473684,0.894737,1.000000,1.000000,1.089324,0.224722
propulsion_ratio,0.927280,0.801214,0.129429,0.202239,0.975040,0.884224,0.806641,0.479581,0.997064,0.985403,0.864048,1.562543
acc_rms,0.046971,0.067718,0.028177,0.025058,0.043216,0.064675,0.018778,0.037823,0.077469,0.100711,1.441713,0.889306
