method,seed,span_ratio,span_mode,ADE,FDE,RMSE,masked_ADE,masked_RMSE,off_map_ratio,wall_crossing_count
linear_interp,0,0.2,random,0.0017366748070344329,0.0,0.004114554729312658,0.008683373220264912,0.009200424887239933,0.0,0
savgol_w5_p2,0,0.2,random,0.002519299043342471,0.0006980180623941123,0.00416909484192729,0.008381183259189129,0.00896652601659298,2.772156460510631e-06,0
kalman_cv_dt1.0_q1e-3_r1e-2,0,0.2,random,0.009317202493548393,0.006371811032295227,0.014760549180209637,0.02784496173262596,0.031237870454788208,4.989881628919136e-05,0
linear_interp,1,0.2,random,0.001711961580440402,0.0,0.004084345418959856,0.008559809997677803,0.009132873266935349,0.0,0
savgol_w5_p2,1,0.2,random,0.002497964771464467,0.0006987095111981034,0.004140626173466444,0.008259910158813,0.008896267041563988,2.772156460510631e-06,0
kalman_cv_dt1.0_q1e-3_r1e-2,1,0.2,random,0.00927954912185669,0.006385208107531071,0.01465800404548645,0.027600625529885292,0.030987052246928215,4.43545033681701e-05,0
