metric,real_mean,gen_mean,real_std,gen_std,real_median,gen_median,real_q10,gen_q10,real_q90,gen_q90,mean_ratio_gen_over_real,std_ratio_gen_over_real
step_norm_all,0.267643,0.252899,0.181326,0.165353,0.264414,0.235066,0.018228,0.045041,0.504691,0.486325,0.944911,0.911912
avg_speed,0.267643,0.252899,0.165175,0.128209,0.257959,0.238275,0.047254,0.100434,0.487699,0.437204,0.944912,0.776200
total_length,5.085209,4.805073,3.138323,2.435965,4.901214,4.527225,0.897828,1.908247,9.266287,8.306878,0.944911,0.776200
endpoint_displacement,4.852273,4.003955,3.152350,2.595890,4.599544,3.575018,0.672422,1.083985,9.114501,7.928267,0.825171,0.823478
moving_ratio_global,0.898183,0.978104,0.252238,0.065144,1.000000,1.000000,0.473684,0.947368,1.000000,1.000000,1.088981,0.258266
propulsion_ratio,0.927280,0.789299,0.129429,0.218212,0.975040,0.878427,0.806641,0.415754,0.997064,0.985131,0.851199,1.685951
acc_rms,0.046971,0.068820,0.028177,0.024486,0.043216,0.064906,0.018778,0.039841,0.077469,0.100681,1.465181,0.869005
