metric,real_mean,gen_mean,real_std,gen_std,real_median,gen_median,real_q10,gen_q10,real_q90,gen_q90,mean_ratio_gen_over_real,std_ratio_gen_over_real
step_norm_all,0.328220,0.291906,0.156690,0.148665,0.327603,0.282285,0.122032,0.101119,0.524123,0.495680,0.889363,0.948788
avg_speed,0.328220,0.291906,0.135084,0.108746,0.318897,0.281808,0.155074,0.159038,0.508050,0.446457,0.889363,0.805025
total_length,6.236176,5.546223,2.566587,2.066167,6.059034,5.354344,2.946410,3.021725,9.652952,8.482685,0.889363,0.805025
endpoint_displacement,5.980539,4.499432,2.635707,2.475589,5.753386,4.257611,2.668038,1.348488,9.500957,8.035681,0.752345,0.939250
moving_ratio_global,0.898887,0.859169,0.177121,0.188854,1.000000,0.947368,0.578947,0.578947,1.000000,1.000000,0.955815,1.066245
propulsion_ratio,0.947851,0.774447,0.095055,0.238756,0.979110,0.880631,0.874903,0.359775,0.996812,0.986819,0.817056,2.511774
acc_rms,0.051887,0.076928,0.027227,0.024966,0.047283,0.072622,0.025461,0.047892,0.081313,0.110974,1.482604,0.916951
